imu_ax,imu_ay,imu_az,imu_gx,imu_gy,imu_gz,baro_pressure_hPa,baro_temperature_C,baro_altitude_m,baro_climbRate_mps,gps_latE7,gps_lonE7,gps_altitude_m,gps_speed_mps,gps_heading_deg,gps_sats,gps_fix,roll_deg,filterRoll_deg,pitch_deg,yaw_deg,veltotal_cmps,velimu_cmps,servoDeg1_deg,servoDeg2_deg,baroTimeMs,gpsTimeMs,aTimeMs,aRxTimeMs,state,timeMs,stateStr
0.0,0.0,0.0,0.0,0.0,0.0,996.999755859375,21.860000610351562,-0.24926112592220306,0.0,0,0,0.0,0.0,0.0,0,0,0.0,0.0,0.0,0.0,0.0,0.0,80.5,78.5,4579,4579,2271,4579,0,4579,STANDBY
-0.6399999856948853,-1.6100000143051147,10.020000457763672,0.0,0.0,0.0,996.9572143554688,21.84000015258789,-0.009775709360837936,0.0,0,0,0.0,0.0,0.0,0,0,9.155552834272385e-05,0.0,0.0002441480755805969,-0.003021332435309887,35.0,36.0,80.5,78.5,4679,4679,4663,4669,0,4679,STANDBY
-0.6600000262260437,-1.5700000524520874,10.020000457763672,0.0,0.0,0.0,996.968017578125,21.84000015258789,0.027938246726989746,0.8315982222557068,0,0,0.0,0.0,0.0,0,0,9.155552834272385e-05,0.0,0.0002136295661330223,-0.003021332435309887,38.0,39.0,80.5,78.5,4779,4779,4771,4777,0,4779,STANDBY
-0.6700000166893005,-1.590000033378601,10.020000457763672,0.0,0.0,0.0,996.9539184570312,21.84000015258789,0.11333310604095459,0.7925907969474792,0,0,0.0,0.0,0.0,0,0,9.155552834272385e-05,0.0,0.0002136295661330223,-0.003021332435309887,42.0,42.0,80.5,78.5,4879,4879,4862,4869,0,4879,STANDBY
-0.6499999761581421,-1.3799999952316284,10.020000457763672,0.0,0.0,0.0,996.9779052734375,21.8700008392334,-0.050166644155979156,-0.1901107281446457,0,0,0.0,0.0,0.0,0,0,9.155552834272385e-05,0.0,0.0002136295661330223,-0.003021332435309887,45.0,45.0,80.5,78.5,4979,4979,4971,4977,0,4979,STANDBY
-0.6499999761581421,-1.4600000381469727,10.029999732971191,0.0,0.0,0.0,996.9834594726562,21.8700008392334,-0.11412140727043152,-0.9537436962127686,0,0,0.0,0.0,0.0,0,0,9.155552834272385e-05,0.0,0.0002136295661330223,-0.003021332435309887,47.0,48.0,80.5,78.5,5079,5079,5062,5068,0,5079,STANDBY
-0.6600000262260437,-1.590000033378601,10.020000457763672,0.0,0.0,0.0,996.9834594726562,21.8700008392334,-0.14378052949905396,-0.6145308613777161,0,0,0.0,0.0,0.0,0,0,9.155552834272385e-05,0.0,0.0002136295661330223,-0.003021332435309887,50.0,51.0,80.5,78.5,5179,5179,5171,5177,0,5179,STANDBY
-0.6800000071525574,-1.6100000143051147,10.020000457763672,0.0,0.0,0.0,996.9776000976562,21.8799991607666,-0.087808758020401,-0.02538304030895233,0,0,0.0,0.0,0.0,0,0,9.155552834272385e-05,0.0,0.0002136295661330223,-0.003021332435309887,53.0,53.0,80.5,78.5,5279,5279,5262,5268,0,5279,STANDBY
-0.6399999856948853,-1.6699999570846558,10.039999961853027,0.0,0.0,0.0,996.981689453125,21.8799991607666,-0.10289356112480164,0.2047826051712036,0,0,0.0,0.0,0.0,0,0,9.155552834272385e-05,0.0,0.0002136295661330223,-0.003021332435309887,56.0,56.0,80.5,78.5,5379,5379,5370,5378,0,5379,STANDBY
-0.6299999952316284,-1.6299999952316284,10.020000457763672,0.0,0.0,0.0,996.981689453125,21.8799991607666,-0.10209247469902039,0.005138333886861801,0,0,0.0,0.0,0.0,0,0,9.155552834272385e-05,0.0,0.0002136295661330223,-0.003021332435309887,59.0,59.0,80.5,78.5,5479,5479,5462,5468,0,5479,STANDBY
-0.5899999737739563,-1.600000023841858,10.029999732971191,0.0,0.0,0.0,996.9716186523438,21.8799991607666,-0.05880288407206535,0.12880830466747284,0,0,0.0,0.0,0.0,0,0,9.155552834272385e-05,0.0,0.0002136295661330223,-0.003021332435309887,62.0,62.0,80.5,78.5,5579,5579,5570,5577,0,5579,STANDBY
-0.550000011920929,-1.5700000524520874,10.020000457763672,0.0,0.0,0.0,996.9593505859375,21.8700008392334,-0.0043388716876506805,0.29655101895332336,0,0,0.0,0.0,0.0,0,0,9.155552834272385e-05,0.0,0.0002136295661330223,-0.003021332435309887,64.0,65.0,80.5,78.5,5679,5679,5661,5668,0,5679,STANDBY
-0.699999988079071,-1.6399999856948853,10.029999732971191,0.0,0.0,0.0,996.9552612304688,21.8700008392334,0.12100617587566376,0.8607257604598999,0,0,0.0,0.0,0.0,0,0,9.155552834272385e-05,0.0,0.0002136295661330223,-0.003021332435309887,68.0,68.0,80.5,78.5,5779,5779,5771,5777,0,5779,STANDBY
-0.6200000047683716,-1.559999942779541,10.029999732971191,0.0,0.0,0.0,996.962646484375,21.8700008392334,0.08126907050609589,0.6647175550460815,0,0,0.0,0.0,0.0,0,0,9.155552834272385e-05,0.0,0.0002136295661330223,-0.003021332435309887,71.0,71.0,80.5,78.5,5879,5879,5861,5868,0,5879,STANDBY
-0.7400000095367432,-1.5499999523162842,10.010000228881836,0.0,0.0,0.0,996.9720458984375,21.889999389648438,-0.00010849349200725555,-0.36670494079589844,0,0,0.0,0.0,0.0,0,0,9.155552834272385e-05,0.0,0.0002136295661330223,-0.003021332435309887,74.0,75.0,80.5,78.5,5979,5979,5970,5977,0,5979,STANDBY
-0.5899999737739563,-1.559999942779541,10.050000190734863,0.0,0.0,0.0,996.958740234375,21.889999389648438,0.06309822201728821,-0.2111469805240631,0,0,0.0,0.0,0.0,0,0,9.155552834272385e-05,0.0,0.0002136295661330223,-0.003021332435309887,76.0,77.0,80.5,78.5,6079,6079,6061,6068,0,6079,STANDBY
-0.7300000190734863,-1.4299999475479126,11.729999542236328,0.0,0.0,-28.0,996.9579467773438,21.889999389648438,0.09353409707546234,0.3178744912147522,0,0,0.0,0.0,0.0,0,0,9.155552834272385e-05,1.850000023841858,0.0001831110566854477,-0.003021332435309887,90.0,93.0,62.5,60.5,6179,6179,6170,6176,0,6179,STANDBY
-0.6200000047683716,-1.3600000143051147,11.210000038146973,0.0,0.0,-48.20000076293945,996.9653930664062,21.889999389648438,0.06493927538394928,0.25293833017349243,0,0,0.0,0.0,0.0,0,0,6.103701889514923e-05,5.25,0.0001831110566854477,-0.0030518509447574615,107.0,110.0,62.5,60.5,6230,6279,6260,6267,0,6279,STANDBY
-0.800000011920929,-1.2699999809265137,9.789999961853027,0.0,0.0,-63.5,996.9653930664062,21.889999389648438,0.018005602061748505,-0.22516141831874847,0,0,0.0,0.0,0.0,0,0,6.103701889514923e-05,11.880000114440918,0.0001831110566854477,-0.0030518509447574615,113.0,113.0,62.5,60.5,6345,6379,6370,6376,0,6379,STANDBY
0.3799999952316284,-1.2899999618530273,9.140000343322754,0.0,0.0,-65.5999984741211,996.96875,21.889999389648438,0.022353701293468475,-0.2212320864200592,0,0,0.0,0.0,0.0,0,0,6.103701889514923e-05,17.760000228881836,0.00015259254723787308,-0.0030518509447574615,107.0,106.0,62.5,60.5,6445,6479,6460,6467,0,6479,STANDBY
0.029999999329447746,-1.5,9.399999618530273,0.0,0.0,-44.099998474121094,996.9620361328125,21.889999389648438,0.024947863072156906,-0.03416386991739273,0,0,0.0,0.0,0.0,0,0,3.0518509447574615e-05,23.84000015258789,0.00015259254723787308,-0.0030518509447574615,103.0,103.0,62.5,60.5,6549,6579,6569,6577,0,6579,STANDBY
0.20000000298023224,-1.75,9.180000305175781,0.0,0.0,-18.200000762939453,996.94384765625,21.889999389648438,0.1399320662021637,0.3422500491142273,0,0,0.0,0.0,0.0,0,0,0.0,26.350000381469727,0.0001831110566854477,-0.0030518509447574615,99.0,98.0,62.5,60.5,6653,6679,6661,6668,0,6679,STANDBY
0.2199999988079071,-1.909999966621399,9.430000305175781,0.0,0.0,0.0,996.9296875,21.8799991607666,0.27696123719215393,1.066551685333252,0,0,0.0,0.0,0.0,0,0,0.0,27.06999969482422,0.0001831110566854477,-0.0030518509447574615,96.0,95.0,98.5,96.5,6753,6779,6770,6776,0,6779,STANDBY
0.3400000035762787,-1.9700000286102295,9.65999984741211,0.0,0.0,0.0,996.93896484375,21.8799991607666,0.270222008228302,0.8518356084823608,0,0,0.0,0.0,0.0,0,0,-3.0518509447574615e-05,27.06999969482422,0.0001831110566854477,-0.0030518509447574615,96.0,96.0,98.5,96.5,6853,6879,6861,6867,0,6879,STANDBY
0.4300000071525574,-1.9800000190734863,10.029999732971191,0.0,0.0,0.0,996.9435424804688,21.899999618530273,0.29127785563468933,0.38498008251190186,0,0,0.0,0.0,0.0,0,0,-3.0518509447574615e-05,27.06999969482422,0.0002136295661330223,-0.0030518509447574615,98.0,99.0,98.5,96.5,6953,6979,6971,6977,0,6979,STANDBY
0.2800000011920929,-1.840000033378601,9.880000114440918,0.0,0.0,0.0,996.9684448242188,21.899999618530273,0.07140786945819855,-0.707050085067749,0,0,0.0,0.0,0.0,0,0,-3.0518509447574615e-05,27.06999969482422,0.0002136295661330223,-0.0030518509447574615,100.0,101.0,98.5,96.5,7053,7079,7061,7068,0,7079,STANDBY
0.3100000023841858,-1.6399999856948853,9.710000038146973,0.0,0.0,0.0,996.9568481445312,21.899999618530273,0.08357812464237213,-1.1263424158096313,0,0,0.0,0.0,0.0,0,0,-3.0518509447574615e-05,27.06999969482422,0.0002136295661330223,-0.0030518509447574615,100.0,100.0,98.5,96.5,7153,7179,7171,7177,0,7179,STANDBY
0.2199999988079071,-1.4199999570846558,9.859999656677246,0.0,0.0,0.0,996.9802856445312,21.899999618530273,0.02042331174015999,-0.3160400390625,0,0,0.0,0.0,0.0,0,0,-3.0518509447574615e-05,27.06999969482422,0.0002136295661330223,-0.0030518509447574615,100.0,100.0,98.5,96.5,7254,7279,7262,7268,0,7279,STANDBY
-0.25999999046325684,-1.350000023841858,10.079999923706055,0.0,0.0,0.0,996.9810180664062,21.899999618530273,-0.08968771994113922,-0.7281738519668579,0,0,0.0,0.0,0.0,0,0,-3.0518509447574615e-05,27.06999969482422,0.0001831110566854477,-0.0030518509447574615,102.0,103.0,98.5,96.5,7354,7379,7370,7377,0,7379,STANDBY
-0.25,-1.3600000143051147,9.75,0.0,0.0,0.0,996.9520263671875,21.889999389648438,0.07173452526330948,-0.1750323474407196,0,0,0.0,0.0,0.0,0,0,0.0,27.06999969482422,0.0001831110566854477,-0.0030518509447574615,103.0,103.0,98.5,96.5,7454,7479,7461,7469,0,7479,STANDBY
-0.20999999344348907,-1.3700000047683716,9.989999771118164,0.0,0.0,0.0,996.9710083007812,21.899999618530273,0.03966007009148598,0.5831046104431152,0,0,0.0,0.0,0.0,0,0,0.0,27.06999969482422,0.0001831110566854477,-0.0030518509447574615,104.0,105.0,98.5,96.5,7554,7579,7571,7577,0,7579,STANDBY
-0.33000001311302185,-1.559999942779541,10.050000190734863,0.0,0.0,0.0,996.984375,21.899999618530273,-0.044164374470710754,-0.16741546988487244,0,0,0.0,0.0,0.0,0,0,0.0,27.06999969482422,0.0001831110566854477,-0.0030518509447574615,107.0,107.0,98.5,96.5,7654,7680,7662,7669,0,7680,STANDBY
-0.18000000715255737,-1.4600000381469727,10.029999732971191,0.0,0.0,0.0,996.9356079101562,21.8799991607666,0.20676496624946594,0.48220330476760864,0,0,0.0,0.0,0.0,0,0,3.0518509447574615e-05,27.06999969482422,0.0001831110566854477,-0.0030518509447574615,110.0,110.0,98.5,96.5,7754,7780,7772,7778,0,7780,STANDBY
-0.1599999964237213,-1.6299999952316284,10.130000114440918,0.0,0.0,0.0,996.932373046875,21.8799991607666,0.307845801115036,1.4359148740768433,0,0,0.0,0.0,0.0,0,0,3.0518509447574615e-05,27.06999969482422,0.0001831110566854477,-0.0030518509447574615,113.0,114.0,98.5,96.5,7854,7880,7863,7869,0,7880,STANDBY
-0.15000000596046448,-1.75,10.0600004196167,0.0,0.0,0.0,996.9266967773438,21.899999618530273,0.34952133893966675,0.9320708513259888,0,0,0.0,0.0,0.0,0,0,3.0518509447574615e-05,27.06999969482422,0.0001831110566854477,-0.0030518509447574615,118.0,119.0,98.5,96.5,7954,7980,7972,7979,0,7980,STANDBY
-0.05000000074505806,-1.9199999570846558,9.989999771118164,0.0,0.0,0.0,996.9525146484375,21.899999618530273,0.17338407039642334,-0.3690965175628662,0,0,0.0,0.0,0.0,0,0,3.0518509447574615e-05,27.06999969482422,0.0001831110566854477,-0.0030518509447574615,121.0,122.0,98.5,96.5,8054,8080,8064,8070,0,8080,STANDBY
-0.10999999940395355,-2.25,10.050000190734863,0.0,0.0,19.799999237060547,996.9640502929688,21.90999984741211,0.07652396708726883,-1.1528700590133667,0,0,0.0,0.0,0.0,0,0,3.0518509447574615e-05,26.690000534057617,0.0002136295661330223,-0.0030518509447574615,124.0,125.0,98.5,96.5,8154,8180,8173,8179,0,8180,STANDBY
-0.009999999776482582,-2.700000047683716,10.140000343322754,0.0,0.0,115.69999694824219,996.9573364257812,21.90999984741211,0.08818428218364716,-0.6063275337219238,0,0,0.0,0.0,0.0,0,0,3.0518509447574615e-05,20.489999771118164,0.0002441480755805969,-0.003021332435309887,128.0,129.0,98.5,96.5,8254,8280,8263,8270,0,8280,STANDBY
-1.3200000524520874,-1.3799999952316284,10.569999694824219,0.0,0.0,237.6999969482422,996.966552734375,21.899999618530273,0.07033846527338028,-0.10159832239151001,0,0,0.0,0.0,0.0,0,0,9.155552834272385e-05,-2.549999952316284,0.0002441480755805969,-0.0028992583975195885,133.0,134.0,98.5,96.5,8354,8380,8373,8380,0,8380,STANDBY
-0.47999998927116394,-1.8700000047683716,10.420000076293945,0.0,0.0,120.69999694824219,996.9732666015625,21.90999984741211,-0.011889932677149773,-0.3815107047557831,0,0,0.0,0.0,0.0,0,0,0.00012207403779029846,-17.90999984741211,0.0002441480755805969,-0.0028077028691768646,139.0,140.0,98.5,96.5,8454,8480,8464,8471,0,8480,STANDBY
-0.38999998569488525,-1.7100000381469727,9.550000190734863,0.0,0.0,46.70000076293945,996.95654296875,21.90999984741211,0.041148073971271515,-0.34831491112709045,0,0,0.0,0.0,0.0,0,0,0.00012207403779029846,-25.40999984741211,0.0002441480755805969,-0.0028382213786244392,139.0,139.0,98.5,96.5,8554,8587,8573,8587,0,8587,STANDBY
-0.41999998688697815,-1.4700000286102295,9.550000190734863,0.0,0.0,23.600000381469727,996.97998046875,21.90999984741211,0.004405319690704346,0.11193417757749557,0,0,0.0,0.0,0.0,0,0,0.00012207403779029846,-27.84000015258789,0.0002441480755805969,-0.002868739888072014,136.0,136.0,98.5,96.5,8655,8687,8665,8672,0,8687,STANDBY
-0.4300000071525574,-1.0800000429153442,9.960000038146973,0.0,0.0,24.299999237060547,996.9445190429688,21.889999389648438,0.19510804116725922,0.7420187592506409,0,0,0.0,0.0,0.0,0,0,0.00012207403779029846,-29.989999771118164,0.0002441480755805969,-0.0028992583975195885,137.0,137.0,62.5,60.5,8755,8787,8775,8781,0,8787,STANDBY
-0.25999999046325684,-1.5499999523162842,10.119999885559082,0.0,0.0,50.400001525878906,996.9285888671875,21.889999389648438,0.2615724802017212,0.9476578235626221,0,0,0.0,0.0,0.0,0,0,9.155552834272385e-05,-33.40999984741211,0.0002441480755805969,-0.0028992583975195885,139.0,139.0,62.5,60.5,8855,8887,8865,8872,0,8887,STANDBY
-0.009999999776482582,-1.149999976158142,10.050000190734863,0.0,0.0,0.0,996.9406127929688,21.90999984741211,0.2914541959762573,0.6480807662010193,0,0,0.0,0.0,0.0,0,0,6.103701889514923e-05,-36.93000030517578,0.0002136295661330223,-0.0028992583975195885,141.0,141.0,62.5,60.5,8955,8987,8975,8982,0,8987,STANDBY
-0.20000000298023224,-1.100000023841858,9.789999961853027,0.0,0.0,0.0,996.962158203125,21.90999984741211,0.12249667197465897,-0.27693068981170654,0,0,0.0,0.0,0.0,0,0,6.103701889514923e-05,-36.93000030517578,0.0002136295661330223,-0.002929776906967163,140.0,140.0,62.5,60.5,9055,9088,9066,9072,0,9088,STANDBY
-0.3799999952316284,-1.0099999904632568,10.199999809265137,0.0,0.0,0.0,996.9637451171875,21.920000076293945,0.04836853966116905,-1.1399908065795898,0,0,0.0,0.0,0.0,0,0,6.103701889514923e-05,-36.93000030517578,0.0001831110566854477,-0.0029602954164147377,142.0,143.0,62.5,60.5,9155,9188,9176,9182,0,9188,STANDBY
-0.3799999952316284,-1.2000000476837158,10.210000038146973,0.0,0.0,0.0,996.9703979492188,21.920000076293945,0.005653259810060263,-0.7378827929496765,0,0,0.0,0.0,0.0,0,0,6.103701889514923e-05,-36.93000030517578,0.0001831110566854477,-0.0029602954164147377,145.0,146.0,62.5,60.5,9255,9288,9267,9273,0,9288,STANDBY
-0.38999998569488525,-1.2200000286102295,10.029999732971191,0.0,0.0,0.0,996.9554443359375,21.90999984741211,0.09282614290714264,0.03104497492313385,0,0,0.0,0.0,0.0,0,0,3.0518509447574615e-05,-36.93000030517578,0.0001831110566854477,-0.0029908139258623123,148.0,149.0,62.5,60.5,9355,9388,9375,9382,0,9388,STANDBY
-0.3499999940395355,-1.100000023841858,10.029999732971191,0.0,0.0,0.0,996.9689331054688,21.920000076293945,0.002660230966284871,-0.03406165912747383,0,0,0.0,0.0,0.0,0,0,3.0518509447574615e-05,-36.93000030517578,0.0001831110566854477,-0.0029908139258623123,150.0,150.0,62.5,60.5,9459,9488,9466,9473,0,9488,STANDBY
-0.4099999964237213,-1.0399999618530273,10.079999923706055,0.0,0.0,0.0,996.97216796875,21.90999984741211,0.018032414838671684,-0.21189531683921814,0,0,0.0,0.0,0.0,0,0,6.103701889514923e-05,-36.93000030517578,0.00015259254723787308,-0.0029908139258623123,153.0,153.0,62.5,60.5,9559,9590,9575,9590,0,9590,STANDBY
-0.3700000047683716,-1.1100000143051147,9.989999771118164,0.0,0.0,0.0,996.9498291015625,21.90999984741211,0.09519011527299881,0.25524377822875977,0,0,0.0,0.0,0.0,0,0,6.103701889514923e-05,-36.93000030517578,0.00015259254723787308,-0.0029908139258623123,154.0,155.0,62.5,60.5,9661,9690,9666,9672,0,9690,STANDBY
-0.33000001311302185,-1.149999976158142,10.039999961853027,0.0,0.0,0.0,996.9266967773438,21.899999618530273,0.29874706268310547,1.0615493059158325,0,0,0.0,0.0,0.0,0,0,3.0518509447574615e-05,-36.93000030517578,0.00015259254723787308,-0.0029908139258623123,157.0,157.0,62.5,60.5,9761,9790,9776,9782,0,9790,STANDBY
-0.3100000023841858,-1.2400000095367432,10.09000015258789,0.0,0.0,0.0,996.9342041015625,21.899999618530273,0.3609597980976105,1.4854682683944702,0,0,0.0,0.0,0.0,0,0,3.0518509447574615e-05,-36.93000030517578,0.00015259254723787308,-0.003021332435309887,160.0,160.0,62.5,60.5,9861,9890,9866,9873,0,9890,STANDBY
-0.28999999165534973,-1.190000057220459,10.010000228881836,0.0,0.0,0.0,996.9562377929688,21.920000076293945,0.20611801743507385,0.07074365019798279,0,0,0.0,0.0,0.0,0,0,3.0518509447574615e-05,-36.93000030517578,0.00015259254723787308,-0.0029908139258623123,163.0,163.0,62.5,60.5,9961,9990,9975,9981,0,9990,STANDBY
-0.3199999928474426,-1.149999976158142,10.0600004196167,0.0,0.0,0.0,996.9752197265625,21.920000076293945,0.043024152517318726,-1.2773879766464233,0,0,0.0,0.0,0.0,0,0,3.0518509447574615e-05,-36.93000030517578,0.00015259254723787308,-0.0029908139258623123,165.0,165.0,62.5,60.5,10062,10090,10066,10073,0,10090,STANDBY
-0.46000000834465027,-1.1699999570846558,10.09000015258789,0.0,0.0,0.0,996.967041015625,21.920000076293945,0.012710954062640667,-1.1622804403305054,0,0,0.0,0.0,0.0,0,0,3.0518509447574615e-05,-36.93000030517578,0.00015259254723787308,-0.003021332435309887,167.0,167.0,62.5,60.5,10162,10190,10176,10182,0,10190,STANDBY
-0.33000001311302185,-1.1299999952316284,10.15999984741211,0.0,0.0,0.0,996.9637451171875,21.920000076293945,0.004287639632821083,-0.5539898872375488,0,0,0.0,0.0,0.0,0,0,3.0518509447574615e-05,-36.93000030517578,0.00015259254723787308,-0.003021332435309887,169.0,170.0,62.5,60.5,10262,10290,10267,10273,0,10290,STANDBY
-0.3700000047683716,-1.3899999856948853,9.710000038146973,0.0,0.0,-20.700000762939453,996.9603271484375,21.920000076293945,0.06841541826725006,0.1432408094406128,0,0,0.0,0.0,0.0,0,0,3.0518509447574615e-05,-36.20000076293945,0.00015259254723787308,-0.003021332435309887,171.0,171.0,62.5,60.5,10362,10390,10377,10383,0,10390,STANDBY
0.10000000149011612,-1.190000057220459,9.65999984741211,0.0,0.0,0.0,996.9703979492188,21.920000076293945,0.04505719989538193,0.3415336310863495,0,0,0.0,0.0,0.0,0,0,3.0518509447574615e-05,-36.20000076293945,0.00015259254723787308,-0.003021332435309887,169.0,169.0,62.5,60.5,10462,10490,10468,10474,0,10490,STANDBY
-0.10000000149011612,-0.9700000286102295,9.539999961853027,0.0,0.0,-18.5,996.9678344726562,21.920000076293945,0.028902694582939148,-0.07786431908607483,0,0,0.0,0.0,0.0,0,0,0.0,-35.040000915527344,0.00015259254723787308,-0.003021332435309887,167.0,166.0,62.5,60.5,10562,10590,10577,10589,0,10590,STANDBY
-0.20999999344348907,-1.7100000381469727,10.600000381469727,0.0,0.0,25.100000381469727,996.9595336914062,21.920000076293945,0.04412476718425751,-0.15483570098876953,0,0,0.0,0.0,0.0,0,0,0.0,-35.79999923706055,0.00015259254723787308,-0.003021332435309887,170.0,172.0,62.5,60.5,10662,10690,10669,10675,0,10690,STANDBY
-0.10999999940395355,-2.119999885559082,10.039999961853027,0.0,0.0,53.29999923706055,996.943115234375,21.90999984741211,0.20964889228343964,0.6986104249954224,0,0,0.0,0.0,0.0,0,0,0.0,-40.630001068115234,0.0001831110566854477,-0.0029908139258623123,177.0,178.0,62.5,60.5,10762,10790,10778,10784,0,10790,STANDBY
-0.14000000059604645,-2.5299999713897705,9.529999732971191,0.0,0.0,39.0,996.9298706054688,21.90999984741211,0.3166411519050598,1.2942622900009155,0,0,0.0,0.0,0.0,0,0,0.0,-44.65999984741211,0.0002136295661330223,-0.0029602954164147377,178.0,178.0,62.5,60.5,10862,10890,10869,10875,0,10890,STANDBY
-0.4300000071525574,-2.0399999618530273,9.75,0.0,0.0,25.299999237060547,996.95263671875,21.93000030517578,0.20064222812652588,0.2740970253944397,0,0,0.0,0.0,0.0,0,0,-3.0518509447574615e-05,-47.81999969482422,0.0002441480755805969,-0.002929776906967163,178.0,178.0,62.5,60.5,10962,10990,10979,10985,0,10990,STANDBY
-0.6800000071525574,-2.180000066757202,9.630000114440918,0.0,0.0,0.0,996.9432983398438,21.93000030517578,0.22063681483268738,-0.3364182710647583,0,0,0.0,0.0,0.0,0,0,0.0,-48.61000061035156,0.00027466658502817154,-0.002929776906967163,179.0,179.0,62.5,60.5,11062,11090,11070,11076,0,11090,STANDBY
-0.8399999737739563,-2.0899999141693115,9.75,0.0,0.0,0.0,996.9533081054688,21.93000030517578,0.16163693368434906,-0.26724058389663696,0,0,0.0,0.0,0.0,0,0,0.0,-48.61000061035156,0.00030518509447574615,-0.002929776906967163,178.0,178.0,62.5,60.5,11162,11190,11179,11186,0,11190,STANDBY
-0.8399999737739563,-1.940000057220459,10.079999923706055,0.0,0.0,0.0,996.9559326171875,21.93000030517578,0.14147812128067017,-0.3389981985092163,0,0,0.0,0.0,0.0,0,0,0.0,-48.61000061035156,0.00030518509447574615,-0.002929776906967163,180.0,181.0,62.5,60.5,11262,11290,11270,11277,0,11290,STANDBY
-0.5799999833106995,-1.8799999952316284,10.0,0.0,0.0,0.0,996.9536743164062,21.920000076293945,0.12875622510910034,-0.2367556095123291,0,0,0.0,0.0,0.0,0,0,0.0,-48.61000061035156,0.00030518509447574615,-0.002929776906967163,184.0,185.0,62.5,60.5,11362,11390,11379,11385,0,11390,STANDBY
-0.5600000023841858,-1.7899999618530273,10.069999694824219,0.0,0.0,0.0,996.9637451171875,21.920000076293945,0.09719044715166092,-0.19364050030708313,0,0,0.0,0.0,0.0,0,0,0.0,-48.61000061035156,0.00030518509447574615,-0.002929776906967163,187.0,187.0,62.5,60.5,11462,11490,11470,11476,0,11490,STANDBY
-0.3799999952316284,-1.7200000286102295,9.930000305175781,0.0,0.0,0.0,996.9578247070312,21.920000076293945,0.06909189373254776,-0.31868380308151245,0,0,0.0,0.0,0.0,0,0,0.0,-48.61000061035156,0.00027466658502817154,-0.002929776906967163,189.0,190.0,62.5,60.5,11563,11590,11579,11587,0,11590,STANDBY
-0.3799999952316284,-1.4500000476837158,9.859999656677246,0.0,0.0,0.0,996.9454956054688,21.90999984741211,0.1705063283443451,0.1426261067390442,0,0,0.0,0.0,0.0,0,0,0.0,-48.61000061035156,0.00027466658502817154,-0.002929776906967163,190.0,190.0,62.5,60.5,11663,11691,11670,11677,0,11691,STANDBY
-0.41999998688697815,-2.2200000286102295,10.109999656677246,0.0,0.0,0.0,996.9382934570312,21.899999618530273,0.22902911901474,0.692078173160553,0,0,0.0,0.0,0.0,0,0,0.0,-48.61000061035156,0.00027466658502817154,-0.002929776906967163,192.0,193.0,62.5,60.5,11763,11791,11780,11786,0,11791,STANDBY
-0.30000001192092896,-2.5799999237060547,10.510000228881836,0.0,0.0,-25.299999237060547,996.9182739257812,21.899999618530273,0.34769874811172485,0.7835133075714111,0,0,0.0,0.0,0.0,0,0,-3.0518509447574615e-05,-47.119998931884766,0.00027466658502817154,-0.002929776906967163,198.0,200.0,62.5,60.5,11863,11891,11871,11877,0,11891,STANDBY
-0.36000001430511475,-2.259999990463257,10.739999771118164,0.0,0.0,-45.400001525878906,996.9678344726562,21.920000076293945,0.1287451684474945,-0.08494687080383301,0,0,0.0,0.0,0.0,0,0,-3.0518509447574615e-05,-42.70000076293945,0.00030518509447574615,-0.0029602954164147377,210.0,212.0,62.5,60.5,11963,11991,11979,11986,0,11991,STANDBY
-0.44999998807907104,-2.130000114440918,10.670000076293945,0.0,0.0,-47.099998474121094,996.97265625,21.93000030517578,0.037495359778404236,-1.0957642793655396,0,0,0.0,0.0,0.0,0,0,-3.0518509447574615e-05,-38.34000015258789,0.00030518509447574615,-0.0029602954164147377,218.0,220.0,62.5,60.5,12064,12091,12071,12078,0,12091,STANDBY
-0.9100000262260437,-1.840000033378601,9.539999961853027,0.0,0.0,-59.599998474121094,996.9600219726562,21.93000030517578,0.04829247668385506,-0.7236829400062561,0,0,0.0,0.0,0.0,0,0,-3.0518509447574615e-05,-31.690000534057617,0.00030518509447574615,-0.0029908139258623123,220.0,219.0,62.5,60.5,12164,12191,12181,12187,0,12191,STANDBY
-0.9800000190734863,-1.3200000524520874,9.510000228881836,0.0,0.0,-19.899999618530273,996.9299926757812,21.93000030517578,0.2492646425962448,0.554902970790863,0,0,0.0,0.0,0.0,0,0,-3.0518509447574615e-05,-28.479999542236328,0.00027466658502817154,-0.0029908139258623123,216.0,215.0,62.5,60.5,12264,12291,12272,12278,0,12291,STANDBY
-1.0099999904632568,-1.4700000286102295,9.569999694824219,0.0,0.0,28.399999618530273,996.9649047851562,21.93000030517578,0.10495652258396149,0.47081124782562256,0,0,0.0,0.0,0.0,0,0,3.0518509447574615e-05,-29.93000030517578,0.00027466658502817154,-0.0029908139258623123,213.0,212.0,62.5,60.5,12364,12391,12382,12388,0,12391,STANDBY
-1.2799999713897705,-2.1700000762939453,9.600000381469727,0.0,0.0,32.400001525878906,996.9763793945312,21.940000534057617,0.024538222700357437,-0.6230883598327637,0,0,0.0,0.0,0.0,0,0,3.0518509447574615e-05,-33.029998779296875,0.00027466658502817154,-0.0029602954164147377,211.0,211.0,62.5,60.5,12464,12491,12473,12479,0,12491,STANDBY
-1.690000057220459,-2.450000047683716,10.289999961853027,0.0,0.0,24.0,996.9671630859375,21.940000534057617,0.05780715495347977,-0.34021681547164917,0,0,0.0,0.0,0.0,0,0,6.103701889514923e-05,-36.70000076293945,0.00030518509447574615,-0.002929776906967163,215.0,216.0,62.5,60.5,12564,12591,12581,12589,0,12591,STANDBY
-1.5099999904632568,-2.619999885559082,10.220000267028809,0.0,0.0,18.799999237060547,996.9540405273438,21.93000030517578,0.0846797376871109,0.0045637041330337524,0,0,0.0,0.0,0.0,0,0,9.155552834272385e-05,-38.79999923706055,0.00033570360392332077,-0.0028992583975195885,220.0,222.0,62.5,60.5,12664,12691,12673,12680,0,12691,STANDBY
-1.2999999523162842,-2.2899999618530273,9.6899995803833,0.0,0.0,0.0,996.967041015625,21.920000076293945,0.04299550503492355,-0.08278490602970123,0,0,0.0,0.0,0.0,0,0,9.155552834272385e-05,-39.75,0.00033570360392332077,-0.002868739888072014,223.0,223.0,62.5,60.5,12765,12791,12782,12788,0,12791,STANDBY
-1.1100000143051147,-2.2799999713897705,9.630000114440918,0.0,0.0,0.0,996.9443969726562,21.920000076293945,0.15165525674819946,0.2469286173582077,0,0,0.0,0.0,0.0,0,0,6.103701889514923e-05,-39.75,0.0003662221133708954,-0.002868739888072014,222.0,222.0,62.5,60.5,12865,12891,12873,12879,0,12891,STANDBY
-0.8100000023841858,-2.6700000762939453,9.430000305175781,0.0,0.0,0.0,996.9556274414062,21.940000534057617,0.1633768379688263,0.5807676315307617,0,0,0.0,0.0,0.0,0,0,6.103701889514923e-05,-39.75,0.0003662221133708954,-0.002868739888072014,220.0,220.0,62.5,60.5,12965,12991,12982,12989,0,12991,STANDBY
-0.4699999988079071,-2.7100000381469727,10.0600004196167,0.0,0.0,0.0,996.986083984375,21.950000762939453,-0.05274251103401184,-0.5512301325798035,0,0,0.0,0.0,0.0,0,0,3.0518509447574615e-05,-39.75,0.0003662221133708954,-0.002868739888072014,222.0,223.0,62.5,60.5,13065,13091,13073,13080,0,13091,STANDBY
-0.1899999976158142,-2.680000066757202,10.25,0.0,0.0,0.0,996.99951171875,21.950000762939453,-0.17347903549671173,-1.4524805545806885,0,0,0.0,0.0,0.0,0,0,0.0,-39.75,0.0003662221133708954,-0.002868739888072014,228.0,229.0,62.5,60.5,13165,13191,13182,13189,0,13191,STANDBY
0.11999999731779099,-2.509999990463257,10.180000305175781,0.0,0.0,0.0,996.9935913085938,21.950000762939453,-0.19764256477355957,-0.9621013402938843,0,0,0.0,0.0,0.0,0,0,-3.0518509447574615e-05,-39.75,0.0003662221133708954,-0.002868739888072014,231.0,232.0,62.5,60.5,13265,13291,13274,13280,0,13291,STANDBY
0.6700000166893005,-2.109999895095825,10.550000190734863,0.0,0.0,-71.30000305175781,996.9868774414062,21.950000762939453,-0.13770180940628052,-0.11114116758108139,0,0,0.0,0.0,0.0,0,0,-9.155552834272385e-05,-34.77000045776367,0.00033570360392332077,-0.002929776906967163,236.0,238.0,62.5,60.5,13365,13391,13384,13391,0,13391,STANDBY
0.6899999976158142,-1.340000033378601,10.4399995803833,0.0,0.0,-170.39999389648438,996.97607421875,21.950000762939453,-0.06929831206798553,0.49624478816986084,0,0,0.0,0.0,0.0,0,0,-0.00012207403779029846,-22.559999465942383,0.00030518509447574615,-0.0029908139258623123,243.0,244.0,62.5,60.5,13465,13491,13476,13483,0,13491,STANDBY
-0.6600000262260437,-1.0800000429153442,10.229999542236328,0.0,16.200000762939453,-192.10000610351562,996.9857788085938,21.959999084472656,-0.13713154196739197,0.0750143751502037,0,0,0.0,0.0,0.0,0,0,-0.00012207403779029846,-3.680000066757202,0.0002441480755805969,-0.0030518509447574615,246.0,247.0,62.5,60.5,13565,13591,13566,13574,0,13591,STANDBY
-0.9800000190734863,-1.4500000476837158,9.739999771118164,0.0,18.200000762939453,-173.5,996.9679565429688,21.940000534057617,-0.030625250190496445,0.12832942605018616,0,0,0.0,0.0,0.0,0,0,-6.103701889514923e-05,15.520000457763672,0.0001831110566854477,-0.003021332435309887,245.0,245.0,62.5,60.5,13665,13691,13676,13682,0,13691,STANDBY
-0.6299999952316284,-1.7200000286102295,9.850000381469727,0.0,0.0,-141.60000610351562,996.970458984375,21.940000534057617,0.028214598074555397,0.767086386680603,0,0,0.0,0.0,0.0,0,0,0.0,30.1299991607666,0.00015259254723787308,-0.0029908139258623123,245.0,245.0,62.5,60.5,13765,13791,13767,13773,0,13791,STANDBY
-1.0800000429153442,-1.6799999475479126,9.15999984741211,0.0,0.0,-60.5,996.9481201171875,21.93000030517578,0.11803026497364044,0.7213931083679199,0,0,0.0,0.0,0.0,0,0,3.0518509447574615e-05,39.689998626708984,0.00012207403779029846,-0.0029908139258623123,241.0,240.0,62.5,60.5,13865,13891,13876,13883,0,13891,STANDBY
-0.6700000166893005,-2.059999942779541,9.630000114440918,0.0,0.0,-75.69999694824219,996.959716796875,21.940000534057617,0.06859935820102692,0.20717625319957733,0,0,0.0,0.0,0.0,0,0,6.103701889514923e-05,45.7400016784668,0.00012207403779029846,-0.0029908139258623123,237.0,236.0,62.5,60.5,13965,13991,13967,13974,0,13991,STANDBY
-0.800000011920929,-2.200000047683716,10.319999694824219,0.0,0.0,-39.599998474121094,996.983154296875,21.940000534057617,-0.08335942029953003,-0.6742016077041626,0,0,0.0,0.0,0.0,0,0,6.103701889514923e-05,52.13999938964844,0.00012207403779029846,-0.003021332435309887,240.0,241.0,62.5,60.5,14066,14091,14076,14083,0,14091,STANDBY
-0.5600000023841858,-2.0899999141693115,10.289999961853027,0.0,0.0,-41.599998474121094,996.9968872070312,21.93000030517578,-0.14869007468223572,-0.8783479928970337,0,0,0.0,0.0,0.0,0,0,6.103701889514923e-05,55.400001525878906,9.155552834272385e-05,-0.003021332435309887,244.0,245.0,98.5,96.5,14166,14191,14167,14173,0,14191,STANDBY
-0.6600000262260437,-2.0399999618530273,10.050000190734863,0.0,0.0,-34.0,996.9810791015625,21.920000076293945,-0.12007742375135422,-0.37145328521728516,0,0,0.0,0.0,0.0,0,0,6.103701889514923e-05,59.41999816894531,6.103701889514923e-05,-0.0030518509447574615,249.0,250.0,98.5,96.5,14266,14291,14276,14282,0,14291,STANDBY
-0.6600000262260437,-2.059999942779541,9.819999694824219,0.0,0.0,-31.899999618530273,996.9781494140625,21.90999984741211,-0.11671106517314911,-0.10670744627714157,0,0,0.0,0.0,0.0,0,0,6.103701889514923e-05,62.04999923706055,6.103701889514923e-05,-0.0030518509447574615,249.0,249.0,98.5,96.5,14366,14391,14366,14373,0,14391,STANDBY
-0.28999999165534973,-1.6299999952316284,10.010000228881836,0.0,0.0,-29.600000381469727,996.994873046875,21.90999984741211,-0.14816069602966309,-0.008652850985527039,0,0,0.0,0.0,0.0,0,0,6.103701889514923e-05,65.33999633789062,6.103701889514923e-05,-0.0030518509447574615,251.0,251.0,98.5,96.5,14466,14491,14476,14482,0,14491,STANDBY
-0.49000000953674316,-1.190000057220459,9.960000038146973,0.0,0.0,-16.5,996.9840698242188,21.90999984741211,-0.12396878749132156,0.03365156054496765,0,0,0.0,0.0,0.0,0,0,6.103701889514923e-05,66.9800033569336,6.103701889514923e-05,-0.0030518509447574615,252.0,252.0,98.5,96.5,14566,14592,14567,14574,0,14592,STANDBY
-0.6600000262260437,-1.2699999809265137,10.300000190734863,0.0,0.0,0.0,996.9597778320312,21.8799991607666,-0.015107262879610062,0.3252239227294922,0,0,0.0,0.0,0.0,0,0,9.155552834272385e-05,67.55999755859375,6.103701889514923e-05,-0.0030518509447574615,255.0,256.0,98.5,96.5,14666,14692,14676,14683,0,14692,STANDBY
-0.5199999809265137,-1.100000023841858,9.8100004196167,0.0,0.0,0.0,996.9503784179688,21.860000610351562,0.12303835153579712,1.0328457355499268,0,0,0.0,0.0,0.0,0,0,9.155552834272385e-05,68.08000183105469,9.155552834272385e-05,-0.0030518509447574615,256.0,256.0,98.5,96.5,14766,14792,14768,14774,0,14792,STANDBY
-0.8600000143051147,-1.590000033378601,9.960000038146973,0.0,0.0,0.0,996.9584350585938,21.850000381469727,0.08367987722158432,0.7098164558410645,0,0,0.0,0.0,0.0,0,0,9.155552834272385e-05,68.08000183105469,9.155552834272385e-05,-0.0030518509447574615,256.0,257.0,98.5,96.5,14866,14892,14877,14883,0,14892,STANDBY
-0.8399999737739563,-1.6399999856948853,9.869999885559082,0.0,0.0,0.0,996.993896484375,21.860000610351562,-0.06102682277560234,-0.3887072205543518,0,0,0.0,0.0,0.0,0,0,0.00012207403779029846,68.08000183105469,0.00012207403779029846,-0.0030518509447574615,257.0,258.0,98.5,96.5,14966,14992,14968,14974,0,14992,STANDBY
-0.7099999785423279,-1.590000033378601,9.859999656677246,0.0,0.0,0.0,996.9942016601562,21.850000381469727,-0.16873033344745636,-1.0507715940475464,0,0,0.0,0.0,0.0,0,0,0.00012207403779029846,68.08000183105469,0.00012207403779029846,-0.0030518509447574615,258.0,258.0,98.5,96.5,15066,15092,15077,15084,0,15092,STANDBY
-0.5099999904632568,-1.340000033378601,10.220000267028809,0.0,0.0,0.0,997.0127563476562,21.850000381469727,-0.29293209314346313,-1.2537639141082764,0,0,0.0,0.0,0.0,0,0,0.00012207403779029846,68.08000183105469,0.00012207403779029846,-0.0030518509447574615,258.0,259.0,98.5,96.5,15166,15192,15168,15175,0,15192,STANDBY
0.0,-1.2599999904632568,10.359999656677246,0.0,0.0,0.0,997.02685546875,21.850000381469727,-0.4387539029121399,-1.3346877098083496,0,0,0.0,0.0,0.0,0,0,9.155552834272385e-05,68.08000183105469,0.00012207403779029846,-0.0030518509447574615,263.0,264.0,98.5,96.5,15266,15292,15278,15284,0,15292,STANDBY
-0.3100000023841858,-1.600000023841858,10.390000343322754,0.0,0.0,0.0,997.002685546875,21.850000381469727,-0.3854554295539856,-0.8597098588943481,0,0,0.0,0.0,0.0,0,0,6.103701889514923e-05,68.08000183105469,0.00015259254723787308,-0.0030518509447574615,266.0,268.0,98.5,96.5,15366,15392,15368,15375,0,15392,STANDBY
-0.30000001192092896,-1.590000033378601,9.75,0.0,0.0,0.0,997.0315551757812,21.84000015258789,-0.46491581201553345,-0.22487376630306244,0,0,0.0,0.0,0.0,0,0,6.103701889514923e-05,68.08000183105469,0.0001831110566854477,-0.0030518509447574615,268.0,268.0,98.5,96.5,15466,15492,15477,15483,0,15492,STANDBY
-0.10000000149011612,-1.6100000143051147,9.770000457763672,0.0,0.0,0.0,997.012939453125,21.829999923706055,-0.4056050181388855,-0.028299890458583832,0,0,0.0,0.0,0.0,0,0,6.103701889514923e-05,68.08000183105469,0.0001831110566854477,-0.0030518509447574615,267.0,267.0,98.5,96.5,15566,15592,15568,15575,0,15592,STANDBY
0.12999999523162842,-1.5800000429153442,10.010000228881836,0.0,0.0,0.0,996.987060546875,21.799999237060547,-0.2649264931678772,0.5879865288734436,0,0,0.0,0.0,0.0,0,0,3.0518509447574615e-05,68.08000183105469,0.0001831110566854477,-0.0030518509447574615,269.0,269.0,98.5,96.5,15666,15692,15677,15684,0,15692,STANDBY
-0.1599999964237213,-1.659999966621399,10.180000305175781,0.0,0.0,0.0,996.984375,21.780000686645508,-0.1643221378326416,1.110997200012207,0,0,0.0,0.0,0.0,0,0,3.0518509447574615e-05,68.08000183105469,0.0001831110566854477,-0.0030518509447574615,271.0,272.0,98.5,96.5,15766,15792,15768,15774,0,15792,STANDBY
-0.23000000417232513,-1.4600000381469727,9.989999771118164,0.0,0.0,0.0,996.9671630859375,21.760000228881836,0.006067778915166855,1.4620555639266968,0,0,0.0,0.0,0.0,0,0,3.0518509447574615e-05,68.08000183105469,0.0001831110566854477,-0.0030518509447574615,274.0,274.0,98.5,96.5,15866,15892,15877,15884,0,15892,STANDBY
-0.30000001192092896,-1.0399999618530273,10.050000190734863,0.0,0.0,-19.600000381469727,996.9751586914062,21.780000686645508,-0.07331593334674835,0.6430023908615112,0,0,0.0,0.0,0.0,0,0,3.0518509447574615e-05,69.05999755859375,0.0001831110566854477,-0.0030518509447574615,276.0,277.0,98.5,96.5,15966,15992,15968,15975,0,15992,STANDBY
-0.1599999964237213,-0.7200000286102295,9.649999618530273,0.0,0.0,0.0,996.9771728515625,21.760000228881836,-0.0979594737291336,-0.3548415005207062,0,0,0.0,0.0,0.0,0,0,3.0518509447574615e-05,70.41999816894531,0.0001831110566854477,-0.0030518509447574615,275.0,274.0,98.5,96.5,16067,16092,16077,16083,0,16092,STANDBY
-0.17000000178813934,-0.5899999737739563,9.640000343322754,0.0,0.0,-16.600000381469727,996.9872436523438,21.760000228881836,-0.15764445066452026,-0.3882688283920288,0,0,0.0,0.0,0.0,0,0,3.0518509447574615e-05,70.72000122070312,0.0001831110566854477,-0.0030518509447574615,271.0,271.0,98.5,96.5,16167,16192,16168,16175,0,16192,STANDBY
0.18000000715255737,-0.5899999737739563,9.979999542236328,0.0,0.0,-22.299999237060547,996.98388671875,21.760000228881836,-0.17858460545539856,-0.43521928787231445,0,0,0.0,0.0,0.0,0,0,3.0518509447574615e-05,73.45999908447266,0.00015259254723787308,-0.0030518509447574615,270.0,270.0,98.5,96.5,16267,16292,16278,16284,0,16292,STANDBY
0.3499999940395355,-0.4300000071525574,9.640000343322754,0.0,0.0,-17.0,997.0155639648438,21.770000457763672,-0.29349952936172485,-0.4967465400695801,0,0,0.0,0.0,0.0,0,0,0.0,75.30000305175781,0.00012207403779029846,-0.0030518509447574615,268.0,267.0,98.5,96.5,16367,16392,16369,16375,0,16392,STANDBY
0.15000000596046448,-0.8100000023841858,9.65999984741211,0.0,0.0,0.0,996.9921264648438,21.770000457763672,-0.1982409507036209,-0.0918533056974411,0,0,0.0,0.0,0.0,0,0,0.0,75.62000274658203,9.155552834272385e-05,-0.0030518509447574615,264.0,263.0,98.5,96.5,16467,16492,16479,16485,0,16492,STANDBY
-0.14000000059604645,-1.2999999523162842,9.90999984741211,0.0,0.0,0.0,996.9820556640625,21.770000457763672,-0.15124674141407013,0.38773807883262634,0,0,0.0,0.0,0.0,0,0,0.0,75.62000274658203,9.155552834272385e-05,-0.0030518509447574615,263.0,264.0,98.5,96.5,16567,16592,16570,16576,0,16592,STANDBY
-0.10999999940395355,-1.4299999475479126,10.119999885559082,0.0,0.0,0.0,996.953857421875,21.760000228881836,0.06869400292634964,1.102458119392395,0,0,0.0,0.0,0.0,0,0,0.0,75.62000274658203,0.00012207403779029846,-0.0030518509447574615,267.0,267.0,98.5,96.5,16667,16692,16679,16686,0,16692,STANDBY
-0.3499999940395355,-1.340000033378601,10.0,0.0,0.0,0.0,996.9281005859375,21.75,0.2876693606376648,1.9906063079833984,0,0,0.0,0.0,0.0,0,0,3.0518509447574615e-05,75.62000274658203,9.155552834272385e-05,-0.0030518509447574615,269.0,269.0,98.5,96.5,16768,16792,16771,16777,0,16792,STANDBY
-0.2199999988079071,-1.440000057220459,9.979999542236328,0.0,0.0,0.0,996.9430541992188,21.760000228881836,0.29945212602615356,1.4869983196258545,0,0,0.0,0.0,0.0,0,0,3.0518509447574615e-05,75.62000274658203,0.00012207403779029846,-0.0030518509447574615,271.0,272.0,98.5,96.5,16868,16892,16880,16886,0,16892,STANDBY
-0.47999998927116394,-1.4299999475479126,10.210000038146973,0.0,0.0,0.0,996.9915771484375,21.790000915527344,-0.04318080097436905,-0.8557204008102417,0,0,0.0,0.0,0.0,0,0,3.0518509447574615e-05,75.62000274658203,0.00012207403779029846,-0.0030518509447574615,274.0,275.0,98.5,96.5,16968,16992,16971,16977,0,16992,STANDBY
-0.11999999731779099,-1.1299999952316284,10.25,0.0,0.0,0.0,997.0093994140625,21.799999237060547,-0.24651587009429932,-2.4195966720581055,0,0,0.0,0.0,0.0,0,0,3.0518509447574615e-05,75.62000274658203,0.00015259254723787308,-0.0030518509447574615,278.0,279.0,98.5,96.5,17068,17092,17080,17087,0,17092,STANDBY
-0.4000000059604645,-1.190000057220459,9.960000038146973,0.0,0.0,0.0,997.0384521484375,21.809999465942383,-0.4527747929096222,-2.136944532394409,0,0,0.0,0.0,0.0,0,0,3.0518509447574615e-05,75.62000274658203,0.00015259254723787308,-0.0030518509447574615,278.0,278.0,98.5,96.5,17168,17192,17171,17178,0,17192,STANDBY
-0.25999999046325684,-1.0499999523162842,10.0600004196167,0.0,0.0,0.0,997.001708984375,21.809999465942383,-0.3298870623111725,-0.9057435989379883,0,0,0.0,0.0,0.0,0,0,3.0518509447574615e-05,75.62000274658203,0.00015259254723787308,-0.0030518509447574615,278.0,278.0,98.5,96.5,17268,17292,17281,17287,0,17292,STANDBY
-0.4000000059604645,-0.8899999856948853,10.180000305175781,0.0,0.0,0.0,996.99658203125,21.81999969482422,-0.22817273437976837,0.6175330877304077,0,0,0.0,0.0,0.0,0,0,6.103701889514923e-05,75.62000274658203,0.0001831110566854477,-0.0030518509447574615,279.0,280.0,98.5,96.5,17368,17392,17372,17379,0,17392,STANDBY
-0.7099999785423279,-0.7200000286102295,9.829999923706055,0.0,0.0,0.0,997.0057983398438,21.809999465942383,-0.2709813714027405,0.4859183132648468,0,0,0.0,0.0,0.0,0,0,6.103701889514923e-05,75.62000274658203,0.0001831110566854477,-0.0030518509447574615,281.0,281.0,98.5,96.5,17468,17492,17481,17487,0,17492,STANDBY
-0.8500000238418579,-0.6800000071525574,9.949999809265137,0.0,0.0,0.0,997.00390625,21.81999969482422,-0.28779008984565735,-0.16868896782398224,0,0,0.0,0.0,0.0,0,0,9.155552834272385e-05,75.62000274658203,0.0001831110566854477,-0.0030518509447574615,281.0,281.0,98.5,96.5,17568,17593,17572,17593,0,17593,STANDBY
-0.6000000238418579,-0.5400000214576721,10.100000381469727,0.0,0.0,17.399999618530273,996.9857177734375,21.809999465942383,-0.19265779852867126,0.16550511121749878,0,0,0.0,0.0,0.0,0,0,9.155552834272385e-05,75.30000305175781,0.0001831110566854477,-0.0030518509447574615,281.0,282.0,98.5,96.5,17668,17693,17681,17688,0,17693,STANDBY
-0.38999998569488525,-0.9399999976158142,10.260000228881836,0.0,0.0,40.70000076293945,996.97216796875,21.790000915527344,-0.06714595854282379,0.8883655667304993,0,0,0.0,0.0,0.0,0,0,9.155552834272385e-05,72.5999984741211,0.0002136295661330223,-0.0030518509447574615,284.0,285.0,98.5,96.5,17768,17793,17772,17778,0,17793,STANDBY
0.009999999776482582,-1.3200000524520874,10.600000381469727,0.0,0.0,113.0,996.9554443359375,21.790000915527344,0.04852348938584328,1.135633111000061,0,0,0.0,0.0,0.0,0,0,9.155552834272385e-05,63.40999984741211,0.0001831110566854477,-0.0030518509447574615,290.0,291.0,98.5,96.5,17868,17893,17882,17888,0,17893,STANDBY
0.03999999910593033,-1.6100000143051147,10.619999885559082,0.0,0.0,173.39999389648438,996.9815673828125,21.809999465942383,-0.005882643163204193,0.6431047320365906,0,0,0.0,0.0,0.0,0,0,9.155552834272385e-05,49.75,0.0002136295661330223,-0.003021332435309887,298.0,299.0,98.5,96.5,17968,17993,17972,17979,0,17993,STANDBY
0.23000000417232513,-1.3700000047683716,9.90999984741211,0.0,0.0,211.39999389648438,996.9898681640625,21.81999969482422,-0.13371507823467255,-0.5032749772071838,0,0,0.0,0.0,0.0,0,0,9.155552834272385e-05,26.530000686645508,0.0002441480755805969,-0.0028992583975195885,300.0,301.0,98.5,96.5,18068,18093,18081,18087,0,18093,STANDBY
-0.17000000178813934,-0.3799999952316284,10.270000457763672,0.0,0.0,180.10000610351562,996.9920043945312,21.81999969482422,-0.19544541835784912,-1.025235652923584,0,0,0.0,0.0,0.0,0,0,0.00012207403779029846,7.619999885559082,0.0002441480755805969,-0.0028077028691768646,302.0,303.0,98.5,96.5,18168,18193,18172,18179,0,18193,STANDBY
-0.9599999785423279,-1.2400000095367432,8.880000114440918,0.0,0.0,38.099998474121094,996.9906005859375,21.81999969482422,-0.14925259351730347,-0.24406716227531433,0,0,0.0,0.0,0.0,0,0,0.0001831110566854477,2.069999933242798,0.00027466658502817154,-0.0028382213786244392,297.0,295.0,98.5,96.5,18269,18293,18281,18287,0,18293,STANDBY
-0.12999999523162842,-1.8700000047683716,9.770000457763672,0.0,0.0,0.0,996.9728393554688,21.829999923706055,-0.09205858409404755,0.3089621961116791,0,0,0.0,0.0,0.0,0,0,0.00012207403779029846,1.059999942779541,0.00033570360392332077,-0.002868739888072014,292.0,292.0,98.5,96.5,18369,18393,18372,18378,0,18393,STANDBY
0.3499999940395355,-2.3399999141693115,10.170000076293945,0.0,0.0,0.0,996.96533203125,21.81999969482422,-0.017642218619585037,0.48295730352401733,0,0,0.0,0.0,0.0,0,0,9.155552834272385e-05,1.059999942779541,0.00033570360392332077,-0.002929776906967163,293.0,294.0,98.5,96.5,18469,18493,18481,18487,0,18493,STANDBY
0.46000000834465027,-2.6600000858306885,10.34000015258789,0.0,0.0,23.700000762939453,996.9693603515625,21.829999923706055,-0.013426152989268303,0.4733508825302124,0,0,0.0,0.0,0.0,0,0,3.0518509447574615e-05,-0.3199999928474426,0.00033570360392332077,-0.002929776906967163,298.0,299.0,98.5,96.5,18569,18593,18571,18578,0,18593,STANDBY
0.5600000023841858,-2.6600000858306885,10.039999961853027,0.0,0.0,30.5,996.9612426757812,21.81999969482422,0.05090480297803879,0.4146632254123688,0,0,0.0,0.0,0.0,0,0,0.0,-2.7100000381469727,0.0003662221133708954,-0.002929776906967163,302.0,303.0,98.5,96.5,18669,18693,18680,18686,0,18693,STANDBY
0.41999998688697815,-2.440000057220459,9.979999542236328,0.0,0.0,48.0,996.9321899414062,21.809999465942383,0.2545776665210724,1.1318638324737549,0,0,0.0,0.0,0.0,0,0,-3.0518509447574615e-05,-6.269999980926514,0.0003662221133708954,-0.002929776906967163,304.0,305.0,98.5,96.5,18769,18793,18771,18778,0,18793,STANDBY
0.25,-2.119999885559082,9.520000457763672,0.0,0.0,54.20000076293945,996.9389038085938,21.809999465942383,0.2464105635881424,1.018585205078125,0,0,0.0,0.0,0.0,0,0,-3.0518509447574615e-05,-11.0,0.0003662221133708954,-0.002929776906967163,304.0,304.0,98.5,96.5,18869,18893,18881,18887,0,18893,STANDBY
0.019999999552965164,-2.3499999046325684,9.569999694824219,0.0,0.0,93.4000015258789,996.9724731445312,21.829999923706055,0.09759528189897537,-0.23153290152549744,0,0,0.0,0.0,0.0,0,0,-3.0518509447574615e-05,-18.459999084472656,0.0003662221133708954,-0.0028992583975195885,302.0,302.0,98.5,96.5,18969,18993,18972,18978,0,18993,STANDBY
-0.11999999731779099,-1.7599999904632568,9.550000190734863,0.0,0.0,71.5999984741211,996.9847412109375,21.84000015258789,-0.07063306123018265,-1.2638845443725586,0,0,0.0,0.0,0.0,0,0,0.0,-27.8700008392334,0.00033570360392332077,-0.002868739888072014,299.0,299.0,98.5,96.5,19070,19093,19082,19088,0,19093,STANDBY
-0.14000000059604645,-2.319999933242798,9.75,0.0,0.0,53.0,996.968017578125,21.84000015258789,-0.049290627241134644,-1.087272047996521,0,0,0.0,0.0,0.0,0,0,0.0,-33.59000015258789,0.00033570360392332077,-0.0028382213786244392,297.0,298.0,98.5,96.5,19170,19193,19173,19179,0,19193,STANDBY
0.25,-2.509999990463257,9.829999923706055,0.0,0.0,52.400001525878906,996.9659423828125,21.850000381469727,0.055637940764427185,0.30546653270721436,0,0,0.0,0.0,0.0,0,0,-3.0518509447574615e-05,-39.33000183105469,0.00033570360392332077,-0.0028382213786244392,298.0,298.0,98.5,96.5,19270,19293,19281,19288,0,19293,STANDBY
-0.03999999910593033,-2.2799999713897705,9.6899995803833,0.0,0.0,28.399999618530273,997.0000610351562,21.850000381469727,-0.1785222887992859,-0.28926920890808105,0,0,0.0,0.0,0.0,0,0,-3.0518509447574615e-05,-42.61000061035156,0.00033570360392332077,-0.0028382213786244392,298.0,298.0,62.5,60.5,19371,19393,19373,19379,0,19393,STANDBY
0.18000000715255737,-2.3299999237060547,9.869999885559082,0.0,0.0,16.700000762939453,996.982666015625,21.850000381469727,-0.15268033742904663,-1.0086846351623535,0,0,0.0,0.0,0.0,0,0,-3.0518509447574615e-05,-44.84000015258789,0.00033570360392332077,-0.002868739888072014,296.0,297.0,62.5,60.5,19471,19493,19481,19488,0,19493,STANDBY
0.07000000029802322,-2.009999990463257,10.149999618530273,0.0,0.0,0.0,996.9632568359375,21.850000381469727,-0.03548755496740341,0.20011621713638306,0,0,0.0,0.0,0.0,0,0,-6.103701889514923e-05,-44.84000015258789,0.00033570360392332077,-0.002868739888072014,297.0,298.0,62.5,60.5,19571,19593,19572,19579,0,19593,STANDBY
0.05999999865889549,-1.8799999952316284,10.479999542236328,0.0,0.0,0.0,996.947998046875,21.84000015258789,0.108343705534935,1.0808331966400146,0,0,0.0,0.0,0.0,0,0,-6.103701889514923e-05,-44.84000015258789,0.00030518509447574615,-0.0028992583975195885,303.0,304.0,62.5,60.5,19671,19693,19682,19688,0,19693,STANDBY
0.10999999940395355,-2.1600000858306885,10.149999618530273,0.0,0.0,24.299999237060547,996.9342041015625,21.829999923706055,0.27099302411079407,1.5554981231689453,0,0,0.0,0.0,0.0,0,0,-6.103701889514923e-05,-46.65999984741211,0.00030518509447574615,-0.0028992583975195885,307.0,308.0,62.5,60.5,19771,19793,19773,19779,0,19793,STANDBY
-0.15000000596046448,-2.069999933242798,9.880000114440918,0.0,0.0,25.600000381469727,996.955810546875,21.84000015258789,0.15848171710968018,0.62819904088974,0,0,0.0,0.0,0.0,0,0,-6.103701889514923e-05,-49.689998626708984,0.00030518509447574615,-0.002868739888072014,311.0,312.0,62.5,60.5,19871,19893,19881,19889,0,19893,STANDBY
-0.25,-1.9800000190734863,9.819999694824219,0.0,0.0,34.099998474121094,996.9774169921875,21.850000381469727,0.04280297830700874,-0.6632313132286072,0,0,0.0,0.0,0.0,0,0,-6.103701889514923e-05,-52.54999923706055,0.00030518509447574615,-0.002868739888072014,311.0,311.0,62.5,60.5,19971,19993,19973,19980,0,19993,STANDBY
-0.27000001072883606,-2.3499999046325684,9.920000076293945,0.0,0.0,35.400001525878906,996.9715576171875,21.860000610351562,-0.002471253741532564,-0.8201597929000854,0,0,0.0,0.0,0.0,0,0,-6.103701889514923e-05,-56.119998931884766,0.00030518509447574615,-0.002868739888072014,310.0,310.0,62.5,60.5,20071,20093,20082,20088,0,20093,STANDBY
-0.20000000298023224,-2.319999933242798,10.039999961853027,0.0,0.0,22.799999237060547,996.9696655273438,21.860000610351562,-0.016923099756240845,-0.5686854124069214,0,0,0.0,0.0,0.0,0,0,-6.103701889514923e-05,-58.439998626708984,0.00030518509447574615,-0.0028382213786244392,311.0,311.0,62.5,60.5,20171,20193,20173,20179,0,20193,STANDBY
0.07999999821186066,-2.430000066757202,9.84000015258789,0.0,0.0,0.0,996.970458984375,21.860000610351562,-0.0435553714632988,-0.33903226256370544,0,0,0.0,0.0,0.0,0,0,-6.103701889514923e-05,-59.369998931884766,0.00033570360392332077,-0.0028382213786244392,312.0,313.0,62.5,60.5,20271,20293,20283,20289,0,20293,STANDBY
0.25,-2.7699999809265137,10.020000457763672,0.0,0.0,0.0,996.9712524414062,21.8700008392334,0.011172858066856861,0.12781420350074768,0,0,0.0,0.0,0.0,0,0,-9.155552834272385e-05,-59.369998931884766,0.00033570360392332077,-0.002868739888072014,314.0,315.0,62.5,60.5,20371,20393,20373,20380,0,20393,STANDBY
0.17000000178813934,-2.6500000953674316,9.850000381469727,0.0,0.0,0.0,996.983154296875,21.860000610351562,-0.10141454637050629,-0.15509214997291565,0,0,0.0,0.0,0.0,0,0,-0.00012207403779029846,-59.369998931884766,0.00033570360392332077,-0.002868739888072014,317.0,317.0,62.5,60.5,20471,20493,20483,20489,0,20493,STANDBY
0.4399999976158142,-2.9800000190734863,9.739999771118164,0.0,0.0,0.0,996.9820556640625,21.8700008392334,-0.10850484669208527,-0.5658947825431824,0,0,0.0,0.0,0.0,0,0,-0.00015259254723787308,-59.369998931884766,0.0003662221133708954,-0.002868739888072014,317.0,317.0,62.5,60.5,20571,20593,20574,20588,0,20593,STANDBY
0.25,-2.799999952316284,9.649999618530273,0.0,0.0,0.0,996.9522094726562,21.860000610351562,0.02872385084629059,0.2660921812057495,0,0,0.0,0.0,0.0,0,0,-0.00015259254723787308,-59.369998931884766,0.0003662221133708954,-0.002868739888072014,317.0,317.0,62.5,60.5,20671,20694,20684,20691,0,20694,STANDBY
0.05000000074505806,-2.9700000286102295,9.6899995803833,0.0,0.0,0.0,996.944091796875,21.850000381469727,0.16625896096229553,1.1273584365844727,0,0,0.0,0.0,0.0,0,0,-0.00015259254723787308,-59.369998931884766,0.0003662221133708954,-0.002868739888072014,317.0,318.0,62.5,60.5,20771,20794,20777,20784,0,20794,STANDBY
0.28999999165534973,-2.809999942779541,9.770000457763672,0.0,0.0,-62.099998474121094,996.935791015625,21.850000381469727,0.2518033981323242,1.241166591644287,0,0,0.0,0.0,0.0,0,0,-0.0001831110566854477,-55.209999084472656,0.0003662221133708954,-0.0028992583975195885,319.0,319.0,62.5,60.5,20872,20894,20870,20877,0,20894,STANDBY
0.7400000095367432,-2.3299999237060547,10.09000015258789,0.0,0.0,-166.3000030517578,996.975341796875,21.8700008392334,0.06255745887756348,0.00036782026290893555,0,0,0.0,0.0,0.0,0,0,-0.0002136295661330223,-41.20000076293945,0.00033570360392332077,-0.0029602954164147377,321.0,322.0,62.5,60.5,20972,20994,20981,20987,0,20994,STANDBY
0.23000000417232513,-0.7099999785423279,10.479999542236328,0.0,0.0,-244.39999389648438,996.9776000976562,21.8799991607666,-0.044740065932273865,-1.1700612306594849,0,0,0.0,0.0,0.0,0,0,-0.0002441480755805969,-21.239999771118164,0.00027466658502817154,-0.003021332435309887,325.0,326.0,62.5,60.5,21072,21094,21072,21080,0,21094,STANDBY
0.07000000029802322,-0.8899999856948853,9.329999923706055,0.0,21.0,-255.89999389648438,996.9723510742188,21.8799991607666,-0.030766353011131287,-0.7541263103485107,0,0,0.0,0.0,0.0,0,0,-0.0002136295661330223,6.53000020980835,0.00015259254723787308,-0.0029908139258623123,319.0,318.0,62.5,60.5,21172,21194,21182,21189,0,21194,STANDBY
0.3400000035762787,-1.1399999856948853,10.100000381469727,0.0,24.100000381469727,-179.89999389648438,996.9749755859375,21.8799991607666,-0.039361145347356796,-0.12064486742019653,0,0,0.0,0.0,0.0,0,0,-0.00012207403779029846,26.25,9.155552834272385e-05,-0.0028992583975195885,318.0,319.0,62.5,60.5,21272,21294,21273,21280,0,21294,STANDBY
0.38999998569488525,-1.149999976158142,9.829999923706055,0.0,15.100000381469727,-85.80000305175781,996.96826171875,21.8799991607666,-0.023822080343961716,-0.03326648101210594,0,0,0.0,0.0,0.0,0,0,-3.0518509447574615e-05,39.790000915527344,9.155552834272385e-05,-0.002868739888072014,320.0,320.0,62.5,60.5,21372,21394,21383,21389,0,21394,STANDBY
-0.6399999856948853,-1.8700000047683716,9.680000305175781,0.0,0.0,-45.5,996.958251953125,21.8799991607666,0.07257680594921112,0.4170168936252594,0,0,0.0,0.0,0.0,0,0,0.0,45.040000915527344,0.00015259254723787308,-0.0028992583975195885,317.0,317.0,62.5,60.5,21475,21494,21474,21480,0,21494,STANDBY
-0.6899999976158142,-2.109999895095825,10.029999732971191,0.0,0.0,-26.200000762939453,996.9872436523438,21.889999389648438,-0.057562969624996185,0.11096636205911636,0,0,0.0,0.0,0.0,0,0,6.103701889514923e-05,48.59000015258789,0.0001831110566854477,-0.002929776906967163,318.0,319.0,98.5,96.5,21575,21594,21582,21590,0,21594,STANDBY
-0.8199999928474426,-2.430000066757202,10.40999984741211,0.0,0.0,-23.100000381469727,996.9618530273438,21.8700008392334,0.016619056463241577,-0.25744956731796265,0,0,0.0,0.0,0.0,0,0,6.103701889514923e-05,50.540000915527344,0.0001831110566854477,-0.0029908139258623123,322.0,323.0,98.5,96.5,21675,21694,21673,21680,0,21694,STANDBY
-0.30000001192092896,-2.619999885559082,9.899999618530273,0.0,0.0,0.0,996.9221801757812,21.860000610351562,0.2869063913822174,1.1110883951187134,0,0,0.0,0.0,0.0,0,0,6.103701889514923e-05,51.52000045776367,0.0001831110566854477,-0.003021332435309887,326.0,327.0,98.5,96.5,21775,21794,21783,21789,0,21794,STANDBY
-0.46000000834465027,-2.7300000190734863,9.869999885559082,0.0,0.0,0.0,996.9195556640625,21.860000610351562,0.3717001974582672,1.6757996082305908,0,0,0.0,0.0,0.0,0,0,6.103701889514923e-05,51.52000045776367,0.0002136295661330223,-0.0030518509447574615,328.0,329.0,98.5,96.5,21875,21894,21874,21880,0,21894,STANDBY
-0.009999999776482582,-2.5899999141693115,10.050000190734863,0.0,0.0,0.0,996.948974609375,21.8799991607666,0.21928897500038147,0.21246401965618134,0,0,0.0,0.0,0.0,0,0,3.0518509447574615e-05,51.52000045776367,0.0002441480755805969,-0.0030518509447574615,332.0,333.0,98.5,96.5,21975,21994,21984,21990,0,21994,STANDBY
0.23000000417232513,-2.319999933242798,10.1899995803833,0.0,0.0,0.0,996.9746704101562,21.889999389648438,0.020271822810173035,-1.2795814275741577,0,0,0.0,0.0,0.0,0,0,3.0518509447574615e-05,51.52000045776367,0.0002441480755805969,-0.0030518509447574615,335.0,336.0,98.5,96.5,22075,22094,22076,22082,0,22094,STANDBY
-0.029999999329447746,-2.3299999237060547,10.380000114440918,0.0,0.0,0.0,996.9579467773438,21.889999389648438,0.05722882226109505,-1.0126373767852783,0,0,0.0,0.0,0.0,0,0,0.0,51.52000045776367,0.0002441480755805969,-0.0030518509447574615,339.0,341.0,98.5,96.5,22175,22194,22187,22193,0,22194,STANDBY
0.0,-2.380000114440918,10.279999732971191,0.0,0.0,0.0,996.9713134765625,21.889999389648438,0.012302865274250507,-0.25287726521492004,0,0,0.0,0.0,0.0,0,0,0.0,51.52000045776367,0.00027466658502817154,-0.0030518509447574615,344.0,345.0,98.5,96.5,22275,22294,22279,22285,0,22294,STANDBY
-0.30000001192092896,-2.0999999046325684,9.920000076293945,0.0,0.0,0.0,996.9661865234375,21.889999389648438,0.0242692232131958,-0.1282193660736084,0,0,0.0,0.0,0.0,0,0,0.0,51.52000045776367,0.00027466658502817154,-0.003021332435309887,346.0,347.0,98.5,96.5,22375,22394,22371,22378,0,22394,STANDBY
-0.9599999785423279,-2.130000114440918,9.699999809265137,0.0,0.0,0.0,996.9661865234375,21.889999389648438,0.03183342143893242,0.02541940286755562,0,0,0.0,0.0,0.0,0,0,3.0518509447574615e-05,50.86000061035156,0.00030518509447574615,-0.003021332435309887,346.0,346.0,98.5,96.5,22475,22494,22480,22488,0,22494,STANDBY
-0.7099999785423279,-2.140000104904175,9.5,0.0,0.0,0.0,996.9430541992188,21.8799991607666,0.18209746479988098,0.61662358045578,0,0,0.0,0.0,0.0,0,0,3.0518509447574615e-05,50.86000061035156,0.00030518509447574615,-0.003021332435309887,344.0,343.0,98.5,96.5,22575,22594,22573,22579,0,22594,STANDBY
-0.8100000023841858,-2.1500000953674316,9.600000381469727,0.0,0.0,0.0,996.924072265625,21.8799991607666,0.2752177119255066,0.963736355304718,0,0,0.0,0.0,0.0,0,0,6.103701889514923e-05,50.86000061035156,0.00030518509447574615,-0.003021332435309887,341.0,341.0,98.5,96.5,22675,22694,22683,22689,0,22694,STANDBY
-0.6000000238418579,-2.2300000190734863,9.619999885559082,0.0,0.0,0.0,996.899169921875,21.8700008392334,0.48479175567626953,1.3325154781341553,0,0,0.0,0.0,0.0,0,0,6.103701889514923e-05,50.86000061035156,0.00030518509447574615,-0.003021332435309887,340.0,340.0,98.5,96.5,22775,22794,22775,22781,0,22794,STANDBY
-0.7599999904632568,-2.4600000381469727,9.699999809265137,0.0,0.0,0.0,996.9266357421875,21.8700008392334,0.4099155068397522,1.0069552659988403,0,0,0.0,0.0,0.0,0,0,6.103701889514923e-05,50.86000061035156,0.00033570360392332077,-0.003021332435309887,339.0,339.0,98.5,96.5,22875,22894,22886,22892,0,22894,STANDBY
-0.7900000214576721,-1.7699999809265137,10.369999885559082,0.0,0.0,17.799999237060547,996.9695434570312,21.889999389648438,0.14884138107299805,-0.881962776184082,0,0,0.0,0.0,0.0,0,0,9.155552834272385e-05,50.209999084472656,0.00033570360392332077,-0.003021332435309887,343.0,344.0,98.5,96.5,22975,22994,22977,22984,0,22994,STANDBY
-0.9399999976158142,-1.5299999713897705,10.09000015258789,0.0,0.0,0.0,996.975830078125,21.899999618530273,-0.016414333134889603,-1.9476780891418457,0,0,0.0,0.0,0.0,0,0,9.155552834272385e-05,48.88999938964844,0.00030518509447574615,-0.003021332435309887,345.0,345.0,98.5,96.5,23075,23094,23087,23093,0,23094,STANDBY
-0.6800000071525574,-1.5299999713897705,10.140000343322754,0.0,0.0,0.0,996.9542846679688,21.899999618530273,0.06051031872630119,-0.9953521490097046,0,0,0.0,0.0,0.0,0,0,9.155552834272385e-05,48.88999938964844,0.00030518509447574615,-0.003021332435309887,345.0,346.0,98.5,96.5,23176,23194,23178,23184,0,23194,STANDBY
-0.3799999952316284,-1.7400000095367432,9.930000305175781,0.0,0.0,0.0,996.9435424804688,21.899999618530273,0.16976818442344666,0.488872766494751,0,0,0.0,0.0,0.0,0,0,9.155552834272385e-05,48.88999938964844,0.00030518509447574615,-0.003021332435309887,345.0,345.0,98.5,96.5,23276,23294,23286,23293,0,23294,STANDBY
-0.25,-1.850000023841858,10.0,0.0,0.0,0.0,996.9534912109375,21.899999618530273,0.13719826936721802,0.5013602375984192,0,0,0.0,0.0,0.0,0,0,9.155552834272385e-05,48.88999938964844,0.00030518509447574615,-0.003021332435309887,346.0,346.0,98.5,96.5,23376,23394,23377,23384,0,23394,STANDBY
-0.07999999821186066,-1.9199999570846558,9.989999771118164,0.0,0.0,0.0,996.96923828125,21.899999618530273,0.02049954980611801,-0.4495610296726227,0,0,0.0,0.0,0.0,0,0,6.103701889514923e-05,48.88999938964844,0.00030518509447574615,-0.003021332435309887,347.0,347.0,98.5,96.5,23476,23494,23486,23492,0,23494,STANDBY
-0.18000000715255737,-2.0999999046325684,9.869999885559082,0.0,0.0,0.0,996.9398193359375,21.90999984741211,0.17223365604877472,-0.03714662045240402,0,0,0.0,0.0,0.0,0,0,6.103701889514923e-05,48.88999938964844,0.00030518509447574615,-0.003021332435309887,347.0,348.0,98.5,96.5,23576,23595,23577,23588,0,23595,STANDBY
-0.10999999940395355,-2.4100000858306885,9.920000076293945,0.0,0.0,44.599998474121094,996.9293823242188,21.889999389648438,0.25729742646217346,0.8484671711921692,0,0,0.0,0.0,0.0,0,0,6.103701889514923e-05,47.290000915527344,0.00030518509447574615,-0.003021332435309887,348.0,348.0,98.5,96.5,23676,23695,23687,23693,0,23695,STANDBY
-0.47999998927116394,-2.809999942779541,10.34000015258789,0.0,0.0,161.0,996.9029541015625,21.8799991607666,0.4479605555534363,1.2450367212295532,0,0,0.0,0.0,0.0,0,0,6.103701889514923e-05,37.060001373291016,0.00033570360392332077,-0.003021332435309887,353.0,354.0,98.5,96.5,23776,23795,23777,23784,0,23795,STANDBY
-2.1600000858306885,-1.350000023841858,9.329999923706055,0.0,-15.800000190734863,337.3999938964844,996.916015625,21.889999389648438,0.4400865435600281,1.0712600946426392,0,0,0.0,0.0,0.0,0,0,0.0001831110566854477,6.579999923706055,0.00033570360392332077,-0.0028382213786244392,355.0,355.0,98.5,96.5,23876,23895,23886,23892,0,23895,STANDBY
-0.7900000214576721,-1.4600000381469727,9.8100004196167,0.0,-29.299999237060547,233.89999389648438,996.97216796875,21.90999984741211,0.15994922816753387,-0.6076356768608093,0,0,0.0,0.0,0.0,0,0,0.0002136295661330223,-19.690000534057617,0.0002441480755805969,-0.002624591812491417,352.0,352.0,98.5,96.5,23976,23995,23977,23985,0,23995,STANDBY
0.009999999776482582,-2.069999933242798,9.729999542236328,0.0,-42.79999923706055,117.19999694824219,996.97216796875,21.90999984741211,0.0318898931145668,-1.7172515392303467,0,0,0.0,0.0,0.0,0,0,9.155552834272385e-05,-37.08000183105469,0.0002136295661330223,-0.0025635547935962677,350.0,350.0,98.5,96.5,24076,24095,24087,24094,0,24095,STANDBY
0.47999998927116394,-2.2300000190734863,10.079999923706055,0.0,-43.70000076293945,69.5,996.9551391601562,21.920000076293945,0.10906370729207993,-0.7763682007789612,0,0,0.0,0.0,0.0,0,0,0.0,-45.040000915527344,0.0002136295661330223,-0.0025940733030438423,349.0,350.0,98.5,96.5,24176,24195,24179,24185,0,24195,STANDBY
0.9900000095367432,-2.5299999713897705,10.050000190734863,0.0,-35.70000076293945,16.799999237060547,996.9710693359375,21.920000076293945,-0.017043404281139374,-0.41674020886421204,0,0,0.0,0.0,0.0,0,0,-0.0001831110566854477,-49.0099983215332,0.0002441480755805969,-0.0026551103219389915,353.0,354.0,63.560001373291016,61.560001373291016,24276,24295,24288,24295,0,24295,STANDBY
1.2200000286102295,-3.190000057220459,10.069999694824219,0.0,-23.100000381469727,0.0,996.9885864257812,21.920000076293945,-0.11226934939622879,-0.9096182584762573,0,0,0.0,0.0,0.0,0,0,-0.00030518509447574615,-49.0099983215332,0.00030518509447574615,-0.0027466658502817154,357.0,358.0,62.5,60.5,24376,24395,24379,24385,0,24395,STANDBY
1.6100000143051147,-3.609999895095825,9.729999542236328,0.0,0.0,0.0,996.991943359375,21.920000076293945,-0.13326627016067505,-0.5451805591583252,0,0,0.0,0.0,0.0,0,0,-0.00033570360392332077,-49.0099983215332,0.0003662221133708954,-0.00277718435972929,361.0,362.0,62.5,60.5,24476,24495,24471,24479,0,24495,STANDBY
1.5299999713897705,-4.010000228881836,9.109999656677246,0.0,0.0,0.0,996.9652099609375,21.920000076293945,-0.02727203071117401,0.105002760887146,0,0,0.0,0.0,0.0,0,0,-0.0003662221133708954,-49.0099983215332,0.0004272591322660446,-0.0028077028691768646,361.0,361.0,62.5,60.5,24576,24595,24582,24588,0,24595,STANDBY
1.350000023841858,-4.199999809265137,9.010000228881836,0.0,0.0,0.0,996.9644775390625,21.920000076293945,0.03046448901295662,0.601874053478241,0,0,0.0,0.0,0.0,0,0,-0.00039674062281847,-49.0099983215332,0.00045777764171361923,-0.0028077028691768646,360.0,360.0,62.5,60.5,24676,24695,24674,24680,0,24695,STANDBY
0.9599999785423279,-3.9700000286102295,9.34000015258789,0.0,0.0,0.0,996.9480590820312,21.90999984741211,0.17567960917949677,1.0369105339050293,0,0,0.0,0.0,0.0,0,0,-0.0003662221133708954,-49.0099983215332,0.0004882961511611938,-0.0028382213786244392,360.0,360.0,62.5,60.5,24776,24795,24785,24792,0,24795,STANDBY
0.5299999713897705,-3.7799999713897705,9.399999618530273,0.0,0.0,0.0,996.9305419921875,21.90999984741211,0.2972668409347534,1.262696623802185,0,0,0.0,0.0,0.0,0,0,-0.00033570360392332077,-49.0099983215332,0.00045777764171361923,-0.0028382213786244392,360.0,361.0,62.5,60.5,24876,24895,24878,24884,0,24895,STANDBY
0.3499999940395355,-3.190000057220459,9.630000114440918,0.0,0.0,0.0,996.9774780273438,21.93000030517578,0.10625143349170685,0.1703798919916153,0,0,0.0,0.0,0.0,0,0,-0.00027466658502817154,-49.0099983215332,0.00039674062281847,-0.002868739888072014,362.0,363.0,62.5,60.5,24976,24995,24988,24994,0,24995,STANDBY
0.25,-2.549999952316284,9.789999961853027,0.0,0.0,0.0,996.978271484375,21.93000030517578,-0.0506010465323925,-1.3537263870239258,0,0,0.0,0.0,0.0,0,0,-0.0002441480755805969,-49.0099983215332,0.00033570360392332077,-0.0028992583975195885,363.0,363.0,62.5,60.5,25076,25095,25080,25086,0,25095,STANDBY
0.07999999821186066,-2.190000057220459,9.680000305175781,0.0,0.0,0.0,996.9790649414062,21.940000534057617,-0.04344907030463219,-1.0420501232147217,0,0,0.0,0.0,0.0,0,0,-0.0001831110566854477,-49.0099983215332,0.00030518509447574615,-0.0028992583975195885,362.0,362.0,62.5,60.5,25176,25195,25171,25179,0,25195,STANDBY
0.09000000357627869,-1.690000057220459,9.970000267028809,0.0,0.0,0.0,996.954833984375,21.93000030517578,0.03418612852692604,0.02050463855266571,0,0,0.0,0.0,0.0,0,0,-0.00015259254723787308,-49.0099983215332,0.00027466658502817154,-0.002929776906967163,361.0,361.0,62.5,60.5,25276,25295,25281,25287,0,25295,STANDBY
0.1599999964237213,-1.649999976158142,10.1899995803833,0.0,0.0,0.0,996.99658203125,21.940000534057617,-0.11460508406162262,-0.1866799294948578,0,0,0.0,0.0,0.0,0,0,-0.00012207403779029846,-49.0099983215332,0.00027466658502817154,-0.002929776906967163,363.0,363.0,62.5,60.5,25376,25395,25372,25379,0,25395,STANDBY
0.23999999463558197,-2.049999952316284,10.119999885559082,0.0,0.0,0.0,996.9763793945312,21.940000534057617,-0.07004784792661667,-0.35014891624450684,0,0,0.0,0.0,0.0,0,0,-0.00012207403779029846,-49.0099983215332,0.00027466658502817154,-0.0029602954164147377,366.0,367.0,62.5,60.5,25476,25495,25481,25488,0,25495,STANDBY
0.5799999833106995,-1.8799999952316284,10.25,0.0,0.0,0.0,996.9630737304688,21.940000534057617,0.009663887321949005,0.23307804763317108,0,0,0.0,0.0,0.0,0,0,-0.00012207403779029846,-49.0099983215332,0.00027466658502817154,-0.0029602954164147377,369.0,370.0,62.5,60.5,25576,25595,25572,25579,0,25595,STANDBY
0.3100000023841858,-1.9900000095367432,10.149999618530273,0.0,0.0,0.0,996.940673828125,21.93000030517578,0.1389077603816986,0.7758200168609619,0,0,0.0,0.0,0.0,0,0,-0.00012207403779029846,-49.0099983215332,0.00027466658502817154,-0.0029602954164147377,374.0,375.0,62.5,60.5,25676,25695,25681,25688,0,25695,STANDBY
0.25,-2.130000114440918,9.539999961853027,0.0,0.0,0.0,996.9466552734375,21.93000030517578,0.14808574318885803,0.7104976177215576,0,0,0.0,0.0,0.0,0,0,-0.00012207403779029846,-49.0099983215332,0.00027466658502817154,-0.0029602954164147377,373.0,373.0,62.5,60.5,25776,25795,25773,25779,0,25795,STANDBY
0.1899999976158142,-2.309999942779541,9.65999984741211,0.0,0.0,0.0,996.91845703125,21.920000076293945,0.3364487290382385,0.9626994132995605,0,0,0.0,0.0,0.0,0,0,-0.00012207403779029846,-49.0099983215332,0.00030518509447574615,-0.0029602954164147377,372.0,372.0,62.5,60.5,25876,25895,25881,25887,0,25895,STANDBY
0.1899999976158142,-2.3499999046325684,9.960000038146973,0.0,0.0,0.0,996.9512329101562,21.940000534057617,0.23171497881412506,0.6812450885772705,0,0,0.0,0.0,0.0,0,0,-0.00012207403779029846,-49.0099983215332,0.00030518509447574615,-0.0029602954164147377,373.0,374.0,62.5,60.5,25976,25995,25972,25979,0,25995,STANDBY
0.4699999988079071,-2.5299999713897705,9.720000267028809,0.0,0.0,0.0,996.9776611328125,21.959999084472656,0.023930534720420837,-0.92559814453125,0,0,0.0,0.0,0.0,0,0,-0.00012207403779029846,-49.0099983215332,0.00030518509447574615,-0.0029602954164147377,374.0,374.0,62.5,60.5,26077,26095,26082,26088,0,26095,STANDBY
0.4399999976158142,-2.569999933242798,9.640000343322754,0.0,0.0,0.0,996.9757690429688,21.959999084472656,-0.011505337432026863,-1.2125611305236816,0,0,0.0,0.0,0.0,0,0,-0.00012207403779029846,-49.0099983215332,0.00033570360392332077,-0.002929776906967163,373.0,373.0,62.5,60.5,26177,26195,26173,26180,0,26195,STANDBY
0.550000011920929,-2.5199999809265137,9.680000305175781,0.0,0.0,0.0,996.9617309570312,21.959999084472656,0.06771643459796906,-0.14772191643714905,0,0,0.0,0.0,0.0,0,0,-0.00015259254723787308,-49.0099983215332,0.00033570360392332077,-0.002929776906967163,371.0,371.0,62.5,60.5,26277,26295,26284,26290,0,26295,STANDBY
0.46000000834465027,-2.630000114440918,9.880000114440918,0.0,0.0,0.0,996.963134765625,21.959999084472656,0.07483348250389099,0.3018670976161957,0,0,0.0,0.0,0.0,0,0,-0.00015259254723787308,-49.0099983215332,0.00033570360392332077,-0.002929776906967163,372.0,373.0,62.5,60.5,26377,26395,26376,26382,0,26395,STANDBY
0.5899999737739563,-2.559999942779541,9.859999656677246,0.0,0.0,0.0,996.9547119140625,21.969999313354492,0.0724189281463623,-0.012641415931284428,0,0,0.0,0.0,0.0,0,0,-0.00015259254723787308,-49.0099983215332,0.0003662221133708954,-0.002929776906967163,373.0,374.0,62.5,60.5,26477,26496,26486,26492,0,26496,STANDBY
0.49000000953674316,-2.5,9.989999771118164,0.0,0.0,0.0,996.9639282226562,21.969999313354492,0.07857045531272888,0.030578015372157097,0,0,0.0,0.0,0.0,0,0,-0.00015259254723787308,-49.0099983215332,0.0003662221133708954,-0.002929776906967163,375.0,375.0,62.5,60.5,26577,26596,26578,26593,0,26596,STANDBY
0.3400000035762787,-2.3299999237060547,9.779999732971191,0.0,0.0,0.0,996.9341430664062,21.959999084472656,0.2169097661972046,0.5723356008529663,0,0,0.0,0.0,0.0,0,0,-0.00015259254723787308,-49.0099983215332,0.0003662221133708954,-0.002929776906967163,375.0,376.0,62.5,60.5,26677,26696,26689,26695,0,26696,STANDBY
0.3700000047683716,-2.299999952316284,9.880000114440918,0.0,0.0,0.0,996.931884765625,21.950000762939453,0.2844806909561157,0.8661583065986633,0,0,0.0,0.0,0.0,0,0,-0.00015259254723787308,-49.0099983215332,0.0003662221133708954,-0.002929776906967163,376.0,376.0,62.5,60.5,26777,26796,26781,26787,0,26796,STANDBY
1.100000023841858,-2.0899999141693115,10.1899995803833,0.0,0.0,-75.80000305175781,996.9136962890625,21.940000534057617,0.39512899518013,0.9009641408920288,0,0,0.0,0.0,0.0,0,0,-0.0001831110566854477,-44.900001525878906,0.00033570360392332077,-0.0029602954164147377,378.0,379.0,62.5,60.5,26877,26896,26873,26881,0,26896,STANDBY
0.8399999737739563,-0.9700000286102295,10.289999961853027,0.0,0.0,-265.79998779296875,996.9297485351562,21.959999084472656,0.3466321527957916,0.4696887731552124,0,0,0.0,0.0,0.0,0,0,-0.0002441480755805969,-23.709999084472656,0.00027466658502817154,-0.003021332435309887,387.0,388.0,62.5,60.5,26977,26996,26984,26990,0,26996,STANDBY
0.3199999928474426,-0.9700000286102295,9.220000267028809,0.0,19.299999237060547,-340.5,996.935302734375,21.969999313354492,0.2950408458709717,-0.22925323247909546,0,0,0.0,0.0,0.0,0,0,-0.0002441480755805969,5.449999809265137,0.0001831110566854477,-0.0029908139258623123,383.0,382.0,62.5,60.5,27077,27096,27075,27081,0,27096,STANDBY
0.4399999976158142,-1.6100000143051147,9.399999618530273,0.0,0.0,-199.1999969482422,996.940185546875,21.979999542236328,0.2668856382369995,-0.3591001033782959,0,0,0.0,0.0,0.0,0,0,-0.00015259254723787308,33.560001373291016,0.0001831110566854477,-0.0028382213786244392,374.0,374.0,62.5,60.5,27177,27196,27185,27191,0,27196,STANDBY
-0.6100000143051147,-1.4900000095367432,10.039999961853027,0.0,0.0,-109.9000015258789,996.9320068359375,21.969999313354492,0.3259466886520386,0.07959561049938202,0,0,0.0,0.0,0.0,0,0,-9.155552834272385e-05,46.060001373291016,0.0002136295661330223,-0.0028077028691768646,372.0,372.0,62.5,60.5,27277,27296,27275,27282,0,27296,STANDBY
0.009999999776482582,-2.380000114440918,9.970000267028809,0.0,0.0,-29.100000381469727,996.9520263671875,21.969999313354492,0.17774978280067444,-0.34765803813934326,0,0,0.0,0.0,0.0,0,0,0.0,53.06999969482422,0.00030518509447574615,-0.002868739888072014,373.0,374.0,62.5,60.5,27377,27396,27384,27390,0,27396,STANDBY
0.25,-2.809999942779541,10.210000038146973,0.0,-18.600000381469727,-16.600000381469727,996.9502563476562,21.979999542236328,0.19358059763908386,-0.5828511714935303,0,0,0.0,0.0,0.0,0,0,-3.0518509447574615e-05,55.150001525878906,0.00039674062281847,-0.002929776906967163,375.0,377.0,98.5,96.5,27478,27496,27475,27482,0,27496,STANDBY
0.8199999928474426,-3.049999952316284,9.90999984741211,0.0,-20.700000762939453,0.0,996.9754638671875,21.969999313354492,-0.00835428200662136,-0.8546191453933716,0,0,0.0,0.0,0.0,0,0,-9.155552834272385e-05,57.33000183105469,0.00045777764171361923,-0.0029908139258623123,380.0,380.0,98.5,96.5,27578,27596,27586,27593,0,27596,STANDBY
0.9200000166893005,-3.2200000286102295,9.420000076293945,0.0,-20.299999237060547,0.0,996.9341430664062,21.959999084472656,0.15111052989959717,-0.5738781690597534,0,0,0.0,0.0,0.0,0,0,-0.00015259254723787308,57.33000183105469,0.0004882961511611938,-0.0029908139258623123,379.0,379.0,98.5,96.5,27678,27696,27679,27685,0,27696,STANDBY
1.3200000524520874,-3.3399999141693115,9.470000267028809,0.0,0.0,0.0,996.9118041992188,21.950000762939453,0.43838202953338623,1.6590131521224976,0,0,0.0,0.0,0.0,0,0,-0.0002136295661330223,57.33000183105469,0.0004882961511611938,-0.0029908139258623123,379.0,379.0,98.5,96.5,27778,27796,27771,27781,0,27796,STANDBY
1.7699999809265137,-3.2699999809265137,9.699999809265137,0.0,0.0,0.0,996.8984375,21.950000762939453,0.5650298595428467,2.1768553256988525,0,0,0.0,0.0,0.0,0,0,-0.0002441480755805969,57.33000183105469,0.0004882961511611938,-0.0029908139258623123,382.0,383.0,98.5,96.5,27878,27896,27882,27888,0,27896,STANDBY
1.6200000047683716,-3.2300000190734863,9.619999885559082,0.0,0.0,0.0,996.9428100585938,21.969999313354492,0.3152749538421631,0.027697622776031494,0,0,0.0,0.0,0.0,0,0,-0.0002441480755805969,57.33000183105469,0.0004882961511611938,-0.0029908139258623123,385.0,385.0,98.5,96.5,27978,27996,27974,27981,0,27996,STANDBY
1.3899999856948853,-3.130000114440918,9.489999771118164,0.0,0.0,0.0,996.9568481445312,21.979999542236328,0.15609575808048248,-1.6007364988327026,0,0,0.0,0.0,0.0,0,0,-0.00027466658502817154,57.33000183105469,0.0004882961511611938,-0.0029908139258623123,385.0,385.0,98.5,96.5,28078,28096,28086,28092,0,28096,STANDBY
1.0399999618530273,-2.819999933242798,9.40999984741211,0.0,15.800000190734863,0.0,996.959228515625,21.979999542236328,0.10087022930383682,-1.2692457437515259,0,0,0.0,0.0,0.0,0,0,-0.0002441480755805969,57.33000183105469,0.0004882961511611938,-0.0029908139258623123,383.0,383.0,98.5,96.5,28178,28196,28178,28184,0,28196,STANDBY
0.3499999940395355,-2.4200000762939453,9.649999618530273,0.0,0.0,0.0,996.9551391601562,21.979999542236328,0.1339568793773651,-0.34757375717163086,0,0,0.0,0.0,0.0,0,0,-0.0001831110566854477,57.33000183105469,0.00045777764171361923,-0.0029908139258623123,379.0,379.0,98.5,96.5,28278,28296,28289,28295,0,28296,STANDBY
0.1599999964237213,-2.380000114440918,9.720000267028809,0.0,0.0,0.0,996.945068359375,21.979999542236328,0.26489800214767456,0.6987037658691406,0,0,0.0,0.0,0.0,0,0,-0.00015259254723787308,57.33000183105469,0.0004272591322660446,-0.0029908139258623123,377.0,377.0,98.5,96.5,28378,28396,28381,28388,0,28396,STANDBY
0.009999999776482582,-2.049999952316284,9.899999618530273,0.0,0.0,0.0,996.9349975585938,21.979999542236328,0.3236163258552551,0.9389992952346802,0,0,0.0,0.0,0.0,0,0,-0.00012207403779029846,57.33000183105469,0.0004272591322660446,-0.003021332435309887,376.0,377.0,98.5,96.5,28478,28496,28474,28481,0,28496,STANDBY
0.15000000596046448,-1.9500000476837158,9.979999542236328,0.0,0.0,0.0,996.9595336914062,21.969999313354492,0.15521438419818878,-0.29231736063957214,0,0,0.0,0.0,0.0,0,0,-9.155552834272385e-05,57.33000183105469,0.0003662221133708954,-0.003021332435309887,376.0,377.0,98.5,96.5,28578,28596,28584,28591,0,28596,STANDBY
0.03999999910593033,-1.9700000286102295,10.010000228881836,0.0,0.0,0.0,996.9259643554688,21.950000762939453,0.3061893880367279,-0.2559599280357361,0,0,0.0,0.0,0.0,0,0,-6.103701889514923e-05,57.33000183105469,0.0003662221133708954,-0.003021332435309887,376.0,377.0,98.5,96.5,28678,28696,28677,28683,0,28696,STANDBY
0.3100000023841858,-2.0899999141693115,9.800000190734863,0.0,0.0,0.0,996.9422607421875,21.940000534057617,0.2605748772621155,0.3428325355052948,0,0,0.0,0.0,0.0,0,0,-6.103701889514923e-05,57.33000183105469,0.00033570360392332077,-0.003021332435309887,376.0,376.0,98.5,96.5,28778,28796,28786,28792,0,28796,STANDBY
0.36000001430511475,-2.240000009536743,9.630000114440918,0.0,0.0,0.0,996.9417724609375,21.920000076293945,0.19557225704193115,-0.37776121497154236,0,0,0.0,0.0,0.0,0,0,-6.103701889514923e-05,57.33000183105469,0.00033570360392332077,-0.003021332435309887,375.0,375.0,98.5,96.5,28878,28896,28878,28884,0,28896,STANDBY
0.5299999713897705,-2.109999895095825,9.970000267028809,0.0,0.0,0.0,996.962646484375,21.93000030517578,0.1818379908800125,-0.25527918338775635,0,0,0.0,0.0,0.0,0,0,-6.103701889514923e-05,57.33000183105469,0.00033570360392332077,-0.003021332435309887,374.0,375.0,98.5,96.5,28978,28996,28988,28995,0,28996,STANDBY
0.5799999833106995,-2.0999999046325684,9.869999885559082,0.0,0.0,0.0,996.9834594726562,21.93000030517578,-0.06199945881962776,-0.9863167405128479,0,0,0.0,0.0,0.0,0,0,-9.155552834272385e-05,57.33000183105469,0.00033570360392332077,-0.003021332435309887,375.0,375.0,98.5,96.5,29078,29096,29080,29086,0,29096,STANDBY
0.44999998807907104,-2.440000057220459,9.729999542236328,0.0,0.0,0.0,996.98046875,21.920000076293945,-0.06367938965559006,-1.328202724456787,0,0,0.0,0.0,0.0,0,0,-9.155552834272385e-05,57.33000183105469,0.00033570360392332077,-0.003021332435309887,374.0,374.0,98.5,96.5,29178,29196,29172,29181,0,29196,STANDBY
0.5299999713897705,-2.4200000762939453,9.550000190734863,0.0,0.0,0.0,996.9807739257812,21.90999984741211,-0.06944619119167328,-0.2851758301258087,0,0,0.0,0.0,0.0,0,0,-9.155552834272385e-05,57.33000183105469,0.00033570360392332077,-0.003021332435309887,371.0,371.0,98.5,96.5,29278,29296,29282,29289,0,29296,STANDBY
0.5400000214576721,-1.9600000381469727,9.880000114440918,0.0,0.0,15.600000381469727,996.979248046875,21.899999618530273,-0.05304884910583496,-0.0006210394203662872,0,0,0.0,0.0,0.0,0,0,-9.155552834272385e-05,57.029998779296875,0.00033570360392332077,-0.003021332435309887,370.0,370.0,98.5,96.5,29378,29396,29374,29381,0,29396,STANDBY
0.4699999988079071,-1.909999966621399,10.0,0.0,0.0,20.200000762939453,996.9735717773438,21.899999618530273,-0.08057445287704468,-0.15455526113510132,0,0,0.0,0.0,0.0,0,0,-9.155552834272385e-05,54.95000076293945,0.00033570360392332077,-0.003021332435309887,370.0,371.0,98.5,96.5,29478,29496,29485,29491,0,29496,STANDBY
0.3100000023841858,-1.7100000381469727,9.949999809265137,0.0,0.0,0.0,996.984375,21.899999618530273,-0.12442034482955933,-0.36823683977127075,0,0,0.0,0.0,0.0,0,0,-6.103701889514923e-05,54.61000061035156,0.00033570360392332077,-0.003021332435309887,371.0,371.0,98.5,96.5,29578,29596,29577,29592,0,29596,STANDBY
0.18000000715255737,-1.6100000143051147,9.859999656677246,0.0,0.0,0.0,996.9639282226562,21.889999389648438,-0.02876526489853859,0.1128065213561058,0,0,0.0,0.0,0.0,0,0,-6.103701889514923e-05,54.61000061035156,0.00030518509447574615,-0.003021332435309887,370.0,370.0,98.5,96.5,29678,29696,29686,29692,0,29696,STANDBY
-0.05000000074505806,-1.5700000524520874,9.800000190734863,0.0,0.0,0.0,996.9572143554688,21.889999389648438,0.09463895112276077,0.9242672920227051,0,0,0.0,0.0,0.0,0,0,-3.0518509447574615e-05,54.61000061035156,0.00030518509447574615,-0.003021332435309887,369.0,369.0,98.5,96.5,29778,29796,29776,29784,0,29796,STANDBY
-0.4399999976158142,-1.75,10.020000457763672,0.0,0.0,0.0,996.9671630859375,21.889999389648438,0.05529426783323288,0.6623016595840454,0,0,0.0,0.0,0.0,0,0,-3.0518509447574615e-05,54.61000061035156,0.00030518509447574615,-0.003021332435309887,369.0,370.0,98.5,96.5,29878,29896,29886,29892,0,29896,STANDBY
-0.8199999928474426,-1.8899999856948853,10.210000038146973,0.0,0.0,-18.0,997.0007934570312,21.90999984741211,-0.09947745501995087,-0.45326656103134155,0,0,0.0,0.0,0.0,0,0,0.0,55.18000030517578,0.00027466658502817154,-0.003021332435309887,371.0,372.0,98.5,96.5,29978,29996,29977,29983,0,29996,STANDBY
-0.27000001072883606,-1.8300000429153442,10.220000267028809,0.0,0.0,-20.100000381469727,996.9884643554688,21.899999618530273,-0.14695578813552856,-0.9520353674888611,0,0,0.0,0.0,0.0,0,0,3.0518509447574615e-05,57.689998626708984,0.00027466658502817154,-0.0030518509447574615,374.0,375.0,98.5,96.5,30078,30096,30087,30093,0,30096,STANDBY
-0.47999998927116394,-1.9299999475479126,10.239999771118164,0.0,0.0,-16.200000762939453,996.9940795898438,21.90999984741211,-0.1719931662082672,-0.6470274925231934,0,0,0.0,0.0,0.0,0,0,3.0518509447574615e-05,59.22999954223633,0.00027466658502817154,-0.0030518509447574615,376.0,377.0,98.5,96.5,30178,30196,30177,30184,0,30196,STANDBY
-0.23999999463558197,-2.0799999237060547,10.130000114440918,0.0,0.0,-28.5,997.010498046875,21.920000076293945,-0.3001618981361389,-0.7051214575767517,0,0,0.0,0.0,0.0,0,0,3.0518509447574615e-05,61.4900016784668,0.00027466658502817154,-0.0030518509447574615,378.0,379.0,98.5,96.5,30278,30296,30286,30292,0,30296,STANDBY
0.05999999865889549,-2.0399999618530273,10.079999923706055,0.0,0.0,-17.399999618530273,996.9982299804688,21.90999984741211,-0.25771206617355347,-0.5439662337303162,0,0,0.0,0.0,0.0,0,0,3.0518509447574615e-05,63.470001220703125,0.00027466658502817154,-0.0030518509447574615,381.0,381.0,98.5,96.5,30379,30396,30377,30385,0,30396,STANDBY
0.9200000166893005,-1.909999966621399,9.609999656677246,0.0,0.0,-26.200000762939453,997.0172119140625,21.920000076293945,-0.3360847234725952,-0.20622192323207855,0,0,0.0,0.0,0.0,0,0,-3.0518509447574615e-05,65.9800033569336,0.00027466658502817154,-0.0030518509447574615,379.0,379.0,98.5,96.5,30479,30496,30487,30494,0,30496,STANDBY
1.190000057220459,-1.149999976158142,9.420000076293945,0.0,0.0,-17.399999618530273,997.01611328125,21.93000030517578,-0.3513839840888977,-0.3503645360469818,0,0,0.0,0.0,0.0,0,0,-6.103701889514923e-05,67.87000274658203,0.0002441480755805969,-0.0030518509447574615,375.0,374.0,98.5,96.5,30579,30596,30578,30595,0,30596,STANDBY
1.2899999618530273,-1.2599999904632568,9.770000457763672,0.0,0.0,-16.600000381469727,996.9589233398438,21.90999984741211,-0.06601423770189285,0.7584077715873718,0,0,0.0,0.0,0.0,0,0,-9.155552834272385e-05,69.55999755859375,0.0002441480755805969,-0.0030518509447574615,373.0,373.0,98.5,96.5,30679,30696,30688,30694,0,30696,STANDBY
1.1799999475479126,-0.8899999856948853,9.960000038146973,0.0,0.0,0.0,996.9447021484375,21.90999984741211,0.1358642429113388,2.006542682647705,0,0,0.0,0.0,0.0,0,0,-0.00012207403779029846,69.55999755859375,0.0002136295661330223,-0.0030518509447574615,372.0,373.0,98.5,96.5,30779,30796,30779,30785,0,30796,STANDBY
1.0099999904632568,-0.7099999785423279,9.710000038146973,0.0,0.0,0.0,996.9554443359375,21.90999984741211,0.1346168965101242,1.4122586250305176,0,0,0.0,0.0,0.0,0,0,-0.00012207403779029846,69.55999755859375,0.0002136295661330223,-0.0030518509447574615,373.0,373.0,98.5,96.5,30879,30896,30887,30895,0,30896,STANDBY
0.7900000214576721,-0.47999998927116394,9.760000228881836,0.0,0.0,0.0,996.9901733398438,21.93000030517578,-0.053496792912483215,-0.28347739577293396,0,0,0.0,0.0,0.0,0,0,-0.00012207403779029846,69.8499984741211,0.0001831110566854477,-0.0030518509447574615,372.0,372.0,98.5,96.5,30979,30996,30979,30985,0,30996,STANDBY
0.8500000238418579,-0.7799999713897705,9.40999984741211,0.0,0.0,0.0,997.007568359375,21.93000030517578,-0.24389225244522095,-1.5504714250564575,0,0,0.0,0.0,0.0,0,0,-0.00012207403779029846,69.8499984741211,0.00015259254723787308,-0.0030518509447574615,367.0,367.0,98.5,96.5,31079,31096,31088,31094,0,31096,STANDBY
0.9200000166893005,-0.6800000071525574,9.989999771118164,0.0,0.0,0.0,996.987548828125,21.93000030517578,-0.21547138690948486,-1.2040129899978638,0,0,0.0,0.0,0.0,0,0,-0.00012207403779029846,69.8499984741211,0.00015259254723787308,-0.003021332435309887,364.0,364.0,98.5,96.5,31179,31196,31179,31185,0,31196,STANDBY
1.1200000047683716,-1.0800000429153442,10.520000457763672,0.0,0.0,0.0,997.01171875,21.93000030517578,-0.24398955702781677,-0.13987930119037628,0,0,0.0,0.0,0.0,0,0,-0.00012207403779029846,69.8499984741211,0.00015259254723787308,-0.003021332435309887,367.0,368.0,98.5,96.5,31279,31296,31288,31295,0,31296,STANDBY
1.149999976158142,-1.1799999475479126,10.630000114440918,0.0,0.0,0.0,997.003173828125,21.940000534057617,-0.2817530035972595,-0.20756874978542328,0,0,0.0,0.0,0.0,0,0,-0.00012207403779029846,69.0,0.00015259254723787308,-0.0030518509447574615,374.0,375.0,98.5,96.5,31379,31396,31379,31385,0,31396,STANDBY
1.1399999856948853,-1.409999966621399,10.170000076293945,0.0,0.0,0.0,996.9898681640625,21.940000534057617,-0.19600507616996765,-0.02786986529827118,0,0,0.0,0.0,0.0,0,0,-0.00012207403779029846,69.0,0.00015259254723787308,-0.0030518509447574615,378.0,379.0,98.5,96.5,31479,31496,31489,31495,0,31496,STANDBY
1.3300000429153442,-1.5800000429153442,10.430000305175781,0.0,0.0,0.0,997.006591796875,21.940000534057617,-0.24804477393627167,0.23225203156471252,0,0,0.0,0.0,0.0,0,0,-0.00015259254723787308,69.0,0.0001831110566854477,-0.0030518509447574615,383.0,385.0,98.5,96.5,31579,31596,31580,31591,0,31596,STANDBY
0.8700000047683716,-1.909999966621399,10.789999961853027,0.0,0.0,0.0,996.968505859375,21.920000076293945,-0.09307081252336502,0.3538835644721985,0,0,0.0,0.0,0.0,0,0,-0.00015259254723787308,68.4000015258789,0.0001831110566854477,-0.0030518509447574615,391.0,393.0,98.5,96.5,31679,31696,31688,31695,0,31696,STANDBY
1.0700000524520874,-1.600000023841858,10.729999542236328,0.0,0.0,0.0,996.9368896484375,21.920000076293945,0.20400169491767883,1.7613829374313354,0,0,0.0,0.0,0.0,0,0,-0.00015259254723787308,68.4000015258789,0.0002136295661330223,-0.0030518509447574615,400.0,402.0,98.5,96.5,31779,31796,31779,31787,0,31796,STANDBY
0.9300000071525574,-1.7899999618530273,10.34000015258789,0.0,0.0,0.0,996.9168701171875,21.920000076293945,0.36776453256607056,2.255009889602661,0,0,0.0,0.0,0.0,0,0,-0.00012207403779029846,68.4000015258789,0.0002136295661330223,-0.0030518509447574615,408.0,410.0,98.5,96.5,31880,31896,31889,31895,0,31896,STANDBY
0.30000001192092896,-2.0399999618530273,10.270000457763672,0.0,0.0,0.0,996.958984375,21.940000534057617,0.18114829063415527,0.5009770393371582,0,0,0.0,0.0,0.0,0,0,-0.00012207403779029846,68.4000015258789,0.0002136295661330223,-0.0030518509447574615,414.0,415.0,98.5,96.5,31980,31996,31980,31986,0,31996,STANDBY
0.28999999165534973,-1.309999942779541,9.829999923706055,0.0,0.0,0.0,996.973876953125,21.940000534057617,0.03661112114787102,-1.0918707847595215,0,0,0.0,0.0,0.0,0,0,-9.155552834272385e-05,68.4000015258789,0.0002136295661330223,-0.0030518509447574615,416.0,416.0,98.5,96.5,32080,32096,32090,32096,0,32096,STANDBY
-0.07999999821186066,-0.7799999713897705,9.699999809265137,0.0,16.899999618530273,0.0,996.9564208984375,21.940000534057617,0.06896307319402695,-0.8408807516098022,0,0,0.0,0.0,0.0,0,0,-6.103701889514923e-05,68.4000015258789,0.0002136295661330223,-0.0030518509447574615,414.0,413.0,98.5,96.5,32180,32196,32180,32187,0,32196,STANDBY
-0.4399999976158142,-0.9599999785423279,9.5,0.0,30.0,0.0,996.96044921875,21.940000534057617,0.06594635546207428,-0.13967496156692505,0,0,0.0,0.0,0.0,0,0,3.0518509447574615e-05,68.4000015258789,0.0001831110566854477,-0.0030518509447574615,409.0,409.0,98.5,96.5,32280,32296,32289,32296,0,32296,STANDBY
-1.2599999904632568,-0.7200000286102295,8.859999656677246,0.0,37.0,0.0,996.94970703125,21.940000534057617,0.1345963031053543,0.26579421758651733,0,0,0.0,0.0,0.0,0,0,0.00015259254723787308,68.4000015258789,0.0001831110566854477,-0.0030518509447574615,403.0,401.0,98.5,96.5,32380,32396,32380,32387,0,32396,STANDBY
-0.9800000190734863,-0.6299999952316284,8.3100004196167,0.0,31.600000381469727,-16.0,996.96875,21.950000762939453,0.03889442980289459,-0.011755116283893585,0,0,0.0,0.0,0.0,0,0,0.0002441480755805969,70.01000213623047,0.0001831110566854477,-0.003021332435309887,389.0,387.0,98.5,96.5,32480,32496,32473,32479,0,32496,STANDBY
-2.049999952316284,-0.9800000190734863,8.670000076293945,0.0,0.0,22.899999618530273,996.9545288085938,21.940000534057617,0.09791521728038788,-0.14880983531475067,0,0,0.0,0.0,0.0,0,0,0.00027466658502817154,69.13999938964844,0.0002136295661330223,-0.003021332435309887,373.0,371.0,98.5,96.5,32580,32596,32582,32591,0,32596,STANDBY
-1.9500000476837158,-0.699999988079071,10.600000381469727,0.0,0.0,0.0,996.9232788085938,21.93000030517578,0.2597416639328003,0.6754754185676575,0,0,0.0,0.0,0.0,0,0,0.00027466658502817154,68.45999908447266,0.0002136295661330223,-0.003021332435309887,373.0,375.0,98.5,96.5,32680,32696,32673,32679,0,32696,STANDBY
-1.5800000429153442,-0.8399999737739563,10.6899995803833,0.0,0.0,21.399999618530273,996.9117431640625,21.920000076293945,0.4192517399787903,1.4072656631469727,0,0,0.0,0.0,0.0,0,0,0.00027466658502817154,66.93000030517578,0.0001831110566854477,-0.003021332435309887,383.0,385.0,98.5,96.5,32780,32796,32783,32789,0,32796,STANDBY
-1.600000023841858,-0.6000000238418579,10.180000305175781,0.0,0.0,0.0,996.89501953125,21.920000076293945,0.5344513058662415,1.4353082180023193,0,0,0.0,0.0,0.0,0,0,0.00027466658502817154,66.2300033569336,0.00015259254723787308,-0.003021332435309887,387.0,388.0,98.5,96.5,32880,32896,32874,32883,0,32896,STANDBY
-1.1200000047683716,-1.3899999856948853,9.569999694824219,0.0,0.0,0.0,996.9385986328125,21.950000762939453,0.3861265778541565,0.36944153904914856,0,0,0.0,0.0,0.0,0,0,0.0002441480755805969,66.2300033569336,0.00015259254723787308,-0.003021332435309887,387.0,387.0,98.5,96.5,32980,32996,32984,32990,0,32996,STANDBY
-1.3200000524520874,-1.840000033378601,9.420000076293945,0.0,0.0,17.299999237060547,996.9586791992188,21.950000762939453,0.1753700077533722,-1.1988195180892944,0,0,0.0,0.0,0.0,0,0,0.0002441480755805969,65.27999877929688,0.00015259254723787308,-0.003021332435309887,384.0,384.0,98.5,96.5,33080,33096,33075,33083,0,33096,STANDBY
-1.100000023841858,-1.5,10.069999694824219,0.0,0.0,20.299999237060547,996.9341430664062,21.959999084472656,0.2577183246612549,-0.9765801429748535,0,0,0.0,0.0,0.0,0,0,0.0002441480755805969,63.150001525878906,0.0001831110566854477,-0.003021332435309887,382.0,383.0,98.5,96.5,33180,33196,33184,33190,0,33196,STANDBY
-1.340000033378601,-1.25,10.100000381469727,0.0,0.0,0.0,996.9400634765625,21.950000762939453,0.2440476417541504,0.004431039094924927,0,0,0.0,0.0,0.0,0,0,0.0002441480755805969,61.970001220703125,0.0001831110566854477,-0.003021332435309887,383.0,384.0,98.5,96.5,33280,33296,33275,33283,0,33296,STANDBY
-1.0800000429153442,-1.350000023841858,9.899999618530273,0.0,0.0,0.0,996.9550170898438,21.959999084472656,0.1714472472667694,-0.2330140471458435,0,0,0.0,0.0,0.0,0,0,0.0002136295661330223,61.970001220703125,0.0001831110566854477,-0.003021332435309887,383.0,384.0,98.5,96.5,33380,33396,33384,33390,0,33396,STANDBY
-1.190000057220459,-1.2300000190734863,9.789999961853027,0.0,0.0,0.0,996.9534301757812,21.950000762939453,0.18059423565864563,-0.2331007719039917,0,0,0.0,0.0,0.0,0,0,0.0002136295661330223,61.970001220703125,0.0001831110566854477,-0.003021332435309887,383.0,383.0,98.5,96.5,33480,33496,33475,33483,0,33496,STANDBY
-1.409999966621399,-0.949999988079071,9.329999923706055,0.0,0.0,0.0,996.9550170898438,21.959999084472656,0.1534569263458252,-0.1392412930727005,0,0,0.0,0.0,0.0,0,0,0.0002136295661330223,61.970001220703125,0.0001831110566854477,-0.003021332435309887,379.0,378.0,98.5,96.5,33580,33596,33585,33594,0,33596,STANDBY
-1.1299999952316284,-0.699999988079071,8.6899995803833,0.0,0.0,0.0,996.916259765625,21.940000534057617,0.3661689758300781,0.5761409997940063,0,0,0.0,0.0,0.0,0,0,0.0002136295661330223,61.970001220703125,0.00015259254723787308,-0.003021332435309887,368.0,366.0,98.5,96.5,33680,33696,33675,33683,0,33696,STANDBY
-1.2100000381469727,-0.6499999761581421,8.9399995803833,0.0,0.0,0.0,996.9381103515625,21.93000030517578,0.3131347894668579,0.7913834452629089,0,0,0.0,0.0,0.0,0,0,0.0002136295661330223,61.970001220703125,0.00015259254723787308,-0.003021332435309887,356.0,354.0,98.5,96.5,33780,33796,33784,33790,0,33796,STANDBY
-1.350000023841858,-1.090000033378601,9.470000267028809,0.0,-18.5,0.0,996.934814453125,21.93000030517578,0.32710081338882446,0.12991631031036377,0,0,0.0,0.0,0.0,0,0,0.0002136295661330223,61.970001220703125,0.00015259254723787308,-0.003021332435309887,351.0,350.0,98.5,96.5,33880,33896,33875,33883,0,33896,STANDBY
-0.9599999785423279,-1.3700000047683716,9.949999809265137,0.0,-28.799999237060547,0.0,996.9508666992188,21.959999084472656,0.26273876428604126,-0.10865648090839386,0,0,0.0,0.0,0.0,0,0,0.00015259254723787308,61.970001220703125,0.00015259254723787308,-0.0030518509447574615,348.0,349.0,98.5,96.5,33980,33996,33985,33991,0,33996,STANDBY
0.41999998688697815,-1.4299999475479126,10.930000305175781,0.0,-34.599998474121094,0.0,996.96240234375,21.959999084472656,0.0927618145942688,-1.0063800811767578,0,0,0.0,0.0,0.0,0,0,6.103701889514923e-05,61.970001220703125,0.00015259254723787308,-0.0030518509447574615,354.0,357.0,98.5,96.5,34080,34096,34075,34083,0,34096,STANDBY
2.200000047683716,-2.450000047683716,11.90999984741211,0.0,-40.79999923706055,0.0,996.9765625,21.959999084472656,0.023996680974960327,-1.1940075159072876,0,0,0.0,0.0,0.0,0,0,-0.00012207403779029846,61.970001220703125,0.0002441480755805969,-0.0030518509447574615,374.0,379.0,98.5,96.5,34180,34196,34185,34191,0,34196,STANDBY
2.490000009536743,-2.569999933242798,10.960000038146973,0.0,-38.79999923706055,0.0,996.9564819335938,21.959999084472656,0.057411883026361465,-0.4637124538421631,0,0,0.0,0.0,0.0,0,0,-0.0002441480755805969,61.970001220703125,0.00030518509447574615,-0.003021332435309887,390.0,393.0,98.5,96.5,34280,34296,34276,34283,0,34296,STANDBY
2.7100000381469727,-2.2899999618530273,8.8100004196167,0.0,-27.899999618530273,0.0,996.9579467773438,21.969999313354492,0.11294665932655334,0.19755837321281433,0,0,0.0,0.0,0.0,0,0,-0.0003662221133708954,61.52000045776367,0.00033570360392332077,-0.003021332435309887,391.0,391.0,98.5,96.5,34380,34396,34384,34391,0,34396,STANDBY
2.9200000762939453,-2.4600000381469727,8.609999656677246,0.0,0.0,0.0,996.9962768554688,21.969999313354492,-0.10222623497247696,-0.3855627179145813,0,0,0.0,0.0,0.0,0,0,-0.0004272591322660446,60.720001220703125,0.00033570360392332077,-0.0029908139258623123,386.0,385.0,98.5,96.5,34480,34496,34476,34483,0,34496,STANDBY
2.930000066757202,-2.549999952316284,9.289999961853027,0.0,0.0,0.0,996.9802856445312,21.979999542236328,-0.11166813969612122,-1.0565117597579956,0,0,0.0,0.0,0.0,0,0,-0.00045777764171361923,60.720001220703125,0.00033570360392332077,-0.0029908139258623123,383.0,383.0,98.5,96.5,34580,34596,34585,34593,0,34596,STANDBY
2.630000114440918,-1.8799999952316284,9.489999771118164,0.0,15.800000190734863,0.0,996.9490356445312,21.959999084472656,0.10020024329423904,0.39920181035995483,0,0,0.0,0.0,0.0,0,0,-0.0004272591322660446,60.720001220703125,0.00030518509447574615,-0.0029908139258623123,383.0,384.0,98.5,96.5,34680,34696,34675,34683,0,34696,STANDBY
2.0,-1.659999966621399,9.369999885559082,0.0,17.200000762939453,0.0,996.9456787109375,21.959999084472656,0.22114697098731995,1.512260913848877,0,0,0.0,0.0,0.0,0,0,-0.0003662221133708954,60.720001220703125,0.00027466658502817154,-0.003021332435309887,382.0,382.0,98.5,96.5,34781,34796,34785,34791,0,34796,STANDBY
1.6299999952316284,-1.7799999713897705,9.470000267028809,0.0,0.0,0.0,996.9490356445312,21.959999084472656,0.18366095423698425,0.7125528454780579,0,0,0.0,0.0,0.0,0,0,-0.00033570360392332077,60.720001220703125,0.00027466658502817154,-0.003021332435309887,381.0,381.0,98.5,96.5,34881,34896,34876,34884,0,34896,STANDBY
1.3600000143051147,-1.9299999475479126,9.180000305175781,0.0,0.0,38.099998474121094,996.99267578125,21.979999542236328,-0.058845601975917816,-0.8899683356285095,0,0,0.0,0.0,0.0,0,0,-0.00030518509447574615,58.2599983215332,0.00027466658502817154,-0.003021332435309887,376.0,376.0,98.5,96.5,34981,34996,34984,34992,0,34996,STANDBY
1.0,-2.259999990463257,9.149999618530273,0.0,0.0,83.19999694824219,996.9751586914062,21.979999542236328,-0.060755833983421326,-1.19992196559906,0,0,0.0,0.0,0.0,0,0,-0.00027466658502817154,52.529998779296875,0.00030518509447574615,-0.003021332435309887,370.0,369.0,98.5,96.5,35081,35096,35076,35084,0,35096,STANDBY
-0.7699999809265137,-2.25,8.899999618530273,0.0,0.0,223.39999389648438,996.993408203125,21.989999771118164,-0.15296682715415955,-0.7177248001098633,0,0,0.0,0.0,0.0,0,0,-0.00015259254723787308,34.15999984741211,0.0003662221133708954,-0.002929776906967163,362.0,360.0,98.5,96.5,35181,35196,35186,35192,0,35196,STANDBY
-0.5400000214576721,-2.2799999713897705,8.84000015258789,0.0,0.0,280.70001220703125,997.0053100585938,21.979999542236328,-0.24132880568504333,-0.7724997997283936,0,0,0.0,0.0,0.0,0,0,-3.0518509447574615e-05,8.720000267028809,0.00039674062281847,-0.00277718435972929,351.0,349.0,98.5,96.5,35281,35296,35278,35284,0,35296,STANDBY
-0.23000000417232513,-3.2200000286102295,10.899999618530273,0.0,0.0,207.10000610351562,996.993408203125,21.989999771118164,-0.1689687967300415,-0.21427780389785767,0,0,0.0,0.0,0.0,0,0,3.0518509447574615e-05,-19.040000915527344,0.00039674062281847,-0.002533036284148693,352.0,355.0,98.5,96.5,35381,35396,35388,35394,0,35396,STANDBY
-1.0299999713897705,-4.75,12.479999542236328,0.0,-29.600000381469727,162.89999389648438,996.9815673828125,21.989999771118164,-0.115472711622715,0.38948026299476624,0,0,0.0,0.0,0.0,0,0,0.0,-38.20000076293945,0.0004272591322660446,-0.0022583696991205215,376.0,381.0,98.5,96.5,35481,35496,35490,35496,0,35496,STANDBY
-1.850000023841858,-4.739999771118164,12.149999618530273,0.0,-36.0,112.69999694824219,996.9907836914062,21.989999771118164,-0.18218332529067993,-0.043030746281147,0,0,0.0,0.0,0.0,0,0,-9.155552834272385e-05,-52.63999938964844,0.0004272591322660446,-0.00198370311409235,405.0,410.0,98.5,96.5,35581,35596,35588,35594,0,35596,STANDBY
-1.6200000047683716,-4.159999847412109,10.15999984741211,0.0,-37.79999923706055,88.9000015258789,996.9417114257812,21.979999542236328,0.06478564441204071,0.5233269929885864,0,0,0.0,0.0,0.0,0,0,-0.0001831110566854477,-62.029998779296875,0.0004272591322660446,-0.0019531846046447754,421.0,423.0,98.5,96.5,35681,35696,35678,35684,0,35696,STANDBY
-0.6899999976158142,-4.429999828338623,8.399999618530273,0.0,-41.900001525878906,54.79999923706055,996.9625244140625,21.989999771118164,0.16963431239128113,1.7232071161270142,0,0,0.0,0.0,0.0,0,0,-0.00030518509447574615,-71.08999633789062,0.00045777764171361923,-0.00198370311409235,416.0,415.0,97.75,95.75,35781,35796,35789,35796,0,35796,STANDBY
-0.5,-4.519999980926514,8.3100004196167,0.0,-36.79999923706055,28.399999618530273,996.9581298828125,21.989999771118164,0.14723896980285645,0.9409728050231934,0,0,0.0,0.0,0.0,0,0,-0.0004272591322660446,-74.66000366210938,0.00045777764171361923,-0.002075258642435074,409.0,408.0,62.5,60.5,35881,35896,35883,35889,0,35896,STANDBY
0.07999999821186066,-5.130000114440918,8.479999542236328,0.0,-21.600000381469727,0.0,996.947509765625,22.010000228881836,0.16041183471679688,-0.08449655026197433,0,0,0.0,0.0,0.0,0,0,-0.0004882961511611938,-76.30000305175781,0.00045777764171361923,-0.0021668141707777977,405.0,404.0,62.5,60.5,35981,35996,35976,35984,0,35996,STANDBY
-0.23000000417232513,-5.53000020980835,8.550000190734863,0.0,0.0,0.0,996.944091796875,22.010000228881836,0.20063729584217072,0.11770402640104294,0,0,0.0,0.0,0.0,0,0,-0.0005188146606087685,-76.30000305175781,0.0004882961511611938,-0.002288888208568096,400.0,400.0,62.5,60.5,36081,36096,36086,36092,0,36096,STANDBY
-0.7300000190734863,-5.630000114440918,9.539999961853027,0.0,15.699999809265137,21.299999237060547,996.9232788085938,22.010000228881836,0.3345234990119934,0.7096386551856995,0,0,0.0,0.0,0.0,0,0,-0.00045777764171361923,-78.3499984741211,0.0005188146606087685,-0.0023499252274632454,404.0,406.0,62.5,60.5,36182,36196,36178,36185,0,36196,STANDBY
-1.190000057220459,-4.989999771118164,9.539999961853027,0.0,0.0,28.200000762939453,996.9281005859375,22.010000228881836,0.32093578577041626,0.5985924005508423,0,0,0.0,0.0,0.0,0,0,-0.0003662221133708954,-81.0199966430664,0.0005188146606087685,-0.00238044373691082,411.0,412.0,62.5,60.5,36282,36296,36272,36278,0,36296,STANDBY
-1.559999942779541,-3.430000066757202,9.579999923706055,0.0,0.0,21.899999618530273,996.9407958984375,22.010000228881836,0.2943357229232788,0.08077289909124374,0,0,0.0,0.0,0.0,0,0,-0.0002441480755805969,-83.62999725341797,0.00045777764171361923,-0.0024109622463583946,413.0,414.0,62.5,60.5,36382,36396,36383,36389,0,36396,STANDBY
-1.5099999904632568,-3.0799999237060547,9.529999732971191,0.0,0.0,0.0,996.94482421875,22.010000228881836,0.2485351264476776,-0.1917063146829605,0,0,0.0,0.0,0.0,0,0,-0.00015259254723787308,-83.93000030517578,0.0004272591322660446,-0.002471999265253544,414.0,414.0,62.5,60.5,36482,36496,36476,36485,0,36496,STANDBY
-1.4600000381469727,-2.2200000286102295,9.960000038146973,0.0,0.0,0.0,996.9715576171875,22.010000228881836,0.11758991330862045,-0.6514168977737427,0,0,0.0,0.0,0.0,0,0,-9.155552834272385e-05,-83.93000030517578,0.0003662221133708954,-0.002533036284148693,415.0,415.0,62.5,60.5,36582,36596,36587,36594,0,36596,STANDBY
-1.2599999904632568,-2.299999952316284,10.109999656677246,0.0,0.0,0.0,996.914306640625,22.0,0.32634615898132324,-0.03649680316448212,0,0,0.0,0.0,0.0,0,0,-6.103701889514923e-05,-83.93000030517578,0.00039674062281847,-0.0025635547935962677,416.0,417.0,62.5,60.5,36682,36696,36678,36685,0,36696,STANDBY
-1.190000057220459,-2.5799999237060547,10.489999771118164,0.0,0.0,0.0,996.9157104492188,21.989999771118164,0.39889413118362427,0.8989414572715759,0,0,0.0,0.0,0.0,0,0,-3.0518509447574615e-05,-83.93000030517578,0.00039674062281847,-0.0025940733030438423,422.0,424.0,62.5,60.5,36782,36796,36788,36794,0,36796,STANDBY
-1.309999942779541,-3.0399999618530273,10.09000015258789,0.0,0.0,0.0,996.9090576171875,21.989999771118164,0.4249381721019745,0.6377800107002258,0,0,0.0,0.0,0.0,0,0,-3.0518509447574615e-05,-83.93000030517578,0.00039674062281847,-0.002624591812491417,428.0,430.0,62.5,60.5,36882,36896,36879,36885,0,36896,STANDBY
-1.5499999523162842,-2.690000057220459,9.789999961853027,0.0,0.0,0.0,996.9523315429688,22.020000457763672,0.21885941922664642,-0.4687894880771637,0,0,0.0,0.0,0.0,0,0,-3.0518509447574615e-05,-83.93000030517578,0.0004272591322660446,-0.002624591812491417,430.0,430.0,62.5,60.5,36982,36996,36972,36978,0,36996,STANDBY
-1.5,-2.8399999141693115,9.970000267028809,0.0,0.0,0.0,996.9464111328125,22.020000457763672,0.18819594383239746,-0.9595668911933899,0,0,0.0,0.0,0.0,0,0,-3.0518509447574615e-05,-83.93000030517578,0.00045777764171361923,-0.002624591812491417,432.0,433.0,62.5,60.5,37082,37096,37084,37090,0,37096,STANDBY
-1.7799999713897705,-3.0799999237060547,9.65999984741211,0.0,0.0,0.0,996.9248657226562,22.010000228881836,0.3165096938610077,0.06470313668251038,0,0,0.0,0.0,0.0,0,0,-3.0518509447574615e-05,-83.93000030517578,0.00045777764171361923,-0.002624591812491417,433.0,434.0,62.5,60.5,37182,37196,37177,37185,0,37196,STANDBY
-1.8799999952316284,-2.799999952316284,9.739999771118164,0.0,0.0,0.0,996.94482421875,22.010000228881836,0.23181867599487305,0.2385072410106659,0,0,0.0,0.0,0.0,0,0,0.0,-83.93000030517578,0.0004882961511611938,-0.002624591812491417,434.0,435.0,62.5,60.5,37282,37296,37287,37294,0,37296,STANDBY
-1.7799999713897705,-2.880000114440918,9.859999656677246,0.0,0.0,0.0,996.9564208984375,22.020000457763672,0.1521911919116974,-0.5083532929420471,0,0,0.0,0.0,0.0,0,0,0.0,-83.93000030517578,0.0004882961511611938,-0.002624591812491417,436.0,437.0,62.5,60.5,37382,37396,37381,37387,0,37396,STANDBY
-1.850000023841858,-2.549999952316284,9.880000114440918,0.0,0.0,0.0,996.950439453125,22.020000457763672,0.161271870136261,-0.4125549793243408,0,0,0.0,0.0,0.0,0,0,3.0518509447574615e-05,-83.93000030517578,0.0004882961511611938,-0.002624591812491417,438.0,439.0,62.5,60.5,37482,37496,37474,37480,0,37496,STANDBY
-1.909999966621399,-2.240000009536743,9.800000190734863,0.0,0.0,0.0,996.9464111328125,22.020000457763672,0.20930838584899902,0.13579431176185608,0,0,0.0,0.0,0.0,0,0,3.0518509447574615e-05,-83.93000030517578,0.0004882961511611938,-0.002624591812491417,439.0,440.0,62.5,60.5,37582,37596,37585,37596,0,37596,STANDBY
-1.8300000429153442,-2.069999933242798,9.890000343322754,0.0,0.0,0.0,996.9140014648438,22.010000228881836,0.3604849874973297,0.7050471901893616,0,0,0.0,0.0,0.0,0,0,6.103701889514923e-05,-83.93000030517578,0.00045777764171361923,-0.0026551103219389915,440.0,440.0,62.5,60.5,37682,37696,37678,37685,0,37696,STANDBY
-1.5,-2.359999895095825,10.25,0.0,0.0,0.0,996.8864135742188,22.0,0.6138039827346802,1.673783302307129,0,0,0.0,0.0,0.0,0,0,6.103701889514923e-05,-83.93000030517578,0.00045777764171361923,-0.0026551103219389915,443.0,444.0,62.5,60.5,37782,37796,37789,37795,0,37796,STANDBY
-1.659999966621399,-2.2899999618530273,10.039999961853027,0.0,0.0,0.0,996.8897094726562,22.0,0.6649582386016846,1.696117639541626,0,0,0.0,0.0,0.0,0,0,6.103701889514923e-05,-83.93000030517578,0.00045777764171361923,-0.0026551103219389915,446.0,447.0,62.5,60.5,37882,37896,37881,37888,0,37896,STANDBY
-1.6399999856948853,-2.5999999046325684,9.90999984741211,0.0,0.0,0.0,996.9281005859375,22.010000228881836,0.458537757396698,-0.10197848081588745,0,0,0.0,0.0,0.0,0,0,6.103701889514923e-05,-83.93000030517578,0.00045777764171361923,-0.002685628831386566,449.0,450.0,62.5,60.5,37982,37996,37974,37980,0,37996,STANDBY
-1.309999942779541,-2.609999895095825,9.819999694824219,0.0,0.0,0.0,996.9121704101562,22.020000457763672,0.442014217376709,-1.005478858947754,0,0,0.0,0.0,0.0,0,0,6.103701889514923e-05,-83.93000030517578,0.00045777764171361923,-0.002685628831386566,450.0,450.0,62.5,60.5,38082,38096,38085,38091,0,38096,STANDBY
-0.9800000190734863,-2.640000104904175,9.84000015258789,0.0,0.0,-18.700000762939453,996.9096069335938,22.020000457763672,0.462302565574646,-0.364223837852478,0,0,0.0,0.0,0.0,0,0,3.0518509447574615e-05,-83.22000122070312,0.00045777764171361923,-0.002685628831386566,449.0,450.0,62.5,60.5,38182,38196,38178,38185,0,38196,STANDBY
-1.2899999618530273,-3.069999933242798,9.829999923706055,0.0,0.0,-49.0,996.9404907226562,22.020000457763672,0.2839050889015198,-0.607685387134552,0,0,0.0,0.0,0.0,0,0,0.0,-79.08000183105469,0.00045777764171361923,-0.0027466658502817154,450.0,451.0,62.5,60.5,38282,38296,38289,38296,0,38296,STANDBY
-0.9300000071525574,-3.569999933242798,10.449999809265137,0.0,0.0,-111.19999694824219,996.916259765625,22.020000457763672,0.3713780641555786,-0.5324972867965698,0,0,0.0,0.0,0.0,0,0,-3.0518509447574615e-05,-71.4800033569336,0.00045777764171361923,-0.0028077028691768646,457.0,459.0,62.5,60.5,38382,38396,38382,38388,0,38396,STANDBY
-0.550000011920929,-2.309999942779541,9.949999809265137,0.0,0.0,-225.5,996.9337768554688,22.020000457763672,0.31554630398750305,0.010321304202079773,0,0,0.0,0.0,0.0,0,0,-9.155552834272385e-05,-53.84000015258789,0.00045777764171361923,-0.002929776906967163,460.0,460.0,62.5,60.5,38482,38496,38475,38481,0,38496,STANDBY
-1.2100000381469727,-2.0799999237060547,9.640000343322754,0.0,22.0,-282.79998779296875,996.9404907226562,22.020000457763672,0.2818198502063751,-0.20880889892578125,0,0,0.0,0.0,0.0,0,0,-0.00012207403779029846,-23.18000030517578,0.00039674062281847,-0.003021332435309887,458.0,458.0,62.5,60.5,38582,38596,38586,38596,0,38596,STANDBY
0.019999999552965164,-2.5299999713897705,9.579999923706055,0.0,19.299999237060547,-204.39999389648438,996.924072265625,22.010000228881836,0.3641725182533264,0.12408626079559326,0,0,0.0,0.0,0.0,0,0,-9.155552834272385e-05,-0.800000011920929,0.00039674062281847,-0.0029908139258623123,455.0,455.0,62.5,60.5,38682,38696,38678,38685,0,38696,STANDBY
-0.20000000298023224,-2.5199999809265137,9.869999885559082,0.0,0.0,-165.6999969482422,996.903564453125,22.0,0.5098025798797607,0.8585854172706604,0,0,0.0,0.0,0.0,0,0,-9.155552834272385e-05,18.93000030517578,0.00039674062281847,-0.0029602954164147377,454.0,454.0,62.5,60.5,38782,38796,38788,38794,0,38796,STANDBY
0.5799999833106995,-2.930000066757202,9.510000228881836,0.0,0.0,-99.80000305175781,996.8864135742188,22.0,0.6080536842346191,1.062388300895691,0,0,0.0,0.0,0.0,0,0,-9.155552834272385e-05,31.09000015258789,0.00045777764171361923,-0.002929776906967163,454.0,454.0,62.5,60.5,38882,38896,38880,38885,0,38896,STANDBY
0.03999999910593033,-2.9000000953674316,9.369999885559082,0.0,0.0,-29.0,996.925537109375,22.020000457763672,0.4584389925003052,0.14930084347724915,0,0,0.0,0.0,0.0,0,0,-9.155552834272385e-05,35.369998931884766,0.0004882961511611938,-0.0029602954164147377,448.0,448.0,62.5,60.5,38982,38996,38972,38978,0,38996,STANDBY
0.25999999046325684,-3.680000066757202,10.319999694824219,0.0,0.0,-32.400001525878906,996.9221801757812,22.020000457763672,0.39629632234573364,-0.7387799620628357,0,0,0.0,0.0,0.0,0,0,-9.155552834272385e-05,39.08000183105469,0.0005188146606087685,-0.0029908139258623123,452.0,453.0,74.30999755859375,72.30999755859375,39083,39096,39083,39089,0,39096,STANDBY
0.41999998688697815,-3.359999895095825,9.75,0.0,0.0,-20.799999237060547,996.9288940429688,22.020000457763672,0.3728591799736023,-0.5590630769729614,0,0,0.0,0.0,0.0,0,0,-0.00012207403779029846,41.0099983215332,0.0005493331700563431,-0.0029908139258623123,455.0,455.0,98.5,96.5,39183,39196,39175,39181,0,39196,STANDBY
0.1599999964237213,-3.059999942779541,9.609999656677246,0.0,0.0,0.0,996.9181518554688,22.010000228881836,0.3923901915550232,-0.16079279780387878,0,0,0.0,0.0,0.0,0,0,-0.00012207403779029846,41.86000061035156,0.0005188146606087685,-0.0029908139258623123,454.0,454.0,98.5,96.5,39283,39296,39286,39292,0,39296,STANDBY
0.1599999964237213,-2.8499999046325684,9.529999732971191,0.0,0.0,0.0,996.9381103515625,22.010000228881836,0.32744139432907104,-0.1726578176021576,0,0,0.0,0.0,0.0,0,0,-0.00012207403779029846,41.33000183105469,0.00045777764171361923,-0.003021332435309887,451.0,451.0,98.5,96.5,39383,39396,39378,39386,0,39396,STANDBY
0.25999999046325684,-2.2100000381469727,9.930000305175781,0.0,0.0,0.0,996.958251953125,22.010000228881836,0.15398967266082764,-0.8873093128204346,0,0,0.0,0.0,0.0,0,0,-9.155552834272385e-05,41.63999938964844,0.00039674062281847,-0.003021332435309887,452.0,452.0,98.5,96.5,39483,39496,39489,39496,0,39496,STANDBY
0.25999999046325684,-1.940000057220459,9.4399995803833,0.0,0.0,0.0,996.939208984375,22.010000228881836,0.16999021172523499,-1.0189602375030518,0,0,0.0,0.0,0.0,0,0,-9.155552834272385e-05,41.63999938964844,0.0003662221133708954,-0.003021332435309887,449.0,449.0,98.5,96.5,39583,39596,39581,39586,0,39596,STANDBY
-0.14000000059604645,-2.119999885559082,9.420000076293945,0.0,0.0,0.0,996.923583984375,22.0,0.3109665811061859,0.29998862743377686,0,0,0.0,0.0,0.0,0,0,-6.103701889514923e-05,41.63999938964844,0.0003662221133708954,-0.003021332435309887,443.0,443.0,98.5,96.5,39683,39696,39672,39678,0,39696,STANDBY
-0.36000001430511475,-2.4700000286102295,10.380000114440918,0.0,0.0,0.0,996.931396484375,21.989999771118164,0.3094536066055298,0.7430869340896606,0,0,0.0,0.0,0.0,0,0,-3.0518509447574615e-05,41.63999938964844,0.0003662221133708954,-0.003021332435309887,446.0,447.0,98.5,96.5,39783,39796,39781,39787,0,39796,STANDBY
-0.25999999046325684,-1.9600000381469727,9.859999656677246,0.0,0.0,0.0,996.9213256835938,21.989999771118164,0.3851913809776306,0.5128440260887146,0,0,0.0,0.0,0.0,0,0,0.0,41.63999938964844,0.00033570360392332077,-0.003021332435309887,448.0,448.0,98.5,96.5,39883,39896,39872,39878,0,39896,STANDBY
-0.5699999928474426,-1.649999976158142,9.869999885559082,0.0,0.0,-22.899999618530273,996.9314575195312,22.010000228881836,0.34633344411849976,0.2910407781600952,0,0,0.0,0.0,0.0,0,0,0.0,43.36000061035156,0.00033570360392332077,-0.003021332435309887,445.0,446.0,98.5,96.5,39983,39996,39982,39988,0,39996,STANDBY
-0.27000001072883606,-1.3799999952316284,9.779999732971191,0.0,0.0,-26.700000762939453,996.94970703125,22.020000457763672,0.1997288316488266,-0.6578457355499268,0,0,0.0,0.0,0.0,0,0,3.0518509447574615e-05,45.689998626708984,0.00033570360392332077,-0.003021332435309887,443.0,443.0,98.5,96.5,40083,40096,40072,40079,0,40096,STANDBY
0.0,-0.9599999785423279,10.229999542236328,0.0,0.0,-22.200000762939453,996.9776000976562,22.010000228881836,0.008742187172174454,-1.4546654224395752,0,0,0.0,0.0,0.0,0,0,3.0518509447574615e-05,48.279998779296875,0.00030518509447574615,-0.003021332435309887,442.0,442.0,98.5,96.5,40183,40196,40181,40187,0,40196,STANDBY
-0.47999998927116394,-1.0,10.279999732971191,0.0,0.0,-27.399999618530273,996.967529296875,22.010000228881836,-0.0008002109825611115,-1.152012825012207,0,0,0.0,0.0,0.0,0,0,3.0518509447574615e-05,50.31999969482422,0.00027466658502817154,-0.003021332435309887,443.0,443.0,98.5,96.5,40283,40296,40272,40279,0,40296,STANDBY
-0.23000000417232513,-1.1699999570846558,9.770000457763672,0.0,0.0,-16.899999618530273,996.9652099609375,22.0,-0.022296946495771408,-0.5125366449356079,0,0,0.0,0.0,0.0,0,0,6.103701889514923e-05,52.79999923706055,0.0002441480755805969,-0.003021332435309887,442.0,442.0,98.5,96.5,40383,40396,40382,40388,0,40396,STANDBY
-0.5,-1.190000057220459,9.699999809265137,0.0,0.0,0.0,996.9801635742188,22.010000228881836,-0.03250508010387421,-0.09791607409715652,0,0,0.0,0.0,0.0,0,0,6.103701889514923e-05,52.79999923706055,0.0002136295661330223,-0.003021332435309887,438.0,437.0,98.5,96.5,40483,40496,40473,40479,0,40496,STANDBY
-1.1200000047683716,-1.3899999856948853,10.989999771118164,0.0,0.0,-16.0,996.9808349609375,22.010000228881836,-0.05927763879299164,-0.027142323553562164,0,0,0.0,0.0,0.0,0,0,9.155552834272385e-05,53.060001373291016,0.0002136295661330223,-0.003021332435309887,442.0,445.0,98.5,96.5,40584,40596,40583,40596,0,40596,STANDBY
-0.5899999737739563,-1.3200000524520874,10.199999809265137,0.0,0.0,0.0,996.9176635742188,22.0,0.2677529454231262,0.9232339859008789,0,0,0.0,0.0,0.0,0,0,9.155552834272385e-05,53.31999969482422,0.0001831110566854477,-0.003021332435309887,448.0,449.0,98.5,96.5,40684,40696,40674,40680,0,40696,STANDBY
-0.12999999523162842,-1.4900000095367432,12.119999885559082,0.0,0.0,0.0,996.9151000976562,22.0,0.4098065495491028,1.9947240352630615,0,0,0.0,0.0,0.0,0,0,9.155552834272385e-05,53.31999969482422,0.0001831110566854477,-0.003021332435309887,452.0,456.0,98.5,96.5,40784,40796,40782,40788,0,40796,STANDBY
-0.8100000023841858,-1.6399999856948853,10.359999656677246,0.0,0.0,0.0,996.91357421875,22.0,0.4789864718914032,1.466639757156372,0,0,0.0,0.0,0.0,0,0,9.155552834272385e-05,53.31999969482422,0.0001831110566854477,-0.0030518509447574615,455.0,456.0,98.5,96.5,40884,40896,40873,40880,0,40896,STANDBY
-0.4699999988079071,-1.7000000476837158,10.010000228881836,0.0,0.0,0.0,996.9564208984375,22.020000457763672,0.20417053997516632,-0.4241235852241516,0,0,0.0,0.0,0.0,0,0,0.00012207403779029846,53.31999969482422,0.0001831110566854477,-0.0030518509447574615,459.0,459.0,98.5,96.5,40984,40996,40982,40988,0,40996,STANDBY
-0.10000000149011612,-1.4299999475479126,10.010000228881836,0.0,0.0,0.0,996.9623413085938,22.020000457763672,0.12588559091091156,-1.4746923446655273,0,0,0.0,0.0,0.0,0,0,9.155552834272385e-05,53.31999969482422,0.0001831110566854477,-0.0030518509447574615,458.0,458.0,98.5,96.5,41084,41096,41073,41079,0,41096,STANDBY
-0.7799999713897705,-1.5499999523162842,10.029999732971191,0.0,0.0,0.0,996.9381103515625,22.010000228881836,0.18222126364707947,-0.5850111842155457,0,0,0.0,0.0,0.0,0,0,9.155552834272385e-05,53.31999969482422,0.0001831110566854477,-0.0030518509447574615,458.0,459.0,98.5,96.5,41184,41196,41182,41188,0,41196,STANDBY
-0.3499999940395355,-1.4299999475479126,10.020000457763672,0.0,0.0,0.0,996.9451293945312,22.0,0.21026611328125,0.17510591447353363,0,0,0.0,0.0,0.0,0,0,9.155552834272385e-05,53.31999969482422,0.0001831110566854477,-0.0030518509447574615,458.0,459.0,98.5,96.5,41284,41296,41273,41279,0,41296,STANDBY
-0.4000000059604645,-1.5099999904632568,10.010000228881836,0.0,0.0,0.0,996.9866943359375,22.0,-0.04481828957796097,-0.6606600284576416,0,0,0.0,0.0,0.0,0,0,9.155552834272385e-05,53.31999969482422,0.0001831110566854477,-0.0030518509447574615,458.0,459.0,98.5,96.5,41384,41396,41381,41388,0,41396,STANDBY
-0.3799999952316284,-1.4199999570846558,10.010000228881836,0.0,0.0,0.0,996.9710693359375,21.979999542236328,-0.0199289470911026,-1.090259075164795,0,0,0.0,0.0,0.0,0,0,9.155552834272385e-05,53.31999969482422,0.0001831110566854477,-0.0030518509447574615,458.0,459.0,98.5,96.5,41484,41496,41473,41479,0,41496,STANDBY
-0.33000001311302185,-1.4900000095367432,9.989999771118164,0.0,0.0,0.0,996.9662475585938,21.969999313354492,0.02416854351758957,-0.038662493228912354,0,0,0.0,0.0,0.0,0,0,9.155552834272385e-05,53.31999969482422,0.0001831110566854477,-0.0030518509447574615,458.0,458.0,98.5,96.5,41584,41600,41581,41587,0,41600,STANDBY
-0.33000001311302185,-1.440000057220459,10.020000457763672,0.0,0.0,0.0,996.9498291015625,21.959999084472656,0.11442621797323227,0.49239712953567505,0,0,0.0,0.0,0.0,0,0,9.155552834272385e-05,53.31999969482422,0.0001831110566854477,-0.0030518509447574615,458.0,458.0,98.5,96.5,41684,41700,41690,41697,0,41700,STANDBY
-0.4099999964237213,-1.4500000476837158,10.020000457763672,0.0,0.0,0.0,996.985107421875,21.959999084472656,-0.008745800703763962,0.12456642091274261,0,0,0.0,0.0,0.0,0,0,9.155552834272385e-05,53.31999969482422,0.0001831110566854477,-0.0030518509447574615,458.0,459.0,98.5,96.5,41784,41800,41781,41787,0,41800,STANDBY
-0.3400000035762787,-1.4800000190734863,10.010000228881836,0.0,0.0,0.0,996.966552734375,21.959999084472656,0.002513151615858078,-0.4124111831188202,0,0,0.0,0.0,0.0,0,0,9.155552834272385e-05,53.31999969482422,0.0001831110566854477,-0.0030518509447574615,458.0,459.0,98.5,96.5,41884,41900,41890,41896,0,41900,STANDBY
-0.4000000059604645,-1.4600000381469727,10.020000457763672,0.0,0.0,0.0,996.9893188476562,21.979999542236328,-0.0719650536775589,-0.3709140419960022,0,0,0.0,0.0,0.0,0,0,9.155552834272385e-05,53.31999969482422,0.0002136295661330223,-0.0030518509447574615,458.0,459.0,98.5,96.5,41984,42000,41980,41987,0,42000,STANDBY
-0.3700000047683716,-1.4500000476837158,10.020000457763672,0.0,0.0,0.0,996.993408203125,21.989999771118164,-0.17065972089767456,-0.7055414915084839,0,0,0.0,0.0,0.0,0,0,9.155552834272385e-05,53.31999969482422,0.0002136295661330223,-0.0030518509447574615,458.0,459.0,98.5,96.5,42084,42100,42090,42096,0,42100,STANDBY
-0.38999998569488525,-1.4800000190734863,10.020000457763672,0.0,0.0,0.0,996.993408203125,21.989999771118164,-0.1790781170129776,-0.6665464639663696,0,0,0.0,0.0,0.0,0,0,9.155552834272385e-05,53.31999969482422,0.0002136295661330223,-0.0030518509447574615,458.0,459.0,98.5,96.5,42184,42200,42181,42187,0,42200,STANDBY
-0.3799999952316284,-1.4700000286102295,10.010000228881836,0.0,0.0,0.0,997.0093994140625,21.979999542236328,-0.27017930150032043,-0.4801838994026184,0,0,0.0,0.0,0.0,0,0,9.155552834272385e-05,53.31999969482422,0.0002136295661330223,-0.0030518509447574615,458.0,459.0,98.5,96.5,42284,42300,42290,42296,0,42300,STANDBY
-0.3700000047683716,-1.4500000476837158,10.0,0.0,0.0,0.0,996.96923828125,21.979999542236328,-0.08384370058774948,0.16198796033859253,0,0,0.0,0.0,0.0,0,0,9.155552834272385e-05,53.31999969482422,0.0002136295661330223,-0.0030518509447574615,458.0,459.0,98.5,96.5,42384,42400,42381,42387,0,42400,STANDBY
-0.3799999952316284,-1.4600000381469727,10.020000457763672,0.0,0.0,0.0,996.9632568359375,21.989999771118164,0.02215045504271984,1.1188462972640991,0,0,0.0,0.0,0.0,0,0,9.155552834272385e-05,53.31999969482422,0.0002136295661330223,-0.0030518509447574615,458.0,459.0,98.5,96.5,42484,42500,42490,42497,0,42500,STANDBY
-0.3700000047683716,-1.4600000381469727,10.020000457763672,0.0,0.0,0.0,996.989990234375,21.989999771118164,-0.12289735674858093,0.21285781264305115,0,0,0.0,0.0,0.0,0,0,9.155552834272385e-05,53.31999969482422,0.0002136295661330223,-0.0030518509447574615,459.0,460.0,98.5,96.5,42584,42600,42580,42587,0,42600,STANDBY
-0.3700000047683716,-1.4600000381469727,10.020000457763672,0.0,0.0,0.0,996.974365234375,21.979999542236328,-0.12456519901752472,-0.6602379083633423,0,0,0.0,0.0,0.0,0,0,9.155552834272385e-05,53.31999969482422,0.0002136295661330223,-0.0030518509447574615,459.0,460.0,98.5,96.5,42684,42700,42690,42696,0,42700,STANDBY
-0.3799999952316284,-1.4600000381469727,10.010000228881836,0.0,0.0,0.0,996.9528198242188,21.969999313354492,0.027756527066230774,0.2910885512828827,0,0,0.0,0.0,0.0,0,0,9.155552834272385e-05,53.31999969482422,0.0002136295661330223,-0.0030518509447574615,459.0,460.0,98.5,96.5,42784,42800,42781,42787,0,42800,STANDBY
-0.3700000047683716,-1.4600000381469727,10.020000457763672,0.0,0.0,0.0,996.9342041015625,21.979999542236328,0.2662414014339447,1.7698928117752075,0,0,0.0,0.0,0.0,0,0,9.155552834272385e-05,53.31999969482422,0.0002136295661330223,-0.0030518509447574615,460.0,461.0,98.5,96.5,42884,42900,42890,42897,0,42900,STANDBY
-0.3799999952316284,-1.4600000381469727,10.020000457763672,0.0,0.0,0.0,996.9986572265625,22.0,-0.09032002091407776,0.17768946290016174,0,0,0.0,0.0,0.0,0,0,9.155552834272385e-05,53.31999969482422,0.0002136295661330223,-0.0030518509447574615,461.0,462.0,98.5,96.5,42984,43000,42981,42987,0,43000,STANDBY
-0.3799999952316284,-1.4600000381469727,10.020000457763672,0.0,0.0,0.0,996.9938354492188,22.0,-0.12325210124254227,-1.443725347518921,0,0,0.0,0.0,0.0,0,0,9.155552834272385e-05,53.31999969482422,0.0002136295661330223,-0.0030518509447574615,462.0,462.0,98.5,96.5,43084,43100,43090,43097,0,43100,STANDBY
-0.38999998569488525,-1.4700000286102295,10.010000228881836,0.0,0.0,0.0,996.9779052734375,22.0,-0.07879635691642761,-0.41703352332115173,0,0,0.0,0.0,0.0,0,0,9.155552834272385e-05,53.31999969482422,0.0002136295661330223,-0.0030518509447574615,461.0,462.0,98.5,96.5,43184,43200,43182,43187,0,43200,STANDBY
-0.3700000047683716,-1.4600000381469727,10.010000228881836,0.0,0.0,0.0,996.9879150390625,22.0,-0.11549194157123566,-0.09891422092914581,0,0,0.0,0.0,0.0,0,0,9.155552834272385e-05,53.31999969482422,0.0002136295661330223,-0.0030518509447574615,461.0,462.0,98.5,96.5,43284,43300,43290,43296,0,43300,STANDBY
-0.3499999940395355,-1.4600000381469727,10.029999732971191,0.0,0.0,0.0,996.9767456054688,22.0,-0.1036440059542656,-0.17186224460601807,0,0,0.0,0.0,0.0,0,0,9.155552834272385e-05,53.31999969482422,0.0002136295661330223,-0.0030518509447574615,461.0,462.0,98.5,96.5,43384,43400,43381,43387,0,43400,STANDBY
-0.3700000047683716,-1.4600000381469727,10.010000228881836,0.0,0.0,0.0,996.9907836914062,21.989999771118164,-0.1617944836616516,-0.2506815195083618,0,0,0.0,0.0,0.0,0,0,9.155552834272385e-05,53.31999969482422,0.0002136295661330223,-0.0030518509447574615,461.0,462.0,98.5,96.5,43485,43500,43490,43496,0,43500,STANDBY
-0.3700000047683716,-1.4600000381469727,10.010000228881836,0.0,0.0,0.0,996.9904174804688,21.979999542236328,-0.19256314635276794,-0.3747520446777344,0,0,0.0,0.0,0.0,0,0,9.155552834272385e-05,53.31999969482422,0.0002136295661330223,-0.0030518509447574615,462.0,462.0,98.5,96.5,43585,43600,43581,43588,0,43600,STANDBY
-0.38999998569488525,-1.4600000381469727,10.0,0.0,0.0,0.0,996.96240234375,21.959999084472656,-0.07655197381973267,0.06892205774784088,0,0,0.0,0.0,0.0,0,0,9.155552834272385e-05,53.31999969482422,0.0002136295661330223,-0.0030518509447574615,462.0,462.0,98.5,96.5,43685,43700,43689,43696,0,43700,STANDBY
-0.3700000047683716,-1.4700000286102295,10.010000228881836,0.0,0.0,0.0,996.9437255859375,21.940000534057617,0.14893916249275208,1.3711756467819214,0,0,0.0,0.0,0.0,0,0,9.155552834272385e-05,53.31999969482422,0.0002136295661330223,-0.0030518509447574615,462.0,462.0,98.5,96.5,43785,43800,43781,43788,0,43800,STANDBY
-0.46000000834465027,-1.4600000381469727,10.010000228881836,0.0,0.0,0.0,996.9363403320312,21.940000534057617,0.20959573984146118,1.52100670337677,0,0,0.0,0.0,0.0,0,0,9.155552834272385e-05,53.31999969482422,0.0002136295661330223,-0.0030518509447574615,463.0,464.0,98.5,96.5,43885,43900,43889,43895,0,43900,STANDBY
-0.30000001192092896,-1.4600000381469727,10.010000228881836,0.0,0.0,0.0,996.9717407226562,21.959999084472656,0.07693074643611908,0.18185557425022125,0,0,0.0,0.0,0.0,0,0,6.103701889514923e-05,53.31999969482422,0.0002136295661330223,-0.0030518509447574615,464.0,464.0,98.5,96.5,43985,44000,43980,43988,0,44000,STANDBY
-0.36000001430511475,-1.4700000286102295,10.029999732971191,0.0,0.0,0.0,996.9732055664062,21.959999084472656,-0.011554636061191559,-0.7709180116653442,0,0,0.0,0.0,0.0,0,0,6.103701889514923e-05,53.31999969482422,0.0002136295661330223,-0.0030518509447574615,464.0,465.0,98.5,96.5,44085,44100,44089,44095,0,44100,STANDBY
-0.4099999964237213,-1.4500000476837158,10.010000228881836,0.0,0.0,0.0,996.9739990234375,21.969999313354492,-0.0518934465944767,-0.8228853940963745,0,0,0.0,0.0,0.0,0,0,6.103701889514923e-05,53.31999969482422,0.0002136295661330223,-0.0030518509447574615,464.0,465.0,98.5,96.5,44185,44200,44180,44188,0,44200,STANDBY
-0.33000001311302185,-1.4700000286102295,10.020000457763672,0.0,0.0,0.0,996.9888916015625,21.969999313354492,-0.1633106917142868,-0.7935885190963745,0,0,0.0,0.0,0.0,0,0,6.103701889514923e-05,53.31999969482422,0.0002136295661330223,-0.0030518509447574615,464.0,465.0,98.5,96.5,44285,44300,44289,44295,0,44300,STANDBY
-0.4000000059604645,-1.4700000286102295,10.010000228881836,0.0,0.0,0.0,996.9795532226562,21.969999313354492,-0.10318808257579803,-0.34909695386886597,0,0,0.0,0.0,0.0,0,0,6.103701889514923e-05,53.31999969482422,0.0002136295661330223,-0.0030518509447574615,464.0,464.0,98.5,96.5,44385,44400,44380,44388,0,44400,STANDBY
-0.3799999952316284,-1.4600000381469727,10.029999732971191,0.0,0.0,0.0,996.958740234375,21.969999313354492,0.041581977158784866,0.7281955480575562,0,0,0.0,0.0,0.0,0,0,6.103701889514923e-05,53.31999969482422,0.0002136295661330223,-0.0030518509447574615,464.0,465.0,98.5,96.5,44485,44500,44488,44494,0,44500,STANDBY
