imu_ax,imu_ay,imu_az,imu_gx,imu_gy,imu_gz,baro_pressure_hPa,baro_temperature_C,baro_altitude_m,baro_climbRate_mps,gps_latE7,gps_lonE7,gps_altitude_m,gps_speed_mps,gps_heading_deg,gps_sats,gps_fix,roll_deg,filterRoll_deg,pitch_deg,yaw_deg,servoDegree_deg,veltotal_cmps,velimu_cmps,baroTimeMs,gpsTimeMs,aTimeMs,aRxTimeMs,state,timeMs,stateStr
0.0,0.0,0.0,0.0,0.0,0.0,1008.6634521484375,37.790000915527344,0.02336823008954525,0.0,0,0,0.0,0.0,0.0,0,0,0.0,0.0,0.0,0.0,0.0,0.0,0.0,4410,4410,2271,4410,0,4410,STANDBY
-0.09000000357627869,-0.05999999865889549,9.8100004196167,0.0,0.0,0.0,1008.5713500976562,37.72999954223633,0.5194043517112732,0.0,0,0,0.0,0.0,0.0,0,0,-0.03671376779675484,0.0,-0.00958281196653843,-0.39167454838752747,0.0,0.0,0.0,4510,4510,4989,4507,0,4510,STANDBY
0.0,-0.10000000149011612,9.8100004196167,0.0,0.0,0.0,1008.5575561523438,37.72999954223633,0.8028573989868164,2.338467597961426,0,0,0.0,0.0,0.0,0,0,-0.034424878656864166,0.0,-0.008697775192558765,-0.3984191417694092,0.0,0.0,0.0,4610,4610,5075,4593,0,4610,STANDBY
-0.07000000029802322,-0.05000000074505806,9.8100004196167,0.0,0.0,0.0,1008.5713500976562,37.72999954223633,0.7884252667427063,1.898606538772583,0,0,0.0,0.0,0.0,0,0,-0.032197028398513794,0.0,-0.00787377543747425,-0.4062623977661133,0.0,0.0,0.0,4710,4710,5178,4696,0,4710,STANDBY
-0.019999999552965164,-0.11999999731779099,9.8100004196167,0.0,0.0,0.0,1008.6812744140625,37.790000915527344,0.1258111298084259,-2.0362131595611572,0,0,0.0,0.0,0.0,0,0,-0.03003021329641342,0.0,-0.007110812701284885,-0.4137699604034424,0.0,0.0,0.0,4810,4810,5281,4799,0,4810,STANDBY
-0.05999999865889549,-0.05999999865889549,9.8100004196167,0.0,0.0,0.0,1008.688720703125,37.79999923706055,-0.1171863004565239,-4.0371503829956055,0,0,0.0,0.0,0.0,0,0,-0.0276192519813776,0.0,-0.006103701889514923,-0.4208502471446991,0.0,0.0,0.0,4910,4910,5384,4901,0,4910,STANDBY
-0.009999999776482582,-0.09000000357627869,9.8100004196167,0.0,0.0,0.0,1008.6702880859375,37.790000915527344,-0.08356588333845139,-1.9618911743164062,0,0,0.0,0.0,0.0,0,0,-0.025696584954857826,0.0,-0.005340739153325558,-0.4275338053703308,0.0,0.0,0.0,5010,5010,5487,5005,0,5010,STANDBY
-0.029999999329447746,-0.09000000357627869,9.800000190734863,0.0,0.0,0.0,1008.681884765625,37.79999923706055,-0.15387290716171265,-0.6055727601051331,0,0,0.0,0.0,0.0,0,0,-0.023499252274632454,0.0,-0.004425183869898319,-0.43403422832489014,0.0,0.0,0.0,5110,5110,5591,5108,0,5110,STANDBY
-0.029999999329447746,-0.09000000357627869,9.8100004196167,0.0,0.0,0.0,1008.688720703125,37.79999923706055,-0.18796008825302124,-0.4675857424736023,0,0,0.0,0.0,0.0,0,0,-0.02212592028081417,0.0,-0.003997924737632275,-0.43916136026382446,0.0,0.0,0.0,5210,5210,5677,5194,0,5210,STANDBY
-0.009999999776482582,-0.07999999821186066,9.800000190734863,0.0,0.0,0.0,1008.6921997070312,37.79999923706055,-0.19914692640304565,-0.20188917219638824,0,0,0.0,0.0,0.0,0,0,-0.0198370311409235,0.0,-0.0030518509447574615,-0.4450514316558838,0.0,0.0,0.0,5310,5310,5779,5297,0,5310,STANDBY
-0.07000000029802322,-0.029999999329447746,9.800000190734863,0.0,0.0,0.0,1008.6799926757812,37.790000915527344,-0.18413273990154266,-0.11724233627319336,0,0,0.0,0.0,0.0,0,0,-0.01825006864964962,0.0,-0.002227851189672947,-0.4506362974643707,0.0,0.0,0.0,5410,5410,5882,5400,0,5410,STANDBY
0.0,-0.12999999523162842,9.800000190734863,0.0,0.0,0.0,1008.6002197265625,37.7599983215332,0.21619351208209991,1.2190473079681396,0,0,0.0,0.0,0.0,0,0,-0.01672414317727089,0.0,-0.00158696249127388,-0.45603808760643005,0.0,0.0,0.0,5510,5510,5986,5504,0,5510,STANDBY
-0.09000000357627869,-0.03999999910593033,9.800000190734863,0.0,0.0,0.0,1008.5560913085938,37.72999954223633,0.7388152480125427,3.928481101989746,0,0,0.0,0.0,0.0,0,0,-0.014862514100968838,0.0,-0.0008239997550845146,-0.461134672164917,0.0,0.0,0.0,5610,5610,6089,5607,0,5610,STANDBY
0.009999999776482582,-0.10000000149011612,9.8100004196167,0.0,0.0,0.0,1008.5708618164062,37.7400016784668,0.8232966661453247,3.710841655731201,0,0,0.0,0.0,0.0,0,0,-0.013611255213618279,0.0,-9.155552834272385e-05,-0.46583452820777893,0.0,0.0,0.0,5710,5710,6192,5709,0,5710,STANDBY
-0.09000000357627869,-0.03999999910593033,9.8100004196167,0.0,0.0,0.0,1008.6559448242188,37.790000915527344,0.31794896721839905,-0.5877969264984131,0,0,0.0,0.0,0.0,0,0,-0.012207403779029846,0.0,0.0005493331700563431,-0.4698019325733185,0.0,0.0,0.0,5810,5810,6278,5796,0,5810,STANDBY
0.0,-0.10999999940395355,9.800000190734863,0.0,0.0,0.0,1008.6709594726562,37.790000915527344,0.015830669552087784,-3.4548864364624023,0,0,0.0,0.0,0.0,0,0,-0.01116977445781231,0.0,0.0009460737928748131,-0.4741966128349304,0.0,0.0,0.0,5910,5910,6381,5899,0,5910,STANDBY
-0.05999999865889549,-0.05000000074505806,9.800000190734863,0.0,0.0,0.0,1008.6737670898438,37.790000915527344,-0.0529169887304306,-2.437290668487549,0,0,0.0,0.0,0.0,0,0,-0.009308145381510258,0.0,0.0019226660951972008,-0.47831660509109497,0.0,0.0,0.0,6010,6010,6484,6002,0,6010,STANDBY
-0.03999999910593033,-0.07999999821186066,9.789999961853027,0.0,0.0,0.0,1008.6668701171875,37.790000915527344,-0.028994837775826454,-0.697291910648346,0,0,0.0,0.0,0.0,0,0,-0.008484145626425743,0.0,0.00238044373691082,-0.4822840094566345,0.0,0.0,0.0,6110,6110,6588,6106,0,6110,STANDBY
-0.009999999776482582,-0.10999999940395355,9.789999961853027,0.0,0.0,0.0,1008.6715698242188,37.79999923706055,-0.05728156119585037,-0.1591482013463974,0,0,0.0,0.0,0.0,0,0,-0.007049775682389736,0.0,0.002929776906967163,-0.4860072731971741,0.0,0.0,0.0,6210,6210,6690,6209,0,6210,STANDBY
-0.03999999910593033,-0.03999999910593033,9.800000190734863,0.0,0.0,0.0,1008.6881103515625,37.790000915527344,-0.15012118220329285,-0.4528917372226715,0,0,0.0,0.0,0.0,0,0,-0.006134220398962498,0.0,0.0034485915675759315,-0.48899808526039124,0.0,0.0,0.0,6310,6310,6777,6295,0,6310,STANDBY
-0.019999999552965164,-0.10000000149011612,9.800000190734863,0.0,0.0,0.0,1008.6812744140625,37.790000915527344,-0.12465140223503113,-0.33998042345046997,0,0,0.0,0.0,0.0,0,0,-0.00515762809664011,0.0,0.003936887718737125,-0.4924161434173584,0.0,0.0,0.0,6410,6410,6880,6397,0,6410,STANDBY
-0.05999999865889549,-0.07999999821186066,9.800000190734863,0.0,0.0,0.0,1008.6185913085938,37.7599983215332,0.12998807430267334,0.6912864446640015,0,0,0.0,0.0,0.0,0,0,-0.003936887718737125,0.0,0.004455702379345894,-0.49565112590789795,0.0,0.0,0.0,6510,6510,6983,6501,0,6510,STANDBY
-0.029999999329447746,-0.07000000029802322,9.800000190734863,0.0,0.0,0.0,1008.5879516601562,37.7400016784668,0.5469213128089905,2.7889702320098877,0,0,0.0,0.0,0.0,0,0,-0.003082369454205036,0.0,0.004913480021059513,-0.4987334907054901,0.0,0.0,0.0,6610,6610,7087,6604,0,6610,STANDBY
-0.05000000074505806,-0.07000000029802322,9.8100004196167,0.0,0.0,0.0,1008.587646484375,37.7400016784668,0.6038601398468018,2.7583110332489014,0,0,0.0,0.0,0.0,0,0,-0.002227851189672947,0.0,0.005615405738353729,-0.5016327500343323,0.0,0.0,0.0,6710,6710,7189,6707,0,6710,STANDBY
-0.019999999552965164,-0.10999999940395355,9.800000190734863,0.0,0.0,0.0,1008.6771850585938,37.790000915527344,0.12356692552566528,-0.8761621713638306,0,0,0.0,0.0,0.0,0,0,-0.0016174810007214546,0.0,0.005920590832829475,-0.503921627998352,0.0,0.0,0.0,6810,6810,7276,6794,0,6810,STANDBY
-0.05000000074505806,-0.05000000074505806,9.800000190734863,0.0,0.0,0.0,1008.7078247070312,37.79999923706055,-0.21874728798866272,-3.3507206439971924,0,0,0.0,0.0,0.0,0,0,-0.0005188146606087685,0.0,0.006439405493438244,-0.5065461993217468,0.0,0.0,0.0,6910,6910,7378,6896,0,6910,STANDBY
-0.009999999776482582,-0.07000000029802322,9.800000190734863,0.0,0.0,0.0,1008.703125,37.79999923706055,-0.2539353370666504,-2.3630259037017822,0,0,0.0,0.0,0.0,0,0,3.0518509447574615e-05,0.0,0.006683553569018841,-0.5089877247810364,0.0,0.0,0.0,7010,7010,7482,7000,0,7010,STANDBY
-0.029999999329447746,-0.09000000357627869,9.8100004196167,0.0,0.0,0.0,1008.6825561523438,37.79999923706055,-0.1950845867395401,-0.5486478805541992,0,0,0.0,0.0,0.0,0,0,0.0010681478306651115,0.0,0.007354960776865482,-0.5113071203231812,0.0,0.0,0.0,7110,7110,7585,7103,0,7110,STANDBY
-0.05999999865889549,-0.05999999865889549,9.8100004196167,0.0,0.0,0.0,1008.6797485351562,37.79999923706055,-0.14346729218959808,0.2547495663166046,0,0,0.0,0.0,0.0,0,0,0.0014038514345884323,0.0,0.007599108852446079,-0.5135654807090759,0.0,0.0,0.0,7211,7211,7689,7206,0,7211,STANDBY
-0.029999999329447746,-0.09000000357627869,9.800000190734863,0.0,0.0,0.0,1008.6729125976562,37.79999923706055,-0.10930901020765305,0.41072702407836914,0,0,0.0,0.0,0.0,0,0,0.0021668141707777977,0.0,0.008117923513054848,-0.5157322883605957,0.0,0.0,0.0,7311,7311,7791,7309,0,7311,STANDBY
-0.05000000074505806,-0.05999999865889549,9.800000190734863,0.0,0.0,0.0,1008.6934204101562,37.79999923706055,-0.22363413870334625,-0.21376878023147583,0,0,0.0,0.0,0.0,0,0,0.0028077028691768646,0.0,0.008484145626425743,-0.5177465081214905,0.0,0.0,0.0,7417,7417,7895,7417,0,7417,STANDBY
-0.029999999329447746,-0.10000000149011612,9.800000190734863,0.0,0.0,0.0,1008.6390380859375,37.7599983215332,0.0005547776818275452,0.16722652316093445,0,0,0.0,0.0,0.0,0,0,0.0032349620014429092,0.0,0.00878933072090149,-0.5196081399917603,0.0,0.0,0.0,7517,7517,7998,7516,0,7517,STANDBY
-0.03999999910593033,-0.07000000029802322,9.789999961853027,0.0,0.0,0.0,1008.5948486328125,37.7400016784668,0.4283871054649353,2.50627064704895,0,0,0.0,0.0,0.0,0,0,0.004028443247079849,0.0,0.009155552834272385,-0.521073043346405,0.0,0.0,0.0,7617,7617,8084,7602,0,7617,STANDBY
-0.05000000074505806,-0.05999999865889549,9.789999961853027,0.0,0.0,0.0,1008.59619140625,37.7400016784668,0.5316600203514099,2.896498680114746,0,0,0.0,0.0,0.0,0,0,0.0042420728132128716,0.0,0.009430219419300556,-0.5228126049041748,0.0,0.0,0.0,7717,7717,8187,7705,0,7717,STANDBY
-0.019999999552965164,-0.10000000149011612,9.8100004196167,0.0,0.0,0.0,1008.6763916015625,37.79999923706055,0.0671042874455452,-0.5975171327590942,0,0,0.0,0.0,0.0,0,0,0.004943998530507088,0.0,0.009704886004328728,-0.5243079662322998,0.0,0.0,0.0,7817,7817,8291,7809,0,7817,STANDBY
-0.05999999865889549,-0.07000000029802322,9.800000190734863,0.0,0.0,0.0,1008.70849609375,37.810001373291016,-0.2651683986186981,-3.255260467529297,0,0,0.0,0.0,0.0,0,0,0.0054322946816682816,0.0,0.00991851557046175,-0.5257728695869446,0.0,0.0,0.0,7917,7917,8394,7911,0,7917,STANDBY
-0.029999999329447746,-0.07999999821186066,9.800000190734863,0.0,0.0,0.0,1008.6975708007812,37.79999923706055,-0.2916111648082733,-2.2946078777313232,0,0,0.0,0.0,0.0,0,0,0.005767998285591602,0.0,0.010162663646042347,-0.5271157026290894,0.0,0.0,0.0,8017,8017,8497,8015,0,8017,STANDBY
-0.05000000074505806,-0.07000000029802322,9.800000190734863,0.0,0.0,0.0,1008.70849609375,37.810001373291016,-0.3352377414703369,-0.7641969323158264,0,0,0.0,0.0,0.0,0,0,0.006378368474543095,0.0,0.010681478306651115,-0.5280922651290894,0.0,0.0,0.0,8117,8117,8584,8101,0,8117,STANDBY
-0.029999999329447746,-0.07999999821186066,9.8100004196167,0.0,0.0,0.0,1008.690673828125,37.79999923706055,-0.260245144367218,-0.02831011265516281,0,0,0.0,0.0,0.0,0,0,0.006561479531228542,0.0,0.010681478306651115,-0.5293130278587341,0.0,0.0,0.0,8217,8217,8686,8204,0,8217,STANDBY
-0.029999999329447746,-0.09000000357627869,9.800000190734863,0.0,0.0,0.0,1008.6975708007812,37.79999923706055,-0.27005016803741455,0.23538948595523834,0,0,0.0,0.0,0.0,0,0,0.0068666646257042885,0.0,0.010864589363336563,-0.5304727554321289,0.0,0.0,0.0,8317,8317,8790,8307,0,8317,STANDBY
-0.05000000074505806,-0.07000000029802322,9.8100004196167,0.0,0.0,0.0,1008.6920166015625,37.810001373291016,-0.22448131442070007,0.255556583404541,0,0,0.0,0.0,0.0,0,0,0.007232886739075184,0.0,0.011230811476707458,-0.5314798355102539,0.0,0.0,0.0,8417,8417,8893,8417,0,8417,STANDBY
-0.03999999910593033,-0.09000000357627869,9.800000190734863,0.0,0.0,0.0,1008.6356201171875,37.7599983215332,0.01994761824607849,0.9301948547363281,0,0,0.0,0.0,0.0,0,0,0.007477034814655781,0.0,0.011535996571183205,-0.5324564576148987,0.0,0.0,0.0,8517,8517,8995,8513,0,8517,STANDBY
-0.03999999910593033,-0.07999999821186066,9.800000190734863,0.0,0.0,0.0,1008.6009521484375,37.75,0.42431706190109253,2.7247979640960693,0,0,0.0,0.0,0.0,0,0,0.007843256928026676,0.0,0.011810663156211376,-0.5334025025367737,0.0,0.0,0.0,8617,8617,9099,8616,0,8617,STANDBY
-0.03999999910593033,-0.07999999821186066,9.8100004196167,0.0,0.0,0.0,1008.5927124023438,37.7400016784668,0.5696790218353271,3.03701114654541,0,0,0.0,0.0,0.0,0,0,0.0079348124563694,0.0,0.011871700175106525,-0.5341044068336487,0.0,0.0,0.0,8717,8717,9185,8702,0,8717,STANDBY
-0.029999999329447746,-0.10000000149011612,9.800000190734863,0.0,0.0,0.0,1008.6804809570312,37.79999923706055,0.09979415684938431,-0.38957780599594116,0,0,0.0,0.0,0.0,0,0,0.008423108607530594,0.0,0.012115848250687122,-0.5348674058914185,0.0,0.0,0.0,8817,8817,9288,8806,0,8817,STANDBY
-0.05000000074505806,-0.07999999821186066,9.800000190734863,0.0,0.0,0.0,1008.692626953125,37.810001373291016,-0.18714578449726105,-3.1325249671936035,0,0,0.0,0.0,0.0,0,0,0.008606219664216042,0.0,0.012329477816820145,-0.5355693101882935,0.0,0.0,0.0,8918,8918,9392,8909,0,8918,STANDBY
-0.029999999329447746,-0.07999999821186066,9.800000190734863,0.0,0.0,0.0,1008.6898193359375,37.810001373291016,-0.17984604835510254,-1.9642717838287354,0,0,0.0,0.0,0.0,0,0,0.008636738173663616,0.0,0.012421033345162868,-0.5362407565116882,0.0,0.0,0.0,9018,9018,9494,9012,0,9018,STANDBY
-0.03999999910593033,-0.07999999821186066,9.800000190734863,0.0,0.0,0.0,1008.689208984375,37.810001373291016,-0.18193799257278442,-0.3227337896823883,0,0,0.0,0.0,0.0,0,0,0.009002960287034512,0.0,0.012573625892400742,-0.5368511080741882,0.0,0.0,0.0,9118,9118,9597,9115,0,9118,STANDBY
-0.05000000074505806,-0.07999999821186066,9.800000190734863,0.0,0.0,0.0,1008.71044921875,37.810001373291016,-0.301318883895874,-0.48864516615867615,0,0,0.0,0.0,0.0,0,0,0.009033478796482086,0.0,0.012512588873505592,-0.5373393893241882,0.0,0.0,0.0,9218,9218,9684,9201,0,9218,STANDBY
-0.019999999552965164,-0.09000000357627869,9.800000190734863,0.0,0.0,0.0,1008.6967163085938,37.810001373291016,-0.24852114915847778,-0.3640921115875244,0,0,0.0,0.0,0.0,0,0,0.009247108362615108,0.0,0.012512588873505592,-0.5379192233085632,0.0,0.0,0.0,9318,9318,9787,9305,0,9318,STANDBY
-0.05999999865889549,-0.05999999865889549,9.800000190734863,0.0,0.0,0.0,1008.6898193359375,37.810001373291016,-0.22183537483215332,0.14081352949142456,0,0,0.0,0.0,0.0,0,0,0.009643848985433578,0.0,0.01275673694908619,-0.538316011428833,0.0,0.0,0.0,9418,9418,9890,9408,0,9418,STANDBY
-0.009999999776482582,-0.09000000357627869,9.800000190734863,0.0,0.0,0.0,1008.6307983398438,37.77000045776367,0.07275036722421646,1.0395478010177612,0,0,0.0,0.0,0.0,0,0,0.009430219419300556,0.0,0.01263466291129589,-0.538773775100708,0.0,0.0,0.0,9518,9518,9994,9511,0,9518,STANDBY
-0.03999999910593033,-0.07999999821186066,9.800000190734863,0.0,0.0,0.0,1008.5878295898438,37.75,0.5329030156135559,3.2055277824401855,0,0,0.0,0.0,0.0,0,0,0.00958281196653843,0.0,0.01269569993019104,-0.539201021194458,0.0,0.0,0.0,9618,9618,10097,9615,0,9618,STANDBY
-0.029999999329447746,-0.09000000357627869,9.8100004196167,0.0,0.0,0.0,1008.602783203125,37.7599983215332,0.5382583141326904,2.8156447410583496,0,0,0.0,0.0,0.0,0,0,0.009674367494881153,0.0,0.01275673694908619,-0.539506196975708,0.0,0.0,0.0,9718,9718,10200,9717,0,9718,STANDBY
-0.03999999910593033,-0.07000000029802322,9.800000190734863,0.0,0.0,0.0,1008.6810913085938,37.810001373291016,0.05330301821231842,-1.1362078189849854,0,0,0.0,0.0,0.0,0,0,0.009826960042119026,0.0,0.01275673694908619,-0.539750337600708,0.0,0.0,0.0,9818,9818,10286,9803,0,9818,STANDBY
-0.03999999910593033,-0.09000000357627869,9.8100004196167,0.0,0.0,0.0,1008.6898193359375,37.810001373291016,-0.13886667788028717,-2.963975429534912,0,0,0.0,0.0,0.0,0,0,0.010040589608252048,0.0,0.012909329496324062,-0.539963960647583,0.0,0.0,0.0,9918,9918,10389,9907,0,9918,STANDBY
-0.05000000074505806,-0.07000000029802322,9.800000190734863,0.0,0.0,0.0,1008.694580078125,37.81999969482422,-0.17978031933307648,-1.6350990533828735,0,0,0.0,0.0,0.0,0,0,0.010223700664937496,0.0,0.013000885024666786,-0.5401776432991028,0.0,0.0,0.0,10018,10018,10492,10009,0,10018,STANDBY
-0.05000000074505806,-0.09000000357627869,9.800000190734863,0.0,0.0,0.0,1008.7014770507812,37.81999969482422,-0.263181209564209,-0.828971266746521,0,0,0.0,0.0,0.0,0,0,0.009887997061014175,0.0,0.012939848005771637,-0.5405133366584778,0.0,0.0,0.0,10118,10118,10595,10113,0,10118,STANDBY
-0.05000000074505806,-0.07999999821186066,9.8100004196167,0.0,0.0,0.0,1008.694580078125,37.81999969482422,-0.23965583741664886,-0.47192996740341187,0,0,0.0,0.0,0.0,0,0,0.01025421917438507,0.0,0.013061922043561935,-0.5407269597053528,0.0,0.0,0.0,10218,10218,10698,10216,0,10218,STANDBY
-0.029999999329447746,-0.09000000357627869,9.800000190734863,0.0,0.0,0.0,1008.7158813476562,37.81999969482422,-0.32428839802742004,-0.246607705950737,0,0,0.0,0.0,0.0,0,0,0.010193182155489922,0.0,0.01309244055300951,-0.5407879948616028,0.0,0.0,0.0,10318,10318,10784,10302,0,10318,STANDBY
-0.05000000074505806,-0.05999999865889549,9.8100004196167,0.0,0.0,0.0,1008.691162109375,37.81999969482422,-0.2595987319946289,-0.1899561882019043,0,0,0.0,0.0,0.0,0,0,0.01031525619328022,0.0,0.013061922043561935,-0.5409711003303528,0.0,0.0,0.0,10420,10420,10888,10405,0,10420,STANDBY
-0.019999999552965164,-0.10000000149011612,9.800000190734863,0.0,0.0,0.0,1008.6204833984375,37.77000045776367,0.11722742021083832,1.3043116331100464,0,0,0.0,0.0,0.0,0,0,0.010284737683832645,0.0,0.01303140353411436,-0.5410016179084778,0.0,0.0,0.0,10520,10520,10991,10509,0,10520,STANDBY
-0.029999999329447746,-0.07999999821186066,9.800000190734863,0.0,0.0,0.0,1008.6144409179688,37.7599983215332,0.37375569343566895,2.857215404510498,0,0,0.0,0.0,0.0,0,0,0.01037629321217537,0.0,0.01303140353411436,-0.5409711003303528,0.0,0.0,0.0,10620,10620,11094,10611,0,10620,STANDBY
-0.05999999865889549,-0.07000000029802322,9.800000190734863,0.0,0.0,0.0,1008.6076049804688,37.7599983215332,0.45954763889312744,2.2408344745635986,0,0,0.0,0.0,0.0,0,0,0.01065095979720354,0.0,0.013306070119142532,-0.5409100651741028,0.0,0.0,0.0,10720,10720,11197,10715,0,10720,STANDBY
-0.03999999910593033,-0.07999999821186066,9.800000190734863,0.0,0.0,0.0,1008.71240234375,37.81999969482422,-0.18641267716884613,-1.6238011121749878,0,0,0.0,0.0,0.0,0,0,0.010498367249965668,0.0,0.013336588628590107,-0.5409100651741028,0.0,0.0,0.0,10820,10820,11300,10817,0,10820,STANDBY
-0.03999999910593033,-0.09000000357627869,9.8100004196167,0.0,0.0,0.0,1008.7178344726562,37.83000183105469,-0.38890814781188965,-3.734869956970215,0,0,0.0,0.0,0.0,0,0,0.010467848740518093,0.0,0.01315347757190466,-0.5409100651741028,0.0,0.0,0.0,10920,10920,11386,10903,0,10920,STANDBY
-0.05000000074505806,-0.07000000029802322,9.8100004196167,0.0,0.0,0.0,1008.6884155273438,37.81999969482422,-0.24969251453876495,-1.2455847263336182,0,0,0.0,0.0,0.0,0,0,0.010437330231070518,0.0,0.013183996081352234,-0.5408795475959778,0.0,0.0,0.0,11020,11020,11489,11006,0,11020,STANDBY
-0.029999999329447746,-0.07000000029802322,9.8100004196167,0.0,0.0,0.0,1008.6925048828125,37.81999969482422,-0.1782311648130417,0.6898902654647827,0,0,0.0,0.0,0.0,0,0,0.01037629321217537,0.0,0.013245033100247383,-0.5407879948616028,0.0,0.0,0.0,11120,11120,11592,11110,0,11120,STANDBY
-0.03999999910593033,-0.07000000029802322,9.8100004196167,0.0,0.0,0.0,1008.6959228515625,37.81999969482422,-0.2425890564918518,0.2420310378074646,0,0,0.0,0.0,0.0,0,0,0.010498367249965668,0.0,0.013214514590799809,-0.5406354069709778,0.0,0.0,0.0,11220,11220,11696,11213,0,11220,STANDBY
-0.03999999910593033,-0.07999999821186066,9.8100004196167,0.0,0.0,0.0,1008.7000122070312,37.83000183105469,-0.2946075201034546,-0.5293453931808472,0,0,0.0,0.0,0.0,0,0,0.01031525619328022,0.0,0.01303140353411436,-0.5406354069709778,0.0,0.0,0.0,11320,11320,11798,11316,0,11320,STANDBY
-0.03999999910593033,-0.09000000357627869,9.800000190734863,0.0,0.0,0.0,1008.7062377929688,37.81999969482422,-0.3259909152984619,-0.43544477224349976,0,0,0.0,0.0,0.0,0,0,0.010284737683832645,0.0,0.013061922043561935,-0.5405438542366028,0.0,0.0,0.0,11420,11420,11901,11420,0,11420,STANDBY
-0.029999999329447746,-0.07000000029802322,9.8100004196167,0.0,0.0,0.0,1008.6614990234375,37.779998779296875,-0.12799090147018433,0.4022783935070038,0,0,0.0,0.0,0.0,0,0,0.010284737683832645,0.0,0.01309244055300951,-0.5404217839241028,0.0,0.0,0.0,11520,11520,11987,11505,0,11520,STANDBY
-0.029999999329447746,-0.07999999821186066,9.8100004196167,0.0,0.0,0.0,1008.602783203125,37.7599983215332,0.3581581711769104,2.688326120376587,0,0,0.0,0.0,0.0,0,0,0.01025421917438507,0.0,0.012970366515219212,-0.5402997136116028,0.0,0.0,0.0,11620,11620,12091,11609,0,11620,STANDBY
-0.05000000074505806,-0.09000000357627869,9.800000190734863,0.0,0.0,0.0,1008.60205078125,37.77000045776367,0.5058714151382446,3.3060851097106934,0,0,0.0,0.0,0.0,0,0,0.010284737683832645,0.0,0.013061922043561935,-0.5400555729866028,0.0,0.0,0.0,11720,11720,12194,11712,0,11720,STANDBY
-0.05000000074505806,-0.09000000357627869,9.8100004196167,0.0,0.0,0.0,1008.7199096679688,37.81999969482422,-0.15960979461669922,-0.9922190308570862,0,0,0.0,0.0,0.0,0,0,0.010223700664937496,0.0,0.01309244055300951,-0.539841890335083,0.0,0.0,0.0,11820,11820,12297,11814,0,11820,STANDBY
-0.029999999329447746,-0.07999999821186066,9.8100004196167,0.0,0.0,0.0,1008.69384765625,37.83000183105469,-0.24410206079483032,-3.2966232299804688,0,0,0.0,0.0,0.0,0,0,0.010132145136594772,0.0,0.013000885024666786,-0.539628267288208,0.0,0.0,0.0,11920,11920,12400,11918,0,11920,STANDBY
-0.029999999329447746,-0.07999999821186066,9.8100004196167,0.0,0.0,0.0,1008.7081298828125,37.83000183105469,-0.3037678599357605,-1.4814491271972656,0,0,0.0,0.0,0.0,0,0,0.010071108117699623,0.0,0.012878810986876488,-0.539475679397583,0.0,0.0,0.0,12020,12020,12486,12004,0,12020,STANDBY
-0.05000000074505806,-0.09000000357627869,9.819999694824219,0.0,0.0,0.0,1008.7184448242188,37.83000183105469,-0.3692595958709717,-0.6492217779159546,0,0,0.0,0.0,0.0,0,0,0.010010071098804474,0.0,0.013061922043561935,-0.539201021194458,0.0,0.0,0.0,12120,12120,12590,12107,0,12120,STANDBY
-0.03999999910593033,-0.07999999821186066,9.8100004196167,0.0,0.0,0.0,1008.7212524414062,37.83000183105469,-0.39908719062805176,-0.4916919469833374,0,0,0.0,0.0,0.0,0,0,0.010010071098804474,0.0,0.013061922043561935,-0.538956880569458,0.0,0.0,0.0,12220,12220,12692,12210,0,12220,STANDBY
-0.05000000074505806,-0.09000000357627869,9.8100004196167,0.0,0.0,0.0,1008.7293701171875,37.83000183105469,-0.4936668872833252,-0.6541680097579956,0,0,0.0,0.0,0.0,0,0,0.010010071098804474,0.0,0.01303140353411436,-0.538621187210083,0.0,0.0,0.0,12320,12320,12795,12313,0,12320,STANDBY
-0.029999999329447746,-0.09000000357627869,9.8100004196167,0.0,0.0,0.0,1008.7150268554688,37.83000183105469,-0.4448436498641968,-0.432500422000885,0,0,0.0,0.0,0.0,0,0,0.009765923023223877,0.0,0.012909329496324062,-0.538438081741333,0.0,0.0,0.0,12420,12420,12899,12420,0,12420,STANDBY
-0.05000000074505806,-0.07000000029802322,9.8100004196167,0.0,0.0,0.0,1008.6013793945312,37.779998779296875,0.1025642603635788,1.7633317708969116,0,0,0.0,0.0,0.0,0,0,0.009643848985433578,0.0,0.01269569993019104,-0.538193941116333,0.0,0.0,0.0,12520,12520,13001,12519,0,12520,STANDBY
-0.009999999776482582,-0.09000000357627869,9.8100004196167,0.0,0.0,0.0,1008.60205078125,37.77000045776367,0.519661545753479,4.376726150512695,0,0,0.0,0.0,0.0,0,0,0.009613330475986004,0.0,0.01263466291129589,-0.5379802584648132,0.0,0.0,0.0,12620,12620,13088,12606,0,12620,STANDBY
-0.05999999865889549,-0.07000000029802322,9.8100004196167,0.0,0.0,0.0,1008.5745849609375,37.77000045776367,0.6711710691452026,3.5986881256103516,0,0,0.0,0.0,0.0,0,0,0.00952177494764328,0.0,0.012543107382953167,-0.5377056002616882,0.0,0.0,0.0,12720,12720,13191,12708,0,12720,STANDBY
-0.029999999329447746,-0.07999999821186066,9.8100004196167,0.0,0.0,0.0,1008.6793823242188,37.83000183105469,0.15369145572185516,-0.5612339973449707,0,0,0.0,0.0,0.0,0,0,0.009308145381510258,0.0,0.012390514835715294,-0.5374919772148132,0.0,0.0,0.0,12820,12820,13294,12812,0,12820,STANDBY
-0.03999999910593033,-0.09000000357627869,9.8100004196167,0.0,0.0,0.0,1008.6944580078125,37.83000183105469,-0.13338983058929443,-3.198068380355835,0,0,0.0,0.0,0.0,0,0,0.00946073792874813,0.0,0.012451551854610443,-0.5370952486991882,0.0,0.0,0.0,12920,12920,13398,12915,0,12920,STANDBY
-0.05000000074505806,-0.07999999821186066,9.8100004196167,0.0,0.0,0.0,1008.6917114257812,37.83000183105469,-0.1771262288093567,-3.225341320037842,0,0,0.0,0.0,0.0,0,0,0.009369182400405407,0.0,0.012451551854610443,-0.5367900729179382,0.0,0.0,0.0,12971,13020,13500,13018,0,13020,STANDBY
-0.019999999552965164,-0.07999999821186066,9.8100004196167,0.0,0.0,0.0,1008.7197875976562,37.84000015258789,-0.364749938249588,-1.9779419898986816,0,0,0.0,0.0,0.0,0,0,0.009247108362615108,0.0,0.01235999632626772,-0.5364848971366882,0.0,0.0,0.0,13085,13120,13586,13104,0,13120,STANDBY
-0.029999999329447746,-0.07999999821186066,9.800000190734863,0.0,0.0,0.0,1008.67724609375,37.83000183105469,-0.19724613428115845,-0.5857451558113098,0,0,0.0,0.0,0.0,0,0,0.009338663890957832,0.0,0.01235999632626772,-0.5361186265945435,0.0,0.0,0.0,13185,13220,13689,13207,0,13220,STANDBY
-0.05000000074505806,-0.07999999821186066,9.800000190734863,0.0,0.0,0.0,1008.674560546875,37.83000183105469,-0.07671484351158142,0.9711009860038757,0,0,0.0,0.0,0.0,0,0,0.008972441777586937,0.0,0.012268440797924995,-0.5358134508132935,0.0,0.0,0.0,13290,13320,13792,13309,0,13320,STANDBY
-0.05000000074505806,-0.09000000357627869,9.8100004196167,0.0,0.0,0.0,1008.6620483398438,37.84000015258789,-0.02124698832631111,0.942615807056427,0,0,0.0,0.0,0.0,0,0,0.008911404758691788,0.0,0.01223792228847742,-0.5355693101882935,0.0,0.0,0.0,13390,13420,13895,13418,0,13420,STANDBY
-0.03999999910593033,-0.07999999821186066,9.800000190734863,0.0,0.0,0.0,1008.6426391601562,37.79999923706055,0.06810006499290466,0.5791962742805481,0,0,0.0,0.0,0.0,0,0,0.008758812211453915,0.0,0.012176885269582272,-0.5351725816726685,0.0,0.0,0.0,13490,13520,13999,13516,0,13520,STANDBY
-0.05000000074505806,-0.07999999821186066,9.8100004196167,0.0,0.0,0.0,1008.6024780273438,37.779998779296875,0.44620639085769653,2.0256404876708984,0,0,0.0,0.0,0.0,0,0,0.00872829370200634,0.0,0.012054811231791973,-0.5348674058914185,0.0,0.0,0.0,13590,13620,14101,13619,0,13620,STANDBY
-0.029999999329447746,-0.07999999821186066,9.800000190734863,0.0,0.0,0.0,1008.61279296875,37.779998779296875,0.503422737121582,2.4291560649871826,0,0,0.0,0.0,0.0,0,0,0.00872829370200634,0.0,0.011993774212896824,-0.5345317125320435,0.0,0.0,0.0,13690,13720,14187,13705,0,13720,STANDBY
-0.05000000074505806,-0.09000000357627869,9.8100004196167,0.0,0.0,0.0,1008.6925048828125,37.81999969482422,0.12593448162078857,-0.3370766043663025,0,0,0.0,0.0,0.0,0,0,0.00866725668311119,0.0,0.012024292722344398,-0.5341654419898987,0.0,0.0,0.0,13790,13820,14290,13807,0,13820,STANDBY
-0.029999999329447746,-0.09000000357627869,9.8100004196167,0.0,0.0,0.0,1008.7142333984375,37.84000015258789,-0.2725341022014618,-3.1779348850250244,0,0,0.0,0.0,0.0,0,0,0.008545182645320892,0.0,0.01196325570344925,-0.5337687134742737,0.0,0.0,0.0,13893,13920,14393,13911,0,13920,STANDBY
-0.029999999329447746,-0.07000000029802322,9.8100004196167,0.0,0.0,0.0,1008.7086181640625,37.849998474121094,-0.31723690032958984,-2.795067310333252,0,0,0.0,0.0,0.0,0,0,0.008575701154768467,0.0,0.011810663156211376,-0.5334025025367737,0.0,0.0,0.0,13993,14020,14496,14014,0,14020,STANDBY
-0.05000000074505806,-0.07000000029802322,9.8100004196167,0.0,0.0,0.0,1008.6929931640625,37.84000015258789,-0.24488987028598785,-0.5418984293937683,0,0,0.0,0.0,0.0,0,0,0.008301034569740295,0.0,0.01156651508063078,-0.5330973267555237,0.0,0.0,0.0,14093,14120,14599,14116,0,14120,STANDBY
-0.03999999910593033,-0.09000000357627869,9.8100004196167,0.0,0.0,0.0,1008.6964111328125,37.84000015258789,-0.25865796208381653,0.10053364187479019,0,0,0.0,0.0,0.0,0,0,0.008239997550845146,0.0,0.011597033590078354,-0.5327311158180237,0.0,0.0,0.0,14193,14220,14685,14202,0,14220,STANDBY
-0.029999999329447746,-0.09000000357627869,9.800000190734863,0.0,0.0,0.0,1008.7052612304688,37.849998474121094,-0.2911496162414551,-0.10065281391143799,0,0,0.0,0.0,0.0,0,0,0.008178960531949997,0.0,0.011535996571183205,-0.5323954224586487,0.0,0.0,0.0,14294,14320,14788,14306,0,14320,STANDBY
-0.05000000074505806,-0.05999999865889549,9.8100004196167,0.0,0.0,0.0,1008.6846923828125,37.849998474121094,-0.2243269681930542,0.04105841740965843,0,0,0.0,0.0,0.0,0,0,0.008026367984712124,0.0,0.011383404023945332,-0.5320291519165039,0.0,0.0,0.0,14394,14420,14891,14408,0,14420,STANDBY
-0.03999999910593033,-0.09000000357627869,9.800000190734863,0.0,0.0,0.0,1008.6480712890625,37.810001373291016,-0.028146706521511078,0.803793728351593,0,0,0.0,0.0,0.0,0,0,0.007965330965816975,0.0,0.01144444104284048,-0.5316629409790039,0.0,0.0,0.0,14494,14520,14994,14512,0,14520,STANDBY
-0.05999999865889549,-0.07999999821186066,9.8100004196167,0.0,0.0,0.0,1008.5928344726562,37.779998779296875,0.47676989436149597,2.9856996536254883,0,0,0.0,0.0,0.0,0,0,0.007904293946921825,0.0,0.011413922533392906,-0.5313272476196289,0.0,0.0,0.0,14594,14620,15096,14614,0,14620,STANDBY
-0.05999999865889549,-0.07999999821186066,9.800000190734863,0.0,0.0,0.0,1008.5970458984375,37.790000915527344,0.5424572229385376,3.094212770462036,0,0,0.0,0.0,0.0,0,0,0.007751701399683952,0.0,0.011352885514497757,-0.5309915542602539,0.0,0.0,0.0,14694,14720,15200,14717,0,14720,STANDBY
-0.019999999552965164,-0.07999999821186066,9.8100004196167,0.0,0.0,0.0,1008.69580078125,37.84000015258789,0.07778763771057129,-0.5205584168434143,0,0,0.0,0.0,0.0,0,0,0.0076601458713412285,0.0,0.011230811476707458,-0.5306863784790039,0.0,0.0,0.0,14794,14820,15286,14803,0,14820,STANDBY
-0.05999999865889549,-0.07000000029802322,9.800000190734863,0.0,0.0,0.0,1008.6962280273438,37.849998474121094,-0.19717153906822205,-3.0711417198181152,0,0,0.0,0.0,0.0,0,0,0.007690664380788803,0.0,0.011200292967259884,-0.5303506851196289,0.0,0.0,0.0,14894,14920,15389,14906,0,14920,STANDBY
-0.05000000074505806,-0.10000000149011612,9.8100004196167,0.0,0.0,0.0,1008.68310546875,37.86000061035156,-0.17359350621700287,-2.068202257156372,0,0,0.0,0.0,0.0,0,0,0.0074159977957606316,0.0,0.011139255948364735,-0.5300149321556091,0.0,0.0,0.0,14994,15020,15492,15009,0,15020,STANDBY
-0.019999999552965164,-0.09000000357627869,9.8100004196167,0.0,0.0,0.0,1008.6962280273438,37.849998474121094,-0.2275121659040451,-0.5028425455093384,0,0,0.0,0.0,0.0,0,0,0.007171849720180035,0.0,0.010986663401126862,-0.5297707915306091,0.0,0.0,0.0,15094,15120,15595,15113,0,15120,STANDBY
-0.07000000029802322,-0.05000000074505806,9.800000190734863,0.0,0.0,0.0,1008.68310546875,37.86000061035156,-0.18487849831581116,-0.14440307021141052,0,0,0.0,0.0,0.0,0,0,0.007293923757970333,0.0,0.01104770042002201,-0.5293130278587341,0.0,0.0,0.0,15194,15220,15697,15215,0,15220,STANDBY
-0.029999999329447746,-0.10000000149011612,9.8100004196167,0.0,0.0,0.0,1008.7072143554688,37.86000061035156,-0.27192509174346924,-0.1453004628419876,0,0,0.0,0.0,0.0,0,0,0.00714133121073246,0.0,0.01104770042002201,-0.5289773344993591,0.0,0.0,0.0,15294,15320,15801,15319,0,15320,STANDBY
-0.05000000074505806,-0.09000000357627869,9.819999694824219,0.0,0.0,0.0,1008.700927734375,37.86000061035156,-0.28798118233680725,-0.3942398428916931,0,0,0.0,0.0,0.0,0,0,0.006958220154047012,0.0,0.010834070853888988,-0.5287331938743591,0.0,0.0,0.0,15394,15420,15887,15405,0,15420,STANDBY
-0.05000000074505806,-0.09000000357627869,9.800000190734863,0.0,0.0,0.0,1008.6532592773438,37.83000183105469,-0.0741676390171051,0.40254443883895874,0,0,0.0,0.0,0.0,0,0,0.006775109097361565,0.0,0.010834070853888988,-0.5283669829368591,0.0,0.0,0.0,15494,15520,15990,15508,0,15520,STANDBY
-0.019999999552965164,-0.09000000357627869,9.8100004196167,0.0,0.0,0.0,1008.588623046875,37.790000915527344,0.47958916425704956,3.0582690238952637,0,0,0.0,0.0,0.0,0,0,0.006714072078466415,0.0,0.010864589363336563,-0.5280617475509644,0.0,0.0,0.0,15594,15620,16094,15610,0,15620,STANDBY
-0.05000000074505806,-0.07999999821186066,9.8100004196167,0.0,0.0,0.0,1008.5758056640625,37.779998779296875,0.6579867601394653,3.705199718475342,0,0,0.0,0.0,0.0,0,0,0.006530961021780968,0.0,0.010559404268860817,-0.5276345014572144,0.0,0.0,0.0,15694,15720,16196,15714,0,15720,STANDBY
-0.03999999910593033,-0.09000000357627869,9.819999694824219,0.0,0.0,0.0,1008.6690063476562,37.84000015258789,0.2564837336540222,0.3034558892250061,0,0,0.0,0.0,0.0,0,0,0.006775109097361565,0.0,0.010559404268860817,-0.5271767377853394,0.0,0.0,0.0,15794,15820,16300,15817,0,15820,STANDBY
-0.05000000074505806,-0.07000000029802322,9.800000190734863,0.0,0.0,0.0,1008.6962280273438,37.849998474121094,-0.09543769061565399,-2.762328624725342,0,0,0.0,0.0,0.0,0,0,0.006836146116256714,0.0,0.010559404268860817,-0.5268105268478394,0.0,0.0,0.0,15894,15920,16386,15903,0,15920,STANDBY
-0.03999999910593033,-0.07999999821186066,9.8100004196167,0.0,0.0,0.0,1008.665283203125,37.849998474121094,-0.040604203939437866,-2.1787850856781006,0,0,0.0,0.0,0.0,0,0,0.006439405493438244,0.0,0.01037629321217537,-0.5265358686447144,0.0,0.0,0.0,15994,16020,16488,16006,0,16020,STANDBY
-0.03999999910593033,-0.09000000357627869,9.8100004196167,0.0,0.0,0.0,1008.6859130859375,37.849998474121094,-0.11889689415693283,-0.6034020185470581,0,0,0.0,0.0,0.0,0,0,0.006439405493438244,0.0,0.010284737683832645,-0.5262001156806946,0.0,0.0,0.0,16094,16120,16591,16109,0,16120,STANDBY
-0.03999999910593033,-0.07000000029802322,9.819999694824219,0.0,0.0,0.0,1008.680419921875,37.86000061035156,-0.17330873012542725,-0.6581288576126099,0,0,0.0,0.0,0.0,0,0,0.006317331455647945,0.0,0.010132145136594772,-0.5258033871650696,0.0,0.0,0.0,16194,16220,16695,16212,0,16220,STANDBY
-0.03999999910593033,-0.07000000029802322,9.800000190734863,0.0,0.0,0.0,1008.6796875,37.86000061035156,-0.13520193099975586,-0.2738589346408844,0,0,0.0,0.0,0.0,0,0,0.006317331455647945,0.0,0.010162663646042347,-0.5254371762275696,0.0,0.0,0.0,16294,16320,16797,16315,0,16320,STANDBY
-0.03999999910593033,-0.09000000357627869,9.819999694824219,0.0,0.0,0.0,1008.680419921875,37.86000061035156,-0.05772462859749794,0.6111592054367065,0,0,0.0,0.0,0.0,0,0,0.006103701889514923,0.0,0.010101626627147198,-0.5250709652900696,0.0,0.0,0.0,16394,16420,16901,16419,0,16420,STANDBY
-0.05000000074505806,-0.07999999821186066,9.819999694824219,0.0,0.0,0.0,1008.6026611328125,37.81999969482422,0.2902737259864807,1.5720078945159912,0,0,0.0,0.0,0.0,0,0,0.0060731833800673485,0.0,0.010010071098804474,-0.5247963070869446,0.0,0.0,0.0,16494,16520,16987,16504,0,16520,STANDBY
-0.029999999329447746,-0.07000000029802322,9.8100004196167,0.0,0.0,0.0,1008.5584106445312,37.790000915527344,0.7656694054603577,3.4398562908172607,0,0,0.0,0.0,0.0,0,0,0.0058290353044867516,0.0,0.009735404513776302,-0.5244606137275696,0.0,0.0,0.0,16594,16620,17090,16607,0,16620,STANDBY
-0.029999999329447746,-0.07999999821186066,9.800000190734863,0.0,0.0,0.0,1008.5406494140625,37.790000915527344,0.979180634021759,3.7077841758728027,0,0,0.0,0.0,0.0,0,0,0.005798516795039177,0.0,0.009643848985433578,-0.5240638256072998,0.0,0.0,0.0,16694,16720,17192,16710,0,16720,STANDBY
-0.03999999910593033,-0.07999999821186066,9.800000190734863,0.0,0.0,0.0,1008.6386108398438,37.86000061035156,0.5925710201263428,0.5796261429786682,0,0,0.0,0.0,0.0,0,0,0.005737479776144028,0.0,0.009643848985433578,-0.5236976146697998,0.0,0.0,0.0,16794,16820,17296,16814,0,16820,STANDBY
-0.03999999910593033,-0.09000000357627869,9.8100004196167,0.0,0.0,0.0,1008.6741943359375,37.86000061035156,0.11049903929233551,-3.2151308059692383,0,0,0.0,0.0,0.0,0,0,0.005523850210011005,0.0,0.009674367494881153,-0.5233314037322998,0.0,0.0,0.0,16894,16920,17398,16916,0,16920,STANDBY
-0.05000000074505806,-0.09000000357627869,9.8100004196167,0.0,0.0,0.0,1008.6564331054688,37.86000061035156,0.10020525008440018,-3.0912368297576904,0,0,0.0,0.0,0.0,0,0,0.005523850210011005,0.0,0.009674367494881153,-0.5229957103729248,0.0,0.0,0.0,16994,17020,17502,17019,0,17020,STANDBY
-0.05000000074505806,-0.07000000029802322,9.8100004196167,0.0,0.0,0.0,1008.6989135742188,37.86000061035156,-0.1822071373462677,-1.8562300205230713,0,0,0.0,0.0,0.0,0,0,0.005462813191115856,0.0,0.00958281196653843,-0.5226905345916748,0.0,0.0,0.0,17094,17120,17588,17105,0,17120,STANDBY
-0.019999999552965164,-0.10000000149011612,9.800000190734863,0.0,0.0,0.0,1008.6529541015625,37.86000061035156,-0.021759524941444397,-1.0281997919082642,0,0,0.0,0.0,0.0,0,0,0.005310220643877983,0.0,0.00958281196653843,-0.522354781627655,0.0,0.0,0.0,17195,17220,17690,17208,0,17220,STANDBY
-0.05999999865889549,-0.05999999865889549,9.800000190734863,0.0,0.0,0.0,1008.6932983398438,37.869998931884766,-0.13878661394119263,0.012107782065868378,0,0,0.0,0.0,0.0,0,0,0.005340739153325558,0.0,0.009491256438195705,-0.521988570690155,0.0,0.0,0.0,17295,17320,17794,17311,0,17320,STANDBY
-0.03999999910593033,-0.09000000357627869,9.800000190734863,0.0,0.0,0.0,1008.70361328125,37.869998931884766,-0.21875008940696716,-0.49408796429634094,0,0,0.0,0.0,0.0,0,0,0.00515762809664011,0.0,0.00946073792874813,-0.521622359752655,0.0,0.0,0.0,17395,17420,17897,17420,0,17420,STANDBY
-0.03999999910593033,-0.09000000357627869,9.8100004196167,0.0,0.0,0.0,1008.64501953125,37.84000015258789,0.00011572986841201782,0.12160313129425049,0,0,0.0,0.0,0.0,0,0,0.00515762809664011,0.0,0.00946073792874813,-0.52128666639328,0.0,0.0,0.0,17495,17520,17999,17517,0,17520,STANDBY
-0.05000000074505806,-0.07000000029802322,9.800000190734863,0.0,0.0,0.0,1008.5671997070312,37.79999923706055,0.5570376515388489,2.762847423553467,0,0,0.0,0.0,0.0,0,0,0.004943998530507088,0.0,0.009369182400405407,-0.521073043346405,0.0,0.0,0.0,17595,17620,18085,17603,0,17620,STANDBY
-0.03999999910593033,-0.07999999821186066,9.800000190734863,0.0,0.0,0.0,1008.5671997070312,37.79999923706055,0.7475721836090088,3.740835666656494,0,0,0.0,0.0,0.0,0,0,0.004821924492716789,0.0,0.009308145381510258,-0.52079838514328,0.0,0.0,0.0,17695,17720,18189,17707,0,17720,STANDBY
-0.019999999552965164,-0.07999999821186066,9.8100004196167,0.0,0.0,0.0,1008.6557006835938,37.86000061035156,0.37280386686325073,0.6208257675170898,0,0,0.0,0.0,0.0,0,0,0.004669331945478916,0.0,0.008972441777586937,-0.520523726940155,0.0,0.0,0.0,17795,17820,18291,17809,0,17820,STANDBY
-0.05000000074505806,-0.07000000029802322,9.8100004196167,0.0,0.0,0.0,1008.6920166015625,37.86000061035156,-0.05317530035972595,-2.9302072525024414,0,0,0.0,0.0,0.0,0,0,0.004730368964374065,0.0,0.00912503432482481,-0.5201574563980103,0.0,0.0,0.0,17895,17920,18395,17912,0,17920,STANDBY
-0.029999999329447746,-0.10000000149011612,9.800000190734863,0.0,0.0,0.0,1008.67138671875,37.86000061035156,-0.06860437244176865,-2.772122383117676,0,0,0.0,0.0,0.0,0,0,0.00436414685100317,0.0,0.008972441777586937,-0.5198217630386353,0.0,0.0,0.0,17995,18020,18498,18016,0,18020,STANDBY
-0.03999999910593033,-0.07999999821186066,9.800000190734863,0.0,0.0,0.0,1008.6788940429688,37.869998931884766,-0.087723009288311,-0.799252450466156,0,0,0.0,0.0,0.0,0,0,0.004516739398241043,0.0,0.00912503432482481,-0.5195776224136353,0.0,0.0,0.0,18095,18120,18600,18118,0,18120,STANDBY
-0.05000000074505806,-0.07999999821186066,9.8100004196167,0.0,0.0,0.0,1008.6932983398438,37.869998931884766,-0.19584280252456665,-0.589943528175354,0,0,0.0,0.0,0.0,0,0,0.004211554303765297,0.0,0.008880886249244213,-0.5193029642105103,0.0,0.0,0.0,18195,18220,18686,18204,0,18220,STANDBY
-0.009999999776482582,-0.10000000149011612,9.8100004196167,0.0,0.0,0.0,1008.689208984375,37.869998931884766,-0.1594722867012024,-0.371492862701416,0,0,0.0,0.0,0.0,0,0,0.004150517284870148,0.0,0.00878933072090149,-0.5190893411636353,0.0,0.0,0.0,18295,18320,18790,18308,0,18320,STANDBY
-0.05000000074505806,-0.05999999865889549,9.819999694824219,0.0,0.0,0.0,1008.6898193359375,37.869998931884766,-0.20380297303199768,-0.1426280289888382,0,0,0.0,0.0,0.0,0,0,0.0042420728132128716,0.0,0.008758812211453915,-0.5186926126480103,0.0,0.0,0.0,18395,18420,18893,18411,0,18420,STANDBY
-0.029999999329447746,-0.09000000357627869,9.8100004196167,0.0,0.0,0.0,1008.6196899414062,37.83000183105469,0.15465953946113586,0.9118492007255554,0,0,0.0,0.0,0.0,0,0,0.004119998775422573,0.0,0.008606219664216042,-0.5183263421058655,0.0,0.0,0.0,18495,18520,18996,18513,0,18520,STANDBY
-0.05999999865889549,-0.09000000357627869,9.789999961853027,0.0,0.0,0.0,1008.55908203125,37.79999923706055,0.7533448934555054,3.9855408668518066,0,0,0.0,0.0,0.0,0,0,0.004181035794317722,0.0,0.008697775192558765,-0.5180822014808655,0.0,0.0,0.0,18595,18620,19099,18617,0,18620,STANDBY
-0.03999999910593033,-0.07000000029802322,9.8100004196167,0.0,0.0,0.0,1008.5712280273438,37.810001373291016,0.8118155598640442,3.7632946968078613,0,0,0.0,0.0,0.0,0,0,0.003723258152604103,0.0,0.008514664135873318,-0.5178075432777405,0.0,0.0,0.0,18696,18720,19203,18719,0,18720,STANDBY
-0.03999999910593033,-0.10000000149011612,9.800000190734863,0.0,0.0,0.0,1008.631103515625,37.849998474121094,0.5196936130523682,0.1486302614212036,0,0,0.0,0.0,0.0,0,0,0.003723258152604103,0.0,0.008545182645320892,-0.5175939202308655,0.0,0.0,0.0,18796,18820,19288,18805,0,18820,STANDBY
-0.05999999865889549,-0.09000000357627869,9.800000190734863,0.0,0.0,0.0,1008.67138671875,37.86000061035156,0.05382784456014633,-3.0566811561584473,0,0,0.0,0.0,0.0,0,0,0.003662221133708954,0.0,0.008514664135873318,-0.5172582268714905,0.0,0.0,0.0,18896,18920,19391,18909,0,18920,STANDBY
-0.03999999910593033,-0.09000000357627869,9.800000190734863,0.0,0.0,0.0,1008.6726684570312,37.869998931884766,-0.0693567544221878,-3.316728115081787,0,0,0.0,0.0,0.0,0,0,0.003662221133708954,0.0,0.008575701154768467,-0.5168920159339905,0.0,0.0,0.0,18996,19020,19494,19012,0,19020,STANDBY
-0.05000000074505806,-0.07999999821186066,9.8100004196167,0.0,0.0,0.0,1008.6624145507812,37.869998931884766,-0.001906244084239006,-0.9645557999610901,0,0,0.0,0.0,0.0,0,0,0.00357066560536623,0.0,0.00866725668311119,-0.5165867805480957,0.0,0.0,0.0,19096,19120,19597,19115,0,19120,STANDBY
-0.05000000074505806,-0.07999999821186066,9.8100004196167,0.0,0.0,0.0,1008.6802368164062,37.869998931884766,-0.12262782454490662,-0.36480259895324707,0,0,0.0,0.0,0.0,0,0,0.0033875545486807823,0.0,0.008575701154768467,-0.5163121223449707,0.0,0.0,0.0,19196,19220,19700,19218,0,19220,STANDBY
-0.03999999910593033,-0.07999999821186066,9.8100004196167,0.0,0.0,0.0,1008.6920166015625,37.86000061035156,-0.1213688924908638,-0.37354859709739685,0,0,0.0,0.0,0.0,0,0,0.0032959990203380585,0.0,0.00839259009808302,-0.5161595344543457,0.0,0.0,0.0,19296,19320,19786,19304,0,19320,STANDBY
-0.03999999910593033,-0.07999999821186066,9.800000190734863,0.0,0.0,0.0,1008.6624145507812,37.869998931884766,0.003626955673098564,0.43099480867385864,0,0,0.0,0.0,0.0,0,0,0.003326517529785633,0.0,0.00839259009808302,-0.5157322883605957,0.0,0.0,0.0,19396,19420,19890,19406,0,19420,STANDBY
-0.03999999910593033,-0.07999999821186066,9.8100004196167,0.0,0.0,0.0,1008.644287109375,37.84000015258789,0.10776744782924652,0.7885587215423584,0,0,0.0,0.0,0.0,0,0,0.00317392498254776,0.0,0.008301034569740295,-0.5154881477355957,0.0,0.0,0.0,19496,19520,19992,19510,0,19520,STANDBY
-0.05000000074505806,-0.09000000357627869,9.8100004196167,0.0,0.0,0.0,1008.5987548828125,37.810001373291016,0.45531004667282104,1.9202677011489868,0,0,0.0,0.0,0.0,0,0,0.003326517529785633,0.0,0.00833155307918787,-0.5151524543762207,0.0,0.0,0.0,19596,19620,20096,19613,0,19620,STANDBY
-0.05999999865889549,-0.07999999821186066,9.800000190734863,0.0,0.0,0.0,1008.5726318359375,37.810001373291016,0.7123346924781799,2.8686723709106445,0,0,0.0,0.0,0.0,0,0,0.0032044434919953346,0.0,0.008239997550845146,-0.5148777961730957,0.0,0.0,0.0,19696,19720,20199,19717,0,19720,STANDBY
-0.03999999910593033,-0.09000000357627869,9.789999961853027,0.0,0.0,0.0,1008.6617431640625,37.869998931884766,0.34688928723335266,0.602426290512085,0,0,0.0,0.0,0.0,0,0,0.0032044434919953346,0.0,0.008301034569740295,-0.5146030783653259,0.0,0.0,0.0,19796,19820,20301,19819,0,19820,STANDBY
-0.03999999910593033,-0.07000000029802322,9.800000190734863,0.0,0.0,0.0,1008.6815795898438,37.880001068115234,0.00012739747762680054,-2.618022918701172,0,0,0.0,0.0,0.0,0,0,0.0029602954164147377,0.0,0.008087405003607273,-0.5144504904747009,0.0,0.0,0.0,19896,19920,20387,19905,0,19920,STANDBY
-0.03999999910593033,-0.09000000357627869,9.8100004196167,0.0,0.0,0.0,1008.6622924804688,37.880001068115234,-0.00711449421942234,-2.4172887802124023,0,0,0.0,0.0,0.0,0,0,0.0029908139258623123,0.0,0.008026367984712124,-0.5141147971153259,0.0,0.0,0.0,19996,20020,20491,20008,0,20020,STANDBY
-0.05999999865889549,-0.07999999821186066,9.800000190734863,0.0,0.0,0.0,1008.6828002929688,37.880001068115234,-0.04770977795124054,-0.6426108479499817,0,0,0.0,0.0,0.0,0,0,0.003021332435309887,0.0,0.008087405003607273,-0.5138706564903259,0.0,0.0,0.0,20096,20120,20594,20112,0,20120,STANDBY
-0.029999999329447746,-0.09000000357627869,9.800000190734863,0.0,0.0,0.0,1008.7164916992188,37.880001068115234,-0.28570494055747986,-1.0226860046386719,0,0,0.0,0.0,0.0,0,0,0.0025635547935962677,0.0,0.00787377543747425,-0.5137485861778259,0.0,0.0,0.0,20196,20220,20698,20214,0,20220,STANDBY
-0.03999999910593033,-0.07999999821186066,9.8100004196167,0.0,0.0,0.0,1008.6724853515625,37.880001068115234,-0.1686725914478302,-0.9785630106925964,0,0,0.0,0.0,0.0,0,0,0.002685628831386566,0.0,0.0079348124563694,-0.5134739279747009,0.0,0.0,0.0,20296,20320,20800,20318,0,20320,STANDBY
-0.05000000074505806,-0.05999999865889549,9.800000190734863,0.0,0.0,0.0,1008.6828002929688,37.880001068115234,-0.13183540105819702,0.3116927742958069,0,0,0.0,0.0,0.0,0,0,0.0025635547935962677,0.0,0.007690664380788803,-0.5133213400840759,0.0,0.0,0.0,20396,20420,20886,20404,0,20420,STANDBY
-0.019999999552965164,-0.07999999821186066,9.800000190734863,0.0,0.0,0.0,1008.6367797851562,37.83000183105469,0.04584871977567673,0.8313618302345276,0,0,0.0,0.0,0.0,0,0,0.0027161473408341408,0.0,0.0076601458713412285,-0.5130466818809509,0.0,0.0,0.0,20496,20520,20989,20507,0,20520,STANDBY
-0.05999999865889549,-0.07999999821186066,9.800000190734863,0.0,0.0,0.0,1008.5767211914062,37.810001373291016,0.5530176162719727,2.7266950607299805,0,0,0.0,0.0,0.0,0,0,0.002685628831386566,0.0,0.0076601458713412285,-0.5127720236778259,0.0,0.0,0.0,20596,20620,21092,20610,0,20620,STANDBY
-0.03999999910593033,-0.07999999821186066,9.819999694824219,0.0,0.0,0.0,1008.5801391601562,37.810001373291016,0.6959191560745239,3.4383440017700195,0,0,0.0,0.0,0.0,0,0,0.0024414807558059692,0.0,0.007446516305208206,-0.5125583410263062,0.0,0.0,0.0,20696,20720,21195,20713,0,20720,STANDBY
-0.029999999329447746,-0.07999999821186066,9.819999694824219,0.0,0.0,0.0,1008.6699829101562,37.869998931884766,0.2966534197330475,0.22461861371994019,0,0,0.0,0.0,0.0,0,0,0.0024414807558059692,0.0,0.007385479286313057,-0.5123447179794312,0.0,0.0,0.0,20796,20820,21298,20815,0,20820,STANDBY
-0.05000000074505806,-0.07000000029802322,9.8100004196167,0.0,0.0,0.0,1008.6937255859375,37.880001068115234,-0.19283685088157654,-3.625601053237915,0,0,0.0,0.0,0.0,0,0,0.002471999265253544,0.0,0.007354960776865482,-0.5120700597763062,0.0,0.0,0.0,20896,20920,21401,20919,0,20920,STANDBY
-0.019999999552965164,-0.09000000357627869,9.8100004196167,0.0,0.0,0.0,1008.6828002929688,37.880001068115234,-0.14572542905807495,-2.926967144012451,0,0,0.0,0.0,0.0,0,0,0.0024109622463583946,0.0,0.007324442267417908,-0.5117648839950562,0.0,0.0,0.0,20996,21020,21487,21005,0,21020,STANDBY
-0.07000000029802322,-0.05999999865889549,9.8100004196167,0.0,0.0,0.0,1008.6663208007812,37.880001068115234,-0.07477885484695435,-0.12682074308395386,0,0,0.0,0.0,0.0,0,0,0.002533036284148693,0.0,0.007446516305208206,-0.5114597082138062,0.0,0.0,0.0,21096,21120,21590,21107,0,21120,STANDBY
-0.009999999776482582,-0.10999999940395355,9.819999694824219,0.0,0.0,0.0,1008.6663208007812,37.880001068115234,-0.09639925509691238,0.06119956821203232,0,0,0.0,0.0,0.0,0,0,0.002227851189672947,0.0,0.007324442267417908,-0.5112766027450562,0.0,0.0,0.0,21196,21220,21693,21211,0,21220,STANDBY
-0.03999999910593033,-0.05000000074505806,9.8100004196167,0.0,0.0,0.0,1008.66357421875,37.88999938964844,-0.0008846838027238846,0.38663583993911743,0,0,0.0,0.0,0.0,0,0,0.0023499252274632454,0.0,0.007293923757970333,-0.5110019445419312,0.0,0.0,0.0,21296,21320,21795,21313,0,21320,STANDBY
-0.05999999865889549,-0.09000000357627869,9.819999694824219,0.0,0.0,0.0,1008.6669311523438,37.88999938964844,0.022384174168109894,0.7425841093063354,0,0,0.0,0.0,0.0,0,0,0.002136295661330223,0.0,0.0074159977957606316,-0.5108188390731812,0.0,0.0,0.0,21396,21420,21899,21419,0,21420,STANDBY
-0.05000000074505806,-0.10999999940395355,9.819999694824219,0.0,0.0,0.0,1008.6160888671875,37.849998474121094,0.21745631098747253,0.7848557233810425,0,0,0.0,0.0,0.0,0,0,0.001739555038511753,0.0,0.00714133121073246,-0.5106356739997864,0.0,0.0,0.0,21496,21520,22001,21519,0,21520,STANDBY
-0.03999999910593033,-0.05999999865889549,9.8100004196167,0.0,0.0,0.0,1008.5642700195312,37.81999969482422,0.7147940397262573,2.790640354156494,0,0,0.0,0.0,0.0,0,0,0.00198370311409235,0.0,0.007293923757970333,-0.5104220509529114,0.0,0.0,0.0,21597,21620,22087,21605,0,21620,STANDBY
-0.029999999329447746,-0.07000000029802322,9.800000190734863,0.0,0.0,0.0,1008.5642700195312,37.81999969482422,0.8052228689193726,3.139178514480591,0,0,0.0,0.0,0.0,0,0,0.0017700735479593277,0.0,0.007202368229627609,-0.5101168751716614,0.0,0.0,0.0,21697,21720,22191,21708,0,21720,STANDBY
-0.05000000074505806,-0.11999999731779099,9.8100004196167,0.0,0.0,0.0,1008.6190795898438,37.869998931884766,0.5340672731399536,0.1369611620903015,0,0,0.0,0.0,0.0,0,0,0.0016479995101690292,0.0,0.0072634052485227585,-0.5099337697029114,0.0,0.0,0.0,21797,21820,22294,21811,0,21820,STANDBY
-0.03999999910593033,-0.07999999821186066,9.8100004196167,0.0,0.0,0.0,1008.6504516601562,37.88999938964844,0.2593800127506256,-2.0353775024414062,0,0,0.0,0.0,0.0,0,0,0.0017090365290641785,0.0,0.007110812701284885,-0.5096896290779114,0.0,0.0,0.0,21897,21920,22396,21914,0,21920,STANDBY
-0.03999999910593033,-0.05999999865889549,9.8100004196167,0.0,0.0,0.0,1008.6669311523438,37.88999938964844,0.07380252331495285,-2.3473711013793945,0,0,0.0,0.0,0.0,0,0,0.0016174810007214546,0.0,0.0070192571729421616,-0.5094454884529114,0.0,0.0,0.0,21997,22020,22500,22018,0,22020,STANDBY
-0.03999999910593033,-0.07999999821186066,9.800000190734863,0.0,0.0,0.0,1008.6429443359375,37.88999938964844,0.11290983110666275,-1.2931647300720215,0,0,0.0,0.0,0.0,0,0,0.0015564439818263054,0.0,0.007049775682389736,-0.5092623829841614,0.0,0.0,0.0,22097,22120,22586,22103,0,22120,STANDBY
-0.05999999865889549,-0.09000000357627869,9.8100004196167,0.0,0.0,0.0,1008.6669311523438,37.88999938964844,0.05956534296274185,-0.28758370876312256,0,0,0.0,0.0,0.0,0,0,0.0017090365290641785,0.0,0.007171849720180035,-0.5089266896247864,0.0,0.0,0.0,22197,22220,22688,22206,0,22220,STANDBY
-0.029999999329447746,-0.10000000149011612,9.800000190734863,0.0,0.0,0.0,1008.6738891601562,37.88999938964844,-0.0453459694981575,-0.5695969462394714,0,0,0.0,0.0,0.0,0,0,0.0013733329251408577,0.0,0.006836146116256714,-0.5088046193122864,0.0,0.0,0.0,22297,22320,22792,22309,0,22320,STANDBY
-0.05000000074505806,-0.07000000029802322,9.8100004196167,0.0,0.0,0.0,1008.6504516601562,37.88999938964844,0.08356984704732895,-0.16455857455730438,0,0,0.0,0.0,0.0,0,0,0.0014954069629311562,0.0,0.006836146116256714,-0.5085604190826416,0.0,0.0,0.0,22397,22420,22895,22420,0,22420,STANDBY
-0.029999999329447746,-0.05999999865889549,9.789999961853027,0.0,0.0,0.0,1008.59326171875,37.849998474121094,0.3957868218421936,1.49853515625,0,0,0.0,0.0,0.0,0,0,0.0013733329251408577,0.0,0.00674459058791399,-0.5083773136138916,0.0,0.0,0.0,22497,22520,22998,22515,0,22520,STANDBY
-0.029999999329447746,-0.09000000357627869,9.800000190734863,0.0,0.0,0.0,1008.56689453125,37.83000183105469,0.7157043218612671,2.8165078163146973,0,0,0.0,0.0,0.0,0,0,0.0014038514345884323,0.0,0.006775109097361565,-0.5081026554107666,0.0,0.0,0.0,22597,22620,23101,22619,0,22620,STANDBY
-0.05000000074505806,-0.07000000029802322,9.8100004196167,0.0,0.0,0.0,1008.5204467773438,37.810001373291016,1.079094648361206,3.446843147277832,0,0,0.0,0.0,0.0,0,0,0.0014038514345884323,0.0,0.0066225165501236916,-0.5080111026763916,0.0,0.0,0.0,22697,22720,23187,22704,0,22720,STANDBY
-0.03999999910593033,-0.07000000029802322,9.800000190734863,0.0,0.0,0.0,1008.6464233398438,37.88999938964844,0.5481839776039124,0.5618683695793152,0,0,0.0,0.0,0.0,0,0,0.001342814415693283,0.0,0.006530961021780968,-0.5078585147857666,0.0,0.0,0.0,22797,22820,23290,22807,0,22820,STANDBY
-0.029999999329447746,-0.09000000357627869,9.800000190734863,0.0,0.0,0.0,1008.6498413085938,37.88999938964844,0.1891220510005951,-3.391934871673584,0,0,0.0,0.0,0.0,0,0,0.0014038514345884323,0.0,0.006653035059571266,-0.5075533390045166,0.0,0.0,0.0,22897,22920,23393,22910,0,22920,STANDBY
-0.07000000029802322,-0.07000000029802322,9.800000190734863,0.0,0.0,0.0,1008.6333618164062,37.88999938964844,0.23451244831085205,-2.475442409515381,0,0,0.0,0.0,0.0,0,0,0.0014648884534835815,0.0,0.00674459058791399,-0.5073091983795166,0.0,0.0,0.0,22998,23020,23496,23014,0,23020,STANDBY
-0.009999999776482582,-0.07999999821186066,9.800000190734863,0.0,0.0,0.0,1008.6439208984375,37.88999938964844,0.18101224303245544,-0.5137926936149597,0,0,0.0,0.0,0.0,0,0,0.0012207403779029846,0.0,0.0066225165501236916,-0.5071260929107666,0.0,0.0,0.0,23098,23120,23599,23116,0,23120,STANDBY
-0.029999999329447746,-0.10000000149011612,9.800000190734863,0.0,0.0,0.0,1008.6257934570312,37.88999938964844,0.2600747346878052,-0.02863404154777527,0,0,0.0,0.0,0.0,0,0,0.001037629321217537,0.0,0.006591998040676117,-0.5069735050201416,0.0,0.0,0.0,23198,23220,23702,23220,0,23220,STANDBY
-0.05000000074505806,-0.05999999865889549,9.8100004196167,0.0,0.0,0.0,1008.66455078125,37.88999938964844,0.13834863901138306,0.0011882781982421875,0,0,0.0,0.0,0.0,0,0,0.0010986663401126862,0.0,0.0066225165501236916,-0.5066987872123718,0.0,0.0,0.0,23298,23320,23788,23306,0,23320,STANDBY
-0.019999999552965164,-0.09000000357627869,9.800000190734863,0.0,0.0,0.0,1008.6610717773438,37.88999938964844,0.05614835023880005,-0.7288792133331299,0,0,0.0,0.0,0.0,0,0,0.0009460737928748131,0.0,0.006439405493438244,-0.5065461993217468,0.0,0.0,0.0,23398,23421,23890,23408,0,23421,STANDBY
-0.05999999865889549,-0.05999999865889549,9.819999694824219,0.0,0.0,0.0,1008.5906372070312,37.86000061035156,0.3708123564720154,0.3095652461051941,0,0,0.0,0.0,0.0,0,0,0.0010986663401126862,0.0,0.00634784996509552,-0.5063325762748718,0.0,0.0,0.0,23498,23521,23994,23512,0,23521,STANDBY
-0.019999999552965164,-0.07999999821186066,9.8100004196167,0.0,0.0,0.0,1008.5599975585938,37.83000183105469,0.7716250419616699,2.885288715362549,0,0,0.0,0.0,0.0,0,0,0.0008239997550845146,0.0,0.006134220398962498,-0.5061494708061218,0.0,0.0,0.0,23598,23621,24097,23614,0,23621,STANDBY
-0.05000000074505806,-0.07999999821186066,9.8100004196167,0.0,0.0,0.0,1008.5340576171875,37.81999969482422,0.9840281009674072,3.254875659942627,0,0,0.0,0.0,0.0,0,0,0.0007629627361893654,0.0,0.006164738908410072,-0.5060884356498718,0.0,0.0,0.0,23698,23721,24200,23717,0,23721,STANDBY
-0.019999999552965164,-0.07999999821186066,9.800000190734863,0.0,0.0,0.0,1008.62451171875,37.880001068115234,0.6128314137458801,0.3978132903575897,0,0,0.0,0.0,0.0,0,0,0.0006103701889514923,0.0,0.005981627851724625,-0.5059053301811218,0.0,0.0,0.0,23798,23821,24286,23803,0,23821,STANDBY
-0.019999999552965164,-0.09000000357627869,9.789999961853027,0.0,0.0,0.0,1008.6298217773438,37.88999938964844,0.3572289049625397,-2.334341049194336,0,0,0.0,0.0,0.0,0,0,0.00079348124563694,0.0,0.006195257417857647,-0.5056917071342468,0.0,0.0,0.0,23898,23921,24389,23907,0,23921,STANDBY
-0.07000000029802322,-0.05000000074505806,9.8100004196167,0.0,0.0,0.0,1008.665771484375,37.900001525878906,0.10604103654623032,-2.746438503265381,0,0,0.0,0.0,0.0,0,0,0.0007629627361893654,0.0,0.006134220398962498,-0.5055086016654968,0.0,0.0,0.0,23998,24022,24493,24010,0,24022,STANDBY
0.0,-0.10999999940395355,9.819999694824219,0.0,0.0,0.0,1008.6795043945312,37.900001525878906,-0.04621666669845581,-2.1239330768585205,0,0,0.0,0.0,0.0,0,0,0.0004272591322660446,0.0,0.005981627851724625,-0.5053560137748718,0.0,0.0,0.0,24098,24122,24596,24113,0,24122,STANDBY
-0.05000000074505806,-0.09000000357627869,9.8100004196167,0.0,0.0,0.0,1008.669189453125,37.900001525878906,-0.037777237594127655,-1.1091015338897705,0,0,0.0,0.0,0.0,0,0,0.0005493331700563431,0.0,0.006195257417857647,-0.5051423907279968,0.0,0.0,0.0,24198,24222,24698,24216,0,24222,STANDBY
-0.05000000074505806,-0.07000000029802322,9.8100004196167,0.0,0.0,0.0,1008.669189453125,37.900001525878906,-0.02835673838853836,-0.19811095297336578,0,0,0.0,0.0,0.0,0,0,0.0001831110566854477,0.0,0.006103701889514923,-0.5050813555717468,0.0,0.0,0.0,24298,24322,24802,24320,0,24322,STANDBY
-0.029999999329447746,-0.10000000149011612,9.8100004196167,0.0,0.0,0.0,1008.6726684570312,37.900001525878906,-0.034589022397994995,0.03206668421626091,0,0,0.0,0.0,0.0,0,0,0.0001831110566854477,0.0,0.006103701889514923,-0.5050203204154968,0.0,0.0,0.0,24398,24422,24888,24404,0,24422,STANDBY
-0.05000000074505806,-0.07000000029802322,9.819999694824219,0.0,0.0,0.0,1008.597412109375,37.86000061035156,0.2901747226715088,0.9418826103210449,0,0,0.0,0.0,0.0,0,0,0.00033570360392332077,0.0,0.006042664870619774,-0.504806637763977,0.0,0.0,0.0,24498,24522,24990,24508,0,24522,STANDBY
-0.019999999552965164,-0.07000000029802322,9.800000190734863,0.0,0.0,0.0,1008.5565795898438,37.83000183105469,0.8024932742118835,3.48514986038208,0,0,0.0,0.0,0.0,0,0,0.00030518509447574615,0.0,0.00595110934227705,-0.504623532295227,0.0,0.0,0.0,24598,24622,25094,24611,0,24622,STANDBY
-0.03999999910593033,-0.07999999821186066,9.800000190734863,0.0,0.0,0.0,1008.582763671875,37.81999969482422,0.7658596038818359,3.074188232421875,0,0,0.0,0.0,0.0,0,0,0.00033570360392332077,0.0,0.005920590832829475,-0.504440426826477,0.0,0.0,0.0,24698,24722,25197,24715,0,24722,STANDBY
-0.05000000074505806,-0.09000000357627869,9.800000190734863,0.0,0.0,0.0,1008.6642456054688,37.88999938964844,0.2621195614337921,-1.2716662883758545,0,0,0.0,0.0,0.0,0,0,0.0002441480755805969,0.0,0.005981627851724625,-0.504318356513977,0.0,0.0,0.0,24798,24822,25300,24817,0,24822,STANDBY
-0.029999999329447746,-0.10000000149011612,9.800000190734863,0.0,0.0,0.0,1008.6493530273438,37.900001525878906,0.1469026505947113,-2.9073681831359863,0,0,0.0,0.0,0.0,0,0,0.00015259254723787308,0.0,0.005920590832829475,-0.504226803779602,0.0,0.0,0.0,24898,24922,25403,24921,0,24922,STANDBY
-0.05000000074505806,-0.07000000029802322,9.800000190734863,0.0,0.0,0.0,1008.6671142578125,37.900001525878906,0.0009010033681988716,-1.9035277366638184,0,0,0.0,0.0,0.0,0,0,3.0518509447574615e-05,0.0,0.005981627851724625,-0.504074215888977,0.0,0.0,0.0,24998,25022,25489,25007,0,25022,STANDBY
-0.019999999552965164,-0.10000000149011612,9.800000190734863,0.0,0.0,0.0,1008.701416015625,37.900001525878906,-0.18289466202259064,-1.541261911392212,0,0,0.0,0.0,0.0,0,0,-3.0518509447574615e-05,0.0,0.00595110934227705,-0.504013180732727,0.0,0.0,0.0,25098,25122,25592,25110,0,25122,STANDBY
-0.05999999865889549,-0.09000000357627869,9.8100004196167,0.0,0.0,0.0,1008.6802368164062,37.900001525878906,-0.15285170078277588,-0.9579247236251831,0,0,0.0,0.0,0.0,0,0,-9.155552834272385e-05,0.0,0.005920590832829475,-0.503952145576477,0.0,0.0,0.0,25198,25222,25696,25213,0,25222,STANDBY
-0.029999999329447746,-0.07999999821186066,9.800000190734863,0.0,0.0,0.0,1008.6677856445312,37.900001525878906,-0.004818998277187347,0.4521629214286804,0,0,0.0,0.0,0.0,0,0,-9.155552834272385e-05,0.0,0.005920590832829475,-0.503799557685852,0.0,0.0,0.0,25298,25322,25799,25316,0,25322,STANDBY
-0.019999999552965164,-0.07999999821186066,9.800000190734863,0.0,0.0,0.0,1008.6609497070312,37.900001525878906,0.040009431540966034,0.9253120422363281,0,0,0.0,0.0,0.0,0,0,-0.00012207403779029846,0.0,0.005890072323381901,-0.503677487373352,0.0,0.0,0.0,25398,25422,25902,25419,0,25422,STANDBY
-0.05000000074505806,-0.07999999821186066,9.8100004196167,0.0,0.0,0.0,1008.635009765625,37.869998931884766,0.1443387120962143,0.5934205055236816,0,0,0.0,0.0,0.0,0,0,-0.0002136295661330223,0.0,0.005920590832829475,-0.503524899482727,0.0,0.0,0.0,25498,25522,25988,25505,0,25522,STANDBY
-0.03999999910593033,-0.09000000357627869,9.8100004196167,0.0,0.0,0.0,1008.5894775390625,37.84000015258789,0.5383315086364746,2.054320812225342,0,0,0.0,0.0,0.0,0,0,-0.0002136295661330223,0.0,0.005859553813934326,-0.503433346748352,0.0,0.0,0.0,25598,25622,26091,25609,0,25622,STANDBY
-0.03999999910593033,-0.07000000029802322,9.8100004196167,0.0,0.0,0.0,1008.5709228515625,37.83000183105469,0.7137949466705322,2.7825541496276855,0,0,0.0,0.0,0.0,0,0,-0.0002136295661330223,0.0,0.005706961266696453,-0.503372311592102,0.0,0.0,0.0,25698,25722,26194,25711,0,25722,STANDBY
-0.03999999910593033,-0.07000000029802322,9.8100004196167,0.0,0.0,0.0,1008.655517578125,37.900001525878906,0.3847429156303406,0.37077799439430237,0,0,0.0,0.0,0.0,0,0,-0.0002441480755805969,0.0,0.005645924247801304,-0.503280758857727,0.0,0.0,0.0,25798,25822,26297,25815,0,25822,STANDBY
-0.029999999329447746,-0.07000000029802322,9.800000190734863,0.0,0.0,0.0,1008.6609497070312,37.900001525878906,0.114397332072258,-2.2429912090301514,0,0,0.0,0.0,0.0,0,0,-0.0002136295661330223,0.0,0.005523850210011005,-0.503189206123352,0.0,0.0,0.0,25899,25922,26400,25918,0,25922,STANDBY
-0.05000000074505806,-0.07000000029802322,9.800000190734863,0.0,0.0,0.0,1008.6546630859375,37.90999984741211,0.12227272987365723,-1.846388339996338,0,0,0.0,0.0,0.0,0,0,-0.00012207403779029846,0.0,0.005493331700563431,-0.503067135810852,0.0,0.0,0.0,25999,26022,26504,26020,0,26022,STANDBY
-0.029999999329447746,-0.09000000357627869,9.8100004196167,0.0,0.0,0.0,1008.650634765625,37.900001525878906,0.13536337018013,-0.30193662643432617,0,0,0.0,0.0,0.0,0,0,-0.00015259254723787308,0.0,0.005523850210011005,-0.502945065498352,0.0,0.0,0.0,26099,26122,26590,26107,0,26122,STANDBY
-0.03999999910593033,-0.07999999821186066,9.8100004196167,0.0,0.0,0.0,1008.671875,37.90999984741211,0.0325520895421505,-0.3472782075405121,0,0,0.0,0.0,0.0,0,0,-0.00015259254723787308,0.0,0.005645924247801304,-0.5027313828468323,0.0,0.0,0.0,26199,26222,26693,26210,0,26222,STANDBY
-0.029999999329447746,-0.07999999821186066,9.819999694824219,0.0,0.0,0.0,1008.6787719726562,37.90999984741211,-0.040891148149967194,-0.7116060256958008,0,0,0.0,0.0,0.0,0,0,-0.0001831110566854477,0.0,0.005706961266696453,-0.5025482773780823,0.0,0.0,0.0,26299,26322,26796,26313,0,26322,STANDBY
-0.05000000074505806,-0.07999999821186066,9.8100004196167,0.0,0.0,0.0,1008.650634765625,37.900001525878906,0.05669621005654335,-0.23599490523338318,0,0,0.0,0.0,0.0,0,0,-0.0002441480755805969,0.0,0.005737479776144028,-0.5023956894874573,0.0,0.0,0.0,26399,26422,26899,26419,0,26422,STANDBY
-0.029999999329447746,-0.10000000149011612,9.8100004196167,0.0,0.0,0.0,1008.6246948242188,37.869998931884766,0.20962411165237427,0.7268244028091431,0,0,0.0,0.0,0.0,0,0,-0.0002441480755805969,0.0,0.005767998285591602,-0.5021820664405823,0.0,0.0,0.0,26499,26522,27002,26519,0,26522,STANDBY
-0.03999999910593033,-0.07000000029802322,9.800000190734863,0.0,0.0,0.0,1008.551025390625,37.83000183105469,0.7230615615844727,2.692793130874634,0,0,0.0,0.0,0.0,0,0,-0.00030518509447574615,0.0,0.005706961266696453,-0.5021820664405823,0.0,0.0,0.0,26599,26622,27087,26605,0,26622,STANDBY
-0.03999999910593033,-0.09000000357627869,9.8100004196167,0.0,0.0,0.0,1008.5626831054688,37.84000015258789,0.8268898725509644,3.1822876930236816,0,0,0.0,0.0,0.0,0,0,-0.00039674062281847,0.0,0.005737479776144028,-0.5020294785499573,0.0,0.0,0.0,26699,26722,27191,26708,0,26722,STANDBY
-0.05000000074505806,-0.10000000149011612,9.8100004196167,0.0,0.0,0.0,1008.6257934570312,37.88999938964844,0.6074300408363342,0.7526454329490662,0,0,0.0,0.0,0.0,0,0,-0.00045777764171361923,0.0,0.005798516795039177,-0.5019379258155823,0.0,0.0,0.0,26799,26822,27294,26812,0,26822,STANDBY
-0.05000000074505806,-0.07000000029802322,9.819999694824219,0.0,0.0,0.0,1008.6746826171875,37.900001525878906,0.13057328760623932,-2.4696671962738037,0,0,0.0,0.0,0.0,0,0,-0.0005493331700563431,0.0,0.005767998285591602,-0.5018463730812073,0.0,0.0,0.0,26899,26923,27397,26914,0,26923,STANDBY
-0.03999999910593033,-0.07999999821186066,9.8100004196167,0.0,0.0,0.0,1008.6759643554688,37.90999984741211,-0.010902643203735352,-3.285918712615967,0,0,0.0,0.0,0.0,0,0,-0.00045777764171361923,0.0,0.005737479776144028,-0.5016632676124573,0.0,0.0,0.0,26999,27023,27500,27018,0,27023,STANDBY
-0.03999999910593033,-0.07000000029802322,9.819999694824219,0.0,0.0,0.0,1008.6649780273438,37.90999984741211,-0.032482631504535675,-1.5715914964675903,0,0,0.0,0.0,0.0,0,0,-0.00045777764171361923,0.0,0.005645924247801304,-0.5015717148780823,0.0,0.0,0.0,27099,27123,27603,27120,0,27123,STANDBY
-0.029999999329447746,-0.09000000357627869,9.8100004196167,0.0,0.0,0.0,1008.6553344726562,37.90999984741211,0.02284027263522148,-0.3153912127017975,0,0,0.0,0.0,0.0,0,0,-0.0005798516795039177,0.0,0.005493331700563431,-0.5015411972999573,0.0,0.0,0.0,27199,27223,27689,27207,0,27223,STANDBY
-0.03999999910593033,-0.07999999821186066,9.800000190734863,0.0,0.0,0.0,1008.65673828125,37.90999984741211,0.06303274631500244,0.3879709839820862,0,0,0.0,0.0,0.0,0,0,-0.0005493331700563431,0.0,0.005462813191115856,-0.5014191269874573,0.0,0.0,0.0,27299,27323,27793,27310,0,27323,STANDBY
-0.05000000074505806,-0.07999999821186066,9.8100004196167,0.0,0.0,0.0,1008.66357421875,37.90999984741211,0.015334635972976685,0.11827445775270462,0,0,0.0,0.0,0.0,0,0,-0.0008239997550845146,0.0,0.005340739153325558,-0.5013886094093323,0.0,0.0,0.0,27400,27423,27895,27417,0,27423,STANDBY
-0.03999999910593033,-0.07999999821186066,9.800000190734863,0.0,0.0,0.0,1008.5970458984375,37.880001068115234,0.3577636182308197,0.9645956158638,0,0,0.0,0.0,0.0,0,0,-0.0008239997550845146,0.0,0.005401776172220707,-0.5012665390968323,0.0,0.0,0.0,27500,27523,27999,27516,0,27523,STANDBY
-0.05000000074505806,-0.07999999821186066,9.800000190734863,0.0,0.0,0.0,1008.558349609375,37.849998474121094,0.7851197719573975,3.2483348846435547,0,0,0.0,0.0,0.0,0,0,-0.0009155552834272385,0.0,0.005340739153325558,-0.5013275742530823,0.0,0.0,0.0,27600,27623,28102,27619,0,27623,STANDBY
-0.03999999910593033,-0.07000000029802322,9.8100004196167,0.0,0.0,0.0,1008.556396484375,37.84000015258789,0.8410274982452393,2.770784854888916,0,0,0.0,0.0,0.0,0,0,-0.0008545182645320892,0.0,0.005340739153325558,-0.5011444687843323,0.0,0.0,0.0,27700,27723,28205,27722,0,27723,STANDBY
-0.05000000074505806,-0.07999999821186066,9.800000190734863,0.0,0.0,0.0,1008.6553344726562,37.90999984741211,0.29483476281166077,-1.1658521890640259,0,0,0.0,0.0,0.0,0,0,-0.0008850367739796638,0.0,0.005340739153325558,-0.5011139512062073,0.0,0.0,0.0,27800,27823,28291,27808,0,27823,STANDBY
-0.05000000074505806,-0.09000000357627869,9.800000190734863,0.0,0.0,0.0,1008.6716918945312,37.91999816894531,0.030143219977617264,-3.3877620697021484,0,0,0.0,0.0,0.0,0,0,-0.0008545182645320892,0.0,0.005523850210011005,-0.5009918808937073,0.0,0.0,0.0,27900,27923,28394,27912,0,27923,STANDBY
-0.03999999910593033,-0.09000000357627869,9.800000190734863,0.0,0.0,0.0,1008.6517333984375,37.91999816894531,0.1040688157081604,-1.6687469482421875,0,0,0.0,0.0,0.0,0,0,-0.00079348124563694,0.0,0.00555436871945858,-0.5008392333984375,0.0,0.0,0.0,28000,28023,28497,28014,0,28023,STANDBY
-0.029999999329447746,-0.07000000029802322,9.8100004196167,0.0,0.0,0.0,1008.6744384765625,37.91999816894531,-0.035334374755620956,-0.6075739860534668,0,0,0.0,0.0,0.0,0,0,-0.0009460737928748131,0.0,0.0054322946816682816,-0.5007781982421875,0.0,0.0,0.0,28100,28123,28600,28118,0,28123,STANDBY
-0.05000000074505806,-0.07999999821186066,9.789999961853027,0.0,0.0,0.0,1008.6682739257812,37.91999816894531,-0.037858471274375916,-0.6920179128646851,0,0,0.0,0.0,0.0,0,0,-0.0009460737928748131,0.0,0.005493331700563431,-0.5006256103515625,0.0,0.0,0.0,28200,28223,28703,28221,0,28223,STANDBY
-0.03999999910593033,-0.07999999821186066,9.800000190734863,0.0,0.0,0.0,1008.6676635742188,37.91999816894531,-0.011736306361854076,-0.05316358804702759,0,0,0.0,0.0,0.0,0,0,-0.0008545182645320892,0.0,0.005523850210011005,-0.5005035400390625,0.0,0.0,0.0,28300,28323,28789,28307,0,28323,STANDBY
-0.03999999910593033,-0.07000000029802322,9.8100004196167,0.0,0.0,0.0,1008.6551513671875,37.91999816894531,0.050961386412382126,0.3272475004196167,0,0,0.0,0.0,0.0,0,0,-0.0008545182645320892,0.0,0.005493331700563431,-0.5004119873046875,0.0,0.0,0.0,28400,28423,28893,28409,0,28423,STANDBY
-0.03999999910593033,-0.07999999821186066,9.819999694824219,0.0,0.0,0.0,1008.6121215820312,37.88999938964844,0.2790803015232086,1.0224685668945312,0,0,0.0,0.0,0.0,0,0,-0.0008545182645320892,0.0,0.005462813191115856,-0.5003204345703125,0.0,0.0,0.0,28500,28523,28995,28513,0,28523,STANDBY
-0.029999999329447746,-0.09000000357627869,9.8100004196167,0.0,0.0,0.0,1008.5643920898438,37.86000061035156,0.7279155254364014,2.9067277908325195,0,0,0.0,0.0,0.0,0,0,-0.0009155552834272385,0.0,0.005493331700563431,-0.5001983642578125,0.0,0.0,0.0,28600,28623,29099,28616,0,28623,STANDBY
-0.05000000074505806,-0.07999999821186066,9.800000190734863,0.0,0.0,0.0,1008.5281372070312,37.849998474121094,1.0029528141021729,3.554051160812378,0,0,0.0,0.0,0.0,0,0,-0.001037629321217537,0.0,0.005462813191115856,-0.5001678466796875,0.0,0.0,0.0,28700,28723,29202,28719,0,28723,STANDBY
-0.029999999329447746,-0.07999999821186066,9.800000190734863,0.0,0.0,0.0,1008.6504516601562,37.91999816894531,0.48799562454223633,0.244920551776886,0,0,0.0,0.0,0.0,0,0,-0.0012207403779029846,0.0,0.0052797021344304085,-0.5001678466796875,0.0,0.0,0.0,28800,28823,29304,28822,0,28823,STANDBY
-0.019999999552965164,-0.07999999821186066,9.800000190734863,0.0,0.0,0.0,1008.6524047851562,37.91999816894531,0.18350298702716827,-3.1039481163024902,0,0,0.0,0.0,0.0,0,0,-0.0010681478306651115,0.0,0.0052797021344304085,-0.5000152587890625,0.0,0.0,0.0,28900,28923,29390,28908,0,28923,STANDBY
-0.05999999865889549,-0.07999999821186066,9.800000190734863,0.0,0.0,0.0,1008.6503295898438,37.93000030517578,0.13826590776443481,-2.478433609008789,0,0,0.0,0.0,0.0,0,0,-0.0009765923023223877,0.0,0.005340739153325558,-0.4998626708984375,0.0,0.0,0.0,29000,29023,29494,29011,0,29023,STANDBY
-0.03999999910593033,-0.09000000357627869,9.8100004196167,0.0,0.0,0.0,1008.6749877929688,37.93000030517578,-0.005560532212257385,-1.1937220096588135,0,0,0.0,0.0,0.0,0,0,-0.0012817773967981339,0.0,0.00515762809664011,-0.4998016357421875,0.0,0.0,0.0,29100,29123,29597,29114,0,29123,STANDBY
-0.05000000074505806,-0.07999999821186066,9.800000190734863,0.0,0.0,0.0,1008.6495971679688,37.93000030517578,0.07970210909843445,-0.5304733514785767,0,0,0.0,0.0,0.0,0,0,-0.0010986663401126862,0.0,0.005249183624982834,-0.4997100830078125,0.0,0.0,0.0,29200,29223,29700,29217,0,29223,STANDBY
-0.03999999910593033,-0.07000000029802322,9.8100004196167,0.0,0.0,0.0,1008.64404296875,37.93000030517578,0.12909910082817078,0.3011881113052368,0,0,0.0,0.0,0.0,0,0,-0.001342814415693283,0.0,0.005127109587192535,-0.4996795654296875,0.0,0.0,0.0,29300,29323,29803,29320,0,29323,STANDBY
-0.05000000074505806,-0.09000000357627869,9.819999694824219,0.0,0.0,0.0,1008.6503295898438,37.93000030517578,0.15295416116714478,0.47090137004852295,0,0,0.0,0.0,0.0,0,0,-0.001342814415693283,0.0,0.005218665115535259,-0.4996490478515625,0.0,0.0,0.0,29400,29423,29889,29406,0,29423,STANDBY
-0.05000000074505806,-0.09000000357627869,9.819999694824219,0.0,0.0,0.0,1008.6018676757812,37.88999938964844,0.3287234306335449,0.7000640034675598,0,0,0.0,0.0,0.0,0,0,-0.001434369944036007,0.0,0.005096591077744961,-0.4996490478515625,0.0,0.0,0.0,29500,29523,29991,29509,0,29523,STANDBY
-0.019999999552965164,-0.10000000149011612,9.8100004196167,0.0,0.0,0.0,1008.553466796875,37.86000061035156,0.7532484531402588,2.344573974609375,0,0,0.0,0.0,0.0,0,0,-0.0015259254723787308,0.0,0.005188146606087685,-0.4995880126953125,0.0,0.0,0.0,29600,29623,30095,29613,0,29623,STANDBY
-0.05000000074505806,-0.07000000029802322,9.8100004196167,0.0,0.0,0.0,1008.5507202148438,37.86000061035156,0.9412495493888855,3.229191780090332,0,0,0.0,0.0,0.0,0,0,-0.0012512588873505592,0.0,0.0052797021344304085,-0.4994048774242401,0.0,0.0,0.0,29700,29723,30197,29715,0,29723,STANDBY
-0.05000000074505806,-0.07999999821186066,9.819999694824219,0.0,0.0,0.0,1008.6361083984375,37.90999984741211,0.5558289885520935,0.3956972360610962,0,0,0.0,0.0,0.0,0,0,-0.0013122959062457085,0.0,0.005218665115535259,-0.4991912543773651,0.0,0.0,0.0,29800,29824,30301,29818,0,29824,STANDBY
-0.029999999329447746,-0.10000000149011612,9.8100004196167,0.0,0.0,0.0,1008.6681518554688,37.93000030517578,0.1364753395318985,-3.0728251934051514,0,0,0.0,0.0,0.0,0,0,-0.0012207403779029846,0.0,0.005249183624982834,-0.4991607367992401,0.0,0.0,0.0,29900,29924,30403,29921,0,29924,STANDBY
-0.05000000074505806,-0.07999999821186066,9.800000190734863,0.0,0.0,0.0,1008.6790771484375,37.93000030517578,-0.043909475207328796,-3.3646445274353027,0,0,0.0,0.0,0.0,0,0,-0.0014038514345884323,0.0,0.005005035549402237,-0.4990386664867401,0.0,0.0,0.0,30000,30024,30489,30007,0,30024,STANDBY
0.0,-0.09000000357627869,9.789999961853027,0.0,0.0,0.0,1008.6818237304688,37.93000030517578,-0.11242591589689255,-1.7888407707214355,0,0,0.0,0.0,0.0,0,0,-0.0012207403779029846,0.0,0.00515762809664011,-0.4990081489086151,0.0,0.0,0.0,30100,30124,30593,30110,0,30124,STANDBY
-0.10999999940395355,-0.05000000074505806,9.800000190734863,0.0,0.0,0.0,1008.6715698242188,37.93000030517578,-0.07289110124111176,-0.5418394804000854,0,0,0.0,0.0,0.0,0,0,-0.0013733329251408577,0.0,0.005188146606087685,-0.4988250434398651,0.0,0.0,0.0,30200,30224,30696,30213,0,30224,STANDBY
0.029999999329447746,-0.12999999523162842,9.800000190734863,0.0,0.0,0.0,1008.6612548828125,37.93000030517578,-0.03303959593176842,0.11083555221557617,0,0,0.0,0.0,0.0,0,0,-0.0012207403779029846,0.0,0.005127109587192535,-0.4987334907054901,0.0,0.0,0.0,30301,30324,30798,30316,0,30324,STANDBY
-0.07999999821186066,-0.019999999552965164,9.800000190734863,0.0,0.0,0.0,1008.626220703125,37.93000030517578,0.22158463299274445,1.1286920309066772,0,0,0.0,0.0,0.0,0,0,-0.0014038514345884323,0.0,0.00515762809664011,-0.4987334907054901,0.0,0.0,0.0,30401,30424,30902,30418,0,30424,STANDBY
0.0,-0.11999999731779099,9.800000190734863,0.0,0.0,0.0,1008.58544921875,37.900001525878906,0.47535914182662964,2.147559404373169,0,0,0.0,0.0,0.0,0,0,-0.0017090365290641785,0.0,0.004913480021059513,-0.4987334907054901,0.0,0.0,0.0,30501,30524,31004,30522,0,30524,STANDBY
-0.07000000029802322,-0.019999999552965164,9.789999961853027,0.0,0.0,0.0,1008.5320434570312,37.869998931884766,0.9666619300842285,3.4308838844299316,0,0,0.0,0.0,0.0,0,0,-0.0012207403779029846,0.0,0.005005035549402237,-0.4986724555492401,0.0,0.0,0.0,30601,30624,31090,30608,0,30624,STANDBY
-0.009999999776482582,-0.10999999940395355,9.789999961853027,0.0,0.0,0.0,1008.53271484375,37.869998931884766,1.0909276008605957,3.401200294494629,0,0,0.0,0.0,0.0,0,0,-0.00158696249127388,0.0,0.004913480021059513,-0.4985809028148651,0.0,0.0,0.0,30701,30724,31194,30710,0,30724,STANDBY
-0.029999999329447746,-0.07999999821186066,9.800000190734863,0.0,0.0,0.0,1008.6221923828125,37.93000030517578,0.5699303150177002,-0.6186292767524719,0,0,0.0,0.0,0.0,0,0,-0.001342814415693283,0.0,0.005005035549402237,-0.4984893202781677,0.0,0.0,0.0,30801,30824,31296,30814,0,30824,STANDBY
-0.05000000074505806,-0.07000000029802322,9.789999961853027,0.0,0.0,0.0,1008.6316528320312,37.939998626708984,0.3097696304321289,-3.333589553833008,0,0,0.0,0.0,0.0,0,0,-0.0015564439818263054,0.0,0.004974517039954662,-0.4983672499656677,0.0,0.0,0.0,30901,30924,31399,30917,0,30924,STANDBY
-0.019999999552965164,-0.10000000149011612,9.800000190734863,0.0,0.0,0.0,1008.6488037109375,37.939998626708984,0.19925075769424438,-2.314006805419922,0,0,0.0,0.0,0.0,0,0,-0.0014648884534835815,0.0,0.005066072568297386,-0.4983367323875427,0.0,0.0,0.0,31001,31024,31502,31020,0,31024,STANDBY
-0.05999999865889549,-0.07000000029802322,9.800000190734863,0.0,0.0,0.0,1008.646728515625,37.939998626708984,0.17001599073410034,-0.9793869256973267,0,0,0.0,0.0,0.0,0,0,-0.0014954069629311562,0.0,0.004974517039954662,-0.4982146620750427,0.0,0.0,0.0,31101,31124,31605,31123,0,31124,STANDBY
-0.019999999552965164,-0.09000000357627869,9.789999961853027,0.0,0.0,0.0,1008.63916015625,37.939998626708984,0.22793015837669373,-0.1084299087524414,0,0,0.0,0.0,0.0,0,0,-0.0015564439818263054,0.0,0.004913480021059513,-0.4981536269187927,0.0,0.0,0.0,31201,31224,31691,31208,0,31224,STANDBY
-0.05000000074505806,-0.05999999865889549,9.789999961853027,0.0,0.0,0.0,1008.6048583984375,37.939998626708984,0.42294907569885254,0.9094539880752563,0,0,0.0,0.0,0.0,0,0,-0.0016479995101690292,0.0,0.00476088747382164,-0.4980925917625427,0.0,0.0,0.0,31301,31324,31794,31311,0,31324,STANDBY
0.0,-0.05999999865889549,9.789999961853027,0.0,0.0,0.0,1008.6248168945312,37.939998626708984,0.3435545563697815,0.6255422830581665,0,0,0.0,0.0,0.0,0,0,-0.0016479995101690292,0.0,0.004699850454926491,-0.4980620741844177,0.0,0.0,0.0,31401,31424,31897,31418,0,31424,STANDBY
-0.10000000149011612,-0.07999999821186066,9.800000190734863,0.0,0.0,0.0,1008.5779418945312,37.900001525878906,0.5664627552032471,0.5896376371383667,0,0,0.0,0.0,0.0,0,0,-0.0017700735479593277,0.0,0.0048829615116119385,-0.4979705214500427,0.0,0.0,0.0,31501,31524,32001,31517,0,31524,STANDBY
0.03999999910593033,-0.14000000059604645,9.789999961853027,0.0,0.0,0.0,1008.529296875,37.880001068115234,0.9465528726577759,2.361269235610962,0,0,0.0,0.0,0.0,0,0,-0.0017700735479593277,0.0,0.004608294926583767,-0.4979705214500427,0.0,0.0,0.0,31601,31624,32103,31621,0,31624,STANDBY
-0.12999999523162842,-0.009999999776482582,9.800000190734863,0.0,0.0,0.0,1008.528564453125,37.869998931884766,1.051439642906189,2.5246944427490234,0,0,0.0,0.0,0.0,0,0,-0.001831110566854477,0.0,0.0048829615116119385,-0.4979094862937927,0.0,0.0,0.0,31702,31724,32206,31724,0,31724,STANDBY
0.07000000029802322,-0.14000000059604645,9.789999961853027,0.0,0.0,0.0,1008.6303100585938,37.93000030517578,0.6077033281326294,-0.2940959930419922,0,0,0.0,0.0,0.0,0,0,-0.001831110566854477,0.0,0.004699850454926491,-0.4978789687156677,0.0,0.0,0.0,31802,31824,32292,31810,0,31824,STANDBY
-0.17000000178813934,0.0,9.800000190734863,0.0,0.0,0.0,1008.6488037109375,37.939998626708984,0.24608716368675232,-3.160134792327881,0,0,0.0,0.0,0.0,0,0,-0.0018921475857496262,0.0,0.004699850454926491,-0.4977263808250427,0.0,0.0,0.0,31902,31924,32396,31912,0,31924,STANDBY
0.07999999821186066,-0.15000000596046448,9.789999961853027,0.0,0.0,0.0,1008.660400390625,37.939998626708984,0.08210676908493042,-3.122227191925049,0,0,0.0,0.0,0.0,0,0,-0.0017700735479593277,0.0,0.0048829615116119385,-0.4977568984031677,0.0,0.0,0.0,32002,32024,32498,32016,0,32024,STANDBY
-0.18000000715255737,0.0,9.789999961853027,0.0,0.0,0.0,1008.6398315429688,37.939998626708984,0.1700001060962677,-1.0373446941375732,0,0,0.0,0.0,0.0,0,0,-0.0016785180196166039,0.0,0.0046388134360313416,-0.4976348280906677,0.0,0.0,0.0,32102,32124,32602,32119,0,32124,STANDBY
0.07999999821186066,-0.15000000596046448,9.800000190734863,0.0,0.0,0.0,1008.641845703125,37.939998626708984,0.18565641343593597,0.19612500071525574,0,0,0.0,0.0,0.0,0,0,-0.0019531846046447754,0.0,0.004821924492716789,-0.4976653456687927,0.0,0.0,0.0,32202,32224,32704,32222,0,32224,STANDBY
-0.11999999731779099,-0.029999999329447746,9.8100004196167,0.0,0.0,0.0,1008.6528930664062,37.939998626708984,0.11956597864627838,-0.09827898442745209,0,0,0.0,0.0,0.0,0,0,-0.0018005920574069023,0.0,0.004577776417136192,-0.4975737929344177,0.0,0.0,0.0,32302,32324,32790,32308,0,32324,STANDBY
0.029999999329447746,-0.10999999940395355,9.800000190734863,0.0,0.0,0.0,1008.6494750976562,37.939998626708984,0.1424553394317627,-0.1691349446773529,0,0,0.0,0.0,0.0,0,0,-0.001831110566854477,0.0,0.00476088747382164,-0.49748221039772034,0.0,0.0,0.0,32402,32424,32893,32410,0,32424,STANDBY
-0.09000000357627869,-0.07000000029802322,9.800000190734863,0.0,0.0,0.0,1008.5537719726562,37.88999938964844,0.5797922015190125,1.3851261138916016,0,0,0.0,0.0,0.0,0,0,-0.0017090365290641785,0.0,0.004791405983269215,-0.49751272797584534,0.0,0.0,0.0,32502,32524,32996,32514,0,32524,STANDBY
-0.019999999552965164,-0.11999999731779099,9.800000190734863,0.0,0.0,0.0,1008.5340576171875,37.880001068115234,1.0325791835784912,3.875678300857544,0,0,0.0,0.0,0.0,0,0,-0.00198370311409235,0.0,0.004669331945478916,-0.49736014008522034,0.0,0.0,0.0,32602,32624,33099,32617,0,32624,STANDBY
-0.009999999776482582,-0.07999999821186066,9.800000190734863,0.0,0.0,0.0,1008.5580444335938,37.880001068115234,0.9097027778625488,2.5429160594940186,0,0,0.0,0.0,0.0,0,0,-0.0015564439818263054,0.0,0.004821924492716789,-0.49729910492897034,0.0,0.0,0.0,32702,32724,33203,32719,0,32724,STANDBY
-0.05999999865889549,-0.05000000074505806,9.800000190734863,0.0,0.0,0.0,1008.615966796875,37.93000030517578,0.6273413896560669,-0.9031686782836914,0,0,0.0,0.0,0.0,0,0,-0.0020142216235399246,0.0,0.004913480021059513,-0.49726858735084534,0.0,0.0,0.0,32802,32824,33305,32823,0,32824,STANDBY
0.0,-0.10999999940395355,9.800000190734863,0.0,0.0,0.0,1008.6398315429688,37.939998626708984,0.31639719009399414,-2.5202598571777344,0,0,0.0,0.0,0.0,0,0,-0.0019226660951972008,0.0,0.004791405983269215,-0.49729910492897034,0.0,0.0,0.0,32902,32924,33391,32909,0,32924,STANDBY
-0.09000000357627869,-0.03999999910593033,9.8100004196167,0.0,0.0,0.0,1008.623291015625,37.939998626708984,0.348396897315979,-1.8963394165039062,0,0,0.0,0.0,0.0,0,0,-0.002075258642435074,0.0,0.0046388134360313416,-0.49717703461647034,0.0,0.0,0.0,33002,33024,33495,33011,0,33024,STANDBY
0.009999999776482582,-0.10999999940395355,9.800000190734863,0.0,0.0,0.0,1008.630126953125,37.939998626708984,0.2726920545101166,-0.669129490852356,0,0,0.0,0.0,0.0,0,0,-0.002075258642435074,0.0,0.004852443002164364,-0.49708548188209534,0.0,0.0,0.0,33102,33124,33597,33115,0,33124,STANDBY
-0.09000000357627869,-0.07000000029802322,9.8100004196167,0.0,0.0,0.0,1008.6370239257812,37.939998626708984,0.24072495102882385,-0.5496428608894348,0,0,0.0,0.0,0.0,0,0,-0.0017090365290641785,0.0,0.005005035549402237,-0.49702444672584534,0.0,0.0,0.0,33202,33224,33700,33218,0,33224,STANDBY
-0.03999999910593033,-0.09000000357627869,9.8100004196167,0.0,0.0,0.0,1008.6273193359375,37.95000076293945,0.29394444823265076,-0.0017860382795333862,0,0,0.0,0.0,0.0,0,0,-0.00198370311409235,0.0,0.004821924492716789,-0.49696341156959534,0.0,0.0,0.0,33302,33324,33804,33320,0,33324,STANDBY
-0.029999999329447746,-0.05999999865889549,9.8100004196167,0.0,0.0,0.0,1008.6473388671875,37.939998626708984,0.23196183145046234,0.07572571188211441,0,0,0.0,0.0,0.0,0,0,-0.0016785180196166039,0.0,0.0048829615116119385,-0.49696341156959534,0.0,0.0,0.0,33402,33424,33889,33406,0,33424,STANDBY
-0.029999999329447746,-0.07000000029802322,9.800000190734863,0.0,0.0,0.0,1008.5934448242188,37.91999816894531,0.3948473632335663,0.17642652988433838,0,0,0.0,0.0,0.0,0,0,-0.00198370311409235,0.0,0.0046388134360313416,-0.49690237641334534,0.0,0.0,0.0,33502,33524,33992,33510,0,33524,STANDBY
-0.029999999329447746,-0.11999999731779099,9.800000190734863,0.0,0.0,0.0,1008.4996948242188,37.880001068115234,1.1327927112579346,3.350719690322876,0,0,0.0,0.0,0.0,0,0,-0.0020142216235399246,0.0,0.0048829615116119385,-0.49681082367897034,0.0,0.0,0.0,33602,33624,34096,33612,0,33624,STANDBY
-0.05999999865889549,-0.07000000029802322,9.8100004196167,0.0,0.0,0.0,1008.5087280273438,37.869998931884766,1.2543082237243652,4.385807037353516,0,0,0.0,0.0,0.0,0,0,-0.001831110566854477,0.0,0.004669331945478916,-0.49678030610084534,0.0,0.0,0.0,33702,33724,34198,33716,0,33724,STANDBY
-0.03999999910593033,-0.07000000029802322,9.789999961853027,0.0,0.0,0.0,1008.607666015625,37.939998626708984,0.7040500640869141,-0.4254233241081238,0,0,0.0,0.0,0.0,0,0,-0.0018616290763020515,0.0,0.00476088747382164,-0.49671927094459534,0.0,0.0,0.0,33802,33824,34301,33819,0,33824,STANDBY
-0.029999999329447746,-0.09000000357627869,9.800000190734863,0.0,0.0,0.0,1008.6151733398438,37.939998626708984,0.49087363481521606,-3.1108484268188477,0,0,0.0,0.0,0.0,0,0,-0.0018616290763020515,0.0,0.004852443002164364,-0.49665823578834534,0.0,0.0,0.0,33902,33924,34404,33922,0,33924,STANDBY
-0.05999999865889549,-0.09000000357627869,9.800000190734863,0.0,0.0,0.0,1008.62548828125,37.939998626708984,0.3949386179447174,-2.0361104011535645,0,0,0.0,0.0,0.0,0,0,-0.0019531846046447754,0.0,0.004943998530507088,-0.49659720063209534,0.0,0.0,0.0,34002,34024,34490,34008,0,34024,STANDBY
-0.009999999776482582,-0.10000000149011612,9.800000190734863,0.0,0.0,0.0,1008.6754760742188,37.95000076293945,0.08404503017663956,-1.8999736309051514,0,0,0.0,0.0,0.0,0,0,-0.0018921475857496262,0.0,0.004791405983269215,-0.49656665325164795,0.0,0.0,0.0,34102,34124,34593,34110,0,34124,STANDBY
-0.07999999821186066,-0.03999999910593033,9.800000190734863,0.0,0.0,0.0,1008.6542358398438,37.939998626708984,0.11255623400211334,-1.5576202869415283,0,0,0.0,0.0,0.0,0,0,-0.0018005920574069023,0.0,0.004974517039954662,-0.49650561809539795,0.0,0.0,0.0,34202,34224,34696,34213,0,34224,STANDBY
-0.019999999552965164,-0.14000000059604645,9.800000190734863,0.0,0.0,0.0,1008.64111328125,37.95000076293945,0.14217832684516907,-0.33869433403015137,0,0,0.0,0.0,0.0,0,0,-0.0022583696991205215,0.0,0.004669331945478916,-0.49656665325164795,0.0,0.0,0.0,34302,34324,34799,34316,0,34324,STANDBY
-0.07000000029802322,-0.05999999865889549,9.8100004196167,0.0,0.0,0.0,1008.6342163085938,37.95000076293945,0.261207640171051,0.548253059387207,0,0,0.0,0.0,0.0,0,0,-0.0017700735479593277,0.0,0.0048829615116119385,-0.49647510051727295,0.0,0.0,0.0,34402,34424,34902,34420,0,34424,STANDBY
-0.029999999329447746,-0.09000000357627869,9.8100004196167,0.0,0.0,0.0,1008.5867309570312,37.90999984741211,0.43075883388519287,1.068007230758667,0,0,0.0,0.0,0.0,0,0,-0.0025025177747011185,0.0,0.004577776417136192,-0.49647510051727295,0.0,0.0,0.0,34502,34524,35005,34523,0,34524,STANDBY
-0.05999999865889549,-0.09000000357627869,9.800000190734863,0.0,0.0,0.0,1008.544921875,37.880001068115234,0.8677340745925903,2.5211033821105957,0,0,0.0,0.0,0.0,0,0,-0.0019531846046447754,0.0,0.004730368964374065,-0.49644458293914795,0.0,0.0,0.0,34603,34624,35091,34608,0,34624,STANDBY
-0.07000000029802322,-0.07000000029802322,9.8100004196167,0.0,0.0,0.0,1008.53466796875,37.880001068115234,1.0064177513122559,3.0239949226379395,0,0,0.0,0.0,0.0,0,0,-0.0023194067180156708,0.0,0.004791405983269215,-0.49644458293914795,0.0,0.0,0.0,34703,34724,35193,34711,0,34724,STANDBY
0.029999999329447746,-0.11999999731779099,9.789999961853027,0.0,0.0,0.0,1008.63916015625,37.939998626708984,0.5502465963363647,-0.17807072401046753,0,0,0.0,0.0,0.0,0,0,-0.0022583696991205215,0.0,0.004516739398241043,-0.49647510051727295,0.0,0.0,0.0,34803,34824,35297,34813,0,34824,STANDBY
-0.10999999940395355,-0.029999999329447746,9.8100004196167,0.0,0.0,0.0,1008.6397094726562,37.95000076293945,0.2925741672515869,-2.8092973232269287,0,0,0.0,0.0,0.0,0,0,-0.0023194067180156708,0.0,0.004699850454926491,-0.49635303020477295,0.0,0.0,0.0,34903,34924,35400,34917,0,34924,STANDBY
0.0,-0.11999999731779099,9.800000190734863,0.0,0.0,0.0,1008.6520385742188,37.95000076293945,0.1808454543352127,-2.3904342651367188,0,0,0.0,0.0,0.0,0,0,-0.0024414807558059692,0.0,0.004669331945478916,-0.49635303020477295,0.0,0.0,0.0,35003,35024,35503,35020,0,35024,STANDBY
-0.05999999865889549,-0.05999999865889549,9.819999694824219,0.0,0.0,0.0,1008.645751953125,37.95000076293945,0.13651388883590698,-1.190647840499878,0,0,0.0,0.0,0.0,0,0,-0.0020142216235399246,0.0,0.0046388134360313416,-0.49626147747039795,0.0,0.0,0.0,35103,35124,35606,35123,0,35124,STANDBY
-0.019999999552965164,-0.07999999821186066,9.800000190734863,0.0,0.0,0.0,1008.645751953125,37.95000076293945,0.12753675878047943,-0.5649412870407104,0,0,0.0,0.0,0.0,0,0,-0.0021668141707777977,0.0,0.004699850454926491,-0.49616992473602295,0.0,0.0,0.0,35203,35224,35692,35209,0,35224,STANDBY
-0.03999999910593033,-0.10000000149011612,9.8100004196167,0.0,0.0,0.0,1008.6492309570312,37.95000076293945,0.14471206068992615,-0.0020445846021175385,0,0,0.0,0.0,0.0,0,0,-0.002075258642435074,0.0,0.004699850454926491,-0.49613940715789795,0.0,0.0,0.0,35303,35324,35794,35312,0,35324,STANDBY
-0.05000000074505806,-0.10000000149011612,9.8100004196167,0.0,0.0,0.0,1008.6595458984375,37.95000076293945,0.05815097689628601,-0.2297625094652176,0,0,0.0,0.0,0.0,0,0,-0.002227851189672947,0.0,0.0046388134360313416,-0.49607837200164795,0.0,0.0,0.0,35403,35424,35898,35419,0,35424,STANDBY
-0.05000000074505806,-0.05999999865889549,9.800000190734863,0.0,0.0,0.0,1008.5477294921875,37.900001525878906,0.5667191743850708,1.1283851861953735,0,0,0.0,0.0,0.0,0,0,-0.002136295661330223,0.0,0.00476088747382164,-0.49601733684539795,0.0,0.0,0.0,35503,35524,36000,35518,0,35524,STANDBY
-0.019999999552965164,-0.10000000149011612,9.800000190734863,0.0,0.0,0.0,1008.5393676757812,37.880001068115234,0.9985860586166382,4.06257438659668,0,0,0.0,0.0,0.0,0,0,-0.002227851189672947,0.0,0.004730368964374065,-0.49595630168914795,0.0,0.0,0.0,35603,35624,36104,35621,0,35624,STANDBY
-0.05999999865889549,-0.07999999821186066,9.800000190734863,0.0,0.0,0.0,1008.5204467773438,37.88999938964844,1.1215977668762207,3.466822385787964,0,0,0.0,0.0,0.0,0,0,-0.002227851189672947,0.0,0.004669331945478916,-0.49592578411102295,0.0,0.0,0.0,35703,35724,36190,35706,0,35724,STANDBY
-0.03999999910593033,-0.07999999821186066,9.800000190734863,0.0,0.0,0.0,1008.6239013671875,37.95000076293945,0.6866014003753662,-0.19644403457641602,0,0,0.0,0.0,0.0,0,0,-0.0022583696991205215,0.0,0.0048829615116119385,-0.49589526653289795,0.0,0.0,0.0,35803,35824,36292,35810,0,35824,STANDBY
-0.05000000074505806,-0.10000000149011612,9.800000190734863,0.0,0.0,0.0,1008.6443481445312,37.959999084472656,0.26984691619873047,-3.3652219772338867,0,0,0.0,0.0,0.0,0,0,-0.002227851189672947,0.0,0.0048829615116119385,-0.49592578411102295,0.0,0.0,0.0,35903,35924,36396,35913,0,35924,STANDBY
-0.05999999865889549,-0.10000000149011612,9.8100004196167,0.0,0.0,0.0,1008.6224975585938,37.95000076293945,0.3199772834777832,-2.631204605102539,0,0,0.0,0.0,0.0,0,0,-0.00238044373691082,0.0,0.004821924492716789,-0.49598681926727295,0.0,0.0,0.0,36003,36024,36498,36016,0,36024,STANDBY
-0.029999999329447746,-0.05999999865889549,9.779999732971191,0.0,0.0,0.0,1008.61279296875,37.959999084472656,0.3756837248802185,-0.20315560698509216,0,0,0.0,0.0,0.0,0,0,-0.002227851189672947,0.0,0.004730368964374065,-0.49595630168914795,0.0,0.0,0.0,36104,36124,36601,36119,0,36124,STANDBY
-0.05000000074505806,-0.07999999821186066,9.800000190734863,0.0,0.0,0.0,1008.621826171875,37.95000076293945,0.3725408911705017,0.2562953233718872,0,0,0.0,0.0,0.0,0,0,-0.0024109622463583946,0.0,0.004669331945478916,-0.49595630168914795,0.0,0.0,0.0,36204,36224,36705,36221,0,36224,STANDBY
-0.019999999552965164,-0.10000000149011612,9.800000190734863,0.0,0.0,0.0,1008.6300048828125,37.959999084472656,0.3566242456436157,0.14245209097862244,0,0,0.0,0.0,0.0,0,0,-0.0023194067180156708,0.0,0.004516739398241043,-0.49592578411102295,0.0,0.0,0.0,36304,36324,36790,36307,0,36324,STANDBY
-0.029999999329447746,-0.07000000029802322,9.800000190734863,0.0,0.0,0.0,1008.64501953125,37.959999084472656,0.25607892870903015,-0.35916340351104736,0,0,0.0,0.0,0.0,0,0,-0.00238044373691082,0.0,0.004425183869898319,-0.49586474895477295,0.0,0.0,0.0,36404,36424,36893,36411,0,36424,STANDBY
-0.03999999910593033,-0.05999999865889549,9.789999961853027,0.0,0.0,0.0,1008.5885009765625,37.93000030517578,0.41422581672668457,-0.23373383283615112,0,0,0.0,0.0,0.0,0,0,-0.0023194067180156708,0.0,0.004791405983269215,-0.49586474895477295,0.0,0.0,0.0,36504,36524,36996,36513,0,36524,STANDBY
-0.05999999865889549,-0.10999999940395355,9.800000190734863,0.0,0.0,0.0,1008.5234985351562,37.88999938964844,1.0121188163757324,2.784496307373047,0,0,0.0,0.0,0.0,0,0,-0.002624591812491417,0.0,0.004516739398241043,-0.49586474895477295,0.0,0.0,0.0,36604,36624,37099,36617,0,36624,STANDBY
-0.029999999329447746,-0.09000000357627869,9.789999961853027,0.0,0.0,0.0,1008.5567016601562,37.900001525878906,0.990957498550415,3.3328499794006348,0,0,0.0,0.0,0.0,0,0,-0.002227851189672947,0.0,0.004608294926583767,-0.49586474895477295,0.0,0.0,0.0,36704,36724,37202,36719,0,36724,STANDBY
-0.03999999910593033,-0.07000000029802322,9.800000190734863,0.0,0.0,0.0,1008.634033203125,37.959999084472656,0.5116286277770996,-0.9738087058067322,0,0,0.0,0.0,0.0,0,0,-0.0023194067180156708,0.0,0.004608294926583767,-0.49577319622039795,0.0,0.0,0.0,36804,36824,37305,36823,0,36824,STANDBY
-0.03999999910593033,-0.09000000357627869,9.800000190734863,0.0,0.0,0.0,1008.6257934570312,37.970001220703125,0.35787060856819153,-2.913123846054077,0,0,0.0,0.0,0.0,0,0,-0.0021057771518826485,0.0,0.00476088747382164,-0.49571216106414795,0.0,0.0,0.0,36904,36924,37391,36909,0,36924,STANDBY
-0.03999999910593033,-0.07999999821186066,9.800000190734863,0.0,0.0,0.0,1008.6394653320312,37.970001220703125,0.27225416898727417,-1.7540080547332764,0,0,0.0,0.0,0.0,0,0,-0.0024414807558059692,0.0,0.004577776417136192,-0.49574267864227295,0.0,0.0,0.0,37004,37024,37494,37011,0,37024,STANDBY
-0.019999999552965164,-0.10999999940395355,9.8100004196167,0.0,0.0,0.0,1008.6388549804688,37.959999084472656,0.2481335699558258,-0.7425419092178345,0,0,0.0,0.0,0.0,0,0,-0.0025940733030438423,0.0,0.0044862208887934685,-0.49574267864227295,0.0,0.0,0.0,37104,37124,37597,37114,0,37124,STANDBY
-0.05000000074505806,-0.09000000357627869,9.8100004196167,0.0,0.0,0.0,1008.6394653320312,37.970001220703125,0.2198289930820465,-0.4158827066421509,0,0,0.0,0.0,0.0,0,0,-0.00238044373691082,0.0,0.004699850454926491,-0.49571216106414795,0.0,0.0,0.0,37204,37224,37700,37217,0,37224,STANDBY
-0.029999999329447746,-0.07999999821186066,9.789999961853027,0.0,0.0,0.0,1008.6476440429688,37.970001220703125,0.1666857898235321,-0.42145031690597534,0,0,0.0,0.0,0.0,0,0,-0.0025025177747011185,0.0,0.0046388134360313416,-0.49568164348602295,0.0,0.0,0.0,37304,37324,37803,37320,0,37324,STANDBY
-0.05000000074505806,-0.09000000357627869,9.800000190734863,0.0,0.0,0.0,1008.629150390625,37.970001220703125,0.2543175220489502,0.0023337528109550476,0,0,0.0,0.0,0.0,0,0,-0.00238044373691082,0.0,0.00476088747382164,-0.49562060832977295,0.0,0.0,0.0,37404,37424,37906,37423,0,37424,STANDBY
-0.05999999865889549,-0.07999999821186066,9.789999961853027,0.0,0.0,0.0,1008.6048583984375,37.939998626708984,0.3820234537124634,0.7027109861373901,0,0,0.0,0.0,0.0,0,0,-0.00238044373691082,0.0,0.00476088747382164,-0.49555954337120056,0.0,0.0,0.0,37504,37524,37991,37509,0,37524,STANDBY
-0.019999999552965164,-0.09000000357627869,9.789999961853027,0.0,0.0,0.0,1008.5340576171875,37.900001525878906,0.9912457466125488,3.1421055793762207,0,0,0.0,0.0,0.0,0,0,-0.002624591812491417,0.0,0.0046388134360313416,-0.49571216106414795,0.0,0.0,0.0,37604,37624,38094,37612,0,37624,STANDBY
-0.05999999865889549,-0.07999999821186066,9.800000190734863,0.0,0.0,0.0,1008.55029296875,37.90999984741211,0.9916574358940125,3.298518657684326,0,0,0.0,0.0,0.0,0,0,-0.00238044373691082,0.0,0.004730368964374065,-0.49562060832977295,0.0,0.0,0.0,37704,37724,38198,37714,0,37724,STANDBY
-0.029999999329447746,-0.10000000149011612,9.800000190734863,0.0,0.0,0.0,1008.615478515625,37.970001220703125,0.7012737989425659,-0.13290750980377197,0,0,0.0,0.0,0.0,0,0,-0.002471999265253544,0.0,0.004577776417136192,-0.49559006094932556,0.0,0.0,0.0,37804,37824,38300,37818,0,37824,STANDBY
-0.05000000074505806,-0.07999999821186066,9.789999961853027,0.0,0.0,0.0,1008.634521484375,37.970001220703125,0.37492430210113525,-2.4993088245391846,0,0,0.0,0.0,0.0,0,0,-0.002227851189672947,0.0,0.0046388134360313416,-0.49549850821495056,0.0,0.0,0.0,37904,37924,38404,37921,0,37924,STANDBY
-0.029999999329447746,-0.07999999821186066,9.8100004196167,0.0,0.0,0.0,1008.634521484375,37.970001220703125,0.28891709446907043,-2.5080881118774414,0,0,0.0,0.0,0.0,0,0,-0.0022583696991205215,0.0,0.004516739398241043,-0.49543747305870056,0.0,0.0,0.0,38004,38024,38490,38007,0,38024,STANDBY
-0.03999999910593033,-0.09000000357627869,9.800000190734863,0.0,0.0,0.0,1008.6408081054688,37.970001220703125,0.21787704527378082,-1.215065360069275,0,0,0.0,0.0,0.0,0,0,-0.00238044373691082,0.0,0.004516739398241043,-0.49540695548057556,0.0,0.0,0.0,38104,38124,38592,38110,0,38124,STANDBY
-0.05000000074505806,-0.07999999821186066,9.800000190734863,0.0,0.0,0.0,1008.6408081054688,37.970001220703125,0.24719002842903137,-0.3547006845474243,0,0,0.0,0.0,0.0,0,0,-0.0024109622463583946,0.0,0.004516739398241043,-0.49540695548057556,0.0,0.0,0.0,38204,38224,38695,38213,0,38224,STANDBY
-0.03999999910593033,-0.09000000357627869,9.8100004196167,0.0,0.0,0.0,1008.6482543945312,37.970001220703125,0.1880064308643341,-0.13462316989898682,0,0,0.0,0.0,0.0,0,0,-0.002624591812491417,0.0,0.004333628341555595,-0.49543747305870056,0.0,0.0,0.0,38304,38324,38799,38316,0,38324,STANDBY
-0.03999999910593033,-0.09000000357627869,9.8100004196167,0.0,0.0,0.0,1008.657958984375,37.970001220703125,0.12868161499500275,-0.48744696378707886,0,0,0.0,0.0,0.0,0,0,-0.002471999265253544,0.0,0.00436414685100317,-0.49534592032432556,0.0,0.0,0.0,38404,38424,38901,38419,0,38424,STANDBY
-0.05000000074505806,-0.07000000029802322,9.800000190734863,0.0,0.0,0.0,1008.580322265625,37.91999816894531,0.4318408668041229,0.4849833846092224,0,0,0.0,0.0,0.0,0,0,-0.0024109622463583946,0.0,0.004455702379345894,-0.49531540274620056,0.0,0.0,0.0,38504,38524,39005,38521,0,38524,STANDBY
-0.019999999552965164,-0.09000000357627869,9.819999694824219,0.0,0.0,0.0,1008.5032958984375,37.88999938964844,1.1090095043182373,3.7706003189086914,0,0,0.0,0.0,0.0,0,0,-0.0024414807558059692,0.0,0.004455702379345894,-0.49528488516807556,0.0,0.0,0.0,38604,38624,39091,38607,0,38624,STANDBY
-0.05999999865889549,-0.07999999821186066,9.8100004196167,0.0,0.0,0.0,1008.545654296875,37.90999984741211,1.0477073192596436,3.6743087768554688,0,0,0.0,0.0,0.0,0,0,-0.00238044373691082,0.0,0.004455702379345894,-0.49525436758995056,0.0,0.0,0.0,38704,38724,39193,38711,0,38724,STANDBY
-0.05000000074505806,-0.09000000357627869,9.8100004196167,0.0,0.0,0.0,1008.6148681640625,37.959999084472656,0.5830989480018616,-1.0479912757873535,0,0,0.0,0.0,0.0,0,0,-0.0024414807558059692,0.0,0.004455702379345894,-0.49525436758995056,0.0,0.0,0.0,38804,38824,39297,38814,0,38824,STANDBY
-0.03999999910593033,-0.07999999821186066,9.8100004196167,0.0,0.0,0.0,1008.6373291015625,37.970001220703125,0.3002263903617859,-3.2990384101867676,0,0,0.0,0.0,0.0,0,0,-0.0024109622463583946,0.0,0.004425183869898319,-0.49516281485557556,0.0,0.0,0.0,38904,38924,39400,38917,0,38924,STANDBY
-0.029999999329447746,-0.07000000029802322,9.800000190734863,0.0,0.0,0.0,1008.6408081054688,37.970001220703125,0.23430496454238892,-2.1837968826293945,0,0,0.0,0.0,0.0,0,0,-0.00238044373691082,0.0,0.004303109832108021,-0.49516281485557556,0.0,0.0,0.0,39005,39024,39502,39020,0,39024,STANDBY
-0.05000000074505806,-0.07999999821186066,9.8100004196167,0.0,0.0,0.0,1008.6517333984375,37.970001220703125,0.1511952131986618,-1.0192015171051025,0,0,0.0,0.0,0.0,0,0,-0.0023194067180156708,0.0,0.004394665360450745,-0.49510177969932556,0.0,0.0,0.0,39105,39124,39606,39123,0,39124,STANDBY
-0.03999999910593033,-0.09000000357627869,9.819999694824219,0.0,0.0,0.0,1008.6648559570312,37.970001220703125,0.09816420823335648,-0.6451166868209839,0,0,0.0,0.0,0.0,0,0,-0.00238044373691082,0.0,0.004394665360450745,-0.49510177969932556,0.0,0.0,0.0,39205,39224,39692,39208,0,39224,STANDBY
-0.05000000074505806,-0.07000000029802322,9.8100004196167,0.0,0.0,0.0,1008.6626586914062,37.97999954223633,0.0819987952709198,-0.36204618215560913,0,0,0.0,0.0,0.0,0,0,-0.0024414807558059692,0.0,0.004425183869898319,-0.49513229727745056,0.0,0.0,0.0,39305,39324,39795,39312,0,39324,STANDBY
-0.05000000074505806,-0.07000000029802322,9.8100004196167,0.0,0.0,0.0,1008.6729736328125,37.97999954223633,-0.022524047642946243,-0.6390073299407959,0,0,0.0,0.0,0.0,0,0,-0.0023194067180156708,0.0,0.004516739398241043,-0.49507126212120056,0.0,0.0,0.0,39405,39424,39898,39419,0,39424,STANDBY
-0.03999999910593033,-0.07999999821186066,9.8100004196167,0.0,0.0,0.0,1008.599365234375,37.939998626708984,0.3174660801887512,0.4704422354698181,0,0,0.0,0.0,0.0,0,0,-0.002471999265253544,0.0,0.004516739398241043,-0.49516281485557556,0.0,0.0,0.0,39505,39524,40001,39518,0,39524,STANDBY
-0.05000000074505806,-0.07999999821186066,9.800000190734863,0.0,0.0,0.0,1008.5388793945312,37.900001525878906,0.8410793542861938,3.3467488288879395,0,0,0.0,0.0,0.0,0,0,-0.00238044373691082,0.0,0.004547257907688618,-0.49510177969932556,0.0,0.0,0.0,39605,39624,40103,39621,0,39624,STANDBY
-0.029999999329447746,-0.07999999821186066,9.8100004196167,0.0,0.0,0.0,1008.5292358398438,37.900001525878906,1.027225136756897,3.7120370864868164,0,0,0.0,0.0,0.0,0,0,-0.00238044373691082,0.0,0.004455702379345894,-0.49510177969932556,0.0,0.0,0.0,39705,39724,40189,39708,0,39724,STANDBY
-0.05000000074505806,-0.07000000029802322,9.8100004196167,0.0,0.0,0.0,1008.6442260742188,37.970001220703125,0.39987272024154663,-0.6343207955360413,0,0,0.0,0.0,0.0,0,0,-0.0024414807558059692,0.0,0.004303109832108021,-0.49516281485557556,0.0,0.0,0.0,39805,39824,40293,39810,0,39824,STANDBY
-0.03999999910593033,-0.09000000357627869,9.8100004196167,0.0,0.0,0.0,1008.6564331054688,37.97999954223633,0.17358380556106567,-3.4079132080078125,0,0,0.0,0.0,0.0,0,0,-0.0024414807558059692,0.0,0.004394665360450745,-0.49516281485557556,0.0,0.0,0.0,39905,39924,40395,39913,0,39924,STANDBY
-0.05999999865889549,-0.07999999821186066,9.819999694824219,0.0,0.0,0.0,1008.6592407226562,37.97999954223633,0.1007700115442276,-2.0611982345581055,0,0,0.0,0.0,0.0,0,0,-0.0024414807558059692,0.0,0.0044862208887934685,-0.49522385001182556,0.0,0.0,0.0,40005,40024,40499,40015,0,40024,STANDBY
-0.03999999910593033,-0.07999999821186066,9.8100004196167,0.0,0.0,0.0,1008.6638793945312,37.97999954223633,0.007410593330860138,-1.180044174194336,0,0,0.0,0.0,0.0,0,0,-0.0024414807558059692,0.0,0.004455702379345894,-0.49522385001182556,0.0,0.0,0.0,40105,40124,40601,40119,0,40124,STANDBY
-0.03999999910593033,-0.09000000357627869,9.8100004196167,0.0,0.0,0.0,1008.6495361328125,37.97999954223633,0.1266699731349945,-0.15628525614738464,0,0,0.0,0.0,0.0,0,0,-0.0024109622463583946,0.0,0.004455702379345894,-0.49519333243370056,0.0,0.0,0.0,40205,40224,40705,40221,0,40224,STANDBY
-0.03999999910593033,-0.07999999821186066,9.8100004196167,0.0,0.0,0.0,1008.639892578125,37.97999954223633,0.19251930713653564,0.7345238924026489,0,0,0.0,0.0,0.0,0,0,-0.0025025177747011185,0.0,0.004394665360450745,-0.49519333243370056,0.0,0.0,0.0,40305,40324,40791,40308,0,40324,STANDBY
-0.03999999910593033,-0.09000000357627869,9.789999961853027,0.0,0.0,0.0,1008.6598510742188,37.97999954223633,0.05098084732890129,-0.1883905529975891,0,0,0.0,0.0,0.0,0,0,-0.002471999265253544,0.0,0.004425183869898319,-0.49510177969932556,0.0,0.0,0.0,40406,40424,40893,40411,0,40424,STANDBY
-0.05000000074505806,-0.10000000149011612,9.789999961853027,0.0,0.0,0.0,1008.599365234375,37.939998626708984,0.338777095079422,0.30950939655303955,0,0,0.0,0.0,0.0,0,0,-0.0024414807558059692,0.0,0.004547257907688618,-0.49504074454307556,0.0,0.0,0.0,40506,40524,40996,40513,0,40524,STANDBY
-0.05999999865889549,-0.07999999821186066,9.8100004196167,0.0,0.0,0.0,1008.5215454101562,37.90999984741211,0.941288948059082,3.4231150150299072,0,0,0.0,0.0,0.0,0,0,-0.0024109622463583946,0.0,0.004608294926583767,-0.49501022696495056,0.0,0.0,0.0,40606,40624,41099,40616,0,40624,STANDBY
-0.029999999329447746,-0.07999999821186066,9.800000190734863,0.0,0.0,0.0,1008.5296630859375,37.90999984741211,1.0775781869888306,3.8926355838775635,0,0,0.0,0.0,0.0,0,0,-0.0025025177747011185,0.0,0.004730368964374065,-0.49501022696495056,0.0,0.0,0.0,40706,40724,41202,40719,0,40724,STANDBY
-0.05000000074505806,-0.07999999821186066,9.8100004196167,0.0,0.0,0.0,1008.6324462890625,37.97999954223633,0.5882195234298706,-0.03743410110473633,0,0,0.0,0.0,0.0,0,0,-0.00238044373691082,0.0,0.004730368964374065,-0.49497970938682556,0.0,0.0,0.0,40806,40824,41305,40822,0,40824,STANDBY
-0.03999999910593033,-0.10000000149011612,9.789999961853027,0.0,0.0,0.0,1008.66796875,37.97999954223633,0.16452670097351074,-3.508167266845703,0,0,0.0,0.0,0.0,0,0,-0.0025940733030438423,0.0,0.0046388134360313416,-0.49497970938682556,0.0,0.0,0.0,40906,40924,41391,40909,0,40924,STANDBY
-0.029999999329447746,-0.09000000357627869,9.800000190734863,0.0,0.0,0.0,1008.654296875,37.97999954223633,0.11328794062137604,-2.9898228645324707,0,0,0.0,0.0,0.0,0,0,-0.002288888208568096,0.0,0.004791405983269215,-0.49488815665245056,0.0,0.0,0.0,41006,41024,41494,41011,0,41024,STANDBY
-0.03999999910593033,-0.07000000029802322,9.800000190734863,0.0,0.0,0.0,1008.6673583984375,37.97999954223633,0.0133728152140975,-1.3425265550613403,0,0,0.0,0.0,0.0,0,0,-0.0025025177747011185,0.0,0.004608294926583767,-0.49491867423057556,0.0,0.0,0.0,41106,41124,41596,41114,0,41124,STANDBY
-0.05000000074505806,-0.09000000357627869,9.800000190734863,0.0,0.0,0.0,1008.69140625,37.97999954223633,-0.1436680108308792,-1.2215255498886108,0,0,0.0,0.0,0.0,0,0,-0.002685628831386566,0.0,0.0044862208887934685,-0.49497970938682556,0.0,0.0,0.0,41206,41224,41700,41217,0,41224,STANDBY
-0.03999999910593033,-0.09000000357627869,9.800000190734863,0.0,0.0,0.0,1008.6907958984375,37.97999954223633,-0.1764684021472931,-0.9894074201583862,0,0,0.0,0.0,0.0,0,0,-0.0024414807558059692,0.0,0.004608294926583767,-0.49494919180870056,0.0,0.0,0.0,41306,41324,41802,41320,0,41324,STANDBY
-0.05000000074505806,-0.07999999821186066,9.800000190734863,0.0,0.0,0.0,1008.6810913085938,37.97999954223633,-0.16982954740524292,-0.42841488122940063,0,0,0.0,0.0,0.0,0,0,-0.002685628831386566,0.0,0.004455702379345894,-0.49497970938682556,0.0,0.0,0.0,41406,41424,41906,41422,0,41424,STANDBY
-0.029999999329447746,-0.09000000357627869,9.800000190734863,0.0,0.0,0.0,1008.5769653320312,37.91999816894531,0.34533029794692993,1.513568639755249,0,0,0.0,0.0,0.0,0,0,-0.002533036284148693,0.0,0.0044862208887934685,-0.49488815665245056,0.0,0.0,0.0,41506,41524,41991,41509,0,41524,STANDBY
-0.05999999865889549,-0.07000000029802322,9.8100004196167,0.0,0.0,0.0,1008.5402221679688,37.900001525878906,0.8839227557182312,4.511188507080078,0,0,0.0,0.0,0.0,0,0,-0.0021973326802253723,0.0,0.0046388134360313416,-0.49476608633995056,0.0,0.0,0.0,41606,41624,42094,41611,0,41624,STANDBY
-0.029999999329447746,-0.09000000357627869,9.8100004196167,0.0,0.0,0.0,1008.5454711914062,37.91999816894531,0.9553583860397339,3.7978005409240723,0,0,0.0,0.0,0.0,0,0,-0.0025635547935962677,0.0,0.004303109832108021,-0.49479660391807556,0.0,0.0,0.0,41706,41724,42196,41714,0,41724,STANDBY
-0.019999999552965164,-0.07000000029802322,9.8100004196167,0.0,0.0,0.0,1008.64892578125,37.97999954223633,0.4326598644256592,-0.6395027041435242,0,0,0.0,0.0,0.0,0,0,-0.0024109622463583946,0.0,0.00436414685100317,-0.49485763907432556,0.0,0.0,0.0,41806,41824,42300,41818,0,41824,STANDBY
-0.05000000074505806,-0.07999999821186066,9.800000190734863,0.0,0.0,0.0,1008.6604614257812,37.97999954223633,0.11988773941993713,-3.4504852294921875,0,0,0.0,0.0,0.0,0,0,-0.002624591812491417,0.0,0.00436414685100317,-0.49482712149620056,0.0,0.0,0.0,41906,41924,42403,41920,0,41924,STANDBY
-0.029999999329447746,-0.10000000149011612,9.800000190734863,0.0,0.0,0.0,1008.640625,37.97999954223633,0.1535879671573639,-2.2363052368164062,0,0,0.0,0.0,0.0,0,0,-0.0028077028691768646,0.0,0.004425183869898319,-0.49485763907432556,0.0,0.0,0.0,42006,42024,42506,42023,0,42024,STANDBY
-0.05000000074505806,-0.07999999821186066,9.789999961853027,0.0,0.0,0.0,1008.665283203125,37.9900016784668,0.07408612221479416,-0.5602289438247681,0,0,0.0,0.0,0.0,0,0,-0.002624591812491417,0.0,0.004333628341555595,-0.49482712149620056,0.0,0.0,0.0,42106,42124,42592,42109,0,42124,STANDBY
-0.029999999329447746,-0.09000000357627869,9.8100004196167,0.0,0.0,0.0,1008.6481323242188,37.97999954223633,0.10746923089027405,-0.2595803737640381,0,0,0.0,0.0,0.0,0,0,-0.002624591812491417,0.0,0.004333628341555595,-0.49476608633995056,0.0,0.0,0.0,42206,42224,42694,42212,0,42224,STANDBY
-0.019999999552965164,-0.07999999821186066,9.800000190734863,0.0,0.0,0.0,1008.6590576171875,37.9900016784668,0.0642472580075264,-0.169641375541687,0,0,0.0,0.0,0.0,0,0,-0.002624591812491417,0.0,0.004394665360450745,-0.49476608633995056,0.0,0.0,0.0,42306,42324,42798,42315,0,42324,STANDBY
-0.05999999865889549,-0.07000000029802322,9.8100004196167,0.0,0.0,0.0,1008.6500244140625,37.9900016784668,0.11490204185247421,0.03782559186220169,0,0,0.0,0.0,0.0,0,0,-0.0025635547935962677,0.0,0.0042420728132128716,-0.49473556876182556,0.0,0.0,0.0,42406,42424,42901,42420,0,42424,STANDBY
-0.009999999776482582,-0.09000000357627869,9.800000190734863,0.0,0.0,0.0,1008.579833984375,37.959999084472656,0.45504117012023926,1.2647037506103516,0,0,0.0,0.0,0.0,0,0,-0.0025025177747011185,0.0,0.004181035794317722,-0.49473556876182556,0.0,0.0,0.0,42506,42524,43004,42521,0,42524,STANDBY
-0.07999999821186066,-0.05999999865889549,9.800000190734863,0.0,0.0,0.0,1008.536376953125,37.93000030517578,0.963261604309082,3.638787269592285,0,0,0.0,0.0,0.0,0,0,-0.0024109622463583946,0.0,0.004333628341555595,-0.49467453360557556,0.0,0.0,0.0,42606,42624,43090,42609,0,42624,STANDBY
0.0,-0.12999999523162842,9.8100004196167,0.0,0.0,0.0,1008.5521240234375,37.93000030517578,1.0056979656219482,3.367476463317871,0,0,0.0,0.0,0.0,0,0,-0.002685628831386566,0.0,0.0042420728132128716,-0.49473556876182556,0.0,0.0,0.0,42706,42724,43193,42710,0,42724,STANDBY
-0.07999999821186066,-0.05000000074505806,9.819999694824219,0.0,0.0,0.0,1008.62060546875,37.9900016784668,0.5868019461631775,-0.5776975750923157,0,0,0.0,0.0,0.0,0,0,-0.0021668141707777977,0.0,0.0046388134360313416,-0.4946134686470032,0.0,0.0,0.0,42806,42824,43295,42813,0,42824,STANDBY
-0.019999999552965164,-0.10000000149011612,9.8100004196167,0.0,0.0,0.0,1008.6356201171875,37.9900016784668,0.3423185348510742,-2.8462283611297607,0,0,0.0,0.0,0.0,0,0,-0.0026551103219389915,0.0,0.004303109832108021,-0.4946134686470032,0.0,0.0,0.0,42906,42924,43399,42915,0,42924,STANDBY
-0.019999999552965164,-0.09000000357627869,9.8100004196167,0.0,0.0,0.0,1008.6535034179688,37.9900016784668,0.15421757102012634,-2.510659694671631,0,0,0.0,0.0,0.0,0,0,-0.0023194067180156708,0.0,0.004455702379345894,-0.49467453360557556,0.0,0.0,0.0,43006,43024,43501,43019,0,43024,STANDBY
-0.09000000357627869,-0.07000000029802322,9.789999961853027,0.0,0.0,0.0,1008.6520385742188,38.0,0.15090036392211914,-1.2883843183517456,0,0,0.0,0.0,0.0,0,0,-0.0024414807558059692,0.0,0.004669331945478916,-0.4945524334907532,0.0,0.0,0.0,43106,43124,43604,43122,0,43124,STANDBY
0.0,-0.11999999731779099,9.789999961853027,0.0,0.0,0.0,1008.640380859375,38.0,0.1952124834060669,-0.12997138500213623,0,0,0.0,0.0,0.0,0,0,-0.0026551103219389915,0.0,0.004577776417136192,-0.4946134686470032,0.0,0.0,0.0,43206,43224,43691,43209,0,43224,STANDBY
-0.07999999821186066,-0.03999999910593033,9.789999961853027,0.0,0.0,0.0,1008.6575927734375,38.0,0.13221153616905212,-0.057873036712408066,0,0,0.0,0.0,0.0,0,0,-0.002624591812491417,0.0,0.004516739398241043,-0.49464401602745056,0.0,0.0,0.0,43307,43324,43793,43311,0,43324,STANDBY
0.0,-0.10000000149011612,9.789999961853027,0.0,0.0,0.0,1008.6444702148438,38.0,0.17157797515392303,-0.09326252341270447,0,0,0.0,0.0,0.0,0,0,-0.0030518509447574615,0.0,0.004181035794317722,-0.49470505118370056,0.0,0.0,0.0,43407,43424,43896,43419,0,43424,STANDBY
-0.03999999910593033,-0.07999999821186066,9.779999732971191,0.0,0.0,0.0,1008.5675659179688,37.95000076293945,0.5177139639854431,1.0845524072647095,0,0,0.0,0.0,0.0,0,0,-0.0025940733030438423,0.0,0.00436414685100317,-0.49467453360557556,0.0,0.0,0.0,43507,43524,43999,43516,0,43524,STANDBY
-0.05999999865889549,-0.05999999865889549,9.800000190734863,0.0,0.0,0.0,1008.5521240234375,37.93000030517578,0.8987662196159363,3.1784720420837402,0,0,0.0,0.0,0.0,0,0,-0.002685628831386566,0.0,0.004272591322660446,-0.4946134686470032,0.0,0.0,0.0,43607,43624,44102,43619,0,43624,STANDBY
-0.019999999552965164,-0.10999999940395355,9.800000190734863,0.0,0.0,0.0,1008.5206298828125,37.93000030517578,1.1263039112091064,3.393624782562256,0,0,0.0,0.0,0.0,0,0,-0.0027161473408341408,0.0,0.004455702379345894,-0.4945829510688782,0.0,0.0,0.0,43707,43724,44205,43722,0,43724,STANDBY
-0.07999999821186066,-0.05000000074505806,9.789999961853027,0.0,0.0,0.0,1008.6363525390625,37.9900016784668,0.6285041570663452,0.028272628784179688,0,0,0.0,0.0,0.0,0,0,-0.002533036284148693,0.0,0.004547257907688618,-0.4945829510688782,0.0,0.0,0.0,43807,43824,44291,43810,0,43824,STANDBY
0.009999999776482582,-0.10000000149011612,9.789999961853027,0.0,0.0,0.0,1008.6486206054688,38.0,0.27986013889312744,-3.249687671661377,0,0,0.0,0.0,0.0,0,0,-0.0028382213786244392,0.0,0.0042420728132128716,-0.49464401602745056,0.0,0.0,0.0,43907,43924,44394,43911,0,43924,STANDBY
-0.07999999821186066,-0.07000000029802322,9.789999961853027,0.0,0.0,0.0,1008.6498413085938,38.0099983215332,0.18812447786331177,-2.851684093475342,0,0,0.0,0.0,0.0,0,0,-0.00238044373691082,0.0,0.004547257907688618,-0.4945829510688782,0.0,0.0,0.0,44007,44024,44496,44014,0,44024,STANDBY
-0.05000000074505806,-0.09000000357627869,9.789999961853027,0.0,0.0,0.0,1008.645751953125,38.0,0.15662404894828796,-1.1888805627822876,0,0,0.0,0.0,0.0,0,0,-0.002685628831386566,0.0,0.004425183869898319,-0.4945524334907532,0.0,0.0,0.0,44107,44124,44600,44116,0,44124,STANDBY
-0.019999999552965164,-0.10000000149011612,9.800000190734863,0.0,0.0,0.0,1008.6217041015625,38.0,0.29876333475112915,0.09399856626987457,0,0,0.0,0.0,0.0,0,0,-0.002533036284148693,0.0,0.004455702379345894,-0.4945524334907532,0.0,0.0,0.0,44207,44224,44702,44220,0,44224,STANDBY
-0.05999999865889549,-0.03999999910593033,9.779999732971191,0.0,0.0,0.0,1008.6573486328125,38.0099983215332,0.1494676172733307,0.11158023774623871,0,0,0.0,0.0,0.0,0,0,-0.0025025177747011185,0.0,0.004577776417136192,-0.4945829510688782,0.0,0.0,0.0,44307,44324,44806,44322,0,44324,STANDBY
-0.009999999776482582,-0.11999999731779099,9.800000190734863,0.0,0.0,0.0,1008.6361083984375,38.0099983215332,0.20077738165855408,-0.3622256815433502,0,0,0.0,0.0,0.0,0,0,-0.0027466658502817154,0.0,0.004425183869898319,-0.4945219159126282,0.0,0.0,0.0,44407,44424,44892,44410,0,44424,STANDBY
-0.05999999865889549,-0.07000000029802322,9.789999961853027,0.0,0.0,0.0,1008.552490234375,37.95000076293945,0.6320164799690247,1.4121795892715454,0,0,0.0,0.0,0.0,0,0,-0.0024414807558059692,0.0,0.0044862208887934685,-0.4945829510688782,0.0,0.0,0.0,44507,44524,44994,44511,0,44524,STANDBY
-0.029999999329447746,-0.05000000074505806,9.789999961853027,0.0,0.0,0.0,1008.5630493164062,37.939998626708984,0.8385138511657715,2.960104465484619,0,0,0.0,0.0,0.0,0,0,-0.0029602954164147377,0.0,0.004119998775422573,-0.49464401602745056,0.0,0.0,0.0,44607,44624,45097,44614,0,44624,STANDBY
0.0,-0.10000000149011612,9.789999961853027,0.0,0.0,0.0,1008.5636596679688,37.939998626708984,0.8890407085418701,2.06718111038208,0,0,0.0,0.0,0.0,0,0,-0.00277718435972929,0.0,0.00436414685100317,-0.49464401602745056,0.0,0.0,0.0,44707,44724,45200,44718,0,44724,STANDBY
-0.09000000357627869,-0.05999999865889549,9.800000190734863,0.0,0.0,0.0,1008.6514282226562,38.0,0.38609957695007324,-1.1629878282546997,0,0,0.0,0.0,0.0,0,0,-0.002685628831386566,0.0,0.004303109832108021,-0.4946134686470032,0.0,0.0,0.0,44808,44824,45303,44820,0,44824,STANDBY
-0.009999999776482582,-0.10000000149011612,9.789999961853027,0.0,0.0,0.0,1008.66015625,38.0099983215332,0.12795299291610718,-3.321742534637451,0,0,0.0,0.0,0.0,0,0,-0.0027466658502817154,0.0,0.004211554303765297,-0.4945829510688782,0.0,0.0,0.0,44908,44924,45406,44923,0,44924,STANDBY
-0.05999999865889549,-0.05000000074505806,9.800000190734863,0.0,0.0,0.0,1008.6704711914062,38.0099983215332,0.011701297014951706,-2.416963577270508,0,0,0.0,0.0,0.0,0,0,-0.0024414807558059692,0.0,0.004303109832108021,-0.4945219159126282,0.0,0.0,0.0,45008,45024,45492,45011,0,45024,STANDBY
-0.05999999865889549,-0.07999999821186066,9.789999961853027,0.0,0.0,0.0,1008.65673828125,38.0099983215332,0.06656074523925781,-0.7764932513237,0,0,0.0,0.0,0.0,0,0,-0.0026551103219389915,0.0,0.00436414685100317,-0.4945219159126282,0.0,0.0,0.0,45108,45124,45595,45112,0,45124,STANDBY
-0.029999999329447746,-0.10000000149011612,9.800000190734863,0.0,0.0,0.0,1008.66015625,38.0099983215332,0.046538107097148895,-0.05630762130022049,0,0,0.0,0.0,0.0,0,0,-0.0024414807558059692,0.0,0.0044862208887934685,-0.4944913983345032,0.0,0.0,0.0,45208,45224,45698,45215,0,45224,STANDBY
-0.07999999821186066,-0.07999999821186066,9.800000190734863,0.0,0.0,0.0,1008.6436767578125,38.0099983215332,0.14051973819732666,0.2539573609828949,0,0,0.0,0.0,0.0,0,0,-0.002471999265253544,0.0,0.004547257907688618,-0.4944608807563782,0.0,0.0,0.0,45308,45324,45801,45319,0,45324,STANDBY
0.0,-0.07999999821186066,9.789999961853027,0.0,0.0,0.0,1008.661376953125,38.0099983215332,0.08472075313329697,0.27223414182662964,0,0,0.0,0.0,0.0,0,0,-0.0027466658502817154,0.0,0.004425183869898319,-0.4944913983345032,0.0,0.0,0.0,45408,45424,45904,45421,0,45424,STANDBY
-0.03999999910593033,-0.07999999821186066,9.789999961853027,0.0,0.0,0.0,1008.6111450195312,37.97999954223633,0.3338993489742279,0.7471351623535156,0,0,0.0,0.0,0.0,0,0,-0.0026551103219389915,0.0,0.004730368964374065,-0.4945829510688782,0.0,0.0,0.0,45508,45524,46007,45524,0,45524,STANDBY
-0.05999999865889549,-0.10999999940395355,9.800000190734863,0.0,0.0,0.0,1008.5765380859375,37.95000076293945,0.6556891202926636,2.3344433307647705,0,0,0.0,0.0,0.0,0,0,-0.0031128879636526108,0.0,0.0044862208887934685,-0.49467453360557556,0.0,0.0,0.0,45608,45624,46093,45612,0,45624,STANDBY
-0.029999999329447746,-0.07999999821186066,9.789999961853027,0.0,0.0,0.0,1008.534912109375,37.93000030517578,0.9440571069717407,2.9133059978485107,0,0,0.0,0.0,0.0,0,0,-0.0028382213786244392,0.0,0.004455702379345894,-0.49479660391807556,0.0,0.0,0.0,45708,45724,46195,45713,0,45724,STANDBY
-0.05999999865889549,-0.03999999910593033,9.800000190734863,0.0,0.0,0.0,1008.658935546875,38.0,0.3513997197151184,-0.26805710792541504,0,0,0.0,0.0,0.0,0,0,-0.0027466658502817154,0.0,0.004577776417136192,-0.49470505118370056,0.0,0.0,0.0,45808,45824,46299,45815,0,45824,STANDBY
0.0,-0.10000000149011612,9.789999961853027,0.0,0.0,0.0,1008.6785888671875,38.0099983215332,0.005039326846599579,-3.6274704933166504,0,0,0.0,0.0,0.0,0,0,-0.00277718435972929,0.0,0.004577776417136192,-0.49467453360557556,0.0,0.0,0.0,45908,45924,46401,45919,0,45924,STANDBY
-0.07999999821186066,-0.07999999821186066,9.800000190734863,0.0,0.0,0.0,1008.6724243164062,38.0099983215332,-0.048104751855134964,-2.6766951084136963,0,0,0.0,0.0,0.0,0,0,-0.0025635547935962677,0.0,0.004699850454926491,-0.49464401602745056,0.0,0.0,0.0,46008,46024,46504,46021,0,46024,STANDBY
-0.019999999552965164,-0.10000000149011612,9.800000190734863,0.0,0.0,0.0,1008.67919921875,38.0099983215332,-0.09670998156070709,-0.9972342252731323,0,0,0.0,0.0,0.0,0,0,-0.0026551103219389915,0.0,0.004516739398241043,-0.4946134686470032,0.0,0.0,0.0,46108,46124,46590,46107,0,46124,STANDBY
-0.029999999329447746,-0.07999999821186066,9.800000190734863,0.0,0.0,0.0,1008.6820068359375,38.0099983215332,-0.12568852305412292,-0.4849541187286377,0,0,0.0,0.0,0.0,0,0,-0.0025940733030438423,0.0,0.0044862208887934685,-0.49464401602745056,0.0,0.0,0.0,46208,46224,46693,46211,0,46224,STANDBY
-0.05999999865889549,-0.07000000029802322,9.819999694824219,0.0,0.0,0.0,1008.684814453125,38.0099983215332,-0.15868978202342987,-0.36026471853256226,0,0,0.0,0.0,0.0,0,0,-0.002685628831386566,0.0,0.004455702379345894,-0.49464401602745056,0.0,0.0,0.0,46308,46324,46796,46313,0,46324,STANDBY
-0.03999999910593033,-0.10999999940395355,9.800000190734863,0.0,0.0,0.0,1008.679931640625,38.02000045776367,-0.11424804478883743,-0.015661928802728653,0,0,0.0,0.0,0.0,0,0,-0.0028077028691768646,0.0,0.0044862208887934685,-0.49467453360557556,0.0,0.0,0.0,46408,46424,46899,46420,0,46424,STANDBY
-0.05000000074505806,-0.09000000357627869,9.8100004196167,0.0,0.0,0.0,1008.583251953125,37.959999084472656,0.3595130741596222,1.7039425373077393,0,0,0.0,0.0,0.0,0,0,-0.002685628831386566,0.0,0.004577776417136192,-0.4946134686470032,0.0,0.0,0.0,46508,46524,47002,46519,0,46524,STANDBY
-0.03999999910593033,-0.07999999821186066,9.800000190734863,0.0,0.0,0.0,1008.5493774414062,37.939998626708984,0.772764265537262,3.7224574089050293,0,0,0.0,0.0,0.0,0,0,-0.00277718435972929,0.0,0.004577776417136192,-0.4945524334907532,0.0,0.0,0.0,46608,46624,47105,46622,0,46624,STANDBY
-0.029999999329447746,-0.09000000357627869,9.819999694824219,0.0,0.0,0.0,1008.552490234375,37.95000076293945,0.8982183933258057,3.275057315826416,0,0,0.0,0.0,0.0,0,0,-0.002685628831386566,0.0,0.004608294926583767,-0.4945524334907532,0.0,0.0,0.0,46708,46724,47191,46707,0,46724,STANDBY
-0.05000000074505806,-0.07999999821186066,9.8100004196167,0.0,0.0,0.0,1008.6676635742188,38.0099983215332,0.42008936405181885,-0.042615413665771484,0,0,0.0,0.0,0.0,0,0,-0.00277718435972929,0.0,0.0044862208887934685,-0.4945219159126282,0.0,0.0,0.0,46808,46824,47293,46811,0,46824,STANDBY
-0.029999999329447746,-0.09000000357627869,9.8100004196167,0.0,0.0,0.0,1008.6860961914062,38.0099983215332,-0.017894931137561798,-3.5796608924865723,0,0,0.0,0.0,0.0,0,0,-0.00277718435972929,0.0,0.004425183869898319,-0.4945829510688782,0.0,0.0,0.0,46908,46924,47396,46914,0,46924,STANDBY
-0.03999999910593033,-0.09000000357627869,9.8100004196167,0.0,0.0,0.0,1008.6552124023438,38.0099983215332,0.042645372450351715,-2.871537685394287,0,0,0.0,0.0,0.0,0,0,-0.0028077028691768646,0.0,0.004272591322660446,-0.4945219159126282,0.0,0.0,0.0,47008,47024,47500,47016,0,47024,STANDBY
-0.03999999910593033,-0.07999999821186066,9.800000190734863,0.0,0.0,0.0,1008.66552734375,38.0099983215332,0.028342895209789276,-0.4525781273841858,0,0,0.0,0.0,0.0,0,0,-0.00277718435972929,0.0,0.004333628341555595,-0.4944608807563782,0.0,0.0,0.0,47108,47124,47602,47120,0,47124,STANDBY
-0.029999999329447746,-0.07999999821186066,9.8100004196167,0.0,0.0,0.0,1008.697021484375,38.02000045776367,-0.18304990231990814,-0.8410595059394836,0,0,0.0,0.0,0.0,0,0,-0.002624591812491417,0.0,0.004333628341555595,-0.4943693280220032,0.0,0.0,0.0,47208,47224,47706,47222,0,47224,STANDBY
-0.05000000074505806,-0.07000000029802322,9.789999961853027,0.0,0.0,0.0,1008.6895141601562,38.0099983215332,-0.1941540539264679,-1.1021575927734375,0,0,0.0,0.0,0.0,0,0,-0.0025635547935962677,0.0,0.004333628341555595,-0.4943693280220032,0.0,0.0,0.0,47308,47324,47792,47311,0,47324,STANDBY
-0.05000000074505806,-0.07999999821186066,9.8100004196167,0.0,0.0,0.0,1008.6902465820312,38.02000045776367,-0.17483896017074585,-0.213595911860466,0,0,0.0,0.0,0.0,0,0,-0.0025940733030438423,0.0,0.004333628341555595,-0.4943082928657532,0.0,0.0,0.0,47408,47424,47895,47419,0,47424,STANDBY
-0.03999999910593033,-0.09000000357627869,9.800000190734863,0.0,0.0,0.0,1008.5982666015625,37.97999954223633,0.25763270258903503,1.4215843677520752,0,0,0.0,0.0,0.0,0,0,-0.002624591812491417,0.0,0.004333628341555595,-0.4943388104438782,0.0,0.0,0.0,47508,47524,47997,47515,0,47524,STANDBY
-0.05000000074505806,-0.07000000029802322,9.819999694824219,0.0,0.0,0.0,1008.575927734375,37.95000076293945,0.6501701474189758,3.5239524841308594,0,0,0.0,0.0,0.0,0,0,-0.0025635547935962677,0.0,0.00436414685100317,-0.4942777752876282,0.0,0.0,0.0,47608,47624,48101,47618,0,47624,STANDBY
-0.03999999910593033,-0.10000000149011612,9.800000190734863,0.0,0.0,0.0,1008.5703735351562,37.95000076293945,0.774642825126648,3.1455302238464355,0,0,0.0,0.0,0.0,0,0,-0.00277718435972929,0.0,0.004303109832108021,-0.4942777752876282,0.0,0.0,0.0,47709,47724,48204,47721,0,47724,STANDBY
-0.05000000074505806,-0.09000000357627869,9.800000190734863,0.0,0.0,0.0,1008.6716918945312,38.0099983215332,0.21727204322814941,-0.7856801748275757,0,0,0.0,0.0,0.0,0,0,-0.0027161473408341408,0.0,0.004425183869898319,-0.4942777752876282,0.0,0.0,0.0,47809,47824,48290,47807,0,47824,STANDBY
-0.05000000074505806,-0.07999999821186066,9.800000190734863,0.0,0.0,0.0,1008.6737670898438,38.02000045776367,-0.01726612262427807,-3.3641176223754883,0,0,0.0,0.0,0.0,0,0,-0.002685628831386566,0.0,0.004455702379345894,-0.4942167401313782,0.0,0.0,0.0,47909,47924,48393,47912,0,47924,STANDBY
-0.03999999910593033,-0.09000000357627869,9.819999694824219,0.0,0.0,0.0,1008.6634521484375,38.02000045776367,-0.00606689415872097,-1.9066662788391113,0,0,0.0,0.0,0.0,0,0,-0.0026551103219389915,0.0,0.004516739398241043,-0.4942472577095032,0.0,0.0,0.0,48009,48024,48496,48013,0,48024,STANDBY
-0.05999999865889549,-0.07000000029802322,9.800000190734863,0.0,0.0,0.0,1008.6593627929688,38.02000045776367,-0.0006573200225830078,-0.3861251771450043,0,0,0.0,0.0,0.0,0,0,-0.0028077028691768646,0.0,0.004455702379345894,-0.4942777752876282,0.0,0.0,0.0,48109,48124,48599,48116,0,48124,STANDBY
-0.029999999329447746,-0.10000000149011612,9.800000190734863,0.0,0.0,0.0,1008.6730346679688,38.02000045776367,-0.04054716229438782,-0.1391153633594513,0,0,0.0,0.0,0.0,0,0,-0.002868739888072014,0.0,0.004455702379345894,-0.4942777752876282,0.0,0.0,0.0,48209,48224,48702,48219,0,48224,STANDBY
-0.05000000074505806,-0.07999999821186066,9.800000190734863,0.0,0.0,0.0,1008.6875,38.02000045776367,-0.11303029954433441,-0.31630462408065796,0,0,0.0,0.0,0.0,0,0,-0.002624591812491417,0.0,0.0044862208887934685,-0.4942777752876282,0.0,0.0,0.0,48309,48324,48804,48322,0,48324,STANDBY
-0.05000000074505806,-0.07999999821186066,9.800000190734863,0.0,0.0,0.0,1008.68408203125,38.02000045776367,-0.14298835396766663,-0.4940152168273926,0,0,0.0,0.0,0.0,0,0,-0.0026551103219389915,0.0,0.0044862208887934685,-0.4942167401313782,0.0,0.0,0.0,48409,48424,48890,48408,0,48424,STANDBY
-0.019999999552965164,-0.10000000149011612,9.8100004196167,0.0,0.0,0.0,1008.6337280273438,37.97999954223633,0.07700680941343307,0.34663981199264526,0,0,0.0,0.0,0.0,0,0,-0.002685628831386566,0.0,0.004394665360450745,-0.4942777752876282,0.0,0.0,0.0,48509,48524,48994,48513,0,48524,STANDBY
-0.05999999865889549,-0.07999999821186066,9.8100004196167,0.0,0.0,0.0,1008.5847778320312,37.95000076293945,0.5292665362358093,2.661529541015625,0,0,0.0,0.0,0.0,0,0,-0.0025940733030438423,0.0,0.004547257907688618,-0.4942167401313782,0.0,0.0,0.0,48609,48624,49096,48614,0,48624,STANDBY
-0.029999999329447746,-0.09000000357627869,9.8100004196167,0.0,0.0,0.0,1008.5697021484375,37.95000076293945,0.7337371110916138,3.374260663986206,0,0,0.0,0.0,0.0,0,0,-0.0027466658502817154,0.0,0.004425183869898319,-0.4942472577095032,0.0,0.0,0.0,48709,48724,49200,48716,0,48724,STANDBY
-0.03999999910593033,-0.10000000149011612,9.800000190734863,0.0,0.0,0.0,1008.6710815429688,38.0099983215332,0.1771429181098938,-0.4120507836341858,0,0,0.0,0.0,0.0,0,0,-0.0027466658502817154,0.0,0.004455702379345894,-0.4942167401313782,0.0,0.0,0.0,48809,48824,49303,48820,0,48824,STANDBY
-0.05999999865889549,-0.09000000357627869,9.800000190734863,0.0,0.0,0.0,1008.69775390625,38.02000045776367,-0.178908571600914,-3.6914758682250977,0,0,0.0,0.0,0.0,0,0,-0.00277718435972929,0.0,0.004577776417136192,-0.4942167401313782,0.0,0.0,0.0,48909,48924,49405,48923,0,48924,STANDBY
-0.029999999329447746,-0.07999999821186066,9.8100004196167,0.0,0.0,0.0,1008.6983642578125,38.02000045776367,-0.2834259271621704,-2.8730249404907227,0,0,0.0,0.0,0.0,0,0,-0.002685628831386566,0.0,0.004547257907688618,-0.4940946698188782,0.0,0.0,0.0,49009,49024,49491,49009,0,49024,STANDBY
-0.029999999329447746,-0.07999999821186066,9.8100004196167,0.0,0.0,0.0,1008.702392578125,38.029998779296875,-0.27574390172958374,-0.9460415840148926,0,0,0.0,0.0,0.0,0,0,-0.002685628831386566,0.0,0.004455702379345894,-0.4941251873970032,0.0,0.0,0.0,49110,49124,49595,49113,0,49124,STANDBY
-0.05000000074505806,-0.07000000029802322,9.800000190734863,0.0,0.0,0.0,1008.6881103515625,38.02000045776367,-0.19950082898139954,0.20058810710906982,0,0,0.0,0.0,0.0,0,0,-0.0027466658502817154,0.0,0.00436414685100317,-0.4941557049751282,0.0,0.0,0.0,49210,49224,49697,49215,0,49224,STANDBY
-0.019999999552965164,-0.09000000357627869,9.8100004196167,0.0,0.0,0.0,1008.6928100585938,38.029998779296875,-0.22490407526493073,0.20583564043045044,0,0,0.0,0.0,0.0,0,0,-0.0025940733030438423,0.0,0.00436414685100317,-0.4940641522407532,0.0,0.0,0.0,49310,49324,49801,49317,0,49324,STANDBY
-0.05000000074505806,-0.07999999821186066,9.8100004196167,0.0,0.0,0.0,1008.702392578125,38.029998779296875,-0.26260796189308167,-0.14949822425842285,0,0,0.0,0.0,0.0,0,0,-0.002685628831386566,0.0,0.004303109832108021,-0.4941251873970032,0.0,0.0,0.0,49410,49424,49903,49421,0,49424,STANDBY
-0.05999999865889549,-0.07000000029802322,9.8100004196167,0.0,0.0,0.0,1008.5879516601562,37.970001220703125,0.29583939909935,1.6550358533859253,0,0,0.0,0.0,0.0,0,0,-0.0028077028691768646,0.0,0.004272591322660446,-0.4941862225532532,0.0,0.0,0.0,49510,49524,50007,49524,0,49524,STANDBY
-0.029999999329447746,-0.09000000357627869,9.789999961853027,0.0,0.0,0.0,1008.569091796875,37.95000076293945,0.7175998687744141,4.204658508300781,0,0,0.0,0.0,0.0,0,0,-0.0027161473408341408,0.0,0.00436414685100317,-0.4941862225532532,0.0,0.0,0.0,49610,49624,50093,49609,0,49624,STANDBY
-0.05000000074505806,-0.07999999821186066,9.800000190734863,0.0,0.0,0.0,1008.5662231445312,37.95000076293945,0.7888685464859009,3.2038142681121826,0,0,0.0,0.0,0.0,0,0,-0.0028382213786244392,0.0,0.0042420728132128716,-0.4941862225532532,0.0,0.0,0.0,49710,49724,50195,49713,0,49724,STANDBY
-0.05000000074505806,-0.09000000357627869,9.800000190734863,0.0,0.0,0.0,1008.6483764648438,38.0099983215332,0.3838082551956177,-0.4230283498764038,0,0,0.0,0.0,0.0,0,0,-0.0028382213786244392,0.0,0.00436414685100317,-0.4941251873970032,0.0,0.0,0.0,49810,49824,50298,49815,0,49824,STANDBY
-0.03999999910593033,-0.09000000357627869,9.8100004196167,0.0,0.0,0.0,1008.6893920898438,38.029998779296875,-0.05237497389316559,-3.3457419872283936,0,0,0.0,0.0,0.0,0,0,-0.0028382213786244392,0.0,0.0044862208887934685,-0.4941557049751282,0.0,0.0,0.0,49910,49924,50402,49918,0,49924,STANDBY
-0.05000000074505806,-0.07999999821186066,9.8100004196167,0.0,0.0,0.0,1008.7017822265625,38.02000045776367,-0.1978244036436081,-3.180042266845703,0,0,0.0,0.0,0.0,0,0,-0.0029908139258623123,0.0,0.00436414685100317,-0.4942472577095032,0.0,0.0,0.0,50010,50024,50504,50022,0,50024,STANDBY
-0.03999999910593033,-0.10999999940395355,9.819999694824219,0.0,0.0,0.0,1008.6956176757812,38.029998779296875,-0.2629793882369995,-1.6260685920715332,0,0,0.0,0.0,0.0,0,0,-0.003082369454205036,0.0,0.004425183869898319,-0.4942472577095032,0.0,0.0,0.0,50110,50124,50590,50108,0,50124,STANDBY
-0.05000000074505806,-0.09000000357627869,9.8100004196167,0.0,0.0,0.0,1008.6812744140625,38.02000045776367,-0.16292822360992432,-0.31376421451568604,0,0,0.0,0.0,0.0,0,0,-0.0027466658502817154,0.0,0.004547257907688618,-0.4941862225532532,0.0,0.0,0.0,50210,50224,50694,50213,0,50224,STANDBY
-0.05999999865889549,-0.07000000029802322,9.819999694824219,0.0,0.0,0.0,1008.688720703125,38.029998779296875,-0.1962200552225113,0.24432115256786346,0,0,0.0,0.0,0.0,0,0,-0.002868739888072014,0.0,0.004547257907688618,-0.4941557049751282,0.0,0.0,0.0,50310,50324,50796,50313,0,50324,STANDBY
-0.009999999776482582,-0.10000000149011612,9.800000190734863,0.0,0.0,0.0,1008.7017822265625,38.02000045776367,-0.2410908043384552,-0.15249165892601013,0,0,0.0,0.0,0.0,0,0,-0.0029602954164147377,0.0,0.0044862208887934685,-0.4942167401313782,0.0,0.0,0.0,50410,50424,50898,50422,0,50424,STANDBY
-0.07999999821186066,-0.07000000029802322,9.8100004196167,0.0,0.0,0.0,1008.6173706054688,37.970001220703125,0.09412777423858643,0.7564542889595032,0,0,0.0,0.0,0.0,0,0,-0.00277718435972929,0.0,0.004577776417136192,-0.4942167401313782,0.0,0.0,0.0,50510,50524,51002,50520,0,50524,STANDBY
-0.03999999910593033,-0.10000000149011612,9.8100004196167,0.0,0.0,0.0,1008.5907592773438,37.959999084472656,0.5166678428649902,3.066911220550537,0,0,0.0,0.0,0.0,0,0,-0.0029602954164147377,0.0,0.004577776417136192,-0.4941557049751282,0.0,0.0,0.0,50610,50624,51105,50622,0,50624,STANDBY
-0.05999999865889549,-0.07000000029802322,9.8100004196167,0.0,0.0,0.0,1008.5792236328125,37.959999084472656,0.6549276113510132,3.207784652709961,0,0,0.0,0.0,0.0,0,0,-0.002624591812491417,0.0,0.004730368964374065,-0.4941862225532532,0.0,0.0,0.0,50710,50724,51191,50708,0,50724,STANDBY
-0.029999999329447746,-0.07999999821186066,9.800000190734863,0.0,0.0,0.0,1008.6646728515625,38.029998779296875,0.21944880485534668,-0.2760791778564453,0,0,0.0,0.0,0.0,0,0,-0.0029908139258623123,0.0,0.004425183869898319,-0.4941557049751282,0.0,0.0,0.0,50810,50824,51294,50813,0,50824,STANDBY
-0.03999999910593033,-0.09000000357627869,9.8100004196167,0.0,0.0,0.0,1008.6763305664062,38.029998779296875,-0.04238757863640785,-2.8227133750915527,0,0,0.0,0.0,0.0,0,0,-0.0025940733030438423,0.0,0.004608294926583767,-0.4941251873970032,0.0,0.0,0.0,50910,50924,51397,50914,0,50924,STANDBY
-0.07999999821186066,-0.05999999865889549,9.8100004196167,0.0,0.0,0.0,1008.6776733398438,38.040000915527344,-0.09112526476383209,-2.0478031635284424,0,0,0.0,0.0,0.0,0,0,-0.002533036284148693,0.0,0.004669331945478916,-0.4941251873970032,0.0,0.0,0.0,51010,51024,51500,51017,0,51024,STANDBY
-0.009999999776482582,-0.10999999940395355,9.800000190734863,0.0,0.0,0.0,1008.689208984375,38.040000915527344,-0.13441123068332672,-0.6891733407974243,0,0,0.0,0.0,0.0,0,0,-0.0028077028691768646,0.0,0.004547257907688618,-0.4940946698188782,0.0,0.0,0.0,51110,51124,51603,51120,0,51124,STANDBY
-0.05999999865889549,-0.07999999821186066,9.800000190734863,0.0,0.0,0.0,1008.66796875,38.040000915527344,-0.06277693063020706,-0.0714881494641304,0,0,0.0,0.0,0.0,0,0,-0.0027161473408341408,0.0,0.0046388134360313416,-0.4941557049751282,0.0,0.0,0.0,51210,51224,51705,51223,0,51224,STANDBY
-0.05999999865889549,-0.09000000357627869,9.8100004196167,0.0,0.0,0.0,1008.6688842773438,38.040000915527344,-0.0334191769361496,0.31712818145751953,0,0,0.0,0.0,0.0,0,0,-0.002868739888072014,0.0,0.004608294926583767,-0.4941862225532532,0.0,0.0,0.0,51310,51324,51791,51309,0,51324,STANDBY
-0.019999999552965164,-0.10000000149011612,9.800000190734863,0.0,0.0,0.0,1008.6867065429688,38.04999923706055,-0.13572107255458832,-0.13412025570869446,0,0,0.0,0.0,0.0,0,0,-0.00277718435972929,0.0,0.004577776417136192,-0.4941862225532532,0.0,0.0,0.0,51410,51428,51895,51414,0,51428,STANDBY
-0.05999999865889549,-0.07000000029802322,9.800000190734863,0.0,0.0,0.0,1008.6134643554688,38.0099983215332,0.21307295560836792,0.6974776983261108,0,0,0.0,0.0,0.0,0,0,-0.002685628831386566,0.0,0.004608294926583767,-0.4941557049751282,0.0,0.0,0.0,51510,51528,51997,51515,0,51528,STANDBY
-0.019999999552965164,-0.09000000357627869,9.800000190734863,0.0,0.0,0.0,1008.56787109375,37.97999954223633,0.7129781246185303,3.4814088344573975,0,0,0.0,0.0,0.0,0,0,-0.0028077028691768646,0.0,0.0044862208887934685,-0.4941557049751282,0.0,0.0,0.0,51610,51628,52101,51617,0,51628,STANDBY
-0.03999999910593033,-0.09000000357627869,9.800000190734863,0.0,0.0,0.0,1008.5493774414062,37.97999954223633,0.8983215689659119,3.6708531379699707,0,0,0.0,0.0,0.0,0,0,-0.0026551103219389915,0.0,0.004455702379345894,-0.4941557049751282,0.0,0.0,0.0,51710,51728,52203,51721,0,51728,STANDBY
-0.05000000074505806,-0.07999999821186066,9.8100004196167,0.0,0.0,0.0,1008.6514282226562,38.040000915527344,0.3500640094280243,-0.46382373571395874,0,0,0.0,0.0,0.0,0,0,-0.0029908139258623123,0.0,0.004303109832108021,-0.4942777752876282,0.0,0.0,0.0,51810,51828,52306,51823,0,51828,STANDBY
-0.029999999329447746,-0.10000000149011612,9.789999961853027,0.0,0.0,0.0,1008.6558837890625,38.04999923706055,0.10901712626218796,-3.2635884284973145,0,0,0.0,0.0,0.0,0,0,-0.0029602954164147377,0.0,0.004394665360450745,-0.4942472577095032,0.0,0.0,0.0,51910,51928,52410,51927,0,51928,STANDBY
-0.05000000074505806,-0.09000000357627869,9.8100004196167,0.0,0.0,0.0,1008.678466796875,38.04999923706055,-0.10187950730323792,-2.7413241863250732,0,0,0.0,0.0,0.0,0,0,-0.0030518509447574615,0.0,0.00436414685100317,-0.4943388104438782,0.0,0.0,0.0,52011,52028,52495,52014,0,52028,STANDBY
-0.05000000074505806,-0.07999999821186066,9.789999961853027,0.0,0.0,0.0,1008.66064453125,38.04999923706055,-0.005207564681768417,-1.0258266925811768,0,0,0.0,0.0,0.0,0,0,-0.0029908139258623123,0.0,0.0044862208887934685,-0.4943082928657532,0.0,0.0,0.0,52111,52128,52598,52116,0,52128,STANDBY
-0.029999999329447746,-0.09000000357627869,9.789999961853027,0.0,0.0,0.0,1008.6556396484375,38.060001373291016,0.034646932035684586,0.3273047208786011,0,0,0.0,0.0,0.0,0,0,-0.0027466658502817154,0.0,0.004516739398241043,-0.4942167401313782,0.0,0.0,0.0,52211,52228,52701,52218,0,52228,STANDBY
-0.05999999865889549,-0.07000000029802322,9.789999961853027,0.0,0.0,0.0,1008.6755981445312,38.060001373291016,-0.013976456597447395,0.185469850897789,0,0,0.0,0.0,0.0,0,0,-0.0026551103219389915,0.0,0.004577776417136192,-0.4941557049751282,0.0,0.0,0.0,52311,52328,52804,52322,0,52328,STANDBY
-0.03999999910593033,-0.09000000357627869,9.789999961853027,0.0,0.0,0.0,1008.6721801757812,38.060001373291016,-0.04424393177032471,-0.2117326259613037,0,0,0.0,0.0,0.0,0,0,-0.002868739888072014,0.0,0.004455702379345894,-0.4941862225532532,0.0,0.0,0.0,52411,52428,52908,52424,0,52428,STANDBY
-0.05000000074505806,-0.09000000357627869,9.800000190734863,0.0,0.0,0.0,1008.609375,38.0099983215332,0.21481740474700928,0.4591003358364105,0,0,0.0,0.0,0.0,0,0,-0.002685628831386566,0.0,0.004608294926583767,-0.4940946698188782,0.0,0.0,0.0,52511,52528,52994,52510,0,52528,STANDBY
-0.05999999865889549,-0.07999999821186066,9.8100004196167,0.0,0.0,0.0,1008.548583984375,37.9900016784668,0.8390005826950073,3.5819027423858643,0,0,0.0,0.0,0.0,0,0,-0.0027466658502817154,0.0,0.004669331945478916,-0.4940946698188782,0.0,0.0,0.0,52611,52628,53096,52614,0,52628,STANDBY
-0.03999999910593033,-0.10000000149011612,9.800000190734863,0.0,0.0,0.0,1008.5601806640625,37.9900016784668,0.8695034980773926,3.692728042602539,0,0,0.0,0.0,0.0,0,0,-0.002929776906967163,0.0,0.004669331945478916,-0.4941251873970032,0.0,0.0,0.0,52711,52728,53199,52716,0,52728,STANDBY
-0.05000000074505806,-0.07999999821186066,9.800000190734863,0.0,0.0,0.0,1008.6715698242188,38.04999923706055,0.2898193597793579,-1.0322015285491943,0,0,0.0,0.0,0.0,0,0,-0.0028077028691768646,0.0,0.0046388134360313416,-0.4940946698188782,0.0,0.0,0.0,52811,52828,53302,52819,0,52828,STANDBY
-0.03999999910593033,-0.07999999821186066,9.819999694824219,0.0,0.0,0.0,1008.6837768554688,38.060001373291016,-0.07269297540187836,-4.011468410491943,0,0,0.0,0.0,0.0,0,0,-0.002868739888072014,0.0,0.004547257907688618,-0.4940336346626282,0.0,0.0,0.0,52911,52928,53405,52923,0,52928,STANDBY
-0.03999999910593033,-0.09000000357627869,9.8100004196167,0.0,0.0,0.0,1008.6747436523438,38.06999969482422,-0.11382758617401123,-2.8910861015319824,0,0,0.0,0.0,0.0,0,0,-0.002868739888072014,0.0,0.004608294926583767,-0.4940641522407532,0.0,0.0,0.0,53011,53028,53509,53025,0,53028,STANDBY
-0.05000000074505806,-0.09000000357627869,9.8100004196167,0.0,0.0,0.0,1008.6734619140625,38.060001373291016,-0.054752983152866364,-0.4827748239040375,0,0,0.0,0.0,0.0,0,0,-0.0029908139258623123,0.0,0.004577776417136192,-0.4940031170845032,0.0,0.0,0.0,53111,53128,53595,53114,0,53128,STANDBY
-0.03999999910593033,-0.09000000357627869,9.800000190734863,0.0,0.0,0.0,1008.697509765625,38.060001373291016,-0.24900203943252563,-0.5690453052520752,0,0,0.0,0.0,0.0,0,0,-0.0028077028691768646,0.0,0.004577776417136192,-0.4940031170845032,0.0,0.0,0.0,53211,53228,53697,53214,0,53228,STANDBY
-0.07000000029802322,-0.07999999821186066,9.8100004196167,0.0,0.0,0.0,1008.6802978515625,38.060001373291016,-0.1662384569644928,-0.6390188336372375,0,0,0.0,0.0,0.0,0,0,-0.0026551103219389915,0.0,0.004730368964374065,-0.4939420819282532,0.0,0.0,0.0,53311,53328,53800,53317,0,53328,STANDBY
-0.019999999552965164,-0.09000000357627869,9.8100004196167,0.0,0.0,0.0,1008.6796875,38.060001373291016,-0.14019645750522614,0.30106523633003235,0,0,0.0,0.0,0.0,0,0,-0.00277718435972929,0.0,0.004547257907688618,-0.4939420819282532,0.0,0.0,0.0,53411,53428,53903,53425,0,53428,STANDBY
-0.05999999865889549,-0.07999999821186066,9.800000190734863,0.0,0.0,0.0,1008.6203002929688,38.0099983215332,0.13126716017723083,0.9981198906898499,0,0,0.0,0.0,0.0,0,0,-0.0027161473408341408,0.0,0.004608294926583767,-0.4940336346626282,0.0,0.0,0.0,53512,53528,54006,53523,0,53528,STANDBY
-0.05999999865889549,-0.10000000149011612,9.8100004196167,0.0,0.0,0.0,1008.57470703125,37.97999954223633,0.6470016241073608,3.3326992988586426,0,0,0.0,0.0,0.0,0,0,-0.0029908139258623123,0.0,0.004608294926583767,-0.4940641522407532,0.0,0.0,0.0,53612,53628,54110,53626,0,53628,STANDBY
-0.03999999910593033,-0.10000000149011612,9.8100004196167,0.0,0.0,0.0,1008.5773315429688,37.9900016784668,0.7143083214759827,3.3192226886749268,0,0,0.0,0.0,0.0,0,0,-0.0028992583975195885,0.0,0.004699850454926491,-0.4941557049751282,0.0,0.0,0.0,53712,53728,54196,53715,0,53728,STANDBY
-0.05000000074505806,-0.07000000029802322,9.800000190734863,0.0,0.0,0.0,1008.6708374023438,38.04999923706055,0.21754981577396393,-0.737188994884491,0,0,0.0,0.0,0.0,0,0,-0.0029602954164147377,0.0,0.004669331945478916,-0.4941557049751282,0.0,0.0,0.0,53812,53828,54298,53815,0,53828,STANDBY
-0.03999999910593033,-0.09000000357627869,9.800000190734863,0.0,0.0,0.0,1008.6913452148438,38.060001373291016,-0.09975165873765945,-3.3524041175842285,0,0,0.0,0.0,0.0,0,0,-0.0029908139258623123,0.0,0.004669331945478916,-0.4941251873970032,0.0,0.0,0.0,53912,53928,54401,53918,0,53928,STANDBY
-0.05000000074505806,-0.10000000149011612,9.8100004196167,0.0,0.0,0.0,1008.6947021484375,38.060001373291016,-0.21070270240306854,-2.6737289428710938,0,0,0.0,0.0,0.0,0,0,-0.0027161473408341408,0.0,0.0046388134360313416,-0.4940946698188782,0.0,0.0,0.0,54012,54028,54504,54021,0,54028,STANDBY
-0.05999999865889549,-0.07999999821186066,9.800000190734863,0.0,0.0,0.0,1008.7050170898438,38.060001373291016,-0.2634451389312744,-1.1878341436386108,0,0,0.0,0.0,0.0,0,0,-0.0025940733030438423,0.0,0.004669331945478916,-0.4940641522407532,0.0,0.0,0.0,54112,54128,54606,54124,0,54128,STANDBY
-0.029999999329447746,-0.07999999821186066,9.800000190734863,0.0,0.0,0.0,1008.6871948242188,38.060001373291016,-0.2507053315639496,-0.508130669593811,0,0,0.0,0.0,0.0,0,0,-0.0027466658502817154,0.0,0.004608294926583767,-0.4940641522407532,0.0,0.0,0.0,54212,54228,54710,54227,0,54228,STANDBY
-0.05999999865889549,-0.07999999821186066,9.8100004196167,0.0,0.0,0.0,1008.6727905273438,38.060001373291016,-0.14259198307991028,0.21510173380374908,0,0,0.0,0.0,0.0,0,0,-0.0028077028691768646,0.0,0.004547257907688618,-0.4941862225532532,0.0,0.0,0.0,54312,54328,54796,54316,0,54328,STANDBY
-0.05999999865889549,-0.09000000357627869,9.800000190734863,0.0,0.0,0.0,1008.6906127929688,38.060001373291016,-0.1826767772436142,0.4579929709434509,0,0,0.0,0.0,0.0,0,0,-0.0027161473408341408,0.0,0.004547257907688618,-0.4941251873970032,0.0,0.0,0.0,54412,54428,54899,54424,0,54428,STANDBY
-0.05000000074505806,-0.10000000149011612,9.8100004196167,0.0,0.0,0.0,1008.641357421875,38.029998779296875,0.01284720003604889,0.5694771409034729,0,0,0.0,0.0,0.0,0,0,-0.0027466658502817154,0.0,0.004516739398241043,-0.4942167401313782,0.0,0.0,0.0,54512,54528,55002,54519,0,54528,STANDBY
-0.05000000074505806,-0.07999999821186066,9.8100004196167,0.0,0.0,0.0,1008.5870361328125,37.9900016784668,0.5184876918792725,2.8114984035491943,0,0,0.0,0.0,0.0,0,0,-0.0027161473408341408,0.0,0.0044862208887934685,-0.4941557049751282,0.0,0.0,0.0,54612,54628,55105,54622,0,54628,STANDBY
-0.03999999910593033,-0.07999999821186066,9.800000190734863,0.0,0.0,0.0,1008.5951538085938,37.9900016784668,0.6269491910934448,3.3699519634246826,0,0,0.0,0.0,0.0,0,0,-0.0027161473408341408,0.0,0.004425183869898319,-0.4940946698188782,0.0,0.0,0.0,54712,54728,55207,54725,0,54728,STANDBY
-0.05999999865889549,-0.07999999821186066,9.800000190734863,0.0,0.0,0.0,1008.6837768554688,38.060001373291016,0.09389765560626984,-0.6977141499519348,0,0,0.0,0.0,0.0,0,0,-0.002685628831386566,0.0,0.0044862208887934685,-0.4940946698188782,0.0,0.0,0.0,54812,54828,55293,54810,0,54828,STANDBY
-0.05000000074505806,-0.09000000357627869,9.8100004196167,0.0,0.0,0.0,1008.6898193359375,38.06999969482422,-0.10879696905612946,-3.1307992935180664,0,0,0.0,0.0,0.0,0,0,-0.002685628831386566,0.0,0.004608294926583767,-0.4940641522407532,0.0,0.0,0.0,54912,54928,55397,54915,0,54928,STANDBY
-0.029999999329447746,-0.09000000357627869,9.8100004196167,0.0,0.0,0.0,1008.6939086914062,38.06999969482422,-0.21324843168258667,-2.1195614337921143,0,0,0.0,0.0,0.0,0,0,-0.002685628831386566,0.0,0.004577776417136192,-0.4940641522407532,0.0,0.0,0.0,55012,55028,55499,55016,0,55028,STANDBY
-0.03999999910593033,-0.07000000029802322,9.819999694824219,0.0,0.0,0.0,1008.6973266601562,38.06999969482422,-0.24253979325294495,-1.0056099891662598,0,0,0.0,0.0,0.0,0,0,-0.0026551103219389915,0.0,0.0044862208887934685,-0.4940641522407532,0.0,0.0,0.0,55112,55128,55602,55119,0,55128,STANDBY
-0.05000000074505806,-0.07999999821186066,9.819999694824219,0.0,0.0,0.0,1008.6967163085938,38.06999969482422,-0.2379036545753479,-0.2625289559364319,0,0,0.0,0.0,0.0,0,0,-0.0027466658502817154,0.0,0.004303109832108021,-0.4940641522407532,0.0,0.0,0.0,55212,55228,55705,55223,0,55228,STANDBY
-0.029999999329447746,-0.09000000357627869,9.8100004196167,0.0,0.0,0.0,1008.7001342773438,38.06999969482422,-0.2435338795185089,-0.017172614112496376,0,0,0.0,0.0,0.0,0,0,-0.0025940733030438423,0.0,0.004394665360450745,-0.4939420819282532,0.0,0.0,0.0,55312,55328,55809,55325,0,55328,STANDBY
-0.03999999910593033,-0.05999999865889549,9.8100004196167,0.0,0.0,0.0,1008.6864013671875,38.06999969482422,-0.20882976055145264,0.03252715244889259,0,0,0.0,0.0,0.0,0,0,-0.002685628831386566,0.0,0.004211554303765297,-0.4940641522407532,0.0,0.0,0.0,55412,55428,55895,55411,0,55428,STANDBY
-0.029999999329447746,-0.10000000149011612,9.800000190734863,0.0,0.0,0.0,1008.610595703125,38.0099983215332,0.18348804116249084,1.3396707773208618,0,0,0.0,0.0,0.0,0,0,-0.002929776906967163,0.0,0.0042420728132128716,-0.4941557049751282,0.0,0.0,0.0,55512,55528,55997,55515,0,55528,STANDBY
-0.029999999329447746,-0.09000000357627869,9.8100004196167,0.0,0.0,0.0,1008.567626953125,37.9900016784668,0.6602182984352112,3.703277826309204,0,0,0.0,0.0,0.0,0,0,-0.0028077028691768646,0.0,0.0040894802659749985,-0.4941557049751282,0.0,0.0,0.0,55612,55628,56100,55617,0,55628,STANDBY
-0.05999999865889549,-0.07000000029802322,9.8100004196167,0.0,0.0,0.0,1008.5724487304688,38.0,0.7737500667572021,3.4803638458251953,0,0,0.0,0.0,0.0,0,0,-0.0028077028691768646,0.0,0.004058961756527424,-0.4941251873970032,0.0,0.0,0.0,55712,55728,56204,55720,0,55728,STANDBY
0.0,-0.10000000149011612,9.800000190734863,0.0,0.0,0.0,1008.67138671875,38.060001373291016,0.22158962488174438,-0.6682045459747314,0,0,0.0,0.0,0.0,0,0,-0.003021332435309887,0.0,0.003997924737632275,-0.4941862225532532,0.0,0.0,0.0,55812,55828,56306,55824,0,55828,STANDBY
-0.05999999865889549,-0.07000000029802322,9.800000190734863,0.0,0.0,0.0,1008.6766967773438,38.06999969482422,-0.05380694568157196,-3.535902500152588,0,0,0.0,0.0,0.0,0,0,-0.002685628831386566,0.0,0.004272591322660446,-0.4941557049751282,0.0,0.0,0.0,55912,55928,56410,55927,0,55928,STANDBY
-0.009999999776482582,-0.11999999731779099,9.8100004196167,0.0,0.0,0.0,1008.6629638671875,38.06999969482422,0.01895051822066307,-1.8244690895080566,0,0,0.0,0.0,0.0,0,0,-0.002929776906967163,0.0,0.003997924737632275,-0.4940946698188782,0.0,0.0,0.0,56012,56028,56496,56015,0,56028,STANDBY
-0.05000000074505806,-0.05999999865889549,9.800000190734863,0.0,0.0,0.0,1008.6712646484375,38.08000183105469,-0.04214600473642349,-0.29438316822052,0,0,0.0,0.0,0.0,0,0,-0.002471999265253544,0.0,0.004272591322660446,-0.4940946698188782,0.0,0.0,0.0,56112,56128,56599,56116,0,56128,STANDBY
-0.05000000074505806,-0.07000000029802322,9.789999961853027,0.0,0.0,0.0,1008.6663818359375,38.06999969482422,-0.06922706216573715,-0.4972681999206543,0,0,0.0,0.0,0.0,0,0,-0.0028077028691768646,0.0,0.004150517284870148,-0.4940031170845032,0.0,0.0,0.0,56212,56228,56702,56219,0,56228,STANDBY
-0.029999999329447746,-0.10999999940395355,9.789999961853027,0.0,0.0,0.0,1008.664306640625,38.08000183105469,0.003046820405870676,0.08894218504428864,0,0,0.0,0.0,0.0,0,0,-0.0025940733030438423,0.0,0.004455702379345894,-0.4939725995063782,0.0,0.0,0.0,56312,56328,56805,56323,0,56328,STANDBY
-0.07000000029802322,-0.07000000029802322,9.800000190734863,0.0,0.0,0.0,1008.686279296875,38.08000183105469,-0.0946345254778862,0.10590244829654694,0,0,0.0,0.0,0.0,0,0,-0.0025940733030438423,0.0,0.0044862208887934685,-0.4940031170845032,0.0,0.0,0.0,56413,56428,56908,56425,0,56428,STANDBY
-0.019999999552965164,-0.09000000357627869,9.800000190734863,0.0,0.0,0.0,1008.5714111328125,38.040000915527344,0.420321524143219,1.2557094097137451,0,0,0.0,0.0,0.0,0,0,-0.00277718435972929,0.0,0.004455702379345894,-0.4940031170845032,0.0,0.0,0.0,56513,56528,56994,56511,0,56528,STANDBY
-0.05999999865889549,-0.09000000357627869,9.789999961853027,0.0,0.0,0.0,1008.5415649414062,38.0,0.8978946208953857,4.077301502227783,0,0,0.0,0.0,0.0,0,0,-0.0027161473408341408,0.0,0.004516739398241043,-0.4939420819282532,0.0,0.0,0.0,56613,56628,57098,56616,0,56628,STANDBY
-0.029999999329447746,-0.09000000357627869,9.779999732971191,0.0,0.0,0.0,1008.520751953125,38.0099983215332,1.131911039352417,4.075403690338135,0,0,0.0,0.0,0.0,0,0,-0.0028077028691768646,0.0,0.004425183869898319,-0.4939725995063782,0.0,0.0,0.0,56713,56728,57200,56718,0,56728,STANDBY
-0.05000000074505806,-0.07999999821186066,9.789999961853027,0.0,0.0,0.0,1008.6322021484375,38.06999969482422,0.5447414517402649,-0.25619596242904663,0,0,0.0,0.0,0.0,0,0,-0.0027466658502817154,0.0,0.004699850454926491,-0.4939420819282532,0.0,0.0,0.0,56813,56828,57304,56820,0,56828,STANDBY
-0.05999999865889549,-0.10000000149011612,9.800000190734863,0.0,0.0,0.0,1008.6162719726562,38.08000183105469,0.4196276068687439,-2.9272007942199707,0,0,0.0,0.0,0.0,0,0,-0.002868739888072014,0.0,0.004669331945478916,-0.4939420819282532,0.0,0.0,0.0,56913,56928,57406,56924,0,56928,STANDBY
0.0,-0.10000000149011612,9.800000190734863,0.0,0.0,0.0,1008.6409301757812,38.08000183105469,0.288687139749527,-1.8165063858032227,0,0,0.0,0.0,0.0,0,0,-0.00277718435972929,0.0,0.004547257907688618,-0.4939725995063782,0.0,0.0,0.0,57013,57028,57509,57026,0,57028,STANDBY
-0.07999999821186066,-0.03999999910593033,9.800000190734863,0.0,0.0,0.0,1008.6383666992188,38.06999969482422,0.2536747455596924,-0.9644696712493896,0,0,0.0,0.0,0.0,0,0,-0.0026551103219389915,0.0,0.004577776417136192,-0.4938810467720032,0.0,0.0,0.0,57113,57128,57595,57112,0,57128,STANDBY
0.0,-0.11999999731779099,9.8100004196167,0.0,0.0,0.0,1008.6533813476562,38.08000183105469,0.14333610236644745,-0.8256447315216064,0,0,0.0,0.0,0.0,0,0,-0.0028992583975195885,0.0,0.004425183869898319,-0.4938810467720032,0.0,0.0,0.0,57213,57228,57698,57217,0,57228,STANDBY
-0.07000000029802322,-0.07000000029802322,9.8100004196167,0.0,0.0,0.0,1008.6389770507812,38.06999969482422,0.20082101225852966,-0.423991322517395,0,0,0.0,0.0,0.0,0,0,-0.0025635547935962677,0.0,0.0044862208887934685,-0.4938505291938782,0.0,0.0,0.0,57313,57328,57801,57318,0,57328,STANDBY
-0.029999999329447746,-0.07999999821186066,9.800000190734863,0.0,0.0,0.0,1008.6512451171875,38.08000183105469,0.14262963831424713,-0.09849898517131805,0,0,0.0,0.0,0.0,0,0,-0.0029602954164147377,0.0,0.004150517284870148,-0.4938810467720032,0.0,0.0,0.0,57413,57428,57905,57423,0,57428,STANDBY
0.0,-0.10999999940395355,9.800000190734863,0.0,0.0,0.0,1008.600341796875,38.040000915527344,0.36204856634140015,0.4332679212093353,0,0,0.0,0.0,0.0,0,0,-0.00277718435972929,0.0,0.00436414685100317,-0.4939420819282532,0.0,0.0,0.0,57513,57528,58007,57525,0,57528,STANDBY
-0.11999999731779099,-0.03999999910593033,9.800000190734863,0.0,0.0,0.0,1008.547607421875,38.0099983215332,0.8371119499206543,2.7556474208831787,0,0,0.0,0.0,0.0,0,0,-0.0028382213786244392,0.0,0.004303109832108021,-0.4939725995063782,0.0,0.0,0.0,57613,57628,58110,57627,0,57628,STANDBY
0.019999999552965164,-0.11999999731779099,9.800000190734863,0.0,0.0,0.0,1008.5393676757812,38.0,1.0147830247879028,3.4047579765319824,0,0,0.0,0.0,0.0,0,0,-0.003021332435309887,0.0,0.0040894802659749985,-0.4940336346626282,0.0,0.0,0.0,57713,57728,58196,57716,0,57728,STANDBY
-0.10000000149011612,-0.03999999910593033,9.800000190734863,0.0,0.0,0.0,1008.6500244140625,38.08000183105469,0.4114910066127777,-0.626895546913147,0,0,0.0,0.0,0.0,0,0,-0.002685628831386566,0.0,0.004272591322660446,-0.4940031170845032,0.0,0.0,0.0,57814,57828,58299,57817,0,57828,STANDBY
0.009999999776482582,-0.10999999940395355,9.800000190734863,0.0,0.0,0.0,1008.6834106445312,38.09000015258789,-0.003070622682571411,-4.103986740112305,0,0,0.0,0.0,0.0,0,0,-0.003021332435309887,0.0,0.004181035794317722,-0.4940031170845032,0.0,0.0,0.0,57914,57928,58402,57919,0,57928,STANDBY
-0.05999999865889549,-0.07999999821186066,9.8100004196167,0.0,0.0,0.0,1008.6490478515625,38.09000015258789,0.0792066752910614,-2.546541690826416,0,0,0.0,0.0,0.0,0,0,-0.0026551103219389915,0.0,0.00436414685100317,-0.4940336346626282,0.0,0.0,0.0,58014,58028,58505,58022,0,58028,STANDBY
-0.05999999865889549,-0.05999999865889549,9.8100004196167,0.0,0.0,0.0,1008.6559448242188,38.09000015258789,0.08565720915794373,-0.24358147382736206,0,0,0.0,0.0,0.0,0,0,-0.00317392498254776,0.0,0.004119998775422573,-0.4940946698188782,0.0,0.0,0.0,58114,58128,58608,58125,0,58128,STANDBY
-0.029999999329447746,-0.09000000357627869,9.800000190734863,0.0,0.0,0.0,1008.6375122070312,38.08000183105469,0.1697908341884613,0.33724358677864075,0,0,0.0,0.0,0.0,0,0,-0.002685628831386566,0.0,0.00436414685100317,-0.4941251873970032,0.0,0.0,0.0,58214,58228,58694,58211,0,58228,STANDBY
-0.07999999821186066,-0.05999999865889549,9.800000190734863,0.0,0.0,0.0,1008.64501953125,38.08000183105469,0.18225809931755066,0.4680785834789276,0,0,0.0,0.0,0.0,0,0,-0.00317392498254776,0.0,0.0040894802659749985,-0.4941557049751282,0.0,0.0,0.0,58314,58328,58798,58317,0,58328,STANDBY
0.0,-0.11999999731779099,9.8100004196167,0.0,0.0,0.0,1008.6409301757812,38.08000183105469,0.21877051889896393,0.3905256688594818,0,0,0.0,0.0,0.0,0,0,-0.0027466658502817154,0.0,0.00436414685100317,-0.4941251873970032,0.0,0.0,0.0,58414,58428,58900,58417,0,58428,STANDBY
-0.07999999821186066,-0.05999999865889549,9.8100004196167,0.0,0.0,0.0,1008.5795288085938,38.029998779296875,0.45950907468795776,0.8452845811843872,0,0,0.0,0.0,0.0,0,0,-0.0028077028691768646,0.0,0.0042420728132128716,-0.4940641522407532,0.0,0.0,0.0,58514,58528,59003,58520,0,58528,STANDBY
-0.009999999776482582,-0.10999999940395355,9.800000190734863,0.0,0.0,0.0,1008.5248413085938,38.0099983215332,0.9789466857910156,3.0453171730041504,0,0,0.0,0.0,0.0,0,0,-0.002868739888072014,0.0,0.004394665360450745,-0.4940031170845032,0.0,0.0,0.0,58614,58628,59106,58624,0,58628,STANDBY
-0.05999999865889549,-0.09000000357627869,9.819999694824219,0.0,0.0,0.0,1008.5454711914062,38.0099983215332,0.981669545173645,3.034879207611084,0,0,0.0,0.0,0.0,0,0,-0.0028382213786244392,0.0,0.004577776417136192,-0.4940336346626282,0.0,0.0,0.0,58714,58728,59209,58726,0,58728,STANDBY
-0.05000000074505806,-0.10000000149011612,9.8100004196167,0.0,0.0,0.0,1008.62939453125,38.08000183105469,0.5168881416320801,-0.872251570224762,0,0,0.0,0.0,0.0,0,0,-0.0028382213786244392,0.0,0.004577776417136192,-0.4939420819282532,0.0,0.0,0.0,58814,58828,59295,58812,0,58828,STANDBY
-0.019999999552965164,-0.07999999821186066,9.800000190734863,0.0,0.0,0.0,1008.6375122070312,38.08000183105469,0.2853906452655792,-2.9731595516204834,0,0,0.0,0.0,0.0,0,0,-0.0028382213786244392,0.0,0.004516739398241043,-0.4940031170845032,0.0,0.0,0.0,58914,58928,59398,58917,0,58928,STANDBY
-0.07000000029802322,-0.05000000074505806,9.800000190734863,0.0,0.0,0.0,1008.6690673828125,38.08000183105469,0.06471768766641617,-2.5543689727783203,0,0,0.0,0.0,0.0,0,0,-0.00277718435972929,0.0,0.004577776417136192,-0.4939420819282532,0.0,0.0,0.0,59014,59028,59501,59018,0,59028,STANDBY
-0.019999999552965164,-0.10000000149011612,9.800000190734863,0.0,0.0,0.0,1008.6771850585938,38.09000015258789,-0.03830477595329285,-1.759337306022644,0,0,0.0,0.0,0.0,0,0,-0.0028077028691768646,0.0,0.0044862208887934685,-0.4939420819282532,0.0,0.0,0.0,59114,59128,59603,59121,0,59128,STANDBY
-0.07000000029802322,-0.07999999821186066,9.800000190734863,0.0,0.0,0.0,1008.6788330078125,38.09000015258789,-0.09701037406921387,-1.0837081670761108,0,0,0.0,0.0,0.0,0,0,-0.00277718435972929,0.0,0.004425183869898319,-0.4940031170845032,0.0,0.0,0.0,59214,59228,59707,59225,0,59228,STANDBY
-0.03999999910593033,-0.09000000357627869,9.789999961853027,0.0,0.0,0.0,1008.6679077148438,38.09000015258789,-0.06034426763653755,-0.4125284254550934,0,0,0.0,0.0,0.0,0,0,-0.002868739888072014,0.0,0.004394665360450745,-0.4940031170845032,0.0,0.0,0.0,59314,59328,59810,59327,0,59328,STANDBY
-0.05000000074505806,-0.10000000149011612,9.800000190734863,0.0,0.0,0.0,1008.6394653320312,38.09000015258789,0.14772284030914307,0.8447974920272827,0,0,0.0,0.0,0.0,0,0,-0.0028992583975195885,0.0,0.004516739398241043,-0.4940641522407532,0.0,0.0,0.0,59414,59428,59896,59413,0,59428,STANDBY
-0.07000000029802322,-0.07000000029802322,9.800000190734863,0.0,0.0,0.0,1008.5471801757812,38.04999923706055,0.612775981426239,2.4871835708618164,0,0,0.0,0.0,0.0,0,0,-0.00317392498254776,0.0,0.004394665360450745,-0.4942167401313782,0.0,0.0,0.0,59514,59528,59999,59517,0,59528,STANDBY
-0.019999999552965164,-0.10999999940395355,9.789999961853027,0.0,0.0,0.0,1008.5609130859375,38.040000915527344,0.8542535305023193,3.453392505645752,0,0,0.0,0.0,0.0,0,0,-0.0029602954164147377,0.0,0.004516739398241043,-0.4942167401313782,0.0,0.0,0.0,59614,59628,60102,59619,0,59628,STANDBY
-0.07999999821186066,-0.07999999821186066,9.800000190734863,0.0,0.0,0.0,1008.556884765625,38.029998779296875,0.8940844535827637,2.264677047729492,0,0,0.0,0.0,0.0,0,0,-0.002929776906967163,0.0,0.004669331945478916,-0.4941557049751282,0.0,0.0,0.0,59714,59728,60205,59721,0,59728,STANDBY
-0.019999999552965164,-0.10999999940395355,9.800000190734863,0.0,0.0,0.0,1008.6541137695312,38.09000015258789,0.37426838278770447,-1.234161376953125,0,0,0.0,0.0,0.0,0,0,-0.0031128879636526108,0.0,0.0046388134360313416,-0.4942167401313782,0.0,0.0,0.0,59814,59828,60308,59825,0,59828,STANDBY
-0.05999999865889549,-0.07000000029802322,9.800000190734863,0.0,0.0,0.0,1008.6704711914062,38.099998474121094,0.08664257824420929,-3.398225784301758,0,0,0.0,0.0,0.0,0,0,-0.002929776906967163,0.0,0.004669331945478916,-0.4941862225532532,0.0,0.0,0.0,59914,59928,60394,59911,0,59928,STANDBY
-0.05000000074505806,-0.09000000357627869,9.8100004196167,0.0,0.0,0.0,1008.6629638671875,38.099998474121094,0.0557456873357296,-2.2420496940612793,0,0,0.0,0.0,0.0,0,0,-0.003082369454205036,0.0,0.004608294926583767,-0.4941862225532532,0.0,0.0,0.0,60014,60028,60497,60017,0,60028,STANDBY
-0.019999999552965164,-0.10000000149011612,9.8100004196167,0.0,0.0,0.0,1008.6766967773438,38.099998474121094,-0.04240650311112404,-1.0138429403305054,0,0,0.0,0.0,0.0,0,0,-0.0029602954164147377,0.0,0.004547257907688618,-0.4942167401313782,0.0,0.0,0.0,60114,60128,60600,60118,0,60128,STANDBY
-0.07000000029802322,-0.05999999865889549,9.8100004196167,0.0,0.0,0.0,1008.6595458984375,38.099998474121094,0.029898861423134804,-0.3505699038505554,0,0,0.0,0.0,0.0,0,0,-0.002685628831386566,0.0,0.004547257907688618,-0.4941557049751282,0.0,0.0,0.0,60214,60228,60703,60220,0,60228,STANDBY
-0.019999999552965164,-0.09000000357627869,9.800000190734863,0.0,0.0,0.0,1008.6514282226562,38.09000015258789,0.08038496971130371,0.32745832204818726,0,0,0.0,0.0,0.0,0,0,-0.0028382213786244392,0.0,0.00436414685100317,-0.4941251873970032,0.0,0.0,0.0,60314,60328,60807,60323,0,60328,STANDBY
-0.03999999910593033,-0.09000000357627869,9.800000190734863,0.0,0.0,0.0,1008.6663818359375,38.099998474121094,0.04426790028810501,0.22521363198757172,0,0,0.0,0.0,0.0,0,0,-0.0024414807558059692,0.0,0.004577776417136192,-0.4939420819282532,0.0,0.0,0.0,60414,60428,60909,60427,0,60428,STANDBY
-0.05000000074505806,-0.09000000357627869,9.800000190734863,0.0,0.0,0.0,1008.59326171875,38.060001373291016,0.3614805042743683,0.9282081723213196,0,0,0.0,0.0,0.0,0,0,-0.0027466658502817154,0.0,0.0044862208887934685,-0.4939725995063782,0.0,0.0,0.0,60514,60528,60995,60512,0,60528,STANDBY
-0.029999999329447746,-0.09000000357627869,9.789999961853027,0.0,0.0,0.0,1008.583740234375,38.04999923706055,0.6446374654769897,2.5452542304992676,0,0,0.0,0.0,0.0,0,0,-0.002624591812491417,0.0,0.004547257907688618,-0.4939115643501282,0.0,0.0,0.0,60614,60628,61099,60617,0,60628,STANDBY
-0.05999999865889549,-0.05999999865889549,9.800000190734863,0.0,0.0,0.0,1008.5625610351562,38.040000915527344,0.8105091452598572,2.5756430625915527,0,0,0.0,0.0,0.0,0,0,-0.0026551103219389915,0.0,0.004516739398241043,-0.4938810467720032,0.0,0.0,0.0,60715,60728,61201,60718,0,60728,STANDBY
-0.029999999329447746,-0.09000000357627869,9.789999961853027,0.0,0.0,0.0,1008.65673828125,38.099998474121094,0.31186074018478394,-0.5889424681663513,0,0,0.0,0.0,0.0,0,0,-0.0028992583975195885,0.0,0.004303109832108021,-0.4940031170845032,0.0,0.0,0.0,60815,60828,61304,60821,0,60828,STANDBY
-0.03999999910593033,-0.10000000149011612,9.800000190734863,0.0,0.0,0.0,1008.662109375,38.11000061035156,0.08507249504327774,-3.0018129348754883,0,0,0.0,0.0,0.0,0,0,-0.002868739888072014,0.0,0.004394665360450745,-0.4939725995063782,0.0,0.0,0.0,60915,60928,61407,60924,0,60928,STANDBY
-0.05000000074505806,-0.07000000029802322,9.800000190734863,0.0,0.0,0.0,1008.6765747070312,38.11000061035156,-0.03903833031654358,-2.2211880683898926,0,0,0.0,0.0,0.0,0,0,-0.0028382213786244392,0.0,0.004333628341555595,-0.4939420819282532,0.0,0.0,0.0,61015,61028,61510,61027,0,61028,STANDBY
-0.019999999552965164,-0.07000000029802322,9.800000190734863,0.0,0.0,0.0,1008.6777954101562,38.119998931884766,-0.06988300383090973,-1.035447120666504,0,0,0.0,0.0,0.0,0,0,-0.002685628831386566,0.0,0.00436414685100317,-0.4939115643501282,0.0,0.0,0.0,61115,61128,61596,61113,0,61128,STANDBY
-0.07000000029802322,-0.07999999821186066,9.800000190734863,0.0,0.0,0.0,1008.6743774414062,38.119998931884766,-0.06927436590194702,-0.3674743175506592,0,0,0.0,0.0,0.0,0,0,-0.0028382213786244392,0.0,0.004333628341555595,-0.4939420819282532,0.0,0.0,0.0,61215,61228,61700,61218,0,61228,STANDBY
-0.029999999329447746,-0.10000000149011612,9.789999961853027,0.0,0.0,0.0,1008.6737670898438,38.11000061035156,-0.05858348309993744,-0.048079460859298706,0,0,0.0,0.0,0.0,0,0,-0.0028077028691768646,0.0,0.004425183869898319,-0.4939420819282532,0.0,0.0,0.0,61315,61328,61802,61319,0,61328,STANDBY
-0.07000000029802322,-0.07000000029802322,9.800000190734863,0.0,0.0,0.0,1008.6730346679688,38.11000061035156,-0.04328044131398201,0.12437357008457184,0,0,0.0,0.0,0.0,0,0,-0.0027161473408341408,0.0,0.004608294926583767,-0.4939115643501282,0.0,0.0,0.0,61415,61428,61905,61426,0,61428,STANDBY
-0.029999999329447746,-0.10000000149011612,9.8100004196167,0.0,0.0,0.0,1008.5733032226562,38.060001373291016,0.40480148792266846,1.4309461116790771,0,0,0.0,0.0,0.0,0,0,-0.0029908139258623123,0.0,0.004425183869898319,-0.4939725995063782,0.0,0.0,0.0,61515,61528,62008,61526,0,61528,STANDBY
-0.07000000029802322,-0.07999999821186066,9.789999961853027,0.0,0.0,0.0,1008.54736328125,38.04999923706055,0.886397659778595,3.977673053741455,0,0,0.0,0.0,0.0,0,0,-0.0028077028691768646,0.0,0.004577776417136192,-0.4940031170845032,0.0,0.0,0.0,61615,61628,62094,61612,0,61628,STANDBY
-0.03999999910593033,-0.07999999821186066,9.800000190734863,0.0,0.0,0.0,1008.5576782226562,38.04999923706055,0.8892406225204468,3.1949830055236816,0,0,0.0,0.0,0.0,0,0,-0.00277718435972929,0.0,0.0044862208887934685,-0.4939725995063782,0.0,0.0,0.0,61715,61728,62197,61714,0,61728,STANDBY
-0.05000000074505806,-0.09000000357627869,9.789999961853027,0.0,0.0,0.0,1008.6565551757812,38.11000061035156,0.3573646545410156,-1.169034481048584,0,0,0.0,0.0,0.0,0,0,-0.0025635547935962677,0.0,0.004577776417136192,-0.4938505291938782,0.0,0.0,0.0,61815,61828,62300,61818,0,61828,STANDBY
-0.029999999329447746,-0.09000000357627869,9.800000190734863,0.0,0.0,0.0,1008.6510009765625,38.119998931884766,0.14748221635818481,-3.266937017440796,0,0,0.0,0.0,0.0,0,0,-0.0026551103219389915,0.0,0.004516739398241043,-0.4938505291938782,0.0,0.0,0.0,61915,61928,62403,61920,0,61928,STANDBY
-0.03999999910593033,-0.07999999821186066,9.800000190734863,0.0,0.0,0.0,1008.6422119140625,38.11000061035156,0.16681596636772156,-1.7776610851287842,0,0,0.0,0.0,0.0,0,0,-0.0025940733030438423,0.0,0.004455702379345894,-0.4939115643501282,0.0,0.0,0.0,62015,62028,62505,62023,0,62028,STANDBY
-0.05000000074505806,-0.07000000029802322,9.800000190734863,0.0,0.0,0.0,1008.6490478515625,38.11000061035156,0.16309094429016113,-0.21882525086402893,0,0,0.0,0.0,0.0,0,0,-0.0027161473408341408,0.0,0.004303109832108021,-0.4939420819282532,0.0,0.0,0.0,62115,62128,62609,62126,0,62128,STANDBY
-0.029999999329447746,-0.09000000357627869,9.8100004196167,0.0,0.0,0.0,1008.649658203125,38.11000061035156,0.14534270763397217,-0.06514738500118256,0,0,0.0,0.0,0.0,0,0,-0.0027161473408341408,0.0,0.004272591322660446,-0.4938810467720032,0.0,0.0,0.0,62216,62228,62695,62212,0,62228,STANDBY
-0.05000000074505806,-0.09000000357627869,9.800000190734863,0.0,0.0,0.0,1008.64501953125,38.11000061035156,0.1323235183954239,-0.23316463828086853,0,0,0.0,0.0,0.0,0,0,-0.0028077028691768646,0.0,0.004181035794317722,-0.4939420819282532,0.0,0.0,0.0,62316,62328,62798,62315,0,62328,STANDBY
-0.03999999910593033,-0.09000000357627869,9.800000190734863,0.0,0.0,0.0,1008.662841796875,38.11000061035156,0.06949445605278015,-0.307170569896698,0,0,0.0,0.0,0.0,0,0,-0.0027161473408341408,0.0,0.004333628341555595,-0.4938810467720032,0.0,0.0,0.0,62416,62429,62901,62419,0,62429,STANDBY
-0.05000000074505806,-0.05999999865889549,9.800000190734863,0.0,0.0,0.0,1008.5848999023438,38.06999969482422,0.38829538226127625,0.6778101921081543,0,0,0.0,0.0,0.0,0,0,-0.0028077028691768646,0.0,0.004272591322660446,-0.4939725995063782,0.0,0.0,0.0,62516,62529,63004,62521,0,62529,STANDBY
-0.029999999329447746,-0.09000000357627869,9.800000190734863,0.0,0.0,0.0,1008.5570068359375,38.04999923706055,0.7719522714614868,2.8133115768432617,0,0,0.0,0.0,0.0,0,0,-0.0028382213786244392,0.0,0.004211554303765297,-0.4939420819282532,0.0,0.0,0.0,62616,62629,63107,62624,0,62629,STANDBY
-0.05000000074505806,-0.09000000357627869,9.800000190734863,0.0,0.0,0.0,1008.5576782226562,38.04999923706055,0.8647801280021667,2.82270884513855,0,0,0.0,0.0,0.0,0,0,-0.0025940733030438423,0.0,0.004272591322660446,-0.4938810467720032,0.0,0.0,0.0,62716,62729,63210,62727,0,62729,STANDBY
-0.029999999329447746,-0.09000000357627869,9.800000190734863,0.0,0.0,0.0,1008.6498413085938,38.099998474121094,0.40746310353279114,-0.49420732259750366,0,0,0.0,0.0,0.0,0,0,-0.0025635547935962677,0.0,0.004181035794317722,-0.4937589764595032,0.0,0.0,0.0,62816,62829,63296,62813,0,62829,STANDBY
-0.029999999329447746,-0.09000000357627869,9.8100004196167,0.0,0.0,0.0,1008.6640625,38.119998931884766,0.15819837152957916,-2.8034963607788086,0,0,0.0,0.0,0.0,0,0,-0.0026551103219389915,0.0,0.004150517284870148,-0.4938200116157532,0.0,0.0,0.0,62916,62929,63399,62919,0,62929,STANDBY
-0.05000000074505806,-0.07000000029802322,9.819999694824219,0.0,0.0,0.0,1008.6503295898438,38.119998931884766,0.16591565310955048,-1.8135201930999756,0,0,0.0,0.0,0.0,0,0,-0.002624591812491417,0.0,0.004272591322660446,-0.4937284588813782,0.0,0.0,0.0,63016,63029,63502,63020,0,63029,STANDBY
-0.03999999910593033,-0.10000000149011612,9.800000190734863,0.0,0.0,0.0,1008.6715698242188,38.119998931884766,0.02074539288878441,-0.9700513482093811,0,0,0.0,0.0,0.0,0,0,-0.0028077028691768646,0.0,0.004303109832108021,-0.4937284588813782,0.0,0.0,0.0,63116,63129,63605,63122,0,63129,STANDBY
-0.05000000074505806,-0.09000000357627869,9.800000190734863,0.0,0.0,0.0,1008.6893920898438,38.119998931884766,-0.1284656971693039,-1.3473496437072754,0,0,0.0,0.0,0.0,0,0,-0.002868739888072014,0.0,0.00436414685100317,-0.4937589764595032,0.0,0.0,0.0,63216,63229,63709,63225,0,63229,STANDBY
-0.03999999910593033,-0.09000000357627869,9.8100004196167,0.0,0.0,0.0,1008.6743774414062,38.119998931884766,-0.08627837151288986,-0.7915786504745483,0,0,0.0,0.0,0.0,0,0,-0.002929776906967163,0.0,0.004394665360450745,-0.4937894940376282,0.0,0.0,0.0,63316,63329,63811,63329,0,63329,STANDBY
-0.05000000074505806,-0.07999999821186066,9.8100004196167,0.0,0.0,0.0,1008.6790771484375,38.119998931884766,-0.0941581130027771,-0.05410390347242355,0,0,0.0,0.0,0.0,0,0,-0.002929776906967163,0.0,0.004516739398241043,-0.4937894940376282,0.0,0.0,0.0,63416,63429,63897,63415,0,63429,STANDBY
-0.03999999910593033,-0.10000000149011612,9.8100004196167,0.0,0.0,0.0,1008.5997924804688,38.08000183105469,0.2629745602607727,1.0679103136062622,0,0,0.0,0.0,0.0,0,0,-0.002929776906967163,0.0,0.004516739398241043,-0.4938200116157532,0.0,0.0,0.0,63516,63529,64001,63519,0,63529,STANDBY
-0.05000000074505806,-0.07999999821186066,9.8100004196167,0.0,0.0,0.0,1008.5783081054688,38.04999923706055,0.6284028887748718,3.0429601669311523,0,0,0.0,0.0,0.0,0,0,-0.0026551103219389915,0.0,0.004394665360450745,-0.4937284588813782,0.0,0.0,0.0,63616,63629,64103,63621,0,63629,STANDBY
-0.03999999910593033,-0.07000000029802322,9.789999961853027,0.0,0.0,0.0,1008.572021484375,38.04999923706055,0.7695208787918091,3.0221850872039795,0,0,0.0,0.0,0.0,0,0,-0.0027466658502817154,0.0,0.004425183869898319,-0.4937284588813782,0.0,0.0,0.0,63716,63729,64206,63723,0,63729,STANDBY
-0.019999999552965164,-0.10000000149011612,9.800000190734863,0.0,0.0,0.0,1008.6559448242188,38.11000061035156,0.30063310265541077,-0.43700623512268066,0,0,0.0,0.0,0.0,0,0,-0.0029602954164147377,0.0,0.00436414685100317,-0.4937894940376282,0.0,0.0,0.0,63816,63830,64310,63826,0,63830,STANDBY
-0.05999999865889549,-0.07000000029802322,9.789999961853027,0.0,0.0,0.0,1008.6640625,38.119998931884766,0.1050766110420227,-2.7269320487976074,0,0,0.0,0.0,0.0,0,0,-0.0025635547935962677,0.0,0.004608294926583767,-0.4937284588813782,0.0,0.0,0.0,63916,63930,64412,63930,0,63930,STANDBY
-0.019999999552965164,-0.10000000149011612,9.789999961853027,0.0,0.0,0.0,1008.6565551757812,38.11000061035156,0.0912528783082962,-1.6151807308197021,0,0,0.0,0.0,0.0,0,0,-0.003021332435309887,0.0,0.004333628341555595,-0.4937894940376282,0.0,0.0,0.0,64016,64030,64498,64015,0,64030,STANDBY
-0.05000000074505806,-0.10000000149011612,9.800000190734863,0.0,0.0,0.0,1008.6503295898438,38.119998931884766,0.13822141289710999,-0.23435905575752258,0,0,0.0,0.0,0.0,0,0,-0.0028382213786244392,0.0,0.004577776417136192,-0.4938200116157532,0.0,0.0,0.0,64116,64130,64602,64119,0,64130,STANDBY
-0.05999999865889549,-0.07000000029802322,9.819999694824219,0.0,0.0,0.0,1008.6550903320312,38.119998931884766,0.11667226999998093,0.08750498294830322,0,0,0.0,0.0,0.0,0,0,-0.0032044434919953346,0.0,0.004333628341555595,-0.4939115643501282,0.0,0.0,0.0,64216,64230,64704,64222,0,64230,STANDBY
-0.009999999776482582,-0.10999999940395355,9.800000190734863,0.0,0.0,0.0,1008.6537475585938,38.119998931884766,0.1443684846162796,0.0907239094376564,0,0,0.0,0.0,0.0,0,0,-0.002929776906967163,0.0,0.004425183869898319,-0.4937589764595032,0.0,0.0,0.0,64316,64330,64807,64324,0,64330,STANDBY
-0.07000000029802322,-0.07000000029802322,9.789999961853027,0.0,0.0,0.0,1008.6646728515625,38.119998931884766,0.05372581630945206,-0.2241279035806656,0,0,0.0,0.0,0.0,0,0,-0.002929776906967163,0.0,0.0044862208887934685,-0.4938505291938782,0.0,0.0,0.0,64416,64430,64910,64429,0,64430,STANDBY
-0.029999999329447746,-0.09000000357627869,9.800000190734863,0.0,0.0,0.0,1008.5753173828125,38.06999969482422,0.4093078076839447,0.5210397243499756,0,0,0.0,0.0,0.0,0,0,-0.0031128879636526108,0.0,0.004516739398241043,-0.4937284588813782,0.0,0.0,0.0,64516,64530,64996,64514,0,64530,STANDBY
-0.05999999865889549,-0.09000000357627869,9.8100004196167,0.0,0.0,0.0,1008.5630493164062,38.060001373291016,0.7535725235939026,2.8229382038116455,0,0,0.0,0.0,0.0,0,0,-0.0028382213786244392,0.0,0.004577776417136192,-0.4938200116157532,0.0,0.0,0.0,64616,64630,65099,64619,0,64630,STANDBY
-0.05999999865889549,-0.07000000029802322,9.800000190734863,0.0,0.0,0.0,1008.5370483398438,38.04999923706055,1.0528466701507568,3.6376030445098877,0,0,0.0,0.0,0.0,0,0,-0.0028077028691768646,0.0,0.0044862208887934685,-0.4937589764595032,0.0,0.0,0.0,64716,64730,65203,64719,0,64730,STANDBY
-0.03999999910593033,-0.09000000357627869,9.800000190734863,0.0,0.0,0.0,1008.640625,38.119998931884766,0.4247682988643646,-0.34820932149887085,0,0,0.0,0.0,0.0,0,0,-0.0027161473408341408,0.0,0.004425183869898319,-0.4937284588813782,0.0,0.0,0.0,64816,64830,65305,64822,0,64830,STANDBY
-0.029999999329447746,-0.07999999821186066,9.800000190734863,0.0,0.0,0.0,1008.65234375,38.119998931884766,0.15527641773223877,-3.7519679069519043,0,0,0.0,0.0,0.0,0,0,-0.0027161473408341408,0.0,0.004333628341555595,-0.4937284588813782,0.0,0.0,0.0,64916,64930,65408,64925,0,64930,STANDBY
-0.05999999865889549,-0.09000000357627869,9.800000190734863,0.0,0.0,0.0,1008.6598510742188,38.130001068115234,0.0807114914059639,-2.3176727294921875,0,0,0.0,0.0,0.0,0,0,-0.00277718435972929,0.0,0.0044862208887934685,-0.4936674237251282,0.0,0.0,0.0,65016,65030,65511,65028,0,65030,STANDBY
-0.019999999552965164,-0.09000000357627869,9.8100004196167,0.0,0.0,0.0,1008.670166015625,38.130001068115234,-0.004933997988700867,-1.0543956756591797,0,0,0.0,0.0,0.0,0,0,-0.0028077028691768646,0.0,0.004333628341555595,-0.4936368763446808,0.0,0.0,0.0,65117,65130,65597,65114,0,65130,STANDBY
-0.05999999865889549,-0.05999999865889549,9.8100004196167,0.0,0.0,0.0,1008.6638793945312,38.130001068115234,0.003999070730060339,-0.5519845485687256,0,0,0.0,0.0,0.0,0,0,-0.00277718435972929,0.0,0.004425183869898319,-0.4937284588813782,0.0,0.0,0.0,65217,65230,65700,65220,0,65230,STANDBY
-0.03999999910593033,-0.10000000149011612,9.800000190734863,0.0,0.0,0.0,1008.6557006835938,38.119998931884766,0.08470825850963593,0.23686374723911285,0,0,0.0,0.0,0.0,0,0,-0.0029908139258623123,0.0,0.004516739398241043,-0.4937589764595032,0.0,0.0,0.0,65317,65330,65803,65320,0,65330,STANDBY
-0.05000000074505806,-0.09000000357627869,9.8100004196167,0.0,0.0,0.0,1008.683837890625,38.130001068115234,-0.07824089378118515,-0.18440626561641693,0,0,0.0,0.0,0.0,0,0,-0.002929776906967163,0.0,0.004547257907688618,-0.4938200116157532,0.0,0.0,0.0,65417,65434,65906,65434,0,65434,STANDBY
-0.07000000029802322,-0.07000000029802322,9.800000190734863,0.0,0.0,0.0,1008.6307983398438,38.09000015258789,0.1262480616569519,-0.0949571505188942,0,0,0.0,0.0,0.0,0,0,-0.0027161473408341408,0.0,0.004516739398241043,-0.4937894940376282,0.0,0.0,0.0,65517,65534,66010,65526,0,65534,STANDBY
-0.019999999552965164,-0.09000000357627869,9.800000190734863,0.0,0.0,0.0,1008.565185546875,38.04999923706055,0.6470563411712646,2.6629576683044434,0,0,0.0,0.0,0.0,0,0,-0.002929776906967163,0.0,0.00436414685100317,-0.4938505291938782,0.0,0.0,0.0,65617,65634,66112,65629,0,65634,STANDBY
-0.05000000074505806,-0.09000000357627869,9.800000190734863,0.0,0.0,0.0,1008.5677490234375,38.060001373291016,0.8092138767242432,3.5383896827697754,0,0,0.0,0.0,0.0,0,0,-0.0028992583975195885,0.0,0.004547257907688618,-0.4938505291938782,0.0,0.0,0.0,65717,65734,66215,65732,0,65734,STANDBY
-0.03999999910593033,-0.10000000149011612,9.800000190734863,0.0,0.0,0.0,1008.651611328125,38.119998931884766,0.34408679604530334,-0.11105847358703613,0,0,0.0,0.0,0.0,0,0,-0.0031434064731001854,0.0,0.004455702379345894,-0.4939115643501282,0.0,0.0,0.0,65817,65835,66301,65820,0,65835,STANDBY
-0.03999999910593033,-0.09000000357627869,9.8100004196167,0.0,0.0,0.0,1008.6604614257812,38.130001068115234,0.09424018114805222,-2.9534971714019775,0,0,0.0,0.0,0.0,0,0,-0.0028992583975195885,0.0,0.004608294926583767,-0.4938810467720032,0.0,0.0,0.0,65917,65935,66404,65921,0,65935,STANDBY
-0.03999999910593033,-0.07999999821186066,9.8100004196167,0.0,0.0,0.0,1008.626708984375,38.130001068115234,0.2529996335506439,-1.2895643711090088,0,0,0.0,0.0,0.0,0,0,-0.003021332435309887,0.0,0.004425183869898319,-0.4938810467720032,0.0,0.0,0.0,66017,66035,66507,66024,0,66035,STANDBY
-0.019999999552965164,-0.07999999821186066,9.8100004196167,0.0,0.0,0.0,1008.6151733398438,38.130001068115234,0.3796144723892212,0.866224467754364,0,0,0.0,0.0,0.0,0,0,-0.002868739888072014,0.0,0.004516739398241043,-0.4938200116157532,0.0,0.0,0.0,66117,66135,66610,66127,0,66135,STANDBY
-0.05999999865889549,-0.07000000029802322,9.800000190734863,0.0,0.0,0.0,1008.6473388671875,38.130001068115234,0.2165360450744629,0.18330726027488708,0,0,0.0,0.0,0.0,0,0,-0.0028992583975195885,0.0,0.0044862208887934685,-0.4938200116157532,0.0,0.0,0.0,66217,66235,66713,66230,0,66235,STANDBY
-0.009999999776482582,-0.09000000357627869,9.800000190734863,0.0,0.0,0.0,1008.6392211914062,38.130001068115234,0.21485856175422668,-0.6148678064346313,0,0,0.0,0.0,0.0,0,0,-0.0028992583975195885,0.0,0.004333628341555595,-0.4937894940376282,0.0,0.0,0.0,66317,66335,66816,66333,0,66335,STANDBY
-0.05999999865889549,-0.07000000029802322,9.800000190734863,0.0,0.0,0.0,1008.6529541015625,38.130001068115234,0.13897456228733063,-0.47315526008605957,0,0,0.0,0.0,0.0,0,0,-0.0027161473408341408,0.0,0.004333628341555595,-0.4937284588813782,0.0,0.0,0.0,66417,66435,66902,66420,0,66435,STANDBY
-0.029999999329447746,-0.07000000029802322,9.789999961853027,0.0,0.0,0.0,1008.5992431640625,38.09000015258789,0.3638075292110443,0.2824803590774536,0,0,0.0,0.0,0.0,0,0,-0.00277718435972929,0.0,0.004272591322660446,-0.4937894940376282,0.0,0.0,0.0,66518,66535,67005,66522,0,66535,STANDBY
-0.03999999910593033,-0.07999999821186066,9.800000190734863,0.0,0.0,0.0,1008.5621948242188,38.06999969482422,0.8109776973724365,2.7467658519744873,0,0,0.0,0.0,0.0,0,0,-0.002929776906967163,0.0,0.0040894802659749985,-0.4938810467720032,0.0,0.0,0.0,66618,66635,67107,66625,0,66635,STANDBY
-0.019999999552965164,-0.07999999821186066,9.8100004196167,0.0,0.0,0.0,1008.5477905273438,38.06999969482422,0.9826433658599854,3.3203673362731934,0,0,0.0,0.0,0.0,0,0,-0.0028077028691768646,0.0,0.004181035794317722,-0.4938810467720032,0.0,0.0,0.0,66718,66735,67211,66727,0,66735,STANDBY
-0.05999999865889549,-0.07000000029802322,9.800000190734863,0.0,0.0,0.0,1008.6414184570312,38.119998931884766,0.4306877851486206,-0.6678701639175415,0,0,0.0,0.0,0.0,0,0,-0.002868739888072014,0.0,0.004150517284870148,-0.4938810467720032,0.0,0.0,0.0,66818,66835,67314,66831,0,66835,STANDBY
-0.019999999552965164,-0.10999999940395355,9.789999961853027,0.0,0.0,0.0,1008.6570434570312,38.130001068115234,0.15062007308006287,-3.5040359497070312,0,0,0.0,0.0,0.0,0,0,-0.0030518509447574615,0.0,0.0040894802659749985,-0.4940641522407532,0.0,0.0,0.0,66918,66935,67418,66934,0,66935,STANDBY
-0.07000000029802322,-0.07000000029802322,9.8100004196167,0.0,0.0,0.0,1008.6557006835938,38.119998931884766,0.10090385377407074,-2.258054256439209,0,0,0.0,0.0,0.0,0,0,-0.003082369454205036,0.0,0.004150517284870148,-0.4940641522407532,0.0,0.0,0.0,67018,67035,67504,67021,0,67035,STANDBY
0.0,-0.11999999731779099,9.800000190734863,0.0,0.0,0.0,1008.6769409179688,38.119998931884766,-0.013340558856725693,-1.0466768741607666,0,0,0.0,0.0,0.0,0,0,-0.003082369454205036,0.0,0.004181035794317722,-0.4940946698188782,0.0,0.0,0.0,67118,67135,67606,67123,0,67135,STANDBY
-0.05999999865889549,-0.07000000029802322,9.789999961853027,0.0,0.0,0.0,1008.66796875,38.130001068115234,-0.07167669385671616,-0.9930984973907471,0,0,0.0,0.0,0.0,0,0,-0.0029602954164147377,0.0,0.004211554303765297,-0.4940641522407532,0.0,0.0,0.0,67218,67235,67709,67226,0,67235,STANDBY
-0.029999999329447746,-0.09000000357627869,9.800000190734863,0.0,0.0,0.0,1008.6358032226562,38.130001068115234,0.15164008736610413,0.27712616324424744,0,0,0.0,0.0,0.0,0,0,-0.0031434064731001854,0.0,0.004181035794317722,-0.4941251873970032,0.0,0.0,0.0,67318,67335,67812,67330,0,67335,STANDBY
-0.03999999910593033,-0.10000000149011612,9.789999961853027,0.0,0.0,0.0,1008.6570434570312,38.130001068115234,0.1513066589832306,1.17081880569458,0,0,0.0,0.0,0.0,0,0,-0.0029602954164147377,0.0,0.004272591322660446,-0.4940641522407532,0.0,0.0,0.0,67418,67435,67915,67432,0,67435,STANDBY
-0.05999999865889549,-0.07000000029802322,9.789999961853027,0.0,0.0,0.0,1008.5682983398438,38.08000183105469,0.47862157225608826,1.2252806425094604,0,0,0.0,0.0,0.0,0,0,-0.0028382213786244392,0.0,0.004425183869898319,-0.4940336346626282,0.0,0.0,0.0,67518,67535,68001,67521,0,67535,STANDBY
0.0,-0.09000000357627869,9.8100004196167,0.0,0.0,0.0,1008.572509765625,38.06999969482422,0.7485439777374268,2.563612222671509,0,0,0.0,0.0,0.0,0,0,-0.002929776906967163,0.0,0.004119998775422573,-0.4940336346626282,0.0,0.0,0.0,67618,67635,68105,67621,0,67635,STANDBY
-0.07000000029802322,-0.07000000029802322,9.800000190734863,0.0,0.0,0.0,1008.5552978515625,38.06999969482422,0.8958842754364014,2.618532180786133,0,0,0.0,0.0,0.0,0,0,-0.0028077028691768646,0.0,0.004333628341555595,-0.4939725995063782,0.0,0.0,0.0,67718,67735,68207,67725,0,67735,STANDBY
-0.009999999776482582,-0.09000000357627869,9.800000190734863,0.0,0.0,0.0,1008.6414184570312,38.119998931884766,0.46067342162132263,-0.38212350010871887,0,0,0.0,0.0,0.0,0,0,-0.0028992583975195885,0.0,0.004303109832108021,-0.4938810467720032,0.0,0.0,0.0,67818,67835,68311,67827,0,67835,STANDBY
-0.05999999865889549,-0.07999999821186066,9.800000190734863,0.0,0.0,0.0,1008.6617431640625,38.130001068115234,0.17318624258041382,-2.873080015182495,0,0,0.0,0.0,0.0,0,0,-0.00277718435972929,0.0,0.004303109832108021,-0.4939115643501282,0.0,0.0,0.0,67918,67935,68414,67931,0,67935,STANDBY
-0.019999999552965164,-0.10000000149011612,9.800000190734863,0.0,0.0,0.0,1008.6673583984375,38.130001068115234,0.024216968566179276,-2.6168689727783203,0,0,0.0,0.0,0.0,0,0,-0.0028992583975195885,0.0,0.004211554303765297,-0.4938200116157532,0.0,0.0,0.0,68018,68035,68517,68034,0,68035,STANDBY
-0.05000000074505806,-0.09000000357627869,9.800000190734863,0.0,0.0,0.0,1008.6507568359375,38.130001068115234,0.08723151683807373,-1.0390613079071045,0,0,0.0,0.0,0.0,0,0,-0.0027466658502817154,0.0,0.004333628341555595,-0.4938200116157532,0.0,0.0,0.0,68118,68135,68603,68121,0,68135,STANDBY
-0.05000000074505806,-0.07999999821186066,9.8100004196167,0.0,0.0,0.0,1008.6549072265625,38.130001068115234,0.11341571062803268,0.18688347935676575,0,0,0.0,0.0,0.0,0,0,-0.0027466658502817154,0.0,0.004455702379345894,-0.4937284588813782,0.0,0.0,0.0,68218,68235,68707,68224,0,68235,STANDBY
-0.029999999329447746,-0.10999999940395355,9.8100004196167,0.0,0.0,0.0,1008.66796875,38.130001068115234,0.011827823705971241,-0.1841294765472412,0,0,0.0,0.0,0.0,0,0,-0.0030518509447574615,0.0,0.004272591322660446,-0.4938810467720032,0.0,0.0,0.0,68318,68335,68810,68327,0,68335,STANDBY
-0.03999999910593033,-0.09000000357627869,9.789999961853027,0.0,0.0,0.0,1008.6817016601562,38.130001068115234,-0.08700133115053177,-0.8376558423042297,0,0,0.0,0.0,0.0,0,0,-0.00277718435972929,0.0,0.004211554303765297,-0.4938810467720032,0.0,0.0,0.0,68418,68435,68914,68430,0,68435,STANDBY
-0.03999999910593033,-0.07999999821186066,9.800000190734863,0.0,0.0,0.0,1008.6286010742188,38.099998474121094,0.09205712378025055,-0.1592198759317398,0,0,0.0,0.0,0.0,0,0,-0.0029602954164147377,0.0,0.0042420728132128716,-0.4939115643501282,0.0,0.0,0.0,68518,68535,69016,68534,0,68535,STANDBY
-0.05000000074505806,-0.10000000149011612,9.789999961853027,0.0,0.0,0.0,1008.5437622070312,38.060001373291016,0.74173903465271,3.0027477741241455,0,0,0.0,0.0,0.0,0,0,-0.002929776906967163,0.0,0.004394665360450745,-0.4939115643501282,0.0,0.0,0.0,68618,68635,69103,68621,0,68635,STANDBY
-0.05000000074505806,-0.09000000357627869,9.800000190734863,0.0,0.0,0.0,1008.5635375976562,38.06999969482422,0.8477373719215393,3.9781477451324463,0,0,0.0,0.0,0.0,0,0,-0.0028382213786244392,0.0,0.004394665360450745,-0.4938810467720032,0.0,0.0,0.0,68718,68736,69206,68723,0,68736,STANDBY
-0.05000000074505806,-0.09000000357627869,9.800000190734863,0.0,0.0,0.0,1008.66455078125,38.130001068115234,0.27662912011146545,-0.5444036722183228,0,0,0.0,0.0,0.0,0,0,-0.002929776906967163,0.0,0.004394665360450745,-0.4939725995063782,0.0,0.0,0.0,68818,68836,69309,68826,0,68836,STANDBY
-0.03999999910593033,-0.07000000029802322,9.789999961853027,0.0,0.0,0.0,1008.6630249023438,38.13999938964844,0.056303005665540695,-3.3723301887512207,0,0,0.0,0.0,0.0,0,0,-0.002685628831386566,0.0,0.004516739398241043,-0.4939420819282532,0.0,0.0,0.0,68918,68936,69411,68929,0,68936,STANDBY
-0.03999999910593033,-0.07999999821186066,9.800000190734863,0.0,0.0,0.0,1008.6732788085938,38.13999938964844,-0.03829507902264595,-2.2098987102508545,0,0,0.0,0.0,0.0,0,0,-0.002929776906967163,0.0,0.004333628341555595,-0.4940031170845032,0.0,0.0,0.0,69018,69036,69515,69032,0,69036,STANDBY
-0.03999999910593033,-0.10999999940395355,9.800000190734863,0.0,0.0,0.0,1008.6596069335938,38.13999938964844,-0.005898274481296539,-0.7479473948478699,0,0,0.0,0.0,0.0,0,0,-0.0028992583975195885,0.0,0.004455702379345894,-0.4940031170845032,0.0,0.0,0.0,69118,69136,69618,69135,0,69136,STANDBY
-0.05000000074505806,-0.05999999865889549,9.800000190734863,0.0,0.0,0.0,1008.6671142578125,38.13999938964844,0.019441045820713043,0.13133668899536133,0,0,0.0,0.0,0.0,0,0,-0.002929776906967163,0.0,0.00436414685100317,-0.4940336346626282,0.0,0.0,0.0,69218,69236,69704,69221,0,69236,STANDBY
-0.019999999552965164,-0.09000000357627869,9.789999961853027,0.0,0.0,0.0,1008.6603393554688,38.13999938964844,0.06320124119520187,0.4240022897720337,0,0,0.0,0.0,0.0,0,0,-0.0028992583975195885,0.0,0.004394665360450745,-0.4939420819282532,0.0,0.0,0.0,69318,69336,69807,69323,0,69336,STANDBY
-0.03999999910593033,-0.07999999821186066,9.789999961853027,0.0,0.0,0.0,1008.6705322265625,38.13999938964844,-0.04703740030527115,-0.26979708671569824,0,0,0.0,0.0,0.0,0,0,-0.0027466658502817154,0.0,0.0044862208887934685,-0.4939115643501282,0.0,0.0,0.0,69419,69436,69910,69430,0,69436,STANDBY
-0.05999999865889549,-0.09000000357627869,9.8100004196167,0.0,0.0,0.0,1008.6065673828125,38.11000061035156,0.24238444864749908,0.3229867219924927,0,0,0.0,0.0,0.0,0,0,-0.0028077028691768646,0.0,0.004333628341555595,-0.4938810467720032,0.0,0.0,0.0,69519,69536,70012,69529,0,69536,STANDBY
-0.03999999910593033,-0.09000000357627869,9.800000190734863,0.0,0.0,0.0,1008.5928955078125,38.08000183105469,0.5926018953323364,2.731879711151123,0,0,0.0,0.0,0.0,0,0,-0.002685628831386566,0.0,0.00436414685100317,-0.4939725995063782,0.0,0.0,0.0,69619,69636,70116,69633,0,69636,STANDBY
-0.029999999329447746,-0.07000000029802322,9.789999961853027,0.0,0.0,0.0,1008.5819702148438,38.08000183105469,0.6966519355773926,2.7142467498779297,0,0,0.0,0.0,0.0,0,0,-0.0028382213786244392,0.0,0.004303109832108021,-0.4939725995063782,0.0,0.0,0.0,69719,69736,70218,69736,0,69736,STANDBY
-0.05000000074505806,-0.09000000357627869,9.800000190734863,0.0,0.0,0.0,1008.6439208984375,38.130001068115234,0.3549237549304962,-0.2956421375274658,0,0,0.0,0.0,0.0,0,0,-0.0028992583975195885,0.0,0.004425183869898319,-0.4939725995063782,0.0,0.0,0.0,69819,69836,70304,69822,0,69836,STANDBY
-0.05000000074505806,-0.09000000357627869,9.800000190734863,0.0,0.0,0.0,1008.6603393554688,38.13999938964844,0.1407758742570877,-2.2528443336486816,0,0,0.0,0.0,0.0,0,0,-0.002868739888072014,0.0,0.00436414685100317,-0.4940336346626282,0.0,0.0,0.0,69919,69936,70408,69924,0,69936,STANDBY
-0.019999999552965164,-0.09000000357627869,9.800000190734863,0.0,0.0,0.0,1008.6802368164062,38.13999938964844,-0.060318123549222946,-2.2679381370544434,0,0,0.0,0.0,0.0,0,0,-0.002868739888072014,0.0,0.004333628341555595,-0.4939725995063782,0.0,0.0,0.0,70019,70036,70511,70028,0,70036,STANDBY
-0.07000000029802322,-0.07000000029802322,9.8100004196167,0.0,0.0,0.0,1008.6808471679688,38.13999938964844,-0.10132527351379395,-1.4796301126480103,0,0,0.0,0.0,0.0,0,0,-0.00277718435972929,0.0,0.004608294926583767,-0.4939115643501282,0.0,0.0,0.0,70119,70136,70614,70131,0,70136,STANDBY
-0.029999999329447746,-0.10000000149011612,9.800000190734863,0.0,0.0,0.0,1008.6781005859375,38.13999938964844,-0.10820116102695465,-0.5385432839393616,0,0,0.0,0.0,0.0,0,0,-0.0028077028691768646,0.0,0.004547257907688618,-0.4938505291938782,0.0,0.0,0.0,70219,70236,70717,70234,0,70236,STANDBY
-0.029999999329447746,-0.07000000029802322,9.800000190734863,0.0,0.0,0.0,1008.6890869140625,38.150001525878906,-0.18028244376182556,-0.4345787763595581,0,0,0.0,0.0,0.0,0,0,-0.0027466658502817154,0.0,0.004394665360450745,-0.4938810467720032,0.0,0.0,0.0,70319,70336,70803,70322,0,70336,STANDBY
-0.05999999865889549,-0.05999999865889549,9.800000190734863,0.0,0.0,0.0,1008.6986083984375,38.13999938964844,-0.17795638740062714,-0.21347393095493317,0,0,0.0,0.0,0.0,0,0,-0.0028077028691768646,0.0,0.004394665360450745,-0.4938810467720032,0.0,0.0,0.0,70419,70436,70905,70422,0,70436,STANDBY
-0.019999999552965164,-0.11999999731779099,9.800000190734863,0.0,0.0,0.0,1008.57861328125,38.09000015258789,0.3198360204696655,1.4593780040740967,0,0,0.0,0.0,0.0,0,0,-0.0029908139258623123,0.0,0.004608294926583767,-0.4938810467720032,0.0,0.0,0.0,70519,70536,71009,70525,0,70536,STANDBY
-0.05000000074505806,-0.09000000357627869,9.800000190734863,0.0,0.0,0.0,1008.5448608398438,38.08000183105469,0.8407738208770752,4.144116401672363,0,0,0.0,0.0,0.0,0,0,-0.0028992583975195885,0.0,0.004425183869898319,-0.4939725995063782,0.0,0.0,0.0,70619,70636,71111,70629,0,70636,STANDBY
-0.05000000074505806,-0.07000000029802322,9.8100004196167,0.0,0.0,0.0,1008.5592041015625,38.08000183105469,0.9172027111053467,3.8158388137817383,0,0,0.0,0.0,0.0,0,0,-0.003082369454205036,0.0,0.004333628341555595,-0.4939725995063782,0.0,0.0,0.0,70719,70736,71215,70731,0,70736,STANDBY
-0.009999999776482582,-0.10000000149011612,9.789999961853027,0.0,0.0,0.0,1008.64453125,38.130001068115234,0.4102243483066559,-0.6258689761161804,0,0,0.0,0.0,0.0,0,0,-0.0028382213786244392,0.0,0.004303109832108021,-0.4939420819282532,0.0,0.0,0.0,70819,70836,71318,70835,0,70836,STANDBY
-0.05999999865889549,-0.07999999821186066,9.8100004196167,0.0,0.0,0.0,1008.6568603515625,38.13999938964844,0.1381220817565918,-3.322099208831787,0,0,0.0,0.0,0.0,0,0,-0.002929776906967163,0.0,0.004272591322660446,-0.4939115643501282,0.0,0.0,0.0,70920,70936,71404,70923,0,70936,STANDBY
-0.029999999329447746,-0.10000000149011612,9.800000190734863,0.0,0.0,0.0,1008.67529296875,38.150001525878906,-0.0052326396107673645,-2.4989476203918457,0,0,0.0,0.0,0.0,0,0,-0.002929776906967163,0.0,0.004272591322660446,-0.4939725995063782,0.0,0.0,0.0,71020,71036,71506,71023,0,71036,STANDBY
-0.05000000074505806,-0.07000000029802322,9.789999961853027,0.0,0.0,0.0,1008.68359375,38.13999938964844,-0.11316221207380295,-1.496274471282959,0,0,0.0,0.0,0.0,0,0,-0.0027161473408341408,0.0,0.004425183869898319,-0.4939725995063782,0.0,0.0,0.0,71120,71136,71610,71127,0,71136,STANDBY
-0.03999999910593033,-0.09000000357627869,9.800000190734863,0.0,0.0,0.0,1008.6781005859375,38.13999938964844,-0.12216541171073914,-0.8715577125549316,0,0,0.0,0.0,0.0,0,0,-0.002868739888072014,0.0,0.004455702379345894,-0.4939115643501282,0.0,0.0,0.0,71220,71236,71712,71230,0,71236,STANDBY
-0.03999999910593033,-0.10000000149011612,9.8100004196167,0.0,0.0,0.0,1008.6924438476562,38.150001525878906,-0.1626889556646347,-0.3134723901748657,0,0,0.0,0.0,0.0,0,0,-0.0028077028691768646,0.0,0.004577776417136192,-0.4939725995063782,0.0,0.0,0.0,71320,71336,71816,71332,0,71336,STANDBY
-0.05000000074505806,-0.07999999821186066,9.8100004196167,0.0,0.0,0.0,1008.6994018554688,38.150001525878906,-0.24601083993911743,-0.49299174547195435,0,0,0.0,0.0,0.0,0,0,-0.0028077028691768646,0.0,0.004455702379345894,-0.4939420819282532,0.0,0.0,0.0,71420,71436,71902,71418,0,71436,STANDBY
-0.029999999329447746,-0.09000000357627869,9.800000190734863,0.0,0.0,0.0,1008.6525268554688,38.11000061035156,-0.06923878192901611,-0.03677165508270264,0,0,0.0,0.0,0.0,0,0,-0.0031128879636526108,0.0,0.004303109832108021,-0.4940336346626282,0.0,0.0,0.0,71520,71536,72004,71523,0,71536,STANDBY
-0.05000000074505806,-0.09000000357627869,9.800000190734863,0.0,0.0,0.0,1008.5703735351562,38.06999969482422,0.5865491628646851,3.1506125926971436,0,0,0.0,0.0,0.0,0,0,-0.002929776906967163,0.0,0.0044862208887934685,-0.4940031170845032,0.0,0.0,0.0,71620,71636,72108,71624,0,71636,STANDBY
-0.03999999910593033,-0.07999999821186066,9.8100004196167,0.0,0.0,0.0,1008.5997924804688,38.08000183105469,0.6071008443832397,3.7007269859313965,0,0,0.0,0.0,0.0,0,0,-0.002929776906967163,0.0,0.004455702379345894,-0.4940031170845032,0.0,0.0,0.0,71720,71736,72211,71728,0,71736,STANDBY
-0.029999999329447746,-0.07999999821186066,9.8100004196167,0.0,0.0,0.0,1008.6864013671875,38.13999938964844,0.07395550608634949,-0.9111796021461487,0,0,0.0,0.0,0.0,0,0,-0.0027161473408341408,0.0,0.004425183869898319,-0.4938505291938782,0.0,0.0,0.0,71820,71836,72313,71830,0,71836,STANDBY
-0.05000000074505806,-0.07999999821186066,9.819999694824219,0.0,0.0,0.0,1008.6890869140625,38.150001525878906,-0.14339570701122284,-3.3132781982421875,0,0,0.0,0.0,0.0,0,0,-0.0026551103219389915,0.0,0.004455702379345894,-0.4938505291938782,0.0,0.0,0.0,71920,71936,72417,71933,0,71936,STANDBY
-0.03999999910593033,-0.07999999821186066,9.819999694824219,0.0,0.0,0.0,1008.686279296875,38.150001525878906,-0.1795549988746643,-1.9666839838027954,0,0,0.0,0.0,0.0,0,0,-0.0027161473408341408,0.0,0.00436414685100317,-0.4938810467720032,0.0,0.0,0.0,72020,72036,72503,72019,0,72036,STANDBY
-0.03999999910593033,-0.09000000357627869,9.8100004196167,0.0,0.0,0.0,1008.6924438476562,38.150001525878906,-0.2398582398891449,-0.8232089281082153,0,0,0.0,0.0,0.0,0,0,-0.0027466658502817154,0.0,0.004455702379345894,-0.4938200116157532,0.0,0.0,0.0,72120,72136,72605,72123,0,72136,STANDBY
-0.03999999910593033,-0.09000000357627869,9.8100004196167,0.0,0.0,0.0,1008.6986083984375,38.13999938964844,-0.23693221807479858,-0.3045247495174408,0,0,0.0,0.0,0.0,0,0,-0.002929776906967163,0.0,0.004425183869898319,-0.4939725995063782,0.0,0.0,0.0,72220,72236,72709,72225,0,72236,STANDBY
-0.05000000074505806,-0.10000000149011612,9.8100004196167,0.0,0.0,0.0,1008.6972045898438,38.150001525878906,-0.2431943714618683,-0.01431453786790371,0,0,0.0,0.0,0.0,0,0,-0.002868739888072014,0.0,0.004577776417136192,-0.4939725995063782,0.0,0.0,0.0,72320,72336,72811,72329,0,72336,STANDBY
-0.05000000074505806,-0.07999999821186066,9.8100004196167,0.0,0.0,0.0,1008.686279296875,38.150001525878906,-0.22675453126430511,-0.09694299101829529,0,0,0.0,0.0,0.0,0,0,-0.003082369454205036,0.0,0.004516739398241043,-0.4940336346626282,0.0,0.0,0.0,72420,72436,72914,72432,0,72436,STANDBY
-0.03999999910593033,-0.10000000149011612,9.8100004196167,0.0,0.0,0.0,1008.62841796875,38.11000061035156,0.05476032942533493,0.8427211046218872,0,0,0.0,0.0,0.0,0,0,-0.002929776906967163,0.0,0.004547257907688618,-0.4940031170845032,0.0,0.0,0.0,72520,72536,73017,72535,0,72536,STANDBY
-0.05000000074505806,-0.07999999821186066,9.8100004196167,0.0,0.0,0.0,1008.57421875,38.09000015258789,0.562390923500061,3.2509560585021973,0,0,0.0,0.0,0.0,0,0,-0.002929776906967163,0.0,0.004577776417136192,-0.4940336346626282,0.0,0.0,0.0,72620,72636,73103,72623,0,72636,STANDBY
-0.05000000074505806,-0.07999999821186066,9.8100004196167,0.0,0.0,0.0,1008.5820922851562,38.09000015258789,0.7310196161270142,3.792490005493164,0,0,0.0,0.0,0.0,0,0,-0.0029908139258623123,0.0,0.004577776417136192,-0.4940336346626282,0.0,0.0,0.0,72720,72736,73206,72723,0,72736,STANDBY
-0.03999999910593033,-0.10000000149011612,9.819999694824219,0.0,0.0,0.0,1008.6630249023438,38.13999938964844,0.2749144732952118,0.04785686731338501,0,0,0.0,0.0,0.0,0,0,-0.0030518509447574615,0.0,0.004455702379345894,-0.4941251873970032,0.0,0.0,0.0,72820,72836,73309,72825,0,72836,STANDBY
-0.05999999865889549,-0.07000000029802322,9.8100004196167,0.0,0.0,0.0,1008.6799926757812,38.150001525878906,-9.550899267196655e-05,-2.9509921073913574,0,0,0.0,0.0,0.0,0,0,-0.0028382213786244392,0.0,0.004394665360450745,-0.4940946698188782,0.0,0.0,0.0,72920,72936,73412,72929,0,72936,STANDBY
-0.03999999910593033,-0.09000000357627869,9.8100004196167,0.0,0.0,0.0,1008.6806030273438,38.150001525878906,-0.10298235714435577,-2.3965091705322266,0,0,0.0,0.0,0.0,0,0,-0.0028992583975195885,0.0,0.00436414685100317,-0.4940946698188782,0.0,0.0,0.0,73020,73036,73515,73032,0,73036,STANDBY
-0.03999999910593033,-0.09000000357627869,9.800000190734863,0.0,0.0,0.0,1008.6978149414062,38.150001525878906,-0.23691919445991516,-1.5121855735778809,0,0,0.0,0.0,0.0,0,0,-0.0028077028691768646,0.0,0.004303109832108021,-0.4940946698188782,0.0,0.0,0.0,73120,73136,73618,73135,0,73136,STANDBY
-0.029999999329447746,-0.07999999821186066,9.819999694824219,0.0,0.0,0.0,1008.708740234375,38.15999984741211,-0.3077400028705597,-1.0595089197158813,0,0,0.0,0.0,0.0,0,0,-0.0029602954164147377,0.0,0.004181035794317722,-0.4940946698188782,0.0,0.0,0.0,73220,73236,73704,73223,0,73236,STANDBY
-0.05000000074505806,-0.10000000149011612,9.8100004196167,0.0,0.0,0.0,1008.7012329101562,38.150001525878906,-0.2736700177192688,-0.332078218460083,0,0,0.0,0.0,0.0,0,0,-0.0029602954164147377,0.0,0.004272591322660446,-0.4940641522407532,0.0,0.0,0.0,73320,73336,73806,73324,0,73336,STANDBY
-0.05000000074505806,-0.07999999821186066,9.8100004196167,0.0,0.0,0.0,1008.6943969726562,38.150001525878906,-0.24177980422973633,0.14546671509742737,0,0,0.0,0.0,0.0,0,0,-0.0028992583975195885,0.0,0.004333628341555595,-0.4940641522407532,0.0,0.0,0.0,73420,73436,73910,73432,0,73436,STANDBY
-0.05999999865889549,-0.07999999821186066,9.800000190734863,0.0,0.0,0.0,1008.6278076171875,38.11000061035156,0.07642314583063126,1.1160273551940918,0,0,0.0,0.0,0.0,0,0,-0.00277718435972929,0.0,0.0044862208887934685,-0.4939420819282532,0.0,0.0,0.0,73520,73536,74013,73530,0,73536,STANDBY
-0.05000000074505806,-0.09000000357627869,9.800000190734863,0.0,0.0,0.0,1008.6060791015625,38.09000015258789,0.4039076268672943,2.7673680782318115,0,0,0.0,0.0,0.0,0,0,-0.00277718435972929,0.0,0.004516739398241043,-0.4939725995063782,0.0,0.0,0.0,73620,73636,74116,73633,0,73636,STANDBY
-0.03999999910593033,-0.07999999821186066,9.8100004196167,0.0,0.0,0.0,1008.6060791015625,38.09000015258789,0.4760068655014038,2.444324016571045,0,0,0.0,0.0,0.0,0,0,-0.0027161473408341408,0.0,0.0044862208887934685,-0.4939115643501282,0.0,0.0,0.0,73720,73736,74202,73718,0,73736,STANDBY
-0.03999999910593033,-0.07999999821186066,9.800000190734863,0.0,0.0,0.0,1008.669677734375,38.150001525878906,0.13002216815948486,-0.3839946389198303,0,0,0.0,0.0,0.0,0,0,-0.0028077028691768646,0.0,0.004455702379345894,-0.4939115643501282,0.0,0.0,0.0,73821,73836,74305,73824,0,73836,STANDBY
-0.03999999910593033,-0.07999999821186066,9.8100004196167,0.0,0.0,0.0,1008.6881103515625,38.15999984741211,-0.04664430394768715,-2.0194106101989746,0,0,0.0,0.0,0.0,0,0,-0.0028382213786244392,0.0,0.004425183869898319,-0.4939420819282532,0.0,0.0,0.0,73921,73936,74407,73924,0,73936,STANDBY
-0.05000000074505806,-0.07999999821186066,9.800000190734863,0.0,0.0,0.0,1008.7066650390625,38.15999984741211,-0.23722082376480103,-1.9624030590057373,0,0,0.0,0.0,0.0,0,0,-0.0028077028691768646,0.0,0.004394665360450745,-0.4939115643501282,0.0,0.0,0.0,74021,74036,74511,74028,0,74036,STANDBY
-0.03999999910593033,-0.10000000149011612,9.8100004196167,0.0,0.0,0.0,1008.68603515625,38.15999984741211,-0.17799054086208344,-1.0811288356781006,0,0,0.0,0.0,0.0,0,0,-0.003021332435309887,0.0,0.004181035794317722,-0.4940641522407532,0.0,0.0,0.0,74121,74136,74613,74131,0,74136,STANDBY
-0.05999999865889549,-0.07000000029802322,9.800000190734863,0.0,0.0,0.0,1008.67919921875,38.15999984741211,-0.11272982507944107,0.2049669474363327,0,0,0.0,0.0,0.0,0,0,-0.0027161473408341408,0.0,0.00436414685100317,-0.4939420819282532,0.0,0.0,0.0,74221,74236,74717,74233,0,74236,STANDBY
-0.03999999910593033,-0.09000000357627869,9.800000190734863,0.0,0.0,0.0,1008.6813354492188,38.15999984741211,-0.13892894983291626,0.19321322441101074,0,0,0.0,0.0,0.0,0,0,-0.002929776906967163,0.0,0.004394665360450745,-0.4939725995063782,0.0,0.0,0.0,74321,74336,74803,74319,0,74336,STANDBY
-0.05000000074505806,-0.07999999821186066,9.8100004196167,0.0,0.0,0.0,1008.6895141601562,38.15999984741211,-0.18007855117321014,-0.22886765003204346,0,0,0.0,0.0,0.0,0,0,-0.0028382213786244392,0.0,0.004394665360450745,-0.4940031170845032,0.0,0.0,0.0,74421,74436,74906,74424,0,74436,STANDBY
-0.05999999865889549,-0.07999999821186066,9.8100004196167,0.0,0.0,0.0,1008.6248168945312,38.119998931884766,0.10576872527599335,0.664533257484436,0,0,0.0,0.0,0.0,0,0,-0.0028992583975195885,0.0,0.004394665360450745,-0.4940031170845032,0.0,0.0,0.0,74521,74536,75009,74525,0,74536,STANDBY
-0.029999999329447746,-0.10000000149011612,9.819999694824219,0.0,0.0,0.0,1008.5902099609375,38.099998474121094,0.5050301551818848,2.789038896560669,0,0,0.0,0.0,0.0,0,0,-0.0030518509447574615,0.0,0.004303109832108021,-0.4940336346626282,0.0,0.0,0.0,74621,74636,75112,74629,0,74636,STANDBY
-0.05000000074505806,-0.07999999821186066,9.8100004196167,0.0,0.0,0.0,1008.57861328125,38.08000183105469,0.6920567750930786,3.2125542163848877,0,0,0.0,0.0,0.0,0,0,-0.002868739888072014,0.0,0.004425183869898319,-0.4939725995063782,0.0,0.0,0.0,74721,74736,75214,74732,0,74736,STANDBY
-0.03999999910593033,-0.09000000357627869,9.819999694824219,0.0,0.0,0.0,1008.6771850585938,38.150001525878906,0.1735580414533615,-0.3094741106033325,0,0,0.0,0.0,0.0,0,0,-0.0028992583975195885,0.0,0.00436414685100317,-0.4939115643501282,0.0,0.0,0.0,74821,74836,75318,74834,0,74836,STANDBY
-0.05000000074505806,-0.10000000149011612,9.819999694824219,0.0,0.0,0.0,1008.7066650390625,38.15999984741211,-0.22347590327262878,-3.691423177719116,0,0,0.0,0.0,0.0,0,0,-0.0028992583975195885,0.0,0.0044862208887934685,-0.4939115643501282,0.0,0.0,0.0,74921,74936,75404,74920,0,74936,STANDBY
-0.05000000074505806,-0.07999999821186066,9.8100004196167,0.0,0.0,0.0,1008.6785278320312,38.15999984741211,-0.15764206647872925,-2.452195644378662,0,0,0.0,0.0,0.0,0,0,-0.002868739888072014,0.0,0.004669331945478916,-0.4939115643501282,0.0,0.0,0.0,75021,75036,75507,75024,0,75036,STANDBY
-0.03999999910593033,-0.07999999821186066,9.819999694824219,0.0,0.0,0.0,1008.693603515625,38.15999984741211,-0.1768704652786255,-0.28057998418807983,0,0,0.0,0.0,0.0,0,0,-0.002868739888072014,0.0,0.004608294926583767,-0.4939115643501282,0.0,0.0,0.0,75121,75136,75610,75126,0,75136,STANDBY
-0.05000000074505806,-0.09000000357627869,9.8100004196167,0.0,0.0,0.0,1008.68603515625,38.15999984741211,-0.17348110675811768,-0.04301519691944122,0,0,0.0,0.0,0.0,0,0,-0.002929776906967163,0.0,0.004516739398241043,-0.4939725995063782,0.0,0.0,0.0,75222,75236,75713,75230,0,75236,STANDBY
-0.05000000074505806,-0.07999999821186066,9.800000190734863,0.0,0.0,0.0,1008.693603515625,38.15999984741211,-0.23919948935508728,-0.35832303762435913,0,0,0.0,0.0,0.0,0,0,-0.0028077028691768646,0.0,0.0046388134360313416,-0.4939115643501282,0.0,0.0,0.0,75322,75336,75815,75333,0,75336,STANDBY
-0.03999999910593033,-0.10000000149011612,9.8100004196167,0.0,0.0,0.0,1008.7079467773438,38.16999816894531,-0.30920135974884033,-0.5593678951263428,0,0,0.0,0.0,0.0,0,0,-0.002929776906967163,0.0,0.004608294926583767,-0.4940031170845032,0.0,0.0,0.0,75422,75436,75901,75418,0,75436,STANDBY
-0.05000000074505806,-0.07999999821186066,9.800000190734863,0.0,0.0,0.0,1008.6295166015625,38.130001068115234,0.018357664346694946,0.5893197059631348,0,0,0.0,0.0,0.0,0,0,-0.0028077028691768646,0.0,0.004608294926583767,-0.4939725995063782,0.0,0.0,0.0,75522,75536,76005,75525,0,75536,STANDBY
-0.03999999910593033,-0.07999999821186066,9.8100004196167,0.0,0.0,0.0,1008.5840454101562,38.099998474121094,0.5107495784759521,3.2364583015441895,0,0,0.0,0.0,0.0,0,0,-0.0027161473408341408,0.0,0.0044862208887934685,-0.4938810467720032,0.0,0.0,0.0,75622,75636,76108,75625,0,75636,STANDBY
-0.03999999910593033,-0.07999999821186066,9.829999923706055,0.0,0.0,0.0,1008.5840454101562,38.099998474121094,0.6477313041687012,3.5359091758728027,0,0,0.0,0.0,0.0,0,0,-0.0029602954164147377,0.0,0.0042420728132128716,-0.4940641522407532,0.0,0.0,0.0,75722,75736,76211,75728,0,75736,STANDBY
-0.03999999910593033,-0.07999999821186066,9.8100004196167,0.0,0.0,0.0,1008.6744384765625,38.15999984741211,0.13195101916790009,-0.4878390431404114,0,0,0.0,0.0,0.0,0,0,-0.0028382213786244392,0.0,0.0042420728132128716,-0.4940336346626282,0.0,0.0,0.0,75822,75836,76314,75831,0,75836,STANDBY
-0.03999999910593033,-0.09000000357627869,9.800000190734863,0.0,0.0,0.0,1008.69140625,38.16999816894531,-0.12351167947053909,-3.1498498916625977,0,0,0.0,0.0,0.0,0,0,-0.00277718435972929,0.0,0.0042420728132128716,-0.4940031170845032,0.0,0.0,0.0,75922,75936,76418,75934,0,75936,STANDBY
-0.029999999329447746,-0.07000000029802322,9.8100004196167,0.0,0.0,0.0,1008.6838989257812,38.16999816894531,-0.1782417893409729,-2.1474905014038086,0,0,0.0,0.0,0.0,0,0,-0.0027466658502817154,0.0,0.004272591322660446,-0.4939725995063782,0.0,0.0,0.0,76022,76036,76504,76020,0,76036,STANDBY
-0.05000000074505806,-0.09000000357627869,9.789999961853027,0.0,0.0,0.0,1008.666748046875,38.16999816894531,-0.031238561496138573,-0.11775362491607666,0,0,0.0,0.0,0.0,0,0,-0.00277718435972929,0.0,0.004425183869898319,-0.4939725995063782,0.0,0.0,0.0,76122,76136,76606,76125,0,76136,STANDBY
-0.05999999865889549,-0.09000000357627869,9.819999694824219,0.0,0.0,0.0,1008.6749267578125,38.16999816894531,-0.06301973760128021,0.5274560451507568,0,0,0.0,0.0,0.0,0,0,-0.00277718435972929,0.0,0.00436414685100317,-0.4939725995063782,0.0,0.0,0.0,76222,76236,76709,76226,0,76236,STANDBY
-0.029999999329447746,-0.10000000149011612,9.819999694824219,0.0,0.0,0.0,1008.6434326171875,38.16999816894531,0.11590657383203506,0.6326037049293518,0,0,0.0,0.0,0.0,0,0,-0.002868739888072014,0.0,0.004181035794317722,-0.4939115643501282,0.0,0.0,0.0,76322,76336,76813,76329,0,76336,STANDBY
-0.019999999552965164,-0.07000000029802322,9.8100004196167,0.0,0.0,0.0,1008.6674194335938,38.16999816894531,0.049247536808252335,0.6460020542144775,0,0,0.0,0.0,0.0,0,0,-0.002868739888072014,0.0,0.004272591322660446,-0.4939725995063782,0.0,0.0,0.0,76422,76436,76915,76435,0,76436,STANDBY
-0.05000000074505806,-0.07000000029802322,9.800000190734863,0.0,0.0,0.0,1008.59326171875,38.119998931884766,0.3232886791229248,0.6730287671089172,0,0,0.0,0.0,0.0,0,0,-0.0031128879636526108,0.0,0.004150517284870148,-0.4940946698188782,0.0,0.0,0.0,76522,76536,77019,76535,0,76536,STANDBY
-0.03999999910593033,-0.10999999940395355,9.8100004196167,0.0,0.0,0.0,1008.53857421875,38.11000061035156,0.8398306965827942,3.0301198959350586,0,0,0.0,0.0,0.0,0,0,-0.0029602954164147377,0.0,0.0042420728132128716,-0.4940031170845032,0.0,0.0,0.0,76622,76636,77105,76621,0,76636,STANDBY
-0.05999999865889549,-0.07000000029802322,9.8100004196167,0.0,0.0,0.0,1008.5357666015625,38.11000061035156,1.042109727859497,3.86505389213562,0,0,0.0,0.0,0.0,0,0,-0.0027161473408341408,0.0,0.00436414685100317,-0.4939420819282532,0.0,0.0,0.0,76722,76736,77208,76725,0,76736,STANDBY
-0.03999999910593033,-0.07999999821186066,9.8100004196167,0.0,0.0,0.0,1008.65576171875,38.15999984741211,0.4035295248031616,-0.44113898277282715,0,0,0.0,0.0,0.0,0,0,-0.0028992583975195885,0.0,0.004333628341555595,-0.4939420819282532,0.0,0.0,0.0,76822,76836,77310,76827,0,76836,STANDBY
-0.05999999865889549,-0.07999999821186066,9.8100004196167,0.0,0.0,0.0,1008.658447265625,38.16999816894531,0.14890487492084503,-3.6507036685943604,0,0,0.0,0.0,0.0,0,0,-0.002685628831386566,0.0,0.004516739398241043,-0.4939725995063782,0.0,0.0,0.0,76922,76936,77414,76931,0,76936,STANDBY
-0.03999999910593033,-0.07999999821186066,9.8100004196167,0.0,0.0,0.0,1008.6687622070312,38.16999816894531,0.03479442000389099,-2.513669013977051,0,0,0.0,0.0,0.0,0,0,-0.0028992583975195885,0.0,0.004333628341555595,-0.4939725995063782,0.0,0.0,0.0,77022,77036,77517,77034,0,77036,STANDBY
-0.05000000074505806,-0.07999999821186066,9.8100004196167,0.0,0.0,0.0,1008.6337280273438,38.16999816894531,0.17020155489444733,-0.5785419344902039,0,0,0.0,0.0,0.0,0,0,-0.002624591812491417,0.0,0.004547257907688618,-0.4938810467720032,0.0,0.0,0.0,77122,77136,77603,77120,0,77136,STANDBY
-0.03999999910593033,-0.07999999821186066,9.8100004196167,0.0,0.0,0.0,1008.6487426757812,38.18000030517578,0.15877830982208252,0.36628666520118713,0,0,0.0,0.0,0.0,0,0,-0.0026551103219389915,0.0,0.004394665360450745,-0.4937894940376282,0.0,0.0,0.0,77222,77236,77706,77225,0,77236,STANDBY
-0.029999999329447746,-0.07999999821186066,9.800000190734863,0.0,0.0,0.0,1008.6309204101562,38.16999816894531,0.22936749458312988,0.3596060872077942,0,0,0.0,0.0,0.0,0,0,-0.0025635547935962677,0.0,0.004425183869898319,-0.4937589764595032,0.0,0.0,0.0,77322,77336,77809,77326,0,77336,STANDBY
-0.05999999865889549,-0.07000000029802322,9.800000190734863,0.0,0.0,0.0,1008.6165771484375,38.16999816894531,0.35947734117507935,0.8063995838165283,0,0,0.0,0.0,0.0,0,0,-0.0026551103219389915,0.0,0.004516739398241043,-0.4938200116157532,0.0,0.0,0.0,77422,77436,77913,77433,0,77436,STANDBY
-0.019999999552965164,-0.10999999940395355,9.8100004196167,0.0,0.0,0.0,1008.557373046875,38.13999938964844,0.6740782260894775,1.7617509365081787,0,0,0.0,0.0,0.0,0,0,-0.003082369454205036,0.0,0.004211554303765297,-0.4939115643501282,0.0,0.0,0.0,77522,77536,78015,77533,0,77536,STANDBY
-0.05000000074505806,-0.07999999821186066,9.8100004196167,0.0,0.0,0.0,1008.5220336914062,38.11000061035156,1.1104367971420288,3.3986783027648926,0,0,0.0,0.0,0.0,0,0,-0.0027466658502817154,0.0,0.004333628341555595,-0.4938200116157532,0.0,0.0,0.0,77622,77636,78118,77635,0,77636,STANDBY
-0.029999999329447746,-0.07999999821186066,9.8100004196167,0.0,0.0,0.0,1008.515869140625,38.11000061035156,1.2207914590835571,3.1429617404937744,0,0,0.0,0.0,0.0,0,0,-0.003082369454205036,0.0,0.004150517284870148,-0.4938810467720032,0.0,0.0,0.0,77722,77736,78204,77721,0,77736,STANDBY
-0.05000000074505806,-0.09000000357627869,9.800000190734863,0.0,0.0,0.0,1008.6214599609375,38.15999984741211,0.6215758323669434,-1.0677690505981445,0,0,0.0,0.0,0.0,0,0,-0.003021332435309887,0.0,0.004211554303765297,-0.4939725995063782,0.0,0.0,0.0,77822,77836,78308,77826,0,77836,STANDBY
-0.05000000074505806,-0.07999999821186066,9.8100004196167,0.0,0.0,0.0,1008.6309204101562,38.16999816894531,0.38027775287628174,-3.5475854873657227,0,0,0.0,0.0,0.0,0,0,-0.003082369454205036,0.0,0.0042420728132128716,-0.4939725995063782,0.0,0.0,0.0,77922,77936,78411,77928,0,77936,STANDBY
-0.029999999329447746,-0.09000000357627869,9.800000190734863,0.0,0.0,0.0,1008.6453247070312,38.18000030517578,0.19453544914722443,-2.701897621154785,0,0,0.0,0.0,0.0,0,0,-0.0031128879636526108,0.0,0.0042420728132128716,-0.4939420819282532,0.0,0.0,0.0,78022,78036,78515,78031,0,78036,STANDBY
-0.03999999910593033,-0.09000000357627869,9.789999961853027,0.0,0.0,0.0,1008.65966796875,38.18000030517578,0.09123194962739944,-1.7193734645843506,0,0,0.0,0.0,0.0,0,0,-0.003021332435309887,0.0,0.004211554303765297,-0.4939420819282532,0.0,0.0,0.0,78123,78136,78618,78135,0,78136,STANDBY
-0.03999999910593033,-0.09000000357627869,9.789999961853027,0.0,0.0,0.0,1008.6425170898438,38.18000030517578,0.16877762973308563,-0.4544374346733093,0,0,0.0,0.0,0.0,0,0,-0.003082369454205036,0.0,0.0042420728132128716,-0.4939420819282532,0.0,0.0,0.0,78223,78236,78704,78221,0,78236,STANDBY
-0.05000000074505806,-0.07999999821186066,9.800000190734863,0.0,0.0,0.0,1008.6459350585938,38.18000030517578,0.16748672723770142,0.19166353344917297,0,0,0.0,0.0,0.0,0,0,-0.003082369454205036,0.0,0.00436414685100317,-0.4939725995063782,0.0,0.0,0.0,78323,78336,78808,78326,0,78336,STANDBY
-0.03999999910593033,-0.09000000357627869,9.800000190734863,0.0,0.0,0.0,1008.6294555664062,38.18000030517578,0.2620484232902527,0.4030662775039673,0,0,0.0,0.0,0.0,0,0,-0.0030518509447574615,0.0,0.004394665360450745,-0.4939115643501282,0.0,0.0,0.0,78423,78436,78911,78435,0,78436,STANDBY
-0.03999999910593033,-0.10000000149011612,9.789999961853027,0.0,0.0,0.0,1008.556884765625,38.130001068115234,0.666844367980957,1.8202838897705078,0,0,0.0,0.0,0.0,0,0,-0.003082369454205036,0.0,0.004333628341555595,-0.4939725995063782,0.0,0.0,0.0,78523,78536,79014,78531,0,78536,STANDBY
-0.05999999865889549,-0.05999999865889549,9.800000190734863,0.0,0.0,0.0,1008.510498046875,38.11000061035156,1.068629264831543,3.4261951446533203,0,0,0.0,0.0,0.0,0,0,-0.002929776906967163,0.0,0.00436414685100317,-0.4939420819282532,0.0,0.0,0.0,78623,78636,79118,78635,0,78636,STANDBY
-0.019999999552965164,-0.09000000357627869,9.800000190734863,0.0,0.0,0.0,1008.5302124023438,38.119998931884766,1.1197872161865234,2.7949821949005127,0,0,0.0,0.0,0.0,0,0,-0.002929776906967163,0.0,0.004211554303765297,-0.4939420819282532,0.0,0.0,0.0,78723,78736,79204,78721,0,78736,STANDBY
-0.07000000029802322,-0.05999999865889549,9.800000190734863,0.0,0.0,0.0,1008.63720703125,38.16999816894531,0.6126183271408081,-0.6059860587120056,0,0,0.0,0.0,0.0,0,0,-0.0027466658502817154,0.0,0.004272591322660446,-0.4939420819282532,0.0,0.0,0.0,78823,78836,79307,78826,0,78836,STANDBY
-0.019999999552965164,-0.10000000149011612,9.800000190734863,0.0,0.0,0.0,1008.6397705078125,38.18000030517578,0.30698952078819275,-3.3813812732696533,0,0,0.0,0.0,0.0,0,0,-0.0028077028691768646,0.0,0.004211554303765297,-0.4938505291938782,0.0,0.0,0.0,78923,78936,79411,78927,0,78936,STANDBY
-0.03999999910593033,-0.07999999821186066,9.800000190734863,0.0,0.0,0.0,1008.636962890625,38.18000030517578,0.2560243308544159,-2.565528392791748,0,0,0.0,0.0,0.0,0,0,-0.002471999265253544,0.0,0.00436414685100317,-0.4936979413032532,0.0,0.0,0.0,79023,79036,79514,79031,0,79036,STANDBY
-0.05999999865889549,-0.07999999821186066,9.800000190734863,0.0,0.0,0.0,1008.6465454101562,38.18000030517578,0.22535404562950134,-0.793114185333252,0,0,0.0,0.0,0.0,0,0,-0.0027161473408341408,0.0,0.004333628341555595,-0.4937589764595032,0.0,0.0,0.0,79123,79136,79617,79134,0,79136,STANDBY
-0.029999999329447746,-0.10000000149011612,9.800000190734863,0.0,0.0,0.0,1008.670654296875,38.18000030517578,0.05620181933045387,-0.8441368341445923,0,0,0.0,0.0,0.0,0,0,-0.0025025177747011185,0.0,0.004455702379345894,-0.4936368763446808,0.0,0.0,0.0,79223,79236,79703,79220,0,79236,STANDBY
-0.05000000074505806,-0.07000000029802322,9.800000190734863,0.0,0.0,0.0,1008.6568603515625,38.18000030517578,0.05165211856365204,-0.9937037229537964,0,0,0.0,0.0,0.0,0,0,-0.002624591812491417,0.0,0.004333628341555595,-0.4936368763446808,0.0,0.0,0.0,79323,79336,79806,79326,0,79336,STANDBY
-0.029999999329447746,-0.07999999821186066,9.8100004196167,0.0,0.0,0.0,1008.6643676757812,38.18000030517578,0.031237803399562836,-0.384234756231308,0,0,0.0,0.0,0.0,0,0,-0.0028992583975195885,0.0,0.004150517284870148,-0.4937589764595032,0.0,0.0,0.0,79423,79436,79909,79426,0,79436,STANDBY
-0.019999999552965164,-0.07999999821186066,9.789999961853027,0.0,0.0,0.0,1008.5881958007812,38.13999938964844,0.36305469274520874,0.8729589581489563,0,0,0.0,0.0,0.0,0,0,-0.0027466658502817154,0.0,0.004119998775422573,-0.4937894940376282,0.0,0.0,0.0,79523,79536,80013,79529,0,79536,STANDBY
-0.07000000029802322,-0.05999999865889549,9.800000190734863,0.0,0.0,0.0,1008.55908203125,38.119998931884766,0.7891187071800232,3.147369146347046,0,0,0.0,0.0,0.0,0,0,-0.0028077028691768646,0.0,0.004058961756527424,-0.4938810467720032,0.0,0.0,0.0,79624,79636,80116,79633,0,79636,STANDBY
0.0,-0.10000000149011612,9.789999961853027,0.0,0.0,0.0,1008.5574951171875,38.130001068115234,0.8542613983154297,2.905681848526001,0,0,0.0,0.0,0.0,0,0,-0.003021332435309887,0.0,0.0039674062281847,-0.4939420819282532,0.0,0.0,0.0,79724,79736,80202,79719,0,79736,STANDBY
-0.05999999865889549,-0.07999999821186066,9.8100004196167,0.0,0.0,0.0,1008.64794921875,38.189998626708984,0.37098824977874756,-0.8344050049781799,0,0,0.0,0.0,0.0,0,0,-0.002868739888072014,0.0,0.004119998775422573,-0.4939725995063782,0.0,0.0,0.0,79824,79836,80306,79822,0,79836,STANDBY
-0.05999999865889549,-0.07000000029802322,9.8100004196167,0.0,0.0,0.0,1008.658935546875,38.189998626708984,0.12353630363941193,-3.0518622398376465,0,0,0.0,0.0,0.0,0,0,-0.002929776906967163,0.0,0.004119998775422573,-0.4939420819282532,0.0,0.0,0.0,79924,79936,80409,79927,0,79936,STANDBY
-0.029999999329447746,-0.10999999940395355,9.8100004196167,0.0,0.0,0.0,1008.6698608398438,38.189998626708984,0.0014531351625919342,-2.311951160430908,0,0,0.0,0.0,0.0,0,0,-0.0027466658502817154,0.0,0.004211554303765297,-0.4938505291938782,0.0,0.0,0.0,80024,80036,80513,80029,0,80036,STANDBY
-0.07000000029802322,-0.07999999821186066,9.8100004196167,0.0,0.0,0.0,1008.6473388671875,38.18000030517578,0.07055474072694778,-0.8072346448898315,0,0,0.0,0.0,0.0,0,0,-0.0025635547935962677,0.0,0.00436414685100317,-0.4938810467720032,0.0,0.0,0.0,80124,80136,80616,80133,0,80136,STANDBY
-0.019999999552965164,-0.07999999821186066,9.8100004196167,0.0,0.0,0.0,1008.6529541015625,38.189998626708984,0.06926758587360382,0.04567578434944153,0,0,0.0,0.0,0.0,0,0,-0.00277718435972929,0.0,0.004181035794317722,-0.4937894940376282,0.0,0.0,0.0,80224,80236,80718,80236,0,80236,STANDBY
-0.05999999865889549,-0.07000000029802322,9.8100004196167,0.0,0.0,0.0,1008.6663818359375,38.189998626708984,0.009885314851999283,-0.10037960112094879,0,0,0.0,0.0,0.0,0,0,-0.0025940733030438423,0.0,0.00436414685100317,-0.4938505291938782,0.0,0.0,0.0,80324,80336,80805,80322,0,80336,STANDBY
-0.03999999910593033,-0.07999999821186066,9.8100004196167,0.0,0.0,0.0,1008.6570434570312,38.20000076293945,0.05126979202032089,-0.06854220479726791,0,0,0.0,0.0,0.0,0,0,-0.0027466658502817154,0.0,0.004211554303765297,-0.4937589764595032,0.0,0.0,0.0,80424,80437,80909,80428,0,80437,STANDBY
-0.029999999329447746,-0.09000000357627869,9.8100004196167,0.0,0.0,0.0,1008.627685546875,38.15999984741211,0.20852527022361755,0.6386401653289795,0,0,0.0,0.0,0.0,0,0,-0.0025940733030438423,0.0,0.004272591322660446,-0.4937284588813782,0.0,0.0,0.0,80524,80537,81011,80529,0,80537,STANDBY
-0.05000000074505806,-0.07999999821186066,9.800000190734863,0.0,0.0,0.0,1008.5384521484375,38.119998931884766,0.805666446685791,2.949038505554199,0,0,0.0,0.0,0.0,0,0,-0.00277718435972929,0.0,0.004333628341555595,-0.4938200116157532,0.0,0.0,0.0,80624,80637,81115,80631,0,80637,STANDBY
-0.029999999329447746,-0.09000000357627869,9.789999961853027,0.0,0.0,0.0,1008.5712280273438,38.119998931884766,0.8185548782348633,3.250828742980957,0,0,0.0,0.0,0.0,0,0,-0.002929776906967163,0.0,0.004058961756527424,-0.4939115643501282,0.0,0.0,0.0,80724,80737,81218,80735,0,80737,STANDBY
-0.05000000074505806,-0.07000000029802322,9.8100004196167,0.0,0.0,0.0,1008.6342163085938,38.189998626708984,0.4515118896961212,-0.3328721523284912,0,0,0.0,0.0,0.0,0,0,-0.002624591812491417,0.0,0.004150517284870148,-0.4938505291938782,0.0,0.0,0.0,80824,80837,81304,80821,0,80837,STANDBY
-0.05000000074505806,-0.07999999821186066,9.8100004196167,0.0,0.0,0.0,1008.6392211914062,38.189998626708984,0.29778560996055603,-2.1855318546295166,0,0,0.0,0.0,0.0,0,0,-0.0028077028691768646,0.0,0.004150517284870148,-0.4938200116157532,0.0,0.0,0.0,80924,80937,81408,80927,0,80937,STANDBY
-0.03999999910593033,-0.10000000149011612,9.800000190734863,0.0,0.0,0.0,1008.6638793945312,38.20000076293945,0.08393594622612,-2.07464861869812,0,0,0.0,0.0,0.0,0,0,-0.0025635547935962677,0.0,0.004394665360450745,-0.4936979413032532,0.0,0.0,0.0,81024,81037,81511,81028,0,81037,STANDBY
-0.05000000074505806,-0.07999999821186066,9.800000190734863,0.0,0.0,0.0,1008.6492309570312,38.189998626708984,0.1410239040851593,-1.098399043083191,0,0,0.0,0.0,0.0,0,0,-0.0027161473408341408,0.0,0.004394665360450745,-0.4937284588813782,0.0,0.0,0.0,81124,81137,81614,81131,0,81137,STANDBY
-0.03999999910593033,-0.10000000149011612,9.8100004196167,0.0,0.0,0.0,1008.6638793945312,38.20000076293945,0.046408072113990784,-0.3884018361568451,0,0,0.0,0.0,0.0,0,0,-0.002685628831386566,0.0,0.004516739398241043,-0.4936674237251282,0.0,0.0,0.0,81224,81238,81718,81234,0,81238,STANDBY
-0.05000000074505806,-0.09000000357627869,9.800000190734863,0.0,0.0,0.0,1008.6754760742188,38.20000076293945,-0.005811188369989395,-0.5743247270584106,0,0,0.0,0.0,0.0,0,0,-0.0028077028691768646,0.0,0.004516739398241043,-0.4936979413032532,0.0,0.0,0.0,81324,81338,81821,81338,0,81338,STANDBY
-0.03999999910593033,-0.09000000357627869,9.800000190734863,0.0,0.0,0.0,1008.6961059570312,38.20000076293945,-0.1421261429786682,-0.7642042636871338,0,0,0.0,0.0,0.0,0,0,-0.0029602954164147377,0.0,0.00436414685100317,-0.4937589764595032,0.0,0.0,0.0,81424,81438,81907,81427,0,81438,STANDBY
-0.029999999329447746,-0.07999999821186066,9.800000190734863,0.0,0.0,0.0,1008.596435546875,38.150001525878906,0.2816793918609619,0.5509934425354004,0,0,0.0,0.0,0.0,0,0,-0.0028992583975195885,0.0,0.00436414685100317,-0.4938200116157532,0.0,0.0,0.0,81524,81538,82010,81527,0,81538,STANDBY
-0.05000000074505806,-0.07000000029802322,9.789999961853027,0.0,0.0,0.0,1008.5718994140625,38.130001068115234,0.6973814964294434,3.341146945953369,0,0,0.0,0.0,0.0,0,0,-0.0028992583975195885,0.0,0.004333628341555595,-0.4937589764595032,0.0,0.0,0.0,81624,81638,82113,81630,0,81638,STANDBY
-0.029999999329447746,-0.10000000149011612,9.789999961853027,0.0,0.0,0.0,1008.5875244140625,38.13999938964844,0.6903796792030334,2.740115165710449,0,0,0.0,0.0,0.0,0,0,-0.00277718435972929,0.0,0.004272591322660446,-0.4936979413032532,0.0,0.0,0.0,81724,81738,82216,81733,0,81738,STANDBY
-0.05000000074505806,-0.07999999821186066,9.800000190734863,0.0,0.0,0.0,1008.6663818359375,38.189998626708984,0.2988876402378082,-0.6734586954116821,0,0,0.0,0.0,0.0,0,0,-0.002533036284148693,0.0,0.00436414685100317,-0.4936368763446808,0.0,0.0,0.0,81824,81838,82320,81837,0,81838,STANDBY
-0.019999999552965164,-0.09000000357627869,9.800000190734863,0.0,0.0,0.0,1008.7042846679688,38.209999084472656,-0.15996751189231873,-3.5097532272338867,0,0,0.0,0.0,0.0,0,0,-0.002868739888072014,0.0,0.004181035794317722,-0.4936063587665558,0.0,0.0,0.0,81924,81938,82406,81923,0,81938,STANDBY
-0.029999999329447746,-0.09000000357627869,9.800000190734863,0.0,0.0,0.0,1008.6754760742188,38.20000076293945,-0.08680245280265808,-2.6405091285705566,0,0,0.0,0.0,0.0,0,0,-0.0025940733030438423,0.0,0.004272591322660446,-0.4935453236103058,0.0,0.0,0.0,82024,82038,82509,82027,0,82038,STANDBY
-0.05999999865889549,-0.07000000029802322,9.8100004196167,0.0,0.0,0.0,1008.6652221679688,38.20000076293945,-0.0247177891433239,-0.1358940303325653,0,0,0.0,0.0,0.0,0,0,-0.002685628831386566,0.0,0.004211554303765297,-0.4935148060321808,0.0,0.0,0.0,82124,82138,82613,82129,0,82138,STANDBY
-0.019999999552965164,-0.10000000149011612,9.800000190734863,0.0,0.0,0.0,1008.6507568359375,38.20000076293945,0.1313028335571289,0.9095344543457031,0,0,0.0,0.0,0.0,0,0,-0.0028382213786244392,0.0,0.004058961756527424,-0.4934842884540558,0.0,0.0,0.0,82224,82238,82716,82233,0,82238,STANDBY
-0.05999999865889549,-0.07999999821186066,9.800000190734863,0.0,0.0,0.0,1008.67138671875,38.20000076293945,0.018877308815717697,0.4763438105583191,0,0,0.0,0.0,0.0,0,0,-0.002685628831386566,0.0,0.004272591322660446,-0.4935453236103058,0.0,0.0,0.0,82324,82338,82820,82336,0,82338,STANDBY
-0.019999999552965164,-0.09000000357627869,9.800000190734863,0.0,0.0,0.0,1008.6795043945312,38.209999084472656,-0.052300047129392624,-0.6138509511947632,0,0,0.0,0.0,0.0,0,0,-0.003021332435309887,0.0,0.004211554303765297,-0.4936063587665558,0.0,0.0,0.0,82424,82438,82906,82422,0,82438,STANDBY
-0.05000000074505806,-0.09000000357627869,9.8100004196167,0.0,0.0,0.0,1008.5695190429688,38.150001525878906,0.4355347454547882,1.0196027755737305,0,0,0.0,0.0,0.0,0,0,-0.002868739888072014,0.0,0.004425183869898319,-0.4935758411884308,0.0,0.0,0.0,82525,82538,83008,82528,0,82538,STANDBY
-0.03999999910593033,-0.10000000149011612,9.800000190734863,0.0,0.0,0.0,1008.5519409179688,38.130001068115234,0.8795544505119324,3.886532783508301,0,0,0.0,0.0,0.0,0,0,-0.0029908139258623123,0.0,0.0044862208887934685,-0.4935758411884308,0.0,0.0,0.0,82625,82638,83111,82628,0,82638,STANDBY
-0.05000000074505806,-0.09000000357627869,9.8100004196167,0.0,0.0,0.0,1008.5635375976562,38.13999938964844,0.8692187070846558,3.007032871246338,0,0,0.0,0.0,0.0,0,0,-0.0029908139258623123,0.0,0.004455702379345894,-0.4935758411884308,0.0,0.0,0.0,82725,82738,83215,82732,0,82738,STANDBY
-0.03999999910593033,-0.09000000357627869,9.8100004196167,0.0,0.0,0.0,1008.653564453125,38.20000076293945,0.33481693267822266,-1.3833026885986328,0,0,0.0,0.0,0.0,0,0,-0.0029908139258623123,0.0,0.004455702379345894,-0.4936063587665558,0.0,0.0,0.0,82825,82838,83317,82835,0,82838,STANDBY
-0.05000000074505806,-0.07000000029802322,9.800000190734863,0.0,0.0,0.0,1008.652099609375,38.209999084472656,0.16933539509773254,-3.1172420978546143,0,0,0.0,0.0,0.0,0,0,-0.0028992583975195885,0.0,0.004333628341555595,-0.4935453236103058,0.0,0.0,0.0,82925,82938,83421,82937,0,82938,STANDBY
-0.029999999329447746,-0.09000000357627869,9.8100004196167,0.0,0.0,0.0,1008.6618041992188,38.20000076293945,0.0634228065609932,-1.9376466274261475,0,0,0.0,0.0,0.0,0,0,-0.002929776906967163,0.0,0.004333628341555595,-0.4936368763446808,0.0,0.0,0.0,83025,83038,83507,83023,0,83038,STANDBY
-0.03999999910593033,-0.07999999821186066,9.800000190734863,0.0,0.0,0.0,1008.6439819335938,38.20000076293945,0.13094356656074524,-0.6265892386436462,0,0,0.0,0.0,0.0,0,0,-0.0028077028691768646,0.0,0.00436414685100317,-0.4936063587665558,0.0,0.0,0.0,83125,83138,83610,83128,0,83138,STANDBY
-0.05000000074505806,-0.07000000029802322,9.8100004196167,0.0,0.0,0.0,1008.6658325195312,38.209999084472656,0.0396542102098465,-0.18543696403503418,0,0,0.0,0.0,0.0,0,0,-0.0029602954164147377,0.0,0.0042420728132128716,-0.4936674237251282,0.0,0.0,0.0,83225,83238,83714,83230,0,83238,STANDBY
-0.019999999552965164,-0.10000000149011612,9.800000190734863,0.0,0.0,0.0,1008.7001342773438,38.209999084472656,-0.1603381186723709,-0.998606264591217,0,0,0.0,0.0,0.0,0,0,-0.0027466658502817154,0.0,0.00436414685100317,-0.4936368763446808,0.0,0.0,0.0,83325,83338,83816,83334,0,83338,STANDBY
-0.07000000029802322,-0.05999999865889549,9.800000190734863,0.0,0.0,0.0,1008.6905517578125,38.209999084472656,-0.1708473414182663,-1.0479665994644165,0,0,0.0,0.0,0.0,0,0,-0.0028077028691768646,0.0,0.004181035794317722,-0.4936674237251282,0.0,0.0,0.0,83425,83438,83919,83436,0,83438,STANDBY
-0.019999999552965164,-0.10000000149011612,9.789999961853027,0.0,0.0,0.0,1008.6281127929688,38.18000030517578,0.12406070530414581,0.5718510150909424,0,0,0.0,0.0,0.0,0,0,-0.0028077028691768646,0.0,0.004333628341555595,-0.4936674237251282,0.0,0.0,0.0,83525,83538,84005,83522,0,83538,STANDBY
-0.05999999865889549,-0.07999999821186066,9.789999961853027,0.0,0.0,0.0,1008.564208984375,38.13999938964844,0.6913830041885376,3.450397491455078,0,0,0.0,0.0,0.0,0,0,-0.0029908139258623123,0.0,0.004119998775422573,-0.4936674237251282,0.0,0.0,0.0,83625,83638,84109,83629,0,83638,STANDBY
-0.029999999329447746,-0.10000000149011612,9.789999961853027,0.0,0.0,0.0,1008.5779418945312,38.13999938964844,0.7699216604232788,3.6064453125,0,0,0.0,0.0,0.0,0,0,-0.0029602954164147377,0.0,0.004272591322660446,-0.4936674237251282,0.0,0.0,0.0,83725,83738,84212,83729,0,83738,STANDBY
-0.05000000074505806,-0.07000000029802322,9.8100004196167,0.0,0.0,0.0,1008.6754760742188,38.20000076293945,0.17026111483573914,-1.0317137241363525,0,0,0.0,0.0,0.0,0,0,-0.0029908139258623123,0.0,0.00436414685100317,-0.4936674237251282,0.0,0.0,0.0,83825,83838,84315,83831,0,83838,STANDBY
-0.05000000074505806,-0.10000000149011612,9.8100004196167,0.0,0.0,0.0,1008.6788940429688,38.20000076293945,-0.06634306162595749,-3.672816038131714,0,0,0.0,0.0,0.0,0,0,-0.0028382213786244392,0.0,0.004455702379345894,-0.4935758411884308,0.0,0.0,0.0,83926,83938,84418,83935,0,83938,STANDBY
-0.05000000074505806,-0.09000000357627869,9.789999961853027,0.0,0.0,0.0,1008.682373046875,38.20000076293945,-0.12882159650325775,-2.1906580924987793,0,0,0.0,0.0,0.0,0,0,-0.002685628831386566,0.0,0.0046388134360313416,-0.4935453236103058,0.0,0.0,0.0,84026,84038,84504,84021,0,84038,STANDBY
-0.05000000074505806,-0.09000000357627869,9.800000190734863,0.0,0.0,0.0,1008.6939697265625,38.209999084472656,-0.17231956124305725,-0.7677507400512695,0,0,0.0,0.0,0.0,0,0,-0.002868739888072014,0.0,0.004547257907688618,-0.4935453236103058,0.0,0.0,0.0,84126,84139,84608,84124,0,84139,STANDBY
-0.03999999910593033,-0.10000000149011612,9.800000190734863,0.0,0.0,0.0,1008.6727294921875,38.209999084472656,-0.12928937375545502,-0.23973551392555237,0,0,0.0,0.0,0.0,0,0,-0.0029908139258623123,0.0,0.004455702379345894,-0.4936063587665558,0.0,0.0,0.0,84226,84239,84711,84229,0,84239,STANDBY
-0.03999999910593033,-0.07999999821186066,9.8100004196167,0.0,0.0,0.0,1008.6961059570312,38.20000076293945,-0.20440280437469482,-0.1896974742412567,0,0,0.0,0.0,0.0,0,0,-0.0029908139258623123,0.0,0.00436414685100317,-0.4936674237251282,0.0,0.0,0.0,84326,84339,84814,84331,0,84339,STANDBY
-0.05000000074505806,-0.09000000357627869,9.800000190734863,0.0,0.0,0.0,1008.7008056640625,38.209999084472656,-0.26145538687705994,-0.4441746175289154,0,0,0.0,0.0,0.0,0,0,-0.00317392498254776,0.0,0.00436414685100317,-0.4937284588813782,0.0,0.0,0.0,84426,84439,84917,84438,0,84439,STANDBY
-0.029999999329447746,-0.09000000357627869,9.800000190734863,0.0,0.0,0.0,1008.5928955078125,38.150001525878906,0.25794363021850586,1.2960118055343628,0,0,0.0,0.0,0.0,0,0,-0.003265480510890484,0.0,0.004333628341555595,-0.4938200116157532,0.0,0.0,0.0,84526,84539,85020,84537,0,84539,STANDBY
-0.05999999865889549,-0.07999999821186066,9.800000190734863,0.0,0.0,0.0,1008.5675659179688,38.13999938964844,0.7067842483520508,4.083203315734863,0,0,0.0,0.0,0.0,0,0,-0.0031434064731001854,0.0,0.004425183869898319,-0.4938200116157532,0.0,0.0,0.0,84626,84639,85106,84623,0,84639,STANDBY
-0.019999999552965164,-0.09000000357627869,9.789999961853027,0.0,0.0,0.0,1008.5648193359375,38.13999938964844,0.7552611827850342,3.132519245147705,0,0,0.0,0.0,0.0,0,0,-0.003082369454205036,0.0,0.004333628341555595,-0.4938200116157532,0.0,0.0,0.0,84726,84739,85210,84729,0,84739,STANDBY
-0.03999999910593033,-0.09000000357627869,9.800000190734863,0.0,0.0,0.0,1008.6754760742188,38.20000076293945,0.22255823016166687,-0.9365466833114624,0,0,0.0,0.0,0.0,0,0,-0.0029908139258623123,0.0,0.004425183869898319,-0.4938200116157532,0.0,0.0,0.0,84826,84839,85313,84830,0,84839,STANDBY
-0.07000000029802322,-0.07000000029802322,9.800000190734863,0.0,0.0,0.0,1008.674072265625,38.209999084472656,-0.02933380752801895,-3.2706472873687744,0,0,0.0,0.0,0.0,0,0,-0.0028382213786244392,0.0,0.004547257907688618,-0.4937894940376282,0.0,0.0,0.0,84926,84939,85415,84932,0,84939,STANDBY
-0.029999999329447746,-0.09000000357627869,9.789999961853027,0.0,0.0,0.0,1008.677490234375,38.209999084472656,-0.09719303995370865,-2.312378406524658,0,0,0.0,0.0,0.0,0,0,-0.002929776906967163,0.0,0.004333628341555595,-0.4937894940376282,0.0,0.0,0.0,85026,85039,85519,85036,0,85039,STANDBY
-0.05999999865889549,-0.07000000029802322,9.800000190734863,0.0,0.0,0.0,1008.677490234375,38.209999084472656,-0.11736080050468445,-0.8307185769081116,0,0,0.0,0.0,0.0,0,0,-0.0028382213786244392,0.0,0.004394665360450745,-0.4938505291938782,0.0,0.0,0.0,85126,85139,85605,85122,0,85139,STANDBY
-0.05999999865889549,-0.07000000029802322,9.800000190734863,0.0,0.0,0.0,1008.6624755859375,38.209999084472656,-0.009199364110827446,0.18292438983917236,0,0,0.0,0.0,0.0,0,0,-0.0028077028691768646,0.0,0.0044862208887934685,-0.4937894940376282,0.0,0.0,0.0,85226,85239,85708,85225,0,85239,STANDBY
0.0,-0.11999999731779099,9.8100004196167,0.0,0.0,0.0,1008.6493530273438,38.209999084472656,0.053402990102767944,0.6541953086853027,0,0,0.0,0.0,0.0,0,0,-0.0028382213786244392,0.0,0.0044862208887934685,-0.4937589764595032,0.0,0.0,0.0,85326,85339,85811,85329,0,85339,STANDBY
-0.10000000149011612,-0.05999999865889549,9.8100004196167,0.0,0.0,0.0,1008.618408203125,38.209999084472656,0.27543336153030396,1.1844481229782104,0,0,0.0,0.0,0.0,0,0,-0.002624591812491417,0.0,0.004547257907688618,-0.4937589764595032,0.0,0.0,0.0,85426,85439,85914,85437,0,85439,STANDBY
0.0,-0.10000000149011612,9.800000190734863,0.0,0.0,0.0,1008.5714721679688,38.15999984741211,0.5132538080215454,1.8547182083129883,0,0,0.0,0.0,0.0,0,0,-0.0029908139258623123,0.0,0.004455702379345894,-0.4937894940376282,0.0,0.0,0.0,85526,85539,86017,85533,0,85539,STANDBY
-0.05999999865889549,-0.07999999821186066,9.8100004196167,0.0,0.0,0.0,1008.5382080078125,38.130001068115234,0.9581270217895508,3.1980810165405273,0,0,0.0,0.0,0.0,0,0,-0.0026551103219389915,0.0,0.004608294926583767,-0.4936979413032532,0.0,0.0,0.0,85626,85639,86120,85637,0,85639,STANDBY
-0.03999999910593033,-0.09000000357627869,9.800000190734863,0.0,0.0,0.0,1008.5448608398438,38.150001525878906,0.9925196170806885,2.9076476097106934,0,0,0.0,0.0,0.0,0,0,-0.0029908139258623123,0.0,0.004425183869898319,-0.4937589764595032,0.0,0.0,0.0,85726,85739,86206,85723,0,85739,STANDBY
-0.029999999329447746,-0.07999999821186066,9.8100004196167,0.0,0.0,0.0,1008.652099609375,38.209999084472656,0.39055997133255005,-1.3762456178665161,0,0,0.0,0.0,0.0,0,0,-0.0027466658502817154,0.0,0.004425183869898319,-0.4937894940376282,0.0,0.0,0.0,85826,85839,86309,85826,0,85839,STANDBY
-0.05999999865889549,-0.05999999865889549,9.800000190734863,0.0,0.0,0.0,1008.6513061523438,38.220001220703125,0.17269763350486755,-3.5825085639953613,0,0,0.0,0.0,0.0,0,0,-0.0028992583975195885,0.0,0.004333628341555595,-0.4938200116157532,0.0,0.0,0.0,85926,85939,86412,85929,0,85939,STANDBY
-0.029999999329447746,-0.10000000149011612,9.789999961853027,0.0,0.0,0.0,1008.6369018554688,38.209999084472656,0.1986267864704132,-1.8436142206192017,0,0,0.0,0.0,0.0,0,0,-0.002929776906967163,0.0,0.004303109832108021,-0.4939115643501282,0.0,0.0,0.0,86026,86039,86515,86032,0,86039,STANDBY
-0.05999999865889549,-0.07999999821186066,9.800000190734863,0.0,0.0,0.0,1008.6513061523438,38.220001220703125,0.1396147906780243,-0.48244768381118774,0,0,0.0,0.0,0.0,0,0,-0.0028077028691768646,0.0,0.00436414685100317,-0.4938810467720032,0.0,0.0,0.0,86126,86139,86618,86134,0,86139,STANDBY
-0.05000000074505806,-0.09000000357627869,9.800000190734863,0.0,0.0,0.0,1008.6486206054688,38.220001220703125,0.15322712063789368,-0.1935546100139618,0,0,0.0,0.0,0.0,0,0,-0.0029908139258623123,0.0,0.004333628341555595,-0.4938810467720032,0.0,0.0,0.0,86226,86239,86721,86238,0,86239,STANDBY
-0.03999999910593033,-0.09000000357627869,9.800000190734863,0.0,0.0,0.0,1008.650634765625,38.209999084472656,0.1487005203962326,0.01290073711425066,0,0,0.0,0.0,0.0,0,0,-0.0028077028691768646,0.0,0.0044862208887934685,-0.4938505291938782,0.0,0.0,0.0,86326,86339,86807,86324,0,86339,STANDBY
-0.07000000029802322,-0.07000000029802322,9.800000190734863,0.0,0.0,0.0,1008.657470703125,38.209999084472656,0.08809103071689606,-0.26041197776794434,0,0,0.0,0.0,0.0,0,0,-0.0027466658502817154,0.0,0.004608294926583767,-0.4937894940376282,0.0,0.0,0.0,86426,86439,86910,86429,0,86439,STANDBY
-0.029999999329447746,-0.10999999940395355,9.789999961853027,0.0,0.0,0.0,1008.5850219726562,38.16999816894531,0.3959169387817383,0.5671306848526001,0,0,0.0,0.0,0.0,0,0,-0.0029908139258623123,0.0,0.004394665360450745,-0.4938810467720032,0.0,0.0,0.0,86526,86539,87013,86530,0,86539,STANDBY
-0.05000000074505806,-0.09000000357627869,9.800000190734863,0.0,0.0,0.0,1008.5448608398438,38.150001525878906,0.8561801910400391,3.0837345123291016,0,0,0.0,0.0,0.0,0,0,-0.002868739888072014,0.0,0.004455702379345894,-0.4939420819282532,0.0,0.0,0.0,86626,86639,87116,86633,0,86639,STANDBY
-0.05999999865889549,-0.07000000029802322,9.8100004196167,0.0,0.0,0.0,1008.5310668945312,38.150001525878906,1.033424735069275,3.454746723175049,0,0,0.0,0.0,0.0,0,0,-0.0030518509447574615,0.0,0.0044862208887934685,-0.4939725995063782,0.0,0.0,0.0,86726,86739,87219,86735,0,86739,STANDBY
-0.03999999910593033,-0.10000000149011612,9.789999961853027,0.0,0.0,0.0,1008.641845703125,38.209999084472656,0.48902517557144165,-0.35320180654525757,0,0,0.0,0.0,0.0,0,0,-0.0029602954164147377,0.0,0.004608294926583767,-0.4940336346626282,0.0,0.0,0.0,86827,86839,87305,86821,0,86839,STANDBY
-0.07000000029802322,-0.07000000029802322,9.800000190734863,0.0,0.0,0.0,1008.6513061523438,38.220001220703125,0.19713521003723145,-3.3282203674316406,0,0,0.0,0.0,0.0,0,0,-0.0029602954164147377,0.0,0.004669331945478916,-0.4939725995063782,0.0,0.0,0.0,86927,86939,87408,86925,0,86939,STANDBY
-0.03999999910593033,-0.10000000149011612,9.800000190734863,0.0,0.0,0.0,1008.6486206054688,38.220001220703125,0.14945197105407715,-2.3688957691192627,0,0,0.0,0.0,0.0,0,0,-0.0029908139258623123,0.0,0.004669331945478916,-0.4939420819282532,0.0,0.0,0.0,87027,87040,87512,87030,0,87040,STANDBY
-0.05000000074505806,-0.07000000029802322,9.800000190734863,0.0,0.0,0.0,1008.673095703125,38.220001220703125,0.00013199076056480408,-1.2288038730621338,0,0,0.0,0.0,0.0,0,0,-0.002868739888072014,0.0,0.004791405983269215,-0.4939725995063782,0.0,0.0,0.0,87127,87140,87614,87131,0,87140,STANDBY
-0.03999999910593033,-0.07999999821186066,9.8100004196167,0.0,0.0,0.0,1008.66357421875,38.220001220703125,0.034085921943187714,-0.6713661551475525,0,0,0.0,0.0,0.0,0,0,-0.0028992583975195885,0.0,0.004608294926583767,-0.4939115643501282,0.0,0.0,0.0,87227,87240,87717,87234,0,87240,STANDBY
-0.029999999329447746,-0.07000000029802322,9.800000190734863,0.0,0.0,0.0,1008.66357421875,38.220001220703125,0.028109069913625717,-0.06693463027477264,0,0,0.0,0.0,0.0,0,0,-0.0028077028691768646,0.0,0.004455702379345894,-0.4940031170845032,0.0,0.0,0.0,87327,87340,87821,87337,0,87340,STANDBY
-0.05999999865889549,-0.07000000029802322,9.800000190734863,0.0,0.0,0.0,1008.6642456054688,38.22999954223633,-0.0035902922973036766,-0.21659180521965027,0,0,0.0,0.0,0.0,0,0,-0.00277718435972929,0.0,0.004333628341555595,-0.4939725995063782,0.0,0.0,0.0,87427,87440,87907,87424,0,87440,STANDBY
-0.019999999552965164,-0.10000000149011612,9.789999961853027,0.0,0.0,0.0,1008.5932006835938,38.16999816894531,0.3061627447605133,0.6917639970779419,0,0,0.0,0.0,0.0,0,0,-0.0029602954164147377,0.0,0.0042420728132128716,-0.4940336346626282,0.0,0.0,0.0,87527,87540,88009,87526,0,87540,STANDBY
-0.05999999865889549,-0.07999999821186066,9.800000190734863,0.0,0.0,0.0,1008.5345458984375,38.150001525878906,0.8477157354354858,3.3734054565429688,0,0,0.0,0.0,0.0,0,0,-0.0030518509447574615,0.0,0.004181035794317722,-0.4941557049751282,0.0,0.0,0.0,87627,87640,88113,87630,0,87640,STANDBY
-0.05000000074505806,-0.09000000357627869,9.8100004196167,0.0,0.0,0.0,1008.5371704101562,38.15999984741211,1.0474908351898193,4.0665602684021,0,0,0.0,0.0,0.0,0,0,-0.0030518509447574615,0.0,0.004211554303765297,-0.4941251873970032,0.0,0.0,0.0,87727,87740,88216,87733,0,87740,STANDBY
-0.03999999910593033,-0.09000000357627869,9.800000190734863,0.0,0.0,0.0,1008.6429443359375,38.220001220703125,0.45981365442276,-0.24126487970352173,0,0,0.0,0.0,0.0,0,0,-0.002868739888072014,0.0,0.004272591322660446,-0.4941251873970032,0.0,0.0,0.0,87827,87840,88318,87836,0,87840,STANDBY
-0.05999999865889549,-0.07000000029802322,9.789999961853027,0.0,0.0,0.0,1008.6498413085938,38.220001220703125,0.20657150447368622,-3.4442999362945557,0,0,0.0,0.0,0.0,0,0,-0.00277718435972929,0.0,0.00436414685100317,-0.4940641522407532,0.0,0.0,0.0,87927,87940,88422,87939,0,87940,STANDBY
-0.029999999329447746,-0.09000000357627869,9.800000190734863,0.0,0.0,0.0,1008.6682739257812,38.22999954223633,0.03490464389324188,-2.646636962890625,0,0,0.0,0.0,0.0,0,0,-0.0028382213786244392,0.0,0.004303109832108021,-0.4941251873970032,0.0,0.0,0.0,88027,88040,88508,88025,0,88040,STANDBY
-0.05000000074505806,-0.07999999821186066,9.789999961853027,0.0,0.0,0.0,1008.67578125,38.22999954223633,-0.07076100260019302,-1.675127625465393,0,0,0.0,0.0,0.0,0,0,-0.0027161473408341408,0.0,0.004333628341555595,-0.4940946698188782,0.0,0.0,0.0,88127,88140,88611,88130,0,88140,STANDBY
-0.029999999329447746,-0.09000000357627869,9.8100004196167,0.0,0.0,0.0,1008.674560546875,38.22999954223633,-0.10829535126686096,-1.0033239126205444,0,0,0.0,0.0,0.0,0,0,-0.0027161473408341408,0.0,0.004333628341555595,-0.4940336346626282,0.0,0.0,0.0,88227,88240,88715,88231,0,88240,STANDBY
-0.05000000074505806,-0.07999999821186066,9.800000190734863,0.0,0.0,0.0,1008.6642456054688,38.22999954223633,-0.051776230335235596,-0.2012658417224884,0,0,0.0,0.0,0.0,0,0,-0.0026551103219389915,0.0,0.004455702379345894,-0.4940031170845032,0.0,0.0,0.0,88328,88340,88817,88335,0,88340,STANDBY
-0.05999999865889549,-0.09000000357627869,9.789999961853027,0.0,0.0,0.0,1008.677978515625,38.22999954223633,-0.09945273399353027,0.05554845929145813,0,0,0.0,0.0,0.0,0,0,-0.0027161473408341408,0.0,0.0046388134360313416,-0.4939725995063782,0.0,0.0,0.0,88428,88441,88921,88441,0,88441,STANDBY
-0.03999999910593033,-0.10000000149011612,9.789999961853027,0.0,0.0,0.0,1008.5775146484375,38.16999816894531,0.3580107092857361,1.28757905960083,0,0,0.0,0.0,0.0,0,0,-0.00277718435972929,0.0,0.004608294926583767,-0.4940336346626282,0.0,0.0,0.0,88528,88541,89007,88523,0,88541,STANDBY
-0.03999999910593033,-0.09000000357627869,9.789999961853027,0.0,0.0,0.0,1008.5482788085938,38.150001525878906,0.8064478635787964,3.77048921585083,0,0,0.0,0.0,0.0,0,0,-0.002868739888072014,0.0,0.0044862208887934685,-0.4940946698188782,0.0,0.0,0.0,88628,88641,89110,88627,0,88641,STANDBY
-0.03999999910593033,-0.10000000149011612,9.800000190734863,0.0,0.0,0.0,1008.576904296875,38.15999984741211,0.812286913394928,3.169893741607666,0,0,0.0,0.0,0.0,0,0,-0.003021332435309887,0.0,0.004455702379345894,-0.4940946698188782,0.0,0.0,0.0,88728,88741,89212,88731,0,88741,STANDBY
-0.03999999910593033,-0.07999999821186066,9.800000190734863,0.0,0.0,0.0,1008.66015625,38.220001220703125,0.28301694989204407,-1.1108384132385254,0,0,0.0,0.0,0.0,0,0,-0.002929776906967163,0.0,0.004608294926583767,-0.4940336346626282,0.0,0.0,0.0,88828,88841,89316,88833,0,88841,STANDBY
-0.05999999865889549,-0.07000000029802322,9.8100004196167,0.0,0.0,0.0,1008.661376953125,38.22999954223633,0.07501885294914246,-3.338809013366699,0,0,0.0,0.0,0.0,0,0,-0.002868739888072014,0.0,0.004577776417136192,-0.4940336346626282,0.0,0.0,0.0,88928,88941,89419,88936,0,88941,STANDBY
-0.03999999910593033,-0.10000000149011612,9.8100004196167,0.0,0.0,0.0,1008.6585693359375,38.22999954223633,0.07531258463859558,-1.7302415370941162,0,0,0.0,0.0,0.0,0,0,-0.002868739888072014,0.0,0.004547257907688618,-0.4940641522407532,0.0,0.0,0.0,89028,89041,89522,89038,0,89041,STANDBY
-0.05999999865889549,-0.07000000029802322,9.800000190734863,0.0,0.0,0.0,1008.6504516601562,38.22999954223633,0.1401345133781433,-0.04113532602787018,0,0,0.0,0.0,0.0,0,0,-0.0028077028691768646,0.0,0.004577776417136192,-0.4940641522407532,0.0,0.0,0.0,89128,89141,89608,89124,0,89141,STANDBY
-0.05000000074505806,-0.09000000357627869,9.789999961853027,0.0,0.0,0.0,1008.6620483398438,38.22999954223633,0.08757027238607407,0.1047682985663414,0,0,0.0,0.0,0.0,0,0,-0.002929776906967163,0.0,0.0044862208887934685,-0.4940641522407532,0.0,0.0,0.0,89228,89241,89711,89231,0,89241,STANDBY
-0.03999999910593033,-0.09000000357627869,9.800000190734863,0.0,0.0,0.0,1008.6661987304688,38.22999954223633,0.005023257806897163,-0.5584597587585449,0,0,0.0,0.0,0.0,0,0,-0.0027161473408341408,0.0,0.004516739398241043,-0.4940336346626282,0.0,0.0,0.0,89328,89341,89815,89331,0,89341,STANDBY
-0.03999999910593033,-0.07999999821186066,9.800000190734863,0.0,0.0,0.0,1008.6585693359375,38.22999954223633,0.0470006950199604,-0.3611375093460083,0,0,0.0,0.0,0.0,0,0,-0.0027161473408341408,0.0,0.004547257907688618,-0.4940031170845032,0.0,0.0,0.0,89428,89441,89917,89440,0,89441,STANDBY
-0.03999999910593033,-0.07999999821186066,9.789999961853027,0.0,0.0,0.0,1008.6049194335938,38.189998626708984,0.267425000667572,0.6903789639472961,0,0,0.0,0.0,0.0,0,0,-0.00277718435972929,0.0,0.004425183869898319,-0.4940031170845032,0.0,0.0,0.0,89528,89541,90020,89537,0,89541,STANDBY
-0.05000000074505806,-0.07999999821186066,9.800000190734863,0.0,0.0,0.0,1008.5452880859375,38.15999984741211,0.8497963547706604,3.296316146850586,0,0,0.0,0.0,0.0,0,0,-0.0027466658502817154,0.0,0.004425183869898319,-0.4940336346626282,0.0,0.0,0.0,89628,89641,90124,89640,0,89641,STANDBY
-0.05999999865889549,-0.07999999821186066,9.789999961853027,0.0,0.0,0.0,1008.5452880859375,38.15999984741211,0.9792938232421875,3.845400333404541,0,0,0.0,0.0,0.0,0,0,-0.002685628831386566,0.0,0.0044862208887934685,-0.4939420819282532,0.0,0.0,0.0,89728,89741,90210,89726,0,89741,STANDBY
-0.03999999910593033,-0.09000000357627869,9.800000190734863,0.0,0.0,0.0,1008.65673828125,38.220001220703125,0.3370428681373596,-0.9498683214187622,0,0,0.0,0.0,0.0,0,0,-0.0027466658502817154,0.0,0.0044862208887934685,-0.4939725995063782,0.0,0.0,0.0,89828,89841,90312,89831,0,89841,STANDBY
-0.05000000074505806,-0.07000000029802322,9.800000190734863,0.0,0.0,0.0,1008.6626586914062,38.2400016784668,0.10016828775405884,-3.7208642959594727,0,0,0.0,0.0,0.0,0,0,-0.002868739888072014,0.0,0.004333628341555595,-0.4940946698188782,0.0,0.0,0.0,89928,89942,90416,89932,0,89942,STANDBY
-0.03999999910593033,-0.07999999821186066,9.789999961853027,0.0,0.0,0.0,1008.6626586914062,38.22999954223633,0.007859970442950726,-2.388352870941162,0,0,0.0,0.0,0.0,0,0,-0.0028382213786244392,0.0,0.004272591322660446,-0.4941251873970032,0.0,0.0,0.0,90028,90042,90518,90035,0,90042,STANDBY
-0.03999999910593033,-0.09000000357627869,9.789999961853027,0.0,0.0,0.0,1008.6798706054688,38.22999954223633,-0.09080374240875244,-1.2510545253753662,0,0,0.0,0.0,0.0,0,0,-0.002868739888072014,0.0,0.004181035794317722,-0.4941557049751282,0.0,0.0,0.0,90128,90142,90621,90138,0,90142,STANDBY
-0.03999999910593033,-0.07000000029802322,9.800000190734863,0.0,0.0,0.0,1008.6804809570312,38.2400016784668,-0.1432000696659088,-0.8353025913238525,0,0,0.0,0.0,0.0,0,0,-0.00277718435972929,0.0,0.0042420728132128716,-0.4941251873970032,0.0,0.0,0.0,90228,90242,90707,90224,0,90242,STANDBY
-0.029999999329447746,-0.07999999821186066,9.789999961853027,0.0,0.0,0.0,1008.6702270507812,38.2400016784668,-0.07855163514614105,-0.17846450209617615,0,0,0.0,0.0,0.0,0,0,-0.0027466658502817154,0.0,0.004211554303765297,-0.4941251873970032,0.0,0.0,0.0,90328,90342,90811,90331,0,90342,STANDBY
-0.05000000074505806,-0.09000000357627869,9.8100004196167,0.0,0.0,0.0,1008.6626586914062,38.22999954223633,-0.006481518968939781,0.5253111124038696,0,0,0.0,0.0,0.0,0,0,-0.00277718435972929,0.0,0.004333628341555595,-0.4940641522407532,0.0,0.0,0.0,90428,90442,90914,90431,0,90442,STANDBY
-0.03999999910593033,-0.09000000357627869,9.800000190734863,0.0,0.0,0.0,1008.5725708007812,38.16999816894531,0.4151093661785126,1.6971255540847778,0,0,0.0,0.0,0.0,0,0,-0.0028077028691768646,0.0,0.004333628341555595,-0.4940336346626282,0.0,0.0,0.0,90528,90542,91017,90534,0,90542,STANDBY
-0.03999999910593033,-0.09000000357627869,9.789999961853027,0.0,0.0,0.0,1008.5521850585938,38.15999984741211,0.7931621074676514,3.469999313354492,0,0,0.0,0.0,0.0,0,0,-0.0028992583975195885,0.0,0.004425183869898319,-0.4940336346626282,0.0,0.0,0.0,90628,90642,91120,90637,0,90642,STANDBY
-0.03999999910593033,-0.07999999821186066,9.800000190734863,0.0,0.0,0.0,1008.5445556640625,38.16999816894531,0.9721095561981201,3.3726084232330322,0,0,0.0,0.0,0.0,0,0,-0.0028992583975195885,0.0,0.00436414685100317,-0.4940031170845032,0.0,0.0,0.0,90728,90742,91224,90740,0,90742,STANDBY
-0.03999999910593033,-0.07000000029802322,9.800000190734863,0.0,0.0,0.0,1008.657958984375,38.22999954223633,0.3510825037956238,-0.6897682547569275,0,0,0.0,0.0,0.0,0,0,-0.00277718435972929,0.0,0.004333628341555595,-0.4939725995063782,0.0,0.0,0.0,90828,90842,91310,90826,0,90842,STANDBY
-0.05000000074505806,-0.07999999821186066,9.800000190734863,0.0,0.0,0.0,1008.6668090820312,38.2400016784668,0.05410030856728554,-3.834850549697876,0,0,0.0,0.0,0.0,0,0,-0.0028077028691768646,0.0,0.004272591322660446,-0.4939420819282532,0.0,0.0,0.0,90928,90942,91413,90931,0,90942,STANDBY
-0.029999999329447746,-0.07999999821186066,9.789999961853027,0.0,0.0,0.0,1008.6571044921875,38.2400016784668,0.02794921025633812,-2.4522809982299805,0,0,0.0,0.0,0.0,0,0,-0.0027466658502817154,0.0,0.004211554303765297,-0.4939420819282532,0.0,0.0,0.0,91028,91042,91515,91032,0,91042,STANDBY
-0.05000000074505806,-0.07000000029802322,9.800000190734863,0.0,0.0,0.0,1008.6578369140625,38.2400016784668,0.07120759785175323,-0.40586012601852417,0,0,0.0,0.0,0.0,0,0,-0.0027466658502817154,0.0,0.004211554303765297,-0.4940336346626282,0.0,0.0,0.0,91128,91142,91619,91136,0,91142,STANDBY
-0.05000000074505806,-0.07999999821186066,9.789999961853027,0.0,0.0,0.0,1008.6681518554688,38.2400016784668,0.0062082018703222275,-0.04732295870780945,0,0,0.0,0.0,0.0,0,0,-0.002685628831386566,0.0,0.004394665360450745,-0.4939725995063782,0.0,0.0,0.0,91229,91242,91722,91239,0,91242,STANDBY
-0.03999999910593033,-0.09000000357627869,9.789999961853027,0.0,0.0,0.0,1008.665283203125,38.2400016784668,0.03588758036494255,-0.11957085877656937,0,0,0.0,0.0,0.0,0,0,-0.002868739888072014,0.0,0.00436414685100317,-0.4940641522407532,0.0,0.0,0.0,91329,91342,91825,91341,0,91342,STANDBY
-0.05000000074505806,-0.07000000029802322,9.800000190734863,0.0,0.0,0.0,1008.655029296875,38.2400016784668,0.07474300265312195,0.20167367160320282,0,0,0.0,0.0,0.0,0,0,-0.0028382213786244392,0.0,0.004303109832108021,-0.4940336346626282,0.0,0.0,0.0,91429,91442,91911,91428,0,91442,STANDBY
-0.029999999329447746,-0.09000000357627869,9.800000190734863,0.0,0.0,0.0,1008.5703125,38.189998626708984,0.4865375757217407,1.4435042142868042,0,0,0.0,0.0,0.0,0,0,-0.00277718435972929,0.0,0.004272591322660446,-0.4940031170845032,0.0,0.0,0.0,91529,91542,92014,91532,0,91542,STANDBY
-0.05999999865889549,-0.07999999821186066,9.8100004196167,0.0,0.0,0.0,1008.5260009765625,38.16999816894531,0.9626420736312866,3.7086610794067383,0,0,0.0,0.0,0.0,0,0,-0.0027466658502817154,0.0,0.004303109832108021,-0.4940031170845032,0.0,0.0,0.0,91629,91642,92118,91634,0,91642,STANDBY
-0.029999999329447746,-0.09000000357627869,9.800000190734863,0.0,0.0,0.0,1008.5491943359375,38.18000030517578,0.9740837812423706,3.1010007858276367,0,0,0.0,0.0,0.0,0,0,-0.002868739888072014,0.0,0.0042420728132128716,-0.4940031170845032,0.0,0.0,0.0,91729,91742,92221,91738,0,91742,STANDBY
-0.029999999329447746,-0.07999999821186066,9.8100004196167,0.0,0.0,0.0,1008.6290893554688,38.2400016784668,0.516137421131134,-0.7925741076469421,0,0,0.0,0.0,0.0,0,0,-0.002868739888072014,0.0,0.004211554303765297,-0.4939725995063782,0.0,0.0,0.0,91829,91842,92323,91840,0,91842,STANDBY
-0.03999999910593033,-0.09000000357627869,9.8100004196167,0.0,0.0,0.0,1008.658447265625,38.2400016784668,0.1633538454771042,-3.4033260345458984,0,0,0.0,0.0,0.0,0,0,-0.0029602954164147377,0.0,0.0040894802659749985,-0.4940641522407532,0.0,0.0,0.0,91929,91942,92410,91926,0,91942,STANDBY
-0.03999999910593033,-0.09000000357627869,9.8100004196167,0.0,0.0,0.0,1008.6521606445312,38.25,0.14296826720237732,-2.381162166595459,0,0,0.0,0.0,0.0,0,0,-0.00277718435972929,0.0,0.004181035794317722,-0.4939725995063782,0.0,0.0,0.0,92029,92042,92513,92033,0,92042,STANDBY
-0.05000000074505806,-0.09000000357627869,9.800000190734863,0.0,0.0,0.0,1008.6384887695312,38.25,0.24651578068733215,-0.1496487706899643,0,0,0.0,0.0,0.0,0,0,-0.0029602954164147377,0.0,0.004211554303765297,-0.4940336346626282,0.0,0.0,0.0,92129,92142,92616,92133,0,92142,STANDBY
-0.05000000074505806,-0.07999999821186066,9.800000190734863,0.0,0.0,0.0,1008.641845703125,38.2400016784668,0.19858033955097198,0.16552214324474335,0,0,0.0,0.0,0.0,0,0,-0.0027161473408341408,0.0,0.00436414685100317,-0.4939115643501282,0.0,0.0,0.0,92229,92242,92720,92236,0,92242,STANDBY
-0.03999999910593033,-0.09000000357627869,9.800000190734863,0.0,0.0,0.0,1008.63720703125,38.2400016784668,0.20179733633995056,-0.2421535849571228,0,0,0.0,0.0,0.0,0,0,-0.0028382213786244392,0.0,0.004333628341555595,-0.4939115643501282,0.0,0.0,0.0,92329,92342,92823,92340,0,92342,STANDBY
-0.05999999865889549,-0.07999999821186066,9.800000190734863,0.0,0.0,0.0,1008.65283203125,38.25,0.16717574000358582,-0.08341851085424423,0,0,0.0,0.0,0.0,0,0,-0.00277718435972929,0.0,0.004272591322660446,-0.4939725995063782,0.0,0.0,0.0,92429,92442,92909,92426,0,92442,STANDBY
-0.05000000074505806,-0.07000000029802322,9.8100004196167,0.0,0.0,0.0,1008.5890502929688,38.20000076293945,0.4280686378479004,0.6862092018127441,0,0,0.0,0.0,0.0,0,0,-0.0027161473408341408,0.0,0.0042420728132128716,-0.4939420819282532,0.0,0.0,0.0,92529,92542,93012,92529,0,92542,STANDBY
-0.03999999910593033,-0.09000000357627869,9.800000190734863,0.0,0.0,0.0,1008.5335693359375,38.16999816894531,0.9192420244216919,2.9207944869995117,0,0,0.0,0.0,0.0,0,0,-0.00277718435972929,0.0,0.00436414685100317,-0.4939420819282532,0.0,0.0,0.0,92630,92642,93115,92633,0,92642,STANDBY
-0.05999999865889549,-0.07999999821186066,9.800000190734863,0.0,0.0,0.0,1008.560791015625,38.18000030517578,0.9310932159423828,2.9663784503936768,0,0,0.0,0.0,0.0,0,0,-0.002624591812491417,0.0,0.004516739398241043,-0.4938505291938782,0.0,0.0,0.0,92730,92742,93218,92735,0,92742,STANDBY
-0.03999999910593033,-0.09000000357627869,9.800000190734863,0.0,0.0,0.0,1008.6715698242188,38.2400016784668,0.297150194644928,-1.3788501024246216,0,0,0.0,0.0,0.0,0,0,-0.00277718435972929,0.0,0.0044862208887934685,-0.4938505291938782,0.0,0.0,0.0,92830,92843,93322,92838,0,92843,STANDBY
-0.03999999910593033,-0.09000000357627869,9.800000190734863,0.0,0.0,0.0,1008.65625,38.25,0.12193644791841507,-3.6557745933532715,0,0,0.0,0.0,0.0,0,0,-0.0028077028691768646,0.0,0.004455702379345894,-0.4938810467720032,0.0,0.0,0.0,92930,92943,93424,92941,0,92943,STANDBY
-0.05000000074505806,-0.09000000357627869,9.819999694824219,0.0,0.0,0.0,1008.635009765625,38.25,0.19370287656784058,-1.6166796684265137,0,0,0.0,0.0,0.0,0,0,-0.002868739888072014,0.0,0.004455702379345894,-0.4939115643501282,0.0,0.0,0.0,93030,93043,93510,93027,0,93043,STANDBY
-0.03999999910593033,-0.09000000357627869,9.829999923706055,0.0,0.0,0.0,1008.6487426757812,38.25,0.1693209707736969,-0.0815521776676178,0,0,0.0,0.0,0.0,0,0,-0.00277718435972929,0.0,0.0044862208887934685,-0.4939115643501282,0.0,0.0,0.0,93130,93143,93614,93133,0,93143,STANDBY
-0.05000000074505806,-0.07999999821186066,9.8100004196167,0.0,0.0,0.0,1008.6487426757812,38.25,0.12775392830371857,-0.22300830483436584,0,0,0.0,0.0,0.0,0,0,-0.00277718435972929,0.0,0.004516739398241043,-0.4939115643501282,0.0,0.0,0.0,93230,93243,93717,93234,0,93243,STANDBY
-0.03999999910593033,-0.09000000357627869,9.8100004196167,0.0,0.0,0.0,1008.6431884765625,38.25,0.13797277212142944,-0.2818679213523865,0,0,0.0,0.0,0.0,0,0,-0.002868739888072014,0.0,0.004516739398241043,-0.4938810467720032,0.0,0.0,0.0,93330,93343,93819,93336,0,93343,STANDBY
-0.03999999910593033,-0.07999999821186066,9.800000190734863,0.0,0.0,0.0,1008.6568603515625,38.25,0.11255194991827011,-0.03223133832216263,0,0,0.0,0.0,0.0,0,0,-0.002685628831386566,0.0,0.004455702379345894,-0.4938505291938782,0.0,0.0,0.0,93430,93443,93923,93442,0,93443,STANDBY
-0.03999999910593033,-0.09000000357627869,9.8100004196167,0.0,0.0,0.0,1008.5565795898438,38.189998626708984,0.5159004330635071,1.0929981470108032,0,0,0.0,0.0,0.0,0,0,-0.0027161473408341408,0.0,0.004425183869898319,-0.4938505291938782,0.0,0.0,0.0,93530,93543,94009,93526,0,93543,STANDBY
-0.019999999552965164,-0.10000000149011612,9.800000190734863,0.0,0.0,0.0,1008.5136108398438,38.16999816894531,1.120819091796875,4.159490585327148,0,0,0.0,0.0,0.0,0,0,-0.002868739888072014,0.0,0.004272591322660446,-0.4938810467720032,0.0,0.0,0.0,93630,93643,94112,93629,0,93643,STANDBY
-0.05000000074505806,-0.05999999865889549,9.800000190734863,0.0,0.0,0.0,1008.514892578125,38.18000030517578,1.2748751640319824,4.4636993408203125,0,0,0.0,0.0,0.0,0,0,-0.0028077028691768646,0.0,0.004211554303765297,-0.4939115643501282,0.0,0.0,0.0,93730,93743,94215,93733,0,93743,STANDBY
-0.029999999329447746,-0.07000000029802322,9.819999694824219,0.0,0.0,0.0,1008.6473388671875,38.25,0.5199253559112549,-1.0762145519256592,0,0,0.0,0.0,0.0,0,0,-0.002868739888072014,0.0,0.004119998775422573,-0.4940031170845032,0.0,0.0,0.0,93830,93843,94318,93835,0,93843,STANDBY
-0.03999999910593033,-0.07999999821186066,9.800000190734863,0.0,0.0,0.0,1008.6273193359375,38.2599983215332,0.36204981803894043,-3.9891679286956787,0,0,0.0,0.0,0.0,0,0,-0.002868739888072014,0.0,0.0040894802659749985,-0.4940336346626282,0.0,0.0,0.0,93930,93943,94422,93938,0,93943,STANDBY
-0.05000000074505806,-0.07999999821186066,9.8100004196167,0.0,0.0,0.0,1008.64453125,38.2599983215332,0.2136218398809433,-2.4082601070404053,0,0,0.0,0.0,0.0,0,0,-0.0028382213786244392,0.0,0.004119998775422573,-0.4940336346626282,0.0,0.0,0.0,94030,94043,94525,94042,0,94043,STANDBY
-0.03999999910593033,-0.10999999940395355,9.800000190734863,0.0,0.0,0.0,1008.6383056640625,38.2599983215332,0.2134115993976593,-1.0943193435668945,0,0,0.0,0.0,0.0,0,0,-0.002868739888072014,0.0,0.004150517284870148,-0.4940031170845032,0.0,0.0,0.0,94130,94143,94611,94128,0,94143,STANDBY
-0.03999999910593033,-0.07999999821186066,9.8100004196167,0.0,0.0,0.0,1008.6376342773438,38.2599983215332,0.2303629219532013,-0.1640043705701828,0,0,0.0,0.0,0.0,0,0,-0.0028077028691768646,0.0,0.0042420728132128716,-0.4939725995063782,0.0,0.0,0.0,94230,94243,94713,94233,0,94243,STANDBY
-0.05000000074505806,-0.07999999821186066,9.800000190734863,0.0,0.0,0.0,1008.6348266601562,38.2599983215332,0.24536284804344177,0.1129266545176506,0,0,0.0,0.0,0.0,0,0,-0.0027466658502817154,0.0,0.004211554303765297,-0.4939115643501282,0.0,0.0,0.0,94330,94343,94817,94333,0,94343,STANDBY
-0.029999999329447746,-0.10000000149011612,9.800000190734863,0.0,0.0,0.0,1008.630126953125,38.25,0.27367696166038513,0.17211872339248657,0,0,0.0,0.0,0.0,0,0,-0.0027466658502817154,0.0,0.004150517284870148,-0.4939420819282532,0.0,0.0,0.0,94430,94443,94920,94443,0,94443,STANDBY
-0.05999999865889549,-0.07999999821186066,9.789999961853027,0.0,0.0,0.0,1008.55126953125,38.220001220703125,0.6338546872138977,1.2198315858840942,0,0,0.0,0.0,0.0,0,0,-0.0028077028691768646,0.0,0.0042420728132128716,-0.4940031170845032,0.0,0.0,0.0,94530,94543,95024,94540,0,94543,STANDBY
-0.03999999910593033,-0.07999999821186066,9.789999961853027,0.0,0.0,0.0,1008.5320434570312,38.18000030517578,0.9891178607940674,3.068809747695923,0,0,0.0,0.0,0.0,0,0,-0.0028382213786244392,0.0,0.004272591322660446,-0.4940031170845032,0.0,0.0,0.0,94630,94643,95110,94626,0,94643,STANDBY
-0.03999999910593033,-0.09000000357627869,9.789999961853027,0.0,0.0,0.0,1008.545654296875,38.189998626708984,1.0484917163848877,2.7758805751800537,0,0,0.0,0.0,0.0,0,0,-0.0028382213786244392,0.0,0.004303109832108021,-0.4940031170845032,0.0,0.0,0.0,94730,94743,95212,94729,0,94743,STANDBY
-0.05000000074505806,-0.07000000029802322,9.8100004196167,0.0,0.0,0.0,1008.663818359375,38.25,0.3342757523059845,-1.6786303520202637,0,0,0.0,0.0,0.0,0,0,-0.002929776906967163,0.0,0.004272591322660446,-0.4940336346626282,0.0,0.0,0.0,94830,94843,95315,94833,0,94843,STANDBY
-0.03999999910593033,-0.07999999821186066,9.800000190734863,0.0,0.0,0.0,1008.6719360351562,38.2599983215332,0.030418504029512405,-4.514400005340576,0,0,0.0,0.0,0.0,0,0,-0.0028382213786244392,0.0,0.004333628341555595,-0.4939420819282532,0.0,0.0,0.0,94930,94943,95419,94936,0,94943,STANDBY
-0.03999999910593033,-0.09000000357627869,9.800000190734863,0.0,0.0,0.0,1008.665771484375,38.2599983215332,-0.010262925177812576,-2.6518406867980957,0,0,0.0,0.0,0.0,0,0,-0.00277718435972929,0.0,0.004333628341555595,-0.4939115643501282,0.0,0.0,0.0,95030,95043,95521,95039,0,95043,STANDBY
-0.05000000074505806,-0.07999999821186066,9.800000190734863,0.0,0.0,0.0,1008.6554565429688,38.2599983215332,0.040192291140556335,-0.5707418918609619,0,0,0.0,0.0,0.0,0,0,-0.002624591812491417,0.0,0.004272591322660446,-0.4938810467720032,0.0,0.0,0.0,95130,95143,95625,95141,0,95143,STANDBY
-0.05000000074505806,-0.09000000357627869,9.789999961853027,0.0,0.0,0.0,1008.6314086914062,38.2599983215332,0.15123040974140167,0.4087211489677429,0,0,0.0,0.0,0.0,0,0,-0.002685628831386566,0.0,0.004333628341555595,-0.4939115643501282,0.0,0.0,0.0,95230,95243,95711,95227,0,95243,STANDBY
-0.05000000074505806,-0.10000000149011612,9.800000190734863,0.0,0.0,0.0,1008.65673828125,38.2599983215332,0.0903170108795166,0.364668071269989,0,0,0.0,0.0,0.0,0,0,-0.00277718435972929,0.0,0.00436414685100317,-0.4939420819282532,0.0,0.0,0.0,95330,95343,95814,95333,0,95343,STANDBY
-0.03999999910593033,-0.07999999821186066,9.800000190734863,0.0,0.0,0.0,1008.6383056640625,38.2599983215332,0.15952420234680176,0.1891244500875473,0,0,0.0,0.0,0.0,0,0,-0.002685628831386566,0.0,0.00436414685100317,-0.4939115643501282,0.0,0.0,0.0,95430,95443,95918,95443,0,95443,STANDBY
-0.05000000074505806,-0.07999999821186066,9.8100004196167,0.0,0.0,0.0,1008.6091918945312,38.22999954223633,0.319057822227478,0.7518203258514404,0,0,0.0,0.0,0.0,0,0,-0.0028077028691768646,0.0,0.0042420728132128716,-0.4940031170845032,0.0,0.0,0.0,95531,95543,96020,95537,0,95543,STANDBY
-0.03999999910593033,-0.07999999821186066,9.8100004196167,0.0,0.0,0.0,1008.53466796875,38.189998626708984,0.8747467994689941,2.9101946353912354,0,0,0.0,0.0,0.0,0,0,-0.0028382213786244392,0.0,0.004181035794317722,-0.4940641522407532,0.0,0.0,0.0,95631,95643,96123,95640,0,95643,STANDBY
-0.03999999910593033,-0.09000000357627869,9.800000190734863,0.0,0.0,0.0,1008.5499877929688,38.189998626708984,0.9566419720649719,3.3577775955200195,0,0,0.0,0.0,0.0,0,0,-0.0028382213786244392,0.0,0.004181035794317722,-0.4940946698188782,0.0,0.0,0.0,95731,95744,96209,95726,0,95744,STANDBY
-0.05000000074505806,-0.09000000357627869,9.800000190734863,0.0,0.0,0.0,1008.6294555664062,38.25,0.5388103723526001,-0.22394871711730957,0,0,0.0,0.0,0.0,0,0,-0.0028382213786244392,0.0,0.004303109832108021,-0.4940946698188782,0.0,0.0,0.0,95831,95844,96313,95830,0,95844,STANDBY
-0.05000000074505806,-0.09000000357627869,9.789999961853027,0.0,0.0,0.0,1008.6402587890625,38.27000045776367,0.26105451583862305,-2.8883614540100098,0,0,0.0,0.0,0.0,0,0,-0.00277718435972929,0.0,0.00436414685100317,-0.4940946698188782,0.0,0.0,0.0,95931,95944,96415,95934,0,95944,STANDBY
-0.03999999910593033,-0.10000000149011612,9.789999961853027,0.0,0.0,0.0,1008.6504516601562,38.27000045776367,0.15268483757972717,-2.3988442420959473,0,0,0.0,0.0,0.0,0,0,-0.0027466658502817154,0.0,0.004425183869898319,-0.4940031170845032,0.0,0.0,0.0,96031,96044,96519,96035,0,96044,STANDBY
-0.029999999329447746,-0.09000000357627869,9.800000190734863,0.0,0.0,0.0,1008.6436767578125,38.27000045776367,0.1742243468761444,-0.8339629173278809,0,0,0.0,0.0,0.0,0,0,-0.0028992583975195885,0.0,0.004333628341555595,-0.4940946698188782,0.0,0.0,0.0,96131,96144,96622,96139,0,96144,STANDBY
-0.05000000074505806,-0.07000000029802322,9.789999961853027,0.0,0.0,0.0,1008.6580200195312,38.27000045776367,0.10853983461856842,-0.29219329357147217,0,0,0.0,0.0,0.0,0,0,-0.0029602954164147377,0.0,0.004211554303765297,-0.4941251873970032,0.0,0.0,0.0,96231,96244,96726,96241,0,96244,STANDBY
-0.029999999329447746,-0.09000000357627869,9.8100004196167,0.0,0.0,0.0,1008.638916015625,38.2599983215332,0.19248950481414795,-0.00037071481347084045,0,0,0.0,0.0,0.0,0,0,-0.0029908139258623123,0.0,0.004119998775422573,-0.4941251873970032,0.0,0.0,0.0,96331,96344,96812,96328,0,96344,STANDBY
-0.05000000074505806,-0.07999999821186066,9.800000190734863,0.0,0.0,0.0,1008.66015625,38.2599983215332,0.11637990176677704,0.0710248202085495,0,0,0.0,0.0,0.0,0,0,-0.00277718435972929,0.0,0.0042420728132128716,-0.4940336346626282,0.0,0.0,0.0,96431,96444,96914,96434,0,96444,STANDBY
-0.05999999865889549,-0.07999999821186066,9.789999961853027,0.0,0.0,0.0,1008.5491943359375,38.209999084472656,0.5443798899650574,0.9238932132720947,0,0,0.0,0.0,0.0,0,0,-0.0026551103219389915,0.0,0.004394665360450745,-0.4939725995063782,0.0,0.0,0.0,96531,96544,97017,96534,0,96544,STANDBY
-0.03999999910593033,-0.07999999821186066,9.800000190734863,0.0,0.0,0.0,1008.5362548828125,38.189998626708984,0.9832805395126343,3.567462682723999,0,0,0.0,0.0,0.0,0,0,-0.0027466658502817154,0.0,0.004333628341555595,-0.4939725995063782,0.0,0.0,0.0,96631,96644,97121,96637,0,96644,STANDBY
-0.03999999910593033,-0.09000000357627869,9.789999961853027,0.0,0.0,0.0,1008.55126953125,38.20000076293945,0.9696946740150452,3.0037598609924316,0,0,0.0,0.0,0.0,0,0,-0.0027161473408341408,0.0,0.00436414685100317,-0.4940031170845032,0.0,0.0,0.0,96731,96744,97224,96741,0,96744,STANDBY
-0.05000000074505806,-0.07999999821186066,9.800000190734863,0.0,0.0,0.0,1008.6464233398438,38.2599983215332,0.3975052237510681,-1.509745478630066,0,0,0.0,0.0,0.0,0,0,-0.0026551103219389915,0.0,0.004394665360450745,-0.4939115643501282,0.0,0.0,0.0,96831,96844,97327,96843,0,96844,STANDBY
-0.029999999329447746,-0.09000000357627869,9.800000190734863,0.0,0.0,0.0,1008.6470336914062,38.27000045776367,0.19459667801856995,-3.476101875305176,0,0,0.0,0.0,0.0,0,0,-0.002929776906967163,0.0,0.004333628341555595,-0.4939725995063782,0.0,0.0,0.0,96931,96944,97413,96929,0,96944,STANDBY
-0.05000000074505806,-0.07000000029802322,9.789999961853027,0.0,0.0,0.0,1008.6470336914062,38.27000045776367,0.15736347436904907,-1.9026310443878174,0,0,0.0,0.0,0.0,0,0,-0.002685628831386566,0.0,0.004333628341555595,-0.4939115643501282,0.0,0.0,0.0,97032,97044,97516,97035,0,97044,STANDBY
-0.05000000074505806,-0.09000000357627869,9.800000190734863,0.0,0.0,0.0,1008.6504516601562,38.27000045776367,0.1426120400428772,-0.5596428513526917,0,0,0.0,0.0,0.0,0,0,-0.0027466658502817154,0.0,0.004303109832108021,-0.4938505291938782,0.0,0.0,0.0,97132,97144,97619,97135,0,97144,STANDBY
-0.019999999552965164,-0.10000000149011612,9.800000190734863,0.0,0.0,0.0,1008.6484375,38.27000045776367,0.1623310148715973,-0.046160802245140076,0,0,0.0,0.0,0.0,0,0,-0.00277718435972929,0.0,0.004333628341555595,-0.4938505291938782,0.0,0.0,0.0,97232,97244,97722,97239,0,97244,STANDBY
-0.05000000074505806,-0.07000000029802322,9.8100004196167,0.0,0.0,0.0,1008.6553344726562,38.27000045776367,0.13619206845760345,0.017164915800094604,0,0,0.0,0.0,0.0,0,0,-0.002685628831386566,0.0,0.004333628341555595,-0.4937894940376282,0.0,0.0,0.0,97332,97344,97825,97342,0,97344,STANDBY
-0.03999999910593033,-0.09000000357627869,9.8100004196167,0.0,0.0,0.0,1008.6580200195312,38.27000045776367,0.09569728374481201,-0.26060009002685547,0,0,0.0,0.0,0.0,0,0,-0.002868739888072014,0.0,0.004272591322660446,-0.4938200116157532,0.0,0.0,0.0,97432,97444,97911,97428,0,97444,STANDBY
-0.03999999910593033,-0.09000000357627869,9.800000190734863,0.0,0.0,0.0,1008.5674438476562,38.2400016784668,0.501705527305603,0.970879316329956,0,0,0.0,0.0,0.0,0,0,-0.0028382213786244392,0.0,0.004211554303765297,-0.4938810467720032,0.0,0.0,0.0,97532,97544,98015,97531,0,97544,STANDBY
-0.05000000074505806,-0.05999999865889549,9.800000190734863,0.0,0.0,0.0,1008.54296875,38.209999084472656,0.8932396173477173,3.288578510284424,0,0,0.0,0.0,0.0,0,0,-0.0028992583975195885,0.0,0.004058961756527424,-0.4939420819282532,0.0,0.0,0.0,97632,97644,98118,97635,0,97644,STANDBY
-0.029999999329447746,-0.07999999821186066,9.800000190734863,0.0,0.0,0.0,1008.5476684570312,38.209999084472656,0.9748815894126892,2.967589855194092,0,0,0.0,0.0,0.0,0,0,-0.002868739888072014,0.0,0.0040894802659749985,-0.4939725995063782,0.0,0.0,0.0,97732,97744,98221,97737,0,97744,STANDBY
-0.05999999865889549,-0.07999999821186066,9.789999961853027,0.0,0.0,0.0,1008.6436767578125,38.27000045776367,0.4281163811683655,-0.946082353591919,0,0,0.0,0.0,0.0,0,0,-0.002685628831386566,0.0,0.004272591322660446,-0.4938810467720032,0.0,0.0,0.0,97832,97844,98324,97841,0,97844,STANDBY
-0.03999999910593033,-0.10999999940395355,9.789999961853027,0.0,0.0,0.0,1008.6525268554688,38.27000045776367,0.18037420511245728,-3.3892738819122314,0,0,0.0,0.0,0.0,0,0,-0.0028382213786244392,0.0,0.004303109832108021,-0.4938810467720032,0.0,0.0,0.0,97932,97944,98427,97944,0,97944,STANDBY
-0.05000000074505806,-0.07999999821186066,9.800000190734863,0.0,0.0,0.0,1008.6559448242188,38.27000045776367,0.09778948128223419,-2.265618085861206,0,0,0.0,0.0,0.0,0,0,-0.002868739888072014,0.0,0.004333628341555595,-0.4940031170845032,0.0,0.0,0.0,98032,98044,98513,98030,0,98044,STANDBY
-0.05000000074505806,-0.07999999821186066,9.800000190734863,0.0,0.0,0.0,1008.6484375,38.27000045776367,0.1153394877910614,-0.7805349826812744,0,0,0.0,0.0,0.0,0,0,-0.002929776906967163,0.0,0.004303109832108021,-0.4939420819282532,0.0,0.0,0.0,98132,98144,98616,98136,0,98144,STANDBY
-0.029999999329447746,-0.09000000357627869,9.800000190734863,0.0,0.0,0.0,1008.6565551757812,38.279998779296875,0.07340969145298004,-0.2554214298725128,0,0,0.0,0.0,0.0,0,0,-0.002868739888072014,0.0,0.0042420728132128716,-0.4939725995063782,0.0,0.0,0.0,98232,98244,98719,98236,0,98244,STANDBY
-0.05000000074505806,-0.07000000029802322,9.800000190734863,0.0,0.0,0.0,1008.6517944335938,38.27000045776367,0.09469392895698547,-0.11596919596195221,0,0,0.0,0.0,0.0,0,0,-0.0027161473408341408,0.0,0.004181035794317722,-0.4940031170845032,0.0,0.0,0.0,98332,98344,98823,98339,0,98344,STANDBY
-0.05000000074505806,-0.09000000357627869,9.8100004196167,0.0,0.0,0.0,1008.6525268554688,38.27000045776367,0.1482006013393402,0.3557540774345398,0,0,0.0,0.0,0.0,0,0,-0.0029908139258623123,0.0,0.004058961756527424,-0.4940336346626282,0.0,0.0,0.0,98432,98444,98926,98443,0,98444,STANDBY
-0.05000000074505806,-0.07999999821186066,9.800000190734863,0.0,0.0,0.0,1008.5921020507812,38.22999954223633,0.35018134117126465,0.7849411368370056,0,0,0.0,0.0,0.0,0,0,-0.0026551103219389915,0.0,0.004333628341555595,-0.4939420819282532,0.0,0.0,0.0,98532,98544,99012,98529,0,98544,STANDBY
-0.05000000074505806,-0.05999999865889549,9.8100004196167,0.0,0.0,0.0,1008.56298828125,38.209999084472656,0.7293895483016968,2.3412861824035645,0,0,0.0,0.0,0.0,0,0,-0.0027161473408341408,0.0,0.004272591322660446,-0.4940031170845032,0.0,0.0,0.0,98632,98644,99115,98631,0,98644,STANDBY
-0.029999999329447746,-0.10000000149011612,9.8100004196167,0.0,0.0,0.0,1008.5457763671875,38.209999084472656,0.9316341280937195,3.109705924987793,0,0,0.0,0.0,0.0,0,0,-0.0028077028691768646,0.0,0.004211554303765297,-0.4940031170845032,0.0,0.0,0.0,98732,98744,99218,98735,0,98744,STANDBY
-0.03999999910593033,-0.07999999821186066,9.800000190734863,0.0,0.0,0.0,1008.6429443359375,38.2599983215332,0.41514599323272705,-0.3196970224380493,0,0,0.0,0.0,0.0,0,0,-0.002685628831386566,0.0,0.004211554303765297,-0.4940336346626282,0.0,0.0,0.0,98832,98844,99321,98838,0,98844,STANDBY
-0.05999999865889549,-0.07999999821186066,9.8100004196167,0.0,0.0,0.0,1008.662841796875,38.27000045776367,0.10877247154712677,-3.301208257675171,0,0,0.0,0.0,0.0,0,0,-0.0027161473408341408,0.0,0.004303109832108021,-0.4940031170845032,0.0,0.0,0.0,98932,98944,99424,98940,0,98944,STANDBY
-0.029999999329447746,-0.07999999821186066,9.8100004196167,0.0,0.0,0.0,1008.6702880859375,38.279998779296875,0.014886129647493362,-2.461214780807495,0,0,0.0,0.0,0.0,0,0,-0.002685628831386566,0.0,0.0042420728132128716,-0.4940336346626282,0.0,0.0,0.0,99032,99044,99510,99026,0,99044,STANDBY
-0.05999999865889549,-0.07000000029802322,9.8100004196167,0.0,0.0,0.0,1008.6484375,38.27000045776367,0.08312852680683136,-0.7142851948738098,0,0,0.0,0.0,0.0,0,0,-0.002533036284148693,0.0,0.004211554303765297,-0.4940031170845032,0.0,0.0,0.0,99132,99144,99613,99130,0,99144,STANDBY
-0.03999999910593033,-0.07999999821186066,9.800000190734863,0.0,0.0,0.0,1008.6702880859375,38.279998779296875,-0.012156063690781593,-0.26752468943595886,0,0,0.0,0.0,0.0,0,0,-0.002624591812491417,0.0,0.0040894802659749985,-0.4940031170845032,0.0,0.0,0.0,99232,99244,99717,99235,0,99244,STANDBY
-0.03999999910593033,-0.07999999821186066,9.8100004196167,0.0,0.0,0.0,1008.6702880859375,38.279998779296875,-0.01538553461432457,-0.3306712210178375,0,0,0.0,0.0,0.0,0,0,-0.002624591812491417,0.0,0.004150517284870148,-0.4940031170845032,0.0,0.0,0.0,99332,99344,99820,99337,0,99344,STANDBY
-0.05000000074505806,-0.07000000029802322,9.8100004196167,0.0,0.0,0.0,1008.6715698242188,38.279998779296875,-0.023036988452076912,-0.09933333098888397,0,0,0.0,0.0,0.0,0,0,-0.0026551103219389915,0.0,0.004119998775422573,-0.4940641522407532,0.0,0.0,0.0,99432,99444,99922,99443,0,99444,STANDBY
-0.05000000074505806,-0.09000000357627869,9.8100004196167,0.0,0.0,0.0,1008.580322265625,38.22999954223633,0.41654089093208313,1.3425570726394653,0,0,0.0,0.0,0.0,0,0,-0.002685628831386566,0.0,0.004211554303765297,-0.4940946698188782,0.0,0.0,0.0,99532,99544,100026,99543,0,99544,STANDBY
-0.05000000074505806,-0.10000000149011612,9.800000190734863,0.0,0.0,0.0,1008.5567016601562,38.209999084472656,0.7797426581382751,3.3739166259765625,0,0,0.0,0.0,0.0,0,0,-0.0027466658502817154,0.0,0.00436414685100317,-0.4940946698188782,0.0,0.0,0.0,99632,99644,100112,99629,0,99644,STANDBY
-0.05999999865889549,-0.07000000029802322,9.800000190734863,0.0,0.0,0.0,1008.5498657226562,38.209999084472656,0.8969182372093201,2.892573833465576,0,0,0.0,0.0,0.0,0,0,-0.0028992583975195885,0.0,0.004272591322660446,-0.4941862225532532,0.0,0.0,0.0,99732,99744,100215,99732,0,99744,STANDBY
-0.05000000074505806,-0.09000000357627869,9.800000190734863,0.0,0.0,0.0,1008.6546020507812,38.27000045776367,0.33471381664276123,-0.8784899711608887,0,0,0.0,0.0,0.0,0,0,-0.0027161473408341408,0.0,0.00436414685100317,-0.4941251873970032,0.0,0.0,0.0,99832,99844,100318,99835,0,99844,STANDBY
-0.03999999910593033,-0.07000000029802322,9.8100004196167,0.0,0.0,0.0,1008.66748046875,38.279998779296875,0.04535903036594391,-3.528677463531494,0,0,0.0,0.0,0.0,0,0,-0.0027466658502817154,0.0,0.004303109832108021,-0.4941862225532532,0.0,0.0,0.0,99933,99944,100421,99938,0,99944,STANDBY
-0.03999999910593033,-0.07000000029802322,9.8100004196167,0.0,0.0,0.0,1008.6571655273438,38.279998779296875,0.06216617673635483,-2.0710275173187256,0,0,0.0,0.0,0.0,0,0,-0.002685628831386566,0.0,0.0042420728132128716,-0.4941862225532532,0.0,0.0,0.0,100033,100044,100525,100041,0,100044,STANDBY
-0.05000000074505806,-0.07999999821186066,9.819999694824219,0.0,0.0,0.0,1008.66064453125,38.279998779296875,0.03700845316052437,-0.46246373653411865,0,0,0.0,0.0,0.0,0,0,-0.0025940733030438423,0.0,0.004272591322660446,-0.4941251873970032,0.0,0.0,0.0,100133,100144,100611,100127,0,100144,STANDBY
-0.05999999865889549,-0.07000000029802322,9.8100004196167,0.0,0.0,0.0,1008.6537475585938,38.279998779296875,0.04662301391363144,-0.2039618343114853,0,0,0.0,0.0,0.0,0,0,-0.0024109622463583946,0.0,0.004425183869898319,-0.4940336346626282,0.0,0.0,0.0,100233,100244,100713,100230,0,100244,STANDBY
-0.05000000074505806,-0.07999999821186066,9.800000190734863,0.0,0.0,0.0,1008.6578369140625,38.279998779296875,0.0891268253326416,0.22843016684055328,0,0,0.0,0.0,0.0,0,0,-0.0024109622463583946,0.0,0.004425183869898319,-0.4940336346626282,0.0,0.0,0.0,100333,100344,100816,100336,0,100344,STANDBY
-0.03999999910593033,-0.09000000357627869,9.800000190734863,0.0,0.0,0.0,1008.6531372070312,38.279998779296875,0.09794805943965912,0.31977441906929016,0,0,0.0,0.0,0.0,0,0,-0.0024414807558059692,0.0,0.004425183869898319,-0.4940031170845032,0.0,0.0,0.0,100433,100447,100920,100436,0,100447,STANDBY
-0.05000000074505806,-0.07999999821186066,9.789999961853027,0.0,0.0,0.0,1008.6157836914062,38.25,0.25346484780311584,0.4759279489517212,0,0,0.0,0.0,0.0,0,0,-0.0025940733030438423,0.0,0.004333628341555595,-0.4940946698188782,0.0,0.0,0.0,100533,100547,101022,100539,0,100547,STANDBY
-0.05000000074505806,-0.07999999821186066,9.800000190734863,0.0,0.0,0.0,1008.5545043945312,38.209999084472656,0.764427661895752,2.6647214889526367,0,0,0.0,0.0,0.0,0,0,-0.0026551103219389915,0.0,0.004394665360450745,-0.4940641522407532,0.0,0.0,0.0,100633,100647,101126,100642,0,100647,STANDBY
-0.029999999329447746,-0.07999999821186066,9.8100004196167,0.0,0.0,0.0,1008.5772705078125,38.209999084472656,0.8029924035072327,3.075749635696411,0,0,0.0,0.0,0.0,0,0,-0.0028077028691768646,0.0,0.004150517284870148,-0.4941862225532532,0.0,0.0,0.0,100733,100747,101229,100746,0,100747,STANDBY
-0.05000000074505806,-0.07999999821186066,9.789999961853027,0.0,0.0,0.0,1008.6580200195312,38.27000045776367,0.27892133593559265,-1.0138155221939087,0,0,0.0,0.0,0.0,0,0,-0.0028382213786244392,0.0,0.0042420728132128716,-0.4941862225532532,0.0,0.0,0.0,100833,100847,101315,100832,0,100847,STANDBY
-0.03999999910593033,-0.07999999821186066,9.800000190734863,0.0,0.0,0.0,1008.6777954101562,38.279998779296875,-0.02734546735882759,-3.648848533630371,0,0,0.0,0.0,0.0,0,0,-0.0028077028691768646,0.0,0.004272591322660446,-0.4941862225532532,0.0,0.0,0.0,100933,100947,101419,100936,0,100947,STANDBY
-0.05000000074505806,-0.09000000357627869,9.8100004196167,0.0,0.0,0.0,1008.681884765625,38.279998779296875,-0.11035695672035217,-2.496497869491577,0,0,0.0,0.0,0.0,0,0,-0.002624591812491417,0.0,0.004394665360450745,-0.4940641522407532,0.0,0.0,0.0,101033,101047,101521,101038,0,101047,STANDBY
-0.05999999865889549,-0.07999999821186066,9.800000190734863,0.0,0.0,0.0,1008.6763305664062,38.290000915527344,-0.10788798332214355,-0.8786962032318115,0,0,0.0,0.0,0.0,0,0,-0.0026551103219389915,0.0,0.0044862208887934685,-0.4940336346626282,0.0,0.0,0.0,101133,101147,101624,101141,0,101147,STANDBY
-0.03999999910593033,-0.09000000357627869,9.8100004196167,0.0,0.0,0.0,1008.665283203125,38.279998779296875,-0.028987612575292587,0.1148611456155777,0,0,0.0,0.0,0.0,0,0,-0.0027466658502817154,0.0,0.0044862208887934685,-0.4940946698188782,0.0,0.0,0.0,101233,101248,101727,101243,0,101248,STANDBY
-0.03999999910593033,-0.09000000357627869,9.8100004196167,0.0,0.0,0.0,1008.6743774414062,38.279998779296875,-0.05199628323316574,0.31141427159309387,0,0,0.0,0.0,0.0,0,0,-0.0028077028691768646,0.0,0.004547257907688618,-0.4941251873970032,0.0,0.0,0.0,101334,101348,101830,101347,0,101348,STANDBY
-0.05000000074505806,-0.07999999821186066,9.800000190734863,0.0,0.0,0.0,1008.678466796875,38.279998779296875,-0.09335663914680481,-0.1463916003704071,0,0,0.0,0.0,0.0,0,0,-0.0028382213786244392,0.0,0.004547257907688618,-0.4941251873970032,0.0,0.0,0.0,101434,101448,101916,101433,0,101448,STANDBY
-0.029999999329447746,-0.07999999821186066,9.800000190734863,0.0,0.0,0.0,1008.6102905273438,38.2400016784668,0.20958466827869415,0.6824001669883728,0,0,0.0,0.0,0.0,0,0,-0.0028077028691768646,0.0,0.0044862208887934685,-0.4941251873970032,0.0,0.0,0.0,101534,101548,102020,101537,0,101548,STANDBY
-0.05000000074505806,-0.07000000029802322,9.800000190734863,0.0,0.0,0.0,1008.5777587890625,38.220001220703125,0.6294443607330322,2.982638120651245,0,0,0.0,0.0,0.0,0,0,-0.002685628831386566,0.0,0.0044862208887934685,-0.4941251873970032,0.0,0.0,0.0,101634,101648,102122,101639,0,101648,STANDBY
-0.05999999865889549,-0.09000000357627869,9.8100004196167,0.0,0.0,0.0,1008.5482788085938,38.220001220703125,0.9198921918869019,3.755899429321289,0,0,0.0,0.0,0.0,0,0,-0.00277718435972929,0.0,0.004516739398241043,-0.4940946698188782,0.0,0.0,0.0,101734,101748,102225,101742,0,101748,STANDBY
-0.029999999329447746,-0.09000000357627869,9.8100004196167,0.0,0.0,0.0,1008.62158203125,38.27000045776367,0.5143746137619019,0.47821563482284546,0,0,0.0,0.0,0.0,0,0,-0.0028077028691768646,0.0,0.0044862208887934685,-0.4941251873970032,0.0,0.0,0.0,101834,101848,102329,101846,0,101848,STANDBY
-0.03999999910593033,-0.07000000029802322,9.8100004196167,0.0,0.0,0.0,1008.6481323242188,38.279998779296875,0.23775571584701538,-2.5855484008789062,0,0,0.0,0.0,0.0,0,0,-0.002929776906967163,0.0,0.004333628341555595,-0.4942167401313782,0.0,0.0,0.0,101934,101948,102415,101932,0,101948,STANDBY
-0.03999999910593033,-0.10000000149011612,9.8100004196167,0.0,0.0,0.0,1008.6481323242188,38.279998779296875,0.176599383354187,-2.007862091064453,0,0,0.0,0.0,0.0,0,0,-0.0028382213786244392,0.0,0.004425183869898319,-0.4941251873970032,0.0,0.0,0.0,102034,102048,102517,102037,0,102048,STANDBY
-0.05999999865889549,-0.07000000029802322,9.800000190734863,0.0,0.0,0.0,1008.6461181640625,38.290000915527344,0.1490064263343811,-0.8470195531845093,0,0,0.0,0.0,0.0,0,0,-0.002868739888072014,0.0,0.004394665360450745,-0.4941862225532532,0.0,0.0,0.0,102134,102148,102621,102137,0,102148,STANDBY
-0.019999999552965164,-0.07999999821186066,9.800000190734863,0.0,0.0,0.0,1008.6419677734375,38.290000915527344,0.15941309928894043,-0.3052670657634735,0,0,0.0,0.0,0.0,0,0,-0.0028382213786244392,0.0,0.004181035794317722,-0.4941251873970032,0.0,0.0,0.0,102234,102248,102723,102240,0,102248,STANDBY
-0.029999999329447746,-0.07999999821186066,9.800000190734863,0.0,0.0,0.0,1008.6638793945312,38.290000915527344,0.03727935627102852,-0.46870607137680054,0,0,0.0,0.0,0.0,0,0,-0.002685628831386566,0.0,0.0042420728132128716,-0.4940336346626282,0.0,0.0,0.0,102334,102348,102827,102343,0,102348,STANDBY
-0.05000000074505806,-0.07000000029802322,9.8100004196167,0.0,0.0,0.0,1008.65234375,38.290000915527344,0.05496061593294144,-0.5412212014198303,0,0,0.0,0.0,0.0,0,0,-0.0026551103219389915,0.0,0.004272591322660446,-0.4940031170845032,0.0,0.0,0.0,102434,102448,102930,102447,0,102448,STANDBY
-0.019999999552965164,-0.07999999821186066,9.800000190734863,0.0,0.0,0.0,1008.5775146484375,38.2400016784668,0.4535420536994934,1.2325999736785889,0,0,0.0,0.0,0.0,0,0,-0.0027466658502817154,0.0,0.004119998775422573,-0.4940031170845032,0.0,0.0,0.0,102534,102548,103016,102533,0,102548,STANDBY
-0.03999999910593033,-0.07000000029802322,9.8100004196167,0.0,0.0,0.0,1008.5578002929688,38.22999954223633,0.8015873432159424,3.285654067993164,0,0,0.0,0.0,0.0,0,0,-0.002624591812491417,0.0,0.0040894802659749985,-0.4940336346626282,0.0,0.0,0.0,102634,102648,103119,102637,0,102648,STANDBY
-0.029999999329447746,-0.07999999821186066,9.800000190734863,0.0,0.0,0.0,1008.55029296875,38.220001220703125,0.919835090637207,2.8367223739624023,0,0,0.0,0.0,0.0,0,0,-0.0028992583975195885,0.0,0.003936887718737125,-0.4940946698188782,0.0,0.0,0.0,102734,102748,103223,102739,0,102748,STANDBY
-0.029999999329447746,-0.10000000149011612,9.800000190734863,0.0,0.0,0.0,1008.641357421875,38.279998779296875,0.4121854603290558,-0.7435739636421204,0,0,0.0,0.0,0.0,0,0,-0.0028077028691768646,0.0,0.004150517284870148,-0.4941251873970032,0.0,0.0,0.0,102834,102848,103325,102842,0,102848,STANDBY
-0.05999999865889549,-0.07999999821186066,9.8100004196167,0.0,0.0,0.0,1008.6495361328125,38.290000915527344,0.19321385025978088,-3.0369231700897217,0,0,0.0,0.0,0.0,0,0,-0.0029908139258623123,0.0,0.0040894802659749985,-0.4941251873970032,0.0,0.0,0.0,102934,102948,103429,102945,0,102948,STANDBY
-0.029999999329447746,-0.10999999940395355,9.8100004196167,0.0,0.0,0.0,1008.6570434570312,38.290000915527344,0.10124634206295013,-2.061296224594116,0,0,0.0,0.0,0.0,0,0,-0.002868739888072014,0.0,0.004272591322660446,-0.4941251873970032,0.0,0.0,0.0,103034,103048,103515,103031,0,103048,STANDBY
-0.05999999865889549,-0.07000000029802322,9.8100004196167,0.0,0.0,0.0,1008.6495361328125,38.290000915527344,0.1315339356660843,-0.6793268918991089,0,0,0.0,0.0,0.0,0,0,-0.00277718435972929,0.0,0.00436414685100317,-0.4941251873970032,0.0,0.0,0.0,103134,103148,103618,103137,0,103148,STANDBY
-0.029999999329447746,-0.10000000149011612,9.800000190734863,0.0,0.0,0.0,1008.66455078125,38.290000915527344,0.05448275804519653,-0.2822902202606201,0,0,0.0,0.0,0.0,0,0,-0.002929776906967163,0.0,0.004272591322660446,-0.4940641522407532,0.0,0.0,0.0,103234,103248,103721,103237,0,103248,STANDBY
-0.05000000074505806,-0.07999999821186066,9.800000190734863,0.0,0.0,0.0,1008.6570434570312,38.290000915527344,0.09371734410524368,-0.17187285423278809,0,0,0.0,0.0,0.0,0,0,-0.0026551103219389915,0.0,0.004394665360450745,-0.4940336346626282,0.0,0.0,0.0,103334,103348,103824,103341,0,103348,STANDBY
-0.05000000074505806,-0.07999999821186066,9.8100004196167,0.0,0.0,0.0,1008.669189453125,38.29999923706055,-0.006870098412036896,-0.3142353296279907,0,0,0.0,0.0,0.0,0,0,-0.003021332435309887,0.0,0.004272591322660446,-0.4940946698188782,0.0,0.0,0.0,103434,103448,103927,103445,0,103448,STANDBY
-0.019999999552965164,-0.10999999940395355,9.8100004196167,0.0,0.0,0.0,1008.6038818359375,38.2599983215332,0.31221047043800354,0.5480798482894897,0,0,0.0,0.0,0.0,0,0,-0.0029602954164147377,0.0,0.004394665360450745,-0.4939725995063782,0.0,0.0,0.0,103534,103548,104031,103547,0,103548,STANDBY
-0.05999999865889549,-0.07000000029802322,9.800000190734863,0.0,0.0,0.0,1008.52001953125,38.22999954223633,0.994316816329956,3.9598276615142822,0,0,0.0,0.0,0.0,0,0,-0.0029908139258623123,0.0,0.004303109832108021,-0.4940031170845032,0.0,0.0,0.0,103634,103648,104117,103633,0,103648,STANDBY
-0.029999999329447746,-0.09000000357627869,9.800000190734863,0.0,0.0,0.0,1008.5357055664062,38.22999954223633,1.098455548286438,4.266399383544922,0,0,0.0,0.0,0.0,0,0,-0.0030518509447574615,0.0,0.004181035794317722,-0.4940336346626282,0.0,0.0,0.0,103734,103748,104220,103737,0,103748,STANDBY
-0.05000000074505806,-0.07000000029802322,9.8100004196167,0.0,0.0,0.0,1008.6226806640625,38.290000915527344,0.5859495401382446,-0.3938065767288208,0,0,0.0,0.0,0.0,0,0,-0.00277718435972929,0.0,0.004211554303765297,-0.4940336346626282,0.0,0.0,0.0,103834,103848,104323,103839,0,103848,STANDBY
-0.03999999910593033,-0.07999999821186066,9.800000190734863,0.0,0.0,0.0,1008.6355590820312,38.29999923706055,0.3517853617668152,-3.0907630920410156,0,0,0.0,0.0,0.0,0,0,-0.00277718435972929,0.0,0.004303109832108021,-0.4939725995063782,0.0,0.0,0.0,103934,103948,104426,103943,0,103948,STANDBY
-0.029999999329447746,-0.09000000357627869,9.789999961853027,0.0,0.0,0.0,1008.6204833984375,38.29999923706055,0.3772694766521454,-1.7036994695663452,0,0,0.0,0.0,0.0,0,0,-0.0026551103219389915,0.0,0.00436414685100317,-0.4939725995063782,0.0,0.0,0.0,104034,104048,104529,104046,0,104048,STANDBY
-0.05000000074505806,-0.09000000357627869,9.800000190734863,0.0,0.0,0.0,1008.6218872070312,38.29999923706055,0.33494704961776733,-0.5317596197128296,0,0,0.0,0.0,0.0,0,0,-0.0028382213786244392,0.0,0.0042420728132128716,-0.4940031170845032,0.0,0.0,0.0,104134,104148,104615,104132,0,104148,STANDBY
-0.03999999910593033,-0.10000000149011612,9.800000190734863,0.0,0.0,0.0,1008.645263671875,38.29999923706055,0.2207004427909851,-0.6729329824447632,0,0,0.0,0.0,0.0,0,0,-0.0027466658502817154,0.0,0.004455702379345894,-0.4940031170845032,0.0,0.0,0.0,104235,104248,104719,104238,0,104248,STANDBY
-0.05000000074505806,-0.07999999821186066,9.8100004196167,0.0,0.0,0.0,1008.6383666992188,38.29999923706055,0.2244844138622284,-0.5334711074829102,0,0,0.0,0.0,0.0,0,0,-0.002868739888072014,0.0,0.004425183869898319,-0.4939725995063782,0.0,0.0,0.0,104335,104348,104821,104338,0,104348,STANDBY
-0.03999999910593033,-0.10999999940395355,9.8100004196167,0.0,0.0,0.0,1008.64453125,38.29999923706055,0.19411897659301758,-0.24320942163467407,0,0,0.0,0.0,0.0,0,0,-0.002868739888072014,0.0,0.004516739398241043,-0.4939115643501282,0.0,0.0,0.0,104435,104448,104925,104446,0,104448,STANDBY
-0.03999999910593033,-0.07999999821186066,9.800000190734863,0.0,0.0,0.0,1008.5582885742188,38.2400016784668,0.5501970052719116,0.8433278203010559,0,0,0.0,0.0,0.0,0,0,-0.0026551103219389915,0.0,0.004516739398241043,-0.4938810467720032,0.0,0.0,0.0,104535,104548,105027,104544,0,104548,STANDBY
-0.05000000074505806,-0.05999999865889549,9.789999961853027,0.0,0.0,0.0,1008.5571899414062,38.220001220703125,0.821445643901825,2.6349241733551025,0,0,0.0,0.0,0.0,0,0,-0.0028382213786244392,0.0,0.004333628341555595,-0.4939420819282532,0.0,0.0,0.0,104635,104648,105131,104647,0,104648,STANDBY
-0.029999999329447746,-0.09000000357627869,9.800000190734863,0.0,0.0,0.0,1008.5460205078125,38.22999954223633,0.956558883190155,2.57578706741333,0,0,0.0,0.0,0.0,0,0,-0.0028382213786244392,0.0,0.0042420728132128716,-0.4939420819282532,0.0,0.0,0.0,104735,104748,105217,104733,0,104748,STANDBY
-0.05000000074505806,-0.07000000029802322,9.789999961853027,0.0,0.0,0.0,1008.6542358398438,38.290000915527344,0.36892592906951904,-0.9830484390258789,0,0,0.0,0.0,0.0,0,0,-0.0027161473408341408,0.0,0.00436414685100317,-0.4939725995063782,0.0,0.0,0.0,104835,104848,105320,104838,0,104848,STANDBY
-0.029999999329447746,-0.10000000149011612,9.8100004196167,0.0,0.0,0.0,1008.6554565429688,38.29999923706055,0.1748144030570984,-3.2695512771606445,0,0,0.0,0.0,0.0,0,0,-0.002929776906967163,0.0,0.004181035794317722,-0.4939420819282532,0.0,0.0,0.0,104935,104948,105422,104939,0,104948,STANDBY
-0.03999999910593033,-0.09000000357627869,9.789999961853027,0.0,0.0,0.0,1008.64306640625,38.29999923706055,0.13722050189971924,-1.9694111347198486,0,0,0.0,0.0,0.0,0,0,-0.0027161473408341408,0.0,0.004333628341555595,-0.4939420819282532,0.0,0.0,0.0,105035,105048,105526,105042,0,105048,STANDBY
-0.05000000074505806,-0.07999999821186066,9.800000190734863,0.0,0.0,0.0,1008.6595458984375,38.29999923706055,0.0733422189950943,-0.8406087160110474,0,0,0.0,0.0,0.0,0,0,-0.0029602954164147377,0.0,0.0042420728132128716,-0.4940336346626282,0.0,0.0,0.0,105135,105148,105629,105146,0,105148,STANDBY
-0.019999999552965164,-0.09000000357627869,9.8100004196167,0.0,0.0,0.0,1008.6492919921875,38.29999923706055,0.11574412882328033,-0.18003365397453308,0,0,0.0,0.0,0.0,0,0,-0.0029602954164147377,0.0,0.0042420728132128716,-0.4940336346626282,0.0,0.0,0.0,105235,105248,105715,105231,0,105248,STANDBY
-0.05999999865889549,-0.07000000029802322,9.8100004196167,0.0,0.0,0.0,1008.6314697265625,38.29999923706055,0.19994622468948364,0.3496914207935333,0,0,0.0,0.0,0.0,0,0,-0.0029908139258623123,0.0,0.004272591322660446,-0.4940641522407532,0.0,0.0,0.0,105335,105348,105818,105334,0,105348,STANDBY
-0.029999999329447746,-0.09000000357627869,9.8100004196167,0.0,0.0,0.0,1008.6342163085938,38.29999923706055,0.29218441247940063,0.8729874491691589,0,0,0.0,0.0,0.0,0,0,-0.003082369454205036,0.0,0.004211554303765297,-0.4940946698188782,0.0,0.0,0.0,105435,105448,105921,105438,0,105448,STANDBY
-0.03999999910593033,-0.07000000029802322,9.800000190734863,0.0,0.0,0.0,1008.5491943359375,38.25,0.6391019225120544,1.638106346130371,0,0,0.0,0.0,0.0,0,0,-0.0027161473408341408,0.0,0.004333628341555595,-0.4940336346626282,0.0,0.0,0.0,105535,105548,106024,105541,0,105548,STANDBY
-0.05000000074505806,-0.07000000029802322,9.800000190734863,0.0,0.0,0.0,1008.527587890625,38.22999954223633,1.012886643409729,3.0589194297790527,0,0,0.0,0.0,0.0,0,0,-0.002929776906967163,0.0,0.004150517284870148,-0.4940946698188782,0.0,0.0,0.0,105635,105648,106128,105645,0,105648,STANDBY
-0.03999999910593033,-0.09000000357627869,9.800000190734863,0.0,0.0,0.0,1008.5076293945312,38.22999954223633,1.1856145858764648,3.070748805999756,0,0,0.0,0.0,0.0,0,0,-0.002868739888072014,0.0,0.004272591322660446,-0.4940336346626282,0.0,0.0,0.0,105736,105748,106231,105747,0,105748,STANDBY
-0.05999999865889549,-0.07000000029802322,9.800000190734863,0.0,0.0,0.0,1008.619873046875,38.290000915527344,0.6318747997283936,-0.5467669367790222,0,0,0.0,0.0,0.0,0,0,-0.0026551103219389915,0.0,0.004394665360450745,-0.4939725995063782,0.0,0.0,0.0,105836,105848,106317,105833,0,105848,STANDBY
-0.03999999910593033,-0.07999999821186066,9.789999961853027,0.0,0.0,0.0,1008.654052734375,38.310001373291016,0.21128186583518982,-3.841717004776001,0,0,0.0,0.0,0.0,0,0,-0.0027161473408341408,0.0,0.004333628341555595,-0.4939725995063782,0.0,0.0,0.0,105936,105948,106420,105939,0,105948,STANDBY
-0.05000000074505806,-0.07999999821186066,9.789999961853027,0.0,0.0,0.0,1008.6478271484375,38.310001373291016,0.1649549901485443,-2.925436019897461,0,0,0.0,0.0,0.0,0,0,-0.002685628831386566,0.0,0.00436414685100317,-0.4940031170845032,0.0,0.0,0.0,106036,106048,106523,106040,0,106048,STANDBY
-0.05000000074505806,-0.07999999821186066,9.800000190734863,0.0,0.0,0.0,1008.6465454101562,38.29999923706055,0.15550239384174347,-0.8755491375923157,0,0,0.0,0.0,0.0,0,0,-0.0025940733030438423,0.0,0.004425183869898319,-0.4939420819282532,0.0,0.0,0.0,106136,106148,106627,106143,0,106148,STANDBY
-0.029999999329447746,-0.10000000149011612,9.789999961853027,0.0,0.0,0.0,1008.6478271484375,38.310001373291016,0.13952186703681946,-0.28420886397361755,0,0,0.0,0.0,0.0,0,0,-0.0028077028691768646,0.0,0.004303109832108021,-0.4939725995063782,0.0,0.0,0.0,106236,106248,106730,106247,0,106248,STANDBY
-0.03999999910593033,-0.07999999821186066,9.800000190734863,0.0,0.0,0.0,1008.6621704101562,38.310001373291016,0.07766400277614594,-0.2961498498916626,0,0,0.0,0.0,0.0,0,0,-0.0028382213786244392,0.0,0.004303109832108021,-0.4939725995063782,0.0,0.0,0.0,106336,106348,106816,106333,0,106348,STANDBY
-0.05000000074505806,-0.07999999821186066,9.789999961853027,0.0,0.0,0.0,1008.65185546875,38.310001373291016,0.12061785161495209,-0.10500066727399826,0,0,0.0,0.0,0.0,0,0,-0.002685628831386566,0.0,0.004394665360450745,-0.4939115643501282,0.0,0.0,0.0,106436,106449,106919,106435,0,106449,STANDBY
-0.03999999910593033,-0.09000000357627869,9.789999961853027,0.0,0.0,0.0,1008.609130859375,38.279998779296875,0.29961201548576355,0.6011350154876709,0,0,0.0,0.0,0.0,0,0,-0.002624591812491417,0.0,0.004516739398241043,-0.4938200116157532,0.0,0.0,0.0,106536,106549,107022,106540,0,106549,STANDBY
-0.05000000074505806,-0.07999999821186066,9.800000190734863,0.0,0.0,0.0,1008.5316162109375,38.22999954223633,0.8998700380325317,3.0610365867614746,0,0,0.0,0.0,0.0,0,0,-0.002685628831386566,0.0,0.004455702379345894,-0.4938810467720032,0.0,0.0,0.0,106636,106649,107125,106642,0,106649,STANDBY
-0.029999999329447746,-0.07999999821186066,9.800000190734863,0.0,0.0,0.0,1008.5548706054688,38.25,0.9485199451446533,3.5119078159332275,0,0,0.0,0.0,0.0,0,0,-0.0026551103219389915,0.0,0.004333628341555595,-0.4938810467720032,0.0,0.0,0.0,106736,106749,107229,106745,0,106749,STANDBY
-0.03999999910593033,-0.09000000357627869,9.8100004196167,0.0,0.0,0.0,1008.6458740234375,38.29999923706055,0.37615203857421875,-1.0272777080535889,0,0,0.0,0.0,0.0,0,0,-0.002685628831386566,0.0,0.00436414685100317,-0.4938810467720032,0.0,0.0,0.0,106836,106849,107332,106849,0,106849,STANDBY
-0.03999999910593033,-0.09000000357627869,9.800000190734863,0.0,0.0,0.0,1008.64501953125,38.310001373291016,0.18034765124320984,-3.432015895843506,0,0,0.0,0.0,0.0,0,0,-0.0027466658502817154,0.0,0.00436414685100317,-0.4938810467720032,0.0,0.0,0.0,106936,106949,107418,106935,0,106949,STANDBY
-0.05000000074505806,-0.07999999821186066,9.8100004196167,0.0,0.0,0.0,1008.6443481445312,38.310001373291016,0.1949634850025177,-1.5948984622955322,0,0,0.0,0.0,0.0,0,0,-0.0028992583975195885,0.0,0.004394665360450745,-0.4939420819282532,0.0,0.0,0.0,107036,107049,107521,107039,0,107049,STANDBY
-0.05000000074505806,-0.07999999821186066,9.800000190734863,0.0,0.0,0.0,1008.65185546875,38.310001373291016,0.15143989026546478,-0.3352149426937103,0,0,0.0,0.0,0.0,0,0,-0.0028992583975195885,0.0,0.004333628341555595,-0.4940336346626282,0.0,0.0,0.0,107136,107149,107624,107141,0,107149,STANDBY
-0.03999999910593033,-0.07999999821186066,9.800000190734863,0.0,0.0,0.0,1008.6553344726562,38.310001373291016,0.13270136713981628,-0.27316761016845703,0,0,0.0,0.0,0.0,0,0,-0.002929776906967163,0.0,0.0042420728132128716,-0.4940641522407532,0.0,0.0,0.0,107236,107249,107727,107244,0,107249,STANDBY
-0.03999999910593033,-0.09000000357627869,9.800000190734863,0.0,0.0,0.0,1008.6587524414062,38.310001373291016,0.10998502373695374,-0.194838285446167,0,0,0.0,0.0,0.0,0,0,-0.0029908139258623123,0.0,0.004181035794317722,-0.4940641522407532,0.0,0.0,0.0,107336,107350,107830,107346,0,107350,STANDBY
-0.03999999910593033,-0.09000000357627869,9.8100004196167,0.0,0.0,0.0,1008.6690673828125,38.310001373291016,0.02727016992866993,-0.45725053548812866,0,0,0.0,0.0,0.0,0,0,-0.0028382213786244392,0.0,0.004211554303765297,-0.4939420819282532,0.0,0.0,0.0,107436,107453,107933,107453,0,107453,STANDBY
-0.05000000074505806,-0.07999999821186066,9.800000190734863,0.0,0.0,0.0,1008.603759765625,38.27000045776367,0.2754252851009369,0.2017155885696411,0,0,0.0,0.0,0.0,0,0,-0.002685628831386566,0.0,0.0042420728132128716,-0.4939115643501282,0.0,0.0,0.0,107536,107553,108019,107539,0,107553,STANDBY
-0.03999999910593033,-0.09000000357627869,9.8100004196167,0.0,0.0,0.0,1008.55419921875,38.2400016784668,0.7754436731338501,2.8819472789764404,0,0,0.0,0.0,0.0,0,0,-0.002868739888072014,0.0,0.004181035794317722,-0.4939725995063782,0.0,0.0,0.0,107636,107653,108123,107639,0,107653,STANDBY
-0.03999999910593033,-0.09000000357627869,9.8100004196167,0.0,0.0,0.0,1008.5567016601562,38.25,0.9031879305839539,3.4510178565979004,0,0,0.0,0.0,0.0,0,0,-0.002868739888072014,0.0,0.004272591322660446,-0.4940031170845032,0.0,0.0,0.0,107736,107753,108226,107743,0,107753,STANDBY
-0.05000000074505806,-0.09000000357627869,9.800000190734863,0.0,0.0,0.0,1008.6554565429688,38.29999923706055,0.47257721424102783,0.05452936887741089,0,0,0.0,0.0,0.0,0,0,-0.0028382213786244392,0.0,0.004333628341555595,-0.4939725995063782,0.0,0.0,0.0,107836,107853,108329,107845,0,107853,STANDBY
-0.03999999910593033,-0.07999999821186066,9.800000190734863,0.0,0.0,0.0,1008.6478271484375,38.310001373291016,0.21208366751670837,-2.810784101486206,0,0,0.0,0.0,0.0,0,0,-0.00277718435972929,0.0,0.004455702379345894,-0.4939115643501282,0.0,0.0,0.0,107936,107953,108432,107949,0,107953,STANDBY
-0.03999999910593033,-0.09000000357627869,9.800000190734863,0.0,0.0,0.0,1008.6478271484375,38.310001373291016,0.15226483345031738,-2.356224775314331,0,0,0.0,0.0,0.0,0,0,-0.0028382213786244392,0.0,0.004516739398241043,-0.4939115643501282,0.0,0.0,0.0,108036,108053,108535,108052,0,108053,STANDBY
-0.05999999865889549,-0.10000000149011612,9.819999694824219,0.0,0.0,0.0,1008.6375122070312,38.310001373291016,0.19291827082633972,-0.6074607968330383,0,0,0.0,0.0,0.0,0,0,-0.002929776906967163,0.0,0.0044862208887934685,-0.4939725995063782,0.0,0.0,0.0,108136,108153,108621,108139,0,108153,STANDBY
-0.05000000074505806,-0.07999999821186066,9.8100004196167,0.0,0.0,0.0,1008.6615600585938,38.310001373291016,0.15688078105449677,0.09652222692966461,0,0,0.0,0.0,0.0,0,0,-0.0028382213786244392,0.0,0.004547257907688618,-0.4939420819282532,0.0,0.0,0.0,108236,108253,108725,108240,0,108253,STANDBY
-0.03999999910593033,-0.07000000029802322,9.800000190734863,0.0,0.0,0.0,1008.6353149414062,38.310001373291016,0.19692334532737732,0.007673670072108507,0,0,0.0,0.0,0.0,0,0,-0.0028382213786244392,0.0,0.004394665360450745,-0.4940031170845032,0.0,0.0,0.0,108336,108353,108827,108344,0,108353,STANDBY
-0.029999999329447746,-0.07000000029802322,9.8100004196167,0.0,0.0,0.0,1008.635986328125,38.31999969482422,0.2110297977924347,-0.0003884732723236084,0,0,0.0,0.0,0.0,0,0,-0.00277718435972929,0.0,0.004272591322660446,-0.4940336346626282,0.0,0.0,0.0,108436,108453,108931,108447,0,108453,STANDBY
-0.029999999329447746,-0.07999999821186066,9.800000190734863,0.0,0.0,0.0,1008.53466796875,38.2599983215332,0.7153490781784058,1.7266901731491089,0,0,0.0,0.0,0.0,0,0,-0.002624591812491417,0.0,0.0042420728132128716,-0.4939725995063782,0.0,0.0,0.0,108536,108553,109034,108551,0,108553,STANDBY
-0.05000000074505806,-0.07999999821186066,9.800000190734863,0.0,0.0,0.0,1008.5443725585938,38.25,0.998765766620636,3.619028091430664,0,0,0.0,0.0,0.0,0,0,-0.0025025177747011185,0.0,0.0042420728132128716,-0.4939420819282532,0.0,0.0,0.0,108637,108653,109120,108637,0,108653,STANDBY
-0.029999999329447746,-0.07999999821186066,9.800000190734863,0.0,0.0,0.0,1008.5320434570312,38.25,1.0437335968017578,2.400318145751953,0,0,0.0,0.0,0.0,0,0,-0.002624591812491417,0.0,0.004119998775422573,-0.4939725995063782,0.0,0.0,0.0,108737,108753,109223,108740,0,108753,STANDBY
-0.03999999910593033,-0.07999999821186066,9.800000190734863,0.0,0.0,0.0,1008.6375122070312,38.310001373291016,0.5064643621444702,-1.2822511196136475,0,0,0.0,0.0,0.0,0,0,-0.002685628831386566,0.0,0.004119998775422573,-0.4939725995063782,0.0,0.0,0.0,108837,108853,109326,108843,0,108853,STANDBY
-0.03999999910593033,-0.07000000029802322,9.8100004196167,0.0,0.0,0.0,1008.6436157226562,38.31999969482422,0.22530066967010498,-3.4986677169799805,0,0,0.0,0.0,0.0,0,0,-0.0027161473408341408,0.0,0.0040894802659749985,-0.4939725995063782,0.0,0.0,0.0,108937,108953,109429,108946,0,108953,STANDBY
-0.019999999552965164,-0.07999999821186066,9.800000190734863,0.0,0.0,0.0,1008.6436157226562,38.31999969482422,0.1657945066690445,-2.4178943634033203,0,0,0.0,0.0,0.0,0,0,-0.0028077028691768646,0.0,0.0039674062281847,-0.4939725995063782,0.0,0.0,0.0,109037,109053,109533,109049,0,109053,STANDBY
-0.03999999910593033,-0.07999999821186066,9.8100004196167,0.0,0.0,0.0,1008.6463012695312,38.31999969482422,0.19373014569282532,-0.5352973937988281,0,0,0.0,0.0,0.0,0,0,-0.0028382213786244392,0.0,0.003875850699841976,-0.4940031170845032,0.0,0.0,0.0,109137,109153,109619,109135,0,109153,STANDBY
-0.03999999910593033,-0.07000000029802322,9.800000190734863,0.0,0.0,0.0,1008.6497802734375,38.31999969482422,0.11813058704137802,-0.2833881378173828,0,0,0.0,0.0,0.0,0,0,-0.0027466658502817154,0.0,0.003875850699841976,-0.4940336346626282,0.0,0.0,0.0,109237,109253,109722,109240,0,109253,STANDBY
-0.03999999910593033,-0.07999999821186066,9.819999694824219,0.0,0.0,0.0,1008.65380859375,38.31999969482422,0.10931934416294098,-0.4322742521762848,0,0,0.0,0.0,0.0,0,0,-0.002685628831386566,0.0,0.0039674062281847,-0.4940031170845032,0.0,0.0,0.0,109337,109353,109826,109342,0,109353,STANDBY
-0.019999999552965164,-0.07999999821186066,9.8100004196167,0.0,0.0,0.0,1008.668212890625,38.31999969482422,0.022279972210526466,-0.3800198435783386,0,0,0.0,0.0,0.0,0,0,-0.0027466658502817154,0.0,0.003875850699841976,-0.4940031170845032,0.0,0.0,0.0,109437,109453,109929,109449,0,109453,STANDBY
-0.029999999329447746,-0.07999999821186066,9.8100004196167,0.0,0.0,0.0,1008.6116943359375,38.290000915527344,0.23999856412410736,0.17322760820388794,0,0,0.0,0.0,0.0,0,0,-0.0028382213786244392,0.0,0.003936887718737125,-0.4940336346626282,0.0,0.0,0.0,109537,109553,110032,109548,0,109553,STANDBY
-0.03999999910593033,-0.07999999821186066,9.819999694824219,0.0,0.0,0.0,1008.5656127929688,38.2599983215332,0.6648069620132446,2.423435688018799,0,0,0.0,0.0,0.0,0,0,-0.00277718435972929,0.0,0.003936887718737125,-0.4940336346626282,0.0,0.0,0.0,109637,109654,110136,109651,0,109654,STANDBY
-0.03999999910593033,-0.07999999821186066,9.800000190734863,0.0,0.0,0.0,1008.5731201171875,38.2599983215332,0.7608984708786011,2.8749208450317383,0,0,0.0,0.0,0.0,0,0,-0.0027161473408341408,0.0,0.004028443247079849,-0.4939420819282532,0.0,0.0,0.0,109737,109754,110222,109741,0,109754,STANDBY
-0.03999999910593033,-0.10000000149011612,9.8100004196167,0.0,0.0,0.0,1008.64501953125,38.310001373291016,0.3495117127895355,-0.37083864212036133,0,0,0.0,0.0,0.0,0,0,-0.00277718435972929,0.0,0.0040894802659749985,-0.4940031170845032,0.0,0.0,0.0,109837,109854,110325,109841,0,109854,STANDBY
-0.05999999865889549,-0.07999999821186066,9.8100004196167,0.0,0.0,0.0,1008.651123046875,38.31999969482422,0.17916575074195862,-2.4152050018310547,0,0,0.0,0.0,0.0,0,0,-0.0026551103219389915,0.0,0.004150517284870148,-0.4939725995063782,0.0,0.0,0.0,109937,109954,110428,109944,0,109954,STANDBY
-0.029999999329447746,-0.09000000357627869,9.8100004196167,0.0,0.0,0.0,1008.6648559570312,38.31999969482422,0.0845494493842125,-1.6440171003341675,0,0,0.0,0.0,0.0,0,0,-0.0029602954164147377,0.0,0.004028443247079849,-0.4940946698188782,0.0,0.0,0.0,110038,110054,110531,110048,0,110054,STANDBY
-0.03999999910593033,-0.10000000149011612,9.8100004196167,0.0,0.0,0.0,1008.65380859375,38.31999969482422,0.07617148756980896,-0.813459575176239,0,0,0.0,0.0,0.0,0,0,-0.002929776906967163,0.0,0.004058961756527424,-0.4941251873970032,0.0,0.0,0.0,110138,110154,110635,110151,0,110154,STANDBY
-0.05000000074505806,-0.07999999821186066,9.819999694824219,0.0,0.0,0.0,1008.6497802734375,38.31999969482422,0.15858760476112366,0.10653167963027954,0,0,0.0,0.0,0.0,0,0,-0.0028382213786244392,0.0,0.004150517284870148,-0.4940336346626282,0.0,0.0,0.0,110238,110254,110721,110237,0,110254,STANDBY
-0.03999999910593033,-0.07000000029802322,9.8100004196167,0.0,0.0,0.0,1008.6688842773438,38.31999969482422,0.021046532317996025,-0.104921855032444,0,0,0.0,0.0,0.0,0,0,-0.002868739888072014,0.0,0.004211554303765297,-0.4940641522407532,0.0,0.0,0.0,110338,110354,110824,110341,0,110354,STANDBY
-0.03999999910593033,-0.09000000357627869,9.819999694824219,0.0,0.0,0.0,1008.6442260742188,38.31999969482422,0.11450804024934769,-0.33131033182144165,0,0,0.0,0.0,0.0,0,0,-0.003021332435309887,0.0,0.004150517284870148,-0.4941251873970032,0.0,0.0,0.0,110438,110454,110927,110449,0,110454,STANDBY
-0.05999999865889549,-0.10000000149011612,9.800000190734863,0.0,0.0,0.0,1008.5660400390625,38.27000045776367,0.5447862148284912,1.6657735109329224,0,0,0.0,0.0,0.0,0,0,-0.0028992583975195885,0.0,0.0042420728132128716,-0.4940641522407532,0.0,0.0,0.0,110538,110554,111031,110547,0,110554,STANDBY
-0.03999999910593033,-0.07000000029802322,9.8100004196167,0.0,0.0,0.0,1008.552490234375,38.2599983215332,0.8758299946784973,3.472508192062378,0,0,0.0,0.0,0.0,0,0,-0.0028077028691768646,0.0,0.0042420728132128716,-0.4940031170845032,0.0,0.0,0.0,110638,110654,111133,110650,0,110654,STANDBY
-0.03999999910593033,-0.09000000357627869,9.800000190734863,0.0,0.0,0.0,1008.55029296875,38.2599983215332,0.9265150427818298,2.5283234119415283,0,0,0.0,0.0,0.0,0,0,-0.0028992583975195885,0.0,0.004211554303765297,-0.4940946698188782,0.0,0.0,0.0,110738,110754,111237,110753,0,110754,STANDBY
-0.05000000074505806,-0.10000000149011612,9.800000190734863,0.0,0.0,0.0,1008.6353149414062,38.310001373291016,0.5584146976470947,-0.39641809463500977,0,0,0.0,0.0,0.0,0,0,-0.0029602954164147377,0.0,0.004211554303765297,-0.4940641522407532,0.0,0.0,0.0,110838,110854,111323,110841,0,110854,STANDBY
-0.03999999910593033,-0.09000000357627869,9.800000190734863,0.0,0.0,0.0,1008.6448364257812,38.31999969482422,0.27637746930122375,-2.605093002319336,0,0,0.0,0.0,0.0,0,0,-0.0029908139258623123,0.0,0.004272591322660446,-0.4941251873970032,0.0,0.0,0.0,110938,110954,111426,110943,0,110954,STANDBY
-0.029999999329447746,-0.07999999821186066,9.8100004196167,0.0,0.0,0.0,1008.6339111328125,38.31999969482422,0.26217809319496155,-2.1107215881347656,0,0,0.0,0.0,0.0,0,0,-0.0028382213786244392,0.0,0.004303109832108021,-0.4940336346626282,0.0,0.0,0.0,111038,111054,111529,111046,0,111054,STANDBY
-0.05999999865889549,-0.09000000357627869,9.8100004196167,0.0,0.0,0.0,1008.6160888671875,38.31999969482422,0.3951824903488159,-0.011029154062271118,0,0,0.0,0.0,0.0,0,0,-0.0028077028691768646,0.0,0.004333628341555595,-0.4940641522407532,0.0,0.0,0.0,111138,111154,111632,111149,0,111154,STANDBY
-0.03999999910593033,-0.09000000357627869,9.8100004196167,0.0,0.0,0.0,1008.6454467773438,38.33000183105469,0.20255187153816223,-0.19874480366706848,0,0,0.0,0.0,0.0,0,0,-0.0028382213786244392,0.0,0.004394665360450745,-0.4940641522407532,0.0,0.0,0.0,111238,111254,111735,111252,0,111254,STANDBY
-0.03999999910593033,-0.07000000029802322,9.800000190734863,0.0,0.0,0.0,1008.6482543945312,38.31999969482422,0.16739992797374725,-0.9341350793838501,0,0,0.0,0.0,0.0,0,0,-0.0027466658502817154,0.0,0.004333628341555595,-0.4940336346626282,0.0,0.0,0.0,111338,111354,111821,111341,0,111354,STANDBY
-0.029999999329447746,-0.09000000357627869,9.800000190734863,0.0,0.0,0.0,1008.6448364257812,38.31999969482422,0.17470505833625793,-0.3148764967918396,0,0,0.0,0.0,0.0,0,0,-0.0028992583975195885,0.0,0.004211554303765297,-0.4940946698188782,0.0,0.0,0.0,111438,111454,111925,111441,0,111454,STANDBY
-0.03999999910593033,-0.09000000357627869,9.800000190734863,0.0,0.0,0.0,1008.5811157226562,38.279998779296875,0.48007524013519287,0.9103091359138489,0,0,0.0,0.0,0.0,0,0,-0.0027466658502817154,0.0,0.004333628341555595,-0.4940336346626282,0.0,0.0,0.0,111538,111554,112028,111545,0,111554,STANDBY
-0.05000000074505806,-0.09000000357627869,9.8100004196167,0.0,0.0,0.0,1008.5427856445312,38.2599983215332,0.8933578729629517,2.9879813194274902,0,0,0.0,0.0,0.0,0,0,-0.0028992583975195885,0.0,0.004211554303765297,-0.4940641522407532,0.0,0.0,0.0,111638,111654,112132,111648,0,111654,STANDBY
-0.029999999329447746,-0.09000000357627869,9.800000190734863,0.0,0.0,0.0,1008.571533203125,38.27000045776367,0.8175334930419922,2.2760956287384033,0,0,0.0,0.0,0.0,0,0,-0.002929776906967163,0.0,0.004181035794317722,-0.4940641522407532,0.0,0.0,0.0,111738,111754,112234,111751,0,111754,STANDBY
-0.03999999910593033,-0.09000000357627869,9.800000190734863,0.0,0.0,0.0,1008.6366577148438,38.31999969482422,0.4347395896911621,-1.1036393642425537,0,0,0.0,0.0,0.0,0,0,-0.0028992583975195885,0.0,0.0042420728132128716,-0.4940641522407532,0.0,0.0,0.0,111838,111854,112321,111837,0,111854,STANDBY
-0.05000000074505806,-0.07999999821186066,9.789999961853027,0.0,0.0,0.0,1008.6529541015625,38.33000183105469,0.2143465280532837,-2.615945339202881,0,0,0.0,0.0,0.0,0,0,-0.002868739888072014,0.0,0.004394665360450745,-0.4940031170845032,0.0,0.0,0.0,111938,111954,112423,111941,0,111954,STANDBY
-0.029999999329447746,-0.09000000357627869,9.789999961853027,0.0,0.0,0.0,1008.6741943359375,38.33000183105469,0.03390858322381973,-2.232947826385498,0,0,0.0,0.0,0.0,0,0,-0.0027161473408341408,0.0,0.004303109832108021,-0.4939725995063782,0.0,0.0,0.0,112038,112054,112527,112044,0,112054,STANDBY
-0.05999999865889549,-0.07000000029802322,9.800000190734863,0.0,0.0,0.0,1008.6454467773438,38.33000183105469,0.13132178783416748,-0.9153327345848083,0,0,0.0,0.0,0.0,0,0,-0.0026551103219389915,0.0,0.004394665360450745,-0.4939725995063782,0.0,0.0,0.0,112138,112154,112630,112147,0,112154,STANDBY
-0.029999999329447746,-0.07999999821186066,9.789999961853027,0.0,0.0,0.0,1008.6576538085938,38.33000183105469,0.12055891752243042,0.13892492651939392,0,0,0.0,0.0,0.0,0,0,-0.0027161473408341408,0.0,0.004394665360450745,-0.4939420819282532,0.0,0.0,0.0,112238,112254,112734,112249,0,112254,STANDBY
-0.03999999910593033,-0.07000000029802322,9.789999961853027,0.0,0.0,0.0,1008.6386108398438,38.33000183105469,0.17064636945724487,0.16128785908222198,0,0,0.0,0.0,0.0,0,0,-0.0026551103219389915,0.0,0.004425183869898319,-0.4939725995063782,0.0,0.0,0.0,112338,112354,112836,112353,0,112354,STANDBY
-0.05000000074505806,-0.07999999821186066,9.8100004196167,0.0,0.0,0.0,1008.6804809570312,38.33000183105469,-0.0176396481692791,-0.4755156338214874,0,0,0.0,0.0,0.0,0,0,-0.0027161473408341408,0.0,0.004425183869898319,-0.4939420819282532,0.0,0.0,0.0,112438,112454,112922,112441,0,112454,STANDBY
-0.05000000074505806,-0.07999999821186066,9.789999961853027,0.0,0.0,0.0,1008.6074829101562,38.29999923706055,0.2544781565666199,0.02195681631565094,0,0,0.0,0.0,0.0,0,0,-0.002685628831386566,0.0,0.004455702379345894,-0.4939725995063782,0.0,0.0,0.0,112538,112555,113026,112542,0,112555,STANDBY
-0.03999999910593033,-0.07000000029802322,9.789999961853027,0.0,0.0,0.0,1008.55029296875,38.2599983215332,0.7968355417251587,3.0422959327697754,0,0,0.0,0.0,0.0,0,0,-0.002624591812491417,0.0,0.004425183869898319,-0.4939725995063782,0.0,0.0,0.0,112638,112655,113129,112645,0,112655,STANDBY
-0.05000000074505806,-0.07999999821186066,9.789999961853027,0.0,0.0,0.0,1008.559814453125,38.27000045776367,0.8721752762794495,3.4120192527770996,0,0,0.0,0.0,0.0,0,0,-0.0027466658502817154,0.0,0.00436414685100317,-0.4940031170845032,0.0,0.0,0.0,112738,112755,113231,112748,0,112755,STANDBY
-0.019999999552965164,-0.09000000357627869,9.789999961853027,0.0,0.0,0.0,1008.6351318359375,38.33000183105469,0.4786498546600342,-0.23273533582687378,0,0,0.0,0.0,0.0,0,0,-0.0028077028691768646,0.0,0.004303109832108021,-0.4939725995063782,0.0,0.0,0.0,112838,112855,113335,112851,0,112855,STANDBY
-0.03999999910593033,-0.09000000357627869,9.800000190734863,0.0,0.0,0.0,1008.6480712890625,38.34000015258789,0.2542986273765564,-2.4630327224731445,0,0,0.0,0.0,0.0,0,0,-0.0028382213786244392,0.0,0.0042420728132128716,-0.4940336346626282,0.0,0.0,0.0,112939,112955,113438,112954,0,112955,STANDBY
-0.029999999329447746,-0.09000000357627869,9.8100004196167,0.0,0.0,0.0,1008.6658325195312,38.34000015258789,0.10254856944084167,-2.1471691131591797,0,0,0.0,0.0,0.0,0,0,-0.0029602954164147377,0.0,0.0042420728132128716,-0.4940336346626282,0.0,0.0,0.0,113039,113055,113524,113042,0,113055,STANDBY
-0.05000000074505806,-0.09000000357627869,9.819999694824219,0.0,0.0,0.0,1008.6618041992188,38.34000015258789,0.03447544574737549,-1.4233592748641968,0,0,0.0,0.0,0.0,0,0,-0.00277718435972929,0.0,0.004303109832108021,-0.4939725995063782,0.0,0.0,0.0,113139,113155,113627,113143,0,113155,STANDBY
-0.05000000074505806,-0.07999999821186066,9.8100004196167,0.0,0.0,0.0,1008.6514892578125,38.34000015258789,0.1222970113158226,-0.28719663619995117,0,0,0.0,0.0,0.0,0,0,-0.0028077028691768646,0.0,0.0042420728132128716,-0.4940336346626282,0.0,0.0,0.0,113239,113255,113730,113247,0,113255,STANDBY
-0.03999999910593033,-0.09000000357627869,9.800000190734863,0.0,0.0,0.0,1008.6309204101562,38.34000015258789,0.21234063804149628,0.5925601720809937,0,0,0.0,0.0,0.0,0,0,-0.002929776906967163,0.0,0.004181035794317722,-0.4940946698188782,0.0,0.0,0.0,113339,113355,113833,113350,0,113355,STANDBY
-0.03999999910593033,-0.07999999821186066,9.800000190734863,0.0,0.0,0.0,1008.652099609375,38.34000015258789,0.12075676769018173,0.09369789063930511,0,0,0.0,0.0,0.0,0,0,-0.00277718435972929,0.0,0.004303109832108021,-0.4940031170845032,0.0,0.0,0.0,113439,113455,113937,113454,0,113455,STANDBY
-0.03999999910593033,-0.10000000149011612,9.8100004196167,0.0,0.0,0.0,1008.56982421875,38.290000915527344,0.47943270206451416,0.7897310256958008,0,0,0.0,0.0,0.0,0,0,-0.002868739888072014,0.0,0.004333628341555595,-0.4940031170845032,0.0,0.0,0.0,113539,113555,114023,113542,0,113555,STANDBY
-0.05000000074505806,-0.09000000357627869,9.800000190734863,0.0,0.0,0.0,1008.531005859375,38.27000045776367,0.9783400297164917,3.5236635208129883,0,0,0.0,0.0,0.0,0,0,-0.0026551103219389915,0.0,0.004455702379345894,-0.4939420819282532,0.0,0.0,0.0,113639,113655,114126,113642,0,113655,STANDBY
-0.05000000074505806,-0.07000000029802322,9.800000190734863,0.0,0.0,0.0,1008.5660400390625,38.27000045776367,0.9054312705993652,2.932080030441284,0,0,0.0,0.0,0.0,0,0,-0.00277718435972929,0.0,0.004394665360450745,-0.4939420819282532,0.0,0.0,0.0,113739,113755,114229,113745,0,113755,STANDBY
-0.029999999329447746,-0.09000000357627869,9.8100004196167,0.0,0.0,0.0,1008.6576538085938,38.33000183105469,0.3627853989601135,-1.4919397830963135,0,0,0.0,0.0,0.0,0,0,-0.0028077028691768646,0.0,0.004333628341555595,-0.4940031170845032,0.0,0.0,0.0,113839,113855,114332,113849,0,113855,STANDBY
-0.03999999910593033,-0.07999999821186066,9.8100004196167,0.0,0.0,0.0,1008.6624755859375,38.34000015258789,0.09317124634981155,-3.6762213706970215,0,0,0.0,0.0,0.0,0,0,-0.00277718435972929,0.0,0.0042420728132128716,-0.4940031170845032,0.0,0.0,0.0,113939,113955,114436,113951,0,113955,STANDBY
-0.03999999910593033,-0.10000000149011612,9.800000190734863,0.0,0.0,0.0,1008.65625,38.34000015258789,0.06713555753231049,-2.2787768840789795,0,0,0.0,0.0,0.0,0,0,-0.002868739888072014,0.0,0.004150517284870148,-0.4940336346626282,0.0,0.0,0.0,114039,114055,114522,114038,0,114055,STANDBY
-0.03999999910593033,-0.07999999821186066,9.800000190734863,0.0,0.0,0.0,1008.670654296875,38.34000015258789,0.03123147413134575,-0.6089679002761841,0,0,0.0,0.0,0.0,0,0,-0.0027466658502817154,0.0,0.004272591322660446,-0.4939725995063782,0.0,0.0,0.0,114139,114155,114625,114142,0,114155,STANDBY
-0.03999999910593033,-0.07000000029802322,9.819999694824219,0.0,0.0,0.0,1008.6514892578125,38.34000015258789,0.06958737224340439,-0.14066356420516968,0,0,0.0,0.0,0.0,0,0,-0.0027161473408341408,0.0,0.004150517284870148,-0.4939115643501282,0.0,0.0,0.0,114239,114255,114727,114244,0,114255,STANDBY
-0.029999999329447746,-0.09000000357627869,9.8100004196167,0.0,0.0,0.0,1008.6240844726562,38.34000015258789,0.24272359907627106,0.6047258377075195,0,0,0.0,0.0,0.0,0,0,-0.002929776906967163,0.0,0.003997924737632275,-0.4940336346626282,0.0,0.0,0.0,114339,114355,114831,114348,0,114355,STANDBY
-0.05000000074505806,-0.09000000357627869,9.800000190734863,0.0,0.0,0.0,1008.6603393554688,38.34000015258789,0.08142565190792084,0.2696038484573364,0,0,0.0,0.0,0.0,0,0,-0.002685628831386566,0.0,0.004150517284870148,-0.4940031170845032,0.0,0.0,0.0,114440,114455,114934,114451,0,114455,STANDBY
-0.05999999865889549,-0.07000000029802322,9.800000190734863,0.0,0.0,0.0,1008.5889892578125,38.290000915527344,0.38885498046875,0.4464922249317169,0,0,0.0,0.0,0.0,0,0,-0.0026551103219389915,0.0,0.004333628341555595,-0.4939420819282532,0.0,0.0,0.0,114540,114555,115038,114553,0,114555,STANDBY
-0.029999999329447746,-0.09000000357627869,9.8100004196167,0.0,0.0,0.0,1008.5509643554688,38.27000045776367,0.8391842842102051,3.0439741611480713,0,0,0.0,0.0,0.0,0,0,-0.0026551103219389915,0.0,0.004272591322660446,-0.4939420819282532,0.0,0.0,0.0,114640,114655,115124,114640,0,114655,STANDBY
-0.05999999865889549,-0.07000000029802322,9.819999694824219,0.0,0.0,0.0,1008.5639038085938,38.279998779296875,0.8800369501113892,2.9695558547973633,0,0,0.0,0.0,0.0,0,0,-0.002624591812491417,0.0,0.004272591322660446,-0.4939420819282532,0.0,0.0,0.0,114740,114755,115227,114743,0,114755,STANDBY
-0.03999999910593033,-0.09000000357627869,9.819999694824219,0.0,0.0,0.0,1008.6529541015625,38.33000183105469,0.3610703647136688,-1.0041489601135254,0,0,0.0,0.0,0.0,0,0,-0.00277718435972929,0.0,0.004119998775422573,-0.4939725995063782,0.0,0.0,0.0,114840,114855,115330,114846,0,114855,STANDBY
-0.03999999910593033,-0.07000000029802322,9.819999694824219,0.0,0.0,0.0,1008.6618041992188,38.34000015258789,0.09582288563251495,-3.427823066711426,0,0,0.0,0.0,0.0,0,0,-0.0027161473408341408,0.0,0.004181035794317722,-0.4939725995063782,0.0,0.0,0.0,114940,114955,115433,114950,0,114955,STANDBY
-0.03999999910593033,-0.07999999821186066,9.819999694824219,0.0,0.0,0.0,1008.6618041992188,38.34000015258789,0.0684579461812973,-2.0999603271484375,0,0,0.0,0.0,0.0,0,0,-0.0025940733030438423,0.0,0.004181035794317722,-0.4938810467720032,0.0,0.0,0.0,115040,115055,115536,115053,0,115055,STANDBY
-0.029999999329447746,-0.09000000357627869,9.800000190734863,0.0,0.0,0.0,1008.6693115234375,38.34000015258789,0.016290433704853058,-0.6914736032485962,0,0,0.0,0.0,0.0,0,0,-0.0027161473408341408,0.0,0.0042420728132128716,-0.4938810467720032,0.0,0.0,0.0,115140,115155,115622,115139,0,115155,STANDBY
-0.05999999865889549,-0.07000000029802322,9.8100004196167,0.0,0.0,0.0,1008.6603393554688,38.34000015258789,0.05292384326457977,-0.21389496326446533,0,0,0.0,0.0,0.0,0,0,-0.002624591812491417,0.0,0.004272591322660446,-0.4939115643501282,0.0,0.0,0.0,115240,115255,115726,115244,0,115255,STANDBY
-0.05999999865889549,-0.07999999821186066,9.8100004196167,0.0,0.0,0.0,1008.6500244140625,38.34000015258789,0.12546157836914062,0.34830760955810547,0,0,0.0,0.0,0.0,0,0,-0.00277718435972929,0.0,0.004119998775422573,-0.4939725995063782,0.0,0.0,0.0,115340,115355,115829,115345,0,115355,STANDBY
-0.029999999329447746,-0.09000000357627869,9.800000190734863,0.0,0.0,0.0,1008.6612548828125,38.349998474121094,0.05146803706884384,0.058904096484184265,0,0,0.0,0.0,0.0,0,0,-0.0028077028691768646,0.0,0.004211554303765297,-0.4940031170845032,0.0,0.0,0.0,115440,115456,115932,115449,0,115456,STANDBY
-0.05000000074505806,-0.07999999821186066,9.800000190734863,0.0,0.0,0.0,1008.5907592773438,38.310001373291016,0.3621530830860138,0.6347432136535645,0,0,0.0,0.0,0.0,0,0,-0.0028077028691768646,0.0,0.004211554303765297,-0.4940031170845032,0.0,0.0,0.0,115540,115556,116035,115552,0,115556,STANDBY
-0.05000000074505806,-0.07999999821186066,9.800000190734863,0.0,0.0,0.0,1008.53076171875,38.279998779296875,0.932741641998291,3.522674322128296,0,0,0.0,0.0,0.0,0,0,-0.0028077028691768646,0.0,0.004303109832108021,-0.4939725995063782,0.0,0.0,0.0,115640,115656,116139,115655,0,115656,STANDBY
-0.05000000074505806,-0.10000000149011612,9.800000190734863,0.0,0.0,0.0,1008.552001953125,38.279998779296875,0.9538911581039429,3.4522151947021484,0,0,0.0,0.0,0.0,0,0,-0.00277718435972929,0.0,0.004394665360450745,-0.4940031170845032,0.0,0.0,0.0,115740,115756,116225,115743,0,115756,STANDBY
-0.03999999910593033,-0.07999999821186066,9.800000190734863,0.0,0.0,0.0,1008.6465454101562,38.34000015258789,0.37888196110725403,-1.1923987865447998,0,0,0.0,0.0,0.0,0,0,-0.0027466658502817154,0.0,0.004333628341555595,-0.4939725995063782,0.0,0.0,0.0,115840,115856,116328,115844,0,115856,STANDBY
-0.03999999910593033,-0.09000000357627869,9.8100004196167,0.0,0.0,0.0,1008.6509399414062,38.349998474121094,0.17818716168403625,-3.394486904144287,0,0,0.0,0.0,0.0,0,0,-0.00277718435972929,0.0,0.004394665360450745,-0.4938810467720032,0.0,0.0,0.0,115940,115956,116430,115947,0,115956,STANDBY
-0.019999999552965164,-0.09000000357627869,9.8100004196167,0.0,0.0,0.0,1008.6859130859375,38.349998474121094,-0.025109410285949707,-2.348766326904297,0,0,0.0,0.0,0.0,0,0,-0.0027161473408341408,0.0,0.0044862208887934685,-0.4938810467720032,0.0,0.0,0.0,116040,116056,116534,116050,0,116056,STANDBY
-0.05999999865889549,-0.07999999821186066,9.800000190734863,0.0,0.0,0.0,1008.6677856445312,38.349998474121094,-0.025220278650522232,-1.3189961910247803,0,0,0.0,0.0,0.0,0,0,-0.0028077028691768646,0.0,0.004516739398241043,-0.4939115643501282,0.0,0.0,0.0,116140,116156,116637,116154,0,116156,STANDBY
-0.029999999329447746,-0.10000000149011612,9.819999694824219,0.0,0.0,0.0,1008.6687622070312,38.349998474121094,-0.029384100809693336,-0.44851934909820557,0,0,0.0,0.0,0.0,0,0,-0.003021332435309887,0.0,0.00436414685100317,-0.4939725995063782,0.0,0.0,0.0,116240,116256,116723,116243,0,116256,STANDBY
-0.05000000074505806,-0.07000000029802322,9.800000190734863,0.0,0.0,0.0,1008.661865234375,38.349998474121094,0.04553123190999031,0.25299903750419617,0,0,0.0,0.0,0.0,0,0,-0.0028382213786244392,0.0,0.004272591322660446,-0.4940031170845032,0.0,0.0,0.0,116340,116356,116827,116343,0,116356,STANDBY
-0.03999999910593033,-0.07000000029802322,9.8100004196167,0.0,0.0,0.0,1008.6612548828125,38.349998474121094,0.04106578230857849,0.34830009937286377,0,0,0.0,0.0,0.0,0,0,-0.0029602954164147377,0.0,0.004181035794317722,-0.4940336346626282,0.0,0.0,0.0,116440,116456,116929,116451,0,116456,STANDBY
-0.03999999910593033,-0.09000000357627869,9.8100004196167,0.0,0.0,0.0,1008.5546875,38.290000915527344,0.5459798574447632,1.5968306064605713,0,0,0.0,0.0,0.0,0,0,-0.0028077028691768646,0.0,0.004211554303765297,-0.4940031170845032,0.0,0.0,0.0,116540,116556,117032,116549,0,116556,STANDBY
-0.05999999865889549,-0.07000000029802322,9.789999961853027,0.0,0.0,0.0,1008.548583984375,38.279998779296875,0.9060609340667725,3.7976202964782715,0,0,0.0,0.0,0.0,0,0,-0.0027161473408341408,0.0,0.004181035794317722,-0.4940031170845032,0.0,0.0,0.0,116640,116656,117136,116653,0,116656,STANDBY
-0.03999999910593033,-0.10000000149011612,9.8100004196167,0.0,0.0,0.0,1008.5404663085938,38.279998779296875,1.0161068439483643,3.1003050804138184,0,0,0.0,0.0,0.0,0,0,-0.0028992583975195885,0.0,0.004150517284870148,-0.4940946698188782,0.0,0.0,0.0,116740,116756,117239,116756,0,116756,STANDBY
-0.05000000074505806,-0.07999999821186066,9.789999961853027,0.0,0.0,0.0,1008.6550903320312,38.349998474121094,0.43325135111808777,-0.8998568654060364,0,0,0.0,0.0,0.0,0,0,-0.00277718435972929,0.0,0.004333628341555595,-0.4940336346626282,0.0,0.0,0.0,116840,116856,117325,116843,0,116856,STANDBY
-0.05000000074505806,-0.09000000357627869,9.8100004196167,0.0,0.0,0.0,1008.6557006835938,38.349998474121094,0.18576960265636444,-3.459244728088379,0,0,0.0,0.0,0.0,0,0,-0.002868739888072014,0.0,0.004425183869898319,-0.4940336346626282,0.0,0.0,0.0,116940,116956,117428,116944,0,116956,STANDBY
-0.03999999910593033,-0.09000000357627869,9.800000190734863,0.0,0.0,0.0,1008.6557006835938,38.349998474121094,0.12087415158748627,-2.316000461578369,0,0,0.0,0.0,0.0,0,0,-0.002868739888072014,0.0,0.004425183869898319,-0.4940641522407532,0.0,0.0,0.0,117040,117056,117531,117048,0,117056,STANDBY
-0.05000000074505806,-0.07999999821186066,9.8100004196167,0.0,0.0,0.0,1008.6707153320312,38.36000061035156,0.029903635382652283,-1.0633927583694458,0,0,0.0,0.0,0.0,0,0,-0.0028077028691768646,0.0,0.004455702379345894,-0.4940641522407532,0.0,0.0,0.0,117140,117156,117635,117150,0,117156,STANDBY
-0.03999999910593033,-0.07999999821186066,9.800000190734863,0.0,0.0,0.0,1008.6604614257812,38.36000061035156,0.0306180939078331,-0.6244714856147766,0,0,0.0,0.0,0.0,0,0,-0.002868739888072014,0.0,0.004394665360450745,-0.4940946698188782,0.0,0.0,0.0,117240,117256,117737,117254,0,117256,STANDBY
-0.03999999910593033,-0.07999999821186066,9.8100004196167,0.0,0.0,0.0,1008.6542358398438,38.36000061035156,0.09659627079963684,0.06772273778915405,0,0,0.0,0.0,0.0,0,0,-0.0027466658502817154,0.0,0.00436414685100317,-0.4940641522407532,0.0,0.0,0.0,117341,117356,117823,117340,0,117356,STANDBY
-0.03999999910593033,-0.07999999821186066,9.8100004196167,0.0,0.0,0.0,1008.6461181640625,38.36000061035156,0.10710074007511139,0.27156659960746765,0,0,0.0,0.0,0.0,0,0,-0.0027466658502817154,0.0,0.00436414685100317,-0.4940336346626282,0.0,0.0,0.0,117441,117456,117926,117444,0,117456,STANDBY
-0.03999999910593033,-0.07999999821186066,9.800000190734863,0.0,0.0,0.0,1008.5716552734375,38.310001373291016,0.4668137729167938,1.14742112159729,0,0,0.0,0.0,0.0,0,0,-0.0027161473408341408,0.0,0.004272591322660446,-0.4940336346626282,0.0,0.0,0.0,117541,117556,118030,117547,0,117556,STANDBY
-0.05000000074505806,-0.07999999821186066,9.8100004196167,0.0,0.0,0.0,1008.5390625,38.290000915527344,0.8975270986557007,3.3717055320739746,0,0,0.0,0.0,0.0,0,0,-0.002685628831386566,0.0,0.004303109832108021,-0.4940031170845032,0.0,0.0,0.0,117641,117656,118133,117649,0,117656,STANDBY
-0.05000000074505806,-0.07000000029802322,9.8100004196167,0.0,0.0,0.0,1008.5335693359375,38.279998779296875,1.0200910568237305,3.213923931121826,0,0,0.0,0.0,0.0,0,0,-0.00277718435972929,0.0,0.004303109832108021,-0.4940031170845032,0.0,0.0,0.0,117741,117756,118236,117752,0,117756,STANDBY
-0.029999999329447746,-0.07999999821186066,9.8100004196167,0.0,0.0,0.0,1008.631103515625,38.349998474121094,0.4956789016723633,-0.6547386050224304,0,0,0.0,0.0,0.0,0,0,-0.0027466658502817154,0.0,0.0042420728132128716,-0.4940031170845032,0.0,0.0,0.0,117841,117856,118322,117838,0,117856,STANDBY
-0.05999999865889549,-0.09000000357627869,9.800000190734863,0.0,0.0,0.0,1008.623291015625,38.36000061035156,0.38405877351760864,-2.627424716949463,0,0,0.0,0.0,0.0,0,0,-0.0027161473408341408,0.0,0.004303109832108021,-0.4939725995063782,0.0,0.0,0.0,117941,117956,118425,117944,0,117956,STANDBY
-0.03999999910593033,-0.09000000357627869,9.8100004196167,0.0,0.0,0.0,1008.6548461914062,38.36000061035156,0.19615796208381653,-1.832061529159546,0,0,0.0,0.0,0.0,0,0,-0.00277718435972929,0.0,0.004425183869898319,-0.4940031170845032,0.0,0.0,0.0,118041,118056,118529,118044,0,118056,STANDBY
-0.03999999910593033,-0.07999999821186066,9.8100004196167,0.0,0.0,0.0,1008.6514282226562,38.36000061035156,0.11083929985761642,-1.5024476051330566,0,0,0.0,0.0,0.0,0,0,-0.0028077028691768646,0.0,0.004394665360450745,-0.4940336346626282,0.0,0.0,0.0,118141,118156,118632,118148,0,118156,STANDBY
-0.05000000074505806,-0.07999999821186066,9.819999694824219,0.0,0.0,0.0,1008.6439208984375,38.36000061035156,0.1476142853498459,-0.6449496746063232,0,0,0.0,0.0,0.0,0,0,-0.00277718435972929,0.0,0.004394665360450745,-0.4939725995063782,0.0,0.0,0.0,118241,118256,118734,118251,0,118256,STANDBY
-0.03999999910593033,-0.09000000357627869,9.800000190734863,0.0,0.0,0.0,1008.64794921875,38.36000061035156,0.14884915947914124,0.07030756026506424,0,0,0.0,0.0,0.0,0,0,-0.00277718435972929,0.0,0.004394665360450745,-0.4940031170845032,0.0,0.0,0.0,118341,118356,118838,118354,0,118356,STANDBY
-0.03999999910593033,-0.07999999821186066,9.8100004196167,0.0,0.0,0.0,1008.6542358398438,38.36000061035156,0.13853159546852112,0.08164163678884506,0,0,0.0,0.0,0.0,0,0,-0.0027466658502817154,0.0,0.004333628341555595,-0.4940336346626282,0.0,0.0,0.0,118441,118456,118924,118440,0,118456,STANDBY
-0.03999999910593033,-0.07999999821186066,9.8100004196167,0.0,0.0,0.0,1008.5953369140625,38.33000183105469,0.38728076219558716,0.7320212125778198,0,0,0.0,0.0,0.0,0,0,-0.002685628831386566,0.0,0.004211554303765297,-0.4939725995063782,0.0,0.0,0.0,118541,118556,119027,118544,0,118556,STANDBY
-0.029999999329447746,-0.07999999821186066,9.819999694824219,0.0,0.0,0.0,1008.5075073242188,38.279998779296875,1.0480047464370728,3.5038199424743652,0,0,0.0,0.0,0.0,0,0,-0.002685628831386566,0.0,0.004150517284870148,-0.4939725995063782,0.0,0.0,0.0,118641,118656,119130,118646,0,118656,STANDBY
-0.05000000074505806,-0.07999999821186066,9.8100004196167,0.0,0.0,0.0,1008.549072265625,38.29999923706055,1.0421371459960938,3.7056989669799805,0,0,0.0,0.0,0.0,0,0,-0.0027466658502817154,0.0,0.004119998775422573,-0.4940031170845032,0.0,0.0,0.0,118742,118756,119233,118750,0,118756,STANDBY
-0.05000000074505806,-0.09000000357627869,9.800000190734863,0.0,0.0,0.0,1008.650146484375,38.36000061035156,0.3868267834186554,-1.4261894226074219,0,0,0.0,0.0,0.0,0,0,-0.0027466658502817154,0.0,0.004272591322660446,-0.4939420819282532,0.0,0.0,0.0,118842,118856,119336,118853,0,118856,STANDBY
-0.03999999910593033,-0.09000000357627869,9.8100004196167,0.0,0.0,0.0,1008.6760864257812,38.369998931884766,0.05641171336174011,-4.273838520050049,0,0,0.0,0.0,0.0,0,0,-0.0027466658502817154,0.0,0.004181035794317722,-0.4939725995063782,0.0,0.0,0.0,118942,118956,119422,118939,0,118956,STANDBY
-0.05000000074505806,-0.09000000357627869,9.819999694824219,0.0,0.0,0.0,1008.6542358398438,38.36000061035156,0.05040936917066574,-2.5406734943389893,0,0,0.0,0.0,0.0,0,0,-0.0027466658502817154,0.0,0.004333628341555595,-0.4939420819282532,0.0,0.0,0.0,119042,119056,119526,119045,0,119056,STANDBY
-0.03999999910593033,-0.07999999821186066,9.8100004196167,0.0,0.0,0.0,1008.6417236328125,38.369998931884766,0.1299505978822708,-0.40868455171585083,0,0,0.0,0.0,0.0,0,0,-0.0027466658502817154,0.0,0.00436414685100317,-0.4939420819282532,0.0,0.0,0.0,119142,119156,119629,119145,0,119156,STANDBY
-0.05000000074505806,-0.07999999821186066,9.819999694824219,0.0,0.0,0.0,1008.6417236328125,38.369998931884766,0.1903989166021347,0.5793665647506714,0,0,0.0,0.0,0.0,0,0,-0.002868739888072014,0.0,0.004303109832108021,-0.4940031170845032,0.0,0.0,0.0,119242,119256,119732,119248,0,119256,STANDBY
-0.03999999910593033,-0.10000000149011612,9.800000190734863,0.0,0.0,0.0,1008.6417236328125,38.369998931884766,0.19878393411636353,0.4827542304992676,0,0,0.0,0.0,0.0,0,0,-0.0028077028691768646,0.0,0.004333628341555595,-0.4939420819282532,0.0,0.0,0.0,119342,119356,119835,119352,0,119356,STANDBY
-0.05000000074505806,-0.07999999821186066,9.8100004196167,0.0,0.0,0.0,1008.6451416015625,38.369998931884766,0.19312740862369537,0.13459184765815735,0,0,0.0,0.0,0.0,0,0,-0.0027161473408341408,0.0,0.004425183869898319,-0.4938810467720032,0.0,0.0,0.0,119442,119456,119939,119455,0,119456,STANDBY
-0.03999999910593033,-0.09000000357627869,9.8100004196167,0.0,0.0,0.0,1008.5310668945312,38.310001373291016,0.7089391350746155,1.575751543045044,0,0,0.0,0.0,0.0,0,0,-0.0028077028691768646,0.0,0.004394665360450745,-0.4938810467720032,0.0,0.0,0.0,119542,119556,120025,119541,0,119556,STANDBY
-0.029999999329447746,-0.07999999821186066,9.800000190734863,0.0,0.0,0.0,1008.5415649414062,38.29999923706055,1.0083924531936646,3.622880220413208,0,0,0.0,0.0,0.0,0,0,-0.0028992583975195885,0.0,0.0042420728132128716,-0.4939725995063782,0.0,0.0,0.0,119642,119656,120128,119645,0,119656,STANDBY
-0.05000000074505806,-0.07999999821186066,9.800000190734863,0.0,0.0,0.0,1008.5709228515625,38.29999923706055,0.8546087741851807,1.8887577056884766,0,0,0.0,0.0,0.0,0,0,-0.0027466658502817154,0.0,0.004333628341555595,-0.4938810467720032,0.0,0.0,0.0,119742,119756,120231,119747,0,119756,STANDBY
-0.029999999329447746,-0.09000000357627869,9.800000190734863,0.0,0.0,0.0,1008.6533813476562,38.369998931884766,0.32221901416778564,-2.238027572631836,0,0,0.0,0.0,0.0,0,0,-0.00277718435972929,0.0,0.0042420728132128716,-0.4939115643501282,0.0,0.0,0.0,119842,119856,120334,119851,0,119856,STANDBY
-0.05000000074505806,-0.09000000357627869,9.8100004196167,0.0,0.0,0.0,1008.6567993164062,38.369998931884766,0.14279291033744812,-3.355888843536377,0,0,0.0,0.0,0.0,0,0,-0.0028077028691768646,0.0,0.004272591322660446,-0.4938810467720032,0.0,0.0,0.0,119942,119956,120437,119954,0,119956,STANDBY
-0.03999999910593033,-0.07999999821186066,9.800000190734863,0.0,0.0,0.0,1008.6683349609375,38.380001068115234,-0.0069287060759961605,-2.215512990951538,0,0,0.0,0.0,0.0,0,0,-0.0029602954164147377,0.0,0.004272591322660446,-0.4939115643501282,0.0,0.0,0.0,120042,120056,120523,120040,0,120056,STANDBY
-0.03999999910593033,-0.09000000357627869,9.819999694824219,0.0,0.0,0.0,1008.6774291992188,38.369998931884766,-0.0470295324921608,-1.1788041591644287,0,0,0.0,0.0,0.0,0,0,-0.0028382213786244392,0.0,0.004333628341555595,-0.4939420819282532,0.0,0.0,0.0,120142,120156,120627,120145,0,120156,STANDBY
-0.05999999865889549,-0.09000000357627869,9.819999694824219,0.0,0.0,0.0,1008.6595458984375,38.369998931884766,0.011611785739660263,-0.19779053330421448,0,0,0.0,0.0,0.0,0,0,-0.0026551103219389915,0.0,0.004394665360450745,-0.4938505291938782,0.0,0.0,0.0,120242,120256,120730,120246,0,120256,STANDBY
-0.03999999910593033,-0.07999999821186066,9.8100004196167,0.0,0.0,0.0,1008.6746215820312,38.380001068115234,-0.04791627824306488,-0.06713660806417465,0,0,0.0,0.0,0.0,0,0,-0.0028077028691768646,0.0,0.004303109832108021,-0.4938810467720032,0.0,0.0,0.0,120342,120356,120833,120349,0,120356,STANDBY
-0.03999999910593033,-0.07999999821186066,9.8100004196167,0.0,0.0,0.0,1008.6533813476562,38.369998931884766,0.05463099479675293,0.1606786847114563,0,0,0.0,0.0,0.0,0,0,-0.0027466658502817154,0.0,0.00436414685100317,-0.4939115643501282,0.0,0.0,0.0,120442,120456,120936,120454,0,120456,STANDBY
-0.05000000074505806,-0.07999999821186066,9.8100004196167,0.0,0.0,0.0,1008.599365234375,38.33000183105469,0.34594249725341797,1.343617558479309,0,0,0.0,0.0,0.0,0,0,-0.0025635547935962677,0.0,0.0044862208887934685,-0.4937894940376282,0.0,0.0,0.0,120542,120556,121039,120556,0,120556,STANDBY
-0.05000000074505806,-0.07999999821186066,9.800000190734863,0.0,0.0,0.0,1008.5496826171875,38.29999923706055,0.8464887142181396,3.449289321899414,0,0,0.0,0.0,0.0,0,0,-0.002624591812491417,0.0,0.004425183869898319,-0.4938200116157532,0.0,0.0,0.0,120642,120656,121125,120642,0,120656,STANDBY
-0.03999999910593033,-0.09000000357627869,9.8100004196167,0.0,0.0,0.0,1008.5429077148438,38.29999923706055,0.9919763803482056,3.5310850143432617,0,0,0.0,0.0,0.0,0,0,-0.0026551103219389915,0.0,0.004394665360450745,-0.4938810467720032,0.0,0.0,0.0,120742,120756,121229,120745,0,120756,STANDBY
-0.03999999910593033,-0.07999999821186066,9.8100004196167,0.0,0.0,0.0,1008.6636962890625,38.369998931884766,0.34610873460769653,-0.8957688212394714,0,0,0.0,0.0,0.0,0,0,-0.0028382213786244392,0.0,0.004394665360450745,-0.4939420819282532,0.0,0.0,0.0,120842,120856,121331,120848,0,120856,STANDBY
-0.019999999552965164,-0.10000000149011612,9.800000190734863,0.0,0.0,0.0,1008.6690673828125,38.380001068115234,0.04423915594816208,-3.9867634773254395,0,0,0.0,0.0,0.0,0,0,-0.00317392498254776,0.0,0.004211554303765297,-0.4940031170845032,0.0,0.0,0.0,120942,120956,121435,120951,0,120956,STANDBY
-0.03999999910593033,-0.07999999821186066,9.800000190734863,0.0,0.0,0.0,1008.6806030273438,38.38999938964844,-0.049663372337818146,-2.671142101287842,0,0,0.0,0.0,0.0,0,0,-0.0030518509447574615,0.0,0.004303109832108021,-0.4940031170845032,0.0,0.0,0.0,121042,121056,121538,121054,0,121056,STANDBY
-0.03999999910593033,-0.09000000357627869,9.819999694824219,0.0,0.0,0.0,1008.6531372070312,38.38999938964844,0.03963960334658623,-0.651470959186554,0,0,0.0,0.0,0.0,0,0,-0.003021332435309887,0.0,0.004272591322660446,-0.4940031170845032,0.0,0.0,0.0,121142,121156,121624,121140,0,121156,STANDBY
-0.029999999329447746,-0.09000000357627869,9.8100004196167,0.0,0.0,0.0,1008.6812744140625,38.38999938964844,-0.1055036336183548,-0.413047194480896,0,0,0.0,0.0,0.0,0,0,-0.0029602954164147377,0.0,0.004211554303765297,-0.4940031170845032,0.0,0.0,0.0,121242,121256,121728,121245,0,121256,STANDBY
-0.05999999865889549,-0.09000000357627869,9.8100004196167,0.0,0.0,0.0,1008.6702880859375,38.38999938964844,-0.05163932591676712,-0.37007808685302734,0,0,0.0,0.0,0.0,0,0,-0.0028992583975195885,0.0,0.004333628341555595,-0.4939420819282532,0.0,0.0,0.0,121342,121356,121830,121347,0,121356,STANDBY
-0.05000000074505806,-0.09000000357627869,9.8100004196167,0.0,0.0,0.0,1008.6599731445312,38.38999938964844,-0.005030341446399689,0.25118154287338257,0,0,0.0,0.0,0.0,0,0,-0.0029602954164147377,0.0,0.004425183869898319,-0.4939420819282532,0.0,0.0,0.0,121442,121457,121933,121457,0,121457,STANDBY
-0.029999999329447746,-0.09000000357627869,9.8100004196167,0.0,0.0,0.0,1008.6087646484375,38.34000015258789,0.22932720184326172,0.8859341144561768,0,0,0.0,0.0,0.0,0,0,-0.0028382213786244392,0.0,0.004547257907688618,-0.4938810467720032,0.0,0.0,0.0,121542,121558,122037,121552,0,121558,STANDBY
-0.03999999910593033,-0.07999999821186066,9.800000190734863,0.0,0.0,0.0,1008.5429077148438,38.29999923706055,0.8496502637863159,3.559357166290283,0,0,0.0,0.0,0.0,0,0,-0.0028077028691768646,0.0,0.004516739398241043,-0.4938505291938782,0.0,0.0,0.0,121643,121658,122139,121656,0,121658,STANDBY
-0.03999999910593033,-0.07999999821186066,9.8100004196167,0.0,0.0,0.0,1008.5570068359375,38.31999969482422,0.9174293279647827,3.8279125690460205,0,0,0.0,0.0,0.0,0,0,-0.0028992583975195885,0.0,0.004333628341555595,-0.4939115643501282,0.0,0.0,0.0,121743,121758,122225,121742,0,121758,STANDBY
-0.05000000074505806,-0.07999999821186066,9.8100004196167,0.0,0.0,0.0,1008.6381225585938,38.380001068115234,0.4646793007850647,-0.4233766794204712,0,0,0.0,0.0,0.0,0,0,-0.002929776906967163,0.0,0.004303109832108021,-0.4939420819282532,0.0,0.0,0.0,121843,121858,122329,121846,0,121858,STANDBY
-0.05000000074505806,-0.07999999821186066,9.800000190734863,0.0,0.0,0.0,1008.6572875976562,38.38999938964844,0.16121630370616913,-3.1457619667053223,0,0,0.0,0.0,0.0,0,0,-0.002929776906967163,0.0,0.004333628341555595,-0.4939725995063782,0.0,0.0,0.0,121943,121958,122432,121949,0,121958,STANDBY
-0.05000000074505806,-0.09000000357627869,9.8100004196167,0.0,0.0,0.0,1008.6709594726562,38.38999938964844,0.056709084659814835,-2.4114885330200195,0,0,0.0,0.0,0.0,0,0,-0.002868739888072014,0.0,0.004394665360450745,-0.4939420819282532,0.0,0.0,0.0,122043,122058,122535,122051,0,122058,STANDBY
-0.03999999910593033,-0.09000000357627869,9.8100004196167,0.0,0.0,0.0,1008.6640625,38.38999938964844,0.020337551832199097,-1.104179859161377,0,0,0.0,0.0,0.0,0,0,-0.0029602954164147377,0.0,0.004425183869898319,-0.4939725995063782,0.0,0.0,0.0,122143,122158,122638,122155,0,122158,STANDBY
-0.05999999865889549,-0.07999999821186066,9.819999694824219,0.0,0.0,0.0,1008.6709594726562,38.38999938964844,-0.029012605547904968,-0.6624249815940857,0,0,0.0,0.0,0.0,0,0,-0.0028992583975195885,0.0,0.0044862208887934685,-0.4939725995063782,0.0,0.0,0.0,122243,122258,122724,122241,0,122258,STANDBY
-0.029999999329447746,-0.09000000357627869,9.8100004196167,0.0,0.0,0.0,1008.6743774414062,38.38999938964844,-0.06613912433385849,-0.4665452241897583,0,0,0.0,0.0,0.0,0,0,-0.0028992583975195885,0.0,0.0044862208887934685,-0.4939725995063782,0.0,0.0,0.0,122343,122358,122827,122346,0,122358,STANDBY
-0.05000000074505806,-0.09000000357627869,9.800000190734863,0.0,0.0,0.0,1008.6737670898438,38.38999938964844,-0.06308960914611816,-0.23728498816490173,0,0,0.0,0.0,0.0,0,0,-0.002868739888072014,0.0,0.00436414685100317,-0.4939420819282532,0.0,0.0,0.0,122443,122458,122931,122446,0,122458,STANDBY
-0.05000000074505806,-0.07999999821186066,9.8100004196167,0.0,0.0,0.0,1008.565185546875,38.31999969482422,0.45705562829971313,1.609182596206665,0,0,0.0,0.0,0.0,0,0,-0.0028992583975195885,0.0,0.004425183869898319,-0.4939420819282532,0.0,0.0,0.0,122543,122558,123033,122550,0,122558,STANDBY
-0.05000000074505806,-0.07999999821186066,9.800000190734863,0.0,0.0,0.0,1008.5469360351562,38.29999923706055,0.8418561220169067,3.854616165161133,0,0,0.0,0.0,0.0,0,0,-0.002929776906967163,0.0,0.004425183869898319,-0.4940031170845032,0.0,0.0,0.0,122643,122658,123137,122653,0,122658,STANDBY
-0.03999999910593033,-0.07999999821186066,9.8100004196167,0.0,0.0,0.0,1008.5304565429688,38.310001373291016,1.0248832702636719,3.4155313968658447,0,0,0.0,0.0,0.0,0,0,-0.0027161473408341408,0.0,0.0044862208887934685,-0.4939115643501282,0.0,0.0,0.0,122743,122758,123240,122757,0,122758,STANDBY
-0.05000000074505806,-0.07999999821186066,9.8100004196167,0.0,0.0,0.0,1008.634033203125,38.380001068115234,0.5262101292610168,-0.19493263959884644,0,0,0.0,0.0,0.0,0,0,-0.0026551103219389915,0.0,0.004425183869898319,-0.4939115643501282,0.0,0.0,0.0,122843,122858,123326,122846,0,122858,STANDBY
-0.03999999910593033,-0.07000000029802322,9.8100004196167,0.0,0.0,0.0,1008.6531372070312,38.38999938964844,0.16653600335121155,-3.417592763900757,0,0,0.0,0.0,0.0,0,0,-0.00277718435972929,0.0,0.00436414685100317,-0.4940031170845032,0.0,0.0,0.0,122943,122958,123429,122946,0,122958,STANDBY
-0.03999999910593033,-0.07999999821186066,9.8100004196167,0.0,0.0,0.0,1008.671630859375,38.38999938964844,-0.0009782835841178894,-3.0734288692474365,0,0,0.0,0.0,0.0,0,0,-0.0028992583975195885,0.0,0.0042420728132128716,-0.4940946698188782,0.0,0.0,0.0,123043,123058,123532,123048,0,123058,STANDBY
-0.03999999910593033,-0.07999999821186066,9.819999694824219,0.0,0.0,0.0,1008.6757202148438,38.38999938964844,-0.0741715356707573,-1.5685703754425049,0,0,0.0,0.0,0.0,0,0,-0.0028077028691768646,0.0,0.004272591322660446,-0.4940336346626282,0.0,0.0,0.0,123144,123158,123635,123152,0,123158,STANDBY
-0.05000000074505806,-0.07999999821186066,9.819999694824219,0.0,0.0,0.0,1008.6441650390625,38.38999938964844,0.07480514794588089,-0.16090799868106842,0,0,0.0,0.0,0.0,0,0,-0.00277718435972929,0.0,0.004272591322660446,-0.4940641522407532,0.0,0.0,0.0,123244,123258,123739,123254,0,123258,STANDBY
-0.05999999865889549,-0.09000000357627869,9.819999694824219,0.0,0.0,0.0,1008.6688232421875,38.38999938964844,-0.007843701168894768,0.2587167024612427,0,0,0.0,0.0,0.0,0,0,-0.002685628831386566,0.0,0.004394665360450745,-0.4940031170845032,0.0,0.0,0.0,123344,123358,123825,123340,0,123358,STANDBY
-0.03999999910593033,-0.07999999821186066,9.800000190734863,0.0,0.0,0.0,1008.650390625,38.38999938964844,0.08023940771818161,0.14835192263126373,0,0,0.0,0.0,0.0,0,0,-0.0026551103219389915,0.0,0.004394665360450745,-0.4939725995063782,0.0,0.0,0.0,123444,123458,123928,123447,0,123458,STANDBY
-0.03999999910593033,-0.09000000357627869,9.8100004196167,0.0,0.0,0.0,1008.5881958007812,38.34000015258789,0.40318095684051514,1.3779881000518799,0,0,0.0,0.0,0.0,0,0,-0.002624591812491417,0.0,0.004455702379345894,-0.4938810467720032,0.0,0.0,0.0,123544,123558,124030,123547,0,123558,STANDBY
-0.03999999910593033,-0.09000000357627869,9.800000190734863,0.0,0.0,0.0,1008.5023193359375,38.29999923706055,1.1119883060455322,4.2848381996154785,0,0,0.0,0.0,0.0,0,0,-0.002685628831386566,0.0,0.00436414685100317,-0.4939115643501282,0.0,0.0,0.0,123644,123658,124134,123651,0,123658,STANDBY
-0.05000000074505806,-0.07999999821186066,9.8100004196167,0.0,0.0,0.0,1008.5460815429688,38.31999969482422,1.0668039321899414,3.939619541168213,0,0,0.0,0.0,0.0,0,0,-0.0027161473408341408,0.0,0.004333628341555595,-0.4939420819282532,0.0,0.0,0.0,123744,123758,124237,123754,0,123758,STANDBY
-0.029999999329447746,-0.07999999821186066,9.8100004196167,0.0,0.0,0.0,1008.65185546875,38.380001068115234,0.40831586718559265,-1.5558803081512451,0,0,0.0,0.0,0.0,0,0,-0.0026551103219389915,0.0,0.00436414685100317,-0.4939115643501282,0.0,0.0,0.0,123844,123858,124341,123856,0,123858,STANDBY
-0.05000000074505806,-0.09000000357627869,9.8100004196167,0.0,0.0,0.0,1008.6517333984375,38.38999938964844,0.16972413659095764,-4.060469150543213,0,0,0.0,0.0,0.0,0,0,-0.002685628831386566,0.0,0.004272591322660446,-0.4939420819282532,0.0,0.0,0.0,123944,123958,124427,123942,0,123958,STANDBY
-0.05000000074505806,-0.07999999821186066,9.819999694824219,0.0,0.0,0.0,1008.6688232421875,38.38999938964844,0.03322668373584747,-2.569539785385132,0,0,0.0,0.0,0.0,0,0,-0.0027161473408341408,0.0,0.004303109832108021,-0.4939725995063782,0.0,0.0,0.0,124044,124058,124529,124047,0,124058,STANDBY
-0.03999999910593033,-0.09000000357627869,9.8100004196167,0.0,0.0,0.0,1008.6619262695312,38.38999938964844,0.04857052117586136,-0.9719942808151245,0,0,0.0,0.0,0.0,0,0,-0.0028077028691768646,0.0,0.004211554303765297,-0.4940031170845032,0.0,0.0,0.0,124144,124158,124633,124149,0,124158,STANDBY
-0.03999999910593033,-0.07999999821186066,9.8100004196167,0.0,0.0,0.0,1008.6585693359375,38.38999938964844,0.040395982563495636,-0.24056223034858704,0,0,0.0,0.0,0.0,0,0,-0.002868739888072014,0.0,0.004119998775422573,-0.4940641522407532,0.0,0.0,0.0,124244,124258,124736,124253,0,124258,STANDBY
-0.05999999865889549,-0.09000000357627869,9.819999694824219,0.0,0.0,0.0,1008.678466796875,38.38999938964844,-0.09649650752544403,-0.6548960208892822,0,0,0.0,0.0,0.0,0,0,-0.00277718435972929,0.0,0.004333628341555595,-0.4939725995063782,0.0,0.0,0.0,124344,124358,124839,124355,0,124358,STANDBY
-0.03999999910593033,-0.10000000149011612,9.819999694824219,0.0,0.0,0.0,1008.66943359375,38.400001525878906,-0.06081143021583557,-0.545006513595581,0,0,0.0,0.0,0.0,0,0,-0.00277718435972929,0.0,0.004425183869898319,-0.4939420819282532,0.0,0.0,0.0,124444,124459,124925,124441,0,124459,STANDBY
-0.03999999910593033,-0.07999999821186066,9.8100004196167,0.0,0.0,0.0,1008.5731811523438,38.34000015258789,0.3961104452610016,1.4285060167312622,0,0,0.0,0.0,0.0,0,0,-0.002929776906967163,0.0,0.0042420728132128716,-0.4940336346626282,0.0,0.0,0.0,124544,124559,125028,124547,0,124559,STANDBY
-0.03999999910593033,-0.09000000357627869,9.8100004196167,0.0,0.0,0.0,1008.5502319335938,38.31999969482422,0.8769261837005615,4.102924346923828,0,0,0.0,0.0,0.0,0,0,-0.00277718435972929,0.0,0.004272591322660446,-0.4939725995063782,0.0,0.0,0.0,124644,124659,125131,124647,0,124659,STANDBY
-0.03999999910593033,-0.09000000357627869,9.8100004196167,0.0,0.0,0.0,1008.565185546875,38.31999969482422,0.894819974899292,3.387284755706787,0,0,0.0,0.0,0.0,0,0,-0.0028077028691768646,0.0,0.004303109832108021,-0.4940031170845032,0.0,0.0,0.0,124744,124759,125234,124750,0,124759,STANDBY
-0.05000000074505806,-0.09000000357627869,9.8100004196167,0.0,0.0,0.0,1008.6544799804688,38.38999938964844,0.473239004611969,-0.48890388011932373,0,0,0.0,0.0,0.0,0,0,-0.00277718435972929,0.0,0.004333628341555595,-0.4939725995063782,0.0,0.0,0.0,124844,124859,125337,124854,0,124859,STANDBY
-0.03999999910593033,-0.09000000357627869,9.819999694824219,0.0,0.0,0.0,1008.6660766601562,38.400001525878906,0.1107541024684906,-3.3064627647399902,0,0,0.0,0.0,0.0,0,0,-0.0027161473408341408,0.0,0.004394665360450745,-0.4939115643501282,0.0,0.0,0.0,124944,124959,125441,124957,0,124959,STANDBY
-0.05000000074505806,-0.07999999821186066,9.8100004196167,0.0,0.0,0.0,1008.6741943359375,38.400001525878906,-0.06225616857409477,-3.319784641265869,0,0,0.0,0.0,0.0,0,0,-0.002868739888072014,0.0,0.00436414685100317,-0.4940336346626282,0.0,0.0,0.0,125044,125059,125527,125043,0,125059,STANDBY
-0.05000000074505806,-0.10000000149011612,9.8100004196167,0.0,0.0,0.0,1008.6638793945312,38.400001525878906,0.01938163861632347,-1.0755997896194458,0,0,0.0,0.0,0.0,0,0,-0.0029908139258623123,0.0,0.0044862208887934685,-0.4940031170845032,0.0,0.0,0.0,125144,125159,125630,125147,0,125159,STANDBY
-0.05000000074505806,-0.09000000357627869,9.8100004196167,0.0,0.0,0.0,1008.6632690429688,38.400001525878906,0.011779103428125381,0.11034364253282547,0,0,0.0,0.0,0.0,0,0,-0.0029908139258623123,0.0,0.004516739398241043,-0.4939725995063782,0.0,0.0,0.0,125244,125259,125732,125249,0,125259,STANDBY
-0.03999999910593033,-0.07999999821186066,9.800000190734863,0.0,0.0,0.0,1008.666748046875,38.400001525878906,-0.028746407479047775,-0.21698904037475586,0,0,0.0,0.0,0.0,0,0,-0.0029602954164147377,0.0,0.004425183869898319,-0.4939420819282532,0.0,0.0,0.0,125344,125359,125836,125352,0,125359,STANDBY
-0.05000000074505806,-0.07999999821186066,9.819999694824219,0.0,0.0,0.0,1008.6604614257812,38.400001525878906,0.04187601059675217,0.10155749320983887,0,0,0.0,0.0,0.0,0,0,-0.0027161473408341408,0.0,0.0044862208887934685,-0.4938200116157532,0.0,0.0,0.0,125444,125459,125939,125455,0,125459,STANDBY
-0.05000000074505806,-0.09000000357627869,9.8100004196167,0.0,0.0,0.0,1008.5738525390625,38.34000015258789,0.4256157875061035,1.467562198638916,0,0,0.0,0.0,0.0,0,0,-0.002624591812491417,0.0,0.004577776417136192,-0.4937894940376282,0.0,0.0,0.0,125544,125559,126043,125558,0,125559,STANDBY
-0.03999999910593033,-0.09000000357627869,9.8100004196167,0.0,0.0,0.0,1008.5349731445312,38.31999969482422,0.9430937170982361,3.8298721313476562,0,0,0.0,0.0,0.0,0,0,-0.00277718435972929,0.0,0.0044862208887934685,-0.4938810467720032,0.0,0.0,0.0,125644,125659,126129,125647,0,125659,STANDBY
-0.05000000074505806,-0.07999999821186066,9.800000190734863,0.0,0.0,0.0,1008.5206298828125,38.31999969482422,1.1552016735076904,4.10732889175415,0,0,0.0,0.0,0.0,0,0,-0.002685628831386566,0.0,0.004516739398241043,-0.4938200116157532,0.0,0.0,0.0,125744,125759,126231,125748,0,125759,STANDBY
-0.05000000074505806,-0.07999999821186066,9.800000190734863,0.0,0.0,0.0,1008.6263427734375,38.38999938964844,0.6035812497138977,-0.16617423295974731,0,0,0.0,0.0,0.0,0,0,-0.002624591812491417,0.0,0.004425183869898319,-0.4938200116157532,0.0,0.0,0.0,125844,125859,126334,125850,0,125859,STANDBY
-0.05000000074505806,-0.07999999821186066,9.8100004196167,0.0,0.0,0.0,1008.6604614257812,38.400001525878906,0.12493850290775299,-4.181540489196777,0,0,0.0,0.0,0.0,0,0,-0.0027466658502817154,0.0,0.00436414685100317,-0.4938810467720032,0.0,0.0,0.0,125944,125959,126438,125954,0,125959,STANDBY
-0.029999999329447746,-0.09000000357627869,9.8100004196167,0.0,0.0,0.0,1008.66796875,38.40999984741211,0.04179411754012108,-3.3327038288116455,0,0,0.0,0.0,0.0,0,0,-0.002868739888072014,0.0,0.004333628341555595,-0.4939115643501282,0.0,0.0,0.0,126045,126059,126540,126057,0,126059,STANDBY
-0.05000000074505806,-0.09000000357627869,9.8100004196167,0.0,0.0,0.0,1008.6598510742188,38.400001525878906,0.03588203340768814,-1.042953610420227,0,0,0.0,0.0,0.0,0,0,-0.0029602954164147377,0.0,0.0042420728132128716,-0.4939420819282532,0.0,0.0,0.0,126145,126159,126627,126143,0,126159,STANDBY
-0.03999999910593033,-0.07999999821186066,9.8100004196167,0.0,0.0,0.0,1008.650146484375,38.400001525878906,0.10915808379650116,-0.006016477942466736,0,0,0.0,0.0,0.0,0,0,-0.0029602954164147377,0.0,0.004303109832108021,-0.4939115643501282,0.0,0.0,0.0,126245,126259,126730,126248,0,126259,STANDBY
-0.029999999329447746,-0.07999999821186066,9.8100004196167,0.0,0.0,0.0,1008.6748657226562,38.400001525878906,-0.0043859779834747314,-0.042548373341560364,0,0,0.0,0.0,0.0,0,0,-0.002868739888072014,0.0,0.004394665360450745,-0.4938810467720032,0.0,0.0,0.0,126345,126359,126833,126350,0,126359,STANDBY
-0.03999999910593033,-0.07999999821186066,9.8100004196167,0.0,0.0,0.0,1008.6604614257812,38.400001525878906,0.03845485299825668,-0.28179022669792175,0,0,0.0,0.0,0.0,0,0,-0.0028382213786244392,0.0,0.004333628341555595,-0.4938810467720032,0.0,0.0,0.0,126445,126459,126937,126455,0,126459,STANDBY
-0.03999999910593033,-0.10000000149011612,9.800000190734863,0.0,0.0,0.0,1008.6171264648438,38.36000061035156,0.21899695694446564,0.5200494527816772,0,0,0.0,0.0,0.0,0,0,-0.0028077028691768646,0.0,0.004303109832108021,-0.4938505291938782,0.0,0.0,0.0,126545,126559,127039,126556,0,126559,STANDBY
-0.05999999865889549,-0.09000000357627869,9.8100004196167,0.0,0.0,0.0,1008.5440063476562,38.31999969482422,0.858554482460022,3.329037666320801,0,0,0.0,0.0,0.0,0,0,-0.002868739888072014,0.0,0.00436414685100317,-0.4938810467720032,0.0,0.0,0.0,126645,126659,127126,126642,0,126659,STANDBY
-0.03999999910593033,-0.09000000357627869,9.800000190734863,0.0,0.0,0.0,1008.556884765625,38.33000183105469,0.9367261528968811,3.872420310974121,0,0,0.0,0.0,0.0,0,0,-0.002929776906967163,0.0,0.004425183869898319,-0.4939115643501282,0.0,0.0,0.0,126745,126759,127228,126748,0,126759,STANDBY
-0.05000000074505806,-0.07000000029802322,9.8100004196167,0.0,0.0,0.0,1008.6551513671875,38.38999938964844,0.3137139081954956,-1.1311800479888916,0,0,0.0,0.0,0.0,0,0,-0.0027161473408341408,0.0,0.004547257907688618,-0.4938810467720032,0.0,0.0,0.0,126845,126859,127332,126849,0,126859,STANDBY
-0.05999999865889549,-0.09000000357627869,9.8100004196167,0.0,0.0,0.0,1008.6564331054688,38.400001525878906,0.11436595022678375,-3.64146089553833,0,0,0.0,0.0,0.0,0,0,-0.0028382213786244392,0.0,0.004425183869898319,-0.4939725995063782,0.0,0.0,0.0,126945,126959,127434,126951,0,126959,STANDBY
-0.03999999910593033,-0.10000000149011612,9.800000190734863,0.0,0.0,0.0,1008.643310546875,38.400001525878906,0.1537550538778305,-1.6299688816070557,0,0,0.0,0.0,0.0,0,0,-0.0028382213786244392,0.0,0.004455702379345894,-0.4939725995063782,0.0,0.0,0.0,127045,127059,127538,127054,0,127059,STANDBY
-0.05000000074505806,-0.09000000357627869,9.819999694824219,0.0,0.0,0.0,1008.6685791015625,38.40999984741211,0.030635574832558632,-0.5829408764839172,0,0,0.0,0.0,0.0,0,0,-0.0028382213786244392,0.0,0.004516739398241043,-0.4939420819282532,0.0,0.0,0.0,127145,127159,127641,127157,0,127159,STANDBY
-0.03999999910593033,-0.09000000357627869,9.8100004196167,0.0,0.0,0.0,1008.689208984375,38.40999984741211,-0.09561687707901001,-0.9465792179107666,0,0,0.0,0.0,0.0,0,0,-0.0029908139258623123,0.0,0.004394665360450745,-0.4939725995063782,0.0,0.0,0.0,127245,127259,127727,127243,0,127259,STANDBY
-0.03999999910593033,-0.09000000357627869,9.8100004196167,0.0,0.0,0.0,1008.6570434570312,38.400001525878906,0.011912062764167786,-0.40226244926452637,0,0,0.0,0.0,0.0,0,0,-0.0029908139258623123,0.0,0.0044862208887934685,-0.4939725995063782,0.0,0.0,0.0,127345,127360,127830,127348,0,127360,STANDBY
-0.05000000074505806,-0.07999999821186066,9.8100004196167,0.0,0.0,0.0,1008.6754760742188,38.40999984741211,-0.030790168792009354,0.13446292281150818,0,0,0.0,0.0,0.0,0,0,-0.0030518509447574615,0.0,0.004394665360450745,-0.4940031170845032,0.0,0.0,0.0,127446,127460,127933,127457,0,127460,STANDBY
-0.029999999329447746,-0.09000000357627869,9.800000190734863,0.0,0.0,0.0,1008.5881958007812,38.34000015258789,0.283660888671875,0.7277150750160217,0,0,0.0,0.0,0.0,0,0,-0.003021332435309887,0.0,0.004333628341555595,-0.4940031170845032,0.0,0.0,0.0,127546,127560,128036,127552,0,127560,STANDBY
-0.05999999865889549,-0.07999999821186066,9.800000190734863,0.0,0.0,0.0,1008.5656127929688,38.34000015258789,0.6832879781723022,2.8309693336486816,0,0,0.0,0.0,0.0,0,0,-0.0027161473408341408,0.0,0.004516739398241043,-0.4939420819282532,0.0,0.0,0.0,127646,127660,128139,127655,0,127660,STANDBY
-0.03999999910593033,-0.07000000029802322,9.8100004196167,0.0,0.0,0.0,1008.5233764648438,38.31999969482422,1.055179476737976,4.0442214012146,0,0,0.0,0.0,0.0,0,0,-0.0027466658502817154,0.0,0.004455702379345894,-0.4939115643501282,0.0,0.0,0.0,127746,127760,128242,127759,0,127760,STANDBY
-0.03999999910593033,-0.07999999821186066,9.819999694824219,0.0,0.0,0.0,1008.6370849609375,38.400001525878906,0.5739730000495911,0.8882670998573303,0,0,0.0,0.0,0.0,0,0,-0.0026551103219389915,0.0,0.004516739398241043,-0.4938810467720032,0.0,0.0,0.0,127846,127860,128328,127845,0,127860,STANDBY
-0.05999999865889549,-0.09000000357627869,9.800000190734863,0.0,0.0,0.0,1008.66650390625,38.40999984741211,0.1275111883878708,-3.381953239440918,0,0,0.0,0.0,0.0,0,0,-0.0026551103219389915,0.0,0.0044862208887934685,-0.4939115643501282,0.0,0.0,0.0,127946,127960,128432,127949,0,127960,STANDBY
-0.03999999910593033,-0.09000000357627869,9.819999694824219,0.0,0.0,0.0,1008.6671142578125,38.40999984741211,-0.01073728408664465,-3.485079765319824,0,0,0.0,0.0,0.0,0,0,-0.00277718435972929,0.0,0.0044862208887934685,-0.4938810467720032,0.0,0.0,0.0,128046,128060,128534,128051,0,128060,STANDBY
-0.03999999910593033,-0.09000000357627869,9.819999694824219,0.0,0.0,0.0,1008.6787719726562,38.41999816894531,-0.06315240263938904,-1.4933297634124756,0,0,0.0,0.0,0.0,0,0,-0.0029908139258623123,0.0,0.004516739398241043,-0.4939420819282532,0.0,0.0,0.0,128146,128160,128637,128154,0,128160,STANDBY
-0.05000000074505806,-0.07999999821186066,9.829999923706055,0.0,0.0,0.0,1008.66650390625,38.40999984741211,-0.011788720265030861,-0.25250717997550964,0,0,0.0,0.0,0.0,0,0,-0.0028992583975195885,0.0,0.004547257907688618,-0.4938810467720032,0.0,0.0,0.0,128246,128260,128741,128257,0,128260,STANDBY
-0.05000000074505806,-0.07999999821186066,9.819999694824219,0.0,0.0,0.0,1008.6768188476562,38.40999984741211,-0.0676494911313057,-0.08873359113931656,0,0,0.0,0.0,0.0,0,0,-0.002868739888072014,0.0,0.004577776417136192,-0.4938810467720032,0.0,0.0,0.0,128346,128360,128827,128343,0,128360,STANDBY
-0.03999999910593033,-0.07999999821186066,9.8100004196167,0.0,0.0,0.0,1008.6677856445312,38.41999816894531,-0.0017033289186656475,0.058185793459415436,0,0,0.0,0.0,0.0,0,0,-0.002929776906967163,0.0,0.004394665360450745,-0.4939725995063782,0.0,0.0,0.0,128446,128460,128929,128449,0,128460,STANDBY
-0.05000000074505806,-0.09000000357627869,9.800000190734863,0.0,0.0,0.0,1008.5733032226562,38.349998474121094,0.4183618426322937,1.5104906558990479,0,0,0.0,0.0,0.0,0,0,-0.0028992583975195885,0.0,0.004425183869898319,-0.4939725995063782,0.0,0.0,0.0,128546,128560,129033,128549,0,128560,STANDBY
-0.03999999910593033,-0.07999999821186066,9.8100004196167,0.0,0.0,0.0,1008.5717163085938,38.349998474121094,0.7200615406036377,3.166383743286133,0,0,0.0,0.0,0.0,0,0,-0.002868739888072014,0.0,0.004455702379345894,-0.4939725995063782,0.0,0.0,0.0,128646,128660,129135,128652,0,128660,STANDBY
-0.03999999910593033,-0.07999999821186066,9.8100004196167,0.0,0.0,0.0,1008.570556640625,38.36000061035156,0.7796562314033508,2.5234909057617188,0,0,0.0,0.0,0.0,0,0,-0.0027161473408341408,0.0,0.004455702379345894,-0.4939115643501282,0.0,0.0,0.0,128746,128760,129239,128755,0,128760,STANDBY
-0.05999999865889549,-0.09000000357627869,9.8100004196167,0.0,0.0,0.0,1008.6589965820312,38.40999984741211,0.2596295475959778,-1.154305100440979,0,0,0.0,0.0,0.0,0,0,-0.0028992583975195885,0.0,0.004394665360450745,-0.4940031170845032,0.0,0.0,0.0,128846,128860,129342,128859,0,128860,STANDBY
-0.03999999910593033,-0.07999999821186066,9.819999694824219,0.0,0.0,0.0,1008.6821899414062,38.41999816894531,-0.07694992423057556,-3.6868948936462402,0,0,0.0,0.0,0.0,0,0,-0.00277718435972929,0.0,0.004455702379345894,-0.4939725995063782,0.0,0.0,0.0,128946,128960,129428,128944,0,128960,STANDBY
-0.03999999910593033,-0.07000000029802322,9.8100004196167,0.0,0.0,0.0,1008.6828002929688,38.41999816894531,-0.11197630316019058,-2.3986334800720215,0,0,0.0,0.0,0.0,0,0,-0.0028382213786244392,0.0,0.004333628341555595,-0.4940641522407532,0.0,0.0,0.0,129046,129060,129531,129049,0,129060,STANDBY
-0.05000000074505806,-0.09000000357627869,9.819999694824219,0.0,0.0,0.0,1008.666259765625,38.41999816894531,-0.04323924332857132,-0.39077824354171753,0,0,0.0,0.0,0.0,0,0,-0.0028077028691768646,0.0,0.004425183869898319,-0.4939725995063782,0.0,0.0,0.0,129146,129160,129634,129150,0,129160,STANDBY
-0.03999999910593033,-0.09000000357627869,9.819999694824219,0.0,0.0,0.0,1008.6793823242188,38.41999816894531,-0.05459662526845932,0.2169291228055954,0,0,0.0,0.0,0.0,0,0,-0.0027161473408341408,0.0,0.004516739398241043,-0.4939115643501282,0.0,0.0,0.0,129246,129260,129737,129254,0,129260,STANDBY
-0.05999999865889549,-0.07999999821186066,9.8100004196167,0.0,0.0,0.0,1008.6991577148438,38.43000030517578,-0.2202664017677307,-0.5647807121276855,0,0,0.0,0.0,0.0,0,0,-0.0027161473408341408,0.0,0.004455702379345894,-0.4939420819282532,0.0,0.0,0.0,129346,129360,129841,129356,0,129360,STANDBY
-0.03999999910593033,-0.09000000357627869,9.819999694824219,0.0,0.0,0.0,1008.6956787109375,38.43000030517578,-0.2521008551120758,-1.0115313529968262,0,0,0.0,0.0,0.0,0,0,-0.0027466658502817154,0.0,0.004455702379345894,-0.4939420819282532,0.0,0.0,0.0,129446,129460,129927,129442,0,129460,STANDBY
-0.03999999910593033,-0.09000000357627869,9.8100004196167,0.0,0.0,0.0,1008.63232421875,38.400001525878906,0.07233382761478424,0.6812775135040283,0,0,0.0,0.0,0.0,0,0,-0.0028382213786244392,0.0,0.004425183869898319,-0.4939725995063782,0.0,0.0,0.0,129546,129560,130029,129549,0,129560,STANDBY
-0.05000000074505806,-0.09000000357627869,9.8100004196167,0.0,0.0,0.0,1008.5476684570312,38.349998474121094,0.7636643648147583,4.075173854827881,0,0,0.0,0.0,0.0,0,0,-0.002868739888072014,0.0,0.00436414685100317,-0.4939725995063782,0.0,0.0,0.0,129646,129660,130132,129649,0,129660,STANDBY
-0.05000000074505806,-0.07999999821186066,9.8100004196167,0.0,0.0,0.0,1008.5786743164062,38.36000061035156,0.7270792722702026,3.714865207672119,0,0,0.0,0.0,0.0,0,0,-0.002868739888072014,0.0,0.00436414685100317,-0.4940336346626282,0.0,0.0,0.0,129746,129760,130236,129752,0,129760,STANDBY
-0.05000000074505806,-0.07999999821186066,9.8100004196167,0.0,0.0,0.0,1008.6759643554688,38.41999816894531,0.15230315923690796,-1.3162741661071777,0,0,0.0,0.0,0.0,0,0,-0.0029602954164147377,0.0,0.004272591322660446,-0.4941251873970032,0.0,0.0,0.0,129846,129860,130338,129855,0,129860,STANDBY
-0.05000000074505806,-0.07999999821186066,9.8100004196167,0.0,0.0,0.0,1008.6964111328125,38.43000030517578,-0.1499508172273636,-3.756190776824951,0,0,0.0,0.0,0.0,0,0,-0.0028992583975195885,0.0,0.004272591322660446,-0.4941862225532532,0.0,0.0,0.0,129946,129960,130442,129958,0,129960,STANDBY
-0.05000000074505806,-0.09000000357627869,9.8100004196167,0.0,0.0,0.0,1008.6853637695312,38.43000030517578,-0.1446097195148468,-2.1692521572113037,0,0,0.0,0.0,0.0,0,0,-0.0028382213786244392,0.0,0.00436414685100317,-0.4941862225532532,0.0,0.0,0.0,130046,130060,130528,130044,0,130060,STANDBY
-0.029999999329447746,-0.07000000029802322,9.8100004196167,0.0,0.0,0.0,1008.6551513671875,38.43000030517578,0.031123412773013115,0.17633044719696045,0,0,0.0,0.0,0.0,0,0,-0.00277718435972929,0.0,0.004303109832108021,-0.4941862225532532,0.0,0.0,0.0,130146,130160,130631,130149,0,130160,STANDBY
-0.05000000074505806,-0.09000000357627869,9.8100004196167,0.0,0.0,0.0,1008.670166015625,38.439998626708984,-0.02782810851931572,0.507183849811554,0,0,0.0,0.0,0.0,0,0,-0.0027161473408341408,0.0,0.004333628341555595,-0.4941862225532532,0.0,0.0,0.0,130246,130260,130735,130250,0,130260,STANDBY
-0.05000000074505806,-0.07999999821186066,9.8100004196167,0.0,0.0,0.0,1008.6763916015625,38.439998626708984,-0.05069044232368469,-0.12228669971227646,0,0,0.0,0.0,0.0,0,0,-0.002685628831386566,0.0,0.00436414685100317,-0.4941557049751282,0.0,0.0,0.0,130347,130360,130838,130354,0,130360,STANDBY
-0.03999999910593033,-0.09000000357627869,9.8100004196167,0.0,0.0,0.0,1008.6804809570312,38.439998626708984,-0.09780479967594147,-0.29287290573120117,0,0,0.0,0.0,0.0,0,0,-0.0028077028691768646,0.0,0.004394665360450745,-0.4941557049751282,0.0,0.0,0.0,130447,130460,130940,130459,0,130460,STANDBY
-0.05000000074505806,-0.09000000357627869,9.8100004196167,0.0,0.0,0.0,1008.561279296875,38.380001068115234,0.45766595005989075,1.4440205097198486,0,0,0.0,0.0,0.0,0,0,-0.002868739888072014,0.0,0.004455702379345894,-0.4941862225532532,0.0,0.0,0.0,130547,130560,131026,130543,0,130560,STANDBY
-0.05000000074505806,-0.09000000357627869,9.8100004196167,0.0,0.0,0.0,1008.56689453125,38.369998931884766,0.785428524017334,3.8612875938415527,0,0,0.0,0.0,0.0,0,0,-0.0028382213786244392,0.0,0.0044862208887934685,-0.4941557049751282,0.0,0.0,0.0,130647,130660,131130,130647,0,130660,STANDBY
-0.03999999910593033,-0.09000000357627869,9.8100004196167,0.0,0.0,0.0,1008.5571899414062,38.369998931884766,0.8523716926574707,2.8049659729003906,0,0,0.0,0.0,0.0,0,0,-0.0028382213786244392,0.0,0.0044862208887934685,-0.4940946698188782,0.0,0.0,0.0,130747,130760,131233,130750,0,130760,STANDBY
-0.03999999910593033,-0.07999999821186066,9.8100004196167,0.0,0.0,0.0,1008.6585693359375,38.43000030517578,0.3445434868335724,-0.9451887607574463,0,0,0.0,0.0,0.0,0,0,-0.0027466658502817154,0.0,0.004547257907688618,-0.4940336346626282,0.0,0.0,0.0,130847,130860,131337,130852,0,130860,STANDBY
-0.05000000074505806,-0.07999999821186066,9.8100004196167,0.0,0.0,0.0,1008.6838989257812,38.439998626708984,-0.041047293692827225,-3.6830592155456543,0,0,0.0,0.0,0.0,0,0,-0.0027161473408341408,0.0,0.004516739398241043,-0.4940031170845032,0.0,0.0,0.0,130947,130960,131439,130956,0,130960,STANDBY
-0.03999999910593033,-0.07999999821186066,9.819999694824219,0.0,0.0,0.0,1008.6961059570312,38.45000076293945,-0.20452731847763062,-3.2399039268493652,0,0,0.0,0.0,0.0,0,0,-0.002624591812491417,0.0,0.0044862208887934685,-0.4939420819282532,0.0,0.0,0.0,131047,131060,131543,131059,0,131060,STANDBY
-0.03999999910593033,-0.07999999821186066,9.819999694824219,0.0,0.0,0.0,1008.6749267578125,38.439998626708984,-0.11867474764585495,-1.0649018287658691,0,0,0.0,0.0,0.0,0,0,-0.002471999265253544,0.0,0.004547257907688618,-0.4938505291938782,0.0,0.0,0.0,131147,131160,131629,131145,0,131160,STANDBY
-0.03999999910593033,-0.09000000357627869,9.819999694824219,0.0,0.0,0.0,1008.6570434570312,38.439998626708984,0.03808891028165817,0.7246133685112,0,0,0.0,0.0,0.0,0,0,-0.002624591812491417,0.0,0.004394665360450745,-0.4938810467720032,0.0,0.0,0.0,131247,131260,131732,131250,0,131260,STANDBY
-0.05000000074505806,-0.07999999821186066,9.8100004196167,0.0,0.0,0.0,1008.6927490234375,38.45000076293945,-0.11609967052936554,0.34378692507743835,0,0,0.0,0.0,0.0,0,0,-0.0025940733030438423,0.0,0.004455702379345894,-0.4938505291938782,0.0,0.0,0.0,131347,131360,131835,131351,0,131360,STANDBY
-0.03999999910593033,-0.07999999821186066,9.819999694824219,0.0,0.0,0.0,1008.685791015625,38.45000076293945,-0.13132859766483307,-0.5546762347221375,0,0,0.0,0.0,0.0,0,0,-0.0028382213786244392,0.0,0.004303109832108021,-0.4940031170845032,0.0,0.0,0.0,131447,131461,131938,131461,0,131461,STANDBY
-0.03999999910593033,-0.07999999821186066,9.819999694824219,0.0,0.0,0.0,1008.592041015625,38.38999938964844,0.2601601183414459,0.8285888433456421,0,0,0.0,0.0,0.0,0,0,-0.0029602954164147377,0.0,0.004211554303765297,-0.4940946698188782,0.0,0.0,0.0,131547,131561,132041,131558,0,131561,STANDBY
-0.05000000074505806,-0.09000000357627869,9.8100004196167,0.0,0.0,0.0,1008.547607421875,38.380001068115234,0.825476348400116,3.8864965438842773,0,0,0.0,0.0,0.0,0,0,-0.003021332435309887,0.0,0.004181035794317722,-0.4941251873970032,0.0,0.0,0.0,131647,131661,132127,131644,0,131661,STANDBY
-0.03999999910593033,-0.09000000357627869,9.8100004196167,0.0,0.0,0.0,1008.572265625,38.380001068115234,0.7469507455825806,3.1404056549072266,0,0,0.0,0.0,0.0,0,0,-0.002929776906967163,0.0,0.004211554303765297,-0.4940946698188782,0.0,0.0,0.0,131747,131761,132231,131750,0,131761,STANDBY
-0.03999999910593033,-0.09000000357627869,9.819999694824219,0.0,0.0,0.0,1008.6749267578125,38.439998626708984,0.1646098494529724,-1.692973017692566,0,0,0.0,0.0,0.0,0,0,-0.003021332435309887,0.0,0.004211554303765297,-0.4941251873970032,0.0,0.0,0.0,131848,131861,132334,131851,0,131861,STANDBY
-0.05000000074505806,-0.07999999821186066,9.819999694824219,0.0,0.0,0.0,1008.6652221679688,38.45000076293945,0.040330979973077774,-3.1411051750183105,0,0,0.0,0.0,0.0,0,0,-0.0028992583975195885,0.0,0.004394665360450745,-0.4940946698188782,0.0,0.0,0.0,131948,131961,132438,131954,0,131961,STANDBY
-0.03999999910593033,-0.07999999821186066,9.819999694824219,0.0,0.0,0.0,1008.6631469726562,38.45000076293945,0.00830982904881239,-1.5329868793487549,0,0,0.0,0.0,0.0,0,0,-0.002868739888072014,0.0,0.004303109832108021,-0.4940946698188782,0.0,0.0,0.0,132048,132061,132541,132058,0,132061,STANDBY
-0.03999999910593033,-0.07000000029802322,9.829999923706055,0.0,0.0,0.0,1008.652099609375,38.45000076293945,0.06208961829543114,-0.27811333537101746,0,0,0.0,0.0,0.0,0,0,-0.0027466658502817154,0.0,0.004333628341555595,-0.4940641522407532,0.0,0.0,0.0,132148,132161,132644,132160,0,132161,STANDBY
-0.03999999910593033,-0.07000000029802322,9.8100004196167,0.0,0.0,0.0,1008.6665649414062,38.45000076293945,0.04441884905099869,0.20581752061843872,0,0,0.0,0.0,0.0,0,0,-0.0027161473408341408,0.0,0.004150517284870148,-0.4940946698188782,0.0,0.0,0.0,132248,132261,132730,132246,0,132261,STANDBY
-0.05000000074505806,-0.09000000357627869,9.8100004196167,0.0,0.0,0.0,1008.67626953125,38.45000076293945,-0.021922655403614044,-0.14991070330142975,0,0,0.0,0.0,0.0,0,0,-0.0027161473408341408,0.0,0.004181035794317722,-0.4941251873970032,0.0,0.0,0.0,132348,132361,132834,132352,0,132361,STANDBY
-0.05000000074505806,-0.07999999821186066,9.829999923706055,0.0,0.0,0.0,1008.6734619140625,38.45000076293945,-0.008509302511811256,-0.24013245105743408,0,0,0.0,0.0,0.0,0,0,-0.00277718435972929,0.0,0.0042420728132128716,-0.4941557049751282,0.0,0.0,0.0,132448,132461,132937,132460,0,132461,STANDBY
-0.05000000074505806,-0.07999999821186066,9.819999694824219,0.0,0.0,0.0,1008.6109619140625,38.40999984741211,0.22005435824394226,0.5406854152679443,0,0,0.0,0.0,0.0,0,0,-0.0027466658502817154,0.0,0.004303109832108021,-0.4941557049751282,0.0,0.0,0.0,132548,132561,133041,132556,0,132561,STANDBY
-0.05000000074505806,-0.07999999821186066,9.819999694824219,0.0,0.0,0.0,1008.5585327148438,38.380001068115234,0.7553057670593262,3.021009922027588,0,0,0.0,0.0,0.0,0,0,-0.0026551103219389915,0.0,0.004272591322660446,-0.4940946698188782,0.0,0.0,0.0,132648,132661,133144,132660,0,132661,STANDBY
-0.03999999910593033,-0.07999999821186066,9.819999694824219,0.0,0.0,0.0,1008.5797729492188,38.380001068115234,0.7524483799934387,3.1270618438720703,0,0,0.0,0.0,0.0,0,0,-0.002685628831386566,0.0,0.0042420728132128716,-0.4941251873970032,0.0,0.0,0.0,132748,132761,133230,132746,0,132761,STANDBY
-0.029999999329447746,-0.07999999821186066,9.829999923706055,0.0,0.0,0.0,1008.6652221679688,38.45000076293945,0.26732951402664185,-0.9777122139930725,0,0,0.0,0.0,0.0,0,0,-0.002624591812491417,0.0,0.004333628341555595,-0.4940336346626282,0.0,0.0,0.0,132848,132861,133334,132851,0,132861,STANDBY
-0.03999999910593033,-0.07000000029802322,9.8100004196167,0.0,0.0,0.0,1008.670654296875,38.45000076293945,0.038996804505586624,-3.094961166381836,0,0,0.0,0.0,0.0,0,0,-0.00277718435972929,0.0,0.004181035794317722,-0.4940946698188782,0.0,0.0,0.0,132948,132961,133437,132953,0,132961,STANDBY
-0.029999999329447746,-0.07999999821186066,9.829999923706055,0.0,0.0,0.0,1008.6712646484375,38.459999084472656,-0.07664421200752258,-2.3682150840759277,0,0,0.0,0.0,0.0,0,0,-0.00277718435972929,0.0,0.004119998775422573,-0.4941557049751282,0.0,0.0,0.0,133048,133061,133540,133056,0,133061,STANDBY
-0.03999999910593033,-0.09000000357627869,9.8100004196167,0.0,0.0,0.0,1008.6890869140625,38.459999084472656,-0.13147881627082825,-1.1240698099136353,0,0,0.0,0.0,0.0,0,0,-0.0027161473408341408,0.0,0.004150517284870148,-0.4941251873970032,0.0,0.0,0.0,133148,133161,133644,133159,0,133161,STANDBY
-0.05000000074505806,-0.07000000029802322,9.819999694824219,0.0,0.0,0.0,1008.6787719726562,38.459999084472656,-0.08760255575180054,-0.1505526900291443,0,0,0.0,0.0,0.0,0,0,-0.002624591812491417,0.0,0.004181035794317722,-0.4940946698188782,0.0,0.0,0.0,133248,133261,133730,133245,0,133261,STANDBY
-0.03999999910593033,-0.07999999821186066,9.8100004196167,0.0,0.0,0.0,1008.6649780273438,38.459999084472656,-0.04544385150074959,0.16640686988830566,0,0,0.0,0.0,0.0,0,0,-0.0025940733030438423,0.0,0.0042420728132128716,-0.4940641522407532,0.0,0.0,0.0,133348,133361,133833,133351,0,133361,STANDBY
-0.05000000074505806,-0.07000000029802322,9.8100004196167,0.0,0.0,0.0,1008.6553955078125,38.459999084472656,0.0716257318854332,0.6433070302009583,0,0,0.0,0.0,0.0,0,0,-0.0025025177747011185,0.0,0.004181035794317722,-0.4940031170845032,0.0,0.0,0.0,133448,133462,133937,133459,0,133462,STANDBY
-0.029999999329447746,-0.07000000029802322,9.800000190734863,0.0,0.0,0.0,1008.578125,38.400001525878906,0.40007999539375305,1.5803214311599731,0,0,0.0,0.0,0.0,0,0,-0.0025635547935962677,0.0,0.004028443247079849,-0.4940336346626282,0.0,0.0,0.0,133548,133562,134040,133556,0,133562,STANDBY
-0.03999999910593033,-0.07000000029802322,9.8100004196167,0.0,0.0,0.0,1008.5588989257812,38.38999938964844,0.7625571489334106,3.0066418647766113,0,0,0.0,0.0,0.0,0,0,-0.00238044373691082,0.0,0.004028443247079849,-0.4939115643501282,0.0,0.0,0.0,133648,133662,134144,133659,0,133662,STANDBY
-0.03999999910593033,-0.07000000029802322,9.819999694824219,0.0,0.0,0.0,1008.5582885742188,38.38999938964844,0.8837987184524536,2.9822216033935547,0,0,0.0,0.0,0.0,0,0,-0.002471999265253544,0.0,0.0040894802659749985,-0.4939115643501282,0.0,0.0,0.0,133748,133762,134230,133746,0,133762,STANDBY
-0.029999999329447746,-0.09000000357627869,9.8100004196167,0.0,0.0,0.0,1008.647216796875,38.459999084472656,0.3791830539703369,-0.6328222155570984,0,0,0.0,0.0,0.0,0,0,-0.0025940733030438423,0.0,0.004119998775422573,-0.4938810467720032,0.0,0.0,0.0,133848,133862,134333,133851,0,133862,STANDBY
-0.05000000074505806,-0.07999999821186066,9.8100004196167,0.0,0.0,0.0,1008.6553955078125,38.459999084472656,0.1421896368265152,-3.134599208831787,0,0,0.0,0.0,0.0,0,0,-0.002685628831386566,0.0,0.004119998775422573,-0.4939115643501282,0.0,0.0,0.0,133948,133962,134436,133952,0,133962,STANDBY
-0.03999999910593033,-0.09000000357627869,9.819999694824219,0.0,0.0,0.0,1008.6484985351562,38.459999084472656,0.12561576068401337,-1.9231843948364258,0,0,0.0,0.0,0.0,0,0,-0.00277718435972929,0.0,0.004119998775422573,-0.4939115643501282,0.0,0.0,0.0,134048,134062,134540,134055,0,134062,STANDBY
-0.03999999910593033,-0.09000000357627869,9.819999694824219,0.0,0.0,0.0,1008.6656494140625,38.459999084472656,0.05078522488474846,-0.6999986171722412,0,0,0.0,0.0,0.0,0,0,-0.0027466658502817154,0.0,0.004272591322660446,-0.4939115643501282,0.0,0.0,0.0,134148,134162,134643,134159,0,134162,STANDBY
-0.05000000074505806,-0.07999999821186066,9.819999694824219,0.0,0.0,0.0,1008.6478271484375,38.459999084472656,0.0958247184753418,-0.2884320020675659,0,0,0.0,0.0,0.0,0,0,-0.0027161473408341408,0.0,0.004425183869898319,-0.4938505291938782,0.0,0.0,0.0,134248,134262,134729,134246,0,134262,STANDBY
-0.029999999329447746,-0.09000000357627869,9.819999694824219,0.0,0.0,0.0,1008.6588134765625,38.459999084472656,0.062032051384449005,-0.06619653105735779,0,0,0.0,0.0,0.0,0,0,-0.00277718435972929,0.0,0.004333628341555595,-0.4938200116157532,0.0,0.0,0.0,134348,134362,134833,134351,0,134362,STANDBY
-0.05000000074505806,-0.07999999821186066,9.819999694824219,0.0,0.0,0.0,1008.6724853515625,38.459999084472656,0.021915271878242493,-0.12856730818748474,0,0,0.0,0.0,0.0,0,0,-0.0028382213786244392,0.0,0.00436414685100317,-0.4938200116157532,0.0,0.0,0.0,134448,134462,134936,134458,0,134462,STANDBY
-0.03999999910593033,-0.07999999821186066,9.829999923706055,0.0,0.0,0.0,1008.6304931640625,38.43000030517578,0.16081024706363678,0.19643831253051758,0,0,0.0,0.0,0.0,0,0,-0.0028077028691768646,0.0,0.0042420728132128716,-0.4938200116157532,0.0,0.0,0.0,134548,134562,135040,134555,0,134562,STANDBY
-0.05000000074505806,-0.07999999821186066,9.819999694824219,0.0,0.0,0.0,1008.5466918945312,38.38999938964844,0.7601599097251892,2.6953623294830322,0,0,0.0,0.0,0.0,0,0,-0.0027466658502817154,0.0,0.0042420728132128716,-0.4937894940376282,0.0,0.0,0.0,134648,134662,135143,134659,0,134662,STANDBY
-0.03999999910593033,-0.09000000357627869,9.8100004196167,0.0,0.0,0.0,1008.578125,38.400001525878906,0.8126243352890015,3.4812755584716797,0,0,0.0,0.0,0.0,0,0,-0.0028382213786244392,0.0,0.004181035794317722,-0.4938200116157532,0.0,0.0,0.0,134749,134762,135229,134745,0,134762,STANDBY
-0.03999999910593033,-0.07999999821186066,9.819999694824219,0.0,0.0,0.0,1008.6629028320312,38.459999084472656,0.2773016393184662,-0.771150529384613,0,0,0.0,0.0,0.0,0,0,-0.0029602954164147377,0.0,0.0040894802659749985,-0.4938810467720032,0.0,0.0,0.0,134849,134862,135332,134848,0,134862,STANDBY
-0.05000000074505806,-0.07999999821186066,9.819999694824219,0.0,0.0,0.0,1008.6663208007812,38.459999084472656,0.037874434143304825,-3.443542003631592,0,0,0.0,0.0,0.0,0,0,-0.002929776906967163,0.0,0.004058961756527424,-0.4939115643501282,0.0,0.0,0.0,134949,134962,135436,134952,0,134962,STANDBY
-0.05000000074505806,-0.07999999821186066,9.819999694824219,0.0,0.0,0.0,1008.6751708984375,38.470001220703125,-0.022319654002785683,-2.092686176300049,0,0,0.0,0.0,0.0,0,0,-0.00277718435972929,0.0,0.004058961756527424,-0.4938810467720032,0.0,0.0,0.0,135049,135062,135539,135055,0,135062,STANDBY
-0.029999999329447746,-0.09000000357627869,9.800000190734863,0.0,0.0,0.0,1008.688232421875,38.470001220703125,-0.13661514222621918,-1.0646493434906006,0,0,0.0,0.0,0.0,0,0,-0.002929776906967163,0.0,0.0040894802659749985,-0.4938810467720032,0.0,0.0,0.0,135149,135162,135643,135158,0,135162,STANDBY
-0.03999999910593033,-0.09000000357627869,9.819999694824219,0.0,0.0,0.0,1008.6716918945312,38.470001220703125,-0.08035992085933685,-0.5449365973472595,0,0,0.0,0.0,0.0,0,0,-0.002868739888072014,0.0,0.0042420728132128716,-0.4937589764595032,0.0,0.0,0.0,135249,135262,135729,135245,0,135262,STANDBY
-0.03999999910593033,-0.09000000357627869,9.819999694824219,0.0,0.0,0.0,1008.6395263671875,38.470001220703125,0.10961048305034637,0.7178245186805725,0,0,0.0,0.0,0.0,0,0,-0.00277718435972929,0.0,0.0042420728132128716,-0.4936979413032532,0.0,0.0,0.0,135349,135362,135832,135349,0,135362,STANDBY
-0.03999999910593033,-0.09000000357627869,9.8100004196167,0.0,0.0,0.0,1008.654541015625,38.470001220703125,0.07132133841514587,0.7611223459243774,0,0,0.0,0.0,0.0,0,0,-0.0028992583975195885,0.0,0.004272591322660446,-0.4937894940376282,0.0,0.0,0.0,135449,135468,135936,135452,0,135468,STANDBY
-0.05000000074505806,-0.09000000357627869,9.819999694824219,0.0,0.0,0.0,1008.588623046875,38.43000030517578,0.38438114523887634,1.0657001733779907,0,0,0.0,0.0,0.0,0,0,-0.002929776906967163,0.0,0.00436414685100317,-0.4937589764595032,0.0,0.0,0.0,135549,135568,136039,135555,0,135568,STANDBY
-0.05000000074505806,-0.07999999821186066,9.8100004196167,0.0,0.0,0.0,1008.5491333007812,38.40999984741211,0.8524875044822693,3.3290045261383057,0,0,0.0,0.0,0.0,0,0,-0.002868739888072014,0.0,0.004272591322660446,-0.4937589764595032,0.0,0.0,0.0,135649,135668,136142,135658,0,135668,STANDBY
-0.03999999910593033,-0.07999999821186066,9.8100004196167,0.0,0.0,0.0,1008.5731201171875,38.40999984741211,0.8188252449035645,2.8078908920288086,0,0,0.0,0.0,0.0,0,0,-0.00277718435972929,0.0,0.0042420728132128716,-0.4937589764595032,0.0,0.0,0.0,135749,135768,136246,135761,0,135768,STANDBY
-0.05000000074505806,-0.07000000029802322,9.8100004196167,0.0,0.0,0.0,1008.674560546875,38.470001220703125,0.25242382287979126,-1.4316439628601074,0,0,0.0,0.0,0.0,0,0,-0.0028382213786244392,0.0,0.004181035794317722,-0.4937894940376282,0.0,0.0,0.0,135849,135868,136349,135865,0,135868,STANDBY
-0.03999999910593033,-0.07000000029802322,9.8100004196167,0.0,0.0,0.0,1008.67236328125,38.470001220703125,0.0019906070083379745,-3.6582233905792236,0,0,0.0,0.0,0.0,0,0,-0.00277718435972929,0.0,0.004211554303765297,-0.4937894940376282,0.0,0.0,0.0,135949,135968,136435,135952,0,135968,STANDBY
-0.03999999910593033,-0.09000000357627869,9.8100004196167,0.0,0.0,0.0,1008.67236328125,38.470001220703125,-0.03458433598279953,-2.2421605587005615,0,0,0.0,0.0,0.0,0,0,-0.0028077028691768646,0.0,0.0042420728132128716,-0.4937894940376282,0.0,0.0,0.0,136049,136068,136539,136054,0,136068,STANDBY
-0.03999999910593033,-0.07999999821186066,9.819999694824219,0.0,0.0,0.0,1008.670166015625,38.47999954223633,-0.03470766544342041,-0.5890037417411804,0,0,0.0,0.0,0.0,0,0,-0.002929776906967163,0.0,0.004150517284870148,-0.4938200116157532,0.0,0.0,0.0,136150,136168,136642,136158,0,136168,STANDBY
-0.03999999910593033,-0.07999999821186066,9.8100004196167,0.0,0.0,0.0,1008.6626586914062,38.47999954223633,0.002396884374320507,-0.006977640092372894,0,0,0.0,0.0,0.0,0,0,-0.0029602954164147377,0.0,0.004181035794317722,-0.4938200116157532,0.0,0.0,0.0,136250,136268,136745,136261,0,136268,STANDBY
-0.05999999865889549,-0.09000000357627869,9.829999923706055,0.0,0.0,0.0,1008.673583984375,38.47999954223633,-0.03507328778505325,0.0347086563706398,0,0,0.0,0.0,0.0,0,0,-0.0028992583975195885,0.0,0.004272591322660446,-0.4938200116157532,0.0,0.0,0.0,136350,136368,136849,136365,0,136368,STANDBY
-0.03999999910593033,-0.07000000029802322,9.8100004196167,0.0,0.0,0.0,1008.6783447265625,38.47999954223633,-0.10149700939655304,-0.3851545751094818,0,0,0.0,0.0,0.0,0,0,-0.0028077028691768646,0.0,0.004303109832108021,-0.4937894940376282,0.0,0.0,0.0,136450,136468,136935,136453,0,136468,STANDBY
-0.05000000074505806,-0.07999999821186066,9.819999694824219,0.0,0.0,0.0,1008.5770263671875,38.41999816894531,0.3463151156902313,0.9304722547531128,0,0,0.0,0.0,0.0,0,0,-0.00277718435972929,0.0,0.0042420728132128716,-0.4937894940376282,0.0,0.0,0.0,136550,136568,137038,136554,0,136568,STANDBY
-0.05000000074505806,-0.09000000357627869,9.819999694824219,0.0,0.0,0.0,1008.5599975585938,38.40999984741211,0.7512413263320923,3.545384407043457,0,0,0.0,0.0,0.0,0,0,-0.0028382213786244392,0.0,0.004211554303765297,-0.4938200116157532,0.0,0.0,0.0,136650,136668,137142,136657,0,136668,STANDBY
-0.05000000074505806,-0.07999999821186066,9.819999694824219,0.0,0.0,0.0,1008.5613403320312,38.41999816894531,0.8802220225334167,3.4023261070251465,0,0,0.0,0.0,0.0,0,0,-0.0028077028691768646,0.0,0.004272591322660446,-0.4938200116157532,0.0,0.0,0.0,136750,136768,137245,136761,0,136768,STANDBY
-0.03999999910593033,-0.09000000357627869,9.8100004196167,0.0,0.0,0.0,1008.657958984375,38.470001220703125,0.31255388259887695,-0.760995090007782,0,0,0.0,0.0,0.0,0,0,-0.0028382213786244392,0.0,0.004303109832108021,-0.4937894940376282,0.0,0.0,0.0,136850,136868,137349,136864,0,136868,STANDBY
-0.03999999910593033,-0.07999999821186066,9.819999694824219,0.0,0.0,0.0,1008.6502075195312,38.47999954223633,0.13226738572120667,-3.286268711090088,0,0,0.0,0.0,0.0,0,0,-0.0028077028691768646,0.0,0.004272591322660446,-0.4937589764595032,0.0,0.0,0.0,136950,136968,137435,136953,0,136968,STANDBY
-0.03999999910593033,-0.09000000357627869,9.819999694824219,0.0,0.0,0.0,1008.672119140625,38.4900016784668,0.0007934793829917908,-2.11346173286438,0,0,0.0,0.0,0.0,0,0,-0.00277718435972929,0.0,0.004333628341555595,-0.4937284588813782,0.0,0.0,0.0,137050,137068,137538,137055,0,137068,STANDBY
-0.05999999865889549,-0.07999999821186066,9.819999694824219,0.0,0.0,0.0,1008.67626953125,38.4900016784668,-0.08023901283740997,-1.2262797355651855,0,0,0.0,0.0,0.0,0,0,-0.002624591812491417,0.0,0.004425183869898319,-0.4937284588813782,0.0,0.0,0.0,137150,137168,137641,137157,0,137168,STANDBY
-0.03999999910593033,-0.07999999821186066,9.819999694824219,0.0,0.0,0.0,1008.6680297851562,38.47999954223633,-0.02224624529480934,-0.3800773620605469,0,0,0.0,0.0,0.0,0,0,-0.0027466658502817154,0.0,0.004333628341555595,-0.4938200116157532,0.0,0.0,0.0,137250,137268,137745,137261,0,137268,STANDBY
-0.03999999910593033,-0.07999999821186066,9.8100004196167,0.0,0.0,0.0,1008.665283203125,38.4900016784668,0.01598777435719967,0.3473791480064392,0,0,0.0,0.0,0.0,0,0,-0.00277718435972929,0.0,0.004272591322660446,-0.4938810467720032,0.0,0.0,0.0,137350,137368,137848,137364,0,137368,STANDBY
-0.05000000074505806,-0.07000000029802322,9.819999694824219,0.0,0.0,0.0,1008.67626953125,38.4900016784668,-0.057883381843566895,-0.047351058572530746,0,0,0.0,0.0,0.0,0,0,-0.0028382213786244392,0.0,0.004272591322660446,-0.4938810467720032,0.0,0.0,0.0,137450,137468,137951,137467,0,137468,STANDBY
-0.029999999329447746,-0.09000000357627869,9.819999694824219,0.0,0.0,0.0,1008.594482421875,38.45000076293945,0.32994163036346436,0.918468713760376,0,0,0.0,0.0,0.0,0,0,-0.0028992583975195885,0.0,0.004181035794317722,-0.4939725995063782,0.0,0.0,0.0,137550,137568,138037,137553,0,137568,STANDBY
-0.05000000074505806,-0.07999999821186066,9.829999923706055,0.0,0.0,0.0,1008.55517578125,38.41999816894531,0.7956942319869995,3.5215630531311035,0,0,0.0,0.0,0.0,0,0,-0.0027161473408341408,0.0,0.004150517284870148,-0.4939115643501282,0.0,0.0,0.0,137650,137668,138140,137657,0,137668,STANDBY
-0.03999999910593033,-0.07999999821186066,9.819999694824219,0.0,0.0,0.0,1008.5632934570312,38.41999816894531,0.8837257623672485,3.3283605575561523,0,0,0.0,0.0,0.0,0,0,-0.0027466658502817154,0.0,0.004150517284870148,-0.4939420819282532,0.0,0.0,0.0,137750,137768,138244,137760,0,137768,STANDBY
-0.029999999329447746,-0.07999999821186066,9.819999694824219,0.0,0.0,0.0,1008.6475219726562,38.47999954223633,0.38031071424484253,-0.7093209028244019,0,0,0.0,0.0,0.0,0,0,-0.0028077028691768646,0.0,0.004058961756527424,-0.4939420819282532,0.0,0.0,0.0,137850,137868,138347,137863,0,137868,STANDBY
-0.03999999910593033,-0.07999999821186066,9.819999694824219,0.0,0.0,0.0,1008.65283203125,38.4900016784668,0.15319983661174774,-3.1754300594329834,0,0,0.0,0.0,0.0,0,0,-0.0027161473408341408,0.0,0.0040894802659749985,-0.4938810467720032,0.0,0.0,0.0,137950,137968,138450,137966,0,137968,STANDBY
-0.03999999910593033,-0.07999999821186066,9.819999694824219,0.0,0.0,0.0,1008.63720703125,38.47999954223633,0.18425363302230835,-1.740919828414917,0,0,0.0,0.0,0.0,0,0,-0.0027466658502817154,0.0,0.0040894802659749985,-0.4939420819282532,0.0,0.0,0.0,138050,138068,138536,138053,0,138068,STANDBY
-0.03999999910593033,-0.10000000149011612,9.8100004196167,0.0,0.0,0.0,1008.670654296875,38.4900016784668,0.027957573533058167,-0.763572096824646,0,0,0.0,0.0,0.0,0,0,-0.0027466658502817154,0.0,0.004211554303765297,-0.4938810467720032,0.0,0.0,0.0,138150,138168,138640,138157,0,138168,STANDBY
-0.05999999865889549,-0.07999999821186066,9.8100004196167,0.0,0.0,0.0,1008.6671752929688,38.4900016784668,0.006375436671078205,-0.7645650506019592,0,0,0.0,0.0,0.0,0,0,-0.0027466658502817154,0.0,0.004333628341555595,-0.4938505291938782,0.0,0.0,0.0,138250,138268,138743,138260,0,138268,STANDBY
-0.03999999910593033,-0.09000000357627869,9.8100004196167,0.0,0.0,0.0,1008.6796875,38.4900016784668,-0.039694253355264664,-0.3990623652935028,0,0,0.0,0.0,0.0,0,0,-0.0028992583975195885,0.0,0.004272591322660446,-0.4939115643501282,0.0,0.0,0.0,138350,138368,138847,138363,0,138368,STANDBY
-0.05000000074505806,-0.09000000357627869,9.819999694824219,0.0,0.0,0.0,1008.6768798828125,38.4900016784668,-0.07844137400388718,-0.430233895778656,0,0,0.0,0.0,0.0,0,0,-0.0028382213786244392,0.0,0.004455702379345894,-0.4938810467720032,0.0,0.0,0.0,138450,138468,138950,138467,0,138468,STANDBY
-0.05000000074505806,-0.07999999821186066,9.8100004196167,0.0,0.0,0.0,1008.5978393554688,38.45000076293945,0.29914534091949463,0.8573248982429504,0,0,0.0,0.0,0.0,0,0,-0.002929776906967163,0.0,0.00436414685100317,-0.4939115643501282,0.0,0.0,0.0,138550,138568,139036,138553,0,138568,STANDBY
-0.029999999329447746,-0.07999999821186066,9.819999694824219,0.0,0.0,0.0,1008.5460815429688,38.41999816894531,0.8437241911888123,3.7823922634124756,0,0,0.0,0.0,0.0,0,0,-0.002868739888072014,0.0,0.004303109832108021,-0.4939115643501282,0.0,0.0,0.0,138650,138668,139140,138655,0,138668,STANDBY
-0.05000000074505806,-0.07999999821186066,9.8100004196167,0.0,0.0,0.0,1008.561767578125,38.43000030517578,0.8787426948547363,3.4554381370544434,0,0,0.0,0.0,0.0,0,0,-0.002868739888072014,0.0,0.004272591322660446,-0.4938810467720032,0.0,0.0,0.0,138750,138768,139243,138759,0,138768,STANDBY
-0.029999999329447746,-0.09000000357627869,9.819999694824219,0.0,0.0,0.0,1008.6534423828125,38.4900016784668,0.42671316862106323,-0.5154193639755249,0,0,0.0,0.0,0.0,0,0,-0.0029602954164147377,0.0,0.004211554303765297,-0.4938810467720032,0.0,0.0,0.0,138850,138868,139346,138862,0,138868,STANDBY
-0.05000000074505806,-0.07999999821186066,9.8100004196167,0.0,0.0,0.0,1008.6651000976562,38.5,0.10111841559410095,-3.2437376976013184,0,0,0.0,0.0,0.0,0,0,-0.002685628831386566,0.0,0.004333628341555595,-0.4938200116157532,0.0,0.0,0.0,138950,138968,139450,138966,0,138968,STANDBY
-0.029999999329447746,-0.07999999821186066,9.8100004196167,0.0,0.0,0.0,1008.6671752929688,38.4900016784668,0.03982667252421379,-2.5342135429382324,0,0,0.0,0.0,0.0,0,0,-0.002868739888072014,0.0,0.0042420728132128716,-0.4939115643501282,0.0,0.0,0.0,139051,139068,139536,139054,0,139068,STANDBY
-0.029999999329447746,-0.07999999821186066,9.8100004196167,0.0,0.0,0.0,1008.654052734375,38.5,0.0689001977443695,-0.7197580933570862,0,0,0.0,0.0,0.0,0,0,-0.002685628831386566,0.0,0.004333628341555595,-0.4938505291938782,0.0,0.0,0.0,139151,139168,139639,139155,0,139168,STANDBY
-0.05999999865889549,-0.07999999821186066,9.8100004196167,0.0,0.0,0.0,1008.6513061523438,38.5,0.11463041603565216,0.11069527268409729,0,0,0.0,0.0,0.0,0,0,-0.0027466658502817154,0.0,0.004394665360450745,-0.4938505291938782,0.0,0.0,0.0,139251,139268,139742,139258,0,139268,STANDBY
-0.05000000074505806,-0.07999999821186066,9.800000190734863,0.0,0.0,0.0,1008.64111328125,38.5,0.1541656255722046,0.3447476029396057,0,0,0.0,0.0,0.0,0,0,-0.002685628831386566,0.0,0.004455702379345894,-0.4938200116157532,0.0,0.0,0.0,139351,139368,139845,139362,0,139368,STANDBY
-0.029999999329447746,-0.09000000357627869,9.800000190734863,0.0,0.0,0.0,1008.66845703125,38.5,0.013367805629968643,-0.3054051399230957,0,0,0.0,0.0,0.0,0,0,-0.002868739888072014,0.0,0.004425183869898319,-0.4938505291938782,0.0,0.0,0.0,139451,139468,139949,139465,0,139468,STANDBY
-0.05000000074505806,-0.07000000029802322,9.800000190734863,0.0,0.0,0.0,1008.5745239257812,38.45000076293945,0.41441625356674194,0.622367799282074,0,0,0.0,0.0,0.0,0,0,-0.0027466658502817154,0.0,0.004455702379345894,-0.4938200116157532,0.0,0.0,0.0,139551,139568,140035,139551,0,139568,STANDBY
-0.029999999329447746,-0.09000000357627869,9.800000190734863,0.0,0.0,0.0,1008.579345703125,38.45000076293945,0.6714940071105957,2.7474441528320312,0,0,0.0,0.0,0.0,0,0,-0.002868739888072014,0.0,0.00436414685100317,-0.4938505291938782,0.0,0.0,0.0,139651,139668,140138,139654,0,139668,STANDBY
-0.029999999329447746,-0.09000000357627869,9.8100004196167,0.0,0.0,0.0,1008.5465698242188,38.439998626708984,0.936190128326416,3.061192035675049,0,0,0.0,0.0,0.0,0,0,-0.0028077028691768646,0.0,0.004303109832108021,-0.4938200116157532,0.0,0.0,0.0,139751,139768,140241,139757,0,139768,STANDBY
-0.03999999910593033,-0.07999999821186066,9.8100004196167,0.0,0.0,0.0,1008.6375732421875,38.5,0.48340150713920593,0.12844210863113403,0,0,0.0,0.0,0.0,0,0,-0.0028382213786244392,0.0,0.004272591322660446,-0.4938505291938782,0.0,0.0,0.0,139851,139868,140345,139860,0,139868,STANDBY
-0.029999999329447746,-0.07999999821186066,9.819999694824219,0.0,0.0,0.0,1008.6610717773438,38.5099983215332,0.11959528177976608,-3.2282676696777344,0,0,0.0,0.0,0.0,0,0,-0.0028992583975195885,0.0,0.0040894802659749985,-0.4938505291938782,0.0,0.0,0.0,139951,139968,140448,139964,0,139968,STANDBY
-0.03999999910593033,-0.07999999821186066,9.8100004196167,0.0,0.0,0.0,1008.650146484375,38.5099983215332,0.14538881182670593,-2.28341007232666,0,0,0.0,0.0,0.0,0,0,-0.0027466658502817154,0.0,0.004058961756527424,-0.4938200116157532,0.0,0.0,0.0,140051,140068,140552,140067,0,140068,STANDBY
-0.03999999910593033,-0.07999999821186066,9.8100004196167,0.0,0.0,0.0,1008.65234375,38.5,0.10705621540546417,-0.5392205119132996,0,0,0.0,0.0,0.0,0,0,-0.0027466658502817154,0.0,0.0040894802659749985,-0.4937894940376282,0.0,0.0,0.0,140151,140168,140638,140154,0,140168,STANDBY
-0.03999999910593033,-0.09000000357627869,9.8100004196167,0.0,0.0,0.0,1008.6673583984375,38.5099983215332,0.037815943360328674,-0.48259812593460083,0,0,0.0,0.0,0.0,0,0,-0.002868739888072014,0.0,0.0040894802659749985,-0.4938505291938782,0.0,0.0,0.0,140251,140268,140741,140257,0,140268,STANDBY
-0.05000000074505806,-0.07000000029802322,9.800000190734863,0.0,0.0,0.0,1008.666748046875,38.5099983215332,0.02665090747177601,-0.3576706051826477,0,0,0.0,0.0,0.0,0,0,-0.00277718435972929,0.0,0.004211554303765297,-0.4938810467720032,0.0,0.0,0.0,140351,140368,140845,140360,0,140368,STANDBY
-0.03999999910593033,-0.07000000029802322,9.819999694824219,0.0,0.0,0.0,1008.6845092773438,38.5099983215332,-0.11470291018486023,-0.7158603668212891,0,0,0.0,0.0,0.0,0,0,-0.0028077028691768646,0.0,0.0040894802659749985,-0.4939115643501282,0.0,0.0,0.0,140451,140468,140947,140464,0,140468,STANDBY
-0.03999999910593033,-0.07999999821186066,9.800000190734863,0.0,0.0,0.0,1008.6201782226562,38.470001220703125,0.1634199023246765,0.09582778811454773,0,0,0.0,0.0,0.0,0,0,-0.002624591812491417,0.0,0.0040894802659749985,-0.4938505291938782,0.0,0.0,0.0,140552,140568,141050,140567,0,140568,STANDBY
-0.05000000074505806,-0.07999999821186066,9.8100004196167,0.0,0.0,0.0,1008.5643920898438,38.439998626708984,0.6781466007232666,3.042105197906494,0,0,0.0,0.0,0.0,0,0,-0.0025940733030438423,0.0,0.004058961756527424,-0.4938810467720032,0.0,0.0,0.0,140652,140668,141136,140655,0,140668,STANDBY
-0.05000000074505806,-0.07000000029802322,9.800000190734863,0.0,0.0,0.0,1008.5684204101562,38.439998626708984,0.8505685329437256,3.7560415267944336,0,0,0.0,0.0,0.0,0,0,-0.0027466658502817154,0.0,0.0040894802659749985,-0.4939115643501282,0.0,0.0,0.0,140752,140768,141240,140756,0,140768,STANDBY
-0.03999999910593033,-0.07999999821186066,9.8100004196167,0.0,0.0,0.0,1008.6341552734375,38.5,0.43743059039115906,0.07851165533065796,0,0,0.0,0.0,0.0,0,0,-0.00277718435972929,0.0,0.004119998775422573,-0.4939420819282532,0.0,0.0,0.0,140852,140868,141343,140860,0,140868,STANDBY
-0.05000000074505806,-0.09000000357627869,9.819999694824219,0.0,0.0,0.0,1008.6782836914062,38.5099983215332,0.0211753249168396,-3.354478359222412,0,0,0.0,0.0,0.0,0,0,-0.00277718435972929,0.0,0.004211554303765297,-0.4939420819282532,0.0,0.0,0.0,140952,140968,141447,140963,0,140968,STANDBY
-0.03999999910593033,-0.09000000357627869,9.8100004196167,0.0,0.0,0.0,1008.6651611328125,38.5099983215332,0.0061444793827831745,-2.6074717044830322,0,0,0.0,0.0,0.0,0,0,-0.0028382213786244392,0.0,0.004211554303765297,-0.4939420819282532,0.0,0.0,0.0,141052,141068,141550,141066,0,141068,STANDBY
-0.029999999329447746,-0.09000000357627869,9.8100004196167,0.0,0.0,0.0,1008.6864013671875,38.52000045776367,-0.08758098632097244,-0.9420854449272156,0,0,0.0,0.0,0.0,0,0,-0.00277718435972929,0.0,0.004181035794317722,-0.4939115643501282,0.0,0.0,0.0,141152,141168,141636,141155,0,141168,STANDBY
-0.05000000074505806,-0.07000000029802322,9.819999694824219,0.0,0.0,0.0,1008.6754760742188,38.5099983215332,-0.08114095032215118,-0.5158737897872925,0,0,0.0,0.0,0.0,0,0,-0.0025940733030438423,0.0,0.0042420728132128716,-0.4938505291938782,0.0,0.0,0.0,141252,141268,141740,141255,0,141268,STANDBY
-0.03999999910593033,-0.07999999821186066,9.8100004196167,0.0,0.0,0.0,1008.6898193359375,38.52000045776367,-0.157094806432724,-0.43075358867645264,0,0,0.0,0.0,0.0,0,0,-0.002685628831386566,0.0,0.0042420728132128716,-0.4939115643501282,0.0,0.0,0.0,141352,141368,141843,141359,0,141368,STANDBY
-0.03999999910593033,-0.09000000357627869,9.8100004196167,0.0,0.0,0.0,1008.6685791015625,38.5099983215332,-0.05865919589996338,-0.02530338615179062,0,0,0.0,0.0,0.0,0,0,-0.0027466658502817154,0.0,0.004333628341555595,-0.4939115643501282,0.0,0.0,0.0,141452,141468,141946,141465,0,141468,STANDBY
-0.05999999865889549,-0.07999999821186066,9.800000190734863,0.0,0.0,0.0,1008.59423828125,38.459999084472656,0.28672856092453003,1.3532710075378418,0,0,0.0,0.0,0.0,0,0,-0.0028992583975195885,0.0,0.004333628341555595,-0.4940031170845032,0.0,0.0,0.0,141552,141568,142050,141565,0,141568,STANDBY
-0.03999999910593033,-0.09000000357627869,9.8100004196167,0.0,0.0,0.0,1008.5697021484375,38.45000076293945,0.6544197797775269,3.0615429878234863,0,0,0.0,0.0,0.0,0,0,-0.0029908139258623123,0.0,0.004272591322660446,-0.4940946698188782,0.0,0.0,0.0,141652,141668,142136,141651,0,141668,STANDBY
-0.029999999329447746,-0.09000000357627869,9.819999694824219,0.0,0.0,0.0,1008.5491333007812,38.45000076293945,0.8673275113105774,3.2353413105010986,0,0,0.0,0.0,0.0,0,0,-0.002929776906967163,0.0,0.004303109832108021,-0.4940946698188782,0.0,0.0,0.0,141752,141768,142239,141755,0,141768,STANDBY
-0.05000000074505806,-0.07999999821186066,9.8100004196167,0.0,0.0,0.0,1008.64794921875,38.5099983215332,0.495090514421463,0.5554033517837524,0,0,0.0,0.0,0.0,0,0,-0.002929776906967163,0.0,0.004333628341555595,-0.4940946698188782,0.0,0.0,0.0,141852,141868,142342,141858,0,141868,STANDBY
-0.05000000074505806,-0.07999999821186066,9.819999694824219,0.0,0.0,0.0,1008.654052734375,38.52000045776367,0.21314387023448944,-2.3538684844970703,0,0,0.0,0.0,0.0,0,0,-0.0027466658502817154,0.0,0.004455702379345894,-0.4940031170845032,0.0,0.0,0.0,141952,141968,142445,141962,0,141968,STANDBY
-0.05000000074505806,-0.07999999821186066,9.829999923706055,0.0,0.0,0.0,1008.650634765625,38.52000045776367,0.1107088029384613,-2.5205087661743164,0,0,0.0,0.0,0.0,0,0,-0.0027161473408341408,0.0,0.0044862208887934685,-0.4940031170845032,0.0,0.0,0.0,142052,142068,142548,142065,0,142068,STANDBY
-0.029999999329447746,-0.07999999821186066,9.8100004196167,0.0,0.0,0.0,1008.6615600585938,38.529998779296875,0.08432486653327942,-1.0418598651885986,0,0,0.0,0.0,0.0,0,0,-0.0028382213786244392,0.0,0.004333628341555595,-0.4941251873970032,0.0,0.0,0.0,142152,142168,142635,142151,0,142168,STANDBY
-0.029999999329447746,-0.09000000357627869,9.8100004196167,0.0,0.0,0.0,1008.6512451171875,38.529998779296875,0.13767533004283905,-0.0062709227204322815,0,0,0.0,0.0,0.0,0,0,-0.00277718435972929,0.0,0.00436414685100317,-0.4940641522407532,0.0,0.0,0.0,142252,142268,142738,142255,0,142268,STANDBY
-0.03999999910593033,-0.09000000357627869,9.8100004196167,0.0,0.0,0.0,1008.6649780273438,38.529998779296875,0.020738961175084114,-0.3194337785243988,0,0,0.0,0.0,0.0,0,0,-0.0028382213786244392,0.0,0.00436414685100317,-0.4940946698188782,0.0,0.0,0.0,142352,142368,142841,142358,0,142368,STANDBY
-0.03999999910593033,-0.09000000357627869,9.800000190734863,0.0,0.0,0.0,1008.6649780273438,38.529998779296875,0.012482378631830215,-0.5929772853851318,0,0,0.0,0.0,0.0,0,0,-0.002868739888072014,0.0,0.004303109832108021,-0.4940946698188782,0.0,0.0,0.0,142452,142468,142945,142466,0,142468,STANDBY
-0.03999999910593033,-0.07000000029802322,9.819999694824219,0.0,0.0,0.0,1008.5762329101562,38.4900016784668,0.40309810638427734,1.0017335414886475,0,0,0.0,0.0,0.0,0,0,-0.0028992583975195885,0.0,0.004211554303765297,-0.4941251873970032,0.0,0.0,0.0,142552,142568,143048,142564,0,142568,STANDBY
-0.029999999329447746,-0.07999999821186066,9.8100004196167,0.0,0.0,0.0,1008.54296875,38.45000076293945,0.8430681228637695,3.3931734561920166,0,0,0.0,0.0,0.0,0,0,-0.003021332435309887,0.0,0.0039674062281847,-0.4942167401313782,0.0,0.0,0.0,142652,142668,143152,142667,0,142668,STANDBY
-0.03999999910593033,-0.07999999821186066,9.800000190734863,0.0,0.0,0.0,1008.5516967773438,38.459999084472656,0.9609375,3.406961679458618,0,0,0.0,0.0,0.0,0,0,-0.0029908139258623123,0.0,0.0039674062281847,-0.4942167401313782,0.0,0.0,0.0,142752,142768,143238,142755,0,142768,STANDBY
-0.03999999910593033,-0.07999999821186066,9.819999694824219,0.0,0.0,0.0,1008.6431274414062,38.52000045776367,0.4255782961845398,-0.613476574420929,0,0,0.0,0.0,0.0,0,0,-0.002868739888072014,0.0,0.003936887718737125,-0.4942167401313782,0.0,0.0,0.0,142852,142868,143341,142858,0,142868,STANDBY
-0.05000000074505806,-0.07999999821186066,9.8100004196167,0.0,0.0,0.0,1008.6828002929688,38.529998779296875,0.003923438489437103,-3.933234930038452,0,0,0.0,0.0,0.0,0,0,-0.002868739888072014,0.0,0.003906369209289551,-0.4942777752876282,0.0,0.0,0.0,142952,142968,143444,142961,0,142968,STANDBY
-0.03999999910593033,-0.07999999821186066,9.8100004196167,0.0,0.0,0.0,1008.6525268554688,38.529998779296875,0.0719832181930542,-2.5187783241271973,0,0,0.0,0.0,0.0,0,0,-0.002868739888072014,0.0,0.003997924737632275,-0.4942472577095032,0.0,0.0,0.0,143052,143068,143548,143065,0,143068,STANDBY
-0.05999999865889549,-0.09000000357627869,9.8100004196167,0.0,0.0,0.0,1008.6415405273438,38.529998779296875,0.16402292251586914,-0.0022588372230529785,0,0,0.0,0.0,0.0,0,0,-0.00277718435972929,0.0,0.004150517284870148,-0.4942167401313782,0.0,0.0,0.0,143152,143168,143634,143151,0,143168,STANDBY
-0.05000000074505806,-0.07999999821186066,9.8100004196167,0.0,0.0,0.0,1008.66845703125,38.529998779296875,0.023075425997376442,-0.07948145270347595,0,0,0.0,0.0,0.0,0,0,-0.0027161473408341408,0.0,0.004303109832108021,-0.4941557049751282,0.0,0.0,0.0,143252,143268,143737,143255,0,143268,STANDBY
-0.05999999865889549,-0.09000000357627869,9.819999694824219,0.0,0.0,0.0,1008.66845703125,38.529998779296875,-0.029886243864893913,-0.7802260518074036,0,0,0.0,0.0,0.0,0,0,-0.0027466658502817154,0.0,0.004333628341555595,-0.4941862225532532,0.0,0.0,0.0,143352,143368,143841,143357,0,143368,STANDBY
-0.03999999910593033,-0.07999999821186066,9.8100004196167,0.0,0.0,0.0,1008.666259765625,38.529998779296875,-0.06260307878255844,-0.6382458806037903,0,0,0.0,0.0,0.0,0,0,-0.002471999265253544,0.0,0.004425183869898319,-0.4940946698188782,0.0,0.0,0.0,143453,143468,143944,143465,0,143468,STANDBY
-0.05999999865889549,-0.07000000029802322,9.829999923706055,0.0,0.0,0.0,1008.5950927734375,38.4900016784668,0.3184182643890381,0.9751114845275879,0,0,0.0,0.0,0.0,0,0,-0.002533036284148693,0.0,0.004455702379345894,-0.4940641522407532,0.0,0.0,0.0,143553,143568,144048,143564,0,143568,STANDBY
-0.03999999910593033,-0.09000000357627869,9.800000190734863,0.0,0.0,0.0,1008.5413818359375,38.459999084472656,0.8343460559844971,3.7306995391845703,0,0,0.0,0.0,0.0,0,0,-0.0027466658502817154,0.0,0.004425183869898319,-0.4941251873970032,0.0,0.0,0.0,143653,143668,144151,143668,0,143668,STANDBY
-0.05999999865889549,-0.07999999821186066,9.819999694824219,0.0,0.0,0.0,1008.57080078125,38.470001220703125,0.8278613090515137,3.19052791595459,0,0,0.0,0.0,0.0,0,0,-0.0027466658502817154,0.0,0.004425183869898319,-0.4941862225532532,0.0,0.0,0.0,143753,143768,144237,143756,0,143768,STANDBY
-0.05000000074505806,-0.07999999821186066,9.800000190734863,0.0,0.0,0.0,1008.6492919921875,38.52000045776367,0.37713807821273804,-0.7779713273048401,0,0,0.0,0.0,0.0,0,0,-0.00277718435972929,0.0,0.0044862208887934685,-0.4941862225532532,0.0,0.0,0.0,143853,143868,144340,143856,0,143868,STANDBY
-0.029999999329447746,-0.10000000149011612,9.8100004196167,0.0,0.0,0.0,1008.6690673828125,38.529998779296875,0.133421391248703,-2.8676819801330566,0,0,0.0,0.0,0.0,0,0,-0.0028382213786244392,0.0,0.004455702379345894,-0.4941557049751282,0.0,0.0,0.0,143953,143968,144444,143960,0,143968,STANDBY
-0.05000000074505806,-0.07999999821186066,9.8100004196167,0.0,0.0,0.0,1008.671875,38.529998779296875,-0.03338904306292534,-2.5109622478485107,0,0,0.0,0.0,0.0,0,0,-0.002685628831386566,0.0,0.004577776417136192,-0.4940946698188782,0.0,0.0,0.0,144053,144068,144547,144063,0,144068,STANDBY
-0.05999999865889549,-0.07999999821186066,9.8100004196167,0.0,0.0,0.0,1008.65380859375,38.540000915527344,0.06449884176254272,-0.982722818851471,0,0,0.0,0.0,0.0,0,0,-0.00277718435972929,0.0,0.004699850454926491,-0.4941251873970032,0.0,0.0,0.0,144153,144168,144651,144166,0,144168,STANDBY
-0.05000000074505806,-0.07999999821186066,9.819999694824219,0.0,0.0,0.0,1008.6888427734375,38.540000915527344,-0.11289375275373459,-0.402121901512146,0,0,0.0,0.0,0.0,0,0,-0.002685628831386566,0.0,0.0046388134360313416,-0.4941251873970032,0.0,0.0,0.0,144253,144268,144737,144252,0,144268,STANDBY
-0.05000000074505806,-0.07000000029802322,9.819999694824219,0.0,0.0,0.0,1008.6676025390625,38.540000915527344,-0.0404261015355587,-0.4837390184402466,0,0,0.0,0.0,0.0,0,0,-0.0026551103219389915,0.0,0.004516739398241043,-0.4941251873970032,0.0,0.0,0.0,144353,144368,144840,144356,0,144368,STANDBY
-0.029999999329447746,-0.09000000357627869,9.8100004196167,0.0,0.0,0.0,1008.671630859375,38.540000915527344,-0.07373417168855667,-0.061134375631809235,0,0,0.0,0.0,0.0,0,0,-0.00277718435972929,0.0,0.00436414685100317,-0.4941557049751282,0.0,0.0,0.0,144453,144468,144943,144464,0,144468,STANDBY
-0.019999999552965164,-0.09000000357627869,9.800000190734863,0.0,0.0,0.0,1008.5869750976562,38.4900016784668,0.3333723247051239,1.1259053945541382,0,0,0.0,0.0,0.0,0,0,-0.002685628831386566,0.0,0.004394665360450745,-0.4940641522407532,0.0,0.0,0.0,144553,144568,145046,144563,0,144568,STANDBY
-0.05000000074505806,-0.07999999821186066,9.8100004196167,0.0,0.0,0.0,1008.5850219726562,38.47999954223633,0.6544399261474609,3.255413770675659,0,0,0.0,0.0,0.0,0,0,-0.0027466658502817154,0.0,0.004333628341555595,-0.4940641522407532,0.0,0.0,0.0,144653,144668,145149,144666,0,144668,STANDBY
-0.03999999910593033,-0.09000000357627869,9.8100004196167,0.0,0.0,0.0,1008.5625,38.470001220703125,0.8426976203918457,3.1138148307800293,0,0,0.0,0.0,0.0,0,0,-0.0026551103219389915,0.0,0.004394665360450745,-0.4940031170845032,0.0,0.0,0.0,144753,144768,145236,144752,0,144768,STANDBY
-0.03999999910593033,-0.07999999821186066,9.8100004196167,0.0,0.0,0.0,1008.675048828125,38.529998779296875,0.2405497282743454,-0.7518573999404907,0,0,0.0,0.0,0.0,0,0,-0.0026551103219389915,0.0,0.004394665360450745,-0.4939725995063782,0.0,0.0,0.0,144854,144868,145340,144857,0,144868,STANDBY
-0.03999999910593033,-0.07999999821186066,9.819999694824219,0.0,0.0,0.0,1008.6504516601562,38.54999923706055,0.12861120700836182,-3.093254566192627,0,0,0.0,0.0,0.0,0,0,-0.0027466658502817154,0.0,0.004303109832108021,-0.4939725995063782,0.0,0.0,0.0,144954,144968,145442,144959,0,144968,STANDBY
-0.05000000074505806,-0.09000000357627869,9.819999694824219,0.0,0.0,0.0,1008.6642456054688,38.54999923706055,0.04760745167732239,-1.71832275390625,0,0,0.0,0.0,0.0,0,0,-0.0027161473408341408,0.0,0.00436414685100317,-0.4939725995063782,0.0,0.0,0.0,145054,145068,145546,145062,0,145068,STANDBY
-0.05000000074505806,-0.07000000029802322,9.819999694824219,0.0,0.0,0.0,1008.6470336914062,38.54999923706055,0.13145390152931213,-0.2969045341014862,0,0,0.0,0.0,0.0,0,0,-0.00277718435972929,0.0,0.004211554303765297,-0.4940641522407532,0.0,0.0,0.0,145154,145168,145649,145166,0,145168,STANDBY
-0.03999999910593033,-0.09000000357627869,9.819999694824219,0.0,0.0,0.0,1008.684814453125,38.54999923706055,-0.08991015702486038,-0.5716246962547302,0,0,0.0,0.0,0.0,0,0,-0.0028382213786244392,0.0,0.0042420728132128716,-0.4940946698188782,0.0,0.0,0.0,145254,145268,145736,145252,0,145268,STANDBY
-0.03999999910593033,-0.10000000149011612,9.819999694824219,0.0,0.0,0.0,1008.6807861328125,38.54999923706055,-0.11759968101978302,-1.0876744985580444,0,0,0.0,0.0,0.0,0,0,-0.0028382213786244392,0.0,0.004333628341555595,-0.4940946698188782,0.0,0.0,0.0,145354,145368,145840,145357,0,145368,STANDBY
-0.05000000074505806,-0.09000000357627869,9.8100004196167,0.0,0.0,0.0,1008.6642456054688,38.54999923706055,-0.015102775767445564,-0.00526583194732666,0,0,0.0,0.0,0.0,0,0,-0.002929776906967163,0.0,0.004425183869898319,-0.4941251873970032,0.0,0.0,0.0,145454,145468,145942,145464,0,145468,STANDBY
-0.03999999910593033,-0.09000000357627869,9.800000190734863,0.0,0.0,0.0,1008.6018676757812,38.52000045776367,0.2779836356639862,1.281140923500061,0,0,0.0,0.0,0.0,0,0,-0.0028382213786244392,0.0,0.0044862208887934685,-0.4940641522407532,0.0,0.0,0.0,145554,145568,146045,145562,0,145568,STANDBY
-0.05000000074505806,-0.09000000357627869,9.8100004196167,0.0,0.0,0.0,1008.5527954101562,38.47999954223633,0.8197318315505981,3.591432571411133,0,0,0.0,0.0,0.0,0,0,-0.0028077028691768646,0.0,0.004455702379345894,-0.4941862225532532,0.0,0.0,0.0,145654,145668,146149,145665,0,145668,STANDBY
-0.05000000074505806,-0.07999999821186066,9.800000190734863,0.0,0.0,0.0,1008.565673828125,38.4900016784668,0.8471081852912903,3.3617305755615234,0,0,0.0,0.0,0.0,0,0,-0.002929776906967163,0.0,0.004394665360450745,-0.4942167401313782,0.0,0.0,0.0,145754,145768,146235,145751,0,145768,STANDBY
-0.03999999910593033,-0.10000000149011612,9.819999694824219,0.0,0.0,0.0,1008.6560668945312,38.54999923706055,0.3356233239173889,-0.9601377248764038,0,0,0.0,0.0,0.0,0,0,-0.0028077028691768646,0.0,0.004547257907688618,-0.4940946698188782,0.0,0.0,0.0,145854,145868,146338,145857,0,145868,STANDBY
-0.05000000074505806,-0.07999999821186066,9.8100004196167,0.0,0.0,0.0,1008.6826782226562,38.560001373291016,-0.03871224448084831,-3.752829074859619,0,0,0.0,0.0,0.0,0,0,-0.0028382213786244392,0.0,0.004425183869898319,-0.4941251873970032,0.0,0.0,0.0,145954,145968,146442,145957,0,145968,STANDBY
-0.03999999910593033,-0.09000000357627869,9.8100004196167,0.0,0.0,0.0,1008.6724243164062,38.560001373291016,-0.035757772624492645,-2.503113269805908,0,0,0.0,0.0,0.0,0,0,-0.002685628831386566,0.0,0.0044862208887934685,-0.4940031170845032,0.0,0.0,0.0,146054,146068,146544,146061,0,146068,STANDBY
-0.05000000074505806,-0.09000000357627869,9.800000190734863,0.0,0.0,0.0,1008.6654663085938,38.560001373291016,-0.001028893981128931,-0.40402400493621826,0,0,0.0,0.0,0.0,0,0,-0.002685628831386566,0.0,0.004516739398241043,-0.4940031170845032,0.0,0.0,0.0,146154,146168,146649,146164,0,146168,STANDBY
-0.05000000074505806,-0.07999999821186066,9.800000190734863,0.0,0.0,0.0,1008.663330078125,38.560001373291016,0.006360718980431557,0.059782929718494415,0,0,0.0,0.0,0.0,0,0,-0.0025940733030438423,0.0,0.004516739398241043,-0.4939725995063782,0.0,0.0,0.0,146254,146268,146735,146250,0,146268,STANDBY
-0.03999999910593033,-0.09000000357627869,9.819999694824219,0.0,0.0,0.0,1008.6661987304688,38.560001373291016,-0.03327096998691559,-0.16552352905273438,0,0,0.0,0.0,0.0,0,0,-0.002624591812491417,0.0,0.004455702379345894,-0.4939420819282532,0.0,0.0,0.0,146354,146368,146838,146357,0,146368,STANDBY
-0.05000000074505806,-0.09000000357627869,9.789999961853027,0.0,0.0,0.0,1008.6724243164062,38.560001373291016,-0.08413814008235931,-0.4250659942626953,0,0,0.0,0.0,0.0,0,0,-0.0028077028691768646,0.0,0.004425183869898319,-0.4940336346626282,0.0,0.0,0.0,146454,146468,146941,146457,0,146468,STANDBY
-0.05000000074505806,-0.07999999821186066,9.8100004196167,0.0,0.0,0.0,1008.59716796875,38.52000045776367,0.2828543186187744,0.8931880593299866,0,0,0.0,0.0,0.0,0,0,-0.0028382213786244392,0.0,0.004333628341555595,-0.4940641522407532,0.0,0.0,0.0,146554,146568,147044,146561,0,146568,STANDBY
-0.029999999329447746,-0.09000000357627869,9.800000190734863,0.0,0.0,0.0,1008.5595092773438,38.4900016784668,0.7398185729980469,3.4486782550811768,0,0,0.0,0.0,0.0,0,0,-0.0028992583975195885,0.0,0.004303109832108021,-0.4940336346626282,0.0,0.0,0.0,146654,146668,147147,146664,0,146668,STANDBY
-0.05999999865889549,-0.10000000149011612,9.8100004196167,0.0,0.0,0.0,1008.5272827148438,38.47999954223633,1.0191439390182495,3.8824939727783203,0,0,0.0,0.0,0.0,0,0,-0.002929776906967163,0.0,0.004455702379345894,-0.4940031170845032,0.0,0.0,0.0,146754,146768,147251,146767,0,146768,STANDBY
-0.03999999910593033,-0.07999999821186066,9.8100004196167,0.0,0.0,0.0,1008.6504516601562,38.54999923706055,0.3685327172279358,-0.38981354236602783,0,0,0.0,0.0,0.0,0,0,-0.0028992583975195885,0.0,0.004394665360450745,-0.4939725995063782,0.0,0.0,0.0,146854,146868,147337,146853,0,146868,STANDBY
-0.05000000074505806,-0.07999999821186066,9.8100004196167,0.0,0.0,0.0,1008.66748046875,38.560001373291016,0.08176816254854202,-3.683344841003418,0,0,0.0,0.0,0.0,0,0,-0.0029602954164147377,0.0,0.004333628341555595,-0.4940641522407532,0.0,0.0,0.0,146954,146968,147440,146957,0,146968,STANDBY
-0.05000000074505806,-0.07999999821186066,9.8100004196167,0.0,0.0,0.0,1008.6640625,38.560001373291016,0.02541201561689377,-2.3699350357055664,0,0,0.0,0.0,0.0,0,0,-0.0029602954164147377,0.0,0.00436414685100317,-0.4940946698188782,0.0,0.0,0.0,147054,147068,147544,147060,0,147068,STANDBY
-0.05000000074505806,-0.07000000029802322,9.800000190734863,0.0,0.0,0.0,1008.6796875,38.56999969482422,-0.019131064414978027,-0.7986255884170532,0,0,0.0,0.0,0.0,0,0,-0.002929776906967163,0.0,0.004272591322660446,-0.4941557049751282,0.0,0.0,0.0,147154,147168,147647,147163,0,147168,STANDBY
-0.05000000074505806,-0.09000000357627869,9.8100004196167,0.0,0.0,0.0,1008.655029296875,38.56999969482422,0.05074920132756233,-0.09083106368780136,0,0,0.0,0.0,0.0,0,0,-0.0027466658502817154,0.0,0.004333628341555595,-0.4940946698188782,0.0,0.0,0.0,147254,147268,147750,147266,0,147268,STANDBY
-0.05000000074505806,-0.09000000357627869,9.819999694824219,0.0,0.0,0.0,1008.661865234375,38.56999969482422,0.017417006194591522,-0.028300292789936066,0,0,0.0,0.0,0.0,0,0,-0.0028382213786244392,0.0,0.004394665360450745,-0.4941251873970032,0.0,0.0,0.0,147354,147368,147836,147352,0,147368,STANDBY
-0.03999999910593033,-0.07000000029802322,9.8100004196167,0.0,0.0,0.0,1008.6412353515625,38.56999969482422,0.1338372826576233,0.2987455725669861,0,0,0.0,0.0,0.0,0,0,-0.0027161473408341408,0.0,0.004303109832108021,-0.4941251873970032,0.0,0.0,0.0,147454,147469,147940,147458,0,147469,STANDBY
-0.05999999865889549,-0.07999999821186066,9.8100004196167,0.0,0.0,0.0,1008.5834350585938,38.52000045776367,0.36026811599731445,1.0423914194107056,0,0,0.0,0.0,0.0,0,0,-0.0026551103219389915,0.0,0.004394665360450745,-0.4940946698188782,0.0,0.0,0.0,147554,147569,148043,147559,0,147569,STANDBY
-0.03999999910593033,-0.09000000357627869,9.819999694824219,0.0,0.0,0.0,1008.55517578125,38.5,0.7844844460487366,2.817964792251587,0,0,0.0,0.0,0.0,0,0,-0.00277718435972929,0.0,0.004272591322660446,-0.4942472577095032,0.0,0.0,0.0,147654,147670,148147,147662,0,147670,STANDBY
-0.029999999329447746,-0.07999999821186066,9.8100004196167,0.0,0.0,0.0,1008.5504760742188,38.4900016784668,0.8738155961036682,2.957263708114624,0,0,0.0,0.0,0.0,0,0,-0.0028077028691768646,0.0,0.004303109832108021,-0.4941862225532532,0.0,0.0,0.0,147755,147770,148250,147766,0,147770,STANDBY
-0.05000000074505806,-0.07999999821186066,9.8100004196167,0.0,0.0,0.0,1008.66064453125,38.560001373291016,0.2855514883995056,-1.0744624137878418,0,0,0.0,0.0,0.0,0,0,-0.002868739888072014,0.0,0.004272591322660446,-0.4942777752876282,0.0,0.0,0.0,147855,147870,148354,147869,0,147870,STANDBY
-0.05000000074505806,-0.07999999821186066,9.8100004196167,0.0,0.0,0.0,1008.6693725585938,38.56999969482422,-0.0014402549713850021,-3.6915526390075684,0,0,0.0,0.0,0.0,0,0,-0.0027466658502817154,0.0,0.004394665360450745,-0.4942167401313782,0.0,0.0,0.0,147955,147970,148440,147958,0,147970,STANDBY
-0.05000000074505806,-0.09000000357627869,9.8100004196167,0.0,0.0,0.0,1008.6493530273438,38.56999969482422,0.06011521816253662,-2.005214214324951,0,0,0.0,0.0,0.0,0,0,-0.0027161473408341408,0.0,0.004455702379345894,-0.4941557049751282,0.0,0.0,0.0,148055,148070,148542,148059,0,148070,STANDBY
-0.05000000074505806,-0.09000000357627869,9.8100004196167,0.0,0.0,0.0,1008.6356201171875,38.56999969482422,0.1881101429462433,0.34200382232666016,0,0,0.0,0.0,0.0,0,0,-0.0028077028691768646,0.0,0.004516739398241043,-0.4942472577095032,0.0,0.0,0.0,148155,148170,148645,148162,0,148170,STANDBY
-0.05999999865889549,-0.07999999821186066,9.8100004196167,0.0,0.0,0.0,1008.6597900390625,38.56999969482422,0.08286193758249283,0.30928781628608704,0,0,0.0,0.0,0.0,0,0,-0.0028077028691768646,0.0,0.004516739398241043,-0.4942472577095032,0.0,0.0,0.0,148255,148270,148749,148265,0,148270,STANDBY
-0.03999999910593033,-0.07000000029802322,9.819999694824219,0.0,0.0,0.0,1008.6802978515625,38.56999969482422,-0.07076044380664825,-0.8690729141235352,0,0,0.0,0.0,0.0,0,0,-0.002685628831386566,0.0,0.0044862208887934685,-0.4942167401313782,0.0,0.0,0.0,148355,148370,148852,148369,0,148370,STANDBY
-0.029999999329447746,-0.07999999821186066,9.8100004196167,0.0,0.0,0.0,1008.6884155273438,38.58000183105469,-0.17370033264160156,-1.238745927810669,0,0,0.0,0.0,0.0,0,0,-0.002685628831386566,0.0,0.004394665360450745,-0.4941862225532532,0.0,0.0,0.0,148455,148470,148938,148458,0,148470,STANDBY
-0.05000000074505806,-0.07000000029802322,9.8100004196167,0.0,0.0,0.0,1008.5970458984375,38.540000915527344,0.2687165439128876,0.7125341892242432,0,0,0.0,0.0,0.0,0,0,-0.002624591812491417,0.0,0.004425183869898319,-0.4941557049751282,0.0,0.0,0.0,148555,148570,149042,148558,0,148570,STANDBY
-0.05999999865889549,-0.07999999821186066,9.8100004196167,0.0,0.0,0.0,1008.540771484375,38.5,0.8888297080993652,4.345175743103027,0,0,0.0,0.0,0.0,0,0,-0.0027161473408341408,0.0,0.004425183869898319,-0.4942167401313782,0.0,0.0,0.0,148655,148670,149145,148662,0,148670,STANDBY
-0.03999999910593033,-0.07999999821186066,9.819999694824219,0.0,0.0,0.0,1008.5374755859375,38.5099983215332,1.0158307552337646,4.212941646575928,0,0,0.0,0.0,0.0,0,0,-0.0028382213786244392,0.0,0.00436414685100317,-0.4942472577095032,0.0,0.0,0.0,148755,148770,149249,148765,0,148770,STANDBY
-0.03999999910593033,-0.07999999821186066,9.8100004196167,0.0,0.0,0.0,1008.631591796875,38.56999969482422,0.5221635103225708,-0.30695563554763794,0,0,0.0,0.0,0.0,0,0,-0.002868739888072014,0.0,0.00436414685100317,-0.4942472577095032,0.0,0.0,0.0,148855,148870,149352,148869,0,148870,STANDBY
-0.03999999910593033,-0.07000000029802322,9.8100004196167,0.0,0.0,0.0,1008.6754150390625,38.58000183105469,0.10145392268896103,-3.5626091957092285,0,0,0.0,0.0,0.0,0,0,-0.0026551103219389915,0.0,0.004303109832108021,-0.4941862225532532,0.0,0.0,0.0,148955,148970,149438,148955,0,148970,STANDBY
-0.03999999910593033,-0.09000000357627869,9.800000190734863,0.0,0.0,0.0,1008.676025390625,38.58000183105469,-0.030294468626379967,-3.1598544120788574,0,0,0.0,0.0,0.0,0,0,-0.0026551103219389915,0.0,0.004333628341555595,-0.4941862225532532,0.0,0.0,0.0,149055,149070,149541,149058,0,149070,STANDBY
-0.03999999910593033,-0.09000000357627869,9.819999694824219,0.0,0.0,0.0,1008.665771484375,38.58000183105469,-0.014845786616206169,-1.2864693403244019,0,0,0.0,0.0,0.0,0,0,-0.002533036284148693,0.0,0.004303109832108021,-0.4940946698188782,0.0,0.0,0.0,149155,149170,149645,149161,0,149170,STANDBY
-0.03999999910593033,-0.07999999821186066,9.8100004196167,0.0,0.0,0.0,1008.662353515625,38.58000183105469,0.00399121455848217,-0.18303057551383972,0,0,0.0,0.0,0.0,0,0,-0.0025635547935962677,0.0,0.004303109832108021,-0.4940946698188782,0.0,0.0,0.0,149256,149270,149748,149265,0,149270,STANDBY
-0.03999999910593033,-0.07000000029802322,9.819999694824219,0.0,0.0,0.0,1008.6829833984375,38.58000183105469,-0.11100875586271286,-0.3593015670776367,0,0,0.0,0.0,0.0,0,0,-0.0025635547935962677,0.0,0.0042420728132128716,-0.4940336346626282,0.0,0.0,0.0,149356,149370,149852,149368,0,149370,STANDBY
-0.05000000074505806,-0.09000000357627869,9.819999694824219,0.0,0.0,0.0,1008.658935546875,38.58000183105469,-0.03190445527434349,-0.3027867376804352,0,0,0.0,0.0,0.0,0,0,-0.0027466658502817154,0.0,0.004272591322660446,-0.4941557049751282,0.0,0.0,0.0,149456,149474,149955,149474,0,149474,STANDBY
-0.05000000074505806,-0.07000000029802322,9.8100004196167,0.0,0.0,0.0,1008.5942993164062,38.54999923706055,0.3178514540195465,1.3078619241714478,0,0,0.0,0.0,0.0,0,0,-0.0025635547935962677,0.0,0.004303109832108021,-0.4940641522407532,0.0,0.0,0.0,149556,149574,150041,149559,0,149574,STANDBY
-0.05000000074505806,-0.07000000029802322,9.8100004196167,0.0,0.0,0.0,1008.5393676757812,38.52000045776367,0.8421570062637329,3.722789764404297,0,0,0.0,0.0,0.0,0,0,-0.002533036284148693,0.0,0.00436414685100317,-0.4940336346626282,0.0,0.0,0.0,149656,149675,150145,149661,0,149675,STANDBY
-0.03999999910593033,-0.09000000357627869,9.8100004196167,0.0,0.0,0.0,1008.5396118164062,38.5099983215332,0.982887864112854,3.7053751945495605,0,0,0.0,0.0,0.0,0,0,-0.0025635547935962677,0.0,0.00436414685100317,-0.4939725995063782,0.0,0.0,0.0,149756,149775,150248,149765,0,149775,STANDBY
-0.03999999910593033,-0.07999999821186066,9.8100004196167,0.0,0.0,0.0,1008.6294555664062,38.58000183105469,0.6912865042686462,0.8232516050338745,0,0,0.0,0.0,0.0,0,0,-0.0027161473408341408,0.0,0.004333628341555595,-0.4940031170845032,0.0,0.0,0.0,149856,149875,150351,149868,0,149875,STANDBY
-0.03999999910593033,-0.07999999821186066,9.819999694824219,0.0,0.0,0.0,1008.6486206054688,38.58000183105469,0.24244870245456696,-2.7502880096435547,0,0,0.0,0.0,0.0,0,0,-0.002685628831386566,0.0,0.004303109832108021,-0.4940336346626282,0.0,0.0,0.0,149956,149975,150455,149971,0,149975,STANDBY
-0.03999999910593033,-0.07999999821186066,9.819999694824219,0.0,0.0,0.0,1008.6532592773438,38.59000015258789,0.13734987378120422,-3.2934083938598633,0,0,0.0,0.0,0.0,0,0,-0.002471999265253544,0.0,0.004425183869898319,-0.4938810467720032,0.0,0.0,0.0,150056,150075,150558,150075,0,150075,STANDBY
-0.03999999910593033,-0.09000000357627869,9.829999923706055,0.0,0.0,0.0,1008.684814453125,38.59000015258789,-0.066866934299469,-1.8379876613616943,0,0,0.0,0.0,0.0,0,0,-0.0026551103219389915,0.0,0.004394665360450745,-0.4938810467720032,0.0,0.0,0.0,150156,150175,150644,150161,0,150175,STANDBY
-0.03999999910593033,-0.07999999821186066,9.819999694824219,0.0,0.0,0.0,1008.6532592773438,38.59000015258789,0.052221544086933136,-0.7764718532562256,0,0,0.0,0.0,0.0,0,0,-0.0027161473408341408,0.0,0.004303109832108021,-0.4938810467720032,0.0,0.0,0.0,150256,150275,150748,150264,0,150275,STANDBY
-0.03999999910593033,-0.07999999821186066,9.819999694824219,0.0,0.0,0.0,1008.6429443359375,38.59000015258789,0.14966776967048645,0.5925015807151794,0,0,0.0,0.0,0.0,0,0,-0.0026551103219389915,0.0,0.0042420728132128716,-0.4938505291938782,0.0,0.0,0.0,150356,150375,150851,150368,0,150375,STANDBY
-0.03999999910593033,-0.09000000357627869,9.800000190734863,0.0,0.0,0.0,1008.6498413085938,38.59000015258789,0.12320291996002197,0.4589465260505676,0,0,0.0,0.0,0.0,0,0,-0.002685628831386566,0.0,0.004333628341555595,-0.4937894940376282,0.0,0.0,0.0,150456,150475,150956,150471,0,150475,STANDBY
-0.05000000074505806,-0.10000000149011612,9.8100004196167,0.0,0.0,0.0,1008.5770874023438,38.54999923706055,0.440656453371048,0.926462709903717,0,0,0.0,0.0,0.0,0,0,-0.00277718435972929,0.0,0.004425183869898319,-0.4938505291938782,0.0,0.0,0.0,150556,150575,151042,150559,0,150575,STANDBY
-0.03999999910593033,-0.07999999821186066,9.8100004196167,0.0,0.0,0.0,1008.53662109375,38.52000045776367,0.9248614311218262,3.3238375186920166,0,0,0.0,0.0,0.0,0,0,-0.0028992583975195885,0.0,0.00436414685100317,-0.4939115643501282,0.0,0.0,0.0,150656,150675,151144,150661,0,150675,STANDBY
-0.05000000074505806,-0.07000000029802322,9.829999923706055,0.0,0.0,0.0,1008.5372924804688,38.52000045776367,1.0059189796447754,3.255140781402588,0,0,0.0,0.0,0.0,0,0,-0.0027466658502817154,0.0,0.004303109832108021,-0.4939115643501282,0.0,0.0,0.0,150756,150775,151247,150764,0,150775,STANDBY
-0.05000000074505806,-0.07999999821186066,9.819999694824219,0.0,0.0,0.0,1008.6348266601562,38.58000183105469,0.5090888738632202,-0.650885283946991,0,0,0.0,0.0,0.0,0,0,-0.0027466658502817154,0.0,0.0042420728132128716,-0.4939725995063782,0.0,0.0,0.0,150856,150875,151351,150867,0,150875,STANDBY
-0.03999999910593033,-0.07999999821186066,9.819999694824219,0.0,0.0,0.0,1008.65869140625,38.599998474121094,0.16692470014095306,-3.3923025131225586,0,0,0.0,0.0,0.0,0,0,-0.0027161473408341408,0.0,0.004150517284870148,-0.4939725995063782,0.0,0.0,0.0,150956,150975,151454,150971,0,150975,STANDBY
-0.029999999329447746,-0.07999999821186066,9.819999694824219,0.0,0.0,0.0,1008.640869140625,38.59000015258789,0.17775055766105652,-2.3479971885681152,0,0,0.0,0.0,0.0,0,0,-0.002685628831386566,0.0,0.004119998775422573,-0.4939420819282532,0.0,0.0,0.0,151056,151075,151558,151074,0,151075,STANDBY
-0.05000000074505806,-0.09000000357627869,9.829999923706055,0.0,0.0,0.0,1008.6832885742188,38.599998474121094,-0.02855376899242401,-1.1787383556365967,0,0,0.0,0.0,0.0,0,0,-0.0027161473408341408,0.0,0.0042420728132128716,-0.4939115643501282,0.0,0.0,0.0,151156,151175,151645,151160,0,151175,STANDBY
-0.03999999910593033,-0.07999999821186066,9.8100004196167,0.0,0.0,0.0,1008.6620483398438,38.599998474121094,0.014853309839963913,-0.8565360307693481,0,0,0.0,0.0,0.0,0,0,-0.0027161473408341408,0.0,0.004303109832108021,-0.4939115643501282,0.0,0.0,0.0,151256,151275,151748,151264,0,151275,STANDBY
-0.05000000074505806,-0.09000000357627869,9.8100004196167,0.0,0.0,0.0,1008.6690063476562,38.599998474121094,0.02664216421544552,0.0005560368299484253,0,0,0.0,0.0,0.0,0,0,-0.0028382213786244392,0.0,0.004333628341555595,-0.4939725995063782,0.0,0.0,0.0,151356,151375,151852,151367,0,151375,STANDBY
-0.05000000074505806,-0.07000000029802322,9.8100004196167,0.0,0.0,0.0,1008.6489868164062,38.599998474121094,0.09164977818727493,0.2791345715522766,0,0,0.0,0.0,0.0,0,0,-0.0027161473408341408,0.0,0.004425183869898319,-0.4939420819282532,0.0,0.0,0.0,151456,151475,151954,151471,0,151475,STANDBY
-0.029999999329447746,-0.09000000357627869,9.819999694824219,0.0,0.0,0.0,1008.6021728515625,38.560001373291016,0.31745171546936035,0.8814451098442078,0,0,0.0,0.0,0.0,0,0,-0.002685628831386566,0.0,0.004455702379345894,-0.4938505291938782,0.0,0.0,0.0,151556,151575,152057,151574,0,151575,STANDBY
-0.05000000074505806,-0.09000000357627869,9.8100004196167,0.0,0.0,0.0,1008.556396484375,38.529998779296875,0.7784560918807983,2.9171438217163086,0,0,0.0,0.0,0.0,0,0,-0.0027466658502817154,0.0,0.004425183869898319,-0.4938810467720032,0.0,0.0,0.0,151656,151675,152143,151660,0,151675,STANDBY
-0.03999999910593033,-0.07999999821186066,9.8100004196167,0.0,0.0,0.0,1008.548828125,38.529998779296875,0.9041549563407898,3.1478161811828613,0,0,0.0,0.0,0.0,0,0,-0.0028077028691768646,0.0,0.004394665360450745,-0.4939420819282532,0.0,0.0,0.0,151756,151775,152247,151762,0,151775,STANDBY
-0.05000000074505806,-0.07000000029802322,9.819999694824219,0.0,0.0,0.0,1008.63671875,38.59000015258789,0.45934927463531494,-0.33734965324401855,0,0,0.0,0.0,0.0,0,0,-0.0025940733030438423,0.0,0.0044862208887934685,-0.4938200116157532,0.0,0.0,0.0,151856,151875,152350,151867,0,151875,STANDBY
-0.05000000074505806,-0.07999999821186066,9.8100004196167,0.0,0.0,0.0,1008.6558837890625,38.599998474121094,0.19541001319885254,-2.7792325019836426,0,0,0.0,0.0,0.0,0,0,-0.0027161473408341408,0.0,0.0044862208887934685,-0.4938505291938782,0.0,0.0,0.0,151956,151975,152454,151970,0,151975,STANDBY
-0.05000000074505806,-0.07999999821186066,9.8100004196167,0.0,0.0,0.0,1008.646240234375,38.599998474121094,0.1650254726409912,-1.998267412185669,0,0,0.0,0.0,0.0,0,0,-0.0025940733030438423,0.0,0.004425183869898319,-0.4938200116157532,0.0,0.0,0.0,152056,152075,152557,152074,0,152075,STANDBY
-0.05000000074505806,-0.07999999821186066,9.819999694824219,0.0,0.0,0.0,1008.6571655273438,38.599998474121094,0.10053640604019165,-0.8395082950592041,0,0,0.0,0.0,0.0,0,0,-0.002624591812491417,0.0,0.00436414685100317,-0.4938810467720032,0.0,0.0,0.0,152157,152175,152643,152160,0,152175,STANDBY
-0.05000000074505806,-0.07999999821186066,9.8100004196167,0.0,0.0,0.0,1008.6543579101562,38.61000061035156,0.08619212359189987,-0.4803016781806946,0,0,0.0,0.0,0.0,0,0,-0.0026551103219389915,0.0,0.004455702379345894,-0.4938810467720032,0.0,0.0,0.0,152257,152275,152747,152263,0,152275,STANDBY
-0.03999999910593033,-0.07999999821186066,9.829999923706055,0.0,0.0,0.0,1008.6543579101562,38.61000061035156,0.074933260679245,-0.2562061548233032,0,0,0.0,0.0,0.0,0,0,-0.0028382213786244392,0.0,0.00436414685100317,-0.4939725995063782,0.0,0.0,0.0,152357,152375,152850,152367,0,152375,STANDBY
-0.029999999329447746,-0.09000000357627869,9.829999923706055,0.0,0.0,0.0,1008.665283203125,38.61000061035156,0.046591270714998245,-0.13592049479484558,0,0,0.0,0.0,0.0,0,0,-0.0028382213786244392,0.0,0.0042420728132128716,-0.4940031170845032,0.0,0.0,0.0,152457,152475,152953,152469,0,152475,STANDBY
-0.05000000074505806,-0.09000000357627869,9.8100004196167,0.0,0.0,0.0,1008.5828247070312,38.56999969482422,0.4193589389324188,1.0655467510223389,0,0,0.0,0.0,0.0,0,0,-0.002624591812491417,0.0,0.00436414685100317,-0.4938505291938782,0.0,0.0,0.0,152557,152576,153057,152573,0,152576,STANDBY
-0.05000000074505806,-0.09000000357627869,9.8100004196167,0.0,0.0,0.0,1008.55419921875,38.540000915527344,0.822583794593811,3.2311158180236816,0,0,0.0,0.0,0.0,0,0,-0.0028077028691768646,0.0,0.004394665360450745,-0.4939115643501282,0.0,0.0,0.0,152657,152676,153143,152660,0,152676,STANDBY
-0.03999999910593033,-0.07999999821186066,9.800000190734863,0.0,0.0,0.0,1008.565185546875,38.540000915527344,0.8645368814468384,2.830204963684082,0,0,0.0,0.0,0.0,0,0,-0.0028992583975195885,0.0,0.004394665360450745,-0.4939725995063782,0.0,0.0,0.0,152757,152776,153246,152762,0,152776,STANDBY
-0.03999999910593033,-0.09000000357627869,9.8100004196167,0.0,0.0,0.0,1008.6317749023438,38.599998474121094,0.5313693284988403,-0.26438450813293457,0,0,0.0,0.0,0.0,0,0,-0.002868739888072014,0.0,0.004333628341555595,-0.4940031170845032,0.0,0.0,0.0,152857,152876,153350,152865,0,152876,STANDBY
-0.03999999910593033,-0.07000000029802322,9.819999694824219,0.0,0.0,0.0,1008.6481323242188,38.61000061035156,0.22191837430000305,-2.6860694885253906,0,0,0.0,0.0,0.0,0,0,-0.002868739888072014,0.0,0.004211554303765297,-0.4940946698188782,0.0,0.0,0.0,152957,152976,153453,152969,0,152976,STANDBY
-0.03999999910593033,-0.07999999821186066,9.8100004196167,0.0,0.0,0.0,1008.6521606445312,38.61000061035156,0.11819787323474884,-2.523545742034912,0,0,0.0,0.0,0.0,0,0,-0.0028992583975195885,0.0,0.004119998775422573,-0.4941251873970032,0.0,0.0,0.0,153057,153076,153556,153072,0,153076,STANDBY
-0.03999999910593033,-0.07999999821186066,9.8100004196167,0.0,0.0,0.0,1008.6624755859375,38.61000061035156,0.08541298657655716,-1.0021226406097412,0,0,0.0,0.0,0.0,0,0,-0.002929776906967163,0.0,0.003997924737632275,-0.4941557049751282,0.0,0.0,0.0,153157,153176,153643,153160,0,153176,STANDBY
-0.03999999910593033,-0.07999999821186066,9.8100004196167,0.0,0.0,0.0,1008.6412353515625,38.61000061035156,0.14503596723079681,-0.14154255390167236,0,0,0.0,0.0,0.0,0,0,-0.0028382213786244392,0.0,0.004058961756527424,-0.4941251873970032,0.0,0.0,0.0,153257,153276,153746,153262,0,153276,STANDBY
-0.029999999329447746,-0.07999999821186066,9.819999694824219,0.0,0.0,0.0,1008.6693725585938,38.61000061035156,0.042722128331661224,-0.1807822436094284,0,0,0.0,0.0,0.0,0,0,-0.0028077028691768646,0.0,0.004058961756527424,-0.4940641522407532,0.0,0.0,0.0,153357,153376,153849,153366,0,153376,STANDBY
-0.05000000074505806,-0.07999999821186066,9.819999694824219,0.0,0.0,0.0,1008.631591796875,38.61000061035156,0.22100353240966797,0.2873130440711975,0,0,0.0,0.0,0.0,0,0,-0.00277718435972929,0.0,0.0040894802659749985,-0.4940641522407532,0.0,0.0,0.0,153457,153476,153953,153469,0,153476,STANDBY
-0.03999999910593033,-0.07000000029802322,9.8100004196167,0.0,0.0,0.0,1008.5692138671875,38.56999969482422,0.5263659954071045,1.5684062242507935,0,0,0.0,0.0,0.0,0,0,-0.0025635547935962677,0.0,0.004272591322660446,-0.4939420819282532,0.0,0.0,0.0,153558,153576,154056,153573,0,153576,STANDBY
-0.03999999910593033,-0.07999999821186066,9.8100004196167,0.0,0.0,0.0,1008.5215454101562,38.540000915527344,0.9946987628936768,3.290971040725708,0,0,0.0,0.0,0.0,0,0,-0.0025940733030438423,0.0,0.0042420728132128716,-0.4939420819282532,0.0,0.0,0.0,153658,153676,154143,153661,0,153676,STANDBY
-0.03999999910593033,-0.07000000029802322,9.800000190734863,0.0,0.0,0.0,1008.5700073242188,38.560001373291016,0.8798971176147461,2.5365757942199707,0,0,0.0,0.0,0.0,0,0,-0.0025635547935962677,0.0,0.004211554303765297,-0.4938810467720032,0.0,0.0,0.0,153758,153776,154247,153762,0,153776,STANDBY
-0.05999999865889549,-0.07999999821186066,9.8100004196167,0.0,0.0,0.0,1008.6671752929688,38.619998931884766,0.23994269967079163,-2.1079227924346924,0,0,0.0,0.0,0.0,0,0,-0.0025940733030438423,0.0,0.0042420728132128716,-0.4939115643501282,0.0,0.0,0.0,153858,153876,154350,153866,0,153876,STANDBY
-0.03999999910593033,-0.07999999821186066,9.8100004196167,0.0,0.0,0.0,1008.6719360351562,38.619998931884766,0.03252273052930832,-3.9090211391448975,0,0,0.0,0.0,0.0,0,0,-0.002624591812491417,0.0,0.0042420728132128716,-0.4939725995063782,0.0,0.0,0.0,153958,153976,154454,153969,0,153976,STANDBY
-0.03999999910593033,-0.09000000357627869,9.819999694824219,0.0,0.0,0.0,1008.676025390625,38.619998931884766,-0.049394045025110245,-2.1583898067474365,0,0,0.0,0.0,0.0,0,0,-0.0026551103219389915,0.0,0.004303109832108021,-0.4939725995063782,0.0,0.0,0.0,154058,154076,154557,154073,0,154076,STANDBY
-0.03999999910593033,-0.09000000357627869,9.819999694824219,0.0,0.0,0.0,1008.6514282226562,38.619998931884766,0.1170235127210617,-0.11784285306930542,0,0,0.0,0.0,0.0,0,0,-0.0026551103219389915,0.0,0.004303109832108021,-0.4938810467720032,0.0,0.0,0.0,154158,154176,154643,154161,0,154176,STANDBY
-0.05000000074505806,-0.07999999821186066,9.819999694824219,0.0,0.0,0.0,1008.6795043945312,38.619998931884766,-0.050418976694345474,0.013418752700090408,0,0,0.0,0.0,0.0,0,0,-0.0027161473408341408,0.0,0.00436414685100317,-0.4939115643501282,0.0,0.0,0.0,154258,154276,154746,154262,0,154276,STANDBY
-0.05000000074505806,-0.09000000357627869,9.819999694824219,0.0,0.0,0.0,1008.676025390625,38.619998931884766,-0.10474732518196106,-0.9499019384384155,0,0,0.0,0.0,0.0,0,0,-0.00277718435972929,0.0,0.0042420728132128716,-0.4939420819282532,0.0,0.0,0.0,154358,154376,154850,154365,0,154376,STANDBY
-0.03999999910593033,-0.07999999821186066,9.819999694824219,0.0,0.0,0.0,1008.6348266601562,38.619998931884766,0.1299486756324768,0.3293408751487732,0,0,0.0,0.0,0.0,0,0,-0.0028382213786244392,0.0,0.004211554303765297,-0.4940336346626282,0.0,0.0,0.0,154458,154476,154953,154470,0,154476,STANDBY
-0.03999999910593033,-0.10000000149011612,9.8100004196167,0.0,0.0,0.0,1008.6091918945312,38.59000015258789,0.35612472891807556,1.8531655073165894,0,0,0.0,0.0,0.0,0,0,-0.0028992583975195885,0.0,0.004211554303765297,-0.4940336346626282,0.0,0.0,0.0,154558,154576,155057,154572,0,154576,STANDBY
-0.05000000074505806,-0.07999999821186066,9.8100004196167,0.0,0.0,0.0,1008.5349731445312,38.560001373291016,0.89881831407547,3.450057029724121,0,0,0.0,0.0,0.0,0,0,-0.002868739888072014,0.0,0.004211554303765297,-0.4940031170845032,0.0,0.0,0.0,154658,154676,155143,154661,0,154676,STANDBY
-0.03999999910593033,-0.07999999821186066,9.819999694824219,0.0,0.0,0.0,1008.5396728515625,38.560001373291016,1.0521981716156006,3.658630847930908,0,0,0.0,0.0,0.0,0,0,-0.0028077028691768646,0.0,0.004181035794317722,-0.4940336346626282,0.0,0.0,0.0,154758,154776,155246,154763,0,154776,STANDBY
-0.03999999910593033,-0.07000000029802322,9.8100004196167,0.0,0.0,0.0,1008.64111328125,38.619998931884766,0.4603384733200073,-0.6197978854179382,0,0,0.0,0.0,0.0,0,0,-0.0027161473408341408,0.0,0.004211554303765297,-0.4940031170845032,0.0,0.0,0.0,154858,154876,155351,154866,0,154876,STANDBY
-0.03999999910593033,-0.09000000357627869,9.829999923706055,0.0,0.0,0.0,1008.6470336914062,38.630001068115234,0.24202223122119904,-3.3953912258148193,0,0,0.0,0.0,0.0,0,0,-0.0028382213786244392,0.0,0.004119998775422573,-0.4940641522407532,0.0,0.0,0.0,154958,154976,155454,154970,0,154976,STANDBY
-0.05000000074505806,-0.07999999821186066,9.819999694824219,0.0,0.0,0.0,1008.635498046875,38.630001068115234,0.20052652060985565,-2.0840771198272705,0,0,0.0,0.0,0.0,0,0,-0.0028077028691768646,0.0,0.0042420728132128716,-0.4939725995063782,0.0,0.0,0.0,155058,155076,155557,155073,0,155076,STANDBY
-0.029999999329447746,-0.07999999821186066,9.819999694824219,0.0,0.0,0.0,1008.645751953125,38.630001068115234,0.20219144225120544,-0.5743926763534546,0,0,0.0,0.0,0.0,0,0,-0.002868739888072014,0.0,0.004181035794317722,-0.4940031170845032,0.0,0.0,0.0,155158,155176,155643,155161,0,155176,STANDBY
-0.05000000074505806,-0.07999999821186066,9.829999923706055,0.0,0.0,0.0,1008.6539306640625,38.630001068115234,0.10963338613510132,-0.38609087467193604,0,0,0.0,0.0,0.0,0,0,-0.002868739888072014,0.0,0.004211554303765297,-0.4940031170845032,0.0,0.0,0.0,155258,155276,155747,155264,0,155276,STANDBY
-0.05000000074505806,-0.07999999821186066,9.819999694824219,0.0,0.0,0.0,1008.65673828125,38.630001068115234,0.11402492225170135,-0.4319075047969818,0,0,0.0,0.0,0.0,0,0,-0.0027466658502817154,0.0,0.00436414685100317,-0.4940031170845032,0.0,0.0,0.0,155358,155376,155850,155367,0,155376,STANDBY
-0.029999999329447746,-0.07999999821186066,9.819999694824219,0.0,0.0,0.0,1008.647705078125,38.630001068115234,0.14783096313476562,0.07499279081821442,0,0,0.0,0.0,0.0,0,0,-0.0028382213786244392,0.0,0.004211554303765297,-0.4940641522407532,0.0,0.0,0.0,155458,155476,155954,155470,0,155476,STANDBY
-0.05000000074505806,-0.07999999821186066,9.819999694824219,0.0,0.0,0.0,1008.5708618164062,38.59000015258789,0.4729195237159729,1.0099164247512817,0,0,0.0,0.0,0.0,0,0,-0.0028382213786244392,0.0,0.004181035794317722,-0.4941251873970032,0.0,0.0,0.0,155558,155576,156058,155574,0,155576,STANDBY
-0.03999999910593033,-0.07999999821186066,9.819999694824219,0.0,0.0,0.0,1008.5369262695312,38.560001373291016,0.9222551584243774,3.213327407836914,0,0,0.0,0.0,0.0,0,0,-0.0028992583975195885,0.0,0.004150517284870148,-0.4941862225532532,0.0,0.0,0.0,155658,155676,156144,155661,0,155676,STANDBY
-0.03999999910593033,-0.09000000357627869,9.8100004196167,0.0,0.0,0.0,1008.5773315429688,38.56999969482422,0.8233851194381714,2.580075263977051,0,0,0.0,0.0,0.0,0,0,-0.002868739888072014,0.0,0.004211554303765297,-0.4941862225532532,0.0,0.0,0.0,155758,155776,156248,155763,0,155776,STANDBY
-0.05000000074505806,-0.07999999821186066,9.819999694824219,0.0,0.0,0.0,1008.6607666015625,38.630001068115234,0.36980539560317993,-1.2249393463134766,0,0,0.0,0.0,0.0,0,0,-0.0028382213786244392,0.0,0.0042420728132128716,-0.4941862225532532,0.0,0.0,0.0,155858,155876,156351,155867,0,155876,STANDBY
-0.05000000074505806,-0.09000000357627869,9.819999694824219,0.0,0.0,0.0,1008.6620483398438,38.63999938964844,0.11222931742668152,-3.205287456512451,0,0,0.0,0.0,0.0,0,0,-0.00277718435972929,0.0,0.004333628341555595,-0.4941862225532532,0.0,0.0,0.0,155958,155976,156454,155970,0,155976,STANDBY
-0.03999999910593033,-0.07999999821186066,9.819999694824219,0.0,0.0,0.0,1008.6495971679688,38.63999938964844,0.10612505674362183,-2.140320301055908,0,0,0.0,0.0,0.0,0,0,-0.0028077028691768646,0.0,0.004333628341555595,-0.4941557049751282,0.0,0.0,0.0,156058,156076,156558,156073,0,156076,STANDBY
-0.03999999910593033,-0.09000000357627869,9.819999694824219,0.0,0.0,0.0,1008.6593017578125,38.63999938964844,0.07554233074188232,-0.584617555141449,0,0,0.0,0.0,0.0,0,0,-0.0027161473408341408,0.0,0.004333628341555595,-0.4940946698188782,0.0,0.0,0.0,156158,156176,156644,156162,0,156176,STANDBY
-0.03999999910593033,-0.10000000149011612,9.8100004196167,0.0,0.0,0.0,1008.6525268554688,38.63999938964844,0.1147615984082222,-0.010324982926249504,0,0,0.0,0.0,0.0,0,0,-0.002685628831386566,0.0,0.00436414685100317,-0.4940641522407532,0.0,0.0,0.0,156258,156276,156747,156263,0,156276,STANDBY
-0.029999999329447746,-0.07999999821186066,9.819999694824219,0.0,0.0,0.0,1008.6599731445312,38.63999938964844,0.06658080220222473,-0.04100955277681351,0,0,0.0,0.0,0.0,0,0,-0.0027466658502817154,0.0,0.004303109832108021,-0.4940031170845032,0.0,0.0,0.0,156358,156376,156851,156366,0,156376,STANDBY
-0.029999999329447746,-0.07999999821186066,9.829999923706055,0.0,0.0,0.0,1008.6558837890625,38.63999938964844,0.07346107065677643,-0.19809171557426453,0,0,0.0,0.0,0.0,0,0,-0.0027466658502817154,0.0,0.004181035794317722,-0.4939725995063782,0.0,0.0,0.0,156459,156476,156954,156470,0,156476,STANDBY
-0.03999999910593033,-0.07000000029802322,9.829999923706055,0.0,0.0,0.0,1008.58154296875,38.599998474121094,0.40544989705085754,0.9354967474937439,0,0,0.0,0.0,0.0,0,0,-0.002624591812491417,0.0,0.004211554303765297,-0.4939115643501282,0.0,0.0,0.0,156559,156576,157058,156573,0,156576,STANDBY
-0.05000000074505806,-0.09000000357627869,9.800000190734863,0.0,0.0,0.0,1008.540771484375,38.58000183105469,0.9158755540847778,3.5291237831115723,0,0,0.0,0.0,0.0,0,0,-0.002685628831386566,0.0,0.004181035794317722,-0.4940031170845032,0.0,0.0,0.0,156659,156676,157144,156662,0,156676,STANDBY
-0.03999999910593033,-0.07999999821186066,9.8100004196167,0.0,0.0,0.0,1008.5298461914062,38.58000183105469,1.0497971773147583,3.595231533050537,0,0,0.0,0.0,0.0,0,0,-0.0027161473408341408,0.0,0.004303109832108021,-0.4939725995063782,0.0,0.0,0.0,156759,156776,157247,156764,0,156776,STANDBY
0.20000000298023224,-0.75,10.420000076293945,0.0,0.0,0.0,1008.6152954101562,38.63999938964844,0.591733455657959,-0.36284351348876953,0,0,0.0,0.0,0.0,0,0,-0.004608294926583767,0.0,0.004913480021059513,-0.4940031170845032,0.0,0.0,0.0,156859,156876,157350,156866,0,156876,STANDBY
0.0,-0.44999998807907104,23.110000610351562,0.0,0.0,0.0,1008.7109375,38.650001525878906,-0.024479299783706665,-3.959740161895752,0,0,0.0,0.0,0.0,0,0,-0.004181035794317722,0.0,0.0058290353044867516,-0.4939420819282532,0.0,0.0,0.0,156959,156976,157447,156962,0,156976,STANDBY
-0.17000000178813934,-0.10000000149011612,22.479999542236328,0.0,0.0,0.0,1008.656005859375,38.650001525878906,-0.016952741891145706,-3.5915279388427734,0,0,0.0,0.0,0.0,0,0,-0.004150517284870148,-0.5,0.0058290353044867516,-0.4901272654533386,96.0,115.0,0.0,157059,157076,157555,157072,1,157076,POWERED
-0.1899999976158142,-0.10999999940395355,22.559999465942383,0.0,0.0,0.0,1008.629150390625,38.65999984741211,0.23512426018714905,-0.09367817640304565,0,0,0.0,0.0,0.0,0,0,-0.004150517284870148,-0.5,0.0058290353044867516,-0.4901272654533386,213.0,233.0,0.0,157159,157176,157649,157165,1,157176,POWERED
0.07000000029802322,-0.05000000074505806,24.690000534057617,0.0,0.0,0.0,1008.5789184570312,38.65999984741211,0.5595002174377441,2.3223884105682373,0,0,0.0,0.0,0.0,0,0,-0.004150517284870148,-0.5,0.0058290353044867516,-0.4901272654533386,365.0,388.0,0.0,157259,157276,157758,157275,1,157276,POWERED
0.4399999976158142,0.0,27.139999389648438,0.0,0.0,0.0,1008.5033569335938,38.65999984741211,1.106584906578064,3.794213056564331,0,0,0.0,0.0,0.0,0,0,-0.004150517284870148,-0.5,0.0058290353044867516,-0.4901272654533386,516.0,543.0,0.0,157359,157376,157852,157368,1,157376,POWERED
-0.6899999976158142,-0.9300000071525574,29.799999237060547,0.0,0.0,0.0,1008.4071655273438,38.65999984741211,1.7396819591522217,5.223133563995361,0,0,0.0,0.0,0.0,0,0,-0.004150517284870148,-0.5,0.0058290353044867516,-0.4901272654533386,696.0,727.0,0.0,157459,157476,157945,157462,1,157476,POWERED
-0.800000011920929,-0.8500000238418579,33.599998474121094,0.0,0.0,0.0,1008.2664794921875,38.630001068115234,2.7796995639801025,7.460566520690918,0,0,0.0,0.0,0.0,0,0,-0.004150517284870148,-0.5,0.0058290353044867516,-0.4901272654533386,935.0,972.0,0.0,157559,157576,158055,157571,1,157576,POWERED
-0.6800000071525574,-0.7699999809265137,35.040000915527344,0.0,0.0,0.0,1008.0856323242188,38.61000061035156,4.201868057250977,11.26937484741211,0,0,0.0,0.0,0.0,0,0,-0.004150517284870148,-0.5,0.0058290353044867516,-0.4901272654533386,1167.0,1206.0,0.0,157659,157676,158149,157665,1,157676,POWERED
-0.6800000071525574,-0.4699999988079071,37.369998931884766,0.0,0.0,15.699999809265137,1007.949462890625,38.619998931884766,5.419594764709473,12.939116477966309,0,0,0.0,0.0,0.0,0,0,-0.004119998775422573,-1.25,0.005859553813934326,-0.4844202995300293,1460.0,1504.0,0.0,157759,157776,158259,157775,1,157776,POWERED
-0.44999998807907104,-0.2800000011920929,39.22999954223633,0.0,0.0,45.5,1007.8233032226562,38.65999984741211,6.533658504486084,12.119159698486328,0,0,0.0,0.0,0.0,0,0,-0.0039674062281847,-3.9100000858306885,0.00595110934227705,-0.46400341391563416,1732.0,1779.0,0.0,157859,157876,158354,157870,1,157876,POWERED
-0.4300000071525574,-0.07999999821186066,41.5,0.0,0.0,106.4000015258789,1007.6329956054688,38.66999816894531,7.881782054901123,12.025257110595703,0,0,0.0,0.0,0.0,0,0,-0.00357066560536623,-11.460000038146973,0.006195257417857647,-0.4046449065208435,2021.0,2071.0,0.0,157960,157976,158449,157965,1,157976,POWERED
-0.3499999940395355,0.03999999910593033,43.34000015258789,0.0,-16.700000762939453,186.89999389648438,1007.38623046875,38.66999816894531,9.75991439819336,14.870935440063477,0,0,0.0,0.0,0.0,0,0,-0.0060731833800673485,-26.040000915527344,-0.0015564439818263054,-0.2852870225906372,2330.0,2383.0,0.0,158060,158076,158544,158063,1,158076,POWERED
-0.019999999552965164,-0.10000000149011612,45.7400016784668,0.0,-21.799999237060547,292.6000061035156,1007.1458740234375,38.66999816894531,11.6776123046875,18.00926399230957,0,0,0.0,0.0,0.0,0,0,-0.011749626137316227,-53.560001373291016,-0.01809747703373432,-0.04898220673203468,2712.0,2769.0,0.0,158160,158176,158657,158173,1,158176,POWERED
0.029999999329447746,-0.3499999940395355,48.0,0.0,-23.0,393.20001220703125,1006.885498046875,38.66999816894531,13.787113189697266,19.658733367919922,0,0,0.0,0.0,0.0,0,0,-0.017639698460698128,-87.02999877929688,-0.032837916165590286,0.24106571078300476,3061.0,3122.0,0.0,158260,158276,158752,158269,1,158276,POWERED
0.18000000715255737,-0.30000001192092896,49.13999938964844,0.0,0.0,505.3999938964844,1006.4849243164062,38.68000030517578,16.598573684692383,23.052759170532227,0,0,0.0,0.0,0.0,0,0,-0.040803246200084686,-131.08999633789062,-0.041657764464616776,0.5864741802215576,3427.0,3489.0,0.0,158360,158376,158849,158365,1,158376,POWERED
0.8199999928474426,-0.3100000023841858,48.75,0.0,0.0,616.2000122070312,1006.0953369140625,38.689998626708984,19.86349868774414,28.578052520751953,0,0,0.0,0.0,0.0,0,0,-0.07467879354953766,173.75,-0.032074954360723495,0.8906826972961426,3790.0,3851.0,0.0,158460,158476,158945,158464,1,158476,POWERED
2.0,-1.5299999713897705,46.84000015258789,0.0,19.700000762939453,755.5999755859375,1005.44482421875,38.63999938964844,24.515640258789062,36.87275695800781,0,0,0.0,0.0,0.0,0,0,-0.10071108490228653,96.72000122070312,0.007477034814655781,0.9724112749099731,4196.0,4253.0,0.0,158560,158576,159057,158573,1,158576,POWERED
0.9700000286102295,-2.809999942779541,44.2400016784668,0.0,23.0,872.0999755859375,1005.1279907226562,38.619998931884766,27.95594596862793,40.069610595703125,0,0,0.0,0.0,0.0,0,0,-0.08993804454803467,17.90999984741211,0.0639362782239914,0.6189458966255188,4518.0,4570.0,0.0,158660,158676,159153,158668,1,158676,POWERED
-0.49000000953674316,-2.7899999618530273,40.689998626708984,0.0,27.600000381469727,984.5999755859375,1004.7576293945312,38.619998931884766,31.002906799316406,34.862911224365234,0,0,0.0,0.0,0.0,0,0,-0.03094576857984066,-71.9800033569336,0.09341716021299362,-0.10876797139644623,4810.0,4858.0,0.0,158760,158776,159248,158764,1,158776,POWERED
-1.559999942779541,-2.0999999046325684,34.31999969482422,0.0,20.100000381469727,1078.699951171875,1004.3956298828125,38.66999816894531,33.88603210449219,30.327919006347656,0,0,0.0,0.0,0.0,0,0,0.051820430904626846,-170.8699951171875,0.06616412848234177,-0.8242133855819702,5059.0,5098.0,0.0,158860,158876,159344,158863,1,158876,POWERED
-1.4500000476837158,0.4099999964237213,23.940000534057617,0.0,0.0,1158.0999755859375,1003.840576171875,38.68000030517578,38.0839958190918,33.885475158691406,0,0,0.0,0.0,0.0,0,0,0.08282723277807236,65.41999816894531,-0.017273476347327232,-0.8806115984916687,5256.0,5278.0,0.0,158960,158976,159455,158971,1,158976,POWERED
0.44999998807907104,0.03999999910593033,13.170000076293945,0.0,0.0,1224.699951171875,1003.2601318359375,38.68000030517578,42.44860076904297,40.19927978515625,0,0,0.0,0.0,0.0,0,0,0.0316171757876873,-47.88999938964844,-0.07846308499574661,-0.10122989863157272,5320.0,5325.0,0.0,159060,159076,159550,159067,3,159076,APOGEE
0.7400000095367432,-1.409999966621399,2.450000047683716,0.0,21.399999618530273,1276.0,1002.6923217773438,38.66999816894531,47.296871185302734,44.73841094970703,0,0,0.0,0.0,0.0,0,0,-0.08346812427043915,-172.0800018310547,-0.04593035578727722,0.8213751912117004,5283.0,5271.0,0.0,159160,159176,159650,159166,3,159176,APOGEE
-1.100000023841858,-2.190000057220459,-2.0999999046325684,0.0,22.899999618530273,1281.4000244140625,1002.2315673828125,38.66999816894531,51.33097839355469,45.035125732421875,0,0,0.0,0.0,0.0,0,0,-0.0949125662446022,67.44000244140625,0.06018250063061714,0.8908352851867676,5177.0,5158.0,0.0,159260,159276,159746,159263,3,159276,APOGEE
-1.2899999618530273,-1.0099999904632568,-2.450000047683716,0.0,0.0,1225.199951171875,1001.8217163085938,38.66999816894531,54.901397705078125,39.74934387207031,0,0,0.0,0.0,0.0,0,0,0.01672414317727089,-70.2699966430664,0.11230811476707458,-0.08468886464834213,5034.0,5014.0,0.0,159360,159376,159856,159373,3,159376,APOGEE
-0.8799999952316284,-0.6499999761581421,-2.3499999046325684,0.0,0.0,1184.9000244140625,1001.1771850585938,38.65999984741211,59.76420593261719,41.368011474609375,0,0,0.0,0.0,0.0,0,0,0.1030610054731369,175.6199951171875,0.0476393923163414,-0.8741111755371094,4913.0,4894.0,0.0,159460,159476,159952,159473,3,159476,APOGEE
-0.05999999865889549,-0.699999988079071,-2.2699999809265137,0.0,0.0,1153.5,1000.6624755859375,38.630001068115234,64.16976928710938,45.08374786376953,0,0,0.0,0.0,0.0,0,0,0.09817804396152496,66.88999938964844,-0.05703909322619438,-0.8884548544883728,4795.0,4776.0,0.0,159560,159576,160047,159563,3,159576,APOGEE
-0.3199999928474426,-1.6799999475479126,-2.25,0.0,0.0,1122.699951171875,1000.091552734375,38.599998474121094,68.97384643554688,46.228946685791016,0,0,0.0,0.0,0.0,0,0,-0.004913480021059513,-58.59000015258789,-0.11343730241060257,-0.018860438838601112,4658.0,4639.0,0.0,159660,159676,160157,159674,3,159676,APOGEE
-0.7599999904632568,-1.559999942779541,-2.190000057220459,0.0,17.0,1095.699951171875,999.5634155273438,38.599998474121094,73.18357849121094,45.134925842285156,0,0,0.0,0.0,0.0,0,0,-0.095645010471344,-163.30999755859375,-0.05960264801979065,0.7748344540596008,4546.0,4527.0,0.0,159760,159776,160253,159769,3,159776,APOGEE
-0.800000011920929,-1.1699999570846558,-2.069999933242798,0.0,0.0,1076.5,999.2424926757812,38.650001525878906,76.47067260742188,39.39493942260742,0,0,0.0,0.0,0.0,0,0,-0.110873743891716,94.44000244140625,0.04504531994462013,0.9682302474975586,4433.0,4415.0,0.0,159860,159876,160349,159864,3,159876,APOGEE
-0.41999998688697815,-0.5799999833106995,-1.9600000381469727,0.0,0.0,1048.0999755859375,998.7845458984375,38.65999984741211,79.92316436767578,35.03091049194336,0,0,0.0,0.0,0.0,0,0,-0.020355846732854843,-23.020000457763672,0.11792352050542831,0.3253883421421051,4298.0,4279.0,0.0,159960,159976,160459,159975,3,159976,APOGEE
-0.09000000357627869,-1.6100000143051147,-1.9199999570846558,0.0,0.0,1031.699951171875,998.3382568359375,38.65999984741211,83.70333099365234,35.603477478027344,0,0,0.0,0.0,0.0,0,0,0.07571642100811005,-119.79000091552734,0.09268471598625183,-0.49497970938682556,4183.0,4165.0,0.0,160060,160076,160555,160070,3,160076,APOGEE
-0.5799999833106995,-1.3700000047683716,-1.8700000047683716,0.0,20.100000381469727,1013.5999755859375,997.8787231445312,38.65999984741211,87.42361450195312,37.18971252441406,0,0,0.0,0.0,0.0,0,0,0.12555314600467682,142.05999755859375,0.0005188146606087685,-0.9719229936599731,4072.0,4054.0,0.0,160160,160176,160650,160166,3,160176,APOGEE
-0.7200000286102295,-1.2599999904632568,-1.75,0.0,0.0,988.7999877929688,997.5320434570312,38.65999984741211,90.69477844238281,35.76636505126953,0,0,0.0,0.0,0.0,0,0,0.09662160277366638,47.9900016784668,-0.09668263792991638,-0.8015991449356079,3958.0,3940.0,0.0,160260,160276,160746,160263,3,160276,APOGEE
-1.0299999713897705,-1.809999942779541,-1.649999976158142,0.0,0.0,963.5,997.0948486328125,38.65999984741211,94.16690063476562,34.40275573730469,0,0,0.0,0.0,0.0,0,0,-0.02130191959440708,-60.369998931884766,-0.1350138932466507,-0.0011597033590078354,3825.0,3807.0,0.0,160360,160376,160858,160373,3,160376,APOGEE
-1.0700000524520874,-0.6100000143051147,-1.5700000524520874,0.0,0.0,945.0999755859375,996.73095703125,38.65999984741211,97.27820587158203,33.065452575683594,0,0,0.0,0.0,0.0,0,0,-0.1110873743891716,-151.30999755859375,-0.0796227902173996,0.7045198082923889,3714.0,3696.0,0.0,160460,160476,160953,160473,3,160476,APOGEE
0.029999999329447746,-0.6800000071525574,-1.5199999809265137,0.0,0.0,931.4000244140625,996.2525024414062,38.619998931884766,100.98193359375,33.65361785888672,0,0,0.0,0.0,0.0,0,0,-0.1350138932466507,119.68000030517578,0.021240882575511932,0.9906002879142761,3605.0,3587.0,0.0,160560,160576,161049,160565,3,160576,APOGEE
-0.33000001311302185,-1.559999942779541,-1.5199999809265137,0.0,0.0,918.7999877929688,995.8591918945312,38.599998474121094,104.39519500732422,35.10084533691406,0,0,0.0,0.0,0.0,0,0,-0.08255256712436676,31.860000610351562,0.10892055928707123,0.7149876356124878,3494.0,3475.0,0.0,160660,160676,161144,160663,3,160676,APOGEE
-0.20000000298023224,-1.2000000476837158,-1.4500000476837158,0.0,0.0,897.0,995.5406494140625,38.599998474121094,107.23753356933594,32.397186279296875,0,0,0.0,0.0,0.0,0,0,0.030610065907239914,-68.06999969482422,0.13321329653263092,-0.06756798177957535,3366.0,3349.0,0.0,160760,160776,161255,160772,3,160776,APOGEE
-0.36000001430511475,-2.180000066757202,-1.3799999952316284,0.0,16.799999237060547,881.2999877929688,995.1954956054688,38.650001525878906,110.17768859863281,29.739700317382812,0,0,0.0,0.0,0.0,0,0,0.11337625980377197,-153.16000366210938,0.06530961394309998,-0.7150181531906128,3262.0,3245.0,0.0,160861,160876,161351,160867,3,160876,APOGEE
-1.3899999856948853,-1.8899999856948853,-1.3200000524520874,0.0,15.399999618530273,867.7000122070312,994.9589233398438,38.650001525878906,112.41255187988281,26.88204574584961,0,0,0.0,0.0,0.0,0,0,0.13672292232513428,124.08999633789062,-0.03500473126769066,-0.9892269372940063,3158.0,3141.0,0.0,160961,160976,161447,160964,3,160976,APOGEE
-1.1399999856948853,-0.6299999952316284,-1.2599999904632568,0.0,0.0,858.0999755859375,994.6292724609375,38.650001525878906,115.02204895019531,24.852134704589844,0,0,0.0,0.0,0.0,0,0,0.06894131004810333,27.600000381469727,-0.1274147778749466,-0.6908475160598755,3031.0,3013.0,0.0,161061,161076,161559,161075,3,161076,APOGEE
-0.6299999952316284,-1.059999942779541,-1.2100000381469727,0.0,0.0,840.0,994.3443603515625,38.650001525878906,117.39588165283203,24.724567413330078,0,0,0.0,0.0,0.0,0,0,-0.029663991183042526,-52.41999816894531,-0.14178898930549622,-0.06976531445980072,2922.0,2904.0,0.0,161161,161176,161654,161170,3,161176,APOGEE
-0.9700000286102295,-0.9599999785423279,-1.2000000476837158,0.0,0.0,825.0999755859375,993.9810791015625,38.65999984741211,120.3093490600586,26.01157569885254,0,0,0.0,0.0,0.0,0,0,-0.11316263675689697,-131.22000122070312,-0.09045686572790146,0.574571967124939,2815.0,2797.0,0.0,161261,161276,161750,161266,3,161276,APOGEE
-1.1799999475479126,-0.6499999761581421,-1.100000023841858,0.0,17.0,812.9000244140625,993.6578369140625,38.650001525878906,122.9261703491211,27.12602424621582,0,0,0.0,0.0,0.0,0,0,-0.14697714149951935,149.3800048828125,0.002227851189672947,0.9539475440979004,2713.0,2696.0,0.0,161361,161376,161846,161364,3,161376,APOGEE
-0.30000001192092896,-0.05999999865889549,-1.0,0.0,0.0,784.9000244140625,993.4386596679688,38.65999984741211,125.10184478759766,24.88286781311035,0,0,0.0,0.0,0.0,0,0,-0.11410870403051376,62.31999969482422,0.11001922935247421,0.8632465600967407,2594.0,2576.0,0.0,161461,161476,161957,161474,3,161476,APOGEE
0.27000001072883606,-1.1699999570846558,-1.0099999904632568,0.0,0.0,775.2000122070312,993.04296875,38.619998931884766,127.8184585571289,24.20215606689453,0,0,0.0,0.0,0.0,0,0,-0.024292733520269394,-14.619999885559082,0.16086305677890778,0.395245224237442,2488.0,2471.0,0.0,161561,161576,162054,161570,3,161576,APOGEE
-0.5600000023841858,-1.75,-1.0499999523162842,0.0,0.0,765.2000122070312,992.8284301757812,38.61000061035156,130.153076171875,25.047225952148438,0,0,0.0,0.0,0.0,0,0,0.08917508274316788,-84.83000183105469,0.14798425137996674,-0.21991637349128723,2386.0,2369.0,0.0,161661,161676,162149,161666,3,161676,APOGEE
-0.49000000953674316,-1.090000033378601,-1.0700000524520874,0.0,26.899999618530273,752.7000122070312,992.5772705078125,38.61000061035156,132.15020751953125,22.864768981933594,0,0,0.0,0.0,0.0,0,0,0.18601031601428986,-161.1199951171875,0.06186101958155632,-0.7454451322555542,2285.0,2268.0,0.0,161761,161776,162247,161764,3,161776,APOGEE
-0.1599999964237213,-1.690000057220459,-0.9900000095367432,0.0,26.399999618530273,742.4000244140625,992.44091796875,38.65999984741211,133.6516571044922,18.750144958496094,0,0,0.0,0.0,0.0,0,0,0.20261238515377045,119.02999877929688,-0.0952787846326828,-0.9743949770927429,2166.0,2148.0,0.0,161861,161876,162359,161875,3,161876,APOGEE
-0.949999988079071,-2.130000114440918,-0.9300000071525574,0.0,0.0,731.0999755859375,992.2298583984375,38.66999816894531,135.3652801513672,16.97645378112793,0,0,0.0,0.0,0.0,0,0,0.11511582136154175,45.880001068115234,-0.2059083878993988,-0.7800225615501404,2054.0,2036.0,0.0,161961,161976,162456,161972,3,161976,APOGEE
-1.8700000047683716,-1.409999966621399,-0.9100000262260437,0.0,0.0,723.5,992.07763671875,38.65999984741211,136.74270629882812,15.795647621154785,0,0,0.0,0.0,0.0,0,0,-0.022766808047890663,-24.75,-0.23477889597415924,-0.3104953169822693,1941.0,1923.0,0.0,162061,162076,162551,162068,3,162076,APOGEE
-1.5399999618530273,-0.4300000071525574,-0.8999999761581421,0.0,0.0,718.4000244140625,991.84423828125,38.65999984741211,138.46653747558594,15.390425682067871,0,0,0.0,0.0,0.0,0,0,-0.1507919579744339,-88.61000061035156,-0.1814020276069641,0.2606280744075775,1832.0,1815.0,0.0,162161,162176,162648,162164,3,162176,APOGEE
-0.9900000095367432,-0.6100000143051147,-0.8500000238418579,0.0,0.0,704.7999877929688,991.635986328125,38.66999816894531,140.20718383789062,16.64665985107422,0,0,0.0,0.0,0.0,0,0,-0.22681356966495514,-162.89999389648438,-0.06482131779193878,0.7430341243743896,1730.0,1713.0,0.0,162262,162276,162744,162259,3,162276,APOGEE
-1.100000023841858,-0.6600000262260437,-0.8399999737739563,0.0,0.0,688.4000244140625,991.4735107421875,38.65999984741211,141.6791229248047,16.268383026123047,0,0,0.0,0.0,0.0,0,0,-0.21753594279289246,124.05999755859375,0.09128086268901825,0.9714651703834534,1617.0,1601.0,0.0,162362,162376,162855,162371,3,162376,APOGEE
-0.8199999928474426,-0.4099999964237213,-0.7799999713897705,0.0,0.0,676.2999877929688,991.3339233398438,38.66999816894531,142.91514587402344,14.236566543579102,0,0,0.0,0.0,0.0,0,0,-0.13373211026191711,57.689998626708984,0.19434186816215515,0.8304086327552795,1516.0,1499.0,0.0,162462,162476,162952,162472,3,162476,APOGEE
0.2199999988079071,-0.6700000166893005,-0.75,0.0,0.0,667.9000244140625,991.114501953125,38.63999938964844,144.43746948242188,13.521505355834961,0,0,0.0,0.0,0.0,0,0,-0.009765923023223877,-10.020000457763672,0.23569445312023163,0.4343089163303375,1413.0,1397.0,0.0,162562,162576,163048,162565,3,162576,APOGEE
-0.11999999731779099,-2.069999933242798,-0.7300000190734863,0.0,0.0,668.2999877929688,990.8788452148438,38.61000061035156,146.5606689453125,17.257713317871094,0,0,0.0,0.0,0.0,0,0,0.1354411393404007,-77.91000366210938,0.19476912915706635,-0.17249061167240143,1301.0,1285.0,0.0,162662,162676,163159,162675,3,162676,APOGEE
-1.350000023841858,-1.940000057220459,-0.7200000286102295,0.0,20.700000762939453,659.5,990.8301391601562,38.61000061035156,147.39974975585938,16.070621490478516,0,0,0.0,0.0,0.0,0,0,0.23535874485969543,-147.3000030517578,0.09073153138160706,-0.65178382396698,1211.0,1195.0,0.0,162762,162776,163256,162772,3,162776,APOGEE
-1.7200000286102295,-0.7900000214576721,-0.7400000095367432,0.0,32.900001525878906,649.5999755859375,990.7784423828125,38.65999984741211,147.88577270507812,8.853996276855469,0,0,0.0,0.0,0.0,0,0,0.26609086990356445,151.22000122070312,-0.06213568523526192,-0.9237037301063538,1121.0,1106.0,0.0,162862,162876,163353,162869,3,162876,APOGEE
-0.9100000262260437,-0.5199999809265137,-0.6800000071525574,0.0,0.0,637.0999755859375,990.699462890625,38.66999816894531,148.42788696289062,5.643318176269531,0,0,0.0,0.0,0.0,0,0,0.20990630984306335,94.94000244140625,-0.21295815706253052,-0.9230018258094788,1023.0,1006.0,0.0,162962,162976,163450,162966,3,162976,APOGEE
-0.6899999976158142,-0.9300000071525574,-0.6399999856948853,0.0,-19.700000762939453,622.2999877929688,990.6473999023438,38.66999816894531,148.92138671875,5.168171405792236,0,0,0.0,0.0,0.0,0,0,0.07550279051065445,24.440000534057617,-0.31470686197280884,-0.670766294002533,916.0,899.0,0.0,163062,163076,163547,163065,3,163076,APOGEE
-1.0800000429153442,-1.0700000524520874,-0.6700000166893005,0.0,-26.600000381469727,608.7000122070312,990.5484619140625,38.66999816894531,149.65924072265625,5.9575958251953125,0,0,0.0,0.0,0.0,0,0,-0.13275551795959473,-36.029998779296875,-0.32190924882888794,-0.18106631934642792,791.0,774.0,0.0,163162,163176,163658,163174,3,163176,APOGEE
-1.2100000381469727,-0.6399999856948853,-0.6700000166893005,0.0,0.0,602.2999877929688,990.4757690429688,38.66999816894531,150.3483123779297,6.940828323364258,0,0,0.0,0.0,0.0,0,0,-0.29541918635368347,-89.41000366210938,-0.21890926361083984,0.28028199076652527,689.0,673.0,0.0,163262,163276,163755,163270,3,163276,APOGEE
-0.7200000286102295,-0.6399999856948853,-0.6499999761581421,0.0,27.700000762939453,591.9000244140625,990.3721923828125,38.66999816894531,151.16195678710938,7.470554351806641,0,0,0.0,0.0,0.0,0,0,-0.3883175253868103,-162.41000366210938,-0.04263435676693916,0.6654255986213684,595.0,579.0,0.0,163362,163376,163852,163367,3,163376,APOGEE
-0.3100000023841858,-1.0199999809265137,-0.6100000143051147,0.0,26.200000762939453,575.0,990.3287353515625,38.66999816894531,151.64553833007812,6.744986534118652,0,0,0.0,0.0,0.0,0,0,-0.37821587920188904,153.17999267578125,0.16003906726837158,0.8769493699073792,502.0,486.0,0.0,163462,163476,163948,163465,3,163476,APOGEE
-0.7300000190734863,-1.590000033378601,-0.5899999737739563,0.0,0.0,535.9000244140625,990.2427368164062,38.619998931884766,152.23272705078125,5.562663555145264,0,0,0.0,0.0,0.0,0,0,-0.24472792446613312,98.7699966430664,0.3494979739189148,0.8732871413230896,383.0,365.0,0.0,163562,163576,164060,163575,3,163576,APOGEE
-1.1200000047683716,-1.4500000476837158,-0.5799999833106995,0.0,0.0,449.1000061035156,990.2363891601562,38.61000061035156,152.52413940429688,4.74153995513916,0,0,0.0,0.0,0.0,0,0,-0.0872524157166481,32.790000915527344,0.4196905493736267,0.7096468806266785,276.0,257.0,0.0,163662,163676,164155,163672,3,163676,APOGEE
-1.1100000143051147,-1.059999942779541,-0.5699999928474426,0.0,0.0,374.6000061035156,990.2256469726562,38.61000061035156,152.6048583984375,2.657944440841675,0,0,0.0,0.0,0.0,0,0,0.0557268001139164,-3.5799999237060547,0.42500075697898865,0.4860988259315491,168.0,150.0,0.0,163762,163776,164250,163766,3,163776,APOGEE
-0.6200000047683716,-0.9100000262260437,-0.5699999928474426,0.0,0.0,308.5,990.2887573242188,38.68000030517578,152.33065795898438,-0.031339049339294434,0,0,0.0,0.0,0.0,0,0,0.18710897862911224,-28.530000686645508,0.38566240668296814,0.22067934274673462,50.0,33.0,0.0,163862,163876,164360,163876,3,163876,APOGEE
-0.30000001192092896,-1.0399999618530273,-0.5600000023841858,0.0,0.0,260.20001220703125,990.256103515625,38.68000030517578,152.38137817382812,-0.8981844186782837,0,0,0.0,0.0,0.0,0,0,0.2706381380558014,-47.95000076293945,0.3324075937271118,0.013672292232513428,-47.0,-63.0,0.0,163962,163976,164455,163972,4,163976,DESCENT
0.029999999329447746,-1.4600000381469727,-1.350000023841858,0.0,0.0,222.89999389648438,990.2767333984375,38.68000030517578,152.337890625,-0.25126561522483826,0,0,0.0,0.0,0.0,0,0,0.33066806197166443,-69.9000015258789,0.27274391055107117,-0.16406750679016113,-139.0,-154.0,0.0,164062,164076,164551,164067,4,164076,DESCENT
-1.3300000429153442,-1.659999966621399,-4.300000190734863,0.0,0.0,192.0,990.3167114257812,38.68000030517578,152.05618286132812,-1.14041006565094,0,0,0.0,0.0,0.0,0,0,0.38532671332359314,-95.02999877929688,0.2148197889328003,-0.3093051016330719,-263.0,-281.0,0.0,164162,164176,164647,164165,4,164176,DESCENT
-1.1200000047683716,-1.3799999952316284,-0.9399999976158142,0.0,0.0,152.39999389648438,990.3401489257812,38.68000030517578,151.7904815673828,-2.5075480937957764,0,0,0.0,0.0,0.0,0,0,0.2839442193508148,-112.30999755859375,0.3501083552837372,-0.47202977538108826,-343.0,-359.0,0.0,164262,164276,164757,164273,4,164276,DESCENT
-1.5700000524520874,-0.5,-0.6600000262260437,0.0,0.0,109.19999694824219,990.392822265625,38.68000030517578,151.46707153320312,-2.8102898597717285,0,0,0.0,0.0,0.0,0,0,0.33793145418167114,-129.19000244140625,0.32981353998184204,-0.5409405827522278,-437.0,-453.0,0.0,164362,164376,164853,164369,4,164376,DESCENT
-1.5,-1.1699999570846558,-0.4300000071525574,0.0,0.0,101.80000305175781,990.4082641601562,38.689998626708984,151.34303283691406,-2.1512269973754883,0,0,0.0,0.0,0.0,0,0,0.38407543301582336,-145.32000732421875,0.317575603723526,-0.5851619243621826,-526.0,-541.0,0.0,164462,164476,164952,164474,4,164476,DESCENT
-1.5,-1.1699999570846558,-0.4300000071525574,0.0,0.0,101.80000305175781,990.4400024414062,38.630001068115234,150.92291259765625,-2.8489327430725098,0,0,0.0,0.0,0.0,0,0,0.38407543301582336,-145.32000732421875,0.317575603723526,-0.5851619243621826,-526.0,-541.0,0.0,164562,164576,165053,164573,4,164576,DESCENT
-1.5,-1.1699999570846558,-0.4300000071525574,0.0,0.0,101.80000305175781,990.4818725585938,38.619998931884766,150.6612548828125,-3.420498847961426,0,0,0.0,0.0,0.0,0,0,0.38407543301582336,-145.32000732421875,0.317575603723526,-0.5851619243621826,-526.0,-541.0,0.0,164662,164676,165153,164674,4,164676,DESCENT
-1.5,-1.1699999570846558,-0.4300000071525574,0.0,0.0,101.80000305175781,990.614013671875,38.61000061035156,149.899169921875,-4.2197346687316895,0,0,0.0,0.0,0.0,0,0,0.38407543301582336,-145.32000732421875,0.317575603723526,-0.5851619243621826,-526.0,-541.0,0.0,164762,164776,165254,164774,4,164776,DESCENT
-1.5,-1.1699999570846558,-0.4300000071525574,0.0,0.0,101.80000305175781,990.7589721679688,38.68000030517578,148.7691192626953,-8.008009910583496,0,0,0.0,0.0,0.0,0,0,0.38407543301582336,-145.32000732421875,0.317575603723526,-0.5851619243621826,-526.0,-541.0,0.0,164862,164876,165355,164875,4,164876,DESCENT
-1.5,-1.1699999570846558,-0.4300000071525574,0.0,0.0,101.80000305175781,991.3803100585938,38.68000030517578,144.86166381835938,-20.459033966064453,0,0,0.0,0.0,0.0,0,0,0.38407543301582336,-145.32000732421875,0.317575603723526,-0.5851619243621826,-526.0,-541.0,0.0,164962,164976,165439,164960,4,164976,DESCENT
-5.25,-2.319999933242798,-2.4000000953674316,0.0,-221.39999389648438,184.3000030517578,990.919677734375,38.66999816894531,145.47625732421875,-19.96794891357422,0,0,0.0,0.0,0.0,0,0,0.3558763265609741,-151.10000610351562,0.3117465674877167,-0.6236457228660583,-1016.0,-1023.0,0.0,165062,165076,165556,165072,4,165076,DESCENT
-0.8399999737739563,1.2300000190734863,-1.8899999856948853,0.0,-471.6000061035156,240.39999389648438,990.9334106445312,38.65999984741211,146.96646118164062,3.236128091812134,0,0,0.0,0.0,0.0,0,0,0.06509598344564438,173.41000366210938,0.316995769739151,-0.8596148490905762,-1104.0,-1118.0,0.0,165163,165176,165655,165171,4,165176,DESCENT
16.90999984741211,0.9200000166893005,5.880000114440918,0.0,-332.6000061035156,181.10000610351562,989.896240234375,38.65999984741211,151.81365966796875,23.795879364013672,0,0,0.0,0.0,0.0,0,0,-0.20889919996261597,149.66000366210938,0.4035157263278961,-0.8850672841072083,-1132.0,-1130.0,0.0,165263,165276,165756,165272,4,165276,DESCENT
11.600000381469727,-2.180000066757202,0.11999999731779099,0.0,-146.39999389648438,61.599998474121094,989.3214111328125,38.65999984741211,158.376220703125,48.68696212768555,0,0,0.0,0.0,0.0,0,0,-0.2935270369052887,161.22000122070312,0.5061189532279968,-0.8108462691307068,-1114.0,-1116.0,0.0,165363,165376,165853,165368,4,165376,DESCENT
9.430000305175781,-3.0,0.019999999552965164,0.0,-22.799999237060547,0.0,989.8116455078125,38.65999984741211,157.04901123046875,36.42108917236328,0,0,0.0,0.0,0.0,0,0,-0.3023163676261902,-175.32000732421875,0.5891903638839722,-0.7434309124946594,-1078.0,-1079.0,0.0,165463,165476,165953,165476,4,165476,DESCENT
12.010000228881836,-3.559999942779541,1.0700000524520874,0.0,83.19999694824219,-38.0,990.0550537109375,38.630001068115234,155.03952026367188,-4.1009345054626465,0,0,0.0,0.0,0.0,0,0,-0.2540055513381958,-163.25999450683594,0.6404919624328613,-0.6884976029396057,-1048.0,-1045.0,0.0,165563,165576,166049,165566,4,165576,DESCENT
14.09000015258789,-3.440000057220459,4.079999923706055,0.0,215.60000610351562,-102.4000015258789,990.4412231445312,38.61000061035156,152.28329467773438,-19.957958221435547,0,0,0.0,0.0,0.0,0,0,-0.15356914699077606,-158.61000061035156,0.617511510848999,-0.6246833801269531,-1033.0,-1027.0,0.0,165663,165676,166147,165663,4,165676,DESCENT
6.039999961853027,-4.889999866485596,22.790000915527344,0.0,632.2999877929688,-88.0,991.354248046875,38.61000061035156,146.0743408203125,-38.10835647583008,0,0,0.0,0.0,0.0,0,0,0.07031464576721191,-147.88999938964844,0.3723258078098297,-0.5449690222740173,-800.0,-782.0,0.0,165763,165776,166258,165774,4,165776,DESCENT
-4.940000057220459,-1.4900000095367432,-10.4399995803833,0.0,642.7999877929688,-91.5,990.9048461914062,38.66999816894531,145.95733642578125,-36.27412414550781,0,0,0.0,0.0,0.0,0,0,0.4212774932384491,-138.3800048828125,-0.02450636401772499,-0.34550005197525024,-923.0,-940.0,0.0,165863,165876,166352,165868,4,165876,DESCENT
-7.809999942779541,-2.319999933242798,-10.0,0.0,557.7999877929688,-135.60000610351562,990.8853759765625,38.66999816894531,147.434814453125,-3.8257699012756348,0,0,0.0,0.0,0.0,0,0,0.6680501699447632,-144.77999877929688,-0.3567003309726715,-0.004577776417136192,-972.0,-971.0,0.0,165963,165976,166452,165968,4,165976,DESCENT
-3.7300000190734863,-0.3199999928474426,-8.770000457763672,0.0,439.20001220703125,-152.1999969482422,991.838623046875,38.68000030517578,141.5191650390625,-14.348695755004883,0,0,0.0,0.0,0.0,0,0,0.8489639163017273,169.7899932861328,-0.4419690668582916,0.15335550904273987,-971.0,-974.0,0.0,166063,166076,166550,166066,4,166076,DESCENT
-1.100000023841858,2.549999952316284,-8.239999771118164,0.0,319.3999938964844,-169.60000610351562,991.9586791992188,38.68000030517578,138.79400634765625,-38.14128875732422,0,0,0.0,0.0,0.0,0,0,0.8840907216072083,157.2100067138672,-0.3414716124534607,0.1670888364315033,-1005.0,-1010.0,0.0,166163,166176,166649,166166,4,166176,DESCENT
-1.7200000286102295,5.480000019073486,-7.46999979019165,0.0,204.3000030517578,-112.5999984741211,991.5999755859375,38.689998626708984,140.07672119140625,-17.193523406982422,0,0,0.0,0.0,0.0,0,0,0.7770317792892456,171.75,-0.191442608833313,0.0791039764881134,-1065.0,-1072.0,0.0,166263,166276,166750,166266,4,166276,DESCENT
-1.9299999475479126,2.200000047683716,-6.150000095367432,0.0,95.80000305175781,-112.80000305175781,991.8975219726562,38.689998626708984,139.7148895263672,1.7210122346878052,0,0,0.0,0.0,0.0,0,0,0.5438398122787476,-107.27999877929688,-0.04208502545952797,-0.04892117157578468,-1166.0,-1182.0,0.0,166363,166376,166858,166374,4,166376,DESCENT
-2.680000066757202,-1.6399999856948853,-5.429999828338623,0.0,0.0,-148.5,992.55029296875,38.689998626708984,135.52410888671875,-13.911686897277832,0,0,0.0,0.0,0.0,0,0,0.17835016548633575,-62.529998779296875,0.0634479820728302,-0.1355632245540619,-1305.0,-1324.0,0.0,166463,166476,166957,166476,4,166476,DESCENT
-1.5199999809265137,-6.130000114440918,-5.269999980926514,0.0,-113.5999984741211,-155.10000610351562,992.90283203125,38.63999938964844,131.36973571777344,-37.23759460449219,0,0,0.0,0.0,0.0,0,0,-0.20883816480636597,-40.880001068115234,0.08661153167486191,-0.221442312002182,-1429.0,-1444.0,0.0,166563,166576,167046,166561,4,166576,DESCENT
0.25999999046325684,-10.100000381469727,-4.900000095367432,0.0,-226.39999389648438,-161.60000610351562,992.0722045898438,38.619998931884766,135.15667724609375,-13.842426300048828,0,0,0.0,0.0,0.0,0,0,-0.6204107999801636,2.869999885559082,-0.021118808537721634,-0.20831935107707977,-1491.0,-1493.0,0.0,166664,166676,167146,166662,4,166676,DESCENT
1.9800000190734863,-7.309999942779541,-3.890000104904175,0.0,-286.6000061035156,-184.1999969482422,992.3226318359375,38.61000061035156,135.7270965576172,15.306146621704102,0,0,0.0,0.0,0.0,0,0,-0.7948545813560486,43.81999969482422,-0.34653767943382263,-0.05487228184938431,-1502.0,-1506.0,0.0,166764,166776,167260,166776,4,166776,DESCENT
2.0899999141693115,-5.150000095367432,-3.380000114440918,0.0,-280.20001220703125,-229.10000610351562,992.8757934570312,38.65999984741211,132.3035125732422,-3.901489734649658,0,0,0.0,0.0,0.0,0,0,-0.7496566772460938,38.189998626708984,-0.5824152231216431,0.03396710008382797,-1518.0,-1524.0,0.0,166864,166876,167350,166867,4,166876,DESCENT
0.4399999976158142,-5.670000076293945,-2.9100000858306885,0.0,-226.89999389648438,-246.5,993.1871948242188,38.650001525878906,129.1864013671875,-27.131967544555664,0,0,0.0,0.0,0.0,0,0,-0.5648670792579651,13.15999984741211,-0.7922605276107788,0.1512497365474701,-1574.0,-1581.0,0.0,166964,166976,167458,166975,4,166976,DESCENT
-0.28999999165534973,-6.769999980926514,-2.7699999809265137,0.0,-166.3000030517578,-222.10000610351562,993.4085693359375,38.63999938964844,126.88786315917969,-28.52931022644043,0,0,0.0,0.0,0.0,0,0,-0.34696492552757263,-9.579999923706055,-0.8844874501228333,0.2863551676273346,-1632.0,-1637.0,0.0,167064,167076,167557,167072,4,167076,DESCENT
2.0999999046325684,-8.239999771118164,-2.6500000953674316,0.0,-91.80000305175781,-251.1999969482422,992.897216796875,38.63999938964844,128.99240112304688,-9.205588340759277,0,0,0.0,0.0,0.0,0,0,-0.19238868355751038,-32.5099983215332,-0.8520157337188721,0.43360698223114014,-1665.0,-1667.0,0.0,167164,167176,167655,167171,4,167176,DESCENT
5.099999904632568,-7.840000152587891,-2.309999942779541,0.0,51.099998474121094,-398.8999938964844,992.2220458984375,38.630001068115234,134.7023162841797,28.32281494140625,0,0,0.0,0.0,0.0,0,0,-0.00595110934227705,-99.66999816894531,-0.7593920826911926,0.48091065883636475,-1661.0,-1661.0,0.0,167264,167276,167755,167271,4,167276,DESCENT
7.110000133514404,-1.4600000381469727,-2.0299999713897705,0.0,221.0,-367.29998779296875,993.0458374023438,38.630001068115234,131.22003173828125,18.971345901489258,0,0,0.0,0.0,0.0,0,0,0.20047609508037567,-143.0,-0.6044190526008606,0.3088167905807495,-1650.0,-1655.0,0.0,167364,167376,167856,167371,4,167376,DESCENT
2.359999895095825,2.380000114440918,-1.6699999570846558,0.0,265.6000061035156,-356.0,994.13623046875,38.630001068115234,123.28388977050781,-38.305973052978516,0,0,0.0,0.0,0.0,0,0,0.3341166377067566,-139.44000244140625,-0.32905057072639465,0.16522720456123352,-1694.0,-1705.0,0.0,167464,167478,167953,167478,4,167478,DESCENT
-2.5899999141693115,2.5899999141693115,-1.0499999523162842,0.0,230.3000030517578,-362.79998779296875,994.34375,38.61000061035156,119.06790161132812,-59.156700134277344,0,0,0.0,0.0,0.0,0,0,0.3181554675102234,-105.68000030517578,-0.027344584465026855,-0.0557878352701664,-1812.0,-1825.0,0.0,167564,167578,168052,167568,4,167578,DESCENT
-6.070000171661377,-1.0700000524520874,-0.9700000286102295,0.0,131.1999969482422,-353.79998779296875,994.1989135742188,38.56999969482422,120.5309066772461,-24.29988670349121,0,0,0.0,0.0,0.0,0,0,0.16220587491989136,-66.9800033569336,0.22431103885173798,-0.29145175218582153,-1934.0,-1945.0,0.0,167664,167678,168151,167667,4,167678,DESCENT
-4.769999980926514,-7.539999961853027,-1.0800000429153442,0.0,0.0,-364.79998779296875,995.752197265625,38.58000183105469,111.30030059814453,-30.737226486206055,0,0,0.0,0.0,0.0,0,0,-0.1348918080329895,-42.97999954223633,0.4119388461112976,-0.48789942264556885,-2002.0,-2009.0,0.0,167764,167778,168248,167763,4,167778,DESCENT
1.600000023841858,-12.15999984741211,-1.190000057220459,0.0,-156.3000030517578,-336.0,994.3079833984375,38.63999938964844,114.99002838134766,-34.98719787597656,0,0,0.0,0.0,0.0,0,0,-0.4621722996234894,13.75,0.34659871459007263,-0.5926083922386169,-2029.0,-2028.0,0.0,167864,167878,168361,167877,4,167878,DESCENT
7.289999961853027,-8.710000038146973,-0.9700000286102295,0.0,-160.8000030517578,-477.8999938964844,993.4148559570312,38.63999938964844,123.5025634765625,35.0479621887207,0,0,0.0,0.0,0.0,0,0,-0.634144127368927,54.84000015258789,0.0711691677570343,-0.635303795337677,-2018.0,-2017.0,0.0,167964,167979,168462,167977,4,167979,DESCENT
9.949999809265137,-1.3899999856948853,-0.800000011920929,0.0,-62.79999923706055,-407.29998779296875,994.2615356445312,38.63999938964844,121.12325286865234,39.79898452758789,0,0,0.0,0.0,0.0,0,0,-0.6363414525985718,51.25,-0.3426313102245331,-0.6287728548049927,-1974.0,-1975.0,0.0,168064,168079,168560,168076,4,168079,DESCENT
6.429999828338623,6.400000095367432,-0.6299999952316284,0.0,62.20000076293945,-513.2000122070312,995.5208740234375,38.630001068115234,112.02589416503906,-32.98442077636719,0,0,0.0,0.0,0.0,0,0,-0.40864282846450806,33.04999923706055,-0.6766563653945923,-0.5914487242698669,-1952.0,-1954.0,0.0,168164,168179,168660,168176,4,168179,DESCENT
-0.28999999165534973,9.8100004196167,-0.6800000071525574,0.0,96.5999984741211,-448.6000061035156,995.6072387695312,38.63999938964844,108.41431427001953,-60.893089294433594,0,0,0.0,0.0,0.0,0,0,-0.017883846536278725,-128.97000122070312,-0.7992187142372131,-0.599444568157196,-1975.0,-1975.0,0.0,168264,168279,168761,168276,4,168279,DESCENT
-8.670000076293945,6.159999847412109,-0.5400000214576721,0.0,-19.5,-573.2000122070312,994.9110107421875,38.63999938964844,112.26817321777344,-15.803472518920898,0,0,0.0,0.0,0.0,0,0,0.39143040776252747,-159.3699951171875,-0.6466261744499207,-0.6490676403045654,-1994.0,-1993.0,0.0,168364,168379,168861,168377,4,168379,DESCENT
-9.739999771118164,-3.1600000858306885,-0.6899999976158142,0.0,-156.3000030517578,-604.2999877929688,996.365966796875,38.63999938964844,106.74684143066406,-2.738975763320923,0,0,0.0,0.0,0.0,0,0,0.6590777039527893,-160.07000732421875,-0.14938810467720032,-0.6237372756004333,-1978.0,-1978.0,0.0,168464,168479,168962,168477,4,168479,DESCENT
-1.649999976158142,-8.600000381469727,-0.49000000953674316,0.0,-87.0,-711.9000244140625,997.0956420898438,38.599998474121094,97.07848358154297,-59.909366607666016,0,0,0.0,0.0,0.0,0,0,0.5138706564903259,-51.93000030517578,0.32078003883361816,-0.35319072008132935,-1990.0,-1994.0,0.0,168564,168579,169062,168578,4,168579,DESCENT
4.460000038146973,-2.3399999141693115,-0.07000000029802322,0.0,72.9000015258789,-716.5999755859375,995.9046630859375,38.560001373291016,103.87257385253906,-31.49003791809082,0,0,0.0,0.0,0.0,0,0,0.1826837956905365,-12.489999771118164,0.5057527422904968,0.05166783556342125,-2057.0,-2064.0,0.0,168664,168679,169152,168668,4,168679,DESCENT
-1.0199999809265137,3.2100000381469727,0.38999998569488525,0.0,148.89999389648438,-698.5,997.3367309570312,38.560001373291016,96.73350524902344,-4.06101131439209,0,0,0.0,0.0,0.0,0,0,-0.22547075152397156,48.060001373291016,0.39976194500923157,0.5463423728942871,-2134.0,-2143.0,0.0,168764,168779,169262,168777,4,168779,DESCENT
-4.570000171661377,-0.3799999952316284,0.6700000166893005,0.0,77.5999984741211,-643.0999755859375,997.16455078125,38.619998931884766,95.70762634277344,-31.582365036010742,0,0,0.0,0.0,0.0,0,0,-0.4113589823246002,120.01000213623047,0.09875790029764175,0.8369701504707336,-2191.0,-2199.0,0.0,168864,168879,169360,168876,4,168879,DESCENT
-2.390000104904175,-5.329999923706055,0.3499999940395355,0.0,-60.70000076293945,-587.5,998.3370361328125,38.619998931884766,88.45863342285156,-39.78089141845703,0,0,0.0,0.0,0.0,0,0,-0.35905027389526367,146.9600067138672,-0.2309030443429947,0.9028900861740112,-2255.0,-2262.0,0.0,168964,168979,169457,168973,4,168979,DESCENT
2.630000114440918,-7.900000095367432,-0.15000000596046448,0.0,-174.89999389648438,-548.4000244140625,995.8451538085938,38.630001068115234,99.38703918457031,-1.573923110961914,0,0,0.0,0.0,0.0,0,0,-0.15530869364738464,-132.6999969482422,-0.47025972604751587,0.7852412462234497,-2297.0,-2300.0,0.0,169064,169079,169549,169067,4,169079,DESCENT
11.010000228881836,2.369999885559082,-0.7400000095367432,0.0,-144.0,-490.0,996.4132690429688,38.619998931884766,102.84895324707031,57.8922119140625,0,0,0.0,0.0,0.0,0,0,0.15396587550640106,-100.51000213623047,-0.5627613067626953,0.49568164348602295,-2286.0,-2286.0,0.0,169164,169179,169650,169167,4,169179,DESCENT
5.539999961853027,10.539999961853027,-0.75,0.0,38.599998474121094,-591.0999755859375,997.27880859375,38.61000061035156,96.10279846191406,8.10103988647461,0,0,0.0,0.0,0.0,0,0,0.504654049873352,-111.16000366210938,-0.42432937026023865,0.043336283415555954,-2223.0,-2220.0,0.0,169264,169279,169750,169267,4,169279,DESCENT
-9.40999984741211,8.989999771118164,-0.38999998569488525,0.0,107.69999694824219,-663.4000244140625,996.6511840820312,38.61000061035156,97.89043426513672,-23.90410614013672,0,0,0.0,0.0,0.0,0,0,0.6977751851081848,66.58999633789062,-0.01580858789384365,-0.3230079114437103,-2185.0,-2183.0,0.0,169364,169379,169854,169371,4,169379,DESCENT
-12.430000305175781,-5.309999942779541,-0.03999999910593033,0.0,-15.100000381469727,-723.5,998.9478759765625,38.61000061035156,87.47136688232422,-32.44625473022461,0,0,0.0,0.0,0.0,0,0,0.5524155497550964,47.63999938964844,0.4278084635734558,-0.6006958484649658,-2167.0,-2163.0,0.0,169464,169479,169953,169477,4,169479,DESCENT
0.9599999785423279,-12.859999656677246,-0.23000000417232513,0.0,-60.29999923706055,-840.2000122070312,998.1306762695312,38.54999923706055,82.57786560058594,-73.62310028076172,0,0,0.0,0.0,0.0,0,0,0.10507522523403168,47.099998474121094,0.6657918095588684,-0.7364726662635803,-2161.0,-2158.0,0.0,169565,169579,170051,169568,4,169579,DESCENT
9.819999694824219,1.090000033378601,-0.3400000035762787,0.0,88.80000305175781,-923.0,998.36767578125,38.540000915527344,85.80064392089844,-28.213878631591797,0,0,0.0,0.0,0.0,0,0,-0.31461530923843384,-141.9499969482422,0.5225684642791748,-0.4532303810119629,-2186.0,-2186.0,0.0,169665,169679,170151,169668,4,169679,DESCENT
-4.380000114440918,8.279999732971191,-0.3499999940395355,0.0,24.399999618530273,-996.5,998.30810546875,38.529998779296875,84.08467102050781,6.179752349853516,0,0,0.0,0.0,0.0,0,0,-0.5599841475486755,-29.059999465942383,0.07354960590600967,0.33896908164024353,-2196.0,-2198.0,0.0,169765,169779,170252,169768,4,169779,DESCENT
-6.510000228881836,-5.670000076293945,-0.6499999761581421,0.0,-142.39999389648438,-1026.0,1000.3661499023438,38.599998474121094,75.21952819824219,-34.701499938964844,0,0,0.0,0.0,0.0,0,0,-0.33143100142478943,42.630001068115234,-0.39429914951324463,0.8356883525848389,-2200.0,-2204.0,0.0,169865,169879,170351,169868,4,169879,DESCENT
5.550000190734863,-1.559999942779541,-0.10000000149011612,0.0,15.300000190734863,-993.5,998.8798217773438,38.61000061035156,78.75178527832031,-28.82586097717285,0,0,0.0,0.0,0.0,0,0,0.1662953644990921,176.05999755859375,-0.4265572130680084,0.6727805137634277,-2247.0,-2254.0,0.0,169965,169979,170460,169976,4,169979,DESCENT
-1.8200000524520874,5.139999866485596,0.33000001311302185,0.0,147.6999969482422,-938.7000122070312,1000.3400268554688,38.599998474121094,71.29243469238281,-27.18175506591797,0,0,0.0,0.0,0.0,0,0,0.39393290877342224,-114.80999755859375,-0.06570634990930557,0.08246101438999176,-2317.0,-2325.0,0.0,170065,170079,170558,170074,4,170079,DESCENT
-6.329999923706055,-3.0899999141693115,0.28999999165534973,0.0,0.0,-889.2000122070312,1000.82177734375,38.61000061035156,68.32244110107422,-39.872406005859375,0,0,0.0,0.0,0.0,0,0,0.22345653176307678,-21.520000457763672,0.29825738072395325,-0.555925190448761,-2379.0,-2386.0,0.0,170165,170179,170656,170172,4,170179,DESCENT
1.8899999856948853,-8.729999542236328,-0.09000000357627869,0.0,-159.5,-838.7999877929688,999.4222412109375,38.61000061035156,69.99019622802734,-24.897781372070312,0,0,0.0,0.0,0.0,0,0,-0.17947936058044434,56.0,0.395519882440567,-0.869960606098175,-2441.0,-2446.0,0.0,170265,170279,170752,170268,4,170279,DESCENT
8.100000381469727,4.039999961853027,-0.5699999928474426,0.0,-70.0,-815.5,1000.3342895507812,38.61000061035156,71.16783142089844,6.226174354553223,0,0,0.0,0.0,0.0,0,0,-0.47080904245376587,124.19000244140625,0.1110568568110466,-0.808130145072937,-2468.0,-2471.0,0.0,170365,170379,170851,170369,4,170379,DESCENT
-4.679999828338623,9.449999809265137,-0.4699999988079071,0.0,146.39999389648438,-821.7999877929688,999.9840698242188,38.61000061035156,69.62108612060547,5.724973678588867,0,0,0.0,0.0,0.0,0,0,-0.461195707321167,-128.52000427246094,-0.365703284740448,-0.3234046399593353,-2454.0,-2455.0,0.0,170465,170479,170951,170468,4,170479,DESCENT
-11.579999923706055,-3.8499999046325684,-0.6399999856948853,0.0,24.799999237060547,-878.2999877929688,1001.568603515625,38.56999969482422,64.26097106933594,-23.253019332885742,0,0,0.0,0.0,0.0,0,0,-0.011413922533392906,-88.58999633789062,-0.600207507610321,0.3192846477031708,-2426.0,-2423.0,0.0,170565,170579,171052,170568,4,170579,DESCENT
3.4200000762939453,-10.25,-0.5699999928474426,0.0,-99.4000015258789,-965.2999877929688,1000.865478515625,38.529998779296875,61.478721618652344,-39.167240142822266,0,0,0.0,0.0,0.0,0,0,0.4618976414203644,68.0199966430664,-0.3427228629589081,0.7526169419288635,-2413.0,-2412.0,0.0,170665,170679,171152,170669,4,170679,DESCENT
8.0,4.989999771118164,-0.4300000071525574,0.0,38.70000076293945,-1045.4000244140625,1002.0343627929688,38.52000045776367,58.52339172363281,-33.1322021484375,0,0,0.0,0.0,0.0,0,0,0.5608691573143005,71.08000183105469,0.221808522939682,0.7436140179634094,-2425.0,-2426.0,0.0,170765,170779,171251,170768,4,170779,DESCENT
-10.039999961853027,4.539999961853027,-0.25,0.0,0.0,-1154.5,1001.201416015625,38.59000015258789,60.18012619018555,-8.585137367248535,0,0,0.0,0.0,0.0,0,0,0.10098575055599213,-119.8499984741211,0.6267891526222229,0.16196173429489136,-2420.0,-2419.0,0.0,170865,170880,171353,170868,4,170880,DESCENT
-1.2699999809265137,-11.130000114440918,-0.4099999964237213,0.0,-79.69999694824219,-1243.4000244140625,1002.2888793945312,38.599998474121094,52.10856628417969,-34.5439567565918,0,0,0.0,0.0,0.0,0,0,-0.46470534801483154,3.140000104904175,0.28238776326179504,-0.6058534383773804,-2405.0,-2404.0,0.0,170966,170980,171453,170969,4,170980,DESCENT
6.559999942779541,6.289999961853027,-0.44999998807907104,0.0,81.5,-1307.9000244140625,1002.6190795898438,38.599998474121094,52.097137451171875,-34.005855560302734,0,0,0.0,0.0,0.0,0,0,-0.3863338232040405,59.70000076293945,-0.3549913167953491,-0.8324228525161743,-2416.0,-2417.0,0.0,171066,171080,171552,171069,4,171080,DESCENT
-10.180000305175781,0.03999999910593033,-0.1599999964237213,0.0,-68.80000305175781,-1336.0,1003.0345458984375,38.599998474121094,50.72052764892578,-4.3038530349731445,0,0,0.0,0.0,0.0,0,0,0.26691487431526184,-138.33999633789062,-0.42353588342666626,-0.20249031484127045,-2412.0,-2412.0,0.0,171166,171180,171653,171169,4,171180,DESCENT
6.03000020980835,-3.7799999713897705,-0.1599999964237213,0.0,-16.200000762939453,-1297.5999755859375,1002.1761474609375,38.599998474121094,49.37800216674805,-21.46273422241211,0,0,0.0,0.0,0.0,0,0,0.40827661752700806,20.540000915527344,0.24738304316997528,0.7284463047981262,-2429.0,-2432.0,0.0,171266,171280,171763,171279,4,171280,DESCENT
-2.0399999618530273,7.21999979019165,0.3199999928474426,0.0,124.5,-1226.0999755859375,1003.1238403320312,38.599998474121094,45.05388259887695,-34.4635009765625,0,0,0.0,0.0,0.0,0,0,-0.042451247572898865,103.66000366210938,0.48789942264556885,0.8384044766426086,-2464.0,-2468.0,0.0,171366,171380,171850,171369,4,171380,DESCENT
-4.03000020980835,-7.510000228881836,0.14000000059604645,0.0,-84.5999984741211,-1147.0999755859375,1004.98828125,38.599998474121094,37.179264068603516,-40.60685348510742,0,0,0.0,0.0,0.0,0,0,-0.5470747947692871,-155.39999389648438,-0.022553179413080215,0.18729209899902344,-2495.0,-2498.0,0.0,171466,171480,171961,171478,4,171480,DESCENT
8.279999732971191,-1.8200000524520874,-0.3100000023841858,0.0,-89.5999984741211,-1088.5,1002.94091796875,38.540000915527344,44.92430114746094,-9.447746276855469,0,0,0.0,0.0,0.0,0,0,-0.23599962890148163,-17.709999084472656,-0.600451648235321,-0.44126713275909424,-2520.0,-2522.0,0.0,171566,171580,172061,171577,4,171580,DESCENT
-5.239999771118164,8.9399995803833,-0.1599999964237213,0.0,144.6999969482422,-1011.7999877929688,1002.9347534179688,38.5099983215332,44.0328369140625,12.480866432189941,0,0,0.0,0.0,0.0,0,0,0.48866236209869385,112.04000091552734,-0.5477461814880371,-0.6597186326980591,-2529.0,-2530.0,0.0,171666,171680,172162,171677,4,171680,DESCENT
-8.949999809265137,-7.21999979019165,-0.4399999976158142,0.0,0.0,-1009.0,1005.38330078125,38.52000045776367,35.0686149597168,-24.304468154907227,0,0,0.0,0.0,0.0,0,0,0.7502975463867188,137.63999938964844,0.20966215431690216,-0.5601977705955505,-2492.0,-2490.0,0.0,171766,171780,172262,171778,4,171780,DESCENT
7.980000019073486,-6.489999771118164,-0.7900000214576721,0.0,-105.19999694824219,-1058.800048828125,1003.6669311523438,38.56999969482422,36.09141159057617,-40.02854919433594,0,0,0.0,0.0,0.0,0,0,0.251503050327301,-52.54999923706055,0.7587511539459229,-0.16040529310703278,-2481.0,-2481.0,0.0,171866,171880,172362,171878,4,171880,DESCENT
3.130000114440918,10.279999732971191,-0.4300000071525574,0.0,62.0,-1115.300048828125,1005.0850830078125,38.56999969482422,32.27947235107422,-25.812225341796875,0,0,0.0,0.0,0.0,0,0,-0.4977263808250427,-73.75,0.6197698712348938,0.37037262320518494,-2488.0,-2487.0,0.0,171966,171980,172463,171978,4,171980,DESCENT
-11.989999771118164,-1.559999942779541,-0.20000000298023224,0.0,-23.5,-1172.5,1005.328857421875,38.56999969482422,30.901554107666016,-13.43588924407959,0,0,0.0,0.0,0.0,0,0,-0.7530747652053833,109.05000305175781,-0.1815240979194641,0.6321299076080322,-2466.0,-2463.0,0.0,172066,172080,172562,172079,4,172080,DESCENT
6.460000038146973,-6.400000095367432,-0.4399999976158142,0.0,-35.79999923706055,-1272.0,1005.2579956054688,38.58000183105469,25.22125244140625,-40.055633544921875,0,0,0.0,0.0,0.0,0,0,-0.15500350296497345,-79.06999969482422,-0.7280190587043762,0.3411664068698883,-2460.0,-2461.0,0.0,172166,172180,172663,172179,4,172180,DESCENT
0.1599999964237213,10.319999694824219,-0.09000000357627869,0.0,66.19999694824219,-1288.800048828125,1005.884521484375,38.56999969482422,23.926544189453125,-39.22018051147461,0,0,0.0,0.0,0.0,0,0,0.5728629231452942,-48.779998779296875,-0.41523483395576477,-0.4264961779117584,-2475.0,-2475.0,0.0,172266,172280,172763,172279,4,172280,DESCENT
-6.940000057220459,-5.579999923706055,-0.2800000011920929,0.0,-102.5999984741211,-1311.5999755859375,1007.4428100585938,38.56999969482422,17.8294620513916,-21.779138565063477,0,0,0.0,0.0,0.0,0,0,0.5439619421958923,98.38999938964844,0.40156254172325134,-0.7273781299591064,-2473.0,-2474.0,0.0,172366,172380,172863,172379,4,172380,DESCENT
