imu_ax,imu_ay,imu_az,imu_gx,imu_gy,imu_gz,baro_pressure_hPa,baro_temperature_C,baro_altitude_m,baro_climbRate_mps,gps_latE7,gps_lonE7,gps_altitude_m,gps_speed_mps,gps_heading_deg,gps_sats,gps_fix,roll_deg,filterRoll_deg,pitch_deg,yaw_deg,veltotal_cmps,velimu_cmps,servoDeg1_deg,servoDeg2_deg,baroTimeMs,gpsTimeMs,aTimeMs,aRxTimeMs,state,timeMs,stateStr
0.0,0.0,0.0,0.0,0.0,0.0,1004.1571044921875,25.360000610351562,0.10385879874229431,0.0,0,0,0.0,0.0,0.0,0,0,0.0,0.0,0.0,0.0,0.0,0.0,79.0,79.0,4501,4501,2270,4501,0,4501,STANDBY
0.75,-0.3199999928474426,9.710000038146973,0.0,0.0,0.0,1004.1773681640625,25.360000610351562,-0.04051791876554489,0.0,0,0,0.0,0.0,0.0,0,0,-0.03869746997952461,0.0,-0.01031525619328022,-0.9060640335083008,0.0,0.0,79.0,79.0,4601,4601,4586,4592,0,4601,STANDBY
0.699999988079071,-0.30000001192092896,9.720000267028809,0.0,0.0,0.0,1004.1612548828125,25.360000610351562,0.012359162792563438,-0.27449890971183777,0,0,0.0,0.0,0.0,0,0,-0.0395519882440567,0.0,-0.011474959552288055,-0.9055147171020508,0.0,0.0,79.0,79.0,4701,4701,4684,4690,0,4701,STANDBY
0.6700000166893005,-0.3199999928474426,9.720000267028809,0.0,0.0,0.0,1004.19482421875,25.360000610351562,-0.1325916051864624,-0.35241398215293884,0,0,0.0,0.0,0.0,0,0,-0.039674062281847,0.0,-0.012176885269582272,-0.904416024684906,0.0,0.0,79.0,79.0,4801,4801,4783,4790,0,4801,STANDBY
-0.07999999821186066,-0.38999998569488525,9.680000305175781,0.0,0.0,0.0,1004.2079467773438,25.3700008392334,-0.2704765796661377,-1.0917068719863892,0,0,0.0,0.0,0.0,0,0,-0.034455396234989166,0.0,-0.01065095979720354,-0.903378427028656,0.0,0.0,79.0,79.0,4901,4901,4881,4888,0,4901,STANDBY
0.75,-0.3499999940395355,9.720000267028809,0.0,0.0,0.0,1004.2045288085938,25.3700008392334,-0.3008260130882263,-1.0137566328048706,0,0,0.0,0.0,0.0,0,0,-0.03494369238615036,0.0,-0.01077303383499384,-0.903561532497406,0.0,0.0,79.0,79.0,5001,5001,4980,4986,0,5001,STANDBY
0.5299999713897705,-0.25999999046325684,9.75,0.0,0.0,0.0,1004.1878051757812,25.3700008392334,-0.19001376628875732,0.05003295838832855,0,0,0.0,0.0,0.0,0,0,-0.03704947233200073,0.0,-0.011749626137316227,-0.903744637966156,0.0,0.0,79.0,79.0,5101,5101,5079,5085,0,5101,STANDBY
0.7799999713897705,-0.33000001311302185,9.729999542236328,0.0,0.0,0.0,1004.1642456054688,25.3700008392334,-0.03333677351474762,1.028717279434204,0,0,0.0,0.0,0.0,0,0,-0.03506576642394066,0.0,-0.011291848495602608,-0.9024323225021362,0.0,0.0,79.0,79.0,5201,5201,5193,5200,0,5201,STANDBY
0.49000000953674316,-0.36000001430511475,9.729999542236328,0.0,0.0,0.0,1004.178466796875,25.3799991607666,-0.05858922004699707,0.8027054667472839,0,0,0.0,0.0,0.0,0,0,-0.034363843500614166,0.0,-0.010498367249965668,-0.9021881818771362,0.0,0.0,79.0,79.0,5301,5301,5293,5299,0,5301,STANDBY
0.5,-0.3100000023841858,9.720000267028809,0.0,0.0,0.0,1004.1657104492188,25.3799991607666,-0.019004609435796738,0.2286892533302307,0,0,0.0,0.0,0.0,0,0,-0.03482161834836006,0.0,-0.010498367249965668,-0.9031952619552612,0.0,0.0,79.0,79.0,5401,5401,5391,5397,0,5401,STANDBY
0.5899999737739563,-0.3100000023841858,9.729999542236328,0.0,0.0,0.0,1004.175048828125,25.3799991607666,-0.0334092453122139,0.13357892632484436,0,0,0.0,0.0,0.0,0,0,-0.03469954431056976,0.0,-0.010406811721622944,-0.9032868146896362,0.0,0.0,79.0,79.0,5501,5501,5489,5496,0,5501,STANDBY
0.5799999833106995,-0.3199999928474426,9.729999542236328,0.0,0.0,0.0,1004.178466796875,25.3799991607666,-0.04510874301195145,0.037199899554252625,0,0,0.0,0.0,0.0,0,0,-0.034424878656864166,0.0,-0.009765923023223877,-0.904751718044281,0.0,0.0,79.0,79.0,5601,5601,5588,5595,0,5601,STANDBY
0.5699999928474426,-0.3400000035762787,9.729999542236328,0.0,0.0,0.0,1004.1934204101562,25.3799991607666,-0.13823100924491882,-0.3671649992465973,0,0,0.0,0.0,0.0,0,0,-0.03491317480802536,0.0,-0.010467848740518093,-0.9030426740646362,0.0,0.0,79.0,79.0,5701,5701,5687,5693,0,5701,STANDBY
0.6200000047683716,-0.30000001192092896,9.729999542236328,0.0,0.0,0.0,1004.1724853515625,25.3799991607666,-0.09111196547746658,-0.39559444785118103,0,0,0.0,0.0,0.0,0,0,-0.03497421368956566,0.0,-0.010864589363336563,-0.9020050764083862,0.0,0.0,79.0,79.0,5801,5801,5785,5792,0,5801,STANDBY
0.5899999737739563,-0.33000001311302185,9.729999542236328,0.0,0.0,0.0,1004.2076416015625,25.3799991607666,-0.2466539442539215,-0.502516508102417,0,0,0.0,0.0,0.0,0,0,-0.03482161834836006,0.0,-0.01110873743891716,-0.9015473127365112,0.0,0.0,79.0,79.0,5901,5901,5884,5891,0,5901,STANDBY
0.5199999809265137,-0.3100000023841858,9.720000267028809,0.0,0.0,0.0,1004.1881103515625,25.389999389648438,-0.20889033377170563,-0.5574055910110474,0,0,0.0,0.0,0.0,0,0,-0.034577470272779465,0.0,-0.010559404268860817,-0.9016999006271362,0.0,0.0,79.0,79.0,6001,6001,5983,5989,0,6001,STANDBY
0.5199999809265137,-0.3100000023841858,9.720000267028809,0.0,0.0,0.0,1004.1799926757812,25.3799991607666,-0.14997589588165283,0.12209665775299072,0,0,0.0,0.0,0.0,0,0,-0.03433332219719887,0.0,-0.009399700909852982,-0.903775155544281,0.0,0.0,79.0,79.0,6102,6102,6081,6088,0,6102,STANDBY
0.5799999833106995,-0.3199999928474426,9.729999542236328,0.0,0.0,0.0,1004.181396484375,25.389999389648438,-0.12833493947982788,0.39038240909576416,0,0,0.0,0.0,0.0,0,0,-0.03476058319211006,0.0,-0.010101626627147198,-0.9025238752365112,0.0,0.0,79.0,79.0,6202,6202,6180,6187,0,6202,STANDBY
0.5899999737739563,-0.3100000023841858,9.729999542236328,0.0,0.0,0.0,1004.1889038085938,25.389999389648438,-0.1466587781906128,0.1873120665550232,0,0,0.0,0.0,0.0,0,0,-0.03463850915431976,0.0,-0.009887997061014175,-0.9030426740646362,0.0,0.0,79.0,79.0,6302,6302,6295,6301,0,6302,STANDBY
0.5400000214576721,-0.33000001311302185,9.729999542236328,0.0,0.0,0.0,1004.1956176757812,25.389999389648438,-0.23448199033737183,-0.39635488390922546,0,0,0.0,0.0,0.0,0,0,-0.03460799157619476,0.0,-0.009735404513776302,-0.9028900861740112,0.0,0.0,79.0,79.0,6402,6402,6393,6401,0,6402,STANDBY
0.550000011920929,-0.30000001192092896,9.729999542236328,0.0,0.0,0.0,1004.1821899414062,25.389999389648438,-0.09753605723381042,0.11656180024147034,0,0,0.0,0.0,0.0,0,0,-0.03463850915431976,0.0,-0.00946073792874813,-0.9030731916427612,0.0,0.0,79.0,79.0,6524,6524,6508,6524,0,6524,STANDBY
0.5799999833106995,-0.3100000023841858,9.720000267028809,0.0,0.0,0.0,1004.1829833984375,25.389999389648438,-0.07358885556459427,0.7027953863143921,0,0,0.0,0.0,0.0,0,0,-0.03473006561398506,0.0,-0.008301034569740295,-0.9089327454566956,0.0,0.0,79.0,79.0,6624,6624,6607,6614,0,6624,STANDBY
0.6200000047683716,-0.3199999928474426,9.729999542236328,0.0,0.0,0.0,1004.1687622070312,25.389999389648438,-0.018329082056879997,0.39283204078674316,0,0,0.0,0.0,0.0,0,0,-0.03509628772735596,0.0,-0.00906399730592966,-0.9077120423316956,0.0,0.0,79.0,79.0,6724,6724,6706,6712,0,6724,STANDBY
0.5400000214576721,-0.33000001311302185,9.720000267028809,0.0,0.0,0.0,1004.1904907226562,25.389999389648438,-0.1213836669921875,-0.11658839136362076,0,0,0.0,0.0,0.0,0,0,-0.03494369238615036,0.0,-0.009247108362615108,-0.9067659378051758,0.0,0.0,79.0,79.0,6824,6824,6804,6811,0,6824,STANDBY
0.5199999809265137,-0.3199999928474426,9.729999542236328,0.0,0.0,0.0,1004.1695556640625,25.389999389648438,-0.030863648280501366,-0.08206703513860703,0,0,0.0,0.0,0.0,0,0,-0.03503524884581566,0.0,-0.009552293457090855,-0.9055452346801758,0.0,0.0,79.0,79.0,6924,6924,6902,6909,0,6924,STANDBY
0.5799999833106995,-0.33000001311302185,9.729999542236328,0.0,0.0,0.0,1004.1785278320312,25.399999618530273,-0.0465211383998394,0.26638031005859375,0,0,0.0,0.0,0.0,0,0,-0.03512680530548096,0.0,-0.009369182400405407,-0.9053621292114258,0.0,0.0,79.0,79.0,7024,7024,7002,7008,0,7024,STANDBY
0.5699999928474426,-0.3100000023841858,9.729999542236328,0.0,0.0,0.0,1004.1945190429688,25.399999618530273,-0.14808501303195953,-0.3131728768348694,0,0,0.0,0.0,0.0,0,0,-0.03503524884581566,0.0,-0.00958281196653843,-0.904080331325531,0.0,0.0,79.0,79.0,7124,7124,7116,7122,0,7124,STANDBY
0.550000011920929,-0.33000001311302185,9.739999771118164,0.0,0.0,0.0,1004.1961059570312,25.399999618530273,-0.22991541028022766,-0.8760851621627808,0,0,0.0,0.0,0.0,0,0,-0.03503524884581566,0.0,-0.009887997061014175,-0.903378427028656,0.0,0.0,79.0,79.0,7224,7224,7215,7222,0,7224,STANDBY
0.5899999737739563,-0.3400000035762787,9.739999771118164,0.0,0.0,0.0,1004.16015625,25.389999389648438,-0.04213088005781174,0.03752785921096802,0,0,0.0,0.0,0.0,0,0,-0.035401470959186554,0.0,-0.0099795525893569,-0.9025543928146362,0.0,0.0,79.0,79.0,7324,7324,7313,7320,0,7324,STANDBY
0.6200000047683716,-0.3199999928474426,9.739999771118164,0.0,0.0,0.0,1004.181884765625,25.399999618530273,-0.09778515994548798,0.5795673727989197,0,0,0.0,0.0,0.0,0,0,-0.03503524884581566,0.0,-0.00918607134371996,-0.9030426740646362,0.0,0.0,79.0,79.0,7424,7424,7411,7418,0,7424,STANDBY
0.5600000023841858,-0.33000001311302185,9.729999542236328,0.0,0.0,0.0,1004.1807861328125,25.40999984741211,-0.11233969032764435,-0.048924803733825684,0,0,0.0,0.0,0.0,0,0,-0.03515732288360596,0.0,-0.009399700909852982,-0.9018830060958862,0.0,0.0,79.0,79.0,7525,7525,7511,7525,0,7525,STANDBY
0.5699999928474426,-0.3199999928474426,9.729999542236328,0.0,0.0,0.0,1004.1875,25.40999984741211,-0.1415632665157318,-0.18646389245986938,0,0,0.0,0.0,0.0,0,0,-0.03509628772735596,0.0,-0.009552293457090855,-0.9006012082099915,0.0,0.0,79.0,79.0,7625,7625,7609,7615,0,7625,STANDBY
0.5299999713897705,-0.3199999928474426,9.729999542236328,0.0,0.0,0.0,1004.19677734375,25.399999618530273,-0.21088683605194092,-0.3899216949939728,0,0,0.0,0.0,0.0,0,0,-0.03466902673244476,0.0,-0.00878933072090149,-0.9012420773506165,0.0,0.0,79.0,79.0,7725,7725,7707,7713,0,7725,STANDBY
0.550000011920929,-0.33000001311302185,9.729999542236328,0.0,0.0,0.0,1004.192626953125,25.399999618530273,-0.18179748952388763,-0.22945091128349304,0,0,0.0,0.0,0.0,0,0,-0.03463850915431976,0.0,-0.008453627116978168,-0.9013947248458862,0.0,0.0,79.0,79.0,7825,7825,7805,7812,0,7825,STANDBY
0.5899999737739563,-0.3100000023841858,9.729999542236328,0.0,0.0,0.0,1004.1961059570312,25.399999618530273,-0.20204035937786102,0.0058015622198581696,0,0,0.0,0.0,0.0,0,0,-0.03463850915431976,0.0,-0.00839259009808302,-0.9007843136787415,0.0,0.0,79.0,79.0,7925,7925,7904,7910,0,7925,STANDBY
0.5899999737739563,-0.3100000023841858,9.729999542236328,0.0,0.0,0.0,1004.18896484375,25.40999984741211,-0.1885744333267212,-0.08317229896783829,0,0,0.0,0.0,0.0,0,0,-0.034455396234989166,0.0,-0.008148442022502422,-0.9009369015693665,0.0,0.0,79.0,79.0,8025,8025,8002,8009,0,8025,STANDBY
0.5899999737739563,-0.3100000023841858,9.729999542236328,0.0,0.0,0.0,1004.1766357421875,25.399999618530273,-0.0943090170621872,0.3610643744468689,0,0,0.0,0.0,0.0,0,0,-0.034455396234989166,0.0,-0.008026367984712124,-0.9002960324287415,0.0,0.0,79.0,79.0,8125,8125,8118,8124,0,8125,STANDBY
0.5600000023841858,-0.3100000023841858,9.729999542236328,0.0,0.0,0.0,1004.2017211914062,25.40999984741211,-0.2225959300994873,0.017308056354522705,0,0,0.0,0.0,0.0,0,0,-0.03463850915431976,0.0,-0.008239997550845146,-0.8991668224334717,0.0,0.0,79.0,79.0,8225,8225,8216,8222,0,8225,STANDBY
0.5600000023841858,-0.3199999928474426,9.739999771118164,0.0,0.0,0.0,1004.1942138671875,25.40999984741211,-0.24414704740047455,-0.6330561637878418,0,0,0.0,0.0,0.0,0,0,-0.03473006561398506,0.0,-0.008362071588635445,-0.8987700939178467,0.0,0.0,79.0,79.0,8325,8325,8315,8322,0,8325,STANDBY
0.5699999928474426,-0.33000001311302185,9.729999542236328,0.0,0.0,0.0,1004.2017211914062,25.40999984741211,-0.23880034685134888,-0.1931139975786209,0,0,0.0,0.0,0.0,0,0,-0.034516435116529465,0.0,-0.007812738418579102,-0.8994109630584717,0.0,0.0,79.0,79.0,8425,8425,8414,8420,0,8425,STANDBY
0.550000011920929,-0.3199999928474426,9.729999542236328,0.0,0.0,0.0,1004.1990356445312,25.40999984741211,-0.236575186252594,0.06521012634038925,0,0,0.0,0.0,0.0,0,0,-0.03518784046173096,0.0,-0.009155552834272385,-0.8963591456413269,0.0,0.0,79.0,79.0,8526,8526,8512,8524,0,8526,STANDBY
0.5600000023841858,-0.3100000023841858,9.729999542236328,0.0,0.0,0.0,1004.205078125,25.40999984741211,-0.285249799489975,-0.2059999406337738,0,0,0.0,0.0,0.0,0,0,-0.03503524884581566,0.0,-0.008575701154768467,-0.8968474268913269,0.0,0.0,79.0,79.0,8626,8626,8611,8617,0,8626,STANDBY
0.5600000023841858,-0.3199999928474426,9.729999542236328,0.0,0.0,0.0,1004.205810546875,25.40999984741211,-0.2825394868850708,-0.20945192873477936,0,0,0.0,0.0,0.0,0,0,-0.03476058319211006,0.0,-0.007812738418579102,-0.8977630138397217,0.0,0.0,79.0,79.0,8726,8726,8710,8717,0,8726,STANDBY
0.5600000023841858,-0.3100000023841858,9.729999542236328,0.0,0.0,0.0,1004.1956787109375,25.40999984741211,-0.21187299489974976,0.26804494857788086,0,0,0.0,0.0,0.0,0,0,-0.03473006561398506,0.0,-0.007843256928026676,-0.8973051905632019,0.0,0.0,79.0,79.0,8826,8826,8809,8815,0,8826,STANDBY
0.5600000023841858,-0.3199999928474426,9.729999542236328,0.0,0.0,0.0,1004.193115234375,25.40999984741211,-0.22726663947105408,0.20377375185489655,0,0,0.0,0.0,0.0,0,0,-0.03473006561398506,0.0,-0.00787377543747425,-0.8970915675163269,0.0,0.0,79.0,79.0,8926,8926,8907,8913,0,8926,STANDBY
0.5899999737739563,-0.3400000035762787,9.739999771118164,0.0,0.0,0.0,1004.1845092773438,25.420000076293945,-0.15955215692520142,0.19199492037296295,0,0,0.0,0.0,0.0,0,0,-0.03503524884581566,0.0,-0.00839259009808302,-0.8956267237663269,0.0,0.0,79.0,79.0,9026,9026,9006,9012,0,9026,STANDBY
0.6200000047683716,-0.33000001311302185,9.739999771118164,0.0,0.0,0.0,1004.1998291015625,25.40999984741211,-0.2336655557155609,0.07062175869941711,0,0,0.0,0.0,0.0,0,0,-0.03476058319211006,0.0,-0.007782219909131527,-0.8953520059585571,0.0,0.0,79.0,79.0,9126,9126,9104,9110,0,9126,STANDBY
0.6000000238418579,-0.3100000023841858,9.729999542236328,0.0,0.0,0.0,1004.228271484375,25.420000076293945,-0.40704524517059326,-0.8580194711685181,0,0,0.0,0.0,0.0,0,0,-0.03473006561398506,0.0,-0.007629627361893654,-0.8950163125991821,0.0,0.0,79.0,79.0,9226,9226,9202,9209,0,9226,STANDBY
0.5899999737739563,-0.3100000023841858,9.739999771118164,0.0,0.0,0.0,1004.1912231445312,25.420000076293945,-0.28906673192977905,-0.5502351522445679,0,0,0.0,0.0,0.0,0,0,-0.03473006561398506,0.0,-0.007568590342998505,-0.8949552774429321,0.0,0.0,79.0,79.0,9326,9326,9318,9324,0,9326,STANDBY
0.5699999928474426,-0.33000001311302185,9.739999771118164,0.0,0.0,0.0,1004.2080688476562,25.420000076293945,-0.33072397112846375,0.10072755813598633,0,0,0.0,0.0,0.0,0,0,-0.03427228704094887,0.0,-0.006317331455647945,-0.8970610499382019,0.0,0.0,79.0,79.0,9426,9426,9416,9423,0,9426,STANDBY
0.550000011920929,-0.33000001311302185,9.729999542236328,0.0,0.0,0.0,1004.1928100585938,25.43000030517578,-0.23819583654403687,0.31885814666748047,0,0,0.0,0.0,0.0,0,0,-0.03421124815940857,0.0,-0.006042664870619774,-0.8977019786834717,0.0,0.0,79.0,79.0,9527,9527,9499,9527,0,9527,STANDBY
0.5299999713897705,-0.3199999928474426,9.739999771118164,0.0,0.0,0.0,1004.185302734375,25.420000076293945,-0.14405739307403564,0.8231304883956909,0,0,0.0,0.0,0.0,0,0,-0.03427228704094887,0.0,-0.006286812946200371,-0.8965727686882019,0.0,0.0,79.0,79.0,9627,9627,9614,9620,0,9627,STANDBY
0.5600000023841858,-0.3199999928474426,9.729999542236328,0.0,0.0,0.0,1004.1886596679688,25.420000076293945,-0.15755409002304077,0.5409267544746399,0,0,0.0,0.0,0.0,0,0,-0.034394361078739166,0.0,-0.006500442512333393,-0.8963286280632019,0.0,0.0,79.0,79.0,9728,9728,9712,9719,0,9728,STANDBY
0.6000000238418579,-0.3199999928474426,9.729999542236328,0.0,0.0,0.0,1004.197998046875,25.420000076293945,-0.1877058744430542,-0.0004158318042755127,0,0,0.0,0.0,0.0,0,0,-0.03482161834836006,0.0,-0.007110812701284885,-0.8950163125991821,0.0,0.0,79.0,79.0,9828,9828,9811,9818,0,9828,STANDBY
0.5699999928474426,-0.3100000023841858,9.739999771118164,0.0,0.0,0.0,1004.1751708984375,25.420000076293945,-0.11641085892915726,0.06580735743045807,0,0,0.0,0.0,0.0,0,0,-0.035248879343271255,0.0,-0.008148442022502422,-0.8924527764320374,0.0,0.0,79.0,79.0,9928,9928,9910,9916,0,9928,STANDBY
0.5799999833106995,-0.30000001192092896,9.729999542236328,0.0,0.0,0.0,1004.172607421875,25.43000030517578,-0.07384085655212402,0.34349551796913147,0,0,0.0,0.0,0.0,0,0,-0.03491317480802536,0.0,-0.0072634052485227585,-0.8936735391616821,0.0,0.0,79.0,79.0,10028,10028,10009,10015,0,10028,STANDBY
0.5,-0.3199999928474426,9.729999542236328,0.0,0.0,0.0,1004.1826782226562,25.43000030517578,-0.10192154347896576,0.2284611165523529,0,0,0.0,0.0,0.0,0,0,-0.03906369209289551,0.0,-0.01422162540256977,-0.8670918941497803,0.0,0.0,79.0,79.0,10128,10128,10109,10116,0,10128,STANDBY
0.47999998927116394,-0.3199999928474426,9.729999542236328,0.0,0.0,0.0,1004.1777954101562,25.420000076293945,-0.041060350835323334,0.2832404673099518,0,0,0.0,0.0,0.0,0,0,-0.046418651938438416,0.0,-0.022461622953414917,-0.8524429798126221,0.0,0.0,79.0,79.0,10228,10228,10210,10216,0,10228,STANDBY
0.5400000214576721,-0.3100000023841858,9.739999771118164,0.0,0.0,0.0,1004.1842041015625,25.43000030517578,-0.09742557257413864,0.09364455938339233,0,0,0.0,0.0,0.0,0,0,-0.04434339329600334,0.0,-0.021057771518826485,-0.8498794436454773,0.0,0.0,79.0,79.0,10328,10328,10310,10316,0,10328,STANDBY
0.5299999713897705,-0.33000001311302185,9.729999542236328,0.0,0.0,0.0,1004.1842041015625,25.43000030517578,-0.10883952677249908,-0.285319447517395,0,0,0.0,0.0,0.0,0,0,-0.04211554303765297,0.0,-0.018555253744125366,-0.8493606448173523,0.0,0.0,79.0,79.0,10428,10428,10411,10418,0,10428,STANDBY
0.5600000023841858,-0.3100000023841858,9.729999542236328,0.0,0.0,0.0,1004.1942138671875,25.43000030517578,-0.201832577586174,-0.5154297947883606,0,0,0.0,0.0,0.0,0,0,-0.04138309881091118,0.0,-0.01815851405262947,-0.844721794128418,0.0,0.0,79.0,79.0,10528,10528,10511,10525,0,10528,STANDBY
0.6100000143051147,-0.3100000023841858,9.739999771118164,0.0,0.0,0.0,1004.1935424804688,25.43000030517578,-0.20881077647209167,-0.5347278118133545,0,0,0.0,0.0,0.0,0,0,-0.04028443247079849,0.0,-0.017090365290641785,-0.842921257019043,0.0,0.0,79.0,79.0,10628,10628,10612,10618,0,10628,STANDBY
0.6100000143051147,-0.3100000023841858,9.739999771118164,0.0,0.0,0.0,1004.1732788085938,25.43000030517578,-0.10568997263908386,0.2002970427274704,0,0,0.0,0.0,0.0,0,0,-0.03888058289885521,0.0,-0.015564439818263054,-0.8424634337425232,0.0,0.0,79.0,79.0,10728,10728,10713,10719,0,10728,STANDBY
0.5400000214576721,-0.3199999928474426,9.739999771118164,0.0,0.0,0.0,1004.1991577148438,25.440000534057617,-0.20605018734931946,0.11623768508434296,0,0,0.0,0.0,0.0,0,0,-0.03811761736869812,0.0,-0.014587847515940666,-0.8415173888206482,0.0,0.0,79.0,79.0,10828,10828,10813,10819,0,10828,STANDBY
0.5600000023841858,-0.30000001192092896,9.729999542236328,0.0,0.0,0.0,1004.1856079101562,25.440000534057617,-0.16353854537010193,-0.1568843126296997,0,0,0.0,0.0,0.0,0,0,-0.03781243413686752,0.0,-0.01422162540256977,-0.8400219678878784,0.0,0.0,79.0,79.0,10928,10928,10913,10920,0,10928,STANDBY
0.5699999928474426,-0.3100000023841858,9.739999771118164,0.0,0.0,0.0,1004.1939086914062,25.440000534057617,-0.18820370733737946,0.007481750100851059,0,0,0.0,0.0,0.0,0,0,-0.036896876990795135,0.0,-0.012817773967981339,-0.8402355909347534,0.0,0.0,79.0,79.0,11028,11028,11015,11021,0,11028,STANDBY
0.550000011920929,-0.3100000023841858,9.729999542236328,0.0,0.0,0.0,1004.2073364257812,25.440000534057617,-0.2441800832748413,-0.1968170404434204,0,0,0.0,0.0,0.0,0,0,-0.03659169375896454,0.0,-0.012451551854610443,-0.8388012051582336,0.0,0.0,79.0,79.0,11128,11128,11115,11121,0,11128,STANDBY
0.5699999928474426,-0.33000001311302185,9.75,0.0,0.0,0.0,1004.19580078125,25.440000534057617,-0.22983795404434204,-0.2552570700645447,0,0,0.0,0.0,0.0,0,0,-0.03805658221244812,0.0,-0.014587847515940666,-0.8351085186004639,0.0,0.0,79.0,79.0,11179,11228,11215,11222,0,11228,STANDBY
0.6100000143051147,-0.30000001192092896,9.729999542236328,0.0,0.0,0.0,1004.1864013671875,25.440000534057617,-0.22262179851531982,-0.38374483585357666,0,0,0.0,0.0,0.0,0,0,-0.03726309910416603,0.0,-0.01355021819472313,-0.8347422480583191,0.0,0.0,79.0,79.0,11279,11328,11316,11323,0,11328,STANDBY
0.5600000023841858,-0.30000001192092896,9.729999542236328,0.0,0.0,0.0,1004.2020874023438,25.450000762939453,-0.24372383952140808,-0.06407447159290314,0,0,0.0,0.0,0.0,0,0,-0.036042358726263046,0.0,-0.012024292722344398,-0.8349253535270691,0.0,0.0,79.0,79.0,11382,11428,11416,11423,0,11428,STANDBY
0.5299999713897705,-0.3400000035762787,9.729999542236328,0.0,0.0,0.0,1004.1947021484375,25.440000534057617,-0.21372361481189728,0.13697479665279388,0,0,0.0,0.0,0.0,0,0,-0.035401470959186554,0.0,-0.010498367249965668,-0.8366649150848389,0.0,0.0,79.0,79.0,11482,11528,11500,11525,0,11528,STANDBY
0.5199999809265137,-0.33000001311302185,9.729999542236328,0.0,0.0,0.0,1004.188720703125,25.450000762939453,-0.17680250108242035,0.24119435250759125,0,0,0.0,0.0,0.0,0,0,-0.03552354499697685,0.0,-0.010956144891679287,-0.8349558711051941,0.0,0.0,79.0,79.0,11582,11628,11618,11624,0,11628,STANDBY
0.6700000166893005,-0.3799999952316284,9.739999771118164,0.0,0.0,0.0,1004.2040405273438,25.440000534057617,-0.22244974970817566,0.10338766872882843,0,0,0.0,0.0,0.0,0,0,-0.03653065487742424,0.0,-0.011749626137316227,-0.8317514657974243,0.0,0.0,79.0,79.0,11682,11728,11718,11724,0,11728,STANDBY
0.49000000953674316,-0.23999999463558197,9.710000038146973,0.0,0.0,0.0,1004.2020874023438,25.450000762939453,-0.25654155015945435,-0.2753700017929077,0,0,0.0,0.0,0.0,0,0,-0.035431988537311554,0.0,-0.010986663401126862,-0.8318430185317993,0.0,0.0,79.0,79.0,11782,11828,11819,11826,0,11828,STANDBY
0.550000011920929,-0.12999999523162842,9.779999732971191,0.0,0.0,0.0,1004.1947021484375,25.440000534057617,-0.1616959571838379,0.18596762418746948,0,0,0.0,0.0,0.0,0,0,-0.03570665791630745,0.0,-0.00918607134371996,-0.8357799053192139,0.0,0.0,79.0,79.0,11882,11928,11919,11926,0,11928,STANDBY
0.8899999856948853,0.20000000298023224,11.199999809265137,0.0,0.0,-69.19999694824219,1004.1827392578125,25.450000762939453,-0.1274237036705017,0.5204103589057922,0,0,0.0,0.0,0.0,0,0,-0.03415021300315857,3.9800000190734863,-0.017273476347327232,-0.8488723635673523,9.0,9.0,97.0,97.0,11984,12028,12005,12012,0,12028,STANDBY
0.3199999928474426,0.5899999737739563,10.649999618530273,18.399999618530273,0.0,-122.30000305175781,1004.18017578125,25.450000762939453,-0.08849507570266724,0.32052290439605713,0,0,0.0,0.0,0.0,0,0,-0.024933623149991035,13.729999542236328,-0.036927398294210434,-0.8718222379684448,27.0,27.0,97.0,97.0,12084,12128,12108,12115,0,12128,STANDBY
0.20000000298023224,0.44999998807907104,8.880000114440918,0.0,0.0,-92.30000305175781,1004.2009887695312,25.450000762939453,-0.21085096895694733,-0.20059776306152344,0,0,0.0,0.0,0.0,0,0,-0.01651051454246044,23.43000030517578,-0.05642872303724289,-0.8910489082336426,26.0,26.0,97.0,97.0,12184,12228,12212,12218,0,12228,STANDBY
0.23999999463558197,0.9599999785423279,9.100000381469727,0.0,0.0,-70.9000015258789,1004.1734619140625,25.450000762939453,-0.07811316847801208,-0.049427978694438934,0,0,0.0,0.0,0.0,0,0,-0.016235847026109695,32.09000015258789,-0.0713827908039093,-0.8980071544647217,22.0,22.0,97.0,97.0,12284,12328,12314,12321,0,12328,STANDBY
-0.49000000953674316,0.9300000071525574,8.819999694824219,0.0,0.0,-99.4000015258789,1004.1868896484375,25.450000762939453,-0.13820253312587738,0.23620712757110596,0,0,0.0,0.0,0.0,0,0,-0.01077303383499384,40.029998779296875,-0.0876796767115593,-0.8996551632881165,22.0,22.0,97.0,97.0,12384,12428,12418,12424,0,12428,STANDBY
-0.9399999976158142,0.05999999865889549,9.3100004196167,0.0,16.700000762939453,-128.6999969482422,1004.185302734375,25.450000762939453,-0.13409075140953064,-0.14231956005096436,0,0,0.0,0.0,0.0,0,0,0.00912503432482481,50.52000045776367,-0.08154545724391937,-0.9119846224784851,25.0,25.0,97.0,97.0,12484,12528,12504,12525,0,12528,STANDBY
-0.14000000059604645,-0.5199999809265137,10.279999732971191,0.0,0.0,-74.0,1004.1674194335938,25.450000762939453,-0.031151937320828438,0.3401269316673279,0,0,0.0,0.0,0.0,0,0,0.005767998285591602,61.380001068115234,-0.07248146086931229,-0.9176610708236694,28.0,28.0,97.0,97.0,12584,12628,12607,12613,0,12628,STANDBY
-0.9100000262260437,0.09000000357627869,9.550000190734863,0.0,0.0,-32.79999923706055,1004.1842041015625,25.450000762939453,-0.1121274083852768,0.1712629497051239,0,0,0.0,0.0,0.0,0,0,0.0066225165501236916,65.62999725341797,-0.06653035432100296,-0.9015167951583862,34.0,34.0,97.0,97.0,12684,12728,12709,12717,0,12728,STANDBY
-0.17000000178813934,0.2800000011920929,9.470000267028809,0.0,0.0,-98.4000015258789,1004.195068359375,25.459999084472656,-0.1552296280860901,-0.33297082781791687,0,0,0.0,0.0,0.0,0,0,0.005645924247801304,73.05000305175781,-0.06436353921890259,-0.9006317257881165,32.0,32.0,97.0,97.0,12784,12828,12812,12819,0,12828,STANDBY
-0.75,0.11999999731779099,10.1899995803833,0.0,-30.100000381469727,-153.60000610351562,1004.195068359375,25.459999084472656,-0.19865965843200684,-0.41414743661880493,0,0,0.0,0.0,0.0,0,0,-0.005920590832829475,87.5199966430664,-0.06811731308698654,-0.9271828532218933,32.0,32.0,97.0,97.0,12884,12928,12915,12921,0,12928,STANDBY
0.3100000023841858,-0.49000000953674316,9.819999694824219,0.0,-33.599998474121094,-71.30000305175781,1004.1875610351562,25.450000762939453,-0.1770365834236145,-0.281232088804245,0,0,0.0,0.0,0.0,0,0,-0.01977599412202835,98.58999633789062,-0.06524857133626938,-0.9427778124809265,37.0,37.0,97.0,97.0,12984,13028,13019,13025,0,13028,STANDBY
0.5899999737739563,-0.7599999904632568,10.350000381469727,0.0,-34.29999923706055,-75.19999694824219,1004.1875610351562,25.450000762939453,-0.19322195649147034,-0.10557924211025238,0,0,0.0,0.0,0.0,0,0,-0.04284798726439476,103.01000213623047,-0.062959685921669,-0.9413739442825317,42.0,42.0,97.0,97.0,13084,13128,13105,13111,0,13128,STANDBY
1.3899999856948853,-0.8899999856948853,10.050000190734863,0.0,-21.0,-133.89999389648438,1004.17236328125,25.459999084472656,-0.08810985088348389,0.30423399806022644,0,0,0.0,0.0,0.0,0,0,-0.062410350888967514,115.16000366210938,-0.05386516824364662,-0.9604480266571045,54.0,54.0,97.0,97.0,13184,13228,13208,13214,0,13228,STANDBY
2.4200000762939453,0.7300000190734863,8.619999885559082,0.0,-15.300000190734863,-107.0,1004.182373046875,25.459999084472656,-0.12023404240608215,0.4013451337814331,0,0,0.0,0.0,0.0,0,0,-0.07037568092346191,129.8300018310547,-0.06244087219238281,-0.9784539341926575,55.0,55.0,97.0,97.0,13284,13328,13312,13318,0,13328,STANDBY
2.880000114440918,1.8799999952316284,8.800000190734863,0.0,-23.299999237060547,-202.6999969482422,1004.1846313476562,25.469999313354492,-0.1494453251361847,-0.13864251971244812,0,0,0.0,0.0,0.0,0,0,-0.09744559973478317,144.3300018310547,-0.09106723219156265,-0.9856563210487366,53.0,53.0,97.0,97.0,13384,13428,13415,13421,0,13428,STANDBY
0.8600000143051147,1.2899999618530273,8.25,17.0,0.0,-154.1999969482422,1004.1838989257812,25.459999084472656,-0.11908791214227676,-0.00045545492321252823,0,0,0.0,0.0,0.0,0,0,-0.08291879296302795,160.3800048828125,-0.11261329799890518,-0.9901730418205261,51.0,51.0,97.0,97.0,13484,13529,13501,13529,0,13529,STANDBY
2.359999895095825,1.6200000047683716,10.75,16.899999618530273,0.0,-94.80000305175781,1004.1906127929688,25.459999084472656,-0.149498850107193,0.07578694075345993,0,0,0.0,0.0,0.0,0,0,-0.07754753530025482,167.88999938964844,-0.13180944323539734,-0.9881283044815063,57.0,57.0,97.0,97.0,13584,13629,13605,13612,0,13629,STANDBY
2.140000104904175,2.4000000953674316,10.180000305175781,0.0,16.100000381469727,-148.39999389648438,1004.1797485351562,25.459999084472656,-0.09168003499507904,0.12173935770988464,0,0,0.0,0.0,0.0,0,0,-0.0638142004609108,-177.5800018310547,-0.13293862342834473,-0.9844355583190918,71.0,71.0,97.0,97.0,13684,13729,13710,13717,0,13729,STANDBY
0.10999999940395355,4.389999866485596,8.640000343322754,0.0,18.100000381469727,-89.30000305175781,1004.1857299804688,25.459999084472656,-0.14294910430908203,-0.0043369922786951065,0,0,0.0,0.0,0.0,0,0,-0.026337474584579468,-164.25,-0.16119876503944397,-0.9737846255302429,75.0,75.0,97.0,97.0,13784,13829,13815,13821,0,13829,STANDBY
-1.3300000429153442,1.5399999618530273,8.220000267028809,-15.300000190734863,17.899999618530273,-198.3000030517578,1004.1939697265625,25.459999084472656,-0.1634702980518341,-0.23994657397270203,0,0,0.0,0.0,0.0,0,0,0.02630695514380932,-148.0399932861328,-0.1818903237581253,-0.9525132179260254,77.0,77.0,97.0,97.0,13884,13929,13921,13927,0,13929,STANDBY
-1.1699999570846558,0.8100000023841858,10.170000076293945,-27.200000762939453,0.0,-42.5,1004.171142578125,25.469999313354492,-0.07251714915037155,0.18333056569099426,0,0,0.0,0.0,0.0,0,0,0.056642353534698486,-138.92999267578125,-0.14572587609291077,-0.9499191045761108,70.0,70.0,97.0,97.0,13986,14029,14008,14014,0,14029,STANDBY
0.1599999964237213,0.4300000071525574,10.229999542236328,-44.599998474121094,-23.799999237060547,-198.8000030517578,1004.1797485351562,25.459999084472656,-0.10950780659914017,0.1661929041147232,0,0,0.0,0.0,0.0,0,0,0.06711020320653915,-126.94999694824219,-0.09320352971553802,-0.9461348056793213,74.0,74.0,97.0,97.0,14086,14129,14111,14117,0,14129,STANDBY
-3.190000057220459,-0.4099999964237213,10.359999656677246,-28.299999237060547,-44.20000076293945,-212.10000610351562,1004.2006225585938,25.459999084472656,-0.2073945254087448,-0.3797476291656494,0,0,0.0,0.0,0.0,0,0,0.06537064909934998,-103.05000305175781,-0.04342783987522125,-0.9093600511550903,76.0,76.0,97.0,97.0,14186,14229,14216,14222,0,14229,STANDBY
-0.6299999952316284,-0.17000000178813934,9.020000457763672,0.0,-21.0,-202.10000610351562,1004.1779174804688,25.469999313354492,-0.12182586640119553,-0.1534108817577362,0,0,0.0,0.0,0.0,0,0,0.0552385039627552,-86.56999969482422,-0.03253273293375969,-0.8985869884490967,77.0,77.0,97.0,97.0,14286,14329,14319,14325,0,14329,STANDBY
2.2899999618530273,-1.7899999618530273,8.869999885559082,0.0,0.0,-129.3000030517578,1004.1954956054688,25.469999313354492,-0.18575474619865417,0.03714917227625847,0,0,0.0,0.0,0.0,0,0,0.04226813465356827,-70.19000244140625,-0.017029328271746635,-0.8825647830963135,70.0,70.0,97.0,97.0,14386,14429,14405,14412,0,14429,STANDBY
2.7300000190734863,-1.0,10.829999923706055,0.0,0.0,-119.5999984741211,1004.1928100585938,25.469999313354492,-0.22554785013198853,-0.40663883090019226,0,0,0.0,0.0,0.0,0,0,0.0139469588175416,-63.459999084472656,-0.0007324442267417908,-0.9122287631034851,63.0,63.0,97.0,97.0,14486,14529,14510,14529,0,14529,STANDBY
1.25,-0.1599999964237213,9.220000267028809,0.0,0.0,-271.1000061035156,1004.1793823242188,25.469999313354492,-0.12607313692569733,0.07510945945978165,0,0,0.0,0.0,0.0,0,0,-0.01742606982588768,-38.95000076293945,-0.01156651508063078,-0.8744468688964844,70.0,70.0,97.0,97.0,14586,14629,14613,14619,0,14629,STANDBY
-0.5199999809265137,-1.690000057220459,9.149999618530273,0.0,27.600000381469727,-181.8000030517578,1004.1685791015625,25.469999313354492,-0.031384848058223724,0.815238356590271,0,0,0.0,0.0,0.0,0,0,0.013977477326989174,-21.0,-0.03741569444537163,-0.8680684566497803,62.0,62.0,97.0,97.0,14686,14729,14716,14723,0,14729,STANDBY
0.9900000095367432,0.07999999821186066,9.069999694824219,-16.700000762939453,0.0,-126.69999694824219,1004.2003173828125,25.469999313354492,-0.2015710324048996,-0.04604502022266388,0,0,0.0,0.0,0.0,0,0,-0.010437330231070518,-1.8600000143051147,-0.10107730329036713,-0.8395947217941284,59.0,59.0,97.0,97.0,14786,14829,14820,14827,0,14829,STANDBY
0.6299999952316284,0.10999999940395355,11.770000457763672,0.0,0.0,-56.400001525878906,1004.1701049804688,25.469999313354492,-0.10536637902259827,-0.40374696254730225,0,0,0.0,0.0,0.0,0,0,-0.06265450268983841,3.25,-0.1591845452785492,-0.8497573733329773,63.0,63.0,97.0,97.0,14886,14929,14907,14913,0,14929,STANDBY
-0.3400000035762787,1.4800000190734863,9.100000381469727,0.0,0.0,-293.8999938964844,1004.1768188476562,25.469999313354492,-0.06460686028003693,0.4272679090499878,0,0,0.0,0.0,0.0,0,0,-0.09591967612504959,24.479999542236328,-0.24445326626300812,-0.7772759199142456,71.0,71.0,97.0,97.0,14987,15029,15011,15017,0,15029,STANDBY
1.5800000429153442,-1.7599999904632568,9.960000038146973,0.0,0.0,-125.69999694824219,1004.1917114257812,25.479999542236328,-0.15831643342971802,0.03505001962184906,0,0,0.0,0.0,0.0,0,0,-0.10696737468242645,47.63999938964844,-0.28839990496635437,-0.6844996213912964,67.0,67.0,97.0,97.0,15087,15129,15115,15122,0,15129,STANDBY
1.5099999904632568,0.7799999713897705,9.260000228881836,0.0,0.0,-185.1999969482422,1004.1883544921875,25.479999542236328,-0.1563001573085785,-0.3768937587738037,0,0,0.0,0.0,0.0,0,0,-0.11770989000797272,67.93000030517578,-0.3236182630062103,-0.5940122604370117,66.0,66.0,97.0,97.0,15187,15229,15219,15225,0,15229,STANDBY
-0.11999999731779099,0.7400000095367432,10.4399995803833,0.0,0.0,-54.400001525878906,1004.2112426757812,25.479999542236328,-0.28213223814964294,-0.5258201956748962,0,0,0.0,0.0,0.0,0,0,-0.15564440190792084,75.2300033569336,-0.35941648483276367,-0.5640125870704651,58.0,58.0,97.0,97.0,15287,15329,15306,15312,0,15329,STANDBY
-0.9800000190734863,0.23000000417232513,9.720000267028809,0.0,0.0,-247.39999389648438,1004.1910400390625,25.479999542236328,-0.20850598812103271,-0.3418826460838318,0,0,0.0,0.0,0.0,0,0,-0.14496292173862457,92.11000061035156,-0.4040650725364685,-0.47126683592796326,60.0,60.0,97.0,97.0,15387,15429,15410,15417,0,15429,STANDBY
1.659999966621399,0.6600000262260437,9.9399995803833,-23.0,0.0,-227.6999969482422,1004.1951293945312,25.479999542236328,-0.20430710911750793,0.1871221959590912,0,0,0.0,0.0,0.0,0,0,-0.08139286190271378,117.43000030517578,-0.4294564723968506,-0.3077791631221771,66.0,66.0,97.0,97.0,15488,15529,15497,15526,0,15529,STANDBY
2.0899999141693115,0.7400000095367432,8.859999656677246,-21.0,-24.5,-245.6999969482422,1004.181640625,25.479999542236328,-0.13062584400177002,0.3553884029388428,0,0,0.0,0.0,0.0,0,0,-0.10025330632925034,134.66000366210938,-0.413312166929245,-0.2150334119796753,70.0,70.0,97.0,97.0,15588,15629,15619,15625,0,15629,STANDBY
1.7400000095367432,-0.5299999713897705,10.399999618530273,0.0,-18.100000381469727,-108.19999694824219,1004.1883544921875,25.479999542236328,-0.15840433537960052,0.23300620913505554,0,0,0.0,0.0,0.0,0,0,-0.08380382508039474,155.8800048828125,-0.40986359119415283,-0.050325021147727966,70.0,70.0,97.0,97.0,15688,15729,15722,15729,0,15729,STANDBY
1.399999976158142,-1.6200000047683716,10.600000381469727,0.0,0.0,-126.4000015258789,1004.1891479492188,25.479999542236328,-0.1414661705493927,0.06724826246500015,0,0,0.0,0.0,0.0,0,0,-0.09610278904438019,161.85000610351562,-0.4121219515800476,0.006378368474543095,76.0,76.0,97.0,97.0,15788,15830,15809,15815,0,15830,STANDBY
1.2200000286102295,2.630000114440918,10.630000114440918,0.0,36.400001525878906,-183.1999969482422,1004.1925048828125,25.479999542236328,-0.15617252886295319,0.07672083377838135,0,0,0.0,0.0,0.0,0,0,-0.059175390750169754,-174.60000610351562,-0.443708598613739,0.20184941589832306,89.0,89.0,97.0,97.0,15888,15930,15912,15919,0,15930,STANDBY
0.10999999940395355,0.8299999833106995,8.050000190734863,0.0,29.299999237060547,-273.3999938964844,1004.19921875,25.479999542236328,-0.20084987580776215,-0.20237135887145996,0,0,0.0,0.0,0.0,0,0,-0.07467879354953766,-154.22999572753906,-0.45500046014785767,0.3586535155773163,95.0,95.0,97.0,97.0,15988,16030,16017,16023,0,16030,STANDBY
-0.46000000834465027,-1.3200000524520874,10.170000076293945,0.0,0.0,-29.100000381469727,1004.1607055664062,25.479999542236328,-0.01082567498087883,0.39901265501976013,0,0,0.0,0.0,0.0,0,0,-0.07428205013275146,-141.42999267578125,-0.45674002170562744,0.48692283034324646,82.0,82.0,97.0,97.0,16088,16130,16120,16128,0,16130,STANDBY
1.3600000143051147,-1.3700000047683716,10.140000343322754,-31.600000381469727,0.0,-290.8999938964844,1004.1951293945312,25.479999542236328,-0.14114230871200562,0.34887075424194336,0,0,0.0,0.0,0.0,0,0,-0.024750512093305588,-124.62999725341797,-0.4461500942707062,0.6302377581596375,82.0,82.0,97.0,97.0,16188,16230,16207,16214,0,16230,STANDBY
-2.950000047683716,-1.2799999713897705,10.539999961853027,0.0,-18.200000762939453,-125.80000305175781,1004.1824340820312,25.479999542236328,-0.14768140017986298,-0.44931739568710327,0,0,0.0,0.0,0.0,0,0,0.007080294191837311,-101.54000091552734,-0.39957883954048157,0.7939695715904236,79.0,79.0,97.0,97.0,16288,16330,16312,16319,0,16330,STANDBY
0.8299999833106995,-0.9900000095367432,9.630000114440918,0.0,0.0,-299.0,1004.1891479492188,25.479999542236328,-0.10587820410728455,0.059392333030700684,0,0,0.0,0.0,0.0,0,0,0.033661916851997375,-76.55999755859375,-0.3317362070083618,0.9143955707550049,75.0,75.0,97.0,97.0,16388,16430,16416,16422,0,16430,STANDBY
1.659999966621399,-1.5800000429153442,10.65999984741211,0.0,0.0,-24.399999618530273,1004.2008056640625,25.489999771118164,-0.1860954910516739,0.012695960700511932,0,0,0.0,0.0,0.0,0,0,0.05728324130177498,-65.19000244140625,-0.26664021611213684,0.9549241662025452,68.0,68.0,97.0,97.0,16488,16530,16502,16527,0,16530,STANDBY
1.8799999952316284,0.8700000047683716,9.4399995803833,0.0,0.0,-272.1000061035156,1004.1805419921875,25.489999771118164,-0.17006535828113556,-0.4683242440223694,0,0,0.0,0.0,0.0,0,0,0.08203375339508057,-50.13999938964844,-0.1832636445760727,0.9793389439582825,77.0,77.0,97.0,97.0,16588,16630,16607,16613,0,16630,STANDBY
0.2800000011920929,-2.309999942779541,9.979999542236328,0.0,0.0,-135.89999389648438,1004.1947631835938,25.489999771118164,-0.13647301495075226,0.13009902834892273,0,0,0.0,0.0,0.0,0,0,0.09665212035179138,-25.030000686645508,-0.11474959552288055,0.9756462574005127,73.0,73.0,97.0,97.0,16688,16730,16711,16717,0,16730,STANDBY
0.7699999809265137,-0.49000000953674316,8.680000305175781,-15.600000381469727,22.0,-204.6999969482422,1004.2115478515625,25.489999771118164,-0.24213016033172607,-0.014352113008499146,0,0,0.0,0.0,0.0,0,0,0.08896145224571228,-6.159999847412109,-0.06009094417095184,0.9750663638114929,71.0,71.0,97.0,97.0,16788,16830,16815,16821,0,16830,STANDBY
1.0,0.12999999523162842,11.109999656677246,-27.100000381469727,0.0,-118.5999984741211,1004.1954956054688,25.489999771118164,-0.20754584670066833,-0.389809787273407,0,0,0.0,0.0,0.0,0,0,0.09918515384197235,7.099999904632568,-0.021118808537721634,0.9848017692565918,60.0,60.0,97.0,97.0,16888,16930,16918,16925,0,16930,STANDBY
0.15000000596046448,0.6600000262260437,10.229999542236328,-17.799999237060547,0.0,-240.0,1004.1895141601562,25.489999771118164,-0.1591288447380066,0.14038661122322083,0,0,0.0,0.0,0.0,0,0,0.09787286072969437,23.25,0.030365917831659317,0.9882198572158813,69.0,69.0,97.0,97.0,16989,17030,17022,17029,0,17030,STANDBY
2.2899999618530273,-1.9900000095367432,9.970000267028809,0.0,0.0,-119.9000015258789,1004.1685791015625,25.489999771118164,-0.08177721500396729,0.3981545567512512,0,0,0.0,0.0,0.0,0,0,0.0870693102478981,39.560001373291016,0.06100650131702423,0.9879757165908813,73.0,73.0,97.0,97.0,17089,17130,17108,17115,0,17130,STANDBY
1.340000033378601,-0.800000011920929,8.399999618530273,-33.70000076293945,-15.399999618530273,-305.79998779296875,1004.1895141601562,25.489999771118164,-0.09703098982572556,0.4155925512313843,0,0,0.0,0.0,0.0,0,0,0.09152501076459885,60.5099983215332,0.056581318378448486,0.9868465065956116,73.0,73.0,97.0,97.0,17189,17230,17212,17218,0,17230,STANDBY
1.7799999713897705,0.07000000029802322,10.899999618530273,-17.600000381469727,-24.299999237060547,-21.799999237060547,1004.19287109375,25.489999771118164,-0.15874168276786804,-0.07260100543498993,0,0,0.0,0.0,0.0,0,0,0.10242012143135071,72.58000183105469,0.07400738447904587,0.9903561472892761,68.0,68.0,97.0,97.0,17289,17330,17315,17321,0,17330,STANDBY
0.44999998807907104,-1.5800000429153442,9.1899995803833,0.0,0.0,-224.8000030517578,1004.1793823242188,25.489999771118164,-0.148531973361969,-0.4253160357475281,0,0,0.0,0.0,0.0,0,0,0.079226054251194,89.30999755859375,0.09344767779111862,0.9913938045501709,79.0,79.0,97.0,97.0,17389,17430,17419,17426,0,17430,STANDBY
4.800000190734863,1.0099999904632568,9.3100004196167,0.0,0.0,-181.39999389648438,1004.1787719726562,25.489999771118164,-0.10248029232025146,0.08320511132478714,0,0,0.0,0.0,0.0,0,0,0.09015167504549026,108.66000366210938,0.12051759660243988,0.9850764274597168,79.0,79.0,97.0,97.0,17489,17530,17506,17528,0,17530,STANDBY
-0.2199999988079071,1.4299999475479126,8.5,0.0,0.0,-291.3999938964844,1004.2045288085938,25.5,-0.2308196723461151,-0.1483316868543625,0,0,0.0,0.0,0.0,0,0,0.0712302029132843,138.3000030517578,0.15475936233997345,0.9666737914085388,79.0,79.0,97.0,97.0,17589,17630,17610,17616,0,17630,STANDBY
0.7900000214576721,-0.4099999964237213,10.550000190734863,-16.600000381469727,0.0,-188.1999969482422,1004.1861572265625,25.489999771118164,-0.19454503059387207,-0.45403754711151123,0,0,0.0,0.0,0.0,0,0,0.036011841148138046,151.1300048828125,0.16095462441444397,0.9727164506912231,78.0,78.0,97.0,97.0,17689,17730,17714,17721,0,17730,STANDBY
0.6399999856948853,5.119999885559082,10.569999694824219,-39.099998474121094,0.0,-142.60000610351562,1004.19287109375,25.489999771118164,-0.18619978427886963,0.03549008071422577,0,0,0.0,0.0,0.0,0,0,0.0028077028691768646,172.4499969482422,0.14868618547916412,0.9605395793914795,87.0,87.0,97.0,97.0,17789,17830,17816,17823,0,17830,STANDBY
0.6000000238418579,-0.949999988079071,8.420000076293945,-28.200000762939453,0.0,-254.8000030517578,1004.2064208984375,25.489999771118164,-0.25634121894836426,-0.10077794641256332,0,0,0.0,0.0,0.0,0,0,-0.01547288428992033,-164.0800018310547,0.1505172848701477,0.9421063661575317,90.0,90.0,97.0,97.0,17889,17930,17921,17928,0,17930,STANDBY
0.6600000262260437,-1.7100000381469727,10.720000267028809,-35.0,0.0,-161.1999969482422,1004.18359375,25.5,-0.1394490897655487,0.14216777682304382,0,0,0.0,0.0,0.0,0,0,-0.032197028398513794,-153.52000427246094,0.11532944440841675,0.9523606300354004,88.0,88.0,97.0,97.0,17989,18030,18008,18015,0,18030,STANDBY
-2.109999895095825,1.4299999475479126,11.319999694824219,-30.700000762939453,0.0,-164.1999969482422,1004.166748046875,25.5,-0.013315226882696152,0.9124501347541809,0,0,0.0,0.0,0.0,0,0,-0.0554521307349205,-125.93000030517578,0.08325449377298355,0.922666072845459,93.0,93.0,97.0,97.0,18089,18130,18112,18118,0,18130,STANDBY
1.3899999856948853,-1.7100000381469727,9.0600004196167,0.0,17.5,-267.1000061035156,1004.2037353515625,25.5,-0.18291732668876648,0.14339396357536316,0,0,0.0,0.0,0.0,0,0,-0.06958220154047012,-101.25,0.08389538526535034,0.8942228555679321,96.0,96.0,97.0,97.0,18189,18230,18215,18222,0,18230,STANDBY
0.8399999737739563,-2.2300000190734863,11.819999694824219,0.0,15.899999618530273,-79.19999694824219,1004.1951293945312,25.5,-0.19912540912628174,-0.6796309947967529,0,0,0.0,0.0,0.0,0,0,-0.058381907641887665,-95.33000183105469,0.05871761217713356,0.9326761960983276,81.0,81.0,97.0,97.0,18289,18330,18319,18326,0,18330,STANDBY
-0.6600000262260437,-3.1500000953674316,9.489999771118164,0.0,0.0,-323.6000061035156,1004.2059326171875,25.5,-0.2985158860683441,-0.7392251491546631,0,0,0.0,0.0,0.0,0,0,-0.04690694808959961,-64.66999816894531,0.03006073273718357,0.8727378249168396,76.0,76.0,97.0,97.0,18390,18430,18420,18427,0,18430,STANDBY
-0.6000000238418579,-0.9900000095367432,10.140000343322754,0.0,27.100000381469727,-299.8999938964844,1004.185791015625,25.5,-0.21696467697620392,-0.3325386047363281,0,0,0.0,0.0,0.0,0,0,-0.06735435128211975,-42.68000030517578,0.04257332161068916,0.8457289338111877,82.0,82.0,97.0,97.0,18490,18530,18522,18529,0,18530,STANDBY
3.450000047683716,-1.0399999618530273,9.050000190734863,-19.100000381469727,16.299999237060547,-98.4000015258789,1004.189208984375,25.5,-0.16232140362262726,0.519716739654541,0,0,0.0,0.0,0.0,0,0,-0.04293954372406006,-21.489999771118164,0.05081331729888916,0.8288826942443848,70.0,70.0,97.0,97.0,18590,18630,18609,18615,0,18630,STANDBY
1.6299999952316284,0.7400000095367432,9.8100004196167,-17.5,0.0,-286.8999938964844,1004.1790771484375,25.5,-0.11198452860116959,0.6018791198730469,0,0,0.0,0.0,0.0,0,0,-0.0007629627361893654,-6.860000133514404,0.062898650765419,0.8539078831672668,75.0,75.0,97.0,97.0,18690,18731,18712,18718,0,18731,STANDBY
1.940000057220459,-4.769999980926514,9.510000228881836,0.0,0.0,-159.0,1004.1838989257812,25.510000228881836,-0.09607906639575958,0.4031270742416382,0,0,0.0,0.0,0.0,0,0,0.016113772988319397,18.3700008392334,0.0791955292224884,0.8142338395118713,77.0,77.0,97.0,97.0,18790,18831,18816,18823,0,18831,STANDBY
3.0999999046325684,0.5699999928474426,8.899999618530273,-16.600000381469727,0.0,-157.3000030517578,1004.19140625,25.510000228881836,-0.1849679946899414,-0.20436273515224457,0,0,0.0,0.0,0.0,0,0,0.04345835745334625,44.9900016784668,0.07687612622976303,0.7597277760505676,71.0,71.0,97.0,97.0,18890,18931,18920,18926,0,18931,STANDBY
0.09000000357627869,0.7699999809265137,10.069999694824219,0.0,20.100000381469727,-239.5,1004.162353515625,25.520000457763672,-0.03659917786717415,0.037085920572280884,0,0,0.0,0.0,0.0,0,0,0.07083345949649811,55.16999816894531,0.12961210310459137,0.7698904275894165,72.0,72.0,97.0,97.0,18992,19031,19007,19013,0,19031,STANDBY
5.159999847412109,-0.25,8.9399995803833,0.0,27.299999237060547,-159.89999389648438,1004.1859130859375,25.520000457763672,-0.07203098386526108,0.5717055797576904,0,0,0.0,0.0,0.0,0,0,0.0873744934797287,78.51000213623047,0.1897030621767044,0.7212439179420471,83.0,83.0,97.0,97.0,19092,19131,19111,19118,0,19131,STANDBY
0.14000000059604645,0.3100000023841858,10.859999656677246,0.0,0.0,-134.1999969482422,1004.1851806640625,25.510000228881836,-0.11040900647640228,-0.0449792742729187,0,0,0.0,0.0,0.0,0,0,0.07629627734422684,107.12000274658203,0.2612079083919525,0.6225776076316833,84.0,84.0,97.0,97.0,19192,19231,19216,19222,0,19231,STANDBY
-0.9300000071525574,-1.1399999856948853,10.109999656677246,0.0,38.099998474121094,-327.29998779296875,1004.1859130859375,25.520000457763672,-0.11846616119146347,-0.2690202593803406,0,0,0.0,0.0,0.0,0,0,0.052735984325408936,125.44999694824219,0.34479811787605286,0.5632801055908203,86.0,86.0,97.0,97.0,19293,19331,19320,19328,0,19331,STANDBY
2.049999952316284,2.619999885559082,10.800000190734863,-23.600000381469727,22.200000762939453,-167.10000610351562,1004.2027587890625,25.520000457763672,-0.24348199367523193,-0.5811761021614075,0,0,0.0,0.0,0.0,0,0,0.022827845066785812,148.3800048828125,0.39466536045074463,0.4691915512084961,96.0,96.0,97.0,97.0,19393,19431,19407,19414,0,19431,STANDBY
-1.440000057220459,-2.5899999141693115,8.029999732971191,0.0,0.0,-224.0,1004.1967163085938,25.520000457763672,-0.24437789618968964,-0.6693943738937378,0,0,0.0,0.0,0.0,0,0,-0.002533036284148693,174.4600067138672,0.4270149767398834,0.34543901681900024,100.0,100.0,97.0,97.0,19493,19531,19512,19526,0,19531,STANDBY
-0.5,-2.630000114440918,10.989999771118164,-21.100000381469727,17.5,-250.3000030517578,1004.1615600585938,25.510000228881836,-0.04577356576919556,0.5105680227279663,0,0,0.0,0.0,0.0,0,0,-0.01815851405262947,-172.08999633789062,0.4513992667198181,0.28888821601867676,93.0,93.0,97.0,97.0,19593,19631,19616,19622,0,19631,STANDBY
-1.0700000524520874,0.3700000047683716,10.40999984741211,-21.799999237060547,0.0,-179.5,1004.1881103515625,25.510000228881836,-0.11423144489526749,0.7125591039657593,0,0,0.0,0.0,0.0,0,0,-0.10217597335577011,-143.75,0.44679099321365356,0.11645863205194473,92.0,92.0,97.0,97.0,19693,19731,19716,19723,0,19731,STANDBY
0.949999988079071,-2.869999885559082,8.880000114440918,0.0,0.0,-290.3999938964844,1004.192626953125,25.510000228881836,-0.15451325476169586,-0.12136651575565338,0,0,0.0,0.0,0.0,0,0,-0.11450544744729996,-115.98999786376953,0.4464247524738312,-0.05413983762264252,92.0,92.0,97.0,97.0,19793,19831,19820,19826,0,19831,STANDBY
2.2100000381469727,-2.490000009536743,11.630000114440918,0.0,0.0,-157.8000030517578,1004.179931640625,25.520000457763672,-0.0849839299917221,0.04730521887540817,0,0,0.0,0.0,0.0,0,0,-0.09909360110759735,-106.02999877929688,0.44889676570892334,-0.11984618753194809,90.0,90.0,97.0,97.0,19893,19931,19922,19929,0,19931,STANDBY
-0.6399999856948853,-0.5099999904632568,8.550000190734863,0.0,0.0,-223.3000030517578,1004.1851806640625,25.510000228881836,-0.08218590915203094,0.326028048992157,0,0,0.0,0.0,0.0,0,0,-0.15256202220916748,-78.81999969482422,0.42606890201568604,-0.317148357629776,83.0,83.0,97.0,97.0,19993,20031,20023,20029,0,20031,STANDBY
-0.11999999731779099,-0.49000000953674316,9.15999984741211,0.0,32.099998474121094,-269.8999938964844,1004.17919921875,25.520000457763672,-0.07390779256820679,0.10731295496225357,0,0,0.0,0.0,0.0,0,0,-0.11798455566167831,-63.099998474121094,0.44080933928489685,-0.430951863527298,88.0,88.0,97.0,97.0,20093,20131,20109,20116,0,20131,STANDBY
2.309999942779541,-0.699999988079071,9.399999618530273,0.0,26.200000762939453,-46.79999923706055,1004.1949462890625,25.520000457763672,-0.16548369824886322,-0.33298975229263306,0,0,0.0,0.0,0.0,0,0,-0.09045686572790146,-40.880001068115234,0.41291543841362,-0.6215094327926636,73.0,73.0,97.0,97.0,20193,20231,20213,20220,0,20231,STANDBY
1.5399999618530273,1.0499999523162842,10.789999961853027,-19.0,16.100000381469727,-244.39999389648438,1004.1900024414062,25.520000457763672,-0.1933102011680603,-0.6004146933555603,0,0,0.0,0.0,0.0,0,0,-0.07458724081516266,-30.010000228881836,0.3879818022251129,-0.7078157663345337,89.0,89.0,97.0,97.0,20293,20331,20313,20319,0,20331,STANDBY
0.07000000029802322,-2.859999895095825,10.449999809265137,-15.300000190734863,0.0,-180.39999389648438,1004.1824951171875,25.520000457763672,-0.09783852100372314,0.1349300891160965,0,0,0.0,0.0,0.0,0,0,-0.10983611643314362,-1.9500000476837158,0.27997681498527527,-0.8462477326393127,87.0,87.0,97.0,97.0,20393,20431,20417,20423,0,20431,STANDBY
0.7900000214576721,0.6899999976158142,8.199999809265137,-26.100000381469727,0.0,-303.70001220703125,1004.193359375,25.520000457763672,-0.17075809836387634,0.187465637922287,0,0,0.0,0.0,0.0,0,0,-0.13327433168888092,19.950000762939453,0.221778005361557,-0.9011200070381165,85.0,85.0,97.0,97.0,20493,20531,20504,20528,0,20531,STANDBY
0.03999999910593033,0.4099999964237213,10.390000343322754,0.0,0.0,-173.5,1004.1959228515625,25.520000457763672,-0.18152573704719543,-0.28429049253463745,0,0,0.0,0.0,0.0,0,0,-0.11401715129613876,32.880001068115234,0.15671254694461823,-0.9119541049003601,92.0,92.0,97.0,97.0,20593,20631,20608,20614,0,20631,STANDBY
3.700000047683716,-1.2300000190734863,9.890000343322754,0.0,0.0,-141.6999969482422,1004.1874389648438,25.520000457763672,-0.13243888318538666,0.10253699123859406,0,0,0.0,0.0,0.0,0,0,-0.11822870373725891,58.279998779296875,0.09189122915267944,-0.9508346915245056,92.0,92.0,97.0,97.0,20694,20731,20712,20718,0,20731,STANDBY
0.46000000834465027,0.5400000214576721,9.539999961853027,0.0,0.0,-286.29998779296875,1004.2042236328125,25.520000457763672,-0.23017442226409912,-0.15937896072864532,0,0,0.0,0.0,0.0,0,0,-0.11612293124198914,85.48999786376953,0.023590808734297752,-0.9790337681770325,91.0,91.0,97.0,97.0,20794,20831,20815,20822,0,20831,STANDBY
-0.20999999344348907,0.4300000071525574,10.720000267028809,0.0,0.0,-228.5,1004.1907958984375,25.520000457763672,-0.19641366600990295,-0.34928351640701294,0,0,0.0,0.0,0.0,0,0,-0.08255256712436676,101.70999908447266,-0.023194067180156708,-0.9835810661315918,96.0,96.0,97.0,97.0,20894,20931,20919,20925,0,20931,STANDBY
2.4100000858306885,2.509999990463257,10.029999732971191,0.0,0.0,-138.6999969482422,1004.1900024414062,25.520000457763672,-0.22913432121276855,-0.2175503820180893,0,0,0.0,0.0,0.0,0,0,-0.05685598403215408,126.16999816894531,-0.07409894466400146,-0.9924008846282959,96.0,96.0,97.0,97.0,20994,21031,21022,21028,0,21031,STANDBY
-0.7900000214576721,0.05000000074505806,9.380000114440918,0.0,0.0,-253.0,1004.1907958984375,25.520000457763672,-0.19620303809642792,-0.033614519983530045,0,0,0.0,0.0,0.0,0,0,-0.03717154636979103,146.25,-0.1035187840461731,-0.9938352704048157,100.0,100.0,97.0,97.0,21094,21131,21108,21114,0,21131,STANDBY
-1.100000023841858,-0.3400000035762787,12.15999984741211,0.0,0.0,-187.39999389648438,1004.1874389648438,25.520000457763672,-0.17525386810302734,0.26947903633117676,0,0,0.0,0.0,0.0,0,0,-0.0070192571729421616,159.19000244140625,-0.1116672232747078,-0.9937132000923157,102.0,102.0,97.0,97.0,21194,21231,21210,21217,0,21231,STANDBY
0.1599999964237213,2.5899999141693115,9.109999656677246,-25.899999618530273,0.0,-215.89999389648438,1004.2023315429688,25.530000686645508,-0.20714154839515686,0.11822536587715149,0,0,0.0,0.0,0.0,0,0,0.01907406933605671,-170.3800048828125,-0.10547196865081787,-0.9856258034706116,103.0,103.0,97.0,97.0,21294,21331,21314,21320,0,21331,STANDBY
0.5,-1.4600000381469727,8.59000015258789,0.0,0.0,-248.6999969482422,1004.1874389648438,25.520000457763672,-0.20317398011684418,-0.13929790258407593,0,0,0.0,0.0,0.0,0,0,0.03241065889596939,-151.13999938964844,-0.12283699959516525,-0.9779656529426575,103.0,103.0,97.0,97.0,21394,21431,21419,21425,0,21431,STANDBY
0.8399999737739563,-1.659999966621399,11.569999694824219,0.0,0.0,-118.69999694824219,1004.181396484375,25.520000457763672,-0.14810431003570557,0.06091838330030441,0,0,0.0,0.0,0.0,0,0,0.033722952008247375,-140.83999633789062,-0.1033051535487175,-0.982970654964447,99.0,99.0,97.0,97.0,21494,21532,21505,21529,0,21532,STANDBY
-1.340000033378601,-0.1899999976158142,10.220000267028809,0.0,0.0,-145.3000030517578,1004.1923217773438,25.530000686645508,-0.18836282193660736,0.154607355594635,0,0,0.0,0.0,0.0,0,0,0.04846339300274849,-109.94999694824219,-0.07043672353029251,-0.9480574727058411,87.0,87.0,97.0,97.0,21594,21632,21622,21628,0,21632,STANDBY
0.4000000059604645,-0.7099999785423279,8.600000381469727,0.0,19.0,-313.0,1004.1754760742188,25.530000686645508,-0.07698666304349899,0.3591903746128082,0,0,0.0,0.0,0.0,0,0,0.05801568552851677,-93.37000274658203,-0.0870998278260231,-0.9368572235107422,90.0,90.0,97.0,97.0,21694,21732,21708,21715,0,21732,STANDBY
0.8299999833106995,-0.5099999904632568,12.260000228881836,0.0,26.5,-46.099998474121094,1004.1773681640625,25.520000457763672,-0.027014266699552536,0.788987398147583,0,0,0.0,0.0,0.0,0,0,0.05945005640387535,-75.2699966430664,-0.07556383311748505,-0.9310587048530579,81.0,81.0,97.0,97.0,21794,21832,21813,21819,0,21832,STANDBY
0.550000011920929,1.2799999713897705,8.779999732971191,0.0,0.0,-331.20001220703125,1004.185546875,25.530000686645508,-0.10286398231983185,0.10146082192659378,0,0,0.0,0.0,0.0,0,0,0.045686207711696625,-50.779998779296875,-0.08630634844303131,-0.9030121564865112,89.0,89.0,97.0,97.0,21894,21932,21916,21922,0,21932,STANDBY
-1.2200000286102295,-1.8899999856948853,9.449999809265137,0.0,0.0,-196.3000030517578,1004.1795043945312,25.530000686645508,-0.1269347071647644,-0.5271331667900085,0,0,0.0,0.0,0.0,0,0,0.06427197903394699,-32.439998626708984,-0.10232856124639511,-0.903592050075531,100.0,100.0,97.0,97.0,21994,22032,22020,22026,0,22032,STANDBY
2.1500000953674316,-0.3100000023841858,10.069999694824219,-25.299999237060547,0.0,-72.5999984741211,1004.200439453125,25.530000686645508,-0.1862180531024933,-0.3815058767795563,0,0,0.0,0.0,0.0,0,0,0.020111698657274246,-7.300000190734863,-0.12549211084842682,-0.8901028633117676,88.0,88.0,97.0,97.0,22094,22132,22123,22130,0,22132,STANDBY
1.590000033378601,0.5600000023841858,9.649999618530273,-18.700000762939453,0.0,-221.8000030517578,1004.1945190429688,25.530000686645508,-0.1995081901550293,-0.2894991934299469,0,0,0.0,0.0,0.0,0,0,-0.02447584457695484,2.190000057220459,-0.16156499087810516,-0.9157994389533997,91.0,91.0,97.0,97.0,22194,22232,22210,22216,0,22232,STANDBY
2.0899999141693115,-2.569999933242798,10.170000076293945,0.0,0.0,-95.30000305175781,1004.1837768554688,25.530000686645508,-0.14207817614078522,0.005781978368759155,0,0,0.0,0.0,0.0,0,0,-0.050294503569602966,21.15999984741211,-0.1988280862569809,-0.9158604741096497,89.0,89.0,97.0,97.0,22294,22332,22315,22321,0,22332,STANDBY
2.0399999618530273,1.0199999809265137,11.069999694824219,-31.100000381469727,0.0,-237.0,1004.1945190429688,25.530000686645508,-0.19442561268806458,0.02972637303173542,0,0,0.0,0.0,0.0,0,0,-0.05475020781159401,47.779998779296875,-0.21753594279289246,-0.8987700939178467,93.0,93.0,97.0,97.0,22394,22432,22419,22425,0,22432,STANDBY
0.9100000262260437,0.3799999952316284,10.770000457763672,0.0,0.0,-178.8000030517578,1004.2173461914062,25.530000686645508,-0.3271249830722809,-0.640177845954895,0,0,0.0,0.0,0.0,0,0,-0.07315286993980408,57.7599983215332,-0.24478895962238312,-0.9165928959846497,103.0,103.0,97.0,97.0,22494,22532,22506,22530,0,22532,STANDBY
4.570000171661377,-0.550000011920929,8.960000038146973,0.0,0.0,-122.69999694824219,1004.1863403320312,25.530000686645508,-0.20505008101463318,-0.2616457939147949,0,0,0.0,0.0,0.0,0,0,-0.06491287052631378,83.44000244140625,-0.2783593237400055,-0.8980681896209717,101.0,101.0,97.0,97.0,22594,22632,22609,22617,0,22632,STANDBY
0.800000011920929,1.0800000429153442,8.90999984741211,0.0,0.0,-305.6000061035156,1004.1937255859375,25.530000686645508,-0.1786162555217743,0.5178825855255127,0,0,0.0,0.0,0.0,0,0,-0.05609302222728729,106.80999755859375,-0.31452375650405884,-0.8855250477790833,97.0,97.0,97.0,97.0,22694,22732,22714,22721,0,22732,STANDBY
1.4800000190734863,0.5899999737739563,10.619999885559082,0.0,0.0,-118.9000015258789,1004.1660766601562,25.530000686645508,-0.04473814368247986,0.7399572134017944,0,0,0.0,0.0,0.0,0,0,-0.04678487405180931,118.98999786376953,-0.3335673213005066,-0.9025238752365112,105.0,105.0,97.0,97.0,22794,22832,22818,22824,0,22832,STANDBY
3.4600000381469727,3.369999885559082,9.9399995803833,-24.100000381469727,0.0,-89.5999984741211,1004.1727905273438,25.530000686645508,-0.0390487015247345,0.6579376459121704,0,0,0.0,0.0,0.0,0,0,-0.014038514345884323,138.64999389648438,-0.32953885197639465,-0.9092990159988403,116.0,116.0,97.0,97.0,22894,22932,22923,22929,0,22932,STANDBY
1.190000057220459,1.5,7.840000152587891,-20.899999618530273,0.0,-292.70001220703125,1004.1776733398438,25.530000686645508,-0.039253246039152145,0.2810610234737396,0,0,0.0,0.0,0.0,0,0,-0.005493331700563431,153.4600067138672,-0.3272194564342499,-0.9158299565315247,115.0,115.0,97.0,97.0,22994,23032,23010,23016,0,23032,STANDBY
0.23000000417232513,0.03999999910593033,11.25,-17.200000762939453,0.0,-46.20000076293945,1004.1885986328125,25.540000915527344,-0.11319669336080551,-0.18479439616203308,0,0,0.0,0.0,0.0,0,0,0.03268532454967499,171.5800018310547,-0.2928556203842163,-0.9277626872062683,113.0,113.0,97.0,97.0,23094,23132,23114,23121,0,23132,STANDBY
0.8500000238418579,0.3400000035762787,7.820000171661377,-52.20000076293945,20.399999618530273,-302.8999938964844,1004.1825561523438,25.540000915527344,-0.11503210663795471,-0.39805012941360474,0,0,0.0,0.0,0.0,0,0,0.08355967700481415,-165.05999755859375,-0.23206274211406708,-0.9318826794624329,116.0,116.0,97.0,97.0,23194,23232,23219,23226,0,23232,STANDBY
-0.47999998927116394,0.9700000286102295,8.979999542236328,-26.5,0.0,-238.8000030517578,1004.1769409179688,25.530000686645508,-0.037645988166332245,0.21972273290157318,0,0,0.0,0.0,0.0,0,0,0.10525833815336227,-146.80999755859375,-0.21054719388484955,-0.9376506805419922,118.0,118.0,97.0,97.0,23294,23332,23324,23330,0,23332,STANDBY
0.05000000074505806,-2.819999933242798,9.359999656677246,0.0,0.0,-112.5999984741211,1004.1837768554688,25.530000686645508,-0.11701259016990662,0.03916550055146217,0,0,0.0,0.0,0.0,0,0,0.125888854265213,-124.1500015258789,-0.17157505452632904,-0.9247718453407288,107.0,107.0,97.0,97.0,23394,23432,23410,23417,0,23432,STANDBY
1.5299999713897705,-2.049999952316284,9.579999923706055,-19.899999618530273,15.800000190734863,-257.1000061035156,1004.1878051757812,25.530000686645508,-0.11680446565151215,-0.3128209114074707,0,0,0.0,0.0,0.0,0,0,0.12079226225614548,-109.69999694824219,-0.13312174379825592,-0.9408551454544067,103.0,103.0,97.0,97.0,23494,23532,23515,23527,0,23532,STANDBY
-0.6800000071525574,-2.299999952316284,10.880000114440918,0.0,0.0,-96.4000015258789,1004.1994018554688,25.540000915527344,-0.20701561868190765,-0.3683173656463623,0,0,0.0,0.0,0.0,0,0,0.10806604474782944,-91.19999694824219,-0.10678426176309586,-0.9459517002105713,99.0,99.0,97.0,97.0,23595,23632,23618,23624,0,23632,STANDBY
1.850000023841858,-1.75,9.359999656677246,0.0,35.70000076293945,-242.3000030517578,1004.20458984375,25.530000686645508,-0.24170605838298798,-0.5585678219795227,0,0,0.0,0.0,0.0,0,0,0.11017181724309921,-68.7300033569336,-0.09076204895973206,-0.9371013641357422,103.0,103.0,97.0,97.0,23695,23732,23721,23729,0,23732,STANDBY
1.2599999904632568,-0.8299999833106995,10.069999694824219,0.0,24.100000381469727,-119.5999984741211,1004.1710205078125,25.530000686645508,-0.11535020172595978,0.08782151341438293,0,0,0.0,0.0,0.0,0,0,0.09253212064504623,-56.63999938964844,-0.08627582341432571,-0.9595324397087097,101.0,101.0,97.0,97.0,23795,23832,23825,23831,0,23832,STANDBY
-0.9599999785423279,-4.010000228881836,8.489999771118164,0.0,0.0,-209.1999969482422,1004.1716918945312,25.540000915527344,-0.06048794090747833,0.6449058651924133,0,0,0.0,0.0,0.0,0,0,0.08417005091905594,-35.209999084472656,-0.0799279734492302,-0.9547410607337952,97.0,97.0,97.0,97.0,23895,23932,23911,23918,0,23932,STANDBY
1.7100000381469727,-0.7900000214576721,9.149999618530273,-38.79999923706055,15.199999809265137,-339.3999938964844,1004.1825561523438,25.540000915527344,-0.08250928670167923,0.4263770878314972,0,0,0.0,0.0,0.0,0,0,0.06762901693582535,-11.850000381469727,-0.04297006130218506,-0.9634082913398743,99.0,99.0,97.0,97.0,23995,24032,24015,24022,0,24032,STANDBY
1.7899999618530273,-0.8100000023841858,9.829999923706055,0.0,0.0,-122.4000015258789,1004.1724853515625,25.540000915527344,-0.05797901749610901,0.09005385637283325,0,0,0.0,0.0,0.0,0,0,0.016235847026109695,2.700000047683716,-0.0319833979010582,-0.9882808923721313,107.0,107.0,97.0,97.0,24095,24132,24119,24126,0,24132,STANDBY
4.289999961853027,-3.859999895095825,9.109999656677246,0.0,0.0,-160.5,1004.1851806640625,25.540000915527344,-0.12941277027130127,-0.22091254591941833,0,0,0.0,0.0,0.0,0,0,-0.025910215452313423,26.18000030517578,-0.024964140728116035,-0.9919736385345459,102.0,102.0,97.0,97.0,24195,24232,24223,24229,0,24232,STANDBY
3.440000057220459,-0.6800000071525574,9.010000228881836,0.0,0.0,-262.20001220703125,1004.1609497070312,25.530000686645508,0.0009270310401916504,0.15374499559402466,0,0,0.0,0.0,0.0,0,0,-0.06619464606046677,42.91999816894531,-0.021820735186338425,-0.9946287274360657,106.0,106.0,97.0,97.0,24295,24332,24309,24315,0,24332,STANDBY
3.140000104904175,1.0,11.130000114440918,0.0,34.20000076293945,-85.4000015258789,1004.2068481445312,25.540000915527344,-0.22387465834617615,-0.24411389231681824,0,0,0.0,0.0,0.0,0,0,-0.06561479717493057,57.040000915527344,-0.056672871112823486,-0.9959410429000854,110.0,110.0,97.0,97.0,24395,24432,24413,24419,0,24432,STANDBY
0.3199999928474426,0.7799999713897705,8.510000228881836,0.0,53.400001525878906,-206.10000610351562,1004.1859130859375,25.540000915527344,-0.14015769958496094,-0.5338858962059021,0,0,0.0,0.0,0.0,0,0,-0.028321176767349243,73.8499984741211,-0.09085360169410706,-0.9940794110298157,110.0,110.0,97.0,97.0,24495,24532,24499,24526,0,24532,STANDBY
0.5899999737739563,0.7699999809265137,9.170000076293945,-40.20000076293945,33.0,-137.10000610351562,1004.1716918945312,25.540000915527344,-0.07322296500205994,0.34175774455070496,0,0,0.0,0.0,0.0,0,0,0.0068666646257042885,91.19000244140625,-0.09311196953058243,-0.9945676922798157,103.0,103.0,97.0,97.0,24595,24632,24614,24621,0,24632,STANDBY
-1.1699999570846558,-0.9100000262260437,12.100000381469727,-36.400001525878906,0.0,-110.69999694824219,1004.1892700195312,25.540000915527344,-0.16148926317691803,-0.020499736070632935,0,0,0.0,0.0,0.0,0,0,0.030762657523155212,112.63999938964844,-0.07605212926864624,-0.9945982098579407,100.0,100.0,97.0,97.0,24695,24732,24718,24725,0,24732,STANDBY
0.7099999785423279,-1.8700000047683716,10.5,0.0,0.0,-83.4000015258789,1004.1859130859375,25.540000915527344,-0.15451496839523315,-0.2963758111000061,0,0,0.0,0.0,0.0,0,0,0.01590014435350895,118.12999725341797,-0.06613361090421677,-0.9771721363067627,120.0,120.0,97.0,97.0,24795,24832,24822,24828,0,24832,STANDBY
0.7900000214576721,-1.100000023841858,7.579999923706055,27.799999237060547,0.0,0.0,1004.1934204101562,25.540000915527344,-0.16038577258586884,0.0045308503322303295,0,0,0.0,0.0,0.0,0,0,-0.002685628831386566,121.51000213623047,-0.07214576005935669,-0.9518112540245056,114.0,114.0,97.0,97.0,24895,24932,24908,24915,0,24932,STANDBY
-1.4600000381469727,-0.33000001311302185,9.359999656677246,30.0,0.0,-46.0,1004.1942138671875,25.540000915527344,-0.20970018208026886,-0.20536288619041443,0,0,0.0,0.0,0.0,0,0,0.013916440308094025,123.87999725341797,-0.0872829407453537,-0.9180272817611694,102.0,102.0,97.0,97.0,24995,25032,25013,25019,0,25032,STANDBY
-0.07000000029802322,0.7900000214576721,10.369999885559082,0.0,0.0,0.0,1004.197509765625,25.540000915527344,-0.22368492186069489,-0.3367197513580322,0,0,0.0,0.0,0.0,0,0,0.024994660168886185,127.54000091552734,-0.08948027342557907,-0.8955656886100769,103.0,103.0,97.0,97.0,25096,25132,25116,25122,0,25132,STANDBY
0.15000000596046448,0.8299999833106995,9.479999542236328,0.0,0.0,0.0,1004.2001342773438,25.540000915527344,-0.20709523558616638,0.029018566012382507,0,0,0.0,0.0,0.0,0,0,0.023255104199051857,127.54000091552734,-0.08963286131620407,-0.8676717281341553,103.0,103.0,97.0,97.0,25196,25232,25219,25226,0,25232,STANDBY
0.6399999856948853,0.5299999713897705,9.289999961853027,0.0,0.0,0.0,1004.197509765625,25.540000915527344,-0.22187216579914093,0.01491525862365961,0,0,0.0,0.0,0.0,0,0,0.017059847712516785,127.54000091552734,-0.0870387926697731,-0.8454237580299377,100.0,100.0,97.0,97.0,25296,25332,25322,25328,0,25332,STANDBY
0.6700000166893005,0.3100000023841858,9.890000343322754,0.0,0.0,0.0,1004.1747436523438,25.549999237060547,-0.06420790404081345,0.507428765296936,0,0,0.0,0.0,0.0,0,0,0.008453627116978168,127.54000091552734,-0.08197271823883057,-0.8273568153381348,101.0,101.0,97.0,97.0,25396,25432,25424,25431,0,25432,STANDBY
0.8700000047683716,0.5199999809265137,9.9399995803833,0.0,0.0,0.0,1004.200927734375,25.540000915527344,-0.17251624166965485,0.39895370602607727,0,0,0.0,0.0,0.0,0,0,0.0019226660951972008,127.54000091552734,-0.0797143504023552,-0.8165837526321411,102.0,102.0,97.0,97.0,25496,25532,25509,25528,0,25532,STANDBY
0.8399999737739563,0.5199999809265137,9.65999984741211,0.0,0.0,0.0,1004.1983032226562,25.549999237060547,-0.21901127696037292,-0.5315829515457153,0,0,0.0,0.0,0.0,0,0,-0.0044862208887934685,127.54000091552734,-0.079348124563694,-0.8061769604682922,103.0,103.0,97.0,97.0,25596,25632,25613,25619,0,25632,STANDBY
0.5600000023841858,0.5099999904632568,9.430000305175781,0.0,0.0,0.0,1004.1875,25.540000915527344,-0.17858728766441345,-0.2793983817100525,0,0,0.0,0.0,0.0,0,0,-0.006317331455647945,127.54000091552734,-0.07684560865163803,-0.7976622581481934,103.0,103.0,97.0,97.0,25696,25732,25715,25721,0,25732,STANDBY
0.1599999964237213,0.28999999165534973,9.729999542236328,0.0,0.0,0.0,1004.1740112304688,25.540000915527344,-0.09114417433738708,0.3904566764831543,0,0,0.0,0.0,0.0,0,0,-0.003936887718737125,127.54000091552734,-0.07077242434024811,-0.790520966053009,102.0,102.0,97.0,97.0,25796,25832,25818,25825,0,25832,STANDBY
0.009999999776482582,-0.07000000029802322,10.0,0.0,0.0,0.0,1004.203125,25.549999237060547,-0.20610357820987701,0.09695518016815186,0,0,0.0,0.0,0.0,0,0,-0.00045777764171361923,127.54000091552734,-0.059785760939121246,-0.7853633165359497,100.0,100.0,97.0,97.0,25896,25932,25921,25927,0,25932,STANDBY
-0.07999999821186066,0.019999999552965164,9.819999694824219,0.0,0.0,0.0,1004.1754760742188,25.549999237060547,-0.15383857488632202,-0.32452279329299927,0,0,0.0,0.0,0.0,0,0,0.005340739153325558,127.54000091552734,-0.04846339300274849,-0.7801751494407654,97.0,97.0,97.0,97.0,25996,26032,26023,26031,0,26032,STANDBY
-0.10000000149011612,0.20000000298023224,9.569999694824219,0.0,0.0,0.0,1004.1821899414062,25.549999237060547,-0.12940272688865662,0.12375989556312561,0,0,0.0,0.0,0.0,0,0,0.011078218929469585,127.54000091552734,-0.04290902614593506,-0.7775810956954956,95.0,95.0,97.0,97.0,26096,26132,26109,26116,0,26132,STANDBY
0.05000000074505806,0.46000000834465027,9.649999618530273,0.0,0.0,0.0,1004.1856079101562,25.549999237060547,-0.10560410469770432,0.41499125957489014,0,0,0.0,0.0,0.0,0,0,0.018646810203790665,127.54000091552734,-0.04037598893046379,-0.7772759199142456,94.0,94.0,97.0,97.0,26196,26232,26212,26218,0,26232,STANDBY
0.12999999523162842,0.6399999856948853,9.739999771118164,0.0,0.0,0.0,1004.1904907226562,25.549999237060547,-0.17375868558883667,-0.07832340896129608,0,0,0.0,0.0,0.0,0,0,0.02526932582259178,127.54000091552734,-0.041688285768032074,-0.7767266035079956,94.0,94.0,97.0,97.0,26296,26332,26314,26321,0,26332,STANDBY
-0.05000000074505806,0.5699999928474426,9.90999984741211,0.0,0.0,0.0,1004.1695556640625,25.549999237060547,-0.06203363090753555,0.03253532201051712,0,0,0.0,0.0,0.0,0,0,0.03021332435309887,127.54000091552734,-0.04275643080472946,-0.7757499814033508,94.0,94.0,97.0,97.0,26396,26432,26418,26424,0,26432,STANDBY
-0.18000000715255737,0.6600000262260437,9.779999732971191,0.0,0.0,0.0,1004.17626953125,25.549999237060547,-0.06582839787006378,0.4416354298591614,0,0,0.0,0.0,0.0,0,0,0.03677480295300484,127.54000091552734,-0.041596729308366776,-0.7752617001533508,95.0,95.0,97.0,97.0,26496,26532,26503,26527,0,26532,STANDBY
0.8899999856948853,0.5400000214576721,9.15999984741211,0.0,-15.399999618530273,233.8000030517578,1004.1620483398438,25.549999237060547,0.013231638818979263,0.40957731008529663,0,0,0.0,0.0,0.0,0,0,0.026551103219389915,114.37000274658203,-0.055207982659339905,-0.6991790533065796,95.0,95.0,97.0,97.0,26596,26632,26624,26630,0,26632,STANDBY
-0.7799999713897705,0.0,9.15999984741211,0.0,-20.799999237060547,154.89999389648438,1004.1687622070312,25.549999237060547,0.01981610804796219,0.455647349357605,0,0,0.0,0.0,0.0,0,0,0.016266366466879845,94.87999725341797,-0.06122013181447983,-0.5861384868621826,94.0,94.0,97.0,97.0,26696,26732,26710,26716,0,26732,STANDBY
-0.05000000074505806,1.190000057220459,10.680000305175781,17.100000381469727,0.0,261.20001220703125,1004.1754760742188,25.549999237060547,-0.023905783891677856,0.030017033219337463,0,0,0.0,0.0,0.0,0,0,0.02533036284148693,78.01000213623047,-0.038544878363609314,-0.4998016357421875,92.0,92.0,97.0,97.0,26796,26832,26813,26819,0,26832,STANDBY
2.799999952316284,-3.0199999809265137,11.40999984741211,24.100000381469727,0.0,202.1999969482422,1004.157958984375,25.549999237060547,0.05135318264365196,0.05022735148668289,0,0,0.0,0.0,0.0,0,0,0.04110843315720558,50.150001525878906,-0.059205908328294754,-0.33149203658103943,105.0,105.0,97.0,97.0,26896,26932,26915,26923,0,26932,STANDBY
3.059999942779541,-0.7099999785423279,9.9399995803833,0.0,-23.600000381469727,238.8000030517578,1004.1459350585938,25.549999237060547,0.15684641897678375,0.6667159199714661,0,0,0.0,0.0,0.0,0,0,0.020996734499931335,29.530000686645508,-0.0791344940662384,-0.2298043817281723,120.0,120.0,97.0,97.0,26996,27032,27019,27026,0,27032,STANDBY
1.309999942779541,1.899999976158142,8.510000228881836,-18.899999618530273,-17.600000381469727,195.5,1004.1729125976562,25.549999237060547,-0.009795106016099453,-0.04942461848258972,0,0,0.0,0.0,0.0,0,0,-0.01309244055300951,2.809999942779541,-0.11764885485172272,-0.056764427572488785,114.0,114.0,97.0,97.0,27096,27132,27121,27127,0,27132,STANDBY
3.0299999713897705,-0.009999999776482582,11.010000228881836,-15.899999618530273,15.800000190734863,111.4000015258789,1004.1844482421875,25.559999465942383,-0.10137638449668884,-0.9989592432975769,0,0,0.0,0.0,0.0,0,0,-0.041688285768032074,-2.5,-0.1273842602968216,-0.05621509626507759,126.0,126.0,97.0,97.0,27196,27232,27207,27214,0,27232,STANDBY
-1.3700000047683716,-3.75,9.6899995803833,0.0,27.299999237060547,182.1999969482422,1004.1743774414062,25.559999465942383,-0.04851866513490677,-0.36403435468673706,0,0,0.0,0.0,0.0,0,0,-0.10403759777545929,-23.450000762939453,-0.11709952354431152,0.08365123718976974,133.0,133.0,97.0,97.0,27296,27332,27312,27318,0,27332,STANDBY
-0.009999999776482582,-2.0399999618530273,8.930000305175781,0.0,21.100000381469727,326.29998779296875,1004.1785278320312,25.559999465942383,-0.08479809761047363,-0.03284868225455284,0,0,0.0,0.0,0.0,0,0,-0.14398632943630219,-50.119998931884766,-0.048646505922079086,0.3266701400279999,134.0,134.0,97.0,97.0,27396,27432,27416,27422,0,27432,STANDBY
-0.10999999940395355,-0.46000000834465027,9.760000228881836,0.0,0.0,30.700000762939453,1004.1844482421875,25.559999465942383,-0.11142347753047943,-0.23985540866851807,0,0,0.0,0.0,0.0,0,0,-0.10217597335577011,-63.040000915527344,0.052888575941324234,0.538865327835083,127.0,127.0,97.0,97.0,27496,27532,27502,27527,0,27532,STANDBY
-1.2200000286102295,-2.190000057220459,8.399999618530273,0.0,0.0,215.39999389648438,1004.1716918945312,25.559999465942383,-0.0455549955368042,0.10022130608558655,0,0,0.0,0.0,0.0,0,0,-0.06985686719417572,-83.11000061035156,0.13663136959075928,0.8172246217727661,132.0,132.0,97.0,97.0,27596,27632,27624,27630,0,27632,STANDBY
-2.8399999141693115,-0.7300000190734863,10.5600004196167,0.0,0.0,142.0,1004.1575927734375,25.559999465942383,0.00020029768347740173,0.3172605633735657,0,0,0.0,0.0,0.0,0,0,-0.0713827908039093,-96.02999877929688,0.16412854194641113,0.9268471598625183,132.0,132.0,97.0,97.0,27696,27732,27710,27716,0,27732,STANDBY
-0.6899999976158142,-1.3600000143051147,7.079999923706055,0.0,0.0,317.20001220703125,1004.1759643554688,25.559999465942383,-0.026878342032432556,0.20991024374961853,0,0,0.0,0.0,0.0,0,0,-0.04290902614593506,-124.2699966430664,0.15652944147586823,0.9866939187049866,132.0,132.0,97.0,97.0,27796,27832,27812,27819,0,27832,STANDBY
-0.8799999952316284,0.0,10.979999542236328,0.0,-20.100000381469727,154.39999389648438,1004.1934204101562,25.559999465942383,-0.0972670316696167,-0.08079129457473755,0,0,0.0,0.0,0.0,0,0,-0.008850367739796638,-138.99000549316406,0.13776054978370667,0.9784844517707825,126.0,126.0,97.0,97.0,27896,27932,27915,27921,0,27932,STANDBY
0.3199999928474426,2.130000114440918,10.640000343322754,0.0,-23.700000762939453,189.39999389648438,1004.1810913085938,25.559999465942383,-0.1060941219329834,-0.3989553451538086,0,0,0.0,0.0,0.0,0,0,0.03387554734945297,-165.0500030517578,0.12326426059007645,0.9154942631721497,126.0,126.0,97.0,97.0,27997,28032,28018,28025,0,28032,STANDBY
0.0,1.2300000190734863,9.420000076293945,0.0,-15.399999618530273,278.0,1004.17919921875,25.559999465942383,-0.09417223930358887,-0.21310818195343018,0,0,0.0,0.0,0.0,0,0,0.05871761217713356,170.80999755859375,0.10660115629434586,0.825922429561615,135.0,135.0,97.0,97.0,28097,28132,28123,28129,0,28132,STANDBY
1.3799999952316284,0.2199999988079071,9.319999694824219,0.0,0.0,48.5,1004.1564331054688,25.559999465942383,0.05761686712503433,0.588945746421814,0,0,0.0,0.0,0.0,0,0,0.06942960619926453,158.13999938964844,0.09646900743246078,0.7748344540596008,117.0,117.0,97.0,97.0,28197,28232,28222,28228,0,28232,STANDBY
-0.6600000262260437,-0.550000011920929,9.789999961853027,0.0,0.0,198.89999389648438,1004.1617431640625,25.559999465942383,0.06357733905315399,0.7672725319862366,0,0,0.0,0.0,0.0,0,0,0.07623523473739624,145.0,0.07043672353029251,0.7249061465263367,122.0,122.0,97.0,97.0,28297,28332,28308,28314,0,28332,STANDBY
2.5399999618530273,-0.23000000417232513,10.869999885559082,0.0,0.0,190.8000030517578,1004.1617431640625,25.559999465942383,0.06799747049808502,0.24251751601696014,0,0,0.0,0.0,0.0,0,0,0.08218634873628616,121.77999877929688,0.05896176025271416,0.6140934228897095,121.0,121.0,97.0,97.0,28397,28432,28411,28418,0,28432,STANDBY
1.2200000286102295,0.4699999988079071,9.289999961853027,0.0,0.0,270.3999938964844,1004.164306640625,25.559999465942383,0.04254486784338951,-0.04610782116651535,0,0,0.0,0.0,0.0,0,0,0.08069094270467758,103.23999786376953,0.04660176485776901,0.5232398509979248,124.0,124.0,97.0,97.0,28497,28532,28497,28526,0,28532,STANDBY
0.07999999821186066,-0.7200000286102295,10.90999984741211,0.0,0.0,55.099998474121094,1004.17919921875,25.559999465942383,-0.013305366039276123,-0.2472202628850937,0,0,0.0,0.0,0.0,0,0,0.07501449435949326,82.66999816894531,0.01974547654390335,0.4297921657562256,118.0,118.0,97.0,97.0,28597,28632,28616,28622,0,28632,STANDBY
1.5,-0.3700000047683716,9.760000228881836,0.0,0.0,204.60000610351562,1004.170654296875,25.56999969482422,-0.028970614075660706,-0.3648383617401123,0,0,0.0,0.0,0.0,0,0,0.044068727642297745,63.2400016784668,0.003936887718737125,0.34525591135025024,131.0,131.0,97.0,97.0,28697,28732,28720,28726,0,28732,STANDBY
1.8700000047683716,-1.2699999809265137,10.0,0.0,-33.79999923706055,239.8000030517578,1004.1598510742188,25.559999465942383,0.029549304395914078,-0.059252992272377014,0,0,0.0,0.0,0.0,0,0,0.05639820545911789,43.34000015258789,0.012024292722344398,0.25913265347480774,140.0,140.0,97.0,97.0,28797,28832,28823,28829,0,28832,STANDBY
-0.25999999046325684,-0.5699999928474426,7.199999809265137,0.0,-67.69999694824219,163.89999389648438,1004.1504516601562,25.56999969482422,0.11365935206413269,0.5512258410453796,0,0,0.0,0.0,0.0,0,0,0.07269509136676788,21.899999618530273,0.04983672499656677,0.1353495866060257,129.0,129.0,61.0,61.0,28897,28932,28922,28929,0,28932,STANDBY
1.850000023841858,-1.7100000381469727,8.890000343322754,-19.100000381469727,-73.19999694824219,121.5,1004.1754760742188,25.56999969482422,-0.001689394935965538,0.10920093953609467,0,0,0.0,0.0,0.0,0,0,0.10568559914827347,13.420000076293945,0.08957182615995407,0.1345866322517395,119.0,119.0,61.0,61.0,28997,29032,29009,29016,0,29032,STANDBY
4.21999979019165,-3.5399999618530273,9.229999542236328,-18.799999237060547,-68.0,106.0,1004.2031860351562,25.56999969482422,-0.16613969206809998,-0.9244773983955383,0,0,0.0,0.0,0.0,0,0,0.17896054685115814,-5.050000190734863,0.16864527761936188,0.05719168856739998,127.0,127.0,61.0,61.0,29097,29132,29114,29120,0,29132,STANDBY
3.130000114440918,-5.409999847412109,8.609999656677246,0.0,-36.0,107.19999694824219,1004.1680297851562,25.56999969482422,-0.058491501957178116,-0.568807065486908,0,0,0.0,0.0,0.0,0,0,0.25772881507873535,-9.180000305175781,0.23346659541130066,0.0552690215408802,136.0,136.0,61.0,61.0,29197,29232,29216,29222,0,29232,STANDBY
4.28000020980835,-5.110000133514404,6.610000133514404,-22.100000381469727,0.0,208.1999969482422,1004.1688232421875,25.56999969482422,-0.012701364234089851,0.35576945543289185,0,0,0.0,0.0,0.0,0,0,0.3885311484336853,-32.029998779296875,0.2532120645046234,-0.1032441183924675,136.0,136.0,61.0,61.0,29297,29332,29321,29328,0,29332,STANDBY
3.5799999237060547,-5.090000152587891,9.239999771118164,0.0,18.299999237060547,59.900001525878906,1004.1939086914062,25.579999923706055,-0.1473771631717682,-0.1255505532026291,0,0,0.0,0.0,0.0,0,0,0.4206671416759491,-38.65999984741211,0.2713705897331238,-0.13336588442325592,147.0,147.0,61.0,61.0,29398,29432,29409,29415,0,29432,STANDBY
-2.059999942779541,-5.159999847412109,9.680000305175781,38.400001525878906,0.0,135.39999389648438,1004.1796875,25.56999969482422,-0.12309610098600388,-0.5099235773086548,0,0,0.0,0.0,0.0,0,0,0.4442884624004364,-55.66999816894531,0.24243904650211334,-0.2537614107131958,160.0,160.0,61.0,61.0,29498,29532,29513,29530,0,29532,STANDBY
-2.1500000953674316,-3.9700000286102295,9.109999656677246,21.700000762939453,0.0,299.0,1004.1788940429688,25.56999969482422,-0.07162447273731232,0.16479037702083588,0,0,0.0,0.0,0.0,0,0,0.45713675022125244,-76.7699966430664,0.18857386708259583,-0.4201788306236267,155.0,155.0,61.0,61.0,29598,29632,29618,29624,0,29632,STANDBY
-1.1799999475479126,-2.390000104904175,8.720000267028809,-19.100000381469727,21.5,124.0999984741211,1004.1939086914062,25.579999923706055,-0.16702060401439667,-0.047363899648189545,0,0,0.0,0.0,0.0,0,0,0.43269142508506775,-100.95999908447266,0.14001892507076263,-0.6492507457733154,146.0,146.0,61.0,61.0,29698,29732,29722,29728,0,29732,STANDBY
-2.809999942779541,-2.0999999046325684,7.75,-24.899999618530273,21.700000762939453,182.10000610351562,1004.1837768554688,25.579999923706055,-0.14064043760299683,-0.3377382159233093,0,0,0.0,0.0,0.0,0,0,0.40180668234825134,-113.79000091552734,0.10367137938737869,-0.8023011088371277,138.0,138.0,61.0,61.0,29798,29832,29809,29816,0,29832,STANDBY
-5.099999904632568,-0.27000001072883606,8.960000038146973,-27.0,42.099998474121094,51.0,1004.18115234375,25.579999923706055,-0.09816893935203552,0.18379507958889008,0,0,0.0,0.0,0.0,0,0,0.36976227164268494,-128.63999938964844,0.02450636401772499,-0.9199804663658142,128.0,128.0,61.0,61.0,29898,29932,29914,29920,0,29932,STANDBY
-6.809999942779541,-0.8799999952316284,7.670000076293945,0.0,28.0,247.39999389648438,1004.1837768554688,25.579999923706055,-0.15111777186393738,-0.02996436133980751,0,0,0.0,0.0,0.0,0,0,0.3413495421409607,-150.02999877929688,-0.07260353118181229,-0.9200109839439392,125.0,125.0,61.0,61.0,29998,30032,30017,30024,0,30032,STANDBY
-5.869999885559082,1.6799999475479126,8.680000305175781,17.399999618530273,0.0,73.5,1004.2106323242188,25.579999923706055,-0.28336769342422485,-0.6962872743606567,0,0,0.0,0.0,0.0,0,0,0.3322855234146118,-165.0,-0.0798364207148552,-0.8892483115196228,143.0,143.0,61.0,61.0,30098,30132,30121,30128,0,30132,STANDBY
-6.309999942779541,0.8700000047683716,7.440000057220459,0.0,-51.29999923706055,195.8000030517578,1004.2047119140625,25.579999923706055,-0.2944396734237671,-0.6722250580787659,0,0,0.0,0.0,0.0,0,0,0.2853480577468872,-174.3300018310547,-0.0791955292224884,-0.8898587226867676,148.0,148.0,61.0,61.0,30198,30232,30209,30215,0,30232,STANDBY
-1.909999966621399,4.960000038146973,8.920000076293945,0.0,-61.70000076293945,118.9000015258789,1004.201416015625,25.579999923706055,-0.2901126742362976,-0.26002222299575806,0,0,0.0,0.0,0.0,0,0,0.20285652577877045,167.6300048828125,-0.13898129761219025,-0.8707846403121948,152.0,152.0,61.0,61.0,30298,30332,30313,30319,0,30332,STANDBY
-0.7200000286102295,5.730000019073486,8.329999923706055,-16.299999237060547,-36.599998474121094,172.1999969482422,1004.1860961914062,25.579999923706055,-0.1949845850467682,0.3011021912097931,0,0,0.0,0.0,0.0,0,0,0.10757774859666824,149.74000549316406,-0.21063874661922455,-0.8378856778144836,154.0,154.0,61.0,61.0,30398,30432,30417,30424,0,30432,STANDBY
1.6799999475479126,3.2300000190734863,6.920000076293945,0.0,0.0,50.70000076293945,1004.16845703125,25.579999923706055,-0.09417901933193207,0.7548025250434875,0,0,0.0,0.0,0.0,0,0,0.027283547446131706,134.36000061035156,-0.2386242300271988,-0.8017212152481079,140.0,140.0,61.0,61.0,30498,30534,30504,30534,0,30534,STANDBY
1.350000023841858,3.799999952316284,9.550000190734863,0.0,0.0,65.80000305175781,1004.1651000976562,25.579999923706055,-0.011788152158260345,0.8961187601089478,0,0,0.0,0.0,0.0,0,0,-0.02618488110601902,128.47000122070312,-0.25748467445373535,-0.8159428834915161,136.0,136.0,61.0,61.0,30598,30635,30626,30632,0,30635,STANDBY
1.2599999904632568,3.3299999237060547,8.300000190734863,0.0,0.0,195.1999969482422,1004.1759643554688,25.579999923706055,-0.07364721596240997,0.3587379455566406,0,0,0.0,0.0,0.0,0,0,-0.07251197844743729,117.9000015258789,-0.25125887989997864,-0.7941526770591736,133.0,133.0,61.0,61.0,30698,30735,30713,30720,0,30735,STANDBY
6.639999866485596,1.3700000047683716,10.649999618530273,0.0,21.399999618530273,139.10000610351562,1004.1867065429688,25.59000015258789,-0.12573090195655823,-0.3178984224796295,0,0,0.0,0.0,0.0,0,0,-0.1189001128077507,93.62999725341797,-0.23218482732772827,-0.6982940435409546,135.0,135.0,61.0,61.0,30798,30835,30816,30822,0,30835,STANDBY
5.119999885559082,2.4100000858306885,9.289999961853027,0.0,0.0,198.8000030517578,1004.1845092773438,25.579999923706055,-0.13127964735031128,-0.27843543887138367,0,0,0.0,0.0,0.0,0,0,-0.17981505393981934,79.63999938964844,-0.2383190393447876,-0.6508072018623352,145.0,145.0,61.0,61.0,30898,30935,30919,30925,0,30935,STANDBY
3.380000114440918,2.0999999046325684,10.619999885559082,0.0,0.0,156.3000030517578,1004.1867065429688,25.59000015258789,-0.16439178586006165,-0.2636280059814453,0,0,0.0,0.0,0.0,0,0,-0.23233741521835327,57.400001525878906,-0.22360911965370178,-0.5532395243644714,154.0,154.0,61.0,61.0,30998,31035,31023,31029,0,31035,STANDBY
3.940000057220459,0.9200000166893005,7.710000038146973,0.0,31.0,208.3000030517578,1004.1860961914062,25.579999923706055,-0.18880490958690643,-0.3453080654144287,0,0,0.0,0.0,0.0,0,0,-0.2548600733280182,46.81999969482422,-0.20236822962760925,-0.5330668091773987,164.0,164.0,61.0,61.0,31098,31135,31125,31132,0,31135,STANDBY
3.5999999046325684,-2.990000009536743,9.960000038146973,19.299999237060547,31.399999618530273,106.5,1004.1867065429688,25.59000015258789,-0.17475539445877075,-0.113976389169693,0,0,0.0,0.0,0.0,0,0,-0.28009888529777527,30.989999771118164,-0.17935727536678314,-0.46592608094215393,165.0,165.0,61.0,61.0,31198,31235,31212,31218,0,31235,STANDBY
2.930000066757202,-1.590000033378601,8.520000457763672,21.0,0.0,338.6000061035156,1004.1841430664062,25.59000015258789,-0.14377760887145996,0.21406957507133484,0,0,0.0,0.0,0.0,0,0,-0.3089693784713745,7.599999904632568,-0.12445448338985443,-0.3494979739189148,165.0,165.0,61.0,61.0,31298,31335,31315,31322,0,31335,STANDBY
1.9199999570846558,-0.6399999856948853,9.270000457763672,0.0,0.0,81.5,1004.2017211914062,25.59000015258789,-0.22747230529785156,-0.08930284529924393,0,0,0.0,0.0,0.0,0,0,-0.32044434547424316,-12.979999542236328,-0.10745567083358765,-0.23633533716201782,160.0,160.0,61.0,61.0,31398,31435,31416,31423,0,31435,STANDBY
2.509999990463257,-1.659999966621399,11.020000457763672,15.800000190734863,0.0,176.1999969482422,1004.191650390625,25.59000015258789,-0.20286396145820618,-0.2577154040336609,0,0,0.0,0.0,0.0,0,0,-0.32203131914138794,-23.780000686645508,-0.11508529633283615,-0.2154606729745865,173.0,173.0,61.0,61.0,31498,31535,31504,31526,0,31535,STANDBY
1.350000023841858,-2.1700000762939453,10.760000228881836,17.399999618530273,0.0,87.19999694824219,1004.1699829101562,25.59000015258789,-0.10048718750476837,0.29753226041793823,0,0,0.0,0.0,0.0,0,0,-0.3108615279197693,-42.959999084472656,-0.14877773821353912,-0.1423993706703186,190.0,190.0,61.0,61.0,31598,31635,31626,31632,0,31635,STANDBY
0.33000001311302185,-3.259999990463257,8.390000343322754,0.0,0.0,252.10000610351562,1004.1632080078125,25.59000015258789,0.008355323225259781,0.8903559446334839,0,0,0.0,0.0,0.0,0,0,-0.3198034465312958,-59.40999984741211,-0.14844202995300293,-0.04690694808959961,194.0,194.0,61.0,61.0,31698,31735,31713,31719,0,31735,STANDBY
1.2200000286102295,-2.2200000286102295,9.720000267028809,18.299999237060547,20.899999618530273,57.70000076293945,1004.1673583984375,25.59000015258789,0.006690158508718014,0.7117136716842651,0,0,0.0,0.0,0.0,0,0,-0.31373026967048645,-76.0,-0.11981566995382309,0.08401745557785034,190.0,190.0,61.0,61.0,31798,31835,31812,31818,0,31835,STANDBY
1.3799999952316284,-3.1700000762939453,9.520000457763672,32.599998474121094,0.0,221.0,1004.174072265625,25.59000015258789,-0.029205696657299995,0.0419301763176918,0,0,0.0,0.0,0.0,0,0,-0.25757622718811035,-89.2300033569336,-0.1344035118818283,0.23349711298942566,213.0,213.0,61.0,61.0,31898,31935,31917,31923,0,31935,STANDBY
-1.690000057220459,-1.309999942779541,10.4399995803833,37.0,0.0,167.6999969482422,1004.1856079101562,25.59000015258789,-0.1264422982931137,-0.5192191004753113,0,0,0.0,0.0,0.0,0,0,-0.1825617253780365,-107.22000122070312,-0.060792870819568634,0.5086214542388916,217.0,217.0,61.0,61.0,31998,32035,32021,32027,0,32035,STANDBY
-0.009999999776482582,0.10999999940395355,6.929999828338623,45.5,0.0,264.79998779296875,1004.1673583984375,25.59000015258789,-0.03731464594602585,-0.22042150795459747,0,0,0.0,0.0,0.0,0,0,-0.12448500096797943,-136.50999450683594,0.05047761648893356,0.8116703033447266,211.0,211.0,61.0,61.0,32098,32135,32123,32130,0,32135,STANDBY
0.1599999964237213,0.8399999737739563,11.729999542236328,40.29999923706055,0.0,52.20000076293945,1004.1856079101562,25.59000015258789,-0.07153323292732239,0.27588391304016113,0,0,0.0,0.0,0.0,0,0,-0.07016205042600632,-144.1199951171875,0.10446485877037048,0.8974577784538269,211.0,211.0,61.0,61.0,32198,32235,32223,32230,0,32235,STANDBY
0.23000000417232513,3.25,9.15999984741211,0.0,0.0,167.0,1004.1849365234375,25.59000015258789,-0.10388194024562836,-0.11120668053627014,0,0,0.0,0.0,0.0,0,0,-0.025757621973752975,-160.61000061035156,0.13080233335494995,0.9771111011505127,224.0,224.0,61.0,61.0,32299,32335,32327,32333,0,32335,STANDBY
1.5800000429153442,3.5199999809265137,9.569999694824219,0.0,-16.200000762939453,190.5,1004.1950073242188,25.59000015258789,-0.21396681666374207,-0.7072248458862305,0,0,0.0,0.0,0.0,0,0,0.02304147556424141,-170.3800048828125,0.1591845452785492,0.9869380593299866,209.0,209.0,61.0,61.0,32399,32435,32414,32420,0,32435,STANDBY
1.4900000095367432,1.159999966621399,9.25,0.0,0.0,278.5,1004.191650390625,25.59000015258789,-0.21426688134670258,-0.6538435220718384,0,0,0.0,0.0,0.0,0,0,0.0791955292224884,163.2899932861328,0.14383374154567719,0.9523911476135254,205.0,205.0,61.0,61.0,32499,32535,32500,32527,0,32535,STANDBY
1.8300000429153442,1.3600000143051147,10.220000267028809,0.0,22.600000381469727,142.6999969482422,1004.174072265625,25.59000015258789,-0.07137899100780487,0.45204439759254456,0,0,0.0,0.0,0.0,0,0,0.09048738330602646,153.1199951171875,0.11603137105703354,0.9244056344032288,206.0,206.0,61.0,61.0,32599,32635,32621,32627,0,32635,STANDBY
3.9600000381469727,1.8799999952316284,9.3100004196167,0.0,31.799999237060547,64.30000305175781,1004.1875,25.59000015258789,-0.113989919424057,0.5872490406036377,0,0,0.0,0.0,0.0,0,0,0.09079256653785706,139.05999755859375,0.1109958216547966,0.8776817917823792,196.0,196.0,61.0,61.0,32699,32735,32724,32731,0,32735,STANDBY
0.36000001430511475,2.2200000286102295,8.729999542236328,0.0,0.0,409.1000061035156,1004.1950073242188,25.59000015258789,-0.17874133586883545,-0.26308849453926086,0,0,0.0,0.0,0.0,0,0,0.1035798192024231,112.77999877929688,0.09247108548879623,0.764702320098877,190.0,190.0,61.0,61.0,32799,32835,32828,32834,0,32835,STANDBY
-0.10000000149011612,0.25999999046325684,10.109999656677246,0.0,0.0,38.599998474121094,1004.162841796875,25.600000381469727,-0.031768135726451874,0.11917681992053986,0,0,0.0,0.0,0.0,0,0,0.095736563205719,95.5999984741211,0.07318338751792908,0.6931363940238953,200.0,200.0,61.0,61.0,32899,32935,32914,32921,0,32935,STANDBY
0.7400000095367432,0.7099999785423279,9.5,15.800000190734863,20.299999237060547,220.6999969482422,1004.1830444335938,25.600000381469727,-0.09240217506885529,0.36361363530158997,0,0,0.0,0.0,0.0,0,0,0.08032471686601639,80.7699966430664,0.051179539412260056,0.6399121284484863,214.0,214.0,61.0,61.0,32999,33035,33018,33025,0,33035,STANDBY
1.8300000429153442,0.09000000357627869,9.510000228881836,0.0,0.0,133.6999969482422,1004.1796875,25.600000381469727,-0.07726184278726578,0.00602094829082489,0,0,0.0,0.0,0.0,0,0,0.08319345861673355,65.05999755859375,0.05081331729888916,0.5803399682044983,212.0,212.0,61.0,61.0,33099,33135,33122,33128,0,33135,STANDBY
1.409999966621399,0.7900000214576721,8.199999809265137,-15.300000190734863,-21.299999237060547,285.79998779296875,1004.1898193359375,25.600000381469727,-0.14459919929504395,-0.21104037761688232,0,0,0.0,0.0,0.0,0,0,0.09842219203710556,36.779998779296875,0.04983672499656677,0.4355906844139099,212.0,212.0,61.0,61.0,33199,33235,33225,33231,0,33235,STANDBY
0.7900000214576721,0.5699999928474426,11.170000076293945,-19.600000381469727,0.0,0.0,1004.1763305664062,25.600000381469727,-0.051701854914426804,0.07299190759658813,0,0,0.0,0.0,0.0,0,0,0.09128086268901825,28.59000015258789,0.043885618448257446,0.4459669888019562,229.0,229.0,61.0,61.0,33299,33335,33311,33317,0,33335,STANDBY
2.559999942779541,-0.20999999344348907,8.4399995803833,0.0,0.0,248.5,1004.1763305664062,25.600000381469727,-0.057309944182634354,0.3387589752674103,0,0,0.0,0.0,0.0,0,0,0.09381389617919922,11.9399995803833,0.04141361638903618,0.40034180879592896,245.0,245.0,61.0,61.0,33399,33435,33415,33421,0,33435,STANDBY
1.1399999856948853,-2.9100000858306885,9.649999618530273,0.0,0.0,176.39999389648438,1004.1763305664062,25.600000381469727,-0.057160332798957825,0.023270055651664734,0,0,0.0,0.0,0.0,0,0,0.11532944440841675,-2.299999952316284,0.013580736704170704,0.36216315627098083,238.0,238.0,61.0,61.0,33499,33536,33501,33529,0,33536,STANDBY
0.6600000262260437,0.07999999821186066,8.369999885559082,-19.299999237060547,0.0,192.8000030517578,1004.162841796875,25.600000381469727,-0.0007217228412628174,0.15683093667030334,0,0,0.0,0.0,0.0,0,0,0.11444441229104996,-38.84000015258789,-0.029633473604917526,0.18430127203464508,242.0,242.0,61.0,61.0,33599,33636,33623,33629,0,33636,STANDBY
-0.30000001192092896,-1.7100000381469727,11.729999542236328,0.0,16.5,77.0,1004.1763305664062,25.600000381469727,-0.08040304481983185,-0.10661574453115463,0,0,0.0,0.0,0.0,0,0,0.09033478796482086,-42.709999084472656,-0.06607257574796677,0.2221137136220932,257.0,257.0,61.0,61.0,33699,33736,33722,33728,0,33736,STANDBY
-3.440000057220459,-1.7599999904632568,8.84000015258789,0.0,0.0,228.1999969482422,1004.1654663085938,25.59000015258789,0.017848985269665718,0.11796561628580093,0,0,0.0,0.0,0.0,0,0,0.044007692486047745,-64.91999816894531,-0.14749595522880554,0.09640797227621078,265.0,265.0,61.0,61.0,33800,33836,33825,33831,0,33836,STANDBY
-3.4000000953674316,-0.8399999737739563,7.610000133514404,0.0,0.0,272.79998779296875,1004.161376953125,25.59000015258789,0.04924088716506958,0.5641971826553345,0,0,0.0,0.0,0.0,0,0,-0.010010071098804474,-83.9800033569336,-0.2715842127799988,-0.06927701830863953,247.0,247.0,61.0,61.0,33900,33936,33929,33936,0,33936,STANDBY
-1.0700000524520874,-0.25,7.820000171661377,0.0,0.0,179.60000610351562,1004.1737670898438,25.600000381469727,-0.0010247714817523956,0.0899486243724823,0,0,0.0,0.0,0.0,0,0,-0.036133915185928345,-106.25,-0.3403424322605133,-0.29575487971305847,237.0,237.0,61.0,61.0,34000,34036,34016,34022,0,34036,STANDBY
-1.7599999904632568,-0.5199999809265137,11.899999618530273,-28.0,-16.799999237060547,121.0,1004.185302734375,25.610000610351562,-0.09088923037052155,-0.4864508807659149,0,0,0.0,0.0,0.0,0,0,-0.005737479776144028,-114.55000305175781,-0.36851099133491516,-0.4354075789451599,247.0,247.0,61.0,61.0,34100,34136,34120,34126,0,34136,STANDBY
-2.4200000762939453,-1.190000057220459,7.900000095367432,-52.5,-35.79999923706055,258.0,1004.1947021484375,25.600000381469727,-0.12815137207508087,-0.5468778610229492,0,0,0.0,0.0,0.0,0,0,-0.009277626872062683,-135.14999389648438,-0.35425886511802673,-0.652241587638855,250.0,250.0,61.0,61.0,34200,34236,34225,34231,0,34236,STANDBY
-1.809999942779541,-0.3499999940395355,7.949999809265137,-34.5,-29.600000381469727,169.8000030517578,1004.185302734375,25.610000610351562,-0.1140618622303009,-0.2188120186328888,0,0,0.0,0.0,0.0,0,0,-0.025940733030438423,-152.4499969482422,-0.3248085081577301,-0.8213141560554504,235.0,235.0,61.0,61.0,34300,34336,34329,34335,0,34336,STANDBY
-2.0199999809265137,-0.23999999463558197,8.539999961853027,0.0,-23.0,308.6000061035156,1004.1777954101562,25.600000381469727,-0.07950583100318909,0.03500768542289734,0,0,0.0,0.0,0.0,0,0,-0.06048768758773804,-177.3300018310547,-0.28934597969055176,-0.9370708465576172,230.0,230.0,61.0,61.0,34400,34436,34416,34422,0,34436,STANDBY
-0.5699999928474426,-1.4700000286102295,10.930000305175781,0.0,0.0,23.0,1004.1785888671875,25.610000610351562,-0.07822047173976898,0.13253933191299438,0,0,0.0,0.0,0.0,0,0,-0.057527389377355576,170.80999755859375,-0.23349711298942566,-0.9706106781959534,239.0,239.0,61.0,61.0,34500,34536,34503,34529,0,34536,STANDBY
-0.03999999910593033,0.3499999940395355,9.739999771118164,-18.600000381469727,0.0,169.60000610351562,1004.1617431640625,25.610000610351562,-0.014697197824716568,0.1904311329126358,0,0,0.0,0.0,0.0,0,0,-0.055024873465299606,153.1199951171875,-0.14856410026550293,-0.9525742530822754,247.0,247.0,61.0,61.0,34600,34636,34624,34631,0,34636,STANDBY
-0.6899999976158142,0.49000000953674316,10.569999694824219,0.0,0.0,166.10000610351562,1004.15576171875,25.610000610351562,0.09006182849407196,0.7022651433944702,0,0,0.0,0.0,0.0,0,0,-0.044862210750579834,140.16000366210938,-0.10028382390737534,-0.9007843136787415,251.0,251.0,61.0,61.0,34700,34736,34728,34735,0,34736,STANDBY
-2.359999895095825,-1.0199999809265137,7.409999847412109,16.600000381469727,-31.100000381469727,251.89999389648438,1004.1591186523438,25.610000610351562,0.11755900084972382,0.8313488960266113,0,0,0.0,0.0,0.0,0,0,-0.04281746968626976,120.27999877929688,-0.0715659037232399,-0.807794451713562,250.0,250.0,61.0,61.0,34800,34836,34814,34821,0,34836,STANDBY
-2.380000114440918,-0.1899999976158142,12.119999885559082,0.0,-26.600000381469727,67.4000015258789,1004.1699829101562,25.610000610351562,0.0562940277159214,0.11684008687734604,0,0,0.0,0.0,0.0,0,0,-0.029663991183042526,111.72000122070312,-0.03433332219719887,-0.7756889462471008,275.0,275.0,61.0,61.0,34900,34936,34918,34924,0,34936,STANDBY
0.5899999737739563,2.0,6.980000019073486,0.0,-34.099998474121094,151.1999969482422,1004.186767578125,25.610000610351562,-0.026158407330513,-0.4529701769351959,0,0,0.0,0.0,0.0,0,0,-0.030518509447574615,95.86000061035156,-0.027405621483922005,-0.6963408589363098,281.0,281.0,61.0,61.0,35000,35036,35018,35024,0,35036,STANDBY
2.690000057220459,-0.75,9.720000267028809,0.0,-39.79999923706055,242.6999969482422,1004.181884765625,25.6200008392334,-0.09069497883319855,-0.7607029676437378,0,0,0.0,0.0,0.0,0,0,-0.07589953392744064,82.54000091552734,-0.047944579273462296,-0.6430249810218811,262.0,262.0,61.0,61.0,35100,35136,35120,35127,0,35136,STANDBY
1.3899999856948853,0.3100000023841858,10.880000114440918,-24.700000762939453,-34.099998474121094,125.5,1004.16064453125,25.610000610351562,0.03461524099111557,-0.10102173686027527,0,0,0.0,0.0,0.0,0,0,-0.10684530436992645,56.209999084472656,-0.05334635451436043,-0.5190588235855103,266.0,266.0,61.0,61.0,35200,35236,35224,35230,0,35236,STANDBY
1.2599999904632568,-0.6100000143051147,10.109999656677246,-26.700000762939453,-19.100000381469727,211.8000030517578,1004.1751708984375,25.6200008392334,-0.028977490961551666,0.2497895359992981,0,0,0.0,0.0,0.0,0,0,-0.13650929927825928,45.720001220703125,-0.04339732229709625,-0.48899808526039124,286.0,286.0,61.0,61.0,35300,35336,35323,35330,0,35336,STANDBY
1.7100000381469727,-3.369999885559082,9.479999542236328,-34.5,0.0,129.0,1004.1673583984375,25.610000610351562,0.00041551701724529266,-0.07386083155870438,0,0,0.0,0.0,0.0,0,0,-0.18103580176830292,25.520000457763672,-0.004577776417136192,-0.41456344723701477,283.0,283.0,61.0,61.0,35400,35436,35428,35434,0,35436,STANDBY
1.0700000524520874,-3.5399999618530273,8.079999923706055,-34.0,0.0,306.0,1004.1617431640625,25.6200008392334,0.0012265853583812714,-0.008220165967941284,0,0,0.0,0.0,0.0,0,0,-0.21750541031360626,3.6500000953674316,0.04611346870660782,-0.31241798400878906,281.0,281.0,61.0,61.0,35500,35536,35515,35528,0,35536,STANDBY
0.05000000074505806,-4.190000057220459,9.289999961853027,-28.799999237060547,0.0,0.0,1004.169189453125,25.6200008392334,0.026239048689603806,0.16786706447601318,0,0,0.0,0.0,0.0,0,0,-0.24063844978809357,-8.729999542236328,0.07831049710512161,-0.27512437105178833,278.0,278.0,61.0,61.0,35600,35636,35615,35622,0,35636,STANDBY
-0.12999999523162842,-4.739999771118164,8.479999542236328,0.0,0.0,68.30000305175781,1004.1583862304688,25.6200008392334,0.06443503499031067,0.34695833921432495,0,0,0.0,0.0,0.0,0,0,-0.24973295629024506,-14.739999771118164,0.10919522494077682,-0.32056641578674316,284.0,284.0,61.0,61.0,35700,35736,35721,35727,0,35736,STANDBY
-2.2200000286102295,-4.46999979019165,8.670000076293945,37.099998474121094,-24.799999237060547,66.30000305175781,1004.1699829101562,25.6200008392334,0.019831370562314987,0.03443577140569687,0,0,0.0,0.0,0.0,0,0,-0.23587755858898163,-23.799999237060547,0.11627551913261414,-0.3341166377067566,280.0,280.0,61.0,61.0,35800,35836,35825,35831,0,35836,STANDBY
-1.7300000190734863,-4.369999885559082,8.779999732971191,51.900001525878906,-23.899999618530273,81.19999694824219,1004.172607421875,25.6200008392334,-0.017976248636841774,-0.2863123416900635,0,0,0.0,0.0,0.0,0,0,-0.19296853244304657,-29.309999465942383,0.12543107569217682,-0.365703284740448,272.0,272.0,61.0,61.0,35900,35936,35912,35919,0,35936,STANDBY
-0.5899999737739563,-1.649999976158142,8.25,41.29999923706055,-18.299999237060547,179.39999389648438,1004.1766967773438,25.6200008392334,-0.03662834316492081,-0.2819689214229584,0,0,0.0,0.0,0.0,0,0,-0.12018188834190369,-39.91999816894531,0.12393566966056824,-0.3789178133010864,272.0,272.0,61.0,61.0,36000,36036,36018,36024,0,36036,STANDBY
1.4299999475479126,-0.9700000286102295,9.890000343322754,21.100000381469727,-23.299999237060547,293.0,1004.1598510742188,25.6200008392334,0.04342164844274521,0.14286382496356964,0,0,0.0,0.0,0.0,0,0,-0.028901029378175735,-68.29000091552734,0.19574572145938873,-0.20480971038341522,283.0,283.0,61.0,61.0,36100,36136,36121,36127,0,36136,STANDBY
-0.8799999952316284,-0.4099999964237213,11.600000381469727,17.200000762939453,-39.599998474121094,132.8000030517578,1004.1834106445312,25.6200008392334,-0.08617301285266876,-0.18173180520534515,0,0,0.0,0.0,0.0,0,0,-0.006317331455647945,-79.5999984741211,0.2546159327030182,-0.10007019340991974,298.0,298.0,61.0,61.0,36200,36236,36226,36232,0,36236,STANDBY
-1.7599999904632568,1.659999966621399,9.569999694824219,0.0,-33.5,160.10000610351562,1004.172607421875,25.6200008392334,-0.02401910349726677,-0.25129878520965576,0,0,0.0,0.0,0.0,0,0,0.021118808537721634,-100.33000183105469,0.29709768295288086,0.10889004170894623,291.0,291.0,61.0,61.0,36300,36336,36329,36336,0,36336,STANDBY
-0.5899999737739563,-0.12999999523162842,8.779999732971191,0.0,0.0,291.0,1004.17138671875,25.6299991607666,-0.05070454627275467,0.016070231795310974,0,0,0.0,0.0,0.0,0,0,0.04889065399765968,-117.62999725341797,0.3414410948753357,0.28962066769599915,282.0,282.0,61.0,61.0,36400,36436,36416,36422,0,36436,STANDBY
1.5199999809265137,-1.399999976158142,9.270000457763672,16.0,19.0,256.8999938964844,1004.1673583984375,25.6200008392334,0.0075830621644854546,0.11310336738824844,0,0,0.0,0.0,0.0,0,0,0.0877101942896843,-145.32000732421875,0.3582567870616913,0.5425275564193726,283.0,283.0,61.0,61.0,36500,36536,36502,36529,0,36536,STANDBY
0.05999999865889549,-0.27000001072883606,12.510000228881836,0.0,0.0,110.30000305175781,1004.1699829101562,25.6200008392334,-0.0038910526782274246,0.26814037561416626,0,0,0.0,0.0,0.0,0,0,0.07382427155971527,-152.07000732421875,0.365459144115448,0.6299325823783875,298.0,298.0,61.0,61.0,36600,36636,36617,36623,0,36636,STANDBY
-1.2999999523162842,1.4800000190734863,7.309999942779541,-16.399999618530273,15.899999618530273,161.39999389648438,1004.1489868164062,25.6200008392334,0.1288083791732788,0.5066540837287903,0,0,0.0,0.0,0.0,0,0,0.059083834290504456,-168.94000244140625,0.3667104244232178,0.7880489230155945,295.0,295.0,61.0,61.0,36701,36736,36720,36727,0,36736,STANDBY
-0.33000001311302185,0.9100000262260437,9.300000190734863,0.0,0.0,247.5,1004.1841430664062,25.6200008392334,-0.05274513363838196,-0.020094186067581177,0,0,0.0,0.0,0.0,0,0,0.079348124563694,173.88999938964844,0.34498122334480286,0.9013947248458862,278.0,278.0,61.0,61.0,36801,36836,36825,36831,0,36836,STANDBY
-1.590000033378601,-0.7200000286102295,9.550000190734863,20.299999237060547,-16.100000381469727,160.10000610351562,1004.1546630859375,25.6299991607666,0.08228572458028793,-0.19829663634300232,0,0,0.0,0.0,0.0,0,0,0.0948820486664772,147.14999389648438,0.29041412472724915,0.9497054815292358,280.0,280.0,61.0,61.0,36901,36936,36929,36935,0,36936,STANDBY
-0.5799999833106995,0.7699999809265137,11.239999771118164,0.0,-22.399999618530273,120.19999694824219,1004.1781005859375,25.6299991607666,0.003667522221803665,0.21178115904331207,0,0,0.0,0.0,0.0,0,0,0.08783227205276489,141.1199951171875,0.24365977942943573,0.9518112540245056,297.0,297.0,61.0,61.0,37001,37036,37014,37020,0,37036,STANDBY
2.4800000190734863,2.2699999809265137,8.380000114440918,0.0,0.0,79.9000015258789,1004.161376953125,25.6299991607666,0.008454188704490662,-0.30452242493629456,0,0,0.0,0.0,0.0,0,0,0.09009063988924026,124.73999786376953,0.191320538520813,0.9148533344268799,294.0,294.0,61.0,61.0,37101,37136,37118,37125,0,37136,STANDBY
1.9500000476837158,1.0399999618530273,7.650000095367432,0.0,0.0,319.8999938964844,1004.1688232421875,25.6299991607666,-0.02999092824757099,-0.3575076460838318,0,0,0.0,0.0,0.0,0,0,0.11496322602033615,110.4000015258789,0.14691610634326935,0.8555253744125366,273.0,273.0,61.0,61.0,37201,37236,37222,37228,0,37236,STANDBY
-1.149999976158142,0.699999988079071,9.539999961853027,0.0,0.0,69.80000305175781,1004.1696166992188,25.6299991607666,0.01127774640917778,0.06161915510892868,0,0,0.0,0.0,0.0,0,0,0.13031403720378876,84.16000366210938,0.10205389559268951,0.7343974113464355,274.0,274.0,61.0,61.0,37301,37336,37319,37326,0,37336,STANDBY
0.10000000149011612,0.20000000298023224,11.75,0.0,0.0,213.8000030517578,1004.1737670898438,25.6299991607666,-0.006784429773688316,0.2061012089252472,0,0,0.0,0.0,0.0,0,0,0.09976501017808914,73.18000030517578,0.05169835686683655,0.6997588872909546,297.0,297.0,61.0,61.0,37401,37436,37424,37430,0,37436,STANDBY
1.7899999618530273,-2.819999933242798,9.670000076293945,0.0,0.0,112.4000015258789,1004.175537109375,25.6299991607666,-0.028007138520479202,-0.11347504705190659,0,0,0.0,0.0,0.0,0,0,0.11270485818386078,56.459999084472656,0.013336588628590107,0.6275826096534729,289.0,289.0,61.0,61.0,37501,37536,37527,37533,0,37536,STANDBY
1.9299999475479126,-1.850000023841858,7.949999809265137,0.0,-20.200000762939453,368.70001220703125,1004.1729736328125,25.6299991607666,-0.03823117911815643,-0.2039705514907837,0,0,0.0,0.0,0.0,0,0,0.12820826470851898,33.61000061035156,-0.01742606982588768,0.5062410235404968,276.0,276.0,61.0,61.0,37601,37636,37613,37619,0,37636,STANDBY
0.4699999988079071,-0.8500000238418579,11.220000267028809,0.0,0.0,0.0,1004.1837768554688,25.6299991607666,-0.10813432186841965,-0.38767728209495544,0,0,0.0,0.0,0.0,0,0,0.09704886376857758,16.15999984741211,-0.03784295171499252,0.4536271393299103,278.0,278.0,61.0,61.0,37701,37736,37718,37724,0,37736,STANDBY
1.2799999713897705,-1.600000023841858,11.130000114440918,28.100000381469727,0.0,211.5,1004.1763305664062,25.6299991607666,-0.06231125444173813,-0.16040055453777313,0,0,0.0,0.0,0.0,0,0,0.06555376201868057,1.25,-0.054261911660432816,0.41828668117523193,294.0,294.0,61.0,61.0,37801,37836,37821,37827,0,37836,STANDBY
0.05999999865889549,-1.5800000429153442,9.729999542236328,0.0,0.0,152.39999389648438,1004.159423828125,25.6299991607666,0.04029154032468796,0.514571487903595,0,0,0.0,0.0,0.0,0,0,0.037598803639411926,-15.899999618530273,-0.0870998278260231,0.37781915068626404,284.0,284.0,61.0,61.0,37901,37936,37924,37931,0,37936,STANDBY
0.4000000059604645,-1.7200000286102295,8.149999618530273,0.0,0.0,279.8999938964844,1004.159423828125,25.6299991607666,0.06235385686159134,0.5793184638023376,0,0,0.0,0.0,0.0,0,0,-0.0008850367739796638,-41.65999984741211,-0.15478987991809845,0.25864437222480774,282.0,282.0,61.0,61.0,38001,38036,38028,38035,0,38036,STANDBY
0.27000001072883606,-1.5700000524520874,11.779999732971191,0.0,0.0,21.0,1004.177001953125,25.6299991607666,-0.029358264058828354,-0.08388682454824448,0,0,0.0,0.0,0.0,0,0,-0.025910215452313423,-53.47999954223633,-0.20886868238449097,0.1900997906923294,285.0,285.0,61.0,61.0,38102,38136,38128,38134,0,38136,STANDBY
0.20999999344348907,-1.1200000047683716,9.970000267028809,0.0,-25.0,256.8999938964844,1004.185302734375,25.639999389648438,-0.11847606301307678,-0.718522310256958,0,0,0.0,0.0,0.0,0,0,-0.053468428552150726,-68.66000366210938,-0.24820703268051147,0.08291879296302795,299.0,299.0,61.0,61.0,38202,38236,38212,38218,0,38236,STANDBY
-1.7799999713897705,-1.0199999809265137,10.25,0.0,0.0,156.39999389648438,1004.2129516601562,25.639999389648438,-0.2519095540046692,-0.9411649703979492,0,0,0.0,0.0,0.0,0,0,-0.0636921301484108,-90.7300033569336,-0.317636638879776,-0.10940885543823242,288.0,288.0,61.0,61.0,38302,38336,38316,38323,0,38336,STANDBY
-0.019999999552965164,-1.3200000524520874,7.53000020980835,0.0,0.0,288.0,1004.185302734375,25.639999389648438,-0.17510998249053955,-0.4715119004249573,0,0,0.0,0.0,0.0,0,0,-0.07766960561275482,-118.51000213623047,-0.36927396059036255,-0.3583788573741913,285.0,285.0,61.0,61.0,38402,38436,38420,38426,0,38436,STANDBY
-1.0299999713897705,-0.44999998807907104,12.289999961853027,0.0,0.0,24.299999237060547,1004.1826782226562,25.639999389648438,-0.1275695413351059,0.2635685205459595,0,0,0.0,0.0,0.0,0,0,-0.05484176054596901,-127.48999786376953,-0.39246803522109985,-0.4776451885700226,288.0,288.0,61.0,61.0,38502,38536,38507,38531,0,38536,STANDBY
-0.9800000190734863,0.8500000238418579,8.65999984741211,0.0,-21.899999618530273,201.89999389648438,1004.1777954101562,25.639999389648438,-0.08224114030599594,0.47703197598457336,0,0,0.0,0.0,0.0,0,0,-0.06051820516586304,-149.1999969482422,-0.3891414999961853,-0.6880397796630859,289.0,289.0,61.0,61.0,38602,38636,38629,38635,0,38636,STANDBY
-0.38999998569488525,-0.7900000214576721,9.890000343322754,0.0,0.0,96.69999694824219,1004.1812744140625,25.639999389648438,-0.09791035950183868,0.22916120290756226,0,0,0.0,0.0,0.0,0,0,-0.047914061695337296,-160.3699951171875,-0.3789483308792114,-0.7995544075965881,285.0,285.0,61.0,61.0,38702,38736,38715,38721,0,38736,STANDBY
-0.14000000059604645,0.25,9.550000190734863,0.0,-19.299999237060547,24.899999618530273,1004.1651611328125,25.639999389648438,0.019587568938732147,0.45756077766418457,0,0,0.0,0.0,0.0,0,0,-0.025208288803696632,-167.74000549316406,-0.33561205863952637,-0.887539267539978,288.0,288.0,61.0,61.0,38802,38836,38818,38824,0,38836,STANDBY
0.3499999940395355,-0.30000001192092896,9.960000038146973,0.0,-16.399999618530273,-18.299999237060547,1004.1800537109375,25.639999389648438,-0.03687599301338196,0.40383851528167725,0,0,0.0,0.0,0.0,0,0,-0.0006103701889514923,-167.4199981689453,-0.2841273248195648,-0.9331644773483276,286.0,286.0,61.0,61.0,38902,38936,38923,38929,0,38936,STANDBY
0.7699999809265137,0.14000000059604645,10.180000305175781,0.0,0.0,0.0,1004.1968994140625,25.639999389648438,-0.19739916920661926,-0.7727373242378235,0,0,0.0,0.0,0.0,0,0,0.01821955107152462,-166.4600067138672,-0.22910244762897491,-0.963957667350769,288.0,288.0,61.0,61.0,39002,39036,39026,39033,0,39036,STANDBY
0.9100000262260437,0.7099999785423279,9.579999923706055,0.0,0.0,-43.0,1004.1800537109375,25.639999389648438,-0.14379318058490753,-0.7295019626617432,0,0,0.0,0.0,0.0,0,0,0.024994660168886185,-164.42999267578125,-0.19229713082313538,-0.9775078296661377,283.0,283.0,61.0,61.0,39102,39136,39113,39119,0,39136,STANDBY
0.49000000953674316,0.9599999785423279,10.279999732971191,0.0,17.0,-144.39999389648438,1004.1699829101562,25.639999389648438,-0.03325948864221573,0.48590320348739624,0,0,0.0,0.0,0.0,0,0,0.040833767503499985,-155.11000061035156,-0.15320292115211487,-0.982818067073822,278.0,278.0,61.0,61.0,39202,39236,39218,39224,0,39236,STANDBY
-0.47999998927116394,2.059999942779541,9.359999656677246,0.0,31.700000762939453,-308.70001220703125,1004.1565551757812,25.639999389648438,0.03653512895107269,0.8101850748062134,0,0,0.0,0.0,0.0,0,0,0.09659108519554138,-129.60000610351562,-0.12833033502101898,-0.9570604562759399,268.0,268.0,61.0,61.0,39302,39336,39321,39327,0,39336,STANDBY
-0.17000000178813934,-0.3499999940395355,9.3100004196167,0.0,19.799999237060547,-179.6999969482422,1004.1766967773438,25.639999389648438,-0.02558979019522667,0.25687065720558167,0,0,0.0,0.0,0.0,0,0,0.14581744372844696,-99.20999908447266,-0.09985656291246414,-0.8951994180679321,267.0,267.0,61.0,61.0,39402,39436,39425,39431,0,39436,STANDBY
0.5600000023841858,-0.07000000029802322,10.289999961853027,-16.100000381469727,0.0,-220.60000610351562,1004.171875,25.639999389648438,-0.05901973694562912,-0.3099704682826996,0,0,0.0,0.0,0.0,0,0,0.14505447447299957,-86.05000305175781,-0.08163700997829437,-0.886074423789978,272.0,272.0,61.0,61.0,39502,39537,39528,39534,0,39537,STANDBY
-3.0999999046325684,-2.890000104904175,7.789999961853027,0.0,0.0,-277.8999938964844,1004.1707153320312,25.649999618530273,-0.06521808356046677,-0.35031870007514954,0,0,0.0,0.0,0.0,0,0,0.1582384705543518,-55.09000015258789,-0.063081756234169,-0.7977232933044434,259.0,259.0,61.0,61.0,39602,39638,39629,39636,0,39638,STANDBY
-1.7000000476837158,-2.4700000286102295,8.6899995803833,0.0,0.0,-231.0,1004.1659545898438,25.639999389648438,-0.032057031989097595,0.020574547350406647,0,0,0.0,0.0,0.0,0,0,0.16852320730686188,-38.81999969482422,-0.09341716021299362,-0.7762992978096008,240.0,240.0,61.0,61.0,39702,39738,39716,39723,0,39738,STANDBY
1.149999976158142,0.019999999552965164,11.949999809265137,0.0,0.0,-89.30000305175781,1004.190185546875,25.639999389648438,-0.12387795746326447,-0.0930083766579628,0,0,0.0,0.0,0.0,0,0,0.110904261469841,-14.359999656677246,-0.09112826734781265,-0.6982329487800598,252.0,252.0,61.0,61.0,39802,39838,39820,39826,0,39838,STANDBY
0.029999999329447746,0.10000000149011612,10.5,0.0,0.0,-283.8999938964844,1004.186767578125,25.639999389648438,-0.11662384867668152,-0.2351386696100235,0,0,0.0,0.0,0.0,0,0,0.0946989357471466,0.8600000143051147,-0.08825953304767609,-0.6137272119522095,272.0,272.0,61.0,61.0,39902,39938,39917,39924,0,39938,STANDBY
2.0999999046325684,-3.5199999809265137,9.100000381469727,0.0,0.0,-105.19999694824219,1004.177490234375,25.649999618530273,-0.09159190952777863,-0.0069941505789756775,0,0,0.0,0.0,0.0,0,0,0.09451582282781601,27.15999984741211,-0.05099643021821976,-0.4136784076690674,254.0,254.0,61.0,61.0,40002,40038,40022,40028,0,40038,STANDBY
1.149999976158142,0.10000000149011612,9.239999771118164,0.0,0.0,-344.0,1004.1699829101562,25.649999618530273,-0.03168549761176109,0.27455779910087585,0,0,0.0,0.0,0.0,0,0,0.09418012201786041,50.11000061035156,-0.014587847515940666,-0.17065951228141785,242.0,242.0,61.0,61.0,40102,40138,40125,40131,0,40138,STANDBY
1.9900000095367432,1.090000033378601,10.529999732971191,0.0,-22.799999237060547,-53.79999923706055,1004.1524047851562,25.639999389648438,0.06570065021514893,0.6267931461334229,0,0,0.0,0.0,0.0,0,0,0.06433302164077759,64.2300033569336,0.012878810986876488,0.05246131867170334,250.0,250.0,61.0,61.0,40202,40238,40228,40235,0,40238,STANDBY
-0.30000001192092896,0.699999988079071,8.550000190734863,0.0,0.0,-298.1000061035156,1004.193603515625,25.639999389648438,-0.09679892659187317,0.020730629563331604,0,0,0.0,0.0,0.0,0,0,0.04184087738394737,83.41999816894531,0.022675253450870514,0.3166295289993286,255.0,255.0,61.0,61.0,40302,40338,40314,40321,0,40338,STANDBY
3.740000009536743,2.4700000286102295,11.1899995803833,0.0,0.0,-102.0999984741211,1004.1807861328125,25.649999618530273,-0.10185795277357101,-0.5996396541595459,0,0,0.0,0.0,0.0,0,0,0.03003021329641342,106.68000030517578,0.040711693465709686,0.5909299254417419,244.0,244.0,61.0,61.0,40402,40438,40416,40422,0,40438,STANDBY
0.6299999952316284,1.7599999904632568,10.350000381469727,0.0,0.0,-350.20001220703125,1004.1890869140625,25.649999618530273,-0.16086158156394958,-0.5122781991958618,0,0,0.0,0.0,0.0,0,0,0.01757866144180298,127.70999908447266,0.05682546645402908,0.7874080538749695,246.0,246.0,61.0,61.0,40502,40538,40503,40529,0,40538,STANDBY
-0.07000000029802322,0.9200000166893005,9.4399995803833,0.0,0.0,-173.39999389648438,1004.1807861328125,25.649999618530273,-0.08655507862567902,0.004751775413751602,0,0,0.0,0.0,0.0,0,0,-0.020416883751749992,148.17999267578125,0.0395825058221817,0.9143040180206299,255.0,255.0,61.0,61.0,40602,40638,40623,40629,0,40638,STANDBY
0.3100000023841858,3.5199999809265137,7.53000020980835,0.0,0.0,-248.1999969482422,1004.1842041015625,25.649999618530273,-0.0873594656586647,0.35634177923202515,0,0,0.0,0.0,0.0,0,0,-0.0316782146692276,177.72000122070312,0.026001770049333572,0.9889217615127563,242.0,242.0,61.0,61.0,40702,40738,40723,40729,0,40738,STANDBY
-1.059999942779541,1.649999976158142,10.020000457763672,0.0,0.0,-291.20001220703125,1004.1591186523438,25.639999389648438,-0.0051233768463134766,0.25189006328582764,0,0,0.0,0.0,0.0,0,0,-0.05413983762264252,-161.50999450683594,0.05243080109357834,0.9970396757125854,235.0,235.0,61.0,61.0,40802,40838,40826,40833,0,40838,STANDBY
-0.5099999904632568,0.2800000011920929,11.420000076293945,0.0,0.0,-68.9000015258789,1004.1766967773438,25.639999389648438,-0.034025635570287704,0.25113171339035034,0,0,0.0,0.0,0.0,0,0,-0.06607257574796677,-146.39999389648438,0.036164432764053345,0.9920957088470459,251.0,251.0,61.0,61.0,40902,40938,40930,40937,0,40938,STANDBY
0.23999999463558197,-0.25999999046325684,8.829999923706055,-24.200000762939453,0.0,-292.6000061035156,1004.1842041015625,25.649999618530273,-0.1011420488357544,-0.1902228444814682,0,0,0.0,0.0,0.0,0,0,-0.0709250196814537,-127.23999786376953,0.015198217704892159,0.9724112749099731,261.0,261.0,61.0,61.0,41003,41038,41017,41023,0,41038,STANDBY
-2.9200000762939453,0.44999998807907104,9.539999961853027,0.0,-20.899999618530273,-66.5,1004.1950073242188,25.649999618530273,-0.18899217247962952,-0.6844363212585449,0,0,0.0,0.0,0.0,0,0,-0.08429212123155594,-106.68000030517578,0.015106662176549435,0.9464705586433411,247.0,247.0,61.0,61.0,41103,41138,41120,41127,0,41138,STANDBY
0.17000000178813934,-0.8199999928474426,9.25,0.0,0.0,-217.39999389648438,1004.1815795898438,25.649999618530273,-0.1365213394165039,-0.3398367464542389,0,0,0.0,0.0,0.0,0,0,-0.09848322719335556,-88.79000091552734,0.021607104688882828,0.9256874322891235,242.0,242.0,61.0,61.0,41203,41238,41225,41231,0,41238,STANDBY
-0.07000000029802322,-1.3200000524520874,12.619999885559082,0.0,0.0,-131.6999969482422,1004.1864013671875,25.649999618530273,-0.16002658009529114,0.00313606858253479,0,0,0.0,0.0,0.0,0,0,-0.09143345803022385,-79.05000305175781,0.01742606982588768,0.921140193939209,255.0,255.0,61.0,61.0,41303,41338,41324,41330,0,41338,STANDBY
-1.5700000524520874,-1.1699999570846558,6.150000095367432,0.0,-25.5,-275.29998779296875,1004.1856079101562,25.649999618530273,-0.1606450378894806,-0.09050130844116211,0,0,0.0,0.0,0.0,0,0,-0.07763908803462982,-52.349998474121094,-0.005005035549402237,0.8541215062141418,250.0,250.0,61.0,61.0,41403,41438,41423,41430,0,41438,STANDBY
-0.25999999046325684,-1.5499999523162842,10.029999732971191,0.0,-18.200000762939453,-159.8000030517578,1004.1890869140625,25.649999618530273,-0.16505445539951324,-0.004889888688921928,0,0,0.0,0.0,0.0,0,0,-0.07251197844743729,-41.439998626708984,0.00119022186845541,0.8738059401512146,240.0,240.0,61.0,61.0,41503,41538,41510,41533,0,41538,STANDBY
2.559999942779541,-0.699999988079071,9.300000190734863,-17.5,0.0,-79.5,1004.1871948242188,25.65999984741211,-0.141670361161232,0.1219734251499176,0,0,0.0,0.0,0.0,0,0,-0.03503524884581566,-18.15999984741211,-0.015503402799367905,0.8724631667137146,247.0,247.0,97.0,97.0,41603,41638,41631,41637,0,41638,STANDBY
2.569999933242798,-0.5,10.140000343322754,-36.0,0.0,-194.0,1004.1830444335938,25.649999618530273,-0.11208686232566833,0.24350228905677795,0,0,0.0,0.0,0.0,0,0,-0.01077303383499384,-7.389999866485596,-0.021607104688882828,0.8908352851867676,260.0,260.0,97.0,97.0,41703,41738,41717,41723,0,41738,STANDBY
3.1700000762939453,-3.2200000286102295,7.920000076293945,-17.200000762939453,0.0,-92.0,1004.169677734375,25.649999618530273,-0.023625824600458145,0.5022389888763428,0,0,0.0,0.0,0.0,0,0,-0.0029908139258623123,11.34000015258789,-0.04467909783124924,0.8500015139579773,246.0,246.0,97.0,97.0,41803,41838,41816,41822,0,41838,STANDBY
2.859999895095825,-0.7099999785423279,9.970000267028809,-28.700000762939453,0.0,-291.0,1004.1812744140625,25.65999984741211,-0.07447348535060883,0.27065175771713257,0,0,0.0,0.0,0.0,0,0,0.013458662666380405,30.309999465942383,-0.0947294533252716,0.8448134064674377,249.0,249.0,97.0,97.0,41903,41938,41918,41925,0,41938,STANDBY
3.9000000953674316,-1.340000033378601,10.109999656677246,-33.599998474121094,0.0,-60.900001525878906,1004.1804809570312,25.65999984741211,-0.10504856705665588,-0.2886139750480652,0,0,0.0,0.0,0.0,0,0,0.01974547654390335,42.27000045776367,-0.1509140282869339,0.8660542368888855,253.0,253.0,97.0,97.0,42003,42038,42022,42029,0,42038,STANDBY
3.009999990463257,-1.4800000190734863,9.430000305175781,-26.600000381469727,0.0,17.399999618530273,1004.183837890625,25.65999984741211,-0.12166483700275421,-0.2831306457519531,0,0,0.0,0.0,0.0,0,0,0.010925626382231712,45.95000076293945,-0.21243934333324432,0.9105502367019653,249.0,249.0,97.0,97.0,42103,42138,42126,42132,0,42138,STANDBY
3.4800000190734863,-2.5899999141693115,8.9399995803833,0.0,0.0,-17.299999237060547,1004.1702880859375,25.65999984741211,-0.02842148393392563,0.26705825328826904,0,0,0.0,0.0,0.0,0,0,0.01434369944036007,45.95000076293945,-0.2612994909286499,0.9443647861480713,245.0,245.0,97.0,97.0,42203,42238,42229,42235,0,42238,STANDBY
2.890000104904175,-2.180000066757202,9.329999923706055,0.0,0.0,0.0,1004.1587524414062,25.649999618530273,0.07185962796211243,0.8309073448181152,0,0,0.0,0.0,0.0,0,0,0.02691732533276081,46.84000015258789,-0.28257086873054504,0.9553208947181702,241.0,241.0,97.0,97.0,42303,42338,42316,42322,0,42338,STANDBY
2.6500000953674316,-1.7400000095367432,9.130000114440918,19.399999618530273,0.0,0.0,1004.1595458984375,25.649999618530273,0.07438722997903824,0.5784342288970947,0,0,0.0,0.0,0.0,0,0,0.040192876011133194,46.84000015258789,-0.27286598086357117,0.9596239924430847,239.0,239.0,97.0,97.0,42403,42438,42420,42426,0,42438,STANDBY
2.440000057220459,-0.8600000143051147,8.970000267028809,18.799999237060547,0.0,0.0,1004.1905517578125,25.65999984741211,-0.06790678948163986,-0.3052313029766083,0,0,0.0,0.0,0.0,0,0,0.05249183624982834,46.84000015258789,-0.2385937124490738,0.9569078683853149,237.0,237.0,97.0,97.0,42504,42539,42506,42533,0,42539,STANDBY
2.9000000953674316,-0.6600000262260437,9.59000015258789,0.0,0.0,0.0,1004.177001953125,25.65999984741211,-0.09172312170267105,-0.7732502222061157,0,0,0.0,0.0,0.0,0,0,0.06591998040676117,46.84000015258789,-0.1828058660030365,0.9419537782669067,237.0,237.0,97.0,97.0,42604,42639,42627,42633,0,42639,STANDBY
3.069999933242798,-0.23999999463558197,9.390000343322754,0.0,0.0,0.0,1004.166259765625,25.649999618530273,-0.000937407836318016,-0.04507119953632355,0,0,0.0,0.0,0.0,0,0,0.08023316413164139,46.84000015258789,-0.1424604058265686,0.922757625579834,241.0,241.0,97.0,97.0,42704,42739,42730,42736,0,42739,STANDBY
3.0,0.03999999910593033,9.619999885559082,0.0,0.0,0.0,1004.1898193359375,25.649999618530273,-0.09572694450616837,0.13004283607006073,0,0,0.0,0.0,0.0,0,0,0.08667256683111191,46.84000015258789,-0.10773033648729324,0.9071931838989258,247.0,247.0,97.0,97.0,42804,42839,42817,42822,0,42839,STANDBY
2.569999933242798,0.25999999046325684,9.289999961853027,0.0,0.0,-37.099998474121094,1004.1737670898438,25.649999618530273,-0.04708904027938843,-0.14551517367362976,0,0,0.0,0.0,0.0,0,0,0.09161656349897385,47.880001068115234,-0.06976531445980072,0.8939787149429321,251.0,251.0,97.0,97.0,42904,42939,42919,42926,0,42939,STANDBY
1.5800000429153442,1.0800000429153442,9.1899995803833,0.0,30.100000381469727,-212.89999389648438,1004.16357421875,25.65999984741211,0.015169882215559483,0.2776314914226532,0,0,0.0,0.0,0.0,0,0,0.07562486827373505,62.04999923706055,-0.0319833979010582,0.9258400201797485,260.0,260.0,97.0,97.0,43004,43039,43023,43029,0,43039,STANDBY
2.1600000858306885,0.47999998927116394,8.40999984741211,-16.100000381469727,43.099998474121094,-208.3000030517578,1004.1595458984375,25.649999618530273,0.0333467461168766,0.32504862546920776,0,0,0.0,0.0,0.0,0,0,0.04022339731454849,87.44999694824219,-0.014557329006493092,0.9714041352272034,255.0,255.0,97.0,97.0,43104,43139,43126,43132,0,43139,STANDBY
2.2200000286102295,0.36000001430511475,10.75,-28.0,18.200000762939453,-132.3000030517578,1004.1621704101562,25.649999618530273,0.056449152529239655,0.27069100737571716,0,0,0.0,0.0,0.0,0,0,0.03787346929311752,101.1500015258789,-0.020813623443245888,0.9741813540458679,252.0,252.0,97.0,97.0,43204,43239,43231,43237,0,43239,STANDBY
0.009999999776482582,-0.4099999964237213,10.949999809265137,-15.300000190734863,-16.700000762939453,-227.0,1004.1688842773438,25.649999618530273,0.017643006518483162,0.06475923210382462,0,0,0.0,0.0,0.0,0,0,0.04101687669754028,118.91000366210938,-0.023163549602031708,0.9864497780799866,259.0,259.0,97.0,97.0,43304,43339,43317,43323,0,43339,STANDBY
-0.25,-0.07999999821186066,10.489999771118164,21.0,-27.399999618530273,-55.20000076293945,1004.1702880859375,25.649999618530273,-0.014992051757872105,-0.28784364461898804,0,0,0.0,0.0,0.0,0,0,0.033692434430122375,135.0,-0.0018005920574069023,0.9914243221282959,276.0,276.0,97.0,97.0,43404,43439,43420,43426,0,43439,STANDBY
1.1399999856948853,1.0099999904632568,9.649999618530273,26.399999618530273,-21.799999237060547,-48.20000076293945,1004.1629028320312,25.649999618530273,0.030309276655316353,-0.04663441330194473,0,0,0.0,0.0,0.0,0,0,0.04184087738394737,136.4199981689453,0.022736290469765663,0.981719434261322,282.0,282.0,97.0,97.0,43504,43539,43506,43533,0,43539,STANDBY
1.5099999904632568,2.190000057220459,7.690000057220459,0.0,0.0,-227.3000030517578,1004.169677734375,25.649999618530273,0.01741929166018963,0.16858646273612976,0,0,0.0,0.0,0.0,0,0,0.038453321903944016,157.3800048828125,0.05136265233159065,0.9947507977485657,269.0,269.0,97.0,97.0,43604,43639,43627,43633,0,43639,STANDBY
1.0299999713897705,2.5,10.229999542236328,0.0,0.0,-154.1999969482422,1004.1804809570312,25.65999984741211,-0.0967223048210144,-0.47199875116348267,0,0,0.0,0.0,0.0,0,0,0.020447401329874992,175.88999938964844,0.07998901605606079,0.9965819120407104,269.0,269.0,97.0,97.0,43704,43739,43730,43737,0,43739,STANDBY
-0.4000000059604645,1.659999966621399,11.210000038146973,0.0,-20.0,-129.10000610351562,1004.1715087890625,25.649999618530273,-0.0734240710735321,-0.5674499273300171,0,0,0.0,0.0,0.0,0,0,0.020142216235399246,-170.75999450683594,0.08914456516504288,0.9941404461860657,280.0,280.0,97.0,97.0,43804,43839,43817,43824,0,43839,STANDBY
0.7099999785423279,1.0,9.699999809265137,0.0,0.0,0.0,1004.1830444335938,25.649999618530273,-0.11111952364444733,-0.14191097021102905,0,0,0.0,0.0,0.0,0,0,0.00634784996509552,-165.85000610351562,0.07632679492235184,0.9964903593063354,299.0,299.0,97.0,97.0,43904,43939,43921,43927,0,43939,STANDBY
0.25999999046325684,1.850000023841858,8.25,0.0,0.0,-79.30000305175781,1004.183837890625,25.65999984741211,-0.1036154180765152,-0.04908014461398125,0,0,0.0,0.0,0.0,0,0,0.0046388134360313416,-162.24000549316406,0.08267464488744736,0.9964903593063354,295.0,295.0,97.0,97.0,44004,44039,44025,44032,0,44039,STANDBY
0.3700000047683716,1.0800000429153442,8.180000305175781,-22.899999618530273,0.0,-176.0,1004.1920166015625,25.65999984741211,-0.1687861829996109,-0.22800219058990479,0,0,0.0,0.0,0.0,0,0,-0.006958220154047012,-148.57000732421875,0.0787682756781578,0.9932249188423157,286.0,286.0,97.0,97.0,44104,44139,44129,44136,0,44139,STANDBY
-2.490000009536743,2.25,10.949999809265137,-25.799999237060547,0.0,-168.3000030517578,1004.177001953125,25.65999984741211,-0.08516088873147964,-0.0156840942800045,0,0,0.0,0.0,0.0,0,0,-0.030549028888344765,-130.75,0.06524857133626938,0.9793389439582825,281.0,281.0,97.0,97.0,44204,44239,44216,44222,0,44239,STANDBY
-0.7900000214576721,1.690000057220459,10.869999885559082,0.0,0.0,-72.4000015258789,1004.1980590820312,25.65999984741211,-0.198751300573349,-0.09614872187376022,0,0,0.0,0.0,0.0,0,0,-0.04419080168008804,-120.5999984741211,0.06952116638422012,0.9761955738067627,284.0,284.0,97.0,97.0,44304,44339,44319,44325,0,44339,STANDBY
-0.8100000023841858,0.23999999463558197,9.829999923706055,0.0,0.0,-79.19999694824219,1004.1871948242188,25.65999984741211,-0.2114713490009308,-0.6092821359634399,0,0,0.0,0.0,0.0,0,0,-0.05392620712518692,-111.45999908447266,0.07077242434024811,0.9748527407646179,289.0,289.0,97.0,97.0,44404,44439,44424,44430,0,44439,STANDBY
-0.3400000035762787,-0.5899999737739563,9.130000114440918,-20.200000762939453,0.0,-66.30000305175781,1004.1722412109375,25.649999618530273,-0.0995168685913086,0.1525745689868927,0,0,0.0,0.0,0.0,0,0,-0.057618945837020874,-105.63999938964844,0.046479690819978714,0.9783318638801575,292.0,292.0,97.0,97.0,44504,44539,44510,44532,0,44539,STANDBY
-0.5699999928474426,-0.6700000166893005,8.710000038146973,0.0,0.0,-28.799999237060547,1004.1796875,25.649999618530273,-0.07998781651258469,0.6780894994735718,0,0,0.0,0.0,0.0,0,0,-0.0639973133802414,-99.83000183105469,0.01821955107152462,0.9856868386268616,287.0,287.0,97.0,97.0,44604,44639,44631,44637,0,44639,STANDBY
-0.5699999928474426,-1.0700000524520874,10.260000228881836,0.0,0.0,0.0,1004.185302734375,25.65999984741211,-0.12358753383159637,0.12442012131214142,0,0,0.0,0.0,0.0,0,0,-0.06414990872144699,-99.47000122070312,0.009491256438195705,0.9931944012641907,290.0,290.0,97.0,97.0,44704,44739,44717,44724,0,44739,STANDBY
-0.9800000190734863,-1.1799999475479126,10.010000228881836,0.0,0.0,0.0,1004.2054443359375,25.65999984741211,-0.25337302684783936,-0.65034019947052,0,0,0.0,0.0,0.0,0,0,-0.06503494083881378,-99.47000122070312,-0.0026551103219389915,0.9972228407859802,297.0,297.0,97.0,97.0,44804,44839,44821,44827,0,44839,STANDBY
-1.350000023841858,-1.2400000095367432,9.220000267028809,0.0,0.0,0.0,1004.2062377929688,25.65999984741211,-0.28793734312057495,-0.7764153480529785,0,0,0.0,0.0,0.0,0,0,-0.07275612652301788,-99.47000122070312,-0.01654103212058544,0.9971618056297302,294.0,294.0,97.0,97.0,44904,44939,44924,44931,0,44939,STANDBY
-1.8700000047683716,-1.1399999856948853,9.260000228881836,0.0,0.0,19.0,1004.2095947265625,25.65999984741211,-0.34263378381729126,-0.5767230987548828,0,0,0.0,0.0,0.0,0,0,-0.08557390421628952,-100.69999694824219,-0.029694510623812675,0.9947813153266907,288.0,288.0,97.0,97.0,45004,45039,45028,45034,0,45039,STANDBY
-1.8600000143051147,-0.7900000214576721,9.40999984741211,0.0,0.0,0.0,1004.2047729492188,25.65999984741211,-0.2884474992752075,-0.11801555752754211,0,0,0.0,0.0,0.0,0,0,-0.09625537693500519,-101.62000274658203,-0.03885006159543991,0.9919736385345459,281.0,281.0,97.0,97.0,45104,45139,45131,45137,0,45139,STANDBY
-1.190000057220459,-0.46000000834465027,9.5600004196167,0.0,-18.399999618530273,17.899999618530273,1004.2235107421875,25.670000076293945,-0.38629284501075745,-0.09872503578662872,0,0,0.0,0.0,0.0,0,0,-0.09424115717411041,-103.06999969482422,-0.04031495004892349,0.9900509715080261,278.0,278.0,97.0,97.0,45204,45239,45217,45223,0,45239,STANDBY
-0.8399999737739563,-0.33000001311302185,9.489999771118164,0.0,-21.799999237060547,17.0,1004.2142333984375,25.670000076293945,-0.3709762990474701,-0.3692145049571991,0,0,0.0,0.0,0.0,0,0,-0.07461775839328766,-103.37999725341797,-0.040101323276758194,0.9908139109611511,272.0,272.0,97.0,97.0,45304,45339,45321,45327,0,45339,STANDBY
-0.03999999910593033,-0.5,9.800000190734863,0.0,-18.0,0.0,1004.21826171875,25.670000076293945,-0.37372973561286926,-0.048864878714084625,0,0,0.0,0.0,0.0,0,0,-0.05221717059612274,-104.4000015258789,-0.04110843315720558,0.9910275340080261,270.0,270.0,97.0,97.0,45405,45440,45424,45430,0,45440,STANDBY
0.17000000178813934,-0.6399999856948853,9.699999809265137,0.0,0.0,0.0,1004.2201538085938,25.670000076293945,-0.4201279878616333,-0.20917470753192902,0,0,0.0,0.0,0.0,0,0,-0.041596729308366776,-104.4000015258789,-0.04272591322660446,0.9909970164299011,270.0,270.0,97.0,97.0,45505,45540,45510,45535,0,45540,STANDBY
0.1899999976158142,-1.0700000524520874,9.960000038146973,0.0,0.0,0.0,1004.2134399414062,25.670000076293945,-0.36468976736068726,-0.04317197948694229,0,0,0.0,0.0,0.0,0,0,-0.03433332219719887,-104.4000015258789,-0.05017242953181267,0.9904171824455261,270.0,270.0,97.0,97.0,45605,45640,45630,45636,0,45640,STANDBY
0.3799999952316284,-1.149999976158142,9.789999961853027,0.0,0.0,0.0,1004.2067260742188,25.670000076293945,-0.3490365743637085,0.22838503122329712,0,0,0.0,0.0,0.0,0,0,-0.02945036254823208,-104.4000015258789,-0.0553300566971302,0.9898068308830261,272.0,272.0,97.0,97.0,45705,45740,45716,45722,0,45740,STANDBY
0.5699999928474426,-1.100000023841858,9.609999656677246,0.0,0.0,0.0,1004.2201538085938,25.670000076293945,-0.41255712509155273,-0.15092724561691284,0,0,0.0,0.0,0.0,0,0,-0.022736290469765663,-104.4000015258789,-0.06265450268983841,0.9893490672111511,273.0,273.0,97.0,97.0,45805,45840,45818,45825,0,45840,STANDBY
0.8299999833106995,-1.1799999475479126,10.5600004196167,0.0,0.0,0.0,1004.2033081054688,25.670000076293945,-0.3341670632362366,0.02203052118420601,0,0,0.0,0.0,0.0,0,0,-0.012817773967981339,-104.4000015258789,-0.06683553755283356,0.9892880320549011,277.0,277.0,97.0,97.0,45905,45940,45922,45928,0,45940,STANDBY
0.75,-0.6600000262260437,10.010000228881836,0.0,0.0,0.0,1004.20068359375,25.670000076293945,-0.2657405436038971,0.5993797779083252,0,0,0.0,0.0,0.0,0,0,-0.009613330475986004,-104.4000015258789,-0.06485183537006378,0.9896542429924011,282.0,282.0,97.0,97.0,46005,46040,46026,46032,0,46040,STANDBY
0.5299999713897705,-0.25,9.0600004196167,0.0,0.0,28.5,1004.19140625,25.670000076293945,-0.1974751353263855,0.7257784605026245,0,0,0.0,0.0,0.0,0,0,-0.008148442022502422,-106.72000122070312,-0.05935849994421005,0.9877620935440063,277.0,277.0,97.0,97.0,46105,46140,46130,46136,0,46140,STANDBY
-0.019999999552965164,0.07999999821186066,8.970000267028809,0.0,0.0,44.0,1004.2081909179688,25.670000076293945,-0.27747485041618347,0.1410258710384369,0,0,0.0,0.0,0.0,0,0,-0.01434369944036007,-109.83999633789062,-0.05230872705578804,0.9852290153503418,266.0,266.0,97.0,97.0,46205,46240,46217,46223,0,46240,STANDBY
0.10000000149011612,0.27000001072883606,9.529999732971191,0.0,0.0,19.799999237060547,1004.2156372070312,25.670000076293945,-0.3395155072212219,-0.48529505729675293,0,0,0.0,0.0,0.0,0,0,-0.020355846732854843,-113.05999755859375,-0.043916136026382446,0.983397901058197,256.0,256.0,97.0,97.0,46305,46340,46320,46326,0,46340,STANDBY
0.1899999976158142,0.23000000417232513,9.229999542236328,0.0,0.0,23.5,1004.1962280273438,25.68000030517578,-0.29567039012908936,-0.3254651725292206,0,0,0.0,0.0,0.0,0,0,-0.024018067866563797,-115.30999755859375,-0.03637806326150894,0.983184278011322,246.0,246.0,97.0,97.0,46405,46440,46424,46430,0,46440,STANDBY
0.8500000238418579,-0.11999999731779099,9.59000015258789,0.0,0.0,16.5,1004.2115478515625,25.670000076293945,-0.32577773928642273,-0.027541384100914,0,0,0.0,0.0,0.0,0,0,-0.01895199529826641,-117.13999938964844,-0.03390606492757797,0.982329785823822,241.0,241.0,97.0,97.0,46505,46540,46510,46536,0,46540,STANDBY
1.0499999523162842,-0.5600000023841858,9.729999542236328,0.0,0.0,0.0,1004.22314453125,25.68000030517578,-0.4182720184326172,-0.37164777517318726,0,0,0.0,0.0,0.0,0,0,-0.005371257662773132,-117.13999938964844,-0.03512680530548096,0.9843745231628418,240.0,240.0,97.0,97.0,46605,46640,46630,46637,0,46640,STANDBY
1.3600000143051147,-0.9900000095367432,10.829999923706055,0.0,0.0,0.0,1004.2150268554688,25.68000030517578,-0.4242923855781555,-0.5720154047012329,0,0,0.0,0.0,0.0,0,0,0.007080294191837311,-117.13999938964844,-0.039613027125597,0.9844355583190918,250.0,250.0,97.0,97.0,46705,46740,46731,46737,0,46740,STANDBY
1.350000023841858,-1.4600000381469727,9.710000038146973,0.0,0.0,21.299999237060547,1004.2196655273438,25.65999984741211,-0.43136656284332275,-0.21122726798057556,0,0,0.0,0.0,0.0,0,0,0.014160588383674622,-117.51000213623047,-0.05233924463391304,0.9837336540222168,254.0,254.0,97.0,97.0,46806,46840,46817,46823,0,46840,STANDBY
0.10000000149011612,-0.49000000953674316,11.180000305175781,0.0,18.399999618530273,19.299999237060547,1004.21875,25.68000030517578,-0.41194942593574524,0.08126965165138245,0,0,0.0,0.0,0.0,0,0,0.010101626627147198,-119.80000305175781,-0.05633717030286789,0.9811090230941772,254.0,254.0,97.0,97.0,46906,46940,46920,46926,0,46940,STANDBY
-0.07000000029802322,0.0,10.260000228881836,0.0,0.0,0.0,1004.228759765625,25.68000030517578,-0.4524300992488861,0.007598854601383209,0,0,0.0,0.0,0.0,0,0,-0.012085329741239548,-119.80000305175781,-0.0477614663541317,0.982573926448822,246.0,246.0,97.0,97.0,47006,47040,47024,47030,0,47040,STANDBY
0.12999999523162842,-0.5699999928474426,9.869999885559082,0.0,0.0,0.0,1004.208984375,25.670000076293945,-0.3422413766384125,0.27436715364456177,0,0,0.0,0.0,0.0,0,0,-0.002471999265253544,-119.80000305175781,-0.049562059342861176,0.982940137386322,248.0,248.0,97.0,97.0,47106,47140,47127,47133,0,47140,STANDBY
0.7799999713897705,-0.6100000143051147,9.729999542236328,0.0,0.0,0.0,1004.209716796875,25.68000030517578,-0.34334832429885864,0.4259231388568878,0,0,0.0,0.0,0.0,0,0,-0.0036927396431565285,-119.80000305175781,-0.04947050288319588,0.9840388298034668,245.0,245.0,97.0,97.0,47206,47240,47229,47236,0,47240,STANDBY
0.4000000059604645,-0.5799999833106995,9.670000076293945,0.0,0.0,0.0,1004.21826171875,25.670000076293945,-0.366849809885025,0.04294455796480179,0,0,0.0,0.0,0.0,0,0,-0.0037842951714992523,-119.80000305175781,-0.04913480207324028,0.9847712516784668,243.0,243.0,97.0,97.0,47306,47340,47333,47339,0,47340,STANDBY
0.5099999904632568,-0.5299999713897705,9.75,0.0,0.0,0.0,1004.2150268554688,25.670000076293945,-0.3509020209312439,0.032613612711429596,0,0,0.0,0.0,0.0,0,0,-0.00238044373691082,-119.80000305175781,-0.04843287542462349,0.9851069450378418,242.0,242.0,97.0,97.0,47406,47440,47418,47424,0,47440,STANDBY
0.47999998927116394,-0.38999998569488525,9.760000228881836,0.0,0.0,0.0,1004.2123413085938,25.670000076293945,-0.3732348680496216,-0.1071268767118454,0,0,0.0,0.0,0.0,0,0,-0.0025025177747011185,-119.80000305175781,-0.046479690819978714,0.9853205680847168,239.0,239.0,97.0,97.0,47506,47540,47521,47534,0,47540,STANDBY
0.3700000047683716,-0.5600000023841858,9.710000038146973,0.0,0.0,0.0,1004.1846923828125,25.670000076293945,-0.25594383478164673,0.14775677025318146,0,0,0.0,0.0,0.0,0,0,-0.0007019257172942162,-119.80000305175781,-0.04623554274439812,0.9855952858924866,238.0,238.0,97.0,97.0,47606,47640,47624,47630,0,47640,STANDBY
0.6200000047683716,-0.6000000238418579,9.720000267028809,0.0,0.0,0.0,1004.2119750976562,25.68000030517578,-0.30773672461509705,0.3947972059249878,0,0,0.0,0.0,0.0,0,0,-6.103701889514923e-05,-119.80000305175781,-0.04596087709069252,0.9859614968299866,236.0,236.0,97.0,97.0,47706,47740,47727,47733,0,47740,STANDBY
0.75,-0.6200000047683716,9.6899995803833,0.0,0.0,0.0,1004.193603515625,25.68000030517578,-0.23539738357067108,0.2938421666622162,0,0,0.0,0.0,0.0,0,0,0.0010071108117699623,-119.80000305175781,-0.04574724659323692,0.9857478737831116,236.0,236.0,97.0,97.0,47806,47840,47830,47836,0,47840,STANDBY
0.3400000035762787,-0.5699999928474426,9.729999542236328,0.0,0.0,0.0,1004.2003173828125,25.68000030517578,-0.31999874114990234,-0.1671799272298813,0,0,0.0,0.0,0.0,0,0,0.00012207403779029846,-119.80000305175781,-0.046418651938438416,0.9859920144081116,235.0,235.0,97.0,97.0,47906,47940,47933,47939,0,47940,STANDBY
0.6000000238418579,-0.5899999737739563,9.710000038146973,0.0,0.0,0.0,1004.219482421875,25.690000534057617,-0.3742600083351135,-0.5013682246208191,0,0,0.0,0.0,0.0,0,0,0.0014038514345884323,-119.80000305175781,-0.046388134360313416,0.9859309792518616,234.0,234.0,97.0,97.0,48006,48040,48018,48024,0,48040,STANDBY
0.47999998927116394,-0.49000000953674316,9.760000228881836,0.0,0.0,0.0,1004.2145385742188,25.68000030517578,-0.39067456126213074,-0.3055400848388672,0,0,0.0,0.0,0.0,0,0,0.0010071108117699623,-119.80000305175781,-0.047090061008930206,0.9859920144081116,233.0,233.0,97.0,97.0,48106,48140,48121,48128,0,48140,STANDBY
0.46000000834465027,-0.5400000214576721,9.729999542236328,0.0,0.0,0.0,1004.2228393554688,25.690000534057617,-0.40285247564315796,-0.1728287935256958,0,0,0.0,0.0,0.0,0,0,0.001342814415693283,-119.80000305175781,-0.047791987657547,0.9863887429237366,232.0,232.0,97.0,97.0,48206,48240,48224,48231,0,48240,STANDBY
0.49000000953674316,-0.5600000023841858,9.720000267028809,0.0,0.0,0.0,1004.2217407226562,25.690000534057617,-0.4086030125617981,-0.045467790216207504,0,0,0.0,0.0,0.0,0,0,0.0016174810007214546,-119.80000305175781,-0.047883540391922,0.9864497780799866,232.0,232.0,97.0,97.0,48306,48340,48327,48333,0,48340,STANDBY
0.44999998807907104,-0.5199999809265137,9.739999771118164,0.0,0.0,0.0,1004.2459106445312,25.700000762939453,-0.5134446024894714,-0.35215991735458374,0,0,0.0,0.0,0.0,0,0,0.001831110566854477,-119.80000305175781,-0.04840235784649849,0.9864192605018616,231.0,231.0,97.0,97.0,48406,48440,48431,48437,0,48440,STANDBY
0.5299999713897705,-0.5400000214576721,9.75,0.0,0.0,0.0,1004.2175903320312,25.690000534057617,-0.4511335790157318,-0.34304994344711304,0,0,0.0,0.0,0.0,0,0,0.0025940733030438423,-119.80000305175781,-0.049592576920986176,0.9865413308143616,231.0,231.0,97.0,97.0,48506,48540,48533,48539,0,48540,STANDBY
0.38999998569488525,-0.5199999809265137,9.739999771118164,0.0,0.0,0.0,1004.2284545898438,25.690000534057617,-0.4832138419151306,-0.09683707356452942,0,0,0.0,0.0,0.0,0,0,0.0014038514345884323,-119.80000305175781,-0.050233468413352966,0.9866023659706116,231.0,231.0,97.0,97.0,48606,48640,48619,48625,0,48640,STANDBY
0.4699999988079071,-0.5099999904632568,9.739999771118164,0.0,0.0,0.0,1004.2164916992188,25.700000762939453,-0.4187355637550354,0.15286220610141754,0,0,0.0,0.0,0.0,0,0,0.002929776906967163,-119.80000305175781,-0.050416577607393265,0.9861140847206116,231.0,231.0,97.0,97.0,48706,48740,48721,48728,0,48740,STANDBY
0.4399999976158142,-0.5400000214576721,9.729999542236328,0.0,0.0,0.0,1004.2015380859375,25.690000534057617,-0.31014159321784973,0.6776992082595825,0,0,0.0,0.0,0.0,0,0,0.002136295661330223,-119.80000305175781,-0.05258339270949364,0.9857478737831116,231.0,231.0,97.0,97.0,48806,48840,48825,48831,0,48840,STANDBY
0.5199999809265137,-0.5600000023841858,9.729999542236328,0.0,0.0,0.0,1004.21044921875,25.700000762939453,-0.3319926857948303,0.5238116979598999,0,0,0.0,0.0,0.0,0,0,0.0027466658502817154,-119.80000305175781,-0.054414503276348114,0.9856563210487366,231.0,231.0,97.0,97.0,48906,48940,48927,48934,0,48940,STANDBY
0.38999998569488525,-0.5299999713897705,9.739999771118164,0.0,0.0,0.0,1004.2064208984375,25.700000762939453,-0.3411301374435425,-0.03086145967245102,0,0,0.0,0.0,0.0,0,0,0.00198370311409235,-119.80000305175781,-0.0556047260761261,0.9861140847206116,231.0,231.0,97.0,97.0,49006,49040,49031,49037,0,49040,STANDBY
0.5699999928474426,-0.5699999928474426,9.720000267028809,0.0,0.0,0.0,1004.201171875,25.700000762939453,-0.27386245131492615,0.21783852577209473,0,0,0.0,0.0,0.0,0,0,0.002471999265253544,-119.80000305175781,-0.05475020781159401,0.9859004616737366,231.0,231.0,97.0,97.0,49106,49140,49134,49140,0,49140,STANDBY
0.4000000059604645,-0.550000011920929,9.729999542236328,0.0,0.0,0.0,1004.2029418945312,25.700000762939453,-0.27752023935317993,0.34961241483688354,0,0,0.0,0.0,0.0,0,0,0.002288888208568096,-119.80000305175781,-0.053590502589941025,0.9858089089393616,232.0,232.0,97.0,97.0,49206,49240,49219,49225,0,49240,STANDBY
0.4699999988079071,-0.5299999713897705,9.729999542236328,0.0,0.0,0.0,1004.209716796875,25.700000762939453,-0.2929699420928955,0.046674203127622604,0,0,0.0,0.0,0.0,0,0,0.0029908139258623123,-119.80000305175781,-0.053590502589941025,0.9863277077674866,232.0,232.0,97.0,97.0,49306,49340,49323,49329,0,49340,STANDBY
0.4300000071525574,-0.5299999713897705,9.729999542236328,0.0,0.0,0.0,1004.214599609375,25.700000762939453,-0.35107874870300293,-0.2646537721157074,0,0,0.0,0.0,0.0,0,0,0.00277718435972929,-119.80000305175781,-0.05178990960121155,0.9861446022987366,233.0,233.0,97.0,97.0,49406,49440,49425,49431,0,49440,STANDBY
0.5600000023841858,-0.5199999809265137,9.729999542236328,0.0,0.0,0.0,1004.2037353515625,25.700000762939453,-0.26288169622421265,0.05960865318775177,0,0,0.0,0.0,0.0,0,0,0.003479110077023506,-119.80000305175781,-0.05014191195368767,0.9859004616737366,233.0,233.0,97.0,97.0,49506,49540,49511,49534,0,49540,STANDBY
0.4300000071525574,-0.5400000214576721,9.729999542236328,0.0,0.0,0.0,1004.197021484375,25.700000762939453,-0.2650146186351776,0.2839774191379547,0,0,0.0,0.0,0.0,0,0,0.003906369209289551,-119.80000305175781,-0.049501024186611176,0.9861751198768616,234.0,234.0,97.0,97.0,49606,49640,49632,49638,0,49640,STANDBY
0.47999998927116394,-0.550000011920929,9.729999542236328,0.0,0.0,0.0,1004.2015380859375,25.690000534057617,-0.26230481266975403,0.018231550231575966,0,0,0.0,0.0,0.0,0,0,0.0040894802659749985,-119.80000305175781,-0.04849391058087349,0.9859309792518616,235.0,235.0,97.0,97.0,49707,49740,49717,49723,0,49740,STANDBY
0.3400000035762787,-0.5299999713897705,9.729999542236328,0.0,0.0,0.0,1004.174560546875,25.690000534057617,-0.11452323198318481,0.5786357522010803,0,0,0.0,0.0,0.0,0,0,0.0048829615116119385,-119.80000305175781,-0.0477309487760067,0.9856258034706116,235.0,235.0,97.0,97.0,49807,49840,49820,49826,0,49840,STANDBY
0.6399999856948853,-0.550000011920929,9.710000038146973,0.0,0.0,0.0,1004.19140625,25.690000534057617,-0.16042737662792206,0.5472808480262756,0,0,0.0,0.0,0.0,0,0,0.0052797021344304085,-119.80000305175781,-0.047914061695337296,0.9857478737831116,236.0,236.0,97.0,97.0,49907,49940,49923,49929,0,49940,STANDBY
0.3499999940395355,-0.5699999928474426,9.729999542236328,0.0,0.0,0.0,1004.2123413085938,25.700000762939453,-0.31667017936706543,-0.6009557247161865,0,0,0.0,0.0,0.0,0,0,0.004943998530507088,-119.80000305175781,-0.04919583722949028,0.9860835671424866,237.0,237.0,97.0,97.0,50007,50040,50026,50032,0,50040,STANDBY
0.6000000238418579,-0.550000011920929,9.720000267028809,0.0,0.0,0.0,1004.21044921875,25.700000762939453,-0.31660646200180054,-0.752678394317627,0,0,0.0,0.0,0.0,0,0,0.005706961266696453,-119.80000305175781,-0.050325021147727966,0.9864802956581116,237.0,237.0,97.0,97.0,50107,50140,50128,50135,0,50140,STANDBY
0.4300000071525574,-0.5299999713897705,9.729999542236328,0.0,0.0,0.0,1004.2022094726562,25.700000762939453,-0.26789677143096924,0.03409317135810852,0,0,0.0,0.0,0.0,0,0,0.004852443002164364,-119.80000305175781,-0.05072176456451416,0.9870601296424866,239.0,239.0,97.0,97.0,50207,50240,50232,50238,0,50240,STANDBY
0.6000000238418579,-0.5099999904632568,9.760000228881836,0.0,0.0,0.0,1004.197021484375,25.700000762939453,-0.2338988482952118,0.31418880820274353,0,0,0.0,0.0,0.0,0,0,0.006530961021780968,-119.80000305175781,-0.04974517226219177,0.9872737526893616,239.0,239.0,97.0,97.0,50307,50340,50317,50323,0,50340,STANDBY
0.5899999737739563,-0.5099999904632568,9.75,0.0,0.0,0.0,1004.2045288085938,25.700000762939453,-0.2702844738960266,0.06720516830682755,0,0,0.0,0.0,0.0,0,0,0.004791405983269215,-119.80000305175781,-0.05005035549402237,0.9874264001846313,240.0,240.0,97.0,97.0,50407,50440,50420,50426,0,50440,STANDBY
0.27000001072883606,-0.5699999928474426,9.710000038146973,0.0,0.0,0.0,1004.21044921875,25.700000762939453,-0.34962669014930725,-0.48509570956230164,0,0,0.0,0.0,0.0,0,0,0.0058290353044867516,-119.80000305175781,-0.050416577607393265,0.9876705408096313,241.0,241.0,97.0,97.0,50507,50542,50523,50538,0,50542,STANDBY
0.6299999952316284,-0.6200000047683716,9.6899995803833,0.0,0.0,0.0,1004.1903076171875,25.700000762939453,-0.23316967487335205,-0.042473308742046356,0,0,0.0,0.0,0.0,0,0,0.006439405493438244,-119.80000305175781,-0.05069124326109886,0.9874874353408813,241.0,241.0,97.0,97.0,50607,50642,50625,50631,0,50642,STANDBY
0.5400000214576721,-0.5099999904632568,9.739999771118164,0.0,0.0,0.0,1004.2086181640625,25.709999084472656,-0.28370335698127747,0.3515372574329376,0,0,0.0,0.0,0.0,0,0,0.005767998285591602,-119.80000305175781,-0.051210060715675354,0.9880672693252563,243.0,243.0,97.0,97.0,50707,50742,50728,50735,0,50742,STANDBY
0.3499999940395355,-0.5099999904632568,9.729999542236328,0.0,0.0,0.0,1004.205322265625,25.709999084472656,-0.2793702185153961,-0.02276565134525299,0,0,0.0,0.0,0.0,0,0,0.006317331455647945,-119.80000305175781,-0.05264442786574364,0.9892269372940063,243.0,243.0,97.0,97.0,50807,50842,50831,50837,0,50842,STANDBY
0.5600000023841858,-0.5799999833106995,9.710000038146973,0.0,0.0,0.0,1004.189208984375,25.709999084472656,-0.2045193314552307,0.20896129310131073,0,0,0.0,0.0,0.0,0,0,0.006134220398962498,-119.80000305175781,-0.052674949169158936,0.9900204539299011,244.0,244.0,97.0,97.0,50907,50942,50934,50940,0,50942,STANDBY
0.36000001430511475,-0.5699999928474426,9.729999542236328,0.0,0.0,0.0,1004.1911010742188,25.700000762939453,-0.1735105812549591,0.4657462239265442,0,0,0.0,0.0,0.0,0,0,0.005340739153325558,-119.80000305175781,-0.051881466060876846,0.9900814890861511,245.0,245.0,97.0,97.0,51007,51042,51020,51026,0,51042,STANDBY
0.5099999904632568,-0.5199999809265137,9.770000457763672,0.0,0.0,0.0,1004.20263671875,25.709999084472656,-0.2045036405324936,0.23455087840557098,0,0,0.0,0.0,0.0,0,0,0.007599108852446079,-119.80000305175781,-0.04919583722949028,0.9897152781486511,246.0,246.0,97.0,97.0,51107,51142,51123,51129,0,51142,STANDBY
0.5799999833106995,-0.5199999809265137,9.739999771118164,0.0,0.0,0.0,1004.2000122070312,25.709999084472656,-0.23405708372592926,-0.19776389002799988,0,0,0.0,0.0,0.0,0,0,0.007232886739075184,-119.80000305175781,-0.046327099204063416,0.9889522790908813,247.0,247.0,97.0,97.0,51208,51243,51226,51232,0,51243,STANDBY
0.28999999165534973,-0.5899999737739563,9.720000267028809,0.0,0.0,0.0,1004.1967163085938,25.709999084472656,-0.18463298678398132,0.012192171066999435,0,0,0.0,0.0,0.0,0,0,0.007507553324103355,-119.80000305175781,-0.04437391459941864,0.9880977869033813,248.0,248.0,97.0,97.0,51308,51343,51329,51335,0,51343,STANDBY
0.550000011920929,-0.5699999928474426,9.729999542236328,0.0,0.0,0.0,1004.1974487304688,25.709999084472656,-0.2083267867565155,0.11729051917791367,0,0,0.0,0.0,0.0,0,0,0.00946073792874813,-119.80000305175781,-0.04306161776185036,0.9875484704971313,248.0,248.0,97.0,97.0,51408,51443,51431,51437,0,51443,STANDBY
0.49000000953674316,-0.5099999904632568,9.75,0.0,0.0,0.0,1004.211669921875,25.719999313354492,-0.3029496371746063,-0.4765194058418274,0,0,0.0,0.0,0.0,0,0,0.008636738173663616,-119.80000305175781,-0.04184087738394737,0.9869075417518616,250.0,250.0,97.0,97.0,51508,51543,51534,51542,0,51543,STANDBY
0.4699999988079071,-0.5099999904632568,9.75,0.0,0.0,0.0,1004.2022705078125,25.719999313354492,-0.2895510494709015,-0.48319974541664124,0,0,0.0,0.0,0.0,0,0,0.010345774702727795,-119.80000305175781,-0.04141361638903618,0.9866939187049866,250.0,250.0,97.0,97.0,51608,51643,51620,51625,0,51643,STANDBY
0.550000011920929,-0.5199999809265137,9.75,0.0,0.0,0.0,1004.1884155273438,25.709999084472656,-0.21372123062610626,0.14651218056678772,0,0,0.0,0.0,0.0,0,0,0.009674367494881153,-119.80000305175781,-0.04141361638903618,0.9869075417518616,251.0,251.0,97.0,97.0,51708,51743,51723,51729,0,51743,STANDBY
0.44999998807907104,-0.5799999833106995,9.729999542236328,0.0,0.0,0.0,1004.1873168945312,25.709999084472656,-0.16209301352500916,0.5705289840698242,0,0,0.0,0.0,0.0,0,0,0.010010071098804474,-119.80000305175781,-0.04144413769245148,0.9869380593299866,252.0,252.0,97.0,97.0,51808,51843,51826,51831,0,51843,STANDBY
0.5,-0.5600000023841858,9.729999542236328,0.0,0.0,0.0,1004.1888427734375,25.719999313354492,-0.14578327536582947,0.48388272523880005,0,0,0.0,0.0,0.0,0,0,0.010467848740518093,-119.80000305175781,-0.04150517284870148,0.9869990944862366,252.0,252.0,97.0,97.0,51908,51943,51929,51935,0,51943,STANDBY
0.41999998688697815,-0.5400000214576721,9.739999771118164,0.0,0.0,0.0,1004.2037353515625,25.719999313354492,-0.2058863490819931,0.02728314697742462,0,0,0.0,0.0,0.0,0,0,0.010345774702727795,-119.80000305175781,-0.04226813465356827,0.9872432351112366,253.0,253.0,97.0,97.0,52008,52043,52031,52038,0,52043,STANDBY
0.5199999809265137,-0.5299999713897705,9.729999542236328,0.0,0.0,0.0,1004.2022705078125,25.719999313354492,-0.22876764833927155,-0.30593693256378174,0,0,0.0,0.0,0.0,0,0,0.010467848740518093,-119.80000305175781,-0.04300057888031006,0.9879757165908813,254.0,254.0,97.0,97.0,52108,52143,52134,52141,0,52143,STANDBY
0.4300000071525574,-0.5400000214576721,9.729999542236328,0.0,0.0,0.0,1004.2064208984375,25.719999313354492,-0.31123030185699463,-0.6154338121414185,0,0,0.0,0.0,0.0,0,0,0.010620441287755966,-119.80000305175781,-0.04269539564847946,0.9879451990127563,254.0,254.0,97.0,97.0,52208,52243,52220,52227,0,52243,STANDBY
0.5,-0.550000011920929,9.729999542236328,0.0,0.0,0.0,1004.2139282226562,25.719999313354492,-0.36862868070602417,-0.7463052272796631,0,0,0.0,0.0,0.0,0,0,0.011017181910574436,-119.80000305175781,-0.042390208691358566,0.9880367517471313,255.0,255.0,97.0,97.0,52308,52343,52323,52329,0,52343,STANDBY
0.4399999976158142,-0.5699999928474426,9.729999542236328,0.0,0.0,0.0,1004.2206420898438,25.719999313354492,-0.406528115272522,-0.4842545688152313,0,0,0.0,0.0,0.0,0,0,0.010742515325546265,-119.80000305175781,-0.042451247572898865,0.9883114099502563,256.0,256.0,97.0,97.0,52408,52443,52426,52432,0,52443,STANDBY
0.46000000834465027,-0.550000011920929,9.729999542236328,0.0,0.0,0.0,1004.1888427734375,25.719999313354492,-0.26082926988601685,0.22873009741306305,0,0,0.0,0.0,0.0,0,0,0.011017181910574436,-119.80000305175781,-0.04284798726439476,0.9888302087783813,256.0,256.0,97.0,97.0,52508,52543,52512,52536,0,52543,STANDBY
0.5099999904632568,-0.5400000214576721,9.739999771118164,0.0,0.0,0.0,1004.19970703125,25.719999313354492,-0.22975437343120575,0.7793600559234619,0,0,0.0,0.0,0.0,0,0,0.011535996571183205,-119.80000305175781,-0.043153174221515656,0.9895932078361511,256.0,256.0,97.0,97.0,52608,52643,52632,52638,0,52643,STANDBY
0.41999998688697815,-0.550000011920929,9.729999542236328,0.0,0.0,0.0,1004.2123413085938,25.719999313354492,-0.35127294063568115,-0.10601304471492767,0,0,0.0,0.0,0.0,0,0,0.010681478306651115,-119.80000305175781,-0.04339732229709625,0.9902035593986511,257.0,257.0,97.0,97.0,52708,52743,52734,52741,0,52743,STANDBY
0.5899999737739563,-0.5600000023841858,9.720000267028809,0.0,0.0,0.0,1004.2037353515625,25.719999313354492,-0.3104753792285919,-0.42106688022613525,0,0,0.0,0.0,0.0,0,0,0.011291848495602608,-119.80000305175781,-0.04312265291810036,0.9904171824455261,257.0,257.0,97.0,97.0,52808,52843,52820,52827,0,52843,STANDBY
0.3100000023841858,-0.5699999928474426,9.729999542236328,0.0,0.0,0.0,1004.2072143554688,25.719999313354492,-0.33962899446487427,-0.0623188391327858,0,0,0.0,0.0,0.0,0,0,0.011230811476707458,-119.80000305175781,-0.04287850484251976,0.9906613230705261,257.0,257.0,97.0,97.0,52908,52943,52923,52929,0,52943,STANDBY
0.47999998927116394,-0.5299999713897705,9.739999771118164,0.0,0.0,0.0,1004.2045288085938,25.729999542236328,-0.326396644115448,-0.09257520735263824,0,0,0.0,0.0,0.0,0,0,0.011383404023945332,-119.80000305175781,-0.043214209377765656,0.9909664988517761,258.0,258.0,97.0,97.0,53008,53043,53026,53032,0,53043,STANDBY
0.49000000953674316,-0.5400000214576721,9.729999542236328,0.0,0.0,0.0,1004.21044921875,25.719999313354492,-0.34813687205314636,-0.024941755458712578,0,0,0.0,0.0,0.0,0,0,0.011688589118421078,-119.80000305175781,-0.04293954372406006,0.9911190867424011,258.0,258.0,97.0,97.0,53108,53143,53129,53135,0,53143,STANDBY
0.49000000953674316,-0.5299999713897705,9.729999542236328,0.0,0.0,0.0,1004.2153930664062,25.729999542236328,-0.3561094105243683,-0.04288577288389206,0,0,0.0,0.0,0.0,0,0,0.012085329741239548,-119.80000305175781,-0.04309213533997536,0.9911496043205261,258.0,258.0,97.0,97.0,53208,53243,53232,53238,0,53243,STANDBY
0.4099999964237213,-0.5600000023841858,9.739999771118164,0.0,0.0,0.0,1004.214599609375,25.729999542236328,-0.358723521232605,-0.013538511469960213,0,0,0.0,0.0,0.0,0,0,0.011535996571183205,-119.80000305175781,-0.04312265291810036,0.9912106394767761,258.0,258.0,97.0,97.0,53308,53343,53335,53341,0,53343,STANDBY
0.5199999809265137,-0.5600000023841858,9.720000267028809,0.0,0.0,0.0,1004.221435546875,25.729999542236328,-0.4305129647254944,-0.34762319922447205,0,0,0.0,0.0,0.0,0,0,0.011749626137316227,-119.80000305175781,-0.04303110018372536,0.9914548397064209,258.0,258.0,97.0,97.0,53408,53443,53421,53427,0,53443,STANDBY
