imu_ax,imu_ay,imu_az,imu_gx,imu_gy,imu_gz,baro_pressure_hPa,baro_temperature_C,baro_altitude_m,baro_climbRate_mps,gps_latE7,gps_lonE7,gps_altitude_m,gps_speed_mps,gps_heading_deg,gps_sats,gps_fix,roll_deg,filterRoll_deg,pitch_deg,yaw_deg,servoDegree_deg,baroTimeMs,gpsTimeMs,aTimeMs,aRxTimeMs,state,timeMs,stateStr
0.07000000029802322,0.0,9.8100004196167,0.0,0.0,0.0,1019.1738891601562,27.889999389648438,-0.010385880246758461,0.0,0,0,0.0,0.0,0.0,0,0,0.21997742354869843,0.0,-0.10931730270385742,0.5897701978683472,0.0,4601,4601,89772,4601,0,4601,STANDBY
0.029999999329447746,0.0,9.800000190734863,0.0,0.0,0.0,1019.1722412109375,27.889999389648438,0.007789410185068846,0.0581609308719635,0,0,0.0,0.0,0.0,0,0,0.3158360421657562,0.0,0.32013916969299316,-0.7426984310150146,0.0,4701,4701,94254,4694,0,4701,STANDBY
0.029999999329447746,0.029999999329447746,9.8100004196167,0.0,0.0,0.0,1019.1682739257812,27.8799991607666,0.041543520987033844,0.14523614943027496,373997984,1267763200,3.5,0.0,0.0,12,1,0.3716544210910797,0.0,0.29593798518180847,-0.5665150880813599,0.0,4801,4801,94356,4796,0,4801,STANDBY
0.019999999552965164,0.05000000074505806,9.8100004196167,0.0,0.0,0.0,1019.1604614257812,27.8799991607666,0.10385879874229431,0.2923600375652313,373997984,1267763200,3.5,0.0,0.0,12,1,0.3966795802116394,0.0,0.25888851284980774,-0.34665974974632263,0.0,4901,4901,94458,4898,0,4901,STANDBY
0.05000000074505806,0.029999999329447746,9.800000190734863,0.0,0.0,0.0,1019.1627197265625,27.8799991607666,0.08568350970745087,0.12894950807094574,373997984,1267763200,3.5,0.0,0.0,12,1,0.39139989018440247,0.0,0.21558275818824768,-0.1502731442451477,0.0,5001,5001,94541,4981,0,5001,STANDBY
0.05000000074505806,0.009999999776482582,9.8100004196167,0.0,0.0,0.0,1019.1610717773438,27.8799991607666,0.09866586327552795,0.14899733662605286,373997984,1267763200,3.5,0.0,0.0,12,1,0.3563341200351715,0.0,0.13779106736183167,0.10489211976528168,0.0,5101,5101,94644,5084,0,5101,STANDBY
0.05000000074505806,0.18000000715255737,9.829999923706055,0.0,0.0,0.0,1019.15380859375,27.8799991607666,0.15838468074798584,0.3342335820198059,373997984,1267763200,3.5,0.0,0.0,12,1,0.29844051599502563,0.0,0.0319223627448082,0.3506271541118622,0.0,5201,5201,94746,5186,0,5201,STANDBY
-0.14000000059604645,-0.05000000074505806,9.829999923706055,0.0,0.0,0.0,1019.1498413085938,27.8799991607666,0.19213879108428955,0.34892594814300537,373997984,1267763200,3.5,0.0,0.0,12,1,0.2292855679988861,0.0,-0.09271523356437683,0.5654774904251099,0.0,5301,5301,94850,5289,0,5301,STANDBY
0.11999999731779099,-0.05000000074505806,9.779999732971191,0.0,0.0,0.0,1019.15380859375,27.8799991607666,0.15838468074798584,0.08829617500305176,373997984,1267763200,3.5,0.0,0.0,12,1,0.15482039749622345,0.0,-0.20490127801895142,0.7334208488464355,0.0,5401,5401,94952,5392,0,5401,STANDBY
0.12999999523162842,-0.18000000715255737,9.770000457763672,0.0,0.0,0.0,1019.1459350585938,27.8700008392334,0.2232964187860489,0.3161565065383911,373997984,1267763200,3.5,0.0,0.0,12,1,0.0712607204914093,0.0,-0.2844630181789398,0.8506119251251221,0.0,5501,5501,95054,5494,0,5501,STANDBY
0.23999999463558197,0.18000000715255737,9.789999961853027,0.0,0.0,0.0,1019.1403198242188,27.8700008392334,0.2674364149570465,0.3435881733894348,373997984,1267763200,3.5,0.0,0.0,12,1,-0.02215643785893917,0.0,-0.3257545828819275,0.9184240102767944,0.0,5601,5601,95158,5598,0,5601,STANDBY
-0.30000001192092896,-0.009999999776482582,9.859999656677246,0.0,0.0,0.0,1019.138671875,27.8700008392334,0.28301525115966797,0.269748717546463,373997984,1267763200,3.5,0.15433332324028015,0.0,12,1,-0.11966307461261749,0.0,-0.3411358892917633,0.9323709607124329,0.0,5701,5701,95260,5700,0,5701,STANDBY
0.2199999988079071,0.10999999940395355,9.779999732971191,0.0,0.0,0.0,1019.138671875,27.8700008392334,0.28301525115966797,0.1726391762495041,373997984,1267763200,3.5,0.15433332324028015,0.0,12,1,-0.19461654126644135,0.0,-0.3410443365573883,0.9015473127365112,0.0,5801,5801,95342,5783,0,5801,STANDBY
-0.10999999940395355,-0.3100000023841858,9.770000457763672,0.0,0.0,0.0,1019.1370239257812,27.8700008392334,0.29599758982658386,0.15203255414962769,373997984,1267763200,3.5,0.15433332324028015,0.0,12,1,-0.2796410918235779,0.0,-0.32923367619514465,0.809015154838562,0.0,5901,5901,95446,5885,0,5901,STANDBY
0.2800000011920929,0.14000000059604645,9.789999961853027,0.0,0.0,0.0,1019.1307983398438,27.860000610351562,0.34533050656318665,0.2551661729812622,373997984,1267763200,3.5,0.15433332324028015,0.0,12,1,-0.3482772409915924,0.0,-0.3090609312057495,0.6571550369262695,0.0,6001,6001,95548,5988,0,6001,STANDBY
-0.1899999976158142,-0.019999999552965164,9.880000114440918,0.0,0.0,0.0,1019.122314453125,27.860000610351562,0.41543519496917725,0.4251120090484619,373997984,1267763200,3.5,0.15433332324028015,0.0,12,1,-0.3890499472618103,0.0,-0.2778405249118805,0.4539933502674103,0.0,6102,6102,95650,6090,0,6102,STANDBY
0.07000000029802322,0.23000000417232513,9.84000015258789,0.0,0.0,0.0,1019.1279907226562,27.860000610351562,0.36869874596595764,0.0851258933544159,373997984,1267763200,3.5,0.15433332324028015,0.0,12,1,-0.3961912989616394,0.0,-0.2307504564523697,0.2150028944015503,0.0,6202,6202,95753,6193,0,6202,STANDBY
0.019999999552965164,-0.03999999910593033,9.8100004196167,0.0,0.0,0.0,1019.1279907226562,27.860000610351562,0.36869874596595764,0.054480571299791336,373997984,1267763200,3.5,0.15433332324028015,0.0,12,1,-0.3675954341888428,0.0,-0.16037476062774658,-0.04184087738394737,0.0,6302,6302,95855,6295,0,6302,STANDBY
0.17000000178813934,-0.029999999329447746,9.779999732971191,0.0,0.0,0.0,1019.1256103515625,27.860000610351562,0.38947051763534546,0.11795465648174286,373997984,1267763200,3.5,0.15433332324028015,0.0,12,1,-0.31476789712905884,0.0,-0.05865657702088356,-0.2938322126865387,0.0,6402,6402,95959,6398,0,6402,STANDBY
-0.029999999329447746,-0.07000000029802322,9.819999694824219,0.0,0.0,0.0,1019.1233520507812,27.850000381469727,0.4076457917690277,0.14819207787513733,373997984,1267763200,3.5,0.15433332324028015,0.0,12,1,-0.2457960695028305,0.0,0.0637226477265358,-0.5202795267105103,0.0,6502,6502,96061,6501,0,6502,STANDBY
0.07000000029802322,0.10000000149011612,9.819999694824219,0.0,0.0,0.0,1019.1233520507812,27.850000381469727,0.4076457917690277,0.09484293311834335,373997984,1267763200,3.5,0.15433332324028015,0.0,12,1,-0.17093417048454285,0.0,0.18411816656589508,-0.7013153433799744,0.0,6627,6627,96163,6627,0,6627,STANDBY
-0.03999999910593033,0.0,9.8100004196167,0.0,0.0,0.0,1019.1273193359375,27.860000610351562,0.373891681432724,-0.04731367155909538,373997952,1267763200,3.5,0.12861110270023346,0.0,12,1,-0.07025361061096191,0.0,0.2851344347000122,-0.8504287600517273,0.0,6727,6727,96287,6727,0,6727,STANDBY
0.09000000357627869,0.05000000074505806,9.789999961853027,0.0,0.0,0.0,1019.12109375,27.850000381469727,0.42582109570503235,0.15043362975120544,373997952,1267763200,3.4000000953674316,0.12861110270023346,0.0,12,1,0.0037842951714992523,0.0,0.32108524441719055,-0.9092990159988403,0.0,6827,6827,96369,6810,0,6827,STANDBY
0.019999999552965164,-0.05999999865889549,9.800000190734863,0.0,0.0,0.0,1019.125,27.850000381469727,0.39206698536872864,-0.038738913834095,373997952,1267763200,3.4000000953674316,0.12861110270023346,0.0,12,1,0.10251167416572571,0.0,0.3410138189792633,-0.9336527585983276,0.0,6927,6927,96473,6913,0,6927,STANDBY
0.05999999865889549,0.0,9.800000190734863,0.0,0.0,0.0,1019.125,27.850000381469727,0.39206698536872864,-0.024792905896902084,373997952,1267763200,3.4000000953674316,0.12861110270023346,0.0,12,1,0.1979125291109085,0.0,0.3407391607761383,-0.8991973400115967,0.0,7027,7027,96576,7016,0,7027,STANDBY
0.03999999910593033,0.029999999329447746,9.8100004196167,0.0,0.0,0.0,1019.126708984375,27.850000381469727,0.37908461689949036,-0.06779693067073822,373997952,1267763200,3.4000000953674316,0.12861110270023346,0.0,12,1,0.2844935357570648,0.0,0.32880643010139465,-0.8024536967277527,0.0,7127,7127,96678,7118,0,7127,STANDBY
-0.029999999329447746,0.0,9.819999694824219,0.0,0.0,0.0,1019.12109375,27.850000381469727,0.42582109570503235,0.1435558795928955,373997952,1267763200,3.4000000953674316,0.12861110270023346,0.0,12,1,0.35200047492980957,0.0,0.3077486455440521,-0.6455275416374207,0.0,7227,7227,96781,7221,0,7227,STANDBY
0.05999999865889549,0.05999999865889549,9.800000190734863,0.0,0.0,0.0,1019.12109375,27.850000381469727,0.42582109570503235,0.09187576174736023,373997952,1267763200,3.4000000953674316,0.12861110270023346,0.0,12,1,0.39136937260627747,0.0,0.27552109956741333,-0.4372386932373047,0.0,7327,7327,96883,7324,0,7327,STANDBY
-0.009999999776482582,-0.029999999329447746,9.800000190734863,0.0,0.0,0.0,1019.1233520507812,27.850000381469727,0.4076457917690277,0.0006395161035470665,373997952,1267763200,3.4000000953674316,0.12861110270023346,0.0,12,1,0.395306259393692,0.0,0.22556230425834656,-0.19348734617233276,0.0,7427,7427,96987,7427,0,7427,STANDBY
0.09000000357627869,0.029999999329447746,9.789999961853027,0.0,0.0,0.0,1019.1273193359375,27.860000610351562,0.373891681432724,-0.10760386288166046,373997952,1267763200,3.4000000953674316,0.12861110270023346,0.0,12,1,0.3726310133934021,0.0,0.16837061941623688,0.01434369944036007,0.0,7527,7527,97069,7508,0,7527,STANDBY
0.0,0.0,9.8100004196167,0.0,0.0,0.0,1019.1217041015625,27.850000381469727,0.420628160238266,0.06212432682514191,373997952,1267763200,3.4000000953674316,0.12861110270023346,0.0,12,1,0.32038331031799316,0.0,0.06933805346488953,0.2712180018424988,0.0,7690,7690,97171,7690,0,7690,STANDBY
0.0,-0.019999999552965164,9.8100004196167,0.0,0.0,0.0,1019.1256103515625,27.860000610351562,0.38947051763534546,-0.05994488671422005,373997952,1267763200,3.0,0.12861110270023346,0.0,12,1,0.2069765329360962,0.0,-0.12933744490146637,0.6220587491989136,0.0,7790,7790,97336,7776,0,7790,STANDBY
0.07000000029802322,0.019999999552965164,9.819999694824219,0.0,0.0,0.0,1019.1239624023438,27.860000610351562,0.40245285630226135,0.0031787545885890722,373997952,1267763200,3.0,0.12861110270023346,0.0,12,1,0.1278115212917328,0.0,-0.23581652343273163,0.7771843671798706,0.0,7890,7890,97438,7878,0,7890,STANDBY
0.009999999776482582,0.0,9.819999694824219,0.0,0.0,0.0,1019.1199951171875,27.850000381469727,0.4336104989051819,0.10173886269330978,373997952,1267763200,3.0,0.12861110270023346,0.0,12,1,0.03878902643918991,0.0,-0.3034455478191376,0.8799707293510437,0.0,7990,7990,97542,7982,0,7990,STANDBY
0.009999999776482582,0.029999999329447746,9.8100004196167,0.0,0.0,0.0,1019.126220703125,27.860000610351562,0.3842775821685791,-0.09275246411561966,373997952,1267763200,3.0,0.12861110270023346,0.0,12,1,-0.05871761217713356,0.0,-0.334879606962204,0.9299600124359131,0.0,8090,8090,97644,8084,0,8090,STANDBY
0.05000000074505806,0.019999999552965164,9.8100004196167,0.0,0.0,0.0,1019.130126953125,27.860000610351562,0.3505234718322754,-0.16737473011016846,373997952,1267763200,3.0,0.12861110270023346,0.0,12,1,-0.15741446614265442,0.0,-0.3428754508495331,0.921536922454834,0.0,8190,8190,97747,8187,0,8190,STANDBY
0.019999999552965164,0.0,9.819999694824219,0.0,0.0,0.0,1019.12451171875,27.860000610351562,0.397259920835495,0.0694400891661644,373997952,1267763200,3.0,0.12861110270023346,0.0,12,1,-0.23203222453594208,0.0,-0.33756524324417114,0.8699911236763,0.0,8290,8290,97829,8269,0,8290,STANDBY
0.05000000074505806,0.019999999552965164,9.8100004196167,0.0,0.0,0.0,1019.1212768554688,27.860000610351562,0.42322462797164917,0.14830048382282257,373997952,1267763200,3.0,0.12861110270023346,0.0,12,1,-0.31336405873298645,0.0,-0.32190924882888794,0.748344361782074,0.0,8390,8390,97932,8372,0,8390,STANDBY
0.0,-0.019999999552965164,9.8100004196167,0.0,0.0,0.0,1019.1275024414062,27.860000610351562,0.373891681432724,-0.0985502228140831,373997952,1267763200,3.0,0.12861110270023346,0.0,12,1,-0.3718375265598297,0.0,-0.29642629623413086,0.5674917101860046,0.0,8491,8491,98035,8475,0,8491,STANDBY
0.05999999865889549,0.019999999552965164,9.8100004196167,0.0,0.0,0.0,1019.1218872070312,27.860000610351562,0.4180316925048828,0.11348789930343628,373997952,1267763200,3.0,0.12861110270023346,0.0,12,1,-0.3975341022014618,0.0,-0.25730153918266296,0.3400372266769409,0.0,8591,8591,98138,8578,0,8591,STANDBY
0.0,0.0,9.8100004196167,0.0,0.0,0.0,1019.1201782226562,27.860000610351562,0.4310140311717987,0.1245616152882576,373997952,1267763200,3.0,0.12861110270023346,0.0,12,1,-0.38615068793296814,0.0,-0.19705802202224731,0.08429212123155594,0.0,8691,8691,98240,8680,0,8691,STANDBY
0.03999999910593033,0.03999999910593033,9.8100004196167,0.0,0.0,0.0,1019.1168823242188,27.860000610351562,0.45957520604133606,0.1711152046918869,373997952,1267763200,3.0,0.36525553464889526,0.0,12,1,-0.3420514464378357,0.0,-0.10904263705015182,-0.17899106442928314,0.0,8791,8791,98343,8783,0,8791,STANDBY
0.019999999552965164,0.009999999776482582,9.819999694824219,0.0,0.0,0.0,1019.1190795898438,27.860000610351562,0.4413999021053314,0.051352765411138535,373997952,1267763200,2.700000047683716,0.36525553464889526,0.0,12,1,-0.2774742841720581,0.0,0.008087405003607273,-0.42518386244773865,0.0,8891,8891,98446,8886,0,8891,STANDBY
0.029999999329447746,0.0,9.819999694824219,0.0,0.0,0.0,1019.126953125,27.8700008392334,0.3764881491661072,-0.17485183477401733,373997952,1267763200,2.700000047683716,0.36525553464889526,0.0,12,1,-0.20267342031002045,0.0,0.1355937421321869,-0.6320993900299072,0.0,8991,8991,98548,8988,0,8991,STANDBY
0.03999999910593033,0.0,9.800000190734863,0.0,0.0,0.0,1019.123046875,27.8700008392334,0.4102422595024109,-0.003892028471454978,373997952,1267763200,2.700000047683716,0.36525553464889526,0.0,12,1,-0.13888972997665405,0.0,0.22373118996620178,-0.7592089772224426,0.0,9091,9091,98631,9071,0,9091,STANDBY
0.0,0.0,9.819999694824219,0.0,0.0,0.0,1019.1190795898438,27.860000610351562,0.4413999021053314,0.09721355885267258,373997952,1267763200,2.700000047683716,0.36525553464889526,0.0,12,1,-0.05011139437556267,0.0,0.29697561264038086,-0.8702353239059448,0.0,9191,9191,98734,9174,0,9191,STANDBY
0.05999999865889549,0.029999999329447746,9.8100004196167,0.0,0.0,0.0,1019.126953125,27.8700008392334,0.3764881491661072,-0.1725042164325714,373997952,1267763200,2.700000047683716,0.36525553464889526,0.0,12,1,0.047853022813797,0.0,0.3332010805606842,-0.9270607829093933,0.0,9291,9291,98837,9277,0,9291,STANDBY
0.0,0.0,9.819999694824219,0.0,0.0,0.0,1019.126953125,27.8700008392334,0.3764881491661072,-0.11040270328521729,373997952,1267763200,2.700000047683716,0.36525553464889526,0.0,12,1,0.14795373380184174,0.0,0.3431806266307831,-0.9249855279922485,0.0,9391,9391,98939,9379,0,9391,STANDBY
0.03999999910593033,0.03999999910593033,9.819999694824219,0.0,0.0,0.0,1019.123046875,27.8700008392334,0.4102422595024109,0.06435871124267578,373997952,1267763200,2.700000047683716,0.36525553464889526,0.0,12,1,0.24210333824157715,0.0,0.33655813336372375,-0.8592486381530762,0.0,9491,9491,99043,9483,0,9491,STANDBY
0.009999999776482582,0.0,9.819999694824219,0.0,0.0,0.0,1019.123046875,27.8700008392334,0.4102422595024109,0.04118957743048668,373997952,1267763200,2.700000047683716,0.36525553464889526,0.0,12,1,0.32200080156326294,0.0,0.3194982707500458,-0.7288125157356262,0.0,9591,9591,99145,9585,0,9591,STANDBY
0.05000000074505806,0.0,9.8100004196167,0.0,0.0,0.0,1019.123046875,27.8700008392334,0.4102422595024109,0.026361331343650818,373997952,1267763200,2.700000047683716,0.36525553464889526,0.0,12,1,0.37730032205581665,0.0,0.2920316159725189,-0.538987398147583,0.0,9691,9691,99248,9688,0,9691,STANDBY
0.03999999910593033,0.0,9.819999694824219,0.0,0.0,0.0,1019.126953125,27.8700008392334,0.3764881491661072,-0.11814519017934799,373997920,1267762944,2.700000047683716,1.1677888631820679,268.5799865722656,12,1,0.3982360363006592,0.0,0.24961088597774506,-0.3040864169597626,0.0,9791,9791,99350,9790,0,9791,STANDBY
0.029999999329447746,0.029999999329447746,9.819999694824219,0.0,0.0,0.0,1019.1213989257812,27.8700008392334,0.42322462797164917,0.07394381612539291,373997920,1267762944,2.0999999046325684,1.1677888631820679,268.5799865722656,12,1,0.3874935209751129,0.0,0.20029297471046448,-0.09646900743246078,0.0,9891,9891,99432,9873,0,9891,STANDBY
0.029999999329447746,0.019999999552965164,9.819999694824219,0.0,0.0,0.0,1019.1157836914062,27.860000610351562,0.4673646092414856,0.23225301504135132,373997920,1267762944,2.0999999046325684,1.1677888631820679,268.5799865722656,12,1,0.34446242451667786,0.0,0.11255226284265518,0.16901150345802307,0.0,9942,9991,99535,9975,0,9991,STANDBY
0.03999999910593033,0.009999999776482582,9.819999694824219,0.0,0.0,0.0,1019.1196899414062,27.8700008392334,0.43620696663856506,0.024011358618736267,373997920,1267762944,2.0999999046325684,1.1677888631820679,268.5799865722656,12,1,0.2795190215110779,0.0,-0.004119998775422573,0.4187444746494293,0.0,10042,10091,99638,10078,0,10091,STANDBY
0.03999999910593033,0.009999999776482582,9.8100004196167,0.0,0.0,0.0,1019.1253051757812,27.8700008392334,0.38947051763534546,-0.1715785264968872,373997920,1267762944,2.0999999046325684,1.1677888631820679,268.5799865722656,12,1,0.20392468571662903,0.0,-0.13327433168888092,0.6288949251174927,0.0,10144,10191,99740,10181,0,10191,STANDBY
0.03999999910593033,0.0,9.8100004196167,0.0,0.0,0.0,1019.1213989257812,27.8700008392334,0.42322462797164917,0.02520618587732315,373997920,1267762944,2.0999999046325684,1.1677888631820679,268.5799865722656,12,1,0.12244026362895966,0.0,-0.24091310799121857,0.7849055528640747,0.0,10244,10291,99844,10284,0,10291,STANDBY
0.05000000074505806,0.029999999329447746,9.8100004196167,0.0,0.0,0.0,1019.1174926757812,27.860000610351562,0.4543822705745697,0.11583641916513443,373997920,1267762944,2.0999999046325684,1.1677888631820679,268.5799865722656,12,1,0.030640583485364914,0.0,-0.30701619386672974,0.886379599571228,0.0,10344,10391,99946,10386,0,10391,STANDBY
0.019999999552965164,0.009999999776482582,9.8100004196167,0.0,0.0,0.0,1019.1151733398438,27.860000610351562,0.47255754470825195,0.13229618966579437,373997920,1267762944,2.0999999046325684,1.1677888631820679,268.5799865722656,12,1,-0.06967375427484512,0.0,-0.33729055523872375,0.9317606091499329,0.0,10444,10491,100049,10489,0,10491,STANDBY
0.019999999552965164,0.019999999552965164,9.8100004196167,0.0,0.0,0.0,1019.1151733398438,27.860000610351562,0.47255754470825195,0.0846695601940155,373997920,1267762944,2.0999999046325684,1.1677888631820679,268.5799865722656,12,1,-0.1503646969795227,0.0,-0.34351634979248047,0.9240089058876038,0.0,10544,10591,100131,10571,0,10591,STANDBY
0.03999999910593033,0.0,9.8100004196167,0.0,0.0,0.0,1019.1129150390625,27.860000610351562,0.4907328486442566,0.1123494878411293,373997920,1267762944,2.0999999046325684,1.1677888631820679,268.5799865722656,12,1,-0.2454298585653305,0.0,-0.33652761578559875,0.8552812337875366,0.0,10644,10691,100235,10675,0,10691,STANDBY
0.05000000074505806,0.0,9.8100004196167,0.0,0.0,0.0,1019.110595703125,27.860000610351562,0.511504590511322,0.16537654399871826,373997920,1267762944,2.0999999046325684,1.0237443447113037,268.4599914550781,12,1,-0.3252967894077301,0.0,-0.3186742663383484,0.7206335663795471,0.0,10744,10791,100337,10777,0,10791,STANDBY
0.03999999910593033,0.009999999776482582,9.8100004196167,0.0,0.0,0.0,1019.1162719726562,27.860000610351562,0.4647681415081024,-0.08110480010509491,373997920,1267762944,1.7000000476837158,1.0237443447113037,268.4599914550781,12,1,-0.3796807825565338,0.0,-0.28986480832099915,0.5258644223213196,0.0,10845,10891,100440,10881,0,10891,STANDBY
0.029999999329447746,0.009999999776482582,9.819999694824219,0.0,0.0,0.0,1019.1201782226562,27.860000610351562,0.4310140311717987,-0.18692351877689362,373997920,1267762944,1.7000000476837158,1.0237443447113037,268.4599914550781,12,1,-0.3982970714569092,0.0,-0.2457045167684555,0.2861720621585846,0.0,10945,10991,100542,10983,0,10991,STANDBY
0.029999999329447746,0.029999999329447746,9.819999694824219,0.0,0.0,0.0,1019.1162719726562,27.860000610351562,0.4647681415081024,0.01538538932800293,373997920,1267762944,1.7000000476837158,1.0237443447113037,268.4599914550781,12,1,-0.3786431550979614,0.0,-0.17850276827812195,0.021790215745568275,0.0,11045,11091,100645,11085,0,11091,STANDBY
0.009999999776482582,0.009999999776482582,9.8100004196167,0.0,0.0,0.0,1019.1123657226562,27.860000610351562,0.49592578411102295,0.13447721302509308,373997920,1267762944,1.7000000476837158,1.0237443447113037,268.4599914550781,12,1,-0.3276161849498749,0.0,-0.08108767867088318,-0.24433118104934692,0.0,11145,11191,100748,11188,0,11191,STANDBY
0.029999999329447746,0.009999999776482582,9.8100004196167,0.0,0.0,0.0,1019.1201782226562,27.860000610351562,0.4310140311717987,-0.17358160018920898,373997920,1267762944,1.7000000476837158,1.0237443447113037,268.4599914550781,12,1,-0.25766777992248535,0.0,0.043153174221515656,-0.48689231276512146,0.0,11245,11291,100850,11290,0,11291,STANDBY
0.0,0.019999999552965164,9.819999694824219,0.0,0.0,0.0,1019.1224975585938,27.860000610351562,0.41283872723579407,-0.16925320029258728,373997920,1267762944,1.7000000476837158,1.0237443447113037,268.4599914550781,12,1,-0.19556261599063873,0.0,0.14627522230148315,-0.6482436656951904,0.0,11345,11392,100932,11373,0,11392,STANDBY
0.03999999910593033,0.029999999329447746,9.819999694824219,0.0,0.0,0.0,1019.1168823242188,27.860000610351562,0.45957520604133606,0.041234683245420456,373997920,1267762944,1.7000000476837158,1.0237443447113037,268.4599914550781,12,1,-0.11224707961082458,0.0,0.25052645802497864,-0.7995238900184631,0.0,11445,11492,101036,11475,0,11492,STANDBY
0.03999999910593033,-0.009999999776482582,9.8100004196167,0.0,0.0,0.0,1019.1151733398438,27.860000610351562,0.47255754470825195,0.06793367862701416,373997920,1267762944,1.7000000476837158,1.0237443447113037,268.4599914550781,12,1,-0.01818903163075447,0.0,0.31275367736816406,-0.8952299356460571,0.0,11545,11592,101138,11578,0,11592,STANDBY
0.05000000074505806,0.0,9.800000190734863,0.0,0.0,0.0,1019.1112670898438,27.860000610351562,0.5037152171134949,0.14318211376667023,373997920,1267762944,1.7000000476837158,1.0237443447113037,268.4599914550781,12,1,0.08383434265851974,0.0,0.33924373984336853,-0.9332865476608276,0.0,11645,11692,101241,11681,0,11692,STANDBY
0.03999999910593033,0.009999999776482582,9.8100004196167,0.0,0.0,0.0,1019.113525390625,27.860000610351562,0.48553991317749023,0.03347558528184891,373997920,1267762944,1.7000000476837158,1.0237443447113037,268.4599914550781,12,1,0.18503372371196747,0.0,0.3425092399120331,-0.9076510071754456,0.0,11745,11792,101344,11785,0,11792,STANDBY
0.0,0.019999999552965164,9.819999694824219,0.0,0.0,0.0,1019.1157836914062,27.860000610351562,0.4673646092414856,-0.03673659637570381,373997952,1267762816,1.7000000476837158,0.6996443867683411,268.4599914550781,12,1,0.2765587270259857,0.0,0.33115634322166443,-0.8146610856056213,0.0,11845,11892,101446,11886,0,11892,STANDBY
0.03999999910593033,0.03999999910593033,9.8100004196167,0.0,0.0,0.0,1019.1140747070312,27.860000610351562,0.48294344544410706,0.03880392014980316,373997952,1267762816,1.2000000476837158,0.6996443867683411,268.4599914550781,12,1,0.3491012156009674,0.0,0.3095187246799469,-0.6552323698997498,0.0,11945,11992,101550,11990,0,11992,STANDBY
0.009999999776482582,0.0,9.819999694824219,0.0,0.0,0.0,1019.1146850585938,27.8700008392334,0.4777504801750183,0.0040626488626003265,373997952,1267762816,1.2000000476837158,0.6996443867683411,268.4599914550781,12,1,0.39146092534065247,0.0,0.27536851167678833,-0.43964964151382446,0.0,12045,12092,101652,12092,0,12092,STANDBY
0.07000000029802322,0.009999999776482582,9.8100004196167,0.0,0.0,0.0,1019.116943359375,27.8700008392334,0.45957520604133606,-0.07010100036859512,373997952,1267762816,1.2000000476837158,0.6996443867683411,268.4599914550781,12,1,0.3976561725139618,0.0,0.23511460423469543,-0.2381969690322876,0.0,12146,12192,101734,12174,0,12192,STANDBY
0.0,-0.009999999776482582,9.819999694824219,0.0,0.0,0.0,1019.116943359375,27.8700008392334,0.45957520604133606,-0.04486463963985443,373997952,1267762816,1.2000000476837158,0.6996443867683411,268.4599914550781,12,1,0.3710135221481323,0.0,0.16153447329998016,0.03082369454205036,0.0,12246,12292,101836,12276,0,12292,STANDBY
0.05000000074505806,0.03999999910593033,9.819999694824219,0.0,0.0,0.0,1019.1129760742188,27.8700008392334,0.4907328486442566,0.07099109143018723,373997952,1267762816,1.2000000476837158,0.6996443867683411,268.4599914550781,12,1,0.31455427408218384,0.0,0.05728324130177498,0.29694509506225586,0.0,12346,12392,101940,12380,0,12392,STANDBY
0.0,0.009999999776482582,9.819999694824219,0.0,0.0,0.0,1019.116943359375,27.8700008392334,0.45957520604133606,-0.05427015945315361,373997952,1267762816,1.2000000476837158,0.6996443867683411,268.4599914550781,12,1,0.24143192172050476,0.0,-0.0715964213013649,0.5336771607398987,0.0,12446,12492,102042,12482,0,12492,STANDBY
0.029999999329447746,0.019999999552965164,9.800000190734863,0.0,0.0,0.0,1019.1203002929688,27.8700008392334,0.4310140311717987,-0.1261286586523056,373997952,1267762816,1.2000000476837158,0.6996443867683411,268.4599914550781,12,1,0.16098514199256897,0.0,-0.19513535499572754,0.7197179794311523,0.0,12546,12592,102145,12584,0,12592,STANDBY
0.029999999329447746,0.0,9.800000190734863,0.0,0.0,0.0,1019.116943359375,27.8700008392334,0.45957520604133606,0.01067341584712267,373997952,1267762816,1.2000000476837158,0.6996443867683411,268.4599914550781,12,1,0.07238990813493729,0.0,-0.28308969736099243,0.8481703996658325,0.0,12646,12692,102248,12688,0,12692,STANDBY
0.0,0.0,9.8100004196167,0.0,0.0,0.0,1019.1146850585938,27.8700008392334,0.4777504801750183,0.06499186158180237,373997952,1267762816,1.2000000476837158,0.6996443867683411,268.4599914550781,12,1,-0.02703939937055111,0.0,-0.32834863662719727,0.9197363257408142,0.0,12746,12792,102350,12790,0,12792,STANDBY
0.029999999329447746,0.019999999552965164,9.8100004196167,0.0,0.0,0.0,1019.1163940429688,27.8700008392334,0.46217167377471924,-0.04564656317234039,373997952,1267762816,1.2000000476837158,0.41155552864074707,268.4599914550781,12,1,-0.11008026450872421,0.0,-0.3424482047557831,0.9328287839889526,0.0,12846,12892,102432,12872,0,12892,STANDBY
0.029999999329447746,0.0,9.8100004196167,0.0,0.0,0.0,1019.11865234375,27.8700008392334,0.4439963698387146,-0.10191501677036285,373997952,1267762816,1.7000000476837158,0.41155552864074707,268.4599914550781,12,1,-0.21054719388484955,0.0,-0.3409833014011383,0.8892788290977478,0.0,12946,12992,102536,12976,0,12992,STANDBY
0.03999999910593033,0.019999999552965164,9.8100004196167,0.0,0.0,0.0,1019.1146850585938,27.8700008392334,0.4777504801750183,0.06979082524776459,373997952,1267762816,1.7000000476837158,0.41155552864074707,268.4599914550781,12,1,-0.29917293787002563,0.0,-0.3263649344444275,0.7765740156173706,0.0,13046,13092,102638,13078,0,13092,STANDBY
0.009999999776482582,0.0,9.819999694824219,0.0,0.0,0.0,1019.1090698242188,27.860000610351562,0.5218904614448547,0.2212260514497757,373997952,1267762816,1.7000000476837158,0.41155552864074707,268.4599914550781,12,1,-0.365062415599823,0.0,-0.3009430170059204,0.5978270769119263,0.0,13146,13192,102740,13181,0,13192,STANDBY
0.05999999865889549,0.03999999910593033,9.8100004196167,0.0,0.0,0.0,1019.1113891601562,27.8700008392334,0.5037152171134949,0.06888370215892792,373997952,1267762816,1.7000000476837158,0.41155552864074707,268.4599914550781,12,1,-0.3968016505241394,0.0,-0.2617267370223999,0.3665272891521454,0.0,13246,13292,102844,13284,0,13292,STANDBY
-0.029999999329447746,-0.10999999940395355,9.8100004196167,0.0,0.0,0.0,1019.1113891601562,27.8700008392334,0.5037152171134949,0.04408557340502739,373997952,1267762816,1.7000000476837158,0.41155552864074707,268.4599914550781,12,1,-0.3892025649547577,0.0,-0.20075075328350067,0.1028473749756813,0.0,13346,13392,102946,13386,0,13392,STANDBY
0.1599999964237213,0.11999999731779099,9.8100004196167,0.0,0.0,0.0,1019.1074829101562,27.860000610351562,0.534872829914093,0.12791912257671356,373997952,1267762816,1.7000000476837158,0.41155552864074707,268.4599914550781,12,1,-0.34446242451667786,0.0,-0.11185033619403839,-0.17099520564079285,0.0,13446,13492,103049,13489,0,13492,STANDBY
-0.11999999731779099,0.009999999776482582,9.84000015258789,0.0,0.0,0.0,1019.0995483398438,27.860000610351562,0.5997846126556396,0.2895859479904175,373997952,1267762816,1.7000000476837158,0.41155552864074707,268.4599914550781,12,1,-0.2775963544845581,0.0,0.010223700664937496,-0.4268929064273834,0.0,13546,13592,103151,13592,0,13592,STANDBY
0.05000000074505806,0.05000000074505806,9.819999694824219,0.0,0.0,0.0,1019.0984497070312,27.850000381469727,0.6101704835891724,0.24581876397132874,373997952,1267762816,1.7000000476837158,0.41155552864074707,268.4599914550781,12,1,-0.2624897062778473,0.0,0.03656117618083954,-0.47395244240760803,0.0,13689,13694,103173,13689,0,13694,STANDBY
0.03999999910593033,-0.009999999776482582,9.800000190734863,0.0,0.0,0.0,1019.0938110351562,27.850000381469727,0.6465210318565369,0.30272620916366577,373997952,1267762816,1.7000000476837158,0.41155552864074707,268.4599914550781,12,1,-0.13138218224048615,0.0,0.2309945970773697,-0.7706534266471863,0.0,13789,13794,103336,13776,0,13794,STANDBY
0.029999999329447746,-0.009999999776482582,9.8100004196167,0.0,0.0,0.0,1019.0892333984375,27.84000015258789,0.6854680776596069,0.34953296184539795,373997920,1267762816,1.7000000476837158,0.17491109669208527,268.4599914550781,12,1,-0.038422804325819016,0.0,0.3032624423503876,-0.8805505633354187,0.0,13889,13894,103439,13879,0,13894,STANDBY
0.07000000029802322,0.019999999552965164,9.8100004196167,0.0,0.0,0.0,1019.0867309570312,27.84000015258789,0.7036433815956116,0.2818620800971985,373997920,1267762816,1.7000000476837158,0.17491109669208527,268.4599914550781,12,1,0.06491287052631378,0.0,0.33729055523872375,-0.9307535290718079,0.0,13989,13995,103542,13982,0,13995,STANDBY
0.0,0.0,9.800000190734863,0.0,0.0,0.0,1019.0917358398438,27.84000015258789,0.6646963357925415,0.0557611845433712,373997920,1267762816,0.699999988079071,0.17491109669208527,268.4599914550781,12,1,0.16901150345802307,0.0,0.34388256072998047,-0.9158604741096497,0.0,14089,14095,103646,14086,0,14095,STANDBY
0.07000000029802322,0.07999999821186066,9.8100004196167,0.0,0.0,0.0,1019.0967407226562,27.84000015258789,0.6231527924537659,-0.09725218266248703,373997920,1267762816,0.699999988079071,0.17491109669208527,268.4599914550781,12,1,0.26459547877311707,0.0,0.3339335322380066,-0.8308969140052795,0.0,14189,14195,103748,14188,0,14195,STANDBY
-0.009999999776482582,-0.009999999776482582,9.819999694824219,0.0,0.0,0.0,1019.0868530273438,27.829999923706055,0.7036433815956116,0.195328488945961,373997920,1267762816,0.699999988079071,0.17491109669208527,268.4599914550781,12,1,0.3419293761253357,0.0,0.31269264221191406,-0.6764732599258423,0.0,14289,14295,103851,14292,0,14295,STANDBY
0.05999999865889549,0.07000000029802322,9.8100004196167,0.0,0.0,0.0,1019.085693359375,27.829999923706055,0.7140292525291443,0.13747325539588928,373997920,1267762816,0.699999988079071,0.17491109669208527,268.4599914550781,12,1,0.3887447714805603,0.0,0.2790002226829529,-0.4615924656391144,0.0,14389,14395,103953,14393,0,14395,STANDBY
-0.009999999776482582,-0.019999999552965164,9.819999694824219,0.0,0.0,0.0,1019.0890502929688,27.829999923706055,0.6854680776596069,-0.026261813938617706,373997920,1267762816,0.699999988079071,0.17491109669208527,268.4599914550781,12,1,0.3983581066131592,0.0,0.2388683706521988,-0.25840023159980774,0.0,14489,14495,104035,14476,0,14495,STANDBY
0.09000000357627869,0.05000000074505806,9.800000190734863,0.0,0.0,0.0,1019.086181640625,27.81999969482422,0.7088363170623779,0.07666539400815964,373997920,1267762816,0.699999988079071,0.17491109669208527,268.4599914550781,12,1,0.3738822638988495,0.0,0.1661427617073059,0.01541184727102518,0.0,14589,14595,104138,14578,0,14595,STANDBY
0.009999999776482582,-0.019999999552965164,9.800000190734863,0.0,0.0,0.0,1019.08154296875,27.81999969482422,0.7451869249343872,0.19446828961372375,373997920,1267762816,0.699999988079071,0.17491109669208527,268.4599914550781,12,1,0.317484050989151,0.0,0.06103701889514923,0.287179172039032,0.0,14689,14695,104241,14681,0,14695,STANDBY
0.05999999865889549,0.019999999552965164,9.8100004196167,0.0,0.0,0.0,1019.0770874023438,27.809999465942383,0.7815374732017517,0.2698619067668915,373997920,1267762816,0.699999988079071,0.17491109669208527,268.4599914550781,12,1,0.24295786023139954,0.0,-0.06854457408189774,0.5299233794212341,0.0,14789,14795,104343,14784,0,14795,STANDBY
0.029999999329447746,0.019999999552965164,9.8100004196167,0.0,0.0,0.0,1019.0843505859375,27.809999465942383,0.724415123462677,-0.05577777326107025,373997920,1267762816,0.699999988079071,0.17491109669208527,268.4599914550781,12,1,0.16061891615390778,0.0,-0.19541001319885254,0.7200842499732971,0.0,14889,14895,104446,14886,0,14895,STANDBY
-0.009999999776482582,0.009999999776482582,9.819999694824219,0.0,0.0,0.0,1019.0861206054688,27.809999465942383,0.7088363170623779,-0.08554995805025101,373997888,1267762816,0.699999988079071,0.5710332989692688,268.4599914550781,12,1,0.06964323669672012,0.0,-0.2839747369289398,0.8506729602813721,0.0,14989,14995,104549,14992,0,14995,STANDBY
0.05999999865889549,0.05000000074505806,9.800000190734863,0.0,0.0,0.0,1019.0820922851562,27.809999465942383,0.7425904273986816,0.053261179476976395,373997888,1267762816,0.699999988079071,0.5710332989692688,268.4599914550781,12,1,-0.0319528803229332,0.0,-0.32956936955451965,0.921567440032959,0.0,15089,15095,104652,15092,0,15095,STANDBY
0.019999999552965164,-0.009999999776482582,9.8100004196167,0.0,0.0,0.0,1019.078125,27.809999465942383,0.7737480998039246,0.1337917149066925,373997888,1267762816,0.699999988079071,0.5710332989692688,268.4599914550781,12,1,-0.11676381528377533,0.0,-0.3429059684276581,0.9320657849311829,0.0,15190,15195,104734,15174,0,15195,STANDBY
0.05999999865889549,0.019999999552965164,9.8100004196167,0.0,0.0,0.0,1019.0820922851562,27.809999465942383,0.7425904273986816,-0.014077854342758656,373997888,1267762816,0.699999988079071,0.5710332989692688,268.4599914550781,12,1,-0.21887874603271484,0.0,-0.3404339849948883,0.8823206424713135,0.0,15290,15295,104838,15278,0,15295,STANDBY
0.009999999776482582,0.0,9.8100004196167,0.0,0.0,0.0,1019.083740234375,27.809999465942383,0.7296080589294434,-0.033936016261577606,373997888,1267762816,0.699999988079071,0.5710332989692688,268.4599914550781,12,1,-0.3075960576534271,0.0,-0.3243812322616577,0.7607654333114624,0.0,15390,15395,104940,15380,0,15395,STANDBY
0.03999999910593033,0.019999999552965164,9.8100004196167,0.0,0.0,0.0,1019.079833984375,27.809999465942383,0.7607657313346863,0.10291163623332977,373997888,1267762816,0.699999988079071,0.5710332989692688,268.4599914550781,12,1,-0.3711050748825073,0.0,-0.29688405990600586,0.5715811848640442,0.0,15490,15495,105042,15482,0,15495,STANDBY
0.029999999329447746,0.029999999329447746,9.8100004196167,0.0,0.0,0.0,1019.0775146484375,27.799999237060547,0.7789410352706909,0.13856467604637146,373997888,1267762816,0.699999988079071,0.5710332989692688,268.4599914550781,12,1,-0.3985412120819092,0.0,-0.2539139986038208,0.33011871576309204,0.0,15590,15595,105145,15585,0,15595,STANDBY
0.009999999776482582,0.0,9.8100004196167,0.0,0.0,0.0,1019.0814819335938,27.809999465942383,0.747783362865448,-0.03594929724931717,373997888,1267762816,0.699999988079071,0.5710332989692688,268.4599914550781,12,1,-0.38404491543769836,0.0,-0.18814660608768463,0.05841242894530296,0.0,15690,15695,105247,15687,0,15695,STANDBY
0.07000000029802322,0.03999999910593033,9.8100004196167,0.0,0.0,0.0,1019.0831298828125,27.809999465942383,0.7348010540008545,-0.07493678480386734,373997888,1267762816,0.699999988079071,0.5710332989692688,268.4599914550781,12,1,-0.3341166377067566,0.0,-0.09131138026714325,-0.21900083124637604,0.0,15790,15795,105351,15793,0,15795,STANDBY
0.009999999776482582,-0.009999999776482582,9.800000190734863,0.0,0.0,0.0,1019.0775146484375,27.799999237060547,0.7789410352706909,0.12860038876533508,373997888,1267762816,0.699999988079071,0.5710332989692688,268.4599914550781,12,1,-0.2621845006942749,0.0,0.03561510145664215,-0.47407451272010803,0.0,15890,15895,105453,15893,0,15895,STANDBY
0.05000000074505806,0.03999999910593033,9.8100004196167,0.0,0.0,0.0,1019.07421875,27.799999237060547,0.8075022101402283,0.1737000197172165,373997856,1267762816,0.699999988079071,0.5761777758598328,268.4599914550781,12,1,-0.19727164506912231,0.0,0.1424909234046936,-0.6439405679702759,0.0,15990,15995,105535,15976,0,15995,STANDBY
0.019999999552965164,0.019999999552965164,9.819999694824219,0.0,0.0,0.0,1019.0814819335938,27.809999465942383,0.747783362865448,-0.07993229478597641,373997856,1267762816,0.6000000238418579,0.5761777758598328,268.4599914550781,12,1,-0.10998871177434921,0.0,0.251716673374176,-0.8019043803215027,0.0,16090,16095,105638,16078,0,16095,STANDBY
0.03999999910593033,0.009999999776482582,9.819999694824219,0.0,0.0,0.0,1019.083740234375,27.809999465942383,0.7296080589294434,-0.10931763797998428,373997856,1267762816,0.6000000238418579,0.5761777758598328,268.4599914550781,12,1,-0.011810663156211376,0.0,0.3150425851345062,-0.8993499279022217,0.0,16190,16195,105741,16181,0,16195,STANDBY
0.03999999910593033,0.019999999552965164,9.800000190734863,0.0,0.0,0.0,1019.0820922851562,27.809999465942383,0.7425904273986816,-0.02841970883309841,373997856,1267762816,0.6000000238418579,0.5761777758598328,268.4599914550781,12,1,0.0946989357471466,0.0,0.3411969244480133,-0.9334391355514526,0.0,16290,16295,105844,16284,0,16295,STANDBY
0.009999999776482582,0.0,9.8100004196167,0.0,0.0,0.0,1019.0764770507812,27.809999465942383,0.7867304086685181,0.12305932492017746,373997856,1267762816,0.6000000238418579,0.5761777758598328,268.4599914550781,12,1,0.19949950277805328,0.0,0.3424482047557831,-0.8977324962615967,0.0,16390,16395,105948,16388,0,16395,STANDBY
0.03999999910593033,0.019999999552965164,9.8100004196167,0.0,0.0,0.0,1019.0850219726562,27.81999969482422,0.7192221879959106,-0.15180858969688416,373997856,1267762816,0.6000000238418579,0.5761777758598328,268.4599914550781,12,1,0.2922147214412689,0.0,0.32847070693969727,-0.7888729572296143,0.0,16490,16495,106050,16490,0,16495,STANDBY
0.009999999776482582,0.009999999776482582,9.8100004196167,0.0,0.0,0.0,1019.0850219726562,27.81999969482422,0.7192221879959106,-0.09715750068426132,373997856,1267762816,0.6000000238418579,0.5761777758598328,268.4599914550781,12,1,0.36234626173973083,0.0,0.3025605082511902,-0.6095461845397949,0.0,16590,16595,106152,16593,0,16595,STANDBY
0.03999999910593033,0.009999999776482582,9.8100004196167,0.0,0.0,0.0,1019.0850219726562,27.81999969482422,0.7192221879959106,-0.06218079850077629,373997856,1267762816,0.6000000238418579,0.5761777758598328,268.4599914550781,12,1,0.39320048689842224,0.0,0.2719504237174988,-0.42442092299461365,0.0,16690,16695,106234,16674,0,16695,STANDBY
0.029999999329447746,0.0,9.819999694824219,0.0,0.0,0.0,1019.0850219726562,27.81999969482422,0.7192221879959106,-0.039795711636543274,373997856,1267762816,0.6000000238418579,0.5761777758598328,268.4599914550781,12,1,0.39417707920074463,0.0,0.2148197889328003,-0.158726766705513,0.0,16790,16795,106337,16777,0,16795,STANDBY
0.05000000074505806,0.009999999776482582,9.8100004196167,0.0,0.0,0.0,1019.0889282226562,27.81999969482422,0.6854680776596069,-0.16048569977283478,373997856,1267762816,0.6000000238418579,0.5761777758598328,268.4599914550781,12,1,0.3553880453109741,0.0,0.12881863117218018,0.12231818586587906,0.0,16890,16896,106439,16880,0,16896,STANDBY
0.029999999329447746,0.019999999552965164,9.819999694824219,0.0,0.0,0.0,1019.0928344726562,27.81999969482422,0.6543104648590088,-0.20241522789001465,373997760,1267762816,0.6000000238418579,0.7870998978614807,227.47000122070312,12,1,0.28894925117492676,0.0,0.010437330231070518,0.3904843330383301,0.0,16990,16996,106543,16983,0,16996,STANDBY
0.019999999552965164,0.019999999552965164,9.819999694824219,0.0,0.0,0.0,1019.0889282226562,27.81999969482422,0.6854680776596069,-0.029841387644410133,373997760,1267762816,-0.20000000298023224,0.7870998978614807,227.47000122070312,12,1,0.20856349170207977,0.0,-0.12488174438476562,0.617908239364624,0.0,17090,17096,106645,17085,0,17096,STANDBY
0.05000000074505806,0.009999999776482582,9.8100004196167,0.0,0.0,0.0,1019.0850219726562,27.81999969482422,0.7192221879959106,0.0889146625995636,373997760,1267762816,-0.20000000298023224,0.7870998978614807,227.47000122070312,12,1,0.12152470648288727,0.0,-0.23987548053264618,0.7853022813796997,0.0,17190,17196,106747,17187,0,17196,STANDBY
0.019999999552965164,0.0,9.800000190734863,0.0,0.0,0.0,1019.0928344726562,27.81999969482422,0.6543104648590088,-0.15081213414669037,373997760,1267762816,-0.20000000298023224,0.7870998978614807,227.47000122070312,12,1,0.023590808734297752,0.0,-0.3098849356174469,0.8910183906555176,0.0,17290,17296,106851,17293,0,17296,STANDBY
0.05000000074505806,0.009999999776482582,9.800000190734863,0.0,0.0,0.0,1019.0911865234375,27.81999969482422,0.6672928333282471,-0.054976191371679306,373997760,1267762816,-0.20000000298023224,0.7870998978614807,227.47000122070312,12,1,-0.08304086327552795,0.0,-0.3399456739425659,0.9329203367233276,0.0,17390,17396,106953,17393,0,17396,STANDBY
0.009999999776482582,0.0,9.8100004196167,0.0,0.0,0.0,1019.087158203125,27.81999969482422,0.7010469436645508,0.09983167797327042,373997760,1267762816,-0.20000000298023224,0.7870998978614807,227.47000122070312,12,1,-0.16879788041114807,0.0,-0.34430983662605286,0.9160435795783997,0.0,17490,17496,107036,17476,0,17496,STANDBY
0.029999999329447746,0.029999999329447746,9.819999694824219,0.0,0.0,0.0,1019.083251953125,27.81999969482422,0.7322045564651489,0.18852272629737854,373997760,1267762816,-0.20000000298023224,0.7870998978614807,227.47000122070312,12,1,-0.26697590947151184,0.0,-0.3340250849723816,0.8280587196350098,0.0,17590,17596,107139,17579,0,17596,STANDBY
0.029999999329447746,0.009999999776482582,9.8100004196167,0.0,0.0,0.0,1019.0911865234375,27.81999969482422,0.6672928333282471,-0.1389923393726349,373997760,1267762816,-0.20000000298023224,0.7870998978614807,227.47000122070312,12,1,-0.34565263986587524,0.0,-0.3112277686595917,0.6665547490119934,0.0,17690,17696,107241,17681,0,17696,STANDBY
0.029999999329447746,0.0,9.8100004196167,0.0,0.0,0.0,1019.0855712890625,27.81999969482422,0.7140292525291443,0.09799057990312576,373997760,1267762816,-0.20000000298023224,0.7870998978614807,227.47000122070312,12,1,-0.39158299565315247,0.0,-0.27506333589553833,0.4423352777957916,0.0,17790,17796,107343,17783,0,17796,STANDBY
0.03999999910593033,0.009999999776482582,9.800000190734863,0.0,0.0,0.0,1019.0855712890625,27.81999969482422,0.7140292525291443,0.06271397322416306,373997760,1267762816,-0.20000000298023224,0.7870998978614807,227.47000122070312,12,1,-0.395489364862442,0.0,-0.21906186640262604,0.17612232267856598,0.0,17890,17896,107446,17887,0,17896,STANDBY
0.009999999776482582,0.0,9.8100004196167,0.0,0.0,0.0,1019.08154296875,27.81999969482422,0.7451869249343872,0.16476763784885406,373997856,1267762816,-0.20000000298023224,0.9825888276100159,296.989990234375,12,1,-0.3584093749523163,0.0,-0.1340678185224533,-0.10736411809921265,0.0,17990,17996,107549,17989,0,17996,STANDBY
0.05999999865889549,0.019999999552965164,9.8100004196167,0.0,0.0,0.0,1019.0839233398438,27.81999969482422,0.7270116209983826,0.047290313988924026,373997856,1267762816,0.699999988079071,0.9825888276100159,296.989990234375,12,1,-0.2921536862850189,0.0,-0.016388440504670143,-0.3792229890823364,0.0,18091,18096,107652,18094,0,18096,STANDBY
0.009999999776482582,0.009999999776482582,9.8100004196167,0.0,0.0,0.0,1019.0878295898438,27.81999969482422,0.6958539485931396,-0.06943874806165695,373997856,1267762816,0.699999988079071,0.9825888276100159,296.989990234375,12,1,-0.21115756034851074,0.0,0.12021240592002869,-0.6109805703163147,0.0,18191,18196,107754,18194,0,18196,STANDBY
0.03999999910593033,0.029999999329447746,9.8100004196167,0.0,0.0,0.0,1019.086181640625,27.81999969482422,0.7088363170623779,-0.0028972208965569735,373997856,1267762816,0.699999988079071,0.9825888276100159,296.989990234375,12,1,-0.14178898930549622,0.0,0.21723075211048126,-0.7528000473976135,0.0,18291,18296,107837,18277,0,18296,STANDBY
0.019999999552965164,-0.009999999776482582,9.800000190734863,0.0,0.0,0.0,1019.0828247070312,27.81999969482422,0.7348010540008545,0.0812329351902008,373997856,1267762816,0.699999988079071,0.9825888276100159,296.989990234375,12,1,-0.04580828174948692,0.0,0.29874569177627563,-0.8730735182762146,0.0,18391,18396,107939,18379,0,18396,STANDBY
0.05000000074505806,-0.009999999776482582,9.789999961853027,0.0,0.0,0.0,1019.0873413085938,27.829999923706055,0.6984504461288452,-0.07887311279773712,373997856,1267762816,0.699999988079071,0.9825888276100159,296.989990234375,12,1,0.060731835663318634,0.0,0.33655813336372375,-0.9296548366546631,0.0,18491,18496,108042,18483,0,18496,STANDBY
0.019999999552965164,0.0,9.8100004196167,0.0,0.0,0.0,1019.0873413085938,27.829999923706055,0.6984504461288452,-0.05047879368066788,373997856,1267762816,0.699999988079071,0.9825888276100159,296.989990234375,12,1,0.16910305619239807,0.0,0.34446242451667786,-0.9158604741096497,0.0,18591,18596,108145,18585,0,18596,STANDBY
0.009999999776482582,-0.009999999776482582,9.8100004196167,0.0,0.0,0.0,1019.080078125,27.81999969482422,0.7581692337989807,0.08149205148220062,373997856,1267762816,0.699999988079071,0.9825888276100159,296.989990234375,12,1,0.1900692731142044,0.0,0.34363842010498047,-0.904019296169281,0.0,18689,18696,108166,18689,0,18696,STANDBY
0.0,0.009999999776482582,9.800000190734863,0.0,0.0,0.0,1019.0784301757812,27.81999969482422,0.771151602268219,0.10408438742160797,373997856,1267762816,0.699999988079071,0.9825888276100159,296.989990234375,12,1,0.34723961353302,0.0,0.3107394576072693,-0.6616412997245789,0.0,18789,18796,108351,18792,0,18796,STANDBY
0.029999999329447746,0.0,9.800000190734863,0.0,0.0,0.0,1019.0790405273438,27.829999923706055,0.7659586668014526,0.04584226757287979,373997856,1267762816,0.699999988079071,0.9825888276100159,296.989990234375,12,1,0.39243751764297485,0.0,0.27365946769714355,-0.43403422832489014,0.0,18889,18896,108453,18893,0,18896,STANDBY
0.019999999552965164,0.0,9.8100004196167,0.0,0.0,0.0,1019.0868530273438,27.829999923706055,0.7036433815956116,-0.21992209553718567,373997888,1267762816,0.699999988079071,0.4269888699054718,296.989990234375,12,1,0.3979003131389618,0.0,0.2293466031551361,-0.22034363448619843,0.0,18989,18996,108535,18975,0,18996,STANDBY
0.029999999329447746,0.009999999776482582,9.819999694824219,0.0,0.0,0.0,1019.0812377929688,27.829999923706055,0.747783362865448,0.0004977941862307489,373997888,1267762816,1.100000023841858,0.4269888699054718,296.989990234375,12,1,0.3664052188396454,0.0,0.14874722063541412,0.06457716971635818,0.0,19089,19096,108638,19078,0,19096,STANDBY
0.029999999329447746,0.03999999910593033,9.8100004196167,0.0,0.0,0.0,1019.0797119140625,27.829999923706055,0.7607657313346863,0.04186216741800308,373997888,1267762816,1.100000023841858,0.4269888699054718,296.989990234375,12,1,0.3029877543449402,0.0,0.03463850915431976,0.3425092399120331,0.0,19189,19196,108741,19181,0,19196,STANDBY
0.009999999776482582,0.009999999776482582,9.819999694824219,0.0,0.0,0.0,1019.0836181640625,27.829999923706055,0.7296080589294434,-0.07291276752948761,373997888,1267762816,1.100000023841858,0.4269888699054718,296.989990234375,12,1,0.2223273366689682,0.0,-0.10205389559268951,0.5836054682731628,0.0,19289,19296,108844,19283,0,19296,STANDBY
0.05000000074505806,0.009999999776482582,9.8100004196167,0.0,0.0,0.0,1019.0858764648438,27.829999923706055,0.7114328145980835,-0.10482495278120041,373997888,1267762816,1.100000023841858,0.4269888699054718,296.989990234375,12,1,0.1346476674079895,0.0,-0.22479933500289917,0.7643665671348572,0.0,19389,19396,108946,19387,0,19396,STANDBY
0.03999999910593033,0.019999999552965164,9.819999694824219,0.0,0.0,0.0,1019.0802612304688,27.829999923706055,0.7555727958679199,0.07415997236967087,373997888,1267762816,1.100000023841858,0.4269888699054718,296.989990234375,12,1,0.03668325021862984,0.0,-0.3033539950847626,0.8807031512260437,0.0,19489,19496,109049,19489,0,19496,STANDBY
0.029999999329447746,0.019999999552965164,9.8100004196167,0.0,0.0,0.0,1019.0762329101562,27.829999923706055,0.7893269062042236,0.18247883021831512,373997888,1267762816,1.100000023841858,0.4269888699054718,296.989990234375,12,1,-0.0713217556476593,0.0,-0.33835870027542114,0.9315164685249329,0.0,19589,19596,109152,19592,0,19596,STANDBY
0.03999999910593033,0.009999999776482582,9.8100004196167,0.0,0.0,0.0,1019.0818481445312,27.829999923706055,0.7451869249343872,-0.05977346748113632,373997888,1267762816,1.100000023841858,0.4269888699054718,296.989990234375,12,1,-0.18008972704410553,0.0,-0.34424880146980286,0.9100009202957153,0.0,19689,19696,109255,19695,0,19696,STANDBY
0.009999999776482582,0.019999999552965164,9.819999694824219,0.0,0.0,0.0,1019.0802612304688,27.829999923706055,0.7555727958679199,0.00328846275806427,373997888,1267762816,1.100000023841858,0.4269888699054718,296.989990234375,12,1,-0.2604144513607025,0.0,-0.335367888212204,0.8371227383613586,0.0,19789,19796,109337,19777,0,19796,STANDBY
0.03999999910593033,0.03999999910593033,9.8100004196167,0.0,0.0,0.0,1019.0762329101562,27.829999923706055,0.7893269062042236,0.1371210515499115,373997888,1267762816,1.100000023841858,0.4269888699054718,296.989990234375,12,1,-0.3420514464378357,0.0,-0.31281471252441406,0.6772362589836121,0.0,19890,19896,109440,19880,0,19896,STANDBY
0.029999999329447746,0.0,9.8100004196167,0.0,0.0,0.0,1019.0762329101562,27.829999923706055,0.7893269062042236,0.08775747567415237,373997888,1267762816,1.100000023841858,0.3961222171783447,296.989990234375,12,1,-0.3907284736633301,0.0,-0.2764671742916107,0.4516434073448181,0.0,19990,19996,109542,19982,0,19996,STANDBY
0.03999999910593033,0.0,9.8100004196167,0.0,0.0,0.0,1019.0808715820312,27.829999923706055,0.7529762983322144,-0.060157161206007004,373997888,1267762816,2.0,0.3961222171783447,296.989990234375,12,1,-0.395977646112442,0.0,-0.21991637349128723,0.1816156506538391,0.0,20090,20096,109644,20085,0,20096,STANDBY
0.03999999910593033,0.0,9.8100004196167,0.0,0.0,0.0,1019.0847778320312,27.84000015258789,0.7192221879959106,-0.14651374518871307,373997888,1267762816,2.0,0.3961222171783447,296.989990234375,12,1,-0.35905027389526367,0.0,-0.13385418057441711,-0.10632649064064026,0.0,20190,20196,109748,20188,0,20196,STANDBY
0.019999999552965164,0.009999999776482582,9.819999694824219,0.0,0.0,0.0,1019.0808715820312,27.829999923706055,0.7529762983322144,0.014244354330003262,373997888,1267762816,2.0,0.3961222171783447,296.989990234375,12,1,-0.2915738523006439,0.0,-0.014007995836436749,-0.383098840713501,0.0,20290,20296,109850,20293,0,20296,STANDBY
0.019999999552965164,0.019999999552965164,9.8100004196167,0.0,0.0,0.0,1019.0808715820312,27.829999923706055,0.7529762983322144,0.009116386994719505,373997888,1267762816,2.0,0.3961222171783447,296.989990234375,12,1,-0.20850245654582977,0.0,0.12405773997306824,-0.617603063583374,0.0,20390,20396,109953,20393,0,20396,STANDBY
0.029999999329447746,0.009999999776482582,9.8100004196167,0.0,0.0,0.0,1019.0847778320312,27.84000015258789,0.7192221879959106,-0.1021786704659462,373997888,1267762816,2.0,0.3961222171783447,296.989990234375,12,1,-0.1186559647321701,0.0,0.24192021787166595,-0.7889034748077393,0.0,20490,20496,110055,20496,0,20496,STANDBY
0.019999999552965164,0.0,9.8100004196167,0.0,0.0,0.0,1019.0884399414062,27.84000015258789,0.6906610131263733,-0.1567901223897934,373997888,1267762816,2.0,0.3961222171783447,296.989990234375,12,1,-0.03878902643918991,0.0,0.3021637499332428,-0.8789635896682739,0.0,20590,20596,110138,20578,0,20596,STANDBY
0.03999999910593033,0.009999999776482582,9.8100004196167,0.0,0.0,0.0,1019.0884399414062,27.84000015258789,0.6906610131263733,-0.1003456860780716,373997888,1267762816,2.0,0.3961222171783447,296.989990234375,12,1,0.06997894495725632,0.0,0.33845028281211853,-0.9312418103218079,0.0,20690,20696,110240,20680,0,20696,STANDBY
0.019999999552965164,0.0,9.8100004196167,0.0,0.0,0.0,1019.08642578125,27.84000015258789,0.7062398791313171,-0.001905776560306549,373997888,1267762816,2.0,0.3961222171783447,296.989990234375,12,1,0.17981505393981934,0.0,0.34458449482917786,-0.9100009202957153,0.0,20790,20796,110344,20784,0,20796,STANDBY
0.019999999552965164,0.029999999329447746,9.8100004196167,0.0,0.0,0.0,1019.0917358398438,27.84000015258789,0.6646963357925415,-0.16739386320114136,373997888,1267762816,2.0,0.3961222171783447,296.989990234375,12,1,0.2790917754173279,0.0,0.3321329355239868,-0.8100222945213318,0.0,20890,20896,110446,20886,0,20896,STANDBY
0.029999999329447746,0.019999999552965164,9.8100004196167,0.0,0.0,0.0,1019.0953369140625,27.84000015258789,0.6335387229919434,-0.23176252841949463,373997888,1267762816,2.0,0.3961222171783447,296.989990234375,12,1,0.3557542562484741,0.0,0.30640584230422974,-0.6332895755767822,0.0,20990,20996,110548,20989,0,20996,STANDBY
0.029999999329447746,0.0,9.800000190734863,0.0,0.0,0.0,1019.088134765625,27.84000015258789,0.6932575106620789,0.04277210310101509,373997920,1267762944,2.0,0.5092999935150146,296.989990234375,12,1,0.395764023065567,0.0,0.26581621170043945,-0.39359721541404724,0.0,21090,21096,110651,21093,0,21096,STANDBY
0.019999999552965164,0.0,9.789999961853027,0.0,0.0,0.0,1019.0897827148438,27.84000015258789,0.6802751421928406,-0.01416943408548832,373997920,1267762944,1.899999976158142,0.5092999935150146,296.989990234375,12,1,0.3909726142883301,0.0,0.20230719447135925,-0.11426129937171936,0.0,21190,21196,110754,21193,0,21196,STANDBY
0.029999999329447746,0.0,9.800000190734863,0.0,0.0,0.0,1019.0950927734375,27.84000015258789,0.6361351609230042,-0.15031638741493225,373997920,1267762944,1.899999976158142,0.5092999935150146,296.989990234375,12,1,0.3571276068687439,0.0,0.12891018390655518,0.1189001128077507,0.0,21291,21296,110836,21276,0,21296,STANDBY
0.019999999552965164,0.0,9.800000190734863,0.0,0.0,0.0,1019.0967407226562,27.84000015258789,0.6231527924537659,-0.13774608075618744,373997920,1267762944,1.899999976158142,0.5092999935150146,296.989990234375,12,1,0.28788110613822937,0.0,0.007202368229627609,0.3962828516960144,0.0,21391,21396,110939,21379,0,21396,STANDBY
0.029999999329447746,0.019999999552965164,9.8100004196167,0.0,0.0,0.0,1019.0967407226562,27.84000015258789,0.6231527924537659,-0.08815749734640121,373997920,1267762944,1.899999976158142,0.5092999935150146,296.989990234375,12,1,0.20319223403930664,0.0,-0.13187047839164734,0.6297799348831177,0.0,21491,21496,111042,21482,0,21496,STANDBY
0.019999999552965164,0.0,9.8100004196167,0.0,0.0,0.0,1019.0947875976562,27.84000015258789,0.6387316584587097,-0.016954272985458374,373997920,1267762944,1.899999976158142,0.5092999935150146,296.989990234375,12,1,0.11172826588153839,0.0,-0.24817651510238647,0.7984252572059631,0.0,21591,21596,111144,21584,0,21596,STANDBY
0.03999999910593033,0.009999999776482582,9.8100004196167,0.0,0.0,0.0,1019.10009765625,27.84000015258789,0.5945916175842285,-0.1874108910560608,373997920,1267762944,1.899999976158142,0.5092999935150146,296.989990234375,12,1,0.008972441777586937,0.0,-0.3160496950149536,0.9006012082099915,0.0,21691,21696,111247,21688,0,21696,STANDBY
0.03999999910593033,0.0,9.800000190734863,0.0,0.0,0.0,1019.092529296875,27.829999923706055,0.6569069027900696,0.12931816279888153,373997920,1267762944,1.899999976158142,0.5092999935150146,296.989990234375,12,1,-0.10229804366827011,0.0,-0.3428144156932831,0.9329508543014526,0.0,21791,21796,111350,21790,0,21796,STANDBY
0.03999999910593033,0.0,9.789999961853027,0.0,0.0,0.0,1019.092529296875,27.829999923706055,0.6569069027900696,0.08276362717151642,373997920,1267762944,1.899999976158142,0.5092999935150146,296.989990234375,12,1,-0.21127964556217194,0.0,-0.3426007926464081,0.8882107138633728,0.0,21891,21896,111454,21894,0,21896,STANDBY
0.019999999552965164,0.009999999776482582,9.8100004196167,0.0,0.0,0.0,1019.0902099609375,27.829999923706055,0.6750822067260742,0.1256699413061142,373997888,1267762944,1.899999976158142,0.5607444047927856,296.989990234375,12,1,-0.28885769844055176,0.0,-0.33014923334121704,0.7943052649497986,0.0,21991,21996,111536,21976,0,21996,STANDBY
0.029999999329447746,0.009999999776482582,9.8100004196167,0.0,0.0,0.0,1019.0941162109375,27.829999923706055,0.6439245939254761,-0.019275600090622902,373997888,1267762944,1.899999976158142,0.5607444047927856,296.989990234375,12,1,-0.36255988478660583,0.0,-0.3024994730949402,0.6077150702476501,0.0,22091,22096,111638,22078,0,22096,STANDBY
0.019999999552965164,0.019999999552965164,9.8100004196167,0.0,0.0,0.0,1019.096435546875,27.84000015258789,0.6257492899894714,-0.07049735635519028,373997888,1267762944,2.299999952316284,0.5607444047927856,296.989990234375,12,1,-0.3976561725139618,0.0,-0.25873592495918274,0.35993531346321106,0.0,22191,22196,111740,22180,0,22196,STANDBY
0.029999999329447746,0.009999999776482582,9.800000190734863,0.0,0.0,0.0,1019.092529296875,27.829999923706055,0.6569069027900696,0.054586052894592285,373997888,1267762944,2.299999952316284,0.5607444047927856,296.989990234375,12,1,-0.3870052099227905,0.0,-0.1911069005727768,0.07528916001319885,0.0,22291,22296,111843,22284,0,22296,STANDBY
0.029999999329447746,0.0,9.8100004196167,0.0,0.0,0.0,1019.092529296875,27.829999923706055,0.6569069027900696,0.03493507578969002,373997888,1267762944,2.299999952316284,0.5607444047927856,296.989990234375,12,1,-0.33606982231140137,0.0,-0.09033478796482086,-0.21723075211048126,0.0,22391,22396,111946,22386,0,22396,STANDBY
0.019999999552965164,0.0,9.8100004196167,0.0,0.0,0.0,1019.096435546875,27.84000015258789,0.6257492899894714,-0.07734591513872147,373997888,1267762944,2.299999952316284,0.5607444047927856,296.989990234375,12,1,-0.2595904469490051,0.0,0.04205450788140297,-0.4850917160511017,0.0,22491,22496,112049,22489,0,22496,STANDBY
0.019999999552965164,0.019999999552965164,9.8100004196167,0.0,0.0,0.0,1019.096435546875,27.84000015258789,0.6257492899894714,-0.02457524836063385,373997888,1267762944,2.299999952316284,0.5607444047927856,296.989990234375,12,1,-0.17142246663570404,0.0,0.17859432101249695,-0.6984161138534546,0.0,22591,22596,112151,22594,0,22596,STANDBY
0.019999999552965164,0.009999999776482582,9.8100004196167,0.0,0.0,0.0,1019.0947875976562,27.84000015258789,0.6387316584587097,0.03620131313800812,373997888,1267762944,2.299999952316284,0.5607444047927856,296.989990234375,12,1,-0.07519760727882385,0.0,0.2789086699485779,-0.843989372253418,0.0,22691,22696,112254,22694,0,22696,STANDBY
0.03999999910593033,0.019999999552965164,9.819999694824219,0.0,0.0,0.0,1019.0947875976562,27.84000015258789,0.6387316584587097,0.023168841376900673,373997888,1267762944,2.299999952316284,0.5607444047927856,296.989990234375,12,1,0.010345774702727795,0.0,0.3233741223812103,-0.9115268588066101,0.0,22792,22796,112336,22776,0,22796,STANDBY
0.029999999329447746,0.0,9.819999694824219,0.0,0.0,0.0,1019.0967407226562,27.84000015258789,0.6231527924537659,-0.04748740419745445,373997888,1267762944,2.299999952316284,0.5607444047927856,296.989990234375,12,1,0.12295907735824585,0.0,0.34467604756355286,-0.9306008815765381,0.0,22892,22896,112440,22880,0,22896,STANDBY
0.029999999329447746,0.0,9.8100004196167,0.0,0.0,0.0,1019.10205078125,27.84000015258789,0.5790128111839294,-0.20695187151432037,373997888,1267762944,2.299999952316284,0.37039998173713684,296.989990234375,12,1,0.2309945970773697,0.0,0.3406781256198883,-0.8701742887496948,0.0,22992,22996,112542,22983,0,22996,STANDBY
0.05000000074505806,0.019999999552965164,9.800000190734863,0.0,0.0,0.0,1019.10205078125,27.84000015258789,0.5790128111839294,-0.1324491947889328,373997888,1267762944,2.299999952316284,0.37039998173713684,296.989990234375,12,1,0.32218390703201294,0.0,0.32071900367736816,-0.7279580235481262,0.0,23092,23096,112645,23086,0,23096,STANDBY
0.019999999552965164,0.009999999776482582,9.8100004196167,0.0,0.0,0.0,1019.0967407226562,27.84000015258789,0.6231527924537659,0.05648045614361763,373997888,1267762944,1.0,0.37039998173713684,296.989990234375,12,1,0.382366418838501,0.0,0.286751925945282,-0.5117038488388062,0.0,23192,23196,112748,23188,0,23196,STANDBY
0.05999999865889549,0.019999999552965164,9.8100004196167,0.0,0.0,0.0,1019.100341796875,27.84000015258789,0.5945916175842285,-0.05524826794862747,373997888,1267762944,1.0,0.37039998173713684,296.989990234375,12,1,0.3987853527069092,0.0,0.23377178609371185,-0.24304941296577454,0.0,23292,23296,112850,23290,0,23296,STANDBY
0.029999999329447746,0.019999999552965164,9.8100004196167,0.0,0.0,0.0,1019.1026611328125,27.84000015258789,0.5738198757171631,-0.10182847082614899,373997888,1267762944,1.0,0.37039998173713684,296.989990234375,12,1,0.36936551332473755,0.0,0.15210425853729248,0.05093539133667946,0.0,23392,23396,112953,23395,0,23396,STANDBY
0.0,0.019999999552965164,9.819999694824219,0.0,0.0,0.0,1019.100341796875,27.84000015258789,0.5945916175842285,0.001299351453781128,373997888,1267762944,1.0,0.37039998173713684,296.989990234375,12,1,0.30454421043395996,0.0,0.03567613661289215,0.33890804648399353,0.0,23492,23496,113055,23496,0,23496,STANDBY
0.05000000074505806,0.019999999552965164,9.8100004196167,0.0,0.0,0.0,1019.1043090820312,27.84000015258789,0.5608375072479248,-0.1445707529783249,373997888,1267762944,1.0,0.37039998173713684,296.989990234375,12,1,0.2385326772928238,0.0,-0.07629627734422684,0.5429242849349976,0.0,23592,23596,113138,23578,0,23596,STANDBY
0.029999999329447746,-0.009999999776482582,9.819999694824219,0.0,0.0,0.0,1019.107666015625,27.84000015258789,0.534872829914093,-0.196383997797966,373997888,1267762944,1.0,0.37039998173713684,296.989990234375,12,1,0.14792321622371674,0.0,-0.20834986865520477,0.7415997982025146,0.0,23692,23696,113241,23681,0,23696,STANDBY
0.05000000074505806,0.0,9.8100004196167,0.0,0.0,0.0,1019.1052856445312,27.84000015258789,0.5530481338500977,-0.05298455059528351,373997888,1267762944,1.0,0.37039998173713684,296.989990234375,12,1,0.04824976250529289,0.0,-0.29670095443725586,0.8706930875778198,0.0,23792,23796,113343,23784,0,23796,STANDBY
0.029999999329447746,0.0,9.800000190734863,0.0,0.0,0.0,1019.1051025390625,27.84000015258789,0.5556445717811584,-0.023524362593889236,373997888,1267762944,1.0,0.37039998173713684,296.989990234375,12,1,-0.0632038339972496,0.0,-0.33729055523872375,0.9299600124359131,0.0,23892,23896,113446,23886,0,23896,STANDBY
0.029999999329447746,0.029999999329447746,9.8100004196167,0.0,0.0,0.0,1019.1031494140625,27.84000015258789,0.5712234377861023,0.047259870916604996,373997920,1267762944,1.0,0.9671554565429688,298.7099914550781,12,1,-0.17603076994419098,0.0,-0.34507277607917786,0.9119541049003601,0.0,23992,23996,113549,23990,0,23996,STANDBY
0.05000000074505806,0.029999999329447746,9.8100004196167,0.0,0.0,0.0,1019.1048583984375,27.84000015258789,0.5556445717811584,-0.03206914663314819,373997920,1267762944,1.0,0.9671554565429688,298.7099914550781,12,1,-0.2783288061618805,0.0,-0.3326822817325592,0.8110293745994568,0.0,24092,24096,113652,24095,0,24096,STANDBY
0.019999999552965164,0.019999999552965164,9.8100004196167,0.0,0.0,0.0,1019.1063842773438,27.84000015258789,0.5452587008476257,-0.05375903844833374,373997920,1267762944,0.4000000059604645,0.9671554565429688,298.7099914550781,12,1,-0.3566392958164215,0.0,-0.30588701367378235,0.6292306184768677,0.0,24192,24197,113755,24195,0,24197,STANDBY
0.05999999865889549,0.0,9.819999694824219,0.0,0.0,0.0,1019.104248046875,27.829999923706055,0.5608375072479248,0.015446394681930542,373997920,1267762944,0.4000000059604645,0.9671554565429688,298.7099914550781,12,1,-0.39237648248672485,0.0,-0.27311015129089355,0.4353465437889099,0.0,24292,24297,113837,24276,0,24297,STANDBY
0.029999999329447746,-0.009999999776482582,9.8100004196167,0.0,0.0,0.0,1019.1035766601562,27.829999923706055,0.5660305023193359,0.02650327794253826,373997920,1267762944,0.4000000059604645,0.9671554565429688,298.7099914550781,12,1,-0.39457380771636963,0.0,-0.21173742413520813,0.15329447388648987,0.0,24392,24397,113939,24380,0,24397,STANDBY
0.05000000074505806,0.029999999329447746,9.8100004196167,0.0,0.0,0.0,1019.105224609375,27.829999923706055,0.5530481338500977,-0.024581482633948326,373997920,1267762944,0.4000000059604645,0.9671554565429688,298.7099914550781,12,1,-0.35212257504463196,0.0,-0.1187475174665451,-0.14453566074371338,0.0,24492,24497,114042,24482,0,24497,STANDBY
-0.009999999776482582,0.0,9.819999694824219,0.0,0.0,0.0,1019.1029663085938,27.829999923706055,0.5712234377861023,0.09228105843067169,373997920,1267762944,0.4000000059604645,0.9671554565429688,298.7099914550781,12,1,-0.2788476347923279,0.0,0.00872829370200634,-0.42561113834381104,0.0,24592,24597,114145,24585,0,24597,STANDBY
0.0,0.0,9.819999694824219,0.0,0.0,0.0,1019.1007080078125,27.829999923706055,0.5919951796531677,0.11665317416191101,373997920,1267762944,0.4000000059604645,0.9671554565429688,298.7099914550781,12,1,-0.2620013952255249,0.0,0.03726309910416603,-0.4769127368927002,0.0,24689,24697,114165,24689,0,24697,STANDBY
0.029999999329447746,0.0,9.8100004196167,0.0,0.0,0.0,1019.0967407226562,27.81999969482422,0.6231527924537659,0.19684475660324097,373997920,1267762944,0.4000000059604645,0.9671554565429688,298.7099914550781,12,1,-0.0954924151301384,0.0,0.2624897062778473,-0.8196966648101807,0.0,24790,24797,114350,24793,0,24797,STANDBY
0.019999999552965164,0.0,9.8100004196167,0.0,0.0,0.0,1019.0990600585938,27.829999923706055,0.604977548122406,0.053279682993888855,373997920,1267762944,0.4000000059604645,0.9671554565429688,298.7099914550781,12,1,0.012024292722344398,0.0,0.3239234685897827,-0.9122287631034851,0.0,24890,24897,114453,24893,0,24897,STANDBY
0.07000000029802322,0.019999999552965164,9.800000190734863,0.0,0.0,0.0,1019.0951538085938,27.81999969482422,0.6361351609230042,0.1587294489145279,373997920,1267762944,0.4000000059604645,0.9671554565429688,298.7099914550781,12,1,0.1267128586769104,0.0,0.34519484639167786,-0.9297769069671631,0.0,24990,24997,114555,24996,0,24997,STANDBY
0.0,0.019999999552965164,9.819999694824219,0.0,0.0,0.0,1019.0967407226562,27.81999969482422,0.6231527924537659,0.04965738207101822,373997920,1267762944,0.4000000059604645,0.6070443987846375,298.7099914550781,12,1,0.2151860147714615,0.0,0.3427228629589081,-0.8847315907478333,0.0,25090,25097,114638,25078,0,25097,STANDBY
-0.009999999776482582,0.05000000074505806,9.819999694824219,0.0,0.0,0.0,1019.0928344726562,27.81999969482422,0.6543104648590088,0.13148526847362518,373997920,1267762944,-0.6000000238418579,0.6070443987846375,298.7099914550781,12,1,0.3112277686595917,0.0,0.3243507146835327,-0.7521896958351135,0.0,25190,25197,114741,25181,0,25197,STANDBY
0.009999999776482582,0.05000000074505806,9.819999694824219,0.0,0.0,0.0,1019.0951538085938,27.81999969482422,0.6361351609230042,0.025989597663283348,373997920,1267762944,-0.6000000238418579,0.6070443987846375,298.7099914550781,12,1,0.37723928689956665,0.0,0.2917874753475189,-0.5414593815803528,0.0,25290,25297,114843,25283,0,25297,STANDBY
0.029999999329447746,0.0,9.789999961853027,0.0,0.0,0.0,1019.0990600585938,27.829999923706055,0.604977548122406,-0.0830710157752037,373997920,1267762944,-0.6000000238418579,0.6070443987846375,298.7099914550781,12,1,0.39960935711860657,0.0,0.24027222394943237,-0.27311015129089355,0.0,25390,25397,114946,25385,0,25397,STANDBY
0.05000000074505806,-0.019999999552965164,9.800000190734863,0.0,0.0,0.0,1019.0973510742188,27.829999923706055,0.6179598569869995,-0.011622065678238869,373997920,1267762944,-0.6000000238418579,0.6070443987846375,298.7099914550781,12,1,0.3741874396800995,0.0,0.16058839857578278,0.024414807558059692,0.0,25490,25497,115048,25489,0,25497,STANDBY
0.07000000029802322,-0.009999999776482582,9.8100004196167,0.0,0.0,0.0,1019.0956420898438,27.829999923706055,0.6309422254562378,0.03410545736551285,373997920,1267762944,-0.6000000238418579,0.6070443987846375,298.7099914550781,12,1,0.3107699751853943,0.0,0.045503098517656326,0.3183690905570984,0.0,25590,25597,115151,25593,0,25597,STANDBY
0.019999999552965164,0.009999999776482582,9.8100004196167,0.0,0.0,0.0,1019.1035766601562,27.829999923706055,0.5660305023193359,-0.2128933072090149,373997920,1267762944,-0.6000000238418579,0.6070443987846375,298.7099914550781,12,1,0.22595904767513275,0.0,-0.09585864096879959,0.575090765953064,0.0,25690,25697,115254,25694,0,25697,STANDBY
0.029999999329447746,0.05000000074505806,9.8100004196167,0.0,0.0,0.0,1019.1035766601562,27.829999923706055,0.5660305023193359,-0.13625173270702362,373997920,1267762944,-0.6000000238418579,0.6070443987846375,298.7099914550781,12,1,0.13299965858459473,0.0,-0.22528763115406036,0.766411304473877,0.0,25790,25797,115356,25797,0,25797,STANDBY
0.009999999776482582,-0.009999999776482582,9.800000190734863,0.0,0.0,0.0,1019.1018676757812,27.829999923706055,0.581609308719635,-0.024885885417461395,373997920,1267762944,-0.6000000238418579,0.6070443987846375,298.7099914550781,12,1,0.05090487375855446,0.0,-0.2949003577232361,0.8680074214935303,0.0,25890,25897,115439,25879,0,25897,STANDBY
0.05000000074505806,-0.009999999776482582,9.800000190734863,0.0,0.0,0.0,1019.1002197265625,27.829999923706055,0.5945916175842285,0.036002267152071,373997920,1267762944,-0.6000000238418579,0.6070443987846375,298.7099914550781,12,1,-0.06158635392785072,0.0,-0.33732107281684875,0.9295938014984131,0.0,25990,25997,115542,25982,0,25997,STANDBY
0.05999999865889549,0.019999999552965164,9.800000190734863,0.0,0.0,0.0,1019.104248046875,27.829999923706055,0.5608375072479248,-0.11197499185800552,373997952,1267762816,-0.6000000238418579,0.581322193145752,298.7099914550781,12,1,-0.17673268914222717,0.0,-0.34546953439712524,0.9114353060722351,0.0,26090,26097,115645,26085,0,26097,STANDBY
0.009999999776482582,0.0,9.8100004196167,0.0,0.0,0.0,1019.1063842773438,27.84000015258789,0.5452587008476257,-0.12151618301868439,373997952,1267762816,-0.8999999761581421,0.581322193145752,298.7099914550781,12,1,-0.28043457865715027,0.0,-0.3324075937271118,0.8075807690620422,0.0,26190,26198,115747,26187,0,26198,STANDBY
0.07000000029802322,0.05000000074505806,9.8100004196167,0.0,0.0,0.0,1019.1063842773438,27.84000015258789,0.5452587008476257,-0.07777035981416702,373997952,1267762816,-0.8999999761581421,0.581322193145752,298.7099914550781,12,1,-0.35914182662963867,0.0,-0.30466628074645996,0.6205633878707886,0.0,26290,26298,115850,26293,0,26298,STANDBY
0.0,-0.009999999776482582,9.8100004196167,0.0,0.0,0.0,1019.1063842773438,27.84000015258789,0.5452587008476257,-0.04977303370833397,373997952,1267762816,-0.8999999761581421,0.581322193145752,298.7099914550781,12,1,-0.3975951373577118,0.0,-0.2596819996833801,0.3665883243083954,0.0,26390,26398,115952,26393,0,26398,STANDBY
0.07000000029802322,0.029999999329447746,9.800000190734863,0.0,0.0,0.0,1019.1084594726562,27.84000015258789,0.5270833969116211,-0.0900157168507576,373997952,1267762816,-0.8999999761581421,0.581322193145752,298.7099914550781,12,1,-0.3870357275009155,0.0,-0.1899166852235794,0.07309182733297348,0.0,26490,26498,116055,26496,0,26498,STANDBY
0.0,0.0,9.829999923706055,0.0,0.0,0.0,1019.112060546875,27.84000015258789,0.49852225184440613,-0.149005725979805,373997952,1267762816,-0.8999999761581421,0.581322193145752,298.7099914550781,12,1,-0.34708699584007263,0.0,-0.10898159444332123,-0.16925565898418427,0.0,26590,26598,116136,26577,0,26598,STANDBY
0.05999999865889549,0.05000000074505806,9.819999694824219,0.0,0.0,0.0,1019.106689453125,27.84000015258789,0.5426622629165649,0.0811963751912117,373997952,1267762816,-0.8999999761581421,0.581322193145752,298.7099914550781,12,1,-0.2703024446964264,0.0,0.022461622953414917,-0.4518570601940155,0.0,26690,26698,116240,26680,0,26698,STANDBY
0.029999999329447746,0.009999999776482582,9.819999694824219,0.0,0.0,0.0,1019.106689453125,27.84000015258789,0.5426622629165649,0.051965683698654175,373997952,1267762816,-0.8999999761581421,0.581322193145752,298.7099914550781,12,1,-0.17984557151794434,0.0,0.16516616940498352,-0.6800744533538818,0.0,26790,26798,116342,26782,0,26798,STANDBY
0.009999999776482582,0.0,9.8100004196167,0.0,0.0,0.0,1019.1087646484375,27.84000015258789,0.5244869589805603,-0.03944317623972893,373997952,1267762816,-0.8999999761581421,0.581322193145752,298.7099914550781,12,1,-0.08105716109275818,0.0,0.27304911613464355,-0.8367259502410889,0.0,26890,26898,116446,26886,0,26898,STANDBY
0.07999999821186066,0.009999999776482582,9.8100004196167,0.0,0.0,0.0,1019.1070556640625,27.84000015258789,0.5400657653808594,0.037071593105793,373997952,1267762816,-0.8999999761581421,0.581322193145752,298.7099914550781,12,1,0.029694510623812675,0.0,0.32950833439826965,-0.9200109839439392,0.0,26990,26998,116548,26988,0,26998,STANDBY
0.009999999776482582,-0.03999999910593033,9.8100004196167,0.0,0.0,0.0,1019.1034545898438,27.84000015258789,0.5686269402503967,0.13797052204608917,373997984,1267762944,-0.8999999761581421,0.4269888699054718,298.7099914550781,12,1,0.14630573987960815,0.0,0.34598833322525024,-0.9246192574501038,0.0,27090,27098,116652,27094,0,27098,STANDBY
0.09000000357627869,0.019999999552965164,9.800000190734863,0.0,0.0,0.0,1019.10009765625,27.84000015258789,0.5945916175842285,0.19215984642505646,373997984,1267762944,-0.4000000059604645,0.4269888699054718,298.7099914550781,12,1,0.2549821436405182,0.0,0.33771783113479614,-0.843012809753418,0.0,27190,27198,116754,27195,0,27198,STANDBY
0.009999999776482582,0.009999999776482582,9.819999694824219,0.0,0.0,0.0,1019.103759765625,27.84000015258789,0.5660305023193359,0.03158673271536827,373997984,1267762944,-0.4000000059604645,0.4269888699054718,298.7099914550781,12,1,0.3424787223339081,0.0,0.31308940052986145,-0.6749168634414673,0.0,27290,27298,116856,27297,0,27298,STANDBY
0.07000000029802322,0.03999999910593033,9.8100004196167,0.0,0.0,0.0,1019.1043090820312,27.84000015258789,0.5608375072479248,0.0035979256499558687,373997984,1267762944,-0.4000000059604645,0.4269888699054718,298.7099914550781,12,1,0.38590654730796814,0.0,0.28229621052742004,-0.4863124489784241,0.0,27390,27398,116939,27379,0,27398,STANDBY
0.019999999552965164,0.0,9.8100004196167,0.0,0.0,0.0,1019.1026611328125,27.84000015258789,0.5738198757171631,0.0438462533056736,373997984,1267762944,-0.4000000059604645,0.4269888699054718,298.7099914550781,12,1,0.3976561725139618,0.0,0.22373118996620178,-0.20447401702404022,0.0,27490,27498,117042,27482,0,27498,STANDBY
0.05000000074505806,0.0,9.8100004196167,0.0,0.0,0.0,1019.0970458984375,27.84000015258789,0.6205563545227051,0.1776183396577835,373997984,1267762944,-0.4000000059604645,0.4269888699054718,298.7099914550781,12,1,0.36094242334365845,0.0,0.1344340294599533,0.10043641179800034,0.0,27590,27598,117144,27584,0,27598,STANDBY
0.05000000074505806,0.009999999776482582,9.8100004196167,0.0,0.0,0.0,1019.1088256835938,27.850000381469727,0.5244869589805603,-0.2162286937236786,373997984,1267762944,-0.4000000059604645,0.4269888699054718,298.7099914550781,12,1,0.28913235664367676,0.0,0.008545182645320892,0.39255958795547485,0.0,27691,27698,117246,27687,0,27698,STANDBY
0.0,0.009999999776482582,9.819999694824219,0.0,0.0,0.0,1019.1049194335938,27.850000381469727,0.5556445717811584,-0.0137559175491333,373997984,1267762944,-0.4000000059604645,0.4269888699054718,298.7099914550781,12,1,0.19986571371555328,0.0,-0.13623462617397308,0.6371959447860718,0.0,27791,27798,117350,27790,0,27798,STANDBY
0.03999999910593033,0.05000000074505806,9.8100004196167,0.0,0.0,0.0,1019.1032104492188,27.850000381469727,0.5712234377861023,0.05351167544722557,373997984,1267762944,-0.4000000059604645,0.4269888699054718,298.7099914550781,12,1,0.1026642695069313,0.0,-0.2554399371147156,0.8100833296775818,0.0,27891,27898,117452,27894,0,27898,STANDBY
-0.009999999776482582,0.0,9.8100004196167,0.0,0.0,0.0,1019.09765625,27.84000015258789,0.6153634190559387,0.21080739796161652,373997984,1267762944,-0.4000000059604645,0.4269888699054718,298.7099914550781,12,1,-0.0068666646257042885,0.0,-0.32224494218826294,0.9093295335769653,0.0,27991,27998,117556,27996,0,27998,STANDBY
0.05999999865889549,0.0,9.789999961853027,0.0,0.0,0.0,1019.1015625,27.850000381469727,0.5842057466506958,0.01028604805469513,373997920,1267762944,-0.4000000059604645,0.8591221570968628,246.91000366210938,12,1,-0.10046693682670593,0.0,-0.34345531463623047,0.9326761960983276,0.0,28091,28098,117638,28078,0,28098,STANDBY
0.029999999329447746,-0.009999999776482582,9.8100004196167,0.0,0.0,0.0,1019.1038208007812,27.850000381469727,0.5660305023193359,-0.06611790508031845,373997920,1267762944,-0.30000001192092896,0.8591221570968628,246.91000366210938,10,1,-0.2148197889328003,0.0,-0.34345531463623047,0.8847926259040833,0.0,28191,28198,117740,28180,0,28198,STANDBY
0.029999999329447746,0.03999999910593033,9.8100004196167,0.0,0.0,0.0,1019.0999145507812,27.850000381469727,0.5971881151199341,0.057388901710510254,373997920,1267762944,-0.30000001192092896,0.8591221570968628,246.91000366210938,10,1,-0.31281471252441406,0.0,-0.3242286443710327,0.748039186000824,0.0,28291,28298,117843,28283,0,28298,STANDBY
0.029999999329447746,0.029999999329447746,9.8100004196167,0.0,0.0,0.0,1019.09765625,27.84000015258789,0.6153634190559387,0.09488987177610397,373997920,1267762944,-0.30000001192092896,0.8591221570968628,246.91000366210938,10,1,-0.3792840242385864,0.0,-0.28974273800849915,0.5301064848899841,0.0,28391,28398,117946,28386,0,28398,STANDBY
0.009999999776482582,0.009999999776482582,9.819999694824219,0.0,0.0,0.0,1019.1015625,27.850000381469727,0.5842057466506958,-0.038975030183792114,373997920,1267762944,-0.30000001192092896,0.8591221570968628,246.91000366210938,10,1,-0.39936521649360657,0.0,-0.23505355417728424,0.2530289590358734,0.0,28491,28498,118048,28488,0,28498,STANDBY
0.05999999865889549,0.029999999329447746,9.819999694824219,0.0,0.0,0.0,1019.107177734375,27.850000381469727,0.5374693274497986,-0.17450056970119476,373997920,1267762944,-0.30000001192092896,0.8591221570968628,246.91000366210938,10,1,-0.36997589468955994,0.0,-0.1506698876619339,-0.05236976221203804,0.0,28591,28598,118151,28594,0,28598,STANDBY
0.029999999329447746,-0.009999999776482582,9.8100004196167,0.0,0.0,0.0,1019.0993041992188,27.850000381469727,0.6023810505867004,0.12096323817968369,373997920,1267762944,-0.30000001192092896,0.8591221570968628,246.91000366210938,10,1,-0.3020721971988678,0.0,-0.02941984310746193,-0.3510238826274872,0.0,28691,28698,118253,28694,0,28698,STANDBY
0.05999999865889549,0.009999999776482582,9.800000190734863,0.0,0.0,0.0,1019.0970458984375,27.84000015258789,0.6205563545227051,0.1501176953315735,373997920,1267762944,-0.30000001192092896,0.8591221570968628,246.91000366210938,10,1,-0.2132938653230667,0.0,0.11563463509082794,-0.6065554022789001,0.0,28791,28798,118356,28796,0,28798,STANDBY
0.0,0.0,9.8100004196167,0.0,0.0,0.0,1019.0987548828125,27.84000015258789,0.6075739860534668,0.0441458523273468,373997920,1267762944,-0.30000001192092896,0.8591221570968628,246.91000366210938,10,1,-0.13623462617397308,0.0,0.22028259932994843,-0.7603076100349426,0.0,28891,28898,118438,28878,0,28898,STANDBY
0.03999999910593033,0.019999999552965164,9.8100004196167,0.0,0.0,0.0,1019.0950927734375,27.84000015258789,0.6361351609230042,0.14249804615974426,373997920,1267762944,-0.30000001192092896,0.8591221570968628,246.91000366210938,10,1,-0.03027436137199402,0.0,0.30558183789253235,-0.8851283192634583,0.0,28991,28998,118541,28981,0,28998,STANDBY
0.0,0.0,9.8100004196167,0.0,0.0,0.0,1019.0931396484375,27.84000015258789,0.6517139673233032,0.15351396799087524,373997920,1267762816,-0.30000001192092896,0.9980221390724182,254.02999877929688,10,1,0.08642841875553131,0.0,0.3418073058128357,-0.9324930310249329,0.0,29091,29099,118644,29084,0,29099,STANDBY
0.029999999329447746,0.0,9.8100004196167,0.0,0.0,0.0,1019.0875244140625,27.829999923706055,0.6984504461288452,0.28519487380981445,373997920,1267762816,-0.6000000238418579,0.9980221390724182,254.02999877929688,11,1,0.20264290273189545,0.0,0.34467604756355286,-0.8944059610366821,0.0,29192,29199,118747,29188,0,29199,STANDBY
0.05999999865889549,0.0,9.800000190734863,0.0,0.0,0.0,1019.0914306640625,27.84000015258789,0.6646963357925415,0.0745115652680397,373997920,1267762816,-0.6000000238418579,0.9980221390724182,254.02999877929688,11,1,0.3041474521160126,0.0,0.3271279036998749,-0.765800952911377,0.0,29292,29299,118850,29290,0,29299,STANDBY
-0.019999999552965164,-0.019999999552965164,9.819999694824219,0.0,0.0,0.0,1019.0950927734375,27.84000015258789,0.6361351609230042,-0.04370835795998573,373997920,1267762816,-0.6000000238418579,0.9980221390724182,254.02999877929688,11,1,0.3749198913574219,0.0,0.2935880720615387,-0.5531784892082214,0.0,29392,29399,118952,29395,0,29399,STANDBY
0.05999999865889549,0.03999999910593033,9.800000190734863,0.0,0.0,0.0,1019.0967407226562,27.84000015258789,0.6231527924537659,-0.06951693445444107,373997920,1267762816,-0.6000000238418579,0.9980221390724182,254.02999877929688,11,1,0.39982298016548157,0.0,0.24069948494434357,-0.2781762182712555,0.0,29492,29499,119055,29495,0,29499,STANDBY
0.0,0.0,9.8100004196167,0.0,0.0,0.0,1019.0931396484375,27.84000015258789,0.6517139673233032,0.046904921531677246,373997920,1267762816,-0.6000000238418579,0.9980221390724182,254.02999877929688,11,1,0.3740653693675995,0.0,0.1583605408668518,0.028260139748454094,0.0,29592,29599,119157,29597,0,29599,STANDBY
0.0,0.019999999552965164,9.8100004196167,0.0,0.0,0.0,1019.1026611328125,27.84000015258789,0.5738198757171631,-0.11084577441215515,373997920,1267762816,-0.6000000238418579,0.9980221390724182,254.02999877929688,11,1,0.3634754419326782,0.0,0.13748589158058167,0.09021271765232086,0.0,29697,29702,119178,29697,0,29702,STANDBY
0.05000000074505806,0.0,9.789999961853027,0.0,0.0,0.0,1019.0970458984375,27.84000015258789,0.6205563545227051,0.11600461602210999,373997920,1267762816,-0.6000000238418579,0.9980221390724182,254.02999877929688,11,1,0.2377697080373764,0.0,-0.07690664380788803,0.5450910925865173,0.0,29797,29802,119343,29783,0,29802,STANDBY
0.0,0.0,9.8100004196167,0.0,0.0,0.0,1019.0970458984375,27.84000015258789,0.6205563545227051,0.0742429569363594,373997920,1267762816,-0.6000000238418579,0.9980221390724182,254.02999877929688,11,1,0.14157536625862122,0.0,-0.2139957845211029,0.7512741684913635,0.0,29897,29902,119445,29885,0,29902,STANDBY
0.05000000074505806,0.05000000074505806,9.8100004196167,0.0,0.0,0.0,1019.0953369140625,27.84000015258789,0.6335387229919434,0.09944497048854828,373997920,1267762816,-0.6000000238418579,0.9980221390724182,254.02999877929688,11,1,0.03555406257510185,0.0,-0.3028656840324402,0.8808862566947937,0.0,29997,30002,119547,29988,0,30002,STANDBY
0.009999999776482582,0.0,9.8100004196167,0.0,0.0,0.0,1019.09765625,27.84000015258789,0.6153634190559387,-0.009056426584720612,373997952,1267762944,-0.6000000238418579,1.111199975013733,353.79998779296875,11,1,-0.08191168308258057,0.0,-0.3411969244480133,0.9321878552436829,0.0,30097,30102,119651,30091,0,30102,STANDBY
0.05999999865889549,0.009999999776482582,9.8100004196167,0.0,0.0,0.0,1019.1015625,27.850000381469727,0.5842057466506958,-0.1304268091917038,373997952,1267762944,1.100000023841858,1.111199975013733,353.79998779296875,11,1,-0.1992248296737671,0.0,-0.34525591135025024,0.8968169093132019,0.0,30197,30202,119754,30194,0,30202,STANDBY
0.0,0.0,9.800000190734863,0.0,0.0,0.0,1019.0999145507812,27.850000381469727,0.5971881151199341,-0.04192958027124405,373997952,1267762944,1.100000023841858,1.111199975013733,353.79998779296875,11,1,-0.3019806444644928,0.0,-0.32773828506469727,0.7698599100112915,0.0,30297,30302,119857,30300,0,30302,STANDBY
0.05000000074505806,0.019999999552965164,9.800000190734863,0.0,0.0,0.0,1019.0982055664062,27.850000381469727,0.6101704835891724,0.01470864750444889,373997952,1267762944,1.100000023841858,1.111199975013733,353.79998779296875,11,1,-0.3741874396800995,0.0,-0.2941679060459137,0.556871235370636,0.0,30397,30402,119959,30400,0,30402,STANDBY
0.0,0.009999999776482582,9.819999694824219,0.0,0.0,0.0,1019.09716796875,27.850000381469727,0.6205563545227051,0.0426483228802681,373997952,1267762944,1.100000023841858,1.111199975013733,353.79998779296875,11,1,-0.39976194500923157,0.0,-0.24076052010059357,0.28012940287590027,0.0,30497,30502,120061,30502,0,30502,STANDBY
0.05999999865889549,0.019999999552965164,9.800000190734863,0.0,0.0,0.0,1019.1034545898438,27.850000381469727,0.5686269402503967,-0.1388792097568512,373997952,1267762944,1.100000023841858,1.111199975013733,353.79998779296875,11,1,-0.3741264045238495,0.0,-0.1579943299293518,-0.029084140434861183,0.0,30597,30629,120165,30629,0,30629,STANDBY
0.03999999910593033,0.019999999552965164,9.8100004196167,0.0,0.0,0.0,1019.0978393554688,27.850000381469727,0.6127669215202332,0.052365243434906006,373997952,1267762944,1.100000023841858,1.111199975013733,353.79998779296875,11,1,-0.29074984788894653,0.0,-0.009369182400405407,-0.3906064033508301,0.0,30697,30729,120288,30728,0,30729,STANDBY
0.03999999910593033,0.0,9.8100004196167,0.0,0.0,0.0,1019.0960693359375,27.850000381469727,0.6283457279205322,0.09582898020744324,373997952,1267762944,1.100000023841858,1.111199975013733,353.79998779296875,11,1,-0.21762749552726746,0.0,0.10837122797966003,-0.5960264801979065,0.0,30797,30829,120370,30810,0,30829,STANDBY
0.05000000074505806,0.05000000074505806,9.8100004196167,0.0,0.0,0.0,1019.0984497070312,27.850000381469727,0.6101704835891724,-0.011370424181222916,373997952,1267762944,1.100000023841858,1.111199975013733,353.79998779296875,11,1,-0.1192968562245369,0.0,0.2383800745010376,-0.7868282198905945,0.0,30898,30929,120472,30913,0,30929,STANDBY
0.0,0.0,9.819999694824219,0.0,0.0,0.0,1019.0984497070312,27.850000381469727,0.6101704835891724,-0.007277071475982666,373997952,1267762944,1.100000023841858,1.111199975013733,353.79998779296875,11,1,-0.00912503432482481,0.0,0.3154087960720062,-0.8999603390693665,0.0,30998,31029,120576,31015,0,31029,STANDBY
0.05999999865889549,0.03999999910593033,9.8100004196167,0.0,0.0,0.0,1019.0984497070312,27.850000381469727,0.6101704835891724,-0.004657325800508261,373998016,1267762944,1.100000023841858,0.7305110692977905,359.1499938964844,11,1,0.11008026450872421,0.0,0.34473708271980286,-0.9319742321968079,0.0,31098,31129,120679,31119,0,31129,STANDBY
0.0,0.0,9.819999694824219,0.0,0.0,0.0,1019.091064453125,27.850000381469727,0.6698892712593079,0.23589445650577545,373998016,1267762944,1.2000000476837158,0.7305110692977905,359.1499938964844,12,1,0.22614215314388275,0.0,0.3425397574901581,-0.8741722106933594,0.0,31198,31229,120781,31221,0,31229,STANDBY
0.07000000029802322,0.0,9.800000190734863,0.0,0.0,0.0,1019.0973510742188,27.860000610351562,0.6179598569869995,-0.015201675705611706,373998016,1267762944,1.2000000476837158,0.7305110692977905,359.1499938964844,12,1,0.3234351575374603,0.0,0.32102420926094055,-0.7235327959060669,0.0,31298,31329,120884,31324,0,31329,STANDBY
0.029999999329447746,-0.009999999776482582,9.8100004196167,0.0,0.0,0.0,1019.0995483398438,27.860000610351562,0.5997846126556396,-0.06788986176252365,373998016,1267762944,1.2000000476837158,0.7305110692977905,359.1499938964844,12,1,0.38550981879234314,0.0,0.28257086873054504,-0.4901577830314636,0.0,31398,31429,120986,31426,0,31429,STANDBY
0.009999999776482582,0.05000000074505806,9.819999694824219,0.0,0.0,0.0,1019.097900390625,27.860000610351562,0.6127669215202332,-0.0019061238272115588,373998016,1267762944,1.2000000476837158,0.7305110692977905,359.1499938964844,12,1,0.3976256549358368,0.0,0.221778005361557,-0.19962157309055328,0.0,31498,31529,121089,31529,0,31529,STANDBY
0.029999999329447746,0.0,9.8100004196167,0.0,0.0,0.0,1019.0939331054688,27.860000610351562,0.6465210318565369,0.10679323971271515,373998016,1267762944,1.2000000476837158,0.7305110692977905,359.1499938964844,12,1,0.3706778287887573,0.0,0.1500595062971115,0.05160680040717125,0.0,31598,31629,121171,31628,0,31629,STANDBY
0.029999999329447746,0.0,9.8100004196167,0.0,0.0,0.0,1019.1057739257812,27.860000610351562,0.5504516363143921,-0.2640005350112915,373998016,1267762944,1.2000000476837158,0.7305110692977905,359.1499938964844,12,1,0.3007599115371704,0.0,0.026764733716845512,0.3563341200351715,0.0,31698,31729,121274,31714,0,31729,STANDBY
0.05999999865889549,0.009999999776482582,9.8100004196167,0.0,0.0,0.0,1019.1018676757812,27.860000610351562,0.581609308719635,-0.04432965815067291,373998016,1267762944,1.2000000476837158,0.7305110692977905,359.1499938964844,12,1,0.20911282300949097,0.0,-0.12112796306610107,0.6157109141349792,0.0,31798,31830,121376,31816,0,31830,STANDBY
0.029999999329447746,0.0,9.8100004196167,0.0,0.0,0.0,1019.0995483398438,27.860000610351562,0.5997846126556396,0.044330231845378876,373998016,1267762944,1.2000000476837158,0.7305110692977905,359.1499938964844,12,1,0.10943937301635742,0.0,-0.24790185689926147,0.8005615472793579,0.0,31898,31930,121479,31920,0,31930,STANDBY
0.05000000074505806,0.029999999329447746,9.819999694824219,0.0,0.0,0.0,1019.0939331054688,27.860000610351562,0.6465210318565369,0.2153170257806778,373998016,1267762944,1.2000000476837158,0.7305110692977905,359.1499938964844,12,1,-0.0024109622463583946,0.0,-0.32038331031799316,0.9069185256958008,0.0,31998,32030,121582,32022,0,32030,STANDBY
0.0,0.009999999776482582,9.819999694824219,0.0,0.0,0.0,1019.0995483398438,27.860000610351562,0.5997846126556396,-0.04914277791976929,373997984,1267762944,1.2000000476837158,0.07716666162014008,359.1499938964844,12,1,-0.12317270785570145,0.0,-0.34589678049087524,0.9301126003265381,0.0,32098,32130,121684,32124,0,32130,STANDBY
0.03999999910593033,0.019999999552965164,9.8100004196167,0.0,0.0,0.0,1019.1051635742188,27.860000610351562,0.5530481338500977,-0.21839728951454163,373997984,1267762944,0.20000000298023224,0.07716666162014008,359.1499938964844,10,1,-0.2385326772928238,0.0,-0.3411053717136383,0.861323893070221,0.0,32198,32230,121788,32228,0,32230,STANDBY
0.019999999552965164,0.0,9.800000190734863,0.0,0.0,0.0,1019.1012573242188,27.860000610351562,0.5868022441864014,-0.031761109828948975,373997984,1267762944,0.20000000298023224,0.07716666162014008,359.1499938964844,10,1,-0.317087322473526,0.0,-0.3232520520687103,0.7382732629776001,0.0,32299,32330,121870,32310,0,32330,STANDBY
0.03999999910593033,0.019999999552965164,9.8100004196167,0.0,0.0,0.0,1019.0956420898438,27.860000610351562,0.6309422254562378,0.120920829474926,373997984,1267762944,0.20000000298023224,0.07716666162014008,359.1499938964844,10,1,-0.382549524307251,0.0,-0.2857753336429596,0.5082857608795166,0.0,32399,32430,121972,32412,0,32430,STANDBY
0.03999999910593033,0.019999999552965164,9.8100004196167,0.0,0.0,0.0,1019.098876953125,27.860000610351562,0.604977548122406,-0.0056976377964019775,373997984,1267762944,0.20000000298023224,0.07716666162014008,359.1499938964844,10,1,-0.3984496593475342,0.0,-0.22620318830013275,0.21845148503780365,0.0,32499,32530,122075,32515,0,32530,STANDBY
0.029999999329447746,0.009999999776482582,9.8100004196167,0.0,0.0,0.0,1019.1006469726562,27.860000610351562,0.5919951796531677,-0.04519006609916687,373997984,1267762944,0.20000000298023224,0.07716666162014008,359.1499938964844,10,1,-0.36198005080223083,0.0,-0.1342509239912033,-0.09781182557344437,0.0,32599,32630,122178,32628,0,32630,STANDBY
0.05000000074505806,0.029999999329447746,9.8100004196167,0.0,0.0,0.0,1019.1034545898438,27.850000381469727,0.5686269402503967,-0.13693484663963318,373997984,1267762944,0.20000000298023224,0.07716666162014008,359.1499938964844,10,1,-0.287514865398407,0.0,-0.004303109832108021,-0.40043336153030396,0.0,32699,32730,122280,32720,0,32730,STANDBY
0.019999999552965164,-0.009999999776482582,9.800000190734863,0.0,0.0,0.0,1019.09716796875,27.850000381469727,0.6205563545227051,0.09307606518268585,373997984,1267762944,0.20000000298023224,0.07716666162014008,359.1499938964844,10,1,-0.19351786375045776,0.0,0.14462721347808838,-0.6512039303779602,0.0,32799,32830,122383,32824,0,32830,STANDBY
0.05000000074505806,0.0,9.8100004196167,0.0,0.0,0.0,1019.0988159179688,27.850000381469727,0.604977548122406,-0.002746541053056717,373997984,1267762944,0.20000000298023224,0.07716666162014008,359.1499938964844,10,1,-0.09082308411598206,0.0,0.26422926783561707,-0.8246101140975952,0.0,32899,32930,122486,32926,0,32930,STANDBY
0.03999999910593033,0.0,9.8100004196167,0.0,0.0,0.0,1019.0949096679688,27.850000381469727,0.6387316584587097,0.133258655667305,373997984,1267762944,0.20000000298023224,0.07716666162014008,359.1499938964844,10,1,0.024353770539164543,0.0,0.32773828506469727,-0.9175695180892944,0.0,32999,33030,122589,33030,0,33030,STANDBY
0.019999999552965164,0.019999999552965164,9.8100004196167,0.0,0.0,0.0,1019.0909423828125,27.84000015258789,0.6698892712593079,0.20991599559783936,373997952,1267763072,0.20000000298023224,0.7613776922225952,359.1499938964844,10,1,0.12179937213659286,0.0,0.34568315744400024,-0.9303872585296631,0.0,33099,33130,122672,33112,0,33130,STANDBY
0.029999999329447746,0.03999999910593033,9.829999923706055,0.0,0.0,0.0,1019.0887451171875,27.84000015258789,0.6880645751953125,0.2070474475622177,373997952,1267763072,-0.5,0.7613776922225952,359.1499938964844,12,1,0.2382885217666626,0.0,0.3411664068698883,-0.861812174320221,0.0,33199,33230,122774,33214,0,33230,STANDBY
0.029999999329447746,0.019999999552965164,9.819999694824219,0.0,0.0,0.0,1019.0926513671875,27.84000015258789,0.6569069027900696,0.03280581161379814,373997952,1267763072,-0.5,0.7613776922225952,359.1499938964844,12,1,0.3337504267692566,0.0,0.317209392786026,-0.6976531147956848,0.0,33299,33330,122877,33317,0,33330,STANDBY
0.05000000074505806,0.009999999776482582,9.8100004196167,0.0,0.0,0.0,1019.0965576171875,27.850000381469727,0.6231527924537659,-0.08701743930578232,373997952,1267763072,-0.5,0.7613776922225952,359.1499938964844,12,1,0.3904843330383301,0.0,0.27542954683303833,-0.4508499503135681,0.0,33399,33430,122980,33420,0,33430,STANDBY
0.05000000074505806,0.0,9.800000190734863,0.0,0.0,0.0,1019.0942993164062,27.84000015258789,0.6439245939254761,0.010778600350022316,373997952,1267763072,-0.5,0.7613776922225952,359.1499938964844,12,1,0.39481794834136963,0.0,0.20905178785324097,-0.1499374359846115,0.0,33499,33530,123082,33522,0,33530,STANDBY
0.05000000074505806,0.0,9.819999694824219,0.0,0.0,0.0,1019.09033203125,27.84000015258789,0.6750822067260742,0.10660266876220703,373997952,1267763072,-0.5,0.7613776922225952,359.1499938964844,12,1,0.348124623298645,0.0,0.10785241425037384,0.16910305619239807,0.0,33599,33631,123186,33631,0,33631,STANDBY
0.019999999552965164,0.019999999552965164,9.819999694824219,0.0,0.0,0.0,1019.0942993164062,27.84000015258789,0.6439245939254761,-0.031478650867938995,373997952,1267763072,-0.5,0.7613776922225952,359.1499938964844,12,1,0.26648762822151184,0.0,-0.030549028888344765,0.46543779969215393,0.0,33699,33731,123288,33728,0,33731,STANDBY
0.029999999329447746,0.019999999552965164,9.8100004196167,0.0,0.0,0.0,1019.0942993164062,27.84000015258789,0.6439245939254761,0.008974850177764893,373997952,1267763072,-0.5,0.7613776922225952,359.1499938964844,12,1,0.16934721171855927,0.0,-0.17755669355392456,0.7006439566612244,0.0,33800,33831,123390,33830,0,33831,STANDBY
0.05000000074505806,0.019999999552965164,9.8100004196167,0.0,0.0,0.0,1019.0942993164062,27.84000015258789,0.6439245939254761,0.005743904039263725,373997952,1267763072,-0.5,0.7613776922225952,359.1499938964844,12,1,0.08590960502624512,0.0,-0.2683797776699066,0.8308053612709045,0.0,33900,33931,123473,33913,0,33931,STANDBY
0.019999999552965164,-0.009999999776482582,9.819999694824219,0.0,0.0,0.0,1019.0887451171875,27.84000015258789,0.6880645751953125,0.18023602664470673,373997952,1267763072,-0.5,0.7613776922225952,359.1499938964844,12,1,-0.03079317696392536,0.0,-0.32999664545059204,0.9202856421470642,0.0,34000,34031,123576,34017,0,34031,STANDBY
0.05999999865889549,0.019999999552965164,9.8100004196167,0.0,0.0,0.0,1019.0965576171875,27.850000381469727,0.6231527924537659,-0.1442960798740387,373997952,1267763072,-0.5,0.15433332324028015,359.1499938964844,12,1,-0.15359966456890106,0.0,-0.34705647826194763,0.921567440032959,0.0,34100,34131,123679,34119,0,34131,STANDBY
0.009999999776482582,0.0,9.8100004196167,0.0,0.0,0.0,1019.1004638671875,27.850000381469727,0.5919951796531677,-0.2169799506664276,373997952,1267763072,-0.5,0.15433332324028015,359.1499938964844,12,1,-0.26725059747695923,0.0,-0.33634448051452637,0.82638019323349,0.0,34200,34231,123782,34222,0,34231,STANDBY
0.03999999910593033,0.009999999776482582,9.8100004196167,0.0,0.0,0.0,1019.0982055664062,27.850000381469727,0.6101704835891724,-0.08070620149374008,373997952,1267763072,-0.5,0.15433332324028015,359.1499938964844,12,1,-0.35441145300865173,0.0,-0.3072603642940521,0.6359752416610718,0.0,34300,34331,123884,34324,0,34331,STANDBY
0.03999999910593033,0.029999999329447746,9.8100004196167,0.0,0.0,0.0,1019.0965576171875,27.850000381469727,0.6231527924537659,-0.01010858453810215,373997952,1267763072,-0.5,0.15433332324028015,359.1499938964844,12,1,-0.3975646197795868,0.0,-0.25891903042793274,0.36869412660598755,0.0,34400,34432,123987,34427,0,34432,STANDBY
0.009999999776482582,0.009999999776482582,9.8100004196167,0.0,0.0,0.0,1019.0988159179688,27.850000381469727,0.604977548122406,-0.06463027745485306,373997952,1267763072,-0.5,0.15433332324028015,359.1499938964844,12,1,-0.38618120551109314,0.0,-0.1831110566854477,0.056642353534698486,0.0,34500,34532,124090,34530,0,34532,STANDBY
0.03999999910593033,0.029999999329447746,9.8100004196167,0.0,0.0,0.0,1019.10107421875,27.850000381469727,0.5868022441864014,-0.0995243564248085,373997952,1267763072,-0.5,0.15433332324028015,359.1499938964844,12,1,-0.3417767882347107,0.0,-0.095675528049469,-0.19956053793430328,0.0,34600,34632,124172,34630,0,34632,STANDBY
0.0,0.0,9.8100004196167,0.0,0.0,0.0,1019.099365234375,27.850000381469727,0.6023810505867004,-0.013843411579728127,373997952,1267763072,-0.5,0.15433332324028015,359.1499938964844,12,1,-0.25705739855766296,0.0,0.04583880305290222,-0.4929654896259308,0.0,34700,34732,124274,34715,0,34732,STANDBY
0.07000000029802322,0.019999999552965164,9.8100004196167,0.0,0.0,0.0,1019.0978393554688,27.850000381469727,0.6127669215202332,-0.0026282817125320435,373997952,1267763072,-0.5,0.15433332324028015,359.1499938964844,12,1,-0.158543661236763,0.0,0.19190038740634918,-0.7214270234107971,0.0,34800,34832,124378,34818,0,34832,STANDBY
0.029999999329447746,0.0,9.8100004196167,0.0,0.0,0.0,1019.0984497070312,27.850000381469727,0.6101704835891724,-0.012067851610481739,373997952,1267763072,-0.5,0.15433332324028015,359.1499938964844,12,1,-0.050233468413352966,0.0,0.2937406599521637,-0.8680074214935303,0.0,34900,34932,124480,34920,0,34932,STANDBY
0.029999999329447746,0.0,9.819999694824219,0.0,0.0,0.0,1019.0928344726562,27.850000381469727,0.6543104648590088,0.16883650422096252,373997952,1267763072,-0.5,0.15433332324028015,359.1499938964844,12,1,0.07013153284788132,0.0,0.3394268751144409,-0.9308145642280579,0.0,35000,35032,124582,35023,0,35032,STANDBY
0.05999999865889549,0.05000000074505806,9.8100004196167,0.0,0.0,0.0,1019.0888061523438,27.850000381469727,0.6880645751953125,0.2430718094110489,373997952,1267763072,-0.5,0.18519999086856842,359.1499938964844,12,1,0.19235816597938538,0.0,0.34614092111587524,-0.9012115597724915,0.0,35100,35132,124686,35124,0,35132,STANDBY
0.0,0.0,9.819999694824219,0.0,0.0,0.0,1019.0888061523438,27.850000381469727,0.6880645751953125,0.15556596219539642,373997952,1267763072,-1.399999976158142,0.18519999086856842,359.1499938964844,12,1,0.299966424703598,0.0,0.32865384221076965,-0.772881269454956,0.0,35200,35232,124788,35229,0,35232,STANDBY
0.07000000029802322,0.05000000074505806,9.819999694824219,0.0,0.0,0.0,1019.0888061523438,27.850000381469727,0.6880645751953125,0.09956222027540207,373997952,1267763072,-1.399999976158142,0.18519999086856842,359.1499938964844,12,1,0.3745536804199219,0.0,0.2932828664779663,-0.5518357157707214,0.0,35300,35332,124891,35332,0,35332,STANDBY
0.0,-0.009999999776482582,9.8100004196167,0.0,0.0,0.0,1019.0928344726562,27.850000381469727,0.6543104648590088,-0.04429333284497261,373997952,1267763072,-1.399999976158142,0.18519999086856842,359.1499938964844,12,1,0.39939573407173157,0.0,0.24942778050899506,-0.3245643377304077,0.0,35400,35432,124974,35414,0,35432,STANDBY
0.05000000074505806,0.019999999552965164,9.8100004196167,0.0,0.0,0.0,1019.0888061523438,27.850000381469727,0.6880645751953125,0.0796654224395752,373997952,1267763072,-1.399999976158142,0.18519999086856842,359.1499938964844,12,1,0.3796197474002838,0.0,0.16821803152561188,-0.00714133121073246,0.0,35500,35532,125076,35516,0,35532,STANDBY
0.05000000074505806,0.019999999552965164,9.819999694824219,0.0,0.0,0.0,1019.0882568359375,27.850000381469727,0.6932575106620789,0.061352744698524475,373997952,1267763072,-1.399999976158142,0.18519999086856842,359.1499938964844,12,1,0.31394389271736145,0.0,0.047791987657547,0.3103732466697693,0.0,35700,35700,125178,35700,0,35700,STANDBY
0.03999999910593033,0.0,9.819999694824219,0.0,0.0,0.0,1019.08984375,27.850000381469727,0.6776787042617798,0.003953821957111359,373997952,1267763072,-1.399999976158142,0.18519999086856842,359.1499938964844,12,1,0.16064943373203278,0.0,-0.18839076161384583,0.7165135741233826,0.0,35800,35800,125343,35783,0,35800,STANDBY
0.03999999910593033,0.0,9.819999694824219,0.0,0.0,0.0,1019.087646484375,27.84000015258789,0.6958539485931396,0.07523142546415329,373997952,1267763072,-1.399999976158142,0.18519999086856842,359.1499938964844,12,1,0.05175939202308655,0.0,-0.2921231687068939,0.8661457896232605,0.0,35900,35900,125446,35887,0,35900,STANDBY
0.05000000074505806,0.029999999329447746,9.8100004196167,0.0,0.0,0.0,1019.083740234375,27.84000015258789,0.7296080589294434,0.1831645518541336,373997952,1267763072,-1.399999976158142,0.18519999086856842,359.1499938964844,12,1,-0.06936857104301453,0.0,-0.33930477499961853,0.9305398464202881,0.0,36000,36000,125549,35989,0,36000,STANDBY
0.0,0.009999999776482582,9.819999694824219,0.0,0.0,0.0,1019.0909423828125,27.84000015258789,0.6698892712593079,-0.1216498389840126,373997920,1267763200,-1.399999976158142,0.3961222171783447,359.1499938964844,12,1,-0.19266335666179657,0.0,-0.34635457396507263,0.9011505246162415,0.0,36100,36100,125651,36092,0,36100,STANDBY
0.05000000074505806,0.029999999329447746,9.8100004196167,0.0,0.0,0.0,1019.0909423828125,27.84000015258789,0.6698892712593079,-0.0778558999300003,373997920,1267763200,-1.399999976158142,0.3961222171783447,359.1499938964844,12,1,-0.3006378412246704,0.0,-0.32862332463264465,0.7714468836784363,0.0,36200,36200,125755,36195,0,36200,STANDBY
0.03999999910593033,0.0,9.819999694824219,0.0,0.0,0.0,1019.0887451171875,27.84000015258789,0.6880645751953125,0.022873438894748688,373997920,1267763200,-1.899999976158142,0.3961222171783447,359.1499938964844,12,1,-0.37583544850349426,0.0,-0.2925199270248413,0.5477766990661621,0.0,36300,36300,125857,36298,0,36300,STANDBY
0.029999999329447746,0.0,9.800000190734863,0.0,0.0,0.0,1019.09033203125,27.84000015258789,0.6750822067260742,-0.026904577389359474,373997920,1267763200,-1.899999976158142,0.3961222171783447,359.1499938964844,12,1,-0.39948728680610657,0.0,-0.24820703268051147,0.3182470202445984,0.0,36400,36400,125939,36380,0,36400,STANDBY
0.05000000074505806,0.05000000074505806,9.819999694824219,0.0,0.0,0.0,1019.09033203125,27.84000015258789,0.6750822067260742,-0.017218930646777153,373997920,1267763200,-1.899999976158142,0.3961222171783447,359.1499938964844,12,1,-0.3786431550979614,0.0,-0.16522720456123352,-0.00158696249127388,0.0,36500,36500,126042,36483,0,36500,STANDBY
-0.009999999776482582,0.009999999776482582,9.819999694824219,0.0,0.0,0.0,1019.095947265625,27.84000015258789,0.6283457279205322,-0.16057685017585754,373997920,1267763200,-1.899999976158142,0.3961222171783447,359.1499938964844,12,1,-0.3108920454978943,0.0,-0.04309213533997536,-0.32108524441719055,0.0,36600,36600,126145,36585,0,36600,STANDBY
0.07999999821186066,0.05999999865889549,9.8100004196167,0.0,0.0,0.0,1019.095947265625,27.84000015258789,0.6283457279205322,-0.12846148014068604,373997920,1267763200,-1.899999976158142,0.3961222171783447,359.1499938964844,12,1,-0.21701711416244507,0.0,0.10776085406541824,-0.5964537262916565,0.0,36651,36700,126247,36687,0,36700,STANDBY
0.0,-0.009999999776482582,9.819999694824219,0.0,0.0,0.0,1019.09375,27.84000015258789,0.6465210318565369,-0.009514138102531433,373997920,1267763200,-1.899999976158142,0.3961222171783447,359.1499938964844,12,1,-0.11346781998872757,0.0,0.24243904650211334,-0.7937864065170288,0.0,36751,36800,126350,36791,0,36800,STANDBY
0.05999999865889549,0.019999999552965164,9.8100004196167,0.0,0.0,0.0,1019.09765625,27.84000015258789,0.6153634190559387,-0.10579340904951096,373997920,1267763200,-1.899999976158142,0.3961222171783447,359.1499938964844,12,1,0.0020142216235399246,0.0,0.3196203410625458,-0.9063692092895508,0.0,36851,36900,126453,36893,0,36900,STANDBY
0.05000000074505806,0.0,9.8100004196167,0.0,0.0,0.0,1019.1038208007812,27.850000381469727,0.5660305023193359,-0.2255731076002121,373997920,1267763200,-1.899999976158142,0.3961222171783447,359.1499938964844,12,1,0.1271706223487854,0.0,0.34659871459007263,-0.9291970729827881,0.0,36951,37000,126556,36997,0,37000,STANDBY
0.019999999552965164,0.009999999776482582,9.819999694824219,0.0,0.0,0.0,1019.0982055664062,27.850000381469727,0.6101704835891724,-0.003118848893791437,373997920,1267763200,-1.899999976158142,0.3961222171783447,359.1499938964844,12,1,0.2460707426071167,0.0,0.3404645025730133,-0.8530839085578918,0.0,37051,37100,126659,37099,0,37100,STANDBY
0.05000000074505806,0.029999999329447746,9.8100004196167,0.0,0.0,0.0,1019.0982055664062,27.850000381469727,0.6101704835891724,-0.001996063394472003,373997952,1267763200,-1.899999976158142,1.1214888095855713,22.700000762939453,12,1,0.3253273069858551,0.0,0.32068848609924316,-0.7191686630249023,0.0,37153,37200,126741,37181,0,37200,STANDBY
0.009999999776482582,0.009999999776482582,9.819999694824219,0.0,0.0,0.0,1019.0909423828125,27.84000015258789,0.6698892712593079,0.18982264399528503,373997952,1267763200,-1.2000000476837158,1.1214888095855713,22.700000762939453,12,1,0.3878902494907379,0.0,0.2788781523704529,-0.47209081053733826,0.0,37253,37300,126843,37284,0,37300,STANDBY
0.05999999865889549,0.05000000074505806,9.819999694824219,0.0,0.0,0.0,1019.102783203125,27.850000381469727,0.5738198757171631,-0.2108617126941681,373997952,1267763200,-1.2000000476837158,1.1214888095855713,22.700000762939453,12,1,0.3962828516960144,0.0,0.21225623786449432,-0.16528825461864471,0.0,37353,37400,126946,37387,0,37400,STANDBY
0.019999999552965164,-0.009999999776482582,9.8100004196167,0.0,0.0,0.0,1019.09716796875,27.850000381469727,0.6205563545227051,0.05199441313743591,373997952,1267763200,-1.2000000476837158,1.1214888095855713,22.700000762939453,12,1,0.3501083552837372,0.0,0.10977508127689362,0.16196173429489136,0.0,37453,37500,127049,37489,0,37500,STANDBY
0.07000000029802322,0.019999999552965164,9.8100004196167,0.0,0.0,0.0,1019.0988159179688,27.850000381469727,0.604977548122406,-0.029038801789283752,373997952,1267763200,-1.2000000476837158,1.1214888095855713,22.700000762939453,12,1,0.26618245244026184,0.0,-0.030549028888344765,0.4665059447288513,0.0,37556,37600,127152,37592,0,37600,STANDBY
0.019999999552965164,0.009999999776482582,9.819999694824219,0.0,0.0,0.0,1019.102783203125,27.850000381469727,0.5738198757171631,-0.08249800652265549,373997952,1267763200,-1.2000000476837158,1.1214888095855713,22.700000762939453,12,1,0.16553239524364471,0.0,-0.1815240979194641,0.7070223093032837,0.0,37684,37700,127254,37694,0,37700,STANDBY
0.019999999552965164,0.029999999329447746,9.819999694824219,0.0,0.0,0.0,1019.1084594726562,27.850000381469727,0.5270833969116211,-0.20235545933246613,373997952,1267763200,-1.2000000476837158,1.1214888095855713,22.700000762939453,12,1,0.055940426886081696,0.0,-0.28946805000305176,0.8623310327529907,0.0,37784,37800,127357,37797,0,37800,STANDBY
0.029999999329447746,0.009999999776482582,9.8100004196167,0.0,0.0,0.0,1019.1060791015625,27.850000381469727,0.5478551983833313,-0.06303773075342178,373997952,1267763200,-1.2000000476837158,1.1214888095855713,22.700000762939453,12,1,-0.041749320924282074,0.0,-0.3331095278263092,0.9238563179969788,0.0,37884,37900,127439,37879,0,37900,STANDBY
0.05000000074505806,0.0,9.8100004196167,0.0,0.0,0.0,1019.1038208007812,27.850000381469727,0.5660305023193359,0.04482010751962662,373997952,1267763200,-1.2000000476837158,1.1214888095855713,22.700000762939453,12,1,-0.1675466150045395,0.0,-0.347514271736145,0.9154027104377747,0.0,37984,38000,127543,37983,0,38000,STANDBY
0.05000000074505806,0.0,9.819999694824219,0.0,0.0,0.0,1019.1060791015625,27.850000381469727,0.5478551983833313,-0.04401634633541107,373997952,1267763200,-1.2000000476837158,1.1214888095855713,22.700000762939453,12,1,-0.28171634674072266,0.0,-0.3338724970817566,0.8042542934417725,0.0,38084,38100,127645,38087,0,38100,STANDBY
0.029999999329447746,0.0,9.819999694824219,0.0,0.0,0.0,1019.1043701171875,27.850000381469727,0.5608375072479248,0.023758770897984505,373997984,1267763200,-1.2000000476837158,0.524733304977417,22.700000762939453,12,1,-0.365367591381073,0.0,-0.3005462884902954,0.5941648483276367,0.0,38184,38200,127748,38188,0,38200,STANDBY
0.03999999910593033,0.03999999910593033,9.819999694824219,0.0,0.0,0.0,1019.1043701171875,27.850000381469727,0.5608375072479248,0.015205614268779755,373997984,1267763200,-1.2999999523162842,0.524733304977417,22.700000762939453,12,1,-0.39954832196235657,0.0,-0.2457960695028305,0.3081148862838745,0.0,38284,38300,127851,38291,0,38300,STANDBY
0.0,0.019999999552965164,9.819999694824219,0.0,0.0,0.0,1019.1004638671875,27.850000381469727,0.5919951796531677,0.13436228036880493,373997984,1267763200,-1.2999999523162842,0.524733304977417,22.700000762939453,12,1,-0.37668997049331665,0.0,-0.15991699695587158,-0.016846217215061188,0.0,38384,38400,127953,38393,0,38400,STANDBY
0.03999999910593033,0.009999999776482582,9.8100004196167,0.0,0.0,0.0,1019.106689453125,27.850000381469727,0.5426622629165649,-0.11133980751037598,373997984,1267763200,-1.2999999523162842,0.524733304977417,22.700000762939453,12,1,-0.30637532472610474,0.0,-0.034485917538404465,-0.33912166953086853,0.0,38484,38500,128056,38497,0,38500,STANDBY
0.029999999329447746,0.0,9.8100004196167,0.0,0.0,0.0,1019.1123657226562,27.860000610351562,0.49592578411102295,-0.22081421315670013,373997984,1267763200,-1.2999999523162842,0.524733304977417,22.700000762939453,12,1,-0.20990630984306335,0.0,0.1192358136177063,-0.6140629053115845,0.0,38584,38600,128159,38599,0,38600,STANDBY
0.03999999910593033,0.019999999552965164,9.8100004196167,0.0,0.0,0.0,1019.1099853515625,27.850000381469727,0.5141010880470276,-0.08316012471914291,373997984,1267763200,-1.2999999523162842,0.524733304977417,22.700000762939453,12,1,-0.125919371843338,0.0,0.22898037731647491,-0.7756584286689758,0.0,38684,38700,128241,38681,0,38700,STANDBY
0.029999999329447746,0.009999999776482582,9.819999694824219,0.0,0.0,0.0,1019.1084594726562,27.850000381469727,0.5270833969116211,-0.011679095216095448,373997984,1267763200,-1.2999999523162842,0.524733304977417,22.700000762939453,12,1,-0.0099795525893569,0.0,0.31452375650405884,-0.8990447521209717,0.0,38784,38800,128344,38787,0,38800,STANDBY
0.009999999776482582,0.019999999552965164,9.819999694824219,0.0,0.0,0.0,1019.1162719726562,27.860000610351562,0.4647681415081024,-0.20688343048095703,373997984,1267763200,-1.2999999523162842,0.524733304977417,22.700000762939453,12,1,0.11636707931756973,0.0,0.34583574533462524,-0.9310281872749329,0.0,38884,38900,128447,38887,0,38900,STANDBY
0.05000000074505806,0.029999999329447746,9.8100004196167,0.0,0.0,0.0,1019.1185302734375,27.860000610351562,0.4465928375720978,-0.19056637585163116,373997984,1267763200,-1.2999999523162842,0.524733304977417,22.700000762939453,12,1,0.2383800745010376,0.0,0.3418683409690857,-0.861415445804596,0.0,38984,39000,128550,38990,0,39000,STANDBY
0.029999999329447746,0.0,9.8100004196167,0.0,0.0,0.0,1019.1168823242188,27.860000610351562,0.45957520604133606,-0.0804189071059227,373997984,1267763200,-1.2999999523162842,0.524733304977417,22.700000762939453,12,1,0.33735159039497375,0.0,0.3157444894313812,-0.6880092620849609,0.0,39084,39100,128653,39093,0,39100,STANDBY
0.05000000074505806,0.009999999776482582,9.8100004196167,0.0,0.0,0.0,1019.113525390625,27.860000610351562,0.48553991317749023,0.052390724420547485,373998016,1267763200,-1.2999999523162842,0.5658888816833496,22.700000762939453,12,1,0.39313945174217224,0.0,0.269905686378479,-0.42606890201568604,0.0,39184,39200,128755,39196,0,39200,STANDBY
0.05000000074505806,0.0,9.819999694824219,0.0,0.0,0.0,1019.1174926757812,27.860000610351562,0.4543822705745697,-0.09110049903392792,373998016,1267763200,-2.200000047683716,0.5658888816833496,22.700000762939453,12,1,0.39201024174690247,0.0,0.19705802202224731,-0.10962248593568802,0.0,39284,39300,128858,39299,0,39300,STANDBY
0.019999999552965164,0.029999999329447746,9.8100004196167,0.0,0.0,0.0,1019.1196899414062,27.8700008392334,0.43620696663856506,-0.13100554049015045,373998016,1267763200,-2.200000047683716,0.5658888816833496,22.700000762939453,12,1,0.35139012336730957,0.0,0.11181981861591339,0.15613269805908203,0.0,39384,39400,128941,39380,0,39400,STANDBY
0.03999999910593033,0.019999999552965164,9.819999694824219,0.0,0.0,0.0,1019.1196899414062,27.8700008392334,0.43620696663856506,-0.08384355157613754,373998016,1267763200,-2.200000047683716,0.5658888816833496,22.700000762939453,12,1,0.26715904474258423,0.0,-0.03018280677497387,0.46501052379608154,0.0,39484,39500,129043,39483,0,39500,STANDBY
0.019999999552965164,0.0,9.819999694824219,0.0,0.0,0.0,1019.1124877929688,27.860000610351562,0.49592578411102295,0.13744035363197327,373998016,1267763200,-2.200000047683716,0.5658888816833496,22.700000762939453,12,1,0.16492202877998352,0.0,-0.1820429116487503,0.7085177302360535,0.0,39584,39600,129145,39587,0,39600,STANDBY
0.05000000074505806,0.009999999776482582,9.8100004196167,0.0,0.0,0.0,1019.11865234375,27.8700008392334,0.4439963698387146,-0.07821229845285416,373998016,1267763200,-2.200000047683716,0.5658888816833496,22.700000762939453,12,1,0.05334635451436043,0.0,-0.29062777757644653,0.8646504282951355,0.0,39684,39700,129249,39689,0,39700,STANDBY
0.03999999910593033,0.0,9.8100004196167,0.0,0.0,0.0,1019.1203002929688,27.8700008392334,0.4310140311717987,-0.09159936010837555,373998016,1267763200,-2.200000047683716,0.5658888816833496,22.700000762939453,12,1,-0.0714438334107399,0.0,-0.3396099805831909,0.9307840466499329,0.0,39784,39800,129351,39791,0,39800,STANDBY
0.03999999910593033,0.019999999552965164,9.819999694824219,0.0,0.0,0.0,1019.1185913085938,27.8700008392334,0.4439963698387146,-0.017080111429095268,373998016,1267763200,-2.200000047683716,0.5658888816833496,22.700000762939453,12,1,-0.1975158005952835,0.0,-0.34620198607444763,0.8977019786834717,0.0,39884,39900,129455,39895,0,39900,STANDBY
0.029999999329447746,0.019999999552965164,9.8100004196167,0.0,0.0,0.0,1019.1152954101562,27.8700008392334,0.47255754470825195,0.08046448975801468,373998016,1267763200,-2.200000047683716,0.5658888816833496,22.700000762939453,12,1,-0.3072603642940521,0.0,-0.3268227279186249,0.7588427662849426,0.0,39984,40000,129557,39997,0,40000,STANDBY
0.029999999329447746,0.0,9.819999694824219,0.0,0.0,0.0,1019.1135864257812,27.8700008392334,0.48553991317749023,0.09304085373878479,373998016,1267763200,-2.200000047683716,0.5658888816833496,22.700000762939453,12,1,-0.3803216516971588,0.0,-0.28791162371635437,0.5226294994354248,0.0,40084,40100,129659,40099,0,40100,STANDBY
0.03999999910593033,0.019999999552965164,9.819999694824219,0.0,0.0,0.0,1019.1135864257812,27.8700008392334,0.48553991317749023,0.059546150267124176,373997984,1267763200,-2.200000047683716,0.3601110875606537,22.700000762939453,12,1,-0.39988401532173157,0.0,-0.23984496295452118,0.28254035115242004,0.0,40184,40200,129741,40181,0,40200,STANDBY
0.029999999329447746,0.009999999776482582,9.819999694824219,0.0,0.0,0.0,1019.1119384765625,27.8700008392334,0.49852225184440613,0.09003889560699463,373997984,1267763200,-0.6000000238418579,0.3601110875606537,22.700000762939453,12,1,-0.3716239035129547,0.0,-0.1496932953596115,-0.047944579273462296,0.0,40285,40300,129844,40285,0,40300,STANDBY
0.05000000074505806,0.029999999329447746,9.8100004196167,0.0,0.0,0.0,1019.1102905273438,27.8700008392334,0.511504590511322,0.1095542460680008,373997984,1267763200,-0.6000000238418579,0.3601110875606537,22.700000762939453,12,1,-0.29679250717163086,0.0,-0.018646810203790665,-0.3714407682418823,0.0,40385,40400,129947,40388,0,40400,STANDBY
0.019999999552965164,0.03999999910593033,9.819999694824219,0.0,0.0,0.0,1019.1141967773438,27.8700008392334,0.4803469479084015,-0.05451584607362747,373997984,1267763200,-0.6000000238418579,0.3601110875606537,22.700000762939453,12,1,-0.19745475053787231,0.0,0.13675343990325928,-0.6416516900062561,0.0,40485,40500,130050,40491,0,40500,STANDBY
0.03999999910593033,0.029999999329447746,9.819999694824219,0.0,0.0,0.0,1019.116455078125,27.8799991607666,0.46217167377471924,-0.093051016330719,373997984,1267763200,-0.6000000238418579,0.3601110875606537,22.700000762939453,12,1,-0.08853419870138168,0.0,0.2638935446739197,-0.82656329870224,0.0,40585,40600,130153,40593,0,40600,STANDBY
0.019999999552965164,0.03999999910593033,9.819999694824219,0.0,0.0,0.0,1019.116455078125,27.8799991607666,0.46217167377471924,-0.07444081455469131,373997984,1267763200,-0.6000000238418579,0.3601110875606537,22.700000762939453,12,1,-0.06512650102376938,0.0,0.28202155232429504,-0.8528092503547668,0.0,40697,40704,130173,40697,0,40704,STANDBY
0.05999999865889549,0.0,9.819999694824219,0.0,0.0,0.0,1019.1130981445312,27.8799991607666,0.4907328486442566,0.04375363886356354,373997984,1267763200,-0.6000000238418579,0.3601110875606537,22.700000762939453,12,1,0.16232794523239136,0.0,0.34754478931427,-0.9179662466049194,0.0,40797,40804,130359,40800,0,40804,STANDBY
0.029999999329447746,0.009999999776482582,9.819999694824219,0.0,0.0,0.0,1019.115478515625,27.8799991607666,0.4699610769748688,-0.03846734017133713,373997984,1267763200,-0.6000000238418579,0.3601110875606537,22.700000762939453,12,1,0.2793053984642029,0.0,0.3343912959098816,-0.808313250541687,0.0,40897,40904,130461,40901,0,40904,STANDBY
0.019999999552965164,0.029999999329447746,9.8100004196167,0.0,0.0,0.0,1019.1160888671875,27.8799991607666,0.4647681415081024,-0.005924507975578308,373997984,1267763200,-0.6000000238418579,0.3601110875606537,22.700000762939453,12,1,0.35163426399230957,0.0,0.3088778257369995,-0.6451612710952759,0.0,40997,41004,130543,40984,0,41004,STANDBY
0.05000000074505806,0.019999999552965164,9.819999694824219,0.0,0.0,0.0,1019.1182861328125,27.8799991607666,0.4465928375720978,-0.07649289816617966,373997984,1267763200,-0.6000000238418579,0.3601110875606537,22.700000762939453,12,1,0.3960387110710144,0.0,0.25772881507873535,-0.3675954341888428,0.0,41097,41104,130647,41086,0,41104,STANDBY
0.029999999329447746,0.0,9.8100004196167,0.0,0.0,0.0,1019.1166381835938,27.8799991607666,0.45957520604133606,0.0029740184545516968,373997952,1267763200,-0.6000000238418579,0.4269888699054718,22.700000762939453,12,1,0.38373973965644836,0.0,0.17642749845981598,-0.04043702408671379,0.0,41197,41204,130749,41189,0,41204,STANDBY
0.05000000074505806,0.019999999552965164,9.819999694824219,0.0,0.0,0.0,1019.118896484375,27.889999389648438,0.4413999021053314,-0.07079784572124481,373997952,1267763200,-0.4000000059604645,0.4269888699054718,22.700000762939453,12,1,0.3194067180156708,0.0,0.055207982659339905,0.29142123460769653,0.0,41297,41304,130851,41292,0,41304,STANDBY
0.029999999329447746,0.019999999552965164,9.819999694824219,0.0,0.0,0.0,1019.1195068359375,27.889999389648438,0.43880343437194824,-0.05569649487733841,373997952,1267763200,-0.4000000059604645,0.4269888699054718,22.700000762939453,12,1,0.22388379275798798,0.0,-0.09845270961523056,0.5809808373451233,0.0,41397,41404,130955,41395,0,41404,STANDBY
0.05000000074505806,0.019999999552965164,9.819999694824219,0.0,0.0,0.0,1019.1177978515625,27.889999389648438,0.4517858028411865,0.005897823255509138,373997952,1267763200,-0.4000000059604645,0.4269888699054718,22.700000762939453,12,1,0.11624500155448914,0.0,-0.2381664514541626,0.7895748615264893,0.0,41497,41504,131057,41500,0,41504,STANDBY
0.03999999910593033,0.019999999552965164,9.819999694824219,0.0,0.0,0.0,1019.1201782226562,27.889999389648438,0.4310140311717987,-0.06269506365060806,373997952,1267763200,-0.4000000059604645,0.4269888699054718,22.700000762939453,12,1,-0.0033570360392332077,0.0,-0.3198034465312958,0.9068880081176758,0.0,41597,41604,131160,41601,0,41604,STANDBY
0.03999999910593033,0.0,9.829999923706055,0.0,0.0,0.0,1019.1207275390625,27.889999389648438,0.4284175634384155,-0.048433538526296616,373997952,1267763200,-0.4000000059604645,0.4269888699054718,22.700000762939453,12,1,-0.13257241249084473,0.0,-0.34699544310569763,0.9279457926750183,0.0,41697,41704,131263,41704,0,41704,STANDBY
0.05000000074505806,0.029999999329447746,9.819999694824219,0.0,0.0,0.0,1019.125244140625,27.899999618530273,0.39206698536872864,-0.14731931686401367,373997952,1267763200,-0.4000000059604645,0.4269888699054718,22.700000762939453,12,1,-0.23194067180156708,0.0,-0.3429059684276581,0.86822110414505,0.0,41797,41804,131345,41786,0,41804,STANDBY
0.009999999776482582,0.0,9.819999694824219,0.0,0.0,0.0,1019.1202392578125,27.899999618530273,0.4310140311717987,0.030346184968948364,373997952,1267763200,-0.4000000059604645,0.4269888699054718,22.700000762939453,12,1,-0.3342997431755066,0.0,-0.317087322473526,0.696218729019165,0.0,41897,41904,131448,41888,0,41904,STANDBY
0.03999999910593033,0.03999999910593033,9.8100004196167,0.0,0.0,0.0,1019.1135864257812,27.899999618530273,0.48553991317749023,0.2042902708053589,373997952,1267763200,-0.4000000059604645,0.4269888699054718,22.700000762939453,12,1,-0.39262062311172485,0.0,-0.2706991732120514,0.43128758668899536,0.0,41997,42004,131551,41991,0,42004,STANDBY
0.009999999776482582,0.019999999552965164,9.8100004196167,0.0,0.0,0.0,1019.115478515625,27.899999618530273,0.4699610769748688,0.06843043863773346,373997952,1267763200,-0.4000000059604645,0.4269888699054718,22.700000762939453,12,1,-0.39204075932502747,0.0,-0.19626453518867493,0.10895107686519623,0.0,42097,42104,131653,42094,0,42104,STANDBY
0.009999999776482582,0.019999999552965164,9.8100004196167,0.0,0.0,0.0,1019.1174926757812,27.899999618530273,0.4543822705745697,-0.017297878861427307,373997984,1267763200,-0.4000000059604645,0.20577776432037354,22.700000762939453,12,1,-0.33561205863952637,0.0,-0.08297982811927795,-0.22772911190986633,0.0,42198,42204,131757,42196,0,42204,STANDBY
0.05000000074505806,0.019999999552965164,9.800000190734863,0.0,0.0,0.0,1019.1141357421875,27.899999618530273,0.4803469479084015,0.09278807044029236,373997984,1267763200,0.10000000149011612,0.20577776432037354,22.700000762939453,12,1,-0.24353770911693573,0.0,0.06772056967020035,-0.5309000015258789,0.0,42298,42304,131859,42302,0,42304,STANDBY
0.029999999329447746,0.0,9.8100004196167,0.0,0.0,0.0,1019.1107788085938,27.899999618530273,0.5089081525802612,0.17362917959690094,373997984,1267763200,0.10000000149011612,0.20577776432037354,22.700000762939453,12,1,-0.13681447505950928,0.0,0.21585741639137268,-0.7577440738677979,0.0,42398,42404,131961,42401,0,42404,STANDBY
0.05000000074505806,0.009999999776482582,9.8100004196167,0.0,0.0,0.0,1019.1152954101562,27.90999984741211,0.47255754470825195,-0.005199265666306019,373997984,1267763200,0.10000000149011612,0.20577776432037354,22.700000762939453,12,1,-0.043885618448257446,0.0,0.29624316096305847,-0.8730430006980896,0.0,42498,42504,132044,42484,0,42504,STANDBY
0.029999999329447746,0.009999999776482582,9.819999694824219,0.0,0.0,0.0,1019.11767578125,27.90999984741211,0.4517858028411865,-0.0697971060872078,373997984,1267763200,0.10000000149011612,0.20577776432037354,22.700000762939453,12,1,0.08374278992414474,0.0,0.3420819640159607,-0.9320047497749329,0.0,42598,42604,132147,42587,0,42604,STANDBY
0.03999999910593033,0.009999999776482582,9.8100004196167,0.0,0.0,0.0,1019.115966796875,27.90999984741211,0.4673646092414856,0.005182031076401472,373997984,1267763200,0.10000000149011612,0.20577776432037354,22.700000762939453,12,1,0.21164585649967194,0.0,0.34546953439712524,-0.886501669883728,0.0,42698,42704,132250,42690,0,42704,STANDBY
0.05999999865889549,0.009999999776482582,9.8100004196167,0.0,0.0,0.0,1019.1126708984375,27.90999984741211,0.49332931637763977,0.08640356361865997,373997984,1267763200,0.10000000149011612,0.20577776432037354,22.700000762939453,12,1,0.31983399391174316,0.0,0.3228858411312103,-0.730613112449646,0.0,42798,42804,132353,42793,0,42804,STANDBY
0.05999999865889549,0.009999999776482582,9.8100004196167,0.0,0.0,0.0,1019.1188354492188,27.920000076293945,0.4439963698387146,-0.1025671511888504,373997984,1267763200,0.10000000149011612,0.20577776432037354,22.700000762939453,12,1,0.3871577978134155,0.0,0.2792443633079529,-0.4764549732208252,0.0,42898,42904,132456,42896,0,42904,STANDBY
0.019999999552965164,0.019999999552965164,9.819999694824219,0.0,0.0,0.0,1019.1217041015625,27.920000076293945,0.420628160238266,-0.1445755958557129,373997984,1267763200,0.10000000149011612,0.20577776432037354,22.700000762939453,12,1,0.395764023065567,0.0,0.20908230543136597,-0.1575975865125656,0.0,42998,43004,132558,43001,0,43004,STANDBY
0.05000000074505806,0.029999999329447746,9.8100004196167,0.0,0.0,0.0,1019.1199951171875,27.920000076293945,0.4336104989051819,-0.0405990332365036,373997984,1267763200,0.10000000149011612,0.20577776432037354,22.700000762939453,12,1,0.34611040353775024,0.0,0.10119938105344772,0.1819513589143753,0.0,43098,43104,132661,43101,0,43104,STANDBY
0.019999999552965164,0.009999999776482582,9.8100004196167,0.0,0.0,0.0,1019.11669921875,27.920000076293945,0.45957520604133606,0.07787545025348663,373997952,1267763200,0.10000000149011612,0.2572222054004669,22.700000762939453,12,1,0.25656911730766296,0.0,-0.046479690819978714,0.4945829510688782,0.0,43198,43204,132764,43204,0,43204,STANDBY
0.05000000074505806,0.009999999776482582,9.8100004196167,0.0,0.0,0.0,1019.1173706054688,27.920000076293945,0.4543822705745697,0.02906854823231697,373997952,1267763200,0.20000000298023224,0.2572222054004669,22.700000762939453,12,1,0.17200231552124023,0.0,-0.17111727595329285,0.6938382983207703,0.0,43298,43304,132846,43286,0,43304,STANDBY
0.019999999552965164,0.0,9.819999694824219,0.0,0.0,0.0,1019.1195068359375,27.93000030517578,0.43880343437194824,-0.04371147230267525,373997952,1267763200,0.20000000298023224,0.2572222054004669,22.700000762939453,12,1,0.058290354907512665,0.0,-0.286873996257782,0.8594012260437012,0.0,43398,43404,132948,43388,0,43404,STANDBY
0.03999999910593033,0.009999999776482582,9.8100004196167,0.0,0.0,0.0,1019.117919921875,27.93000030517578,0.44918933510780334,0.01356826163828373,373997952,1267763200,0.20000000298023224,0.2572222054004669,22.700000762939453,12,1,-0.06921598315238953,0.0,-0.33930477499961853,0.9303262233734131,0.0,43498,43504,133052,43492,0,43504,STANDBY
0.019999999552965164,0.019999999552965164,9.819999694824219,0.0,0.0,0.0,1019.1162719726562,27.93000030517578,0.4647681415081024,0.0585358701646328,373997952,1267763200,0.20000000298023224,0.2572222054004669,22.700000762939453,12,1,-0.1988280862569809,0.0,-0.34662923216819763,0.8967253565788269,0.0,43598,43604,133154,43594,0,43604,STANDBY
0.019999999552965164,0.019999999552965164,9.819999694824219,0.0,0.0,0.0,1019.1185302734375,27.93000030517578,0.4465928375720978,-0.02069801464676857,373997952,1267763200,0.20000000298023224,0.2572222054004669,22.700000762939453,12,1,-0.3104342818260193,0.0,-0.3261818289756775,0.7519760727882385,0.0,43698,43704,133257,43698,0,43704,STANDBY
0.05000000074505806,0.019999999552965164,9.8100004196167,0.0,0.0,0.0,1019.1204833984375,27.93000030517578,0.4284175634384155,-0.07140760868787766,373997952,1267763200,0.20000000298023224,0.2572222054004669,22.700000762939453,12,1,-0.383098840713501,0.0,-0.2847987413406372,0.5054170489311218,0.0,43798,43804,133360,43801,0,43804,STANDBY
0.019999999552965164,-0.009999999776482582,9.8100004196167,0.0,0.0,0.0,1019.1187744140625,27.93000030517578,0.4439963698387146,0.004151311703026295,373997952,1267763200,0.20000000298023224,0.2572222054004669,22.700000762939453,12,1,-0.3978087604045868,0.0,-0.21735282242298126,0.1899166852235794,0.0,43898,43904,133463,43902,0,43904,STANDBY
0.05000000074505806,0.03999999910593033,9.800000190734863,0.0,0.0,0.0,1019.1190795898438,27.93000030517578,0.4413999021053314,-0.028500795364379883,373997952,1267763200,0.20000000298023224,0.2572222054004669,22.700000762939453,12,1,-0.3660390079021454,0.0,-0.13711966574192047,-0.08307138085365295,0.0,43998,44004,133544,43984,0,44004,STANDBY
0.0,0.019999999552965164,9.819999694824219,0.0,0.0,0.0,1019.1229858398438,27.940000534057617,0.4102422595024109,-0.14287108182907104,373997952,1267763200,0.20000000298023224,0.2572222054004669,22.700000762939453,12,1,-0.2853785753250122,0.0,0.0009765923023223877,-0.40980255603790283,0.0,44098,44104,133647,44087,0,44104,STANDBY
0.05000000074505806,0.03999999910593033,9.8100004196167,0.0,0.0,0.0,1019.1213989257812,27.940000534057617,0.42322462797164917,-0.039508022367954254,373997952,1267763328,0.20000000298023224,0.4732888340950012,22.700000762939453,12,1,-0.18137149512767792,0.0,0.158665731549263,-0.6758018732070923,0.0,44198,44204,133749,44190,0,44204,STANDBY
0.029999999329447746,0.009999999776482582,9.8100004196167,0.0,0.0,0.0,1019.117431640625,27.93000030517578,0.4543822705745697,0.09934543818235397,373997952,1267763328,0.0,0.4732888340950012,22.700000762939453,12,1,-0.06741538643836975,0.0,0.28009888529777527,-0.8501541018486023,0.0,44298,44304,133853,44293,0,44304,STANDBY
0.029999999329447746,-0.009999999776482582,9.819999694824219,0.0,0.0,0.0,1019.11572265625,27.93000030517578,0.4673646092414856,0.11551043391227722,373997952,1267763328,0.0,0.4732888340950012,22.700000762939453,12,1,0.06045716628432274,0.0,0.33722952008247375,-0.9287087321281433,0.0,44398,44404,133956,44396,0,44404,STANDBY
0.07000000029802322,0.009999999776482582,9.8100004196167,0.0,0.0,0.0,1019.1196899414062,27.940000534057617,0.43620696663856506,-0.05070389062166214,373997952,1267763328,0.0,0.4732888340950012,22.700000762939453,12,1,0.1910458654165268,0.0,0.34717857837677,-0.9020355939865112,0.0,44498,44504,134059,44502,0,44504,STANDBY
0.019999999552965164,0.0,9.819999694824219,0.0,0.0,0.0,1019.1275024414062,27.940000534057617,0.373891681432724,-0.23185940086841583,373997952,1267763328,0.0,0.4732888340950012,22.700000762939453,12,1,0.30494093894958496,0.0,0.32804346084594727,-0.7628101706504822,0.0,44598,44604,134161,44601,0,44604,STANDBY
0.05000000074505806,0.029999999329447746,9.8100004196167,0.0,0.0,0.0,1019.1203002929688,27.940000534057617,0.4310140311717987,0.03440150246024132,373997952,1267763328,0.0,0.4732888340950012,22.700000762939453,12,1,0.3804742693901062,0.0,0.287362277507782,-0.5194860696792603,0.0,44698,44704,134264,44704,0,44704,STANDBY
0.019999999552965164,0.0,9.819999694824219,0.0,0.0,0.0,1019.1168823242188,27.940000534057617,0.45957520604133606,0.11341273039579391,373997952,1267763328,0.0,0.4732888340950012,22.700000762939453,12,1,0.39988401532173157,0.0,0.23664052784442902,-0.2709738314151764,0.0,44798,44804,134346,44786,0,44804,STANDBY
0.05000000074505806,0.009999999776482582,9.8100004196167,0.0,0.0,0.0,1019.1231079101562,27.940000534057617,0.4076457917690277,-0.09358998388051987,373997952,1267763328,0.0,0.4732888340950012,22.700000762939453,12,1,0.36817529797554016,0.0,0.14148381352424622,0.07040619850158691,0.0,44898,44904,134449,44889,0,44904,STANDBY
0.05000000074505806,0.0,9.800000190734863,0.0,0.0,0.0,1019.123779296875,27.950000762939453,0.40245285630226135,-0.06612911075353622,373997952,1267763328,0.0,0.4732888340950012,22.700000762939453,12,1,0.28821679949760437,0.0,0.0037842951714992523,0.40058594942092896,0.0,44998,45004,134551,44991,0,45004,STANDBY
0.019999999552965164,0.0,9.819999694824219,0.0,0.0,0.0,1019.120361328125,27.950000762939453,0.4310140311717987,0.06968198716640472,373997952,1267763328,0.0,0.4732888340950012,22.700000762939453,12,1,0.18387402594089508,0.0,-0.15536972880363464,0.670461118221283,0.0,45099,45104,134654,45094,0,45104,STANDBY
0.03999999910593033,0.029999999329447746,9.8100004196167,0.0,0.0,0.0,1019.1187744140625,27.950000762939453,0.4439963698387146,0.09652583301067352,373997984,1267763328,0.0,0.4578555226325989,22.700000762939453,12,1,0.06961271911859512,0.0,-0.2783898413181305,0.8477736711502075,0.0,45199,45204,134757,45197,0,45204,STANDBY
0.0,0.0,9.819999694824219,0.0,0.0,0.0,1019.119384765625,27.950000762939453,0.43880343437194824,0.04100479558110237,373997984,1267763328,-0.30000001192092896,0.4578555226325989,22.700000762939453,12,1,-0.05893124267458916,0.0,-0.33704641461372375,0.9282814860343933,0.0,45299,45304,134859,45302,0,45304,STANDBY
0.05000000074505806,0.029999999329447746,9.819999694824219,0.0,0.0,0.0,1019.1160278320312,27.950000762939453,0.4647681415081024,0.13010190427303314,373997984,1267763328,-0.30000001192092896,0.4578555226325989,22.700000762939453,12,1,-0.1903439462184906,0.0,-0.34736168384552,0.9024018049240112,0.0,45399,45404,134963,45403,0,45404,STANDBY
0.019999999552965164,0.0,9.800000190734863,0.0,0.0,0.0,1019.1126708984375,27.950000762939453,0.49332931637763977,0.19750991463661194,373997984,1267763328,-0.30000001192092896,0.4578555226325989,22.700000762939453,12,1,-0.2846766710281372,0.0,-0.3336893916130066,0.7994933724403381,0.0,45499,45504,135045,45486,0,45504,STANDBY
0.03999999910593033,0.009999999776482582,9.800000190734863,0.0,0.0,0.0,1019.1126708984375,27.950000762939453,0.49332931637763977,0.12640635669231415,373997984,1267763328,-0.30000001192092896,0.4578555226325989,22.700000762939453,12,1,-0.37003692984580994,0.0,-0.29688405990600586,0.573686957359314,0.0,45599,45604,135147,45588,0,45604,STANDBY
0.03999999910593033,0.0,9.800000190734863,0.0,0.0,0.0,1019.11328125,27.950000762939453,0.4881363809108734,0.08995748311281204,373997984,1267763328,-0.30000001192092896,0.4578555226325989,22.700000762939453,12,1,-0.3810235857963562,0.0,-0.286843478679657,0.5174718499183655,0.0,45692,45704,135168,45692,0,45704,STANDBY
0.019999999552965164,0.009999999776482582,9.819999694824219,0.0,0.0,0.0,1019.115478515625,27.950000762939453,0.4699610769748688,-0.0005881846300326288,373997984,1267763328,-0.30000001192092896,0.4578555226325989,22.700000762939453,12,1,-0.3671681880950928,0.0,-0.13913388550281525,-0.07663197815418243,0.0,45792,45804,135353,45795,0,45804,STANDBY
0.029999999329447746,0.0,9.800000190734863,0.0,0.0,0.0,1019.1177978515625,27.959999084472656,0.4517858028411865,-0.0585373155772686,373997984,1267763328,-0.30000001192092896,0.4578555226325989,22.700000762939453,12,1,-0.2862636148929596,0.0,3.0518509447574615e-05,-0.40772730112075806,0.0,45892,45904,135455,45895,0,45904,STANDBY
0.019999999552965164,0.0,9.8100004196167,0.0,0.0,0.0,1019.1144409179688,27.959999084472656,0.4803469479084015,0.05393178388476372,373997984,1267763328,-0.30000001192092896,0.4578555226325989,22.700000762939453,12,1,-0.18091373145580292,0.0,0.1596423238515854,-0.6768090128898621,0.0,45992,46004,135558,45999,0,46004,STANDBY
0.03999999910593033,0.009999999776482582,9.800000190734863,0.0,0.0,0.0,1019.1187744140625,27.959999084472656,0.4439963698387146,-0.09426857531070709,373997984,1267763328,-0.30000001192092896,0.4578555226325989,22.700000762939453,12,1,-0.06527908891439438,0.0,0.28141117095947266,-0.8523819446563721,0.0,46092,46104,135661,46101,0,46104,STANDBY
0.03999999910593033,0.009999999776482582,9.8100004196167,0.0,0.0,0.0,1019.1152954101562,27.959999084472656,0.47255754470825195,0.05391281098127365,373997984,1267763456,-0.30000001192092896,0.10288888216018677,22.700000762939453,12,1,0.06418042629957199,0.0,0.33826714754104614,-0.9293801784515381,0.0,46192,46204,135763,46204,0,46204,STANDBY
0.03999999910593033,0.009999999776482582,9.8100004196167,0.0,0.0,0.0,1019.11376953125,27.959999084472656,0.48553991317749023,0.08643367886543274,373997984,1267763456,-1.399999976158142,0.10288888216018677,22.700000762939453,11,1,0.17047639191150665,0.0,0.3482467234134674,-0.9137547016143799,0.0,46292,46304,135846,46286,0,46304,STANDBY
0.029999999329447746,0.009999999776482582,9.8100004196167,0.0,0.0,0.0,1019.112060546875,27.959999084472656,0.49852225184440613,0.10724691301584244,373997984,1267763456,-1.399999976158142,0.10288888216018677,22.700000762939453,11,1,0.28995636105537415,0.0,0.3325602114200592,-0.790307343006134,0.0,46392,46404,135949,46389,0,46404,STANDBY
0.019999999552965164,0.0,9.819999694824219,0.0,0.0,0.0,1019.1162719726562,27.969999313354492,0.4647681415081024,-0.06637841463088989,373997984,1267763456,-1.399999976158142,0.10288888216018677,22.700000762939453,11,1,0.3733634352684021,0.0,0.2941679060459137,-0.5578783750534058,0.0,46492,46504,136051,46491,0,46504,STANDBY
0.05000000074505806,0.009999999776482582,9.800000190734863,0.0,0.0,0.0,1019.1185302734375,27.969999313354492,0.4465928375720978,-0.11518339812755585,373997984,1267763456,-1.399999976158142,0.10288888216018677,22.700000762939453,11,1,0.39979246258735657,0.0,0.2306894063949585,-0.2461012601852417,0.0,46592,46604,136154,46595,0,46604,STANDBY
0.029999999329447746,0.0,9.819999694824219,0.0,0.0,0.0,1019.1168823242188,27.969999313354492,0.45957520604133606,-0.03217379376292229,373997984,1267763456,-1.399999976158142,0.10288888216018677,22.700000762939453,11,1,0.3633228540420532,0.0,0.13095492124557495,0.09988708049058914,0.0,46692,46704,136256,46697,0,46704,STANDBY
0.029999999329447746,0.009999999776482582,9.8100004196167,0.0,0.0,0.0,1019.1168823242188,27.969999313354492,0.45957520604133606,-0.02059122733771801,373997984,1267763456,-1.399999976158142,0.10288888216018677,22.700000762939453,11,1,0.2789086699485779,0.0,-0.01144444104284048,0.430524617433548,0.0,46792,46804,136359,46799,0,46804,STANDBY
0.029999999329447746,0.009999999776482582,9.8100004196167,0.0,0.0,0.0,1019.1174926757812,27.969999313354492,0.4543822705745697,-0.029795778915286064,373997984,1267763456,-1.399999976158142,0.10288888216018677,22.700000762939453,11,1,0.17178869247436523,0.0,-0.17093417048454285,0.6942350268363953,0.0,46892,46904,136462,46902,0,46904,STANDBY
0.029999999329447746,0.019999999552965164,9.819999694824219,0.0,0.0,0.0,1019.1213989257812,27.969999313354492,0.42322462797164917,-0.11877375841140747,373997984,1267763456,-1.399999976158142,0.10288888216018677,22.700000762939453,11,1,0.079287089407444,0.0,-0.2703634798526764,0.8368175029754639,0.0,46992,47004,136544,46984,0,47004,STANDBY
0.029999999329447746,0.009999999776482582,9.819999694824219,0.0,0.0,0.0,1019.1180419921875,27.969999313354492,0.44918933510780334,0.007071858737617731,373997984,1267763456,-1.399999976158142,0.10288888216018677,22.700000762939453,11,1,-0.04934842884540558,0.0,-0.334788054227829,0.9258400201797485,0.0,47092,47104,136646,47087,0,47104,STANDBY
0.029999999329447746,0.0,9.8100004196167,0.0,0.0,0.0,1019.1146850585938,27.969999313354492,0.4777504801750183,0.10838469862937927,373997984,1267763456,-1.399999976158142,0.2829444408416748,22.700000762939453,11,1,-0.1824701726436615,0.0,-0.3481551706790924,0.9070405960083008,0.0,47192,47204,136750,47190,0,47204,STANDBY
0.03999999910593033,0.019999999552965164,9.819999694824219,0.0,0.0,0.0,1019.1192016601562,27.979999542236328,0.43880343437194824,-0.08642197400331497,373997984,1267763456,-2.200000047683716,0.2829444408416748,22.700000762939453,11,1,-0.300088495016098,0.0,-0.32969146966934204,0.7716299891471863,0.0,47292,47304,136852,47295,0,47304,STANDBY
0.019999999552965164,0.0,9.800000190734863,0.0,0.0,0.0,1019.1175537109375,27.979999542236328,0.4543822705745697,0.007005278021097183,373997984,1267763456,-2.200000047683716,0.2829444408416748,22.700000762939453,11,1,-0.3791009187698364,0.0,-0.28861355781555176,0.5277260541915894,0.0,47392,47404,136954,47395,0,47404,STANDBY
0.03999999910593033,0.029999999329447746,9.8100004196167,0.0,0.0,0.0,1019.1141967773438,27.979999542236328,0.4803469479084015,0.10834208875894547,373997984,1267763456,-2.200000047683716,0.2829444408416748,22.700000762939453,11,1,-0.3985717296600342,0.0,-0.2214117795228958,0.20850245654582977,0.0,47492,47504,137057,47498,0,47504,STANDBY
0.029999999329447746,0.009999999776482582,9.819999694824219,0.0,0.0,0.0,1019.1109619140625,27.979999542236328,0.5063116550445557,0.17319777607917786,373997984,1267763456,-2.200000047683716,0.2829444408416748,22.700000762939453,11,1,-0.3553880453109741,0.0,-0.11587878316640854,-0.14078187942504883,0.0,47592,47604,137159,47600,0,47604,STANDBY
0.029999999329447746,0.0,9.819999694824219,0.0,0.0,0.0,1019.1130981445312,27.979999542236328,0.4907328486442566,0.06099439784884453,373997984,1267763456,-2.200000047683716,0.2829444408416748,22.700000762939453,11,1,-0.26636555790901184,0.0,0.031403545290231705,-0.4676961600780487,0.0,47692,47704,137263,47703,0,47704,STANDBY
0.03999999910593033,0.019999999552965164,9.8100004196167,0.0,0.0,0.0,1019.119384765625,27.989999771118164,0.43880343437194824,-0.1271377056837082,373997984,1267763456,-2.200000047683716,0.2829444408416748,22.700000762939453,11,1,-0.17957091331481934,0.0,0.16043581068515778,-0.6788537502288818,0.0,47792,47804,137345,47785,0,47804,STANDBY
0.009999999776482582,0.009999999776482582,9.819999694824219,0.0,0.0,0.0,1019.1160888671875,27.989999771118164,0.4647681415081024,0.001718932413496077,373997984,1267763456,-2.200000047683716,0.2829444408416748,22.700000762939453,11,1,-0.062349315732717514,0.0,0.28284555673599243,-0.8549455404281616,0.0,47892,47904,137447,47888,0,47904,STANDBY
0.03999999910593033,0.029999999329447746,9.8100004196167,0.0,0.0,0.0,1019.1143798828125,27.989999771118164,0.4803469479084015,0.05095229670405388,373997984,1267763456,-2.200000047683716,0.2829444408416748,22.700000762939453,11,1,0.06872768700122833,0.0,0.33906063437461853,-0.9301431179046631,0.0,47992,48004,137550,47990,0,48004,STANDBY
0.019999999552965164,0.0,9.8100004196167,0.0,0.0,0.0,1019.114990234375,27.989999771118164,0.47515401244163513,0.016317909583449364,373997984,1267763456,-2.200000047683716,0.2829444408416748,22.700000762939453,11,1,0.20187993347644806,0.0,0.34696492552757263,-0.8943144083023071,0.0,48093,48104,137653,48096,0,48104,STANDBY
0.05000000074505806,0.009999999776482582,9.800000190734863,0.0,0.0,0.0,1019.1174926757812,27.989999771118164,0.4543822705745697,-0.03317718207836151,373997952,1267763456,-2.200000047683716,0.6379110813140869,22.700000762939453,11,1,0.3153172433376312,0.0,0.3249610960483551,-0.7405926585197449,0.0,48193,48204,137755,48196,0,48204,STANDBY
0.05000000074505806,0.0,9.819999694824219,0.0,0.0,0.0,1019.1158447265625,27.989999771118164,0.4673646092414856,0.0306959580630064,373997952,1267763456,-1.600000023841858,0.6379110813140869,22.700000762939453,12,1,0.3866695165634155,0.0,0.27985474467277527,-0.48051393032073975,0.0,48293,48304,137859,48299,0,48304,STANDBY
0.019999999552965164,0.0,9.819999694824219,0.0,0.0,0.0,1019.1124877929688,27.989999771118164,0.49592578411102295,0.13389010727405548,373997952,1267763456,-1.600000023841858,0.6379110813140869,22.700000762939453,12,1,0.395672470331192,0.0,0.206610307097435,-0.1508529931306839,0.0,48393,48404,137961,48401,0,48404,STANDBY
0.05000000074505806,0.029999999329447746,9.800000190734863,0.0,0.0,0.0,1019.118408203125,28.0,0.4465928375720978,-0.11164211481809616,373997952,1267763456,-1.600000023841858,0.6379110813140869,22.700000762939453,12,1,0.3424787223339081,0.0,0.09344767779111862,0.20026245713233948,0.0,48493,48504,138063,48503,0,48504,STANDBY
0.009999999776482582,0.0,9.8100004196167,0.0,0.0,0.0,1019.12060546875,28.0,0.4284175634384155,-0.14415204524993896,373997952,1267763456,-1.600000023841858,0.6379110813140869,22.700000762939453,12,1,0.2687765061855316,0.0,-0.02768028900027275,0.460737943649292,0.0,48593,48604,138145,48586,0,48604,STANDBY
0.05000000074505806,0.029999999329447746,9.8100004196167,0.0,0.0,0.0,1019.1173706054688,28.0,0.4543822705745697,-0.009170246310532093,373997952,1267763456,-1.600000023841858,0.6379110813140869,22.700000762939453,12,1,0.158879354596138,0.0,-0.18704794347286224,0.7185583114624023,0.0,48693,48704,138248,48689,0,48704,STANDBY
0.009999999776482582,0.0,9.819999694824219,0.0,0.0,0.0,1019.1156005859375,28.0,0.4699610769748688,0.04398322477936745,373997952,1267763456,-1.600000023841858,0.6379110813140869,22.700000762939453,12,1,0.038392286747694016,0.0,-0.29837948083877563,0.8771019577980042,0.0,48793,48804,138351,48791,0,48804,STANDBY
0.05000000074505806,0.009999999776482582,9.819999694824219,0.0,0.0,0.0,1019.1202392578125,28.010000228881836,0.4310140311717987,-0.09648128598928452,373997952,1267763456,-1.600000023841858,0.6379110813140869,22.700000762939453,12,1,-0.0947904884815216,0.0,-0.34406566619873047,0.9321878552436829,0.0,48893,48904,138454,48897,0,48904,STANDBY
0.029999999329447746,0.0,9.8100004196167,0.0,0.0,0.0,1019.1207885742188,28.010000228881836,0.4284175634384155,-0.0700567215681076,373997952,1267763456,-1.600000023841858,0.6379110813140869,22.700000762939453,12,1,-0.22687460482120514,0.0,-0.34470656514167786,0.8726767897605896,0.0,48993,49004,138557,48997,0,49004,STANDBY
0.019999999552965164,0.0,9.819999694824219,0.0,0.0,0.0,1019.119140625,28.010000228881836,0.4413999021053314,-0.0032928199507296085,373997952,1267763456,-1.600000023841858,0.6379110813140869,22.700000762939453,12,1,-0.3344523310661316,0.0,-0.317514568567276,0.6940824389457703,0.0,49093,49104,138659,49100,0,49104,STANDBY
0.03999999910593033,0.019999999552965164,9.819999694824219,0.0,0.0,0.0,1019.1124877929688,28.010000228881836,0.49592578411102295,0.1952243596315384,373997888,1267763328,-1.600000023841858,0.4475666284561157,22.700000762939453,12,1,-0.39408552646636963,0.0,-0.26688435673713684,0.4139225482940674,0.0,49193,49204,138762,49203,0,49204,STANDBY
0.019999999552965164,0.0,9.8100004196167,0.0,0.0,0.0,1019.1187744140625,28.010000228881836,0.4439963698387146,-0.08277406543493271,373997888,1267763328,-1.2000000476837158,0.4475666284561157,22.700000762939453,12,1,-0.395123153924942,0.0,-0.20468764007091522,0.14392529428005219,0.0,49293,49304,138844,49285,0,49304,STANDBY
0.05999999865889549,0.009999999776482582,9.8100004196167,0.0,0.0,0.0,1019.1170043945312,28.010000228881836,0.4569787383079529,-0.0010459311306476593,373997888,1267763328,-1.2000000476837158,0.4475666284561157,22.700000762939453,12,1,-0.3407391607761383,0.0,-0.08960234373807907,-0.20920437574386597,0.0,49393,49404,138947,49387,0,49404,STANDBY
0.0,0.0,9.8100004196167,0.0,0.0,0.0,1019.1152954101562,28.010000228881836,0.47255754470825195,0.06042396277189255,373997888,1267763328,-1.2000000476837158,0.4475666284561157,22.700000762939453,12,1,-0.24460585415363312,0.0,0.06579791009426117,-0.5284585356712341,0.0,49494,49504,139049,49489,0,49504,STANDBY
0.03999999910593033,0.03999999910593033,9.819999694824219,0.0,0.0,0.0,1019.1136474609375,28.010000228881836,0.48553991317749023,0.09060081094503403,373997888,1267763328,-1.2000000476837158,0.4475666284561157,22.700000762939453,12,1,-0.13180944323539734,0.0,0.21948912739753723,-0.765129566192627,0.0,49594,49604,139152,49592,0,49604,STANDBY
0.009999999776482582,0.029999999329447746,9.8100004196167,0.0,0.0,0.0,1019.119873046875,28.020000457763672,0.4336104989051819,-0.10818960517644882,373997888,1267763328,-1.2000000476837158,0.4475666284561157,22.700000762939453,12,1,-0.0072634052485227585,0.0,0.3149815499782562,-0.9002655148506165,0.0,49694,49704,139255,49697,0,49704,STANDBY
0.019999999552965164,0.029999999329447746,9.819999694824219,0.0,0.0,0.0,1019.1218872070312,28.020000457763672,0.4180316925048828,-0.11909353733062744,373997888,1267763328,-1.2000000476837158,0.4475666284561157,22.700000762939453,12,1,0.12836085259914398,0.0,0.347636342048645,-0.9285866618156433,0.0,49794,49804,139358,49798,0,49804,STANDBY
0.07000000029802322,0.029999999329447746,9.8100004196167,0.0,0.0,0.0,1019.1201782226562,28.020000457763672,0.4310140311717987,-0.03467638045549393,373997888,1267763328,-1.2000000476837158,0.4475666284561157,22.700000762939453,12,1,0.25687429308891296,0.0,0.3401898145675659,-0.8382518887519836,0.0,49894,49904,139460,49901,0,49904,STANDBY
0.0,-0.009999999776482582,9.8100004196167,0.0,0.0,0.0,1019.1148681640625,28.020000457763672,0.47515401244163513,0.11905505508184433,373997888,1267763328,-1.2000000476837158,0.4475666284561157,22.700000762939453,12,1,0.3554185628890991,0.0,0.30664998292922974,-0.6293832063674927,0.0,49994,50004,139564,50003,0,50004,STANDBY
0.07000000029802322,0.03999999910593033,9.8100004196167,0.0,0.0,0.0,1019.1190795898438,28.020000457763672,0.4413999021053314,-0.03181792050600052,373997888,1267763328,-1.2000000476837158,0.4475666284561157,22.700000762939453,12,1,0.395580917596817,0.0,0.2624286711215973,-0.39292579889297485,0.0,50094,50104,139645,50085,0,50104,STANDBY
0.009999999776482582,0.0,9.819999694824219,0.0,0.0,0.0,1019.1157836914062,28.020000457763672,0.4673646092414856,0.09803558140993118,373997792,1267763328,-1.2000000476837158,0.9517222046852112,22.700000762939453,12,1,0.38612017035484314,0.0,0.17755669355392456,-0.048097170889377594,0.0,50194,50204,139748,50188,0,50204,STANDBY
0.03999999910593033,0.029999999329447746,9.819999694824219,0.0,0.0,0.0,1019.1101684570312,28.020000457763672,0.5141010880470276,0.24968868494033813,373997792,1267763328,-1.600000023841858,0.9517222046852112,22.700000762939453,12,1,0.317423015832901,0.0,0.049714650958776474,0.3032929599285126,0.0,50294,50304,139850,50291,0,50304,STANDBY
0.029999999329447746,0.019999999552965164,9.8100004196167,0.0,0.0,0.0,1019.1085205078125,28.020000457763672,0.5270833969116211,0.2117299884557724,373997792,1267763328,-1.600000023841858,0.9517222046852112,22.700000762939453,12,1,0.2137516438961029,0.0,-0.11224707961082458,0.6055177450180054,0.0,50394,50404,139953,50394,0,50404,STANDBY
0.009999999776482582,0.009999999776482582,9.819999694824219,0.0,0.0,0.0,1019.1124267578125,28.020000457763672,0.49592578411102295,0.010876744985580444,373997792,1267763328,-1.600000023841858,0.9517222046852112,22.700000762939453,12,1,0.09753715991973877,0.0,-0.2542802095413208,0.8147831559181213,0.0,50494,50504,140056,50497,0,50504,STANDBY
0.05999999865889549,0.009999999776482582,9.8100004196167,0.0,0.0,0.0,1019.1179809570312,28.030000686645508,0.44918933510780334,-0.1799846738576889,373997792,1267763328,-1.600000023841858,0.9517222046852112,22.700000762939453,12,1,-0.0319528803229332,0.0,-0.33021026849746704,0.9202856421470642,0.0,50594,50604,140158,50599,0,50604,STANDBY
0.05000000074505806,-0.009999999776482582,9.8100004196167,0.0,0.0,0.0,1019.1140747070312,28.020000457763672,0.48294344544410706,0.019826240837574005,373997792,1267763328,-1.600000023841858,0.9517222046852112,22.700000762939453,12,1,-0.16901150345802307,0.0,-0.3490096628665924,0.9139988422393799,0.0,50694,50704,140262,50702,0,50704,STANDBY
0.019999999552965164,0.029999999329447746,9.8100004196167,0.0,0.0,0.0,1019.1101684570312,28.020000457763672,0.5141010880470276,0.11239325255155563,373997792,1267763328,-1.600000023841858,0.9517222046852112,22.700000762939453,12,1,-0.269386887550354,0.0,-0.33768731355667114,0.8212225437164307,0.0,50794,50804,140344,50784,0,50804,STANDBY
0.019999999552965164,0.03999999910593033,9.819999694824219,0.0,0.0,0.0,1019.1140747070312,28.020000457763672,0.48294344544410706,-0.027772773057222366,373997792,1267763328,-1.600000023841858,0.9517222046852112,22.700000762939453,12,1,-0.3635364770889282,0.0,-0.3012787401676178,0.598925769329071,0.0,50894,50904,140446,50887,0,50904,STANDBY
0.009999999776482582,0.019999999552965164,9.819999694824219,0.0,0.0,0.0,1019.1163940429688,28.030000686645508,0.46217167377471924,-0.0842442438006401,373997792,1267763328,-1.600000023841858,0.9517222046852112,22.700000762939453,12,1,-0.39988401532173157,0.0,-0.23932614922523499,0.2864772379398346,0.0,50994,51004,140549,50990,0,51004,STANDBY
0.07999999821186066,0.019999999552965164,9.8100004196167,0.0,0.0,0.0,1019.1146850585938,28.030000686645508,0.4777504801750183,-0.004064136650413275,373997792,1267763328,-1.600000023841858,0.9517222046852112,22.700000762939453,12,1,-0.36915189027786255,0.0,-0.14093448221683502,-0.06897183507680893,0.0,51094,51104,140652,51092,0,51104,STANDBY
0.03999999910593033,-0.019999999552965164,9.800000190734863,0.0,0.0,0.0,1019.1090698242188,28.020000457763672,0.5218904614448547,0.14903274178504944,373997856,1267763328,-1.600000023841858,0.4527110755443573,22.700000762939453,12,1,-0.2854701280593872,0.0,0.0025025177747011185,-0.4121829867362976,0.0,51194,51204,140754,51197,0,51204,STANDBY
0.05999999865889549,0.0,9.800000190734863,0.0,0.0,0.0,1019.1113891601562,28.030000686645508,0.5037152171134949,0.022679977118968964,373997856,1267763328,-1.7000000476837158,0.4527110755443573,22.700000762939453,12,1,-0.1753898710012436,0.0,0.1659901738166809,-0.6881923675537109,0.0,51294,51304,140857,51297,0,51304,STANDBY
0.03999999910593033,0.029999999329447746,9.8100004196167,0.0,0.0,0.0,1019.1096801757812,28.030000686645508,0.5166975259780884,0.06644441932439804,373997856,1267763328,-1.7000000476837158,0.4527110755443573,22.700000762939453,12,1,-0.05417035520076752,0.0,0.28843042254447937,-0.8631550073623657,0.0,51394,51404,140960,51400,0,51404,STANDBY
0.0,0.0,9.819999694824219,0.0,0.0,0.0,1019.1040649414062,28.020000457763672,0.5634340047836304,0.22947034239768982,373997856,1267763328,-1.7000000476837158,0.4527110755443573,22.700000762939453,12,1,0.08023316413164139,0.0,0.3419293761253357,-0.9315775036811829,0.0,51494,51504,141063,51504,0,51504,STANDBY
0.029999999329447746,0.029999999329447746,9.819999694824219,0.0,0.0,0.0,1019.1024169921875,28.020000457763672,0.5764163732528687,0.19879049062728882,373997856,1267763328,-1.7000000476837158,0.4527110755443573,22.700000762939453,12,1,0.1897335797548294,0.0,0.3484298288822174,-0.9020966291427612,0.0,51594,51604,141146,51586,0,51604,STANDBY
0.05000000074505806,0.03999999910593033,9.8100004196167,0.0,0.0,0.0,1019.1029663085938,28.030000686645508,0.5712234377861023,0.1484345644712448,373997856,1267763328,-1.7000000476837158,0.4527110755443573,22.700000762939453,12,1,0.24076052010059357,0.0,0.3429975211620331,-0.8576616644859314,0.0,51692,51704,141187,51692,0,51704,STANDBY
0.09000000357627869,0.009999999776482582,9.789999961853027,0.0,0.0,0.0,1019.1072387695312,28.030000686645508,0.5374693274497986,-0.013015031814575195,373997856,1267763328,-1.7000000476837158,0.4527110755443573,22.700000762939453,12,1,0.38450270891189575,0.0,0.28220465779304504,-0.4923551082611084,0.0,51792,51804,141350,51791,0,51804,STANDBY
0.0,0.0,9.8100004196167,0.0,0.0,0.0,1019.1018676757812,28.030000686645508,0.581609308719635,0.1329183280467987,373997856,1267763328,-1.7000000476837158,0.4527110755443573,22.700000762939453,12,1,0.3965269923210144,0.0,0.20731224119663239,-0.15689565241336823,0.0,51892,51904,141453,51895,0,51904,STANDBY
0.019999999552965164,0.03999999910593033,9.819999694824219,0.0,0.0,0.0,1019.0985717773438,28.030000686645508,0.6075739860534668,0.16815470159053802,373997856,1267763328,-1.7000000476837158,0.4527110755443573,22.700000762939453,12,1,0.3427838981151581,0.0,0.09189122915267944,0.20261238515377045,0.0,51992,52004,141555,51996,0,52004,STANDBY
0.019999999552965164,0.03999999910593033,9.819999694824219,0.0,0.0,0.0,1019.1045532226562,28.030000686645508,0.558241069316864,-0.05024632439017296,373997856,1267763328,-1.7000000476837158,0.4527110755443573,22.700000762939453,12,1,0.2453688234090805,0.0,-0.06518753618001938,0.5278786420822144,0.0,52092,52104,141659,52099,0,52104,STANDBY
0.0,0.05000000074505806,9.8100004196167,0.0,0.0,0.0,1019.106689453125,28.040000915527344,0.5426622629165649,-0.08200982958078384,373997888,1267763328,-1.7000000476837158,0.34982219338417053,22.700000762939453,12,1,0.12881863117218018,0.0,-0.21997742354869843,0.7684560418128967,0.0,52192,52204,141761,52201,0,52204,STANDBY
0.019999999552965164,0.009999999776482582,9.8100004196167,0.0,0.0,0.0,1019.0955200195312,28.030000686645508,0.6335387229919434,0.28609344363212585,373997888,1267763328,-1.7000000476837158,0.34982219338417053,22.700000762939453,12,1,0.00012207403779029846,0.0,-0.3154393136501312,0.9032562971115112,0.0,52292,52304,141863,52303,0,52304,STANDBY
0.009999999776482582,0.0,9.8100004196167,0.0,0.0,0.0,1019.0879516601562,28.030000686645508,0.6932575106620789,0.42197495698928833,373997888,1267763328,-0.8999999761581421,0.34982219338417053,22.700000762939453,10,1,-0.1106295958161354,0.0,-0.34510329365730286,0.9315164685249329,0.0,52392,52404,141945,52386,0,52404,STANDBY
0.0,0.0,9.819999694824219,0.0,0.0,0.0,1019.0939331054688,28.030000686645508,0.6465210318565369,0.08311805129051208,373997888,1267763328,-0.8999999761581421,0.34982219338417053,22.700000762939453,10,1,-0.24439223110675812,0.0,-0.3424787223339081,0.8568987250328064,0.0,52492,52504,142049,52489,0,52504,STANDBY
0.05999999865889549,0.029999999329447746,9.819999694824219,0.0,0.0,0.0,1019.0978393554688,28.030000686645508,0.6127669215202332,-0.08182089030742645,373997888,1267763328,-0.8999999761581421,0.34982219338417053,22.700000762939453,10,1,-0.3488875925540924,0.0,-0.3110446631908417,0.6578875184059143,0.0,52592,52604,142151,52592,0,52604,STANDBY
