imu_ax,imu_ay,imu_az,imu_gx,imu_gy,imu_gz,baro_pressure_hPa,baro_temperature_C,baro_altitude_m,baro_climbRate_mps,gps_latE7,gps_lonE7,gps_altitude_m,gps_speed_mps,gps_heading_deg,gps_sats,gps_fix,roll_deg,filterRoll_deg,pitch_deg,yaw_deg,servoDegree_deg,baroTimeMs,gpsTimeMs,aTimeMs,aRxTimeMs,state,timeMs,stateStr
-0.03999999910593033,-0.18000000715255737,9.819999694824219,0.0,0.0,0.0,1019.7619018554688,19.100000381469727,0.15578819811344147,0.0,0,0,0.0,0.0,0.0,0,0,-0.0004882961511611938,-41.36000061035156,0.010193182155489922,-0.964659571647644,0.0,4583,4583,2315595,4583,0,4583,STANDBY
-0.05000000074505806,-0.18000000715255737,9.819999694824219,0.0,0.0,0.0,1019.7652587890625,19.100000381469727,0.1272270381450653,-0.09139571338891983,0,0,0.0,0.0,0.0,0,0,-0.0003662221133708954,-41.36000061035156,0.010132145136594772,-0.965391993522644,0.0,4683,4683,2320044,4665,0,4683,STANDBY
-0.05000000074505806,-0.1899999976158142,9.819999694824219,0.0,0.0,0.0,1019.76123046875,19.100000381469727,0.16098114848136902,0.049519896507263184,0,0,0.0,0.0,0.0,0,0,-0.00039674062281847,-41.36000061035156,0.010101626627147198,-0.965025782585144,0.0,4783,4783,2320159,4781,0,4783,STANDBY
-0.05000000074505806,-0.18000000715255737,9.819999694824219,0.0,0.0,0.0,1019.7628784179688,19.100000381469727,0.14799879491329193,-0.00985079724341631,0,0,0.0,0.0,0.0,0,0,-0.00033570360392332077,-41.36000061035156,0.0099795525893569,-0.964659571647644,0.0,4883,4883,2320256,4877,0,4883,STANDBY
-0.03999999910593033,-0.18000000715255737,9.8100004196167,0.0,0.0,0.0,1019.7628784179688,19.100000381469727,0.14799879491329193,-0.006304510869085789,0,0,0.0,0.0,0.0,0,0,-0.00030518509447574615,-41.36000061035156,0.010040589608252048,-0.964781641960144,0.0,4983,4983,2320351,4972,0,4983,STANDBY
-0.03999999910593033,-0.18000000715255737,9.819999694824219,0.0,0.0,0.0,1019.7605590820312,19.100000381469727,0.16617408394813538,0.054126035422086716,0,0,0.0,0.0,0.0,0,0,-0.00033570360392332077,-41.36000061035156,0.010010071098804474,-0.965025782585144,0.0,5083,5083,2320447,5068,0,5083,STANDBY
-0.03999999910593033,-0.18000000715255737,9.829999923706055,0.0,0.0,0.0,1019.76220703125,19.100000381469727,0.1531917303800583,-0.017288748174905777,0,0,0.0,0.0,0.0,0,0,-0.00033570360392332077,-41.36000061035156,0.0099795525893569,-0.964690089225769,0.0,5183,5183,2320543,5165,0,5183,STANDBY
-0.03999999910593033,-0.17000000178813934,9.819999694824219,0.0,0.0,0.0,1019.7605590820312,19.100000381469727,0.16617408394813538,0.04086461663246155,0,0,0.0,0.0,0.0,0,0,-0.00039674062281847,-41.36000061035156,0.00991851557046175,-0.964262843132019,0.0,5283,5283,2320658,5279,0,5283,STANDBY
-0.029999999329447746,-0.18000000715255737,9.819999694824219,0.0,0.0,0.0,1019.7605590820312,19.100000381469727,0.16617408394813538,0.03269169479608536,0,0,0.0,0.0,0.0,0,0,-0.0005188146606087685,-41.36000061035156,0.0098574785515666,-0.964079737663269,0.0,5334,5383,2320754,5376,0,5383,STANDBY
-0.03999999910593033,-0.18000000715255737,9.829999923706055,0.0,0.0,0.0,1019.76220703125,19.100000381469727,0.1531917303800583,-0.02062084712088108,0,0,0.0,0.0,0.0,0,0,-0.0005798516795039177,-41.36000061035156,0.0098574785515666,-0.9637745022773743,0.0,5434,5483,2320850,5472,0,5483,STANDBY
-0.03999999910593033,-0.1899999976158142,9.819999694824219,0.0,0.0,0.0,1019.76220703125,19.100000381469727,0.1531917303800583,-0.013197342865169048,0,0,0.0,0.0,0.0,0,0,-0.0005798516795039177,-41.36000061035156,0.00991851557046175,-0.9638050198554993,0.0,5534,5583,2320946,5567,0,5583,STANDBY
-0.05000000074505806,-0.18000000715255737,9.819999694824219,0.0,0.0,0.0,1019.756591796875,19.100000381469727,0.1999281942844391,0.1546400934457779,0,0,0.0,0.0,0.0,0,0,-0.0005798516795039177,-41.36000061035156,0.009949034079909325,-0.964110255241394,0.0,5658,5683,2321060,5682,0,5683,STANDBY
-0.05000000074505806,-0.18000000715255737,9.819999694824219,0.0,0.0,0.0,1019.7589111328125,19.100000381469727,0.17915643751621246,0.01588263362646103,0,0,0.0,0.0,0.0,0,0,-0.0005493331700563431,-41.36000061035156,0.009887997061014175,-0.9638660550117493,0.0,5758,5783,2321157,5778,0,5783,STANDBY
-0.03999999910593033,-0.17000000178813934,9.819999694824219,0.0,0.0,0.0,1019.7550048828125,19.100000381469727,0.21291054785251617,0.1451813280582428,0,0,0.0,0.0,0.0,0,0,-0.0004882961511611938,-41.36000061035156,0.009826960042119026,-0.964110255241394,0.0,5858,5883,2321253,5874,0,5883,STANDBY
-0.029999999329447746,-0.18000000715255737,9.819999694824219,0.0,0.0,0.0,1019.7550048828125,19.100000381469727,0.21291054785251617,0.09291605651378632,0,0,0.0,0.0,0.0,0,0,-0.0005188146606087685,-41.36000061035156,0.0098574785515666,-0.964598536491394,0.0,5958,5983,2321349,5970,0,5983,STANDBY
-0.03999999910593033,-0.18000000715255737,9.819999694824219,0.0,0.0,0.0,1019.7532958984375,19.100000381469727,0.22589290142059326,0.1010098084807396,0,0,0.0,0.0,0.0,0,0,-0.0006103701889514923,-41.36000061035156,0.0099795525893569,-0.965453028678894,0.0,6059,6083,2321444,6066,0,6083,STANDBY
-0.05000000074505806,-0.18000000715255737,9.8100004196167,0.0,0.0,0.0,1019.7550048828125,19.100000381469727,0.21291054785251617,0.02310274913907051,0,0,0.0,0.0,0.0,0,0,-0.00045777764171361923,-41.36000061035156,0.009887997061014175,-0.965086817741394,0.0,6159,6183,2321560,6180,0,6183,STANDBY
-0.03999999910593033,-0.1899999976158142,9.829999923706055,0.0,0.0,0.0,1019.7532958984375,19.100000381469727,0.22589290142059326,0.05632929131388664,0,0,0.0,0.0,0.0,0,0,-0.0004882961511611938,-41.36000061035156,0.0098574785515666,-0.964903712272644,0.0,6259,6283,2321655,6277,0,6283,STANDBY
-0.05000000074505806,-0.17000000178813934,9.829999923706055,0.0,0.0,0.0,1019.7539672851562,19.100000381469727,0.2206999510526657,0.004893079400062561,0,0,0.0,0.0,0.0,0,0,-0.00045777764171361923,-41.36000061035156,0.009826960042119026,-0.964812159538269,0.0,6359,6383,2321752,6373,0,6383,STANDBY
-0.05000000074505806,-0.18000000715255737,9.819999694824219,0.0,0.0,0.0,1019.7539672851562,19.100000381469727,0.2206999510526657,0.0031315709929913282,0,0,0.0,0.0,0.0,0,0,-0.00045777764171361923,-41.36000061035156,0.009826960042119026,-0.964873194694519,0.0,6459,6483,2321847,6468,0,6483,STANDBY
-0.03999999910593033,-0.17000000178813934,9.829999923706055,0.0,0.0,0.0,1019.7523193359375,19.100000381469727,0.2336823046207428,0.05393362045288086,0,0,0.0,0.0,0.0,0,0,-0.0004272591322660446,-41.36000061035156,0.009796441532671452,-0.964659571647644,0.0,6559,6583,2321943,6564,0,6583,STANDBY
-0.05000000074505806,-0.18000000715255737,9.819999694824219,0.0,0.0,0.0,1019.750732421875,19.100000381469727,0.24666465818881989,0.08644693344831467,0,0,0.0,0.0,0.0,0,0,-0.0005798516795039177,-41.36000061035156,0.009765923023223877,-0.964598536491394,0.0,6660,6683,2322059,6680,0,6683,STANDBY
-0.03999999910593033,-0.18000000715255737,9.819999694824219,0.0,0.0,0.0,1019.7490844726562,19.100000381469727,0.259647011756897,0.10725545883178711,0,0,0.0,0.0,0.0,0,0,-0.0005798516795039177,-41.36000061035156,0.009735404513776302,-0.964476466178894,0.0,6760,6784,2322154,6775,0,6784,STANDBY
-0.03999999910593033,-0.18000000715255737,9.819999694824219,0.0,0.0,0.0,1019.7490844726562,19.100000381469727,0.259647011756897,0.0686434954404831,0,0,0.0,0.0,0.0,0,0,-0.0005798516795039177,-41.36000061035156,0.009704886004328728,-0.964323878288269,0.0,6860,6884,2322250,6872,0,6884,STANDBY
-0.05000000074505806,-0.1899999976158142,9.8100004196167,0.0,0.0,0.0,1019.7474365234375,19.100000381469727,0.27262935042381287,0.08547532558441162,0,0,0.0,0.0,0.0,0,0,-0.0004882961511611938,-41.36000061035156,0.009796441532671452,-0.963927149772644,0.0,6960,6984,2322347,6968,0,6984,STANDBY
-0.03999999910593033,-0.18000000715255737,9.819999694824219,0.0,0.0,0.0,1019.7457885742188,19.100000381469727,0.28561171889305115,0.09624778479337692,0,0,0.0,0.0,0.0,0,0,-0.0005493331700563431,-41.36000061035156,0.009796441532671452,-0.9634693264961243,0.0,7060,7084,2322461,7083,0,7084,STANDBY
-0.03999999910593033,-0.18000000715255737,9.819999694824219,0.0,0.0,0.0,1019.7481079101562,19.100000381469727,0.2674364149570465,0.003437608480453491,0,0,0.0,0.0,0.0,0,0,-0.0005798516795039177,-41.36000061035156,0.009826960042119026,-0.963957667350769,0.0,7160,7184,2322557,7179,0,7184,STANDBY
-0.029999999329447746,-0.18000000715255737,9.819999694824219,0.0,0.0,0.0,1019.7463989257812,19.100000381469727,0.2804187536239624,0.04292897880077362,0,0,0.0,0.0,0.0,0,0,-0.0006103701889514923,-41.36000061035156,0.00991851557046175,-0.964049220085144,0.0,7261,7284,2322653,7274,0,7284,STANDBY
-0.05000000074505806,-0.18000000715255737,9.819999694824219,0.0,0.0,0.0,1019.7431030273438,19.100000381469727,0.30897992849349976,0.118870310485363,0,0,0.0,0.0,0.0,0,0,-0.0005493331700563431,-41.36000061035156,0.009887997061014175,-0.963957667350769,0.0,7361,7384,2322749,7370,0,7384,STANDBY
-0.05000000074505806,-0.18000000715255737,9.8100004196167,0.0,0.0,0.0,1019.7415771484375,19.100000381469727,0.32196229696273804,0.1280064880847931,0,0,0.0,0.0,0.0,0,0,-0.0005188146606087685,-41.36000061035156,0.010040589608252048,-0.964323878288269,0.0,7461,7484,2322845,7467,0,7484,STANDBY
-0.03999999910593033,-0.18000000715255737,9.819999694824219,0.0,0.0,0.0,1019.7415771484375,19.100000381469727,0.32196229696273804,0.08192415535449982,0,0,0.0,0.0,0.0,0,0,-0.00045777764171361923,-41.36000061035156,0.010010071098804474,-0.964568018913269,0.0,7561,7607,2322979,7607,0,7607,STANDBY
-0.05000000074505806,-0.1899999976158142,9.819999694824219,0.0,0.0,0.0,1019.7415771484375,19.100000381469727,0.32196229696273804,0.052431460469961166,0,0,0.0,0.0,0.0,0,0,-0.00039674062281847,-41.36000061035156,0.010010071098804474,-0.964629054069519,0.0,7661,7707,2323075,7696,0,7707,STANDBY
-0.03999999910593033,-0.18000000715255737,9.819999694824219,0.0,0.0,0.0,1019.7415771484375,19.100000381469727,0.32196229696273804,0.03355613723397255,0,0,0.0,0.0,0.0,0,0,-0.0003662221133708954,-41.36000061035156,0.00991851557046175,-0.964537501335144,0.0,7761,7808,2323171,7792,0,7808,STANDBY
-0.03999999910593033,-0.18000000715255737,9.819999694824219,0.0,0.0,0.0,1019.7454833984375,19.100000381469727,0.2882081866264343,-0.11354051530361176,0,0,0.0,0.0,0.0,0,0,-0.0003662221133708954,-41.36000061035156,0.00991851557046175,-0.964812159538269,0.0,7861,7908,2323286,7907,0,7908,STANDBY
-0.03999999910593033,-0.17000000178813934,9.819999694824219,0.0,0.0,0.0,1019.743896484375,19.100000381469727,0.3011905252933502,-0.031122446060180664,0,0,0.0,0.0,0.0,0,0,-0.0005188146606087685,-41.36000061035156,0.009826960042119026,-0.964659571647644,0.0,7961,8008,2323382,8003,0,8008,STANDBY
-0.029999999329447746,-0.1599999964237213,9.819999694824219,0.0,0.0,0.0,1019.7454833984375,19.100000381469727,0.2882081866264343,-0.06146184727549553,0,0,0.0,0.0,0.0,0,0,-0.0005798516795039177,-41.36000061035156,0.009674367494881153,-0.964842677116394,0.0,8061,8108,2323478,8098,0,8108,STANDBY
-0.03999999910593033,-0.18000000715255737,9.829999923706055,0.0,0.0,0.0,1019.7454833984375,19.100000381469727,0.2882081866264343,-0.03933558240532875,0,0,0.0,0.0,0.0,0,0,-0.0005798516795039177,-41.36000061035156,0.009674367494881153,-0.965056300163269,0.0,8161,8208,2323573,8195,0,8208,STANDBY
-0.029999999329447746,-0.1899999976158142,9.829999923706055,0.0,0.0,0.0,1019.7454833984375,19.100000381469727,0.2882081866264343,-0.02517477236688137,0,0,0.0,0.0,0.0,0,0,-0.0007629627361893654,-41.36000061035156,0.009735404513776302,-0.964781641960144,0.0,8261,8308,2323670,8291,0,8308,STANDBY
-0.03999999910593033,-0.18000000715255737,9.819999694824219,0.0,0.0,0.0,1019.7459106445312,19.110000610351562,0.28561171889305115,-0.014034658670425415,0,0,0.0,0.0,0.0,0,0,-0.0007019257172942162,-41.36000061035156,0.009765923023223877,-0.964873194694519,0.0,8361,8408,2323784,8406,0,8408,STANDBY
-0.03999999910593033,-0.18000000715255737,9.8100004196167,0.0,0.0,0.0,1019.7459106445312,19.110000610351562,0.28561171889305115,-0.008982181549072266,0,0,0.0,0.0,0.0,0,0,-0.0007019257172942162,-41.36000061035156,0.0098574785515666,-0.964995265007019,0.0,8461,8508,2323880,8502,0,8508,STANDBY
-0.05000000074505806,-0.18000000715255737,9.819999694824219,0.0,0.0,0.0,1019.7459106445312,19.110000610351562,0.28561171889305115,-0.005748596508055925,0,0,0.0,0.0,0.0,0,0,-0.0007019257172942162,-41.36000061035156,0.009796441532671452,-0.964903712272644,0.0,8561,8608,2323976,8607,0,8608,STANDBY
-0.029999999329447746,-0.18000000715255737,9.819999694824219,0.0,0.0,0.0,1019.7459106445312,19.110000610351562,0.28561171889305115,-0.0036791020538657904,0,0,0.0,0.0,0.0,0,0,-0.0007019257172942162,-41.36000061035156,0.009826960042119026,-0.964934229850769,0.0,8662,8708,2324072,8693,0,8708,STANDBY
-0.029999999329447746,-0.18000000715255737,9.819999694824219,0.0,0.0,0.0,1019.7459106445312,19.110000610351562,0.28561171889305115,-0.002354625379666686,0,0,0.0,0.0,0.0,0,0,-0.0007629627361893654,-41.36000061035156,0.009735404513776302,-0.964629054069519,0.0,8762,8808,2324168,8790,0,8808,STANDBY
-0.03999999910593033,-0.17000000178813934,9.829999923706055,0.0,0.0,0.0,1019.7474975585938,19.110000610351562,0.27262935042381287,-0.053436435759067535,0,0,0.0,0.0,0.0,0,0,-0.0007324442267417908,-41.36000061035156,0.009704886004328728,-0.964568018913269,0.0,8862,8908,2324283,8904,0,8908,STANDBY
-0.05000000074505806,-0.18000000715255737,9.819999694824219,0.0,0.0,0.0,1019.7474975585938,19.110000610351562,0.27262935042381287,-0.034199319779872894,0,0,0.0,0.0,0.0,0,0,-0.0006103701889514923,-41.36000061035156,0.009735404513776302,-0.964720606803894,0.0,8962,9008,2324378,8999,0,9008,STANDBY
-0.03999999910593033,-0.18000000715255737,9.819999694824219,0.0,0.0,0.0,1019.7474975585938,19.110000610351562,0.27262935042381287,-0.021887565031647682,0,0,0.0,0.0,0.0,0,0,-0.0006103701889514923,-41.36000061035156,0.009796441532671452,-0.964629054069519,0.0,9062,9108,2324474,9096,0,9108,STANDBY
-0.03999999910593033,-0.17000000178813934,9.829999923706055,0.0,0.0,0.0,1019.7474975585938,19.110000610351562,0.27262935042381287,-0.01400804240256548,0,0,0.0,0.0,0.0,0,0,-0.0006408886983990669,-41.36000061035156,0.009826960042119026,-0.964720606803894,0.0,9162,9208,2324571,9192,0,9208,STANDBY
-0.029999999329447746,-0.18000000715255737,9.819999694824219,0.0,0.0,0.0,1019.7474975585938,19.110000610351562,0.27262935042381287,-0.008965147659182549,0,0,0.0,0.0,0.0,0,0,-0.0006103701889514923,-41.36000061035156,0.009826960042119026,-0.964568018913269,0.0,9262,9308,2324685,9307,0,9308,STANDBY
-0.05000000074505806,-0.18000000715255737,9.829999923706055,0.0,0.0,0.0,1019.7474975585938,19.110000610351562,0.27262935042381287,-0.005737694911658764,0,0,0.0,0.0,0.0,0,0,-0.0005798516795039177,-41.36000061035156,0.0098574785515666,-0.964384913444519,0.0,9362,9408,2324782,9403,0,9408,STANDBY
-0.029999999329447746,-0.18000000715255737,9.829999923706055,0.0,0.0,0.0,1019.7492065429688,19.110000610351562,0.259647011756897,-0.05560147762298584,0,0,0.0,0.0,0.0,0,0,-0.0006408886983990669,-41.36000061035156,0.009796441532671452,-0.964140772819519,0.0,9462,9508,2324877,9498,0,9508,STANDBY
-0.029999999329447746,-0.18000000715255737,9.819999694824219,0.0,0.0,0.0,1019.7454833984375,19.100000381469727,0.2882081866264343,0.07865975052118301,0,0,0.0,0.0,0.0,0,0,-0.0006714072078466415,-41.36000061035156,0.009735404513776302,-0.9637745022773743,0.0,9562,9609,2324973,9609,0,9609,STANDBY
-0.03999999910593033,-0.18000000715255737,9.829999923706055,0.0,0.0,0.0,1019.7454833984375,19.100000381469727,0.2882081866264343,0.050342243164777756,0,0,0.0,0.0,0.0,0,0,-0.0007324442267417908,-41.36000061035156,0.009674367494881153,-0.9638050198554993,0.0,9662,9709,2325069,9691,0,9709,STANDBY
-0.03999999910593033,-0.17000000178813934,9.819999694824219,0.0,0.0,0.0,1019.7471923828125,19.100000381469727,0.27522581815719604,-0.019710436463356018,0,0,0.0,0.0,0.0,0,0,-0.0006408886983990669,-41.36000061035156,0.009643848985433578,-0.963927149772644,0.0,9762,9809,2325184,9805,0,9809,STANDBY
-0.03999999910593033,-0.17000000178813934,9.819999694824219,0.0,0.0,0.0,1019.748779296875,19.100000381469727,0.26224347949028015,-0.06454403698444366,0,0,0.0,0.0,0.0,0,0,-0.0006714072078466415,-41.36000061035156,0.009674367494881153,-0.964201807975769,0.0,9862,9909,2325280,9902,0,9909,STANDBY
-0.03999999910593033,-0.1899999976158142,9.829999923706055,0.0,0.0,0.0,1019.75048828125,19.100000381469727,0.24926112592220306,-0.08285172283649445,0,0,0.0,0.0,0.0,0,0,-0.0006408886983990669,-41.36000061035156,0.009765923023223877,-0.964384913444519,0.0,9962,10009,2325376,9997,0,10009,STANDBY
-0.03999999910593033,-0.18000000715255737,9.819999694824219,0.0,0.0,0.0,1019.748779296875,19.100000381469727,0.26224347949028015,-0.01148157101124525,0,0,0.0,0.0,0.0,0,0,-0.0005798516795039177,-41.36000061035156,0.009765923023223877,-0.964049220085144,0.0,10062,10109,2325472,10093,0,10109,STANDBY
-0.03999999910593033,-0.17000000178813934,9.8100004196167,0.0,0.0,0.0,1019.748779296875,19.100000381469727,0.26224347949028015,-0.007348205894231796,0,0,0.0,0.0,0.0,0,0,-0.0006103701889514923,-41.36000061035156,0.009735404513776302,-0.964049220085144,0.0,10162,10209,2325586,10208,0,10209,STANDBY
-0.03999999910593033,-0.1899999976158142,9.819999694824219,0.0,0.0,0.0,1019.748779296875,19.100000381469727,0.26224347949028015,-0.0047028521075844765,0,0,0.0,0.0,0.0,0,0,-0.0006103701889514923,-41.36000061035156,0.009796441532671452,-0.9636829495429993,0.0,10262,10309,2325683,10304,0,10309,STANDBY
-0.03999999910593033,-0.17000000178813934,9.819999694824219,0.0,0.0,0.0,1019.748779296875,19.100000381469727,0.26224347949028015,-0.0030098254792392254,0,0,0.0,0.0,0.0,0,0,-0.0006408886983990669,-41.36000061035156,0.009826960042119026,-0.964171290397644,0.0,10362,10409,2325778,10399,0,10409,STANDBY
-0.03999999910593033,-0.18000000715255737,9.829999923706055,0.0,0.0,0.0,1019.7521362304688,19.100000381469727,0.23627877235412598,-0.09380140900611877,0,0,0.0,0.0,0.0,0,0,-0.0006714072078466415,-41.36000061035156,0.009826960042119026,-0.964751124382019,0.0,10464,10509,2325874,10496,0,10509,STANDBY
-0.03999999910593033,-0.18000000715255737,9.829999923706055,0.0,0.0,0.0,1019.75048828125,19.100000381469727,0.24926112592220306,-0.008103489875793457,0,0,0.0,0.0,0.0,0,0,-0.0006408886983990669,-41.36000061035156,0.00991851557046175,-0.964934229850769,0.0,10564,10609,2325970,10607,0,10609,STANDBY
-0.029999999329447746,-0.18000000715255737,9.829999923706055,0.0,0.0,0.0,1019.75048828125,19.100000381469727,0.24926112592220306,-0.0051862336695194244,0,0,0.0,0.0,0.0,0,0,-0.0007629627361893654,-41.36000061035156,0.009796441532671452,-0.964934229850769,0.0,10664,10710,2326085,10706,0,10710,STANDBY
-0.03999999910593033,-0.17000000178813934,9.829999923706055,0.0,0.0,0.0,1019.75048828125,19.100000381469727,0.24926112592220306,-0.003319189650937915,0,0,0.0,0.0,0.0,0,0,-0.0007629627361893654,-41.36000061035156,0.009704886004328728,-0.964995265007019,0.0,10764,10810,2326181,10803,0,10810,STANDBY
-0.05000000074505806,-0.18000000715255737,9.819999694824219,0.0,0.0,0.0,1019.748779296875,19.100000381469727,0.26224347949028015,0.049805134534835815,0,0,0.0,0.0,0.0,0,0,-0.0006714072078466415,-41.36000061035156,0.009674367494881153,-0.964995265007019,0.0,10864,10910,2326277,10898,0,10910,STANDBY
-0.05000000074505806,-0.18000000715255737,9.829999923706055,0.0,0.0,0.0,1019.748779296875,19.100000381469727,0.26224347949028015,0.031875286251306534,0,0,0.0,0.0,0.0,0,0,-0.0005798516795039177,-41.36000061035156,0.009674367494881153,-0.964720606803894,0.0,10964,11010,2326372,10993,0,11010,STANDBY
-0.05000000074505806,-0.18000000715255737,9.8100004196167,0.0,0.0,0.0,1019.748779296875,19.100000381469727,0.26224347949028015,0.020400183275341988,0,0,0.0,0.0,0.0,0,0,-0.0005798516795039177,-41.36000061035156,0.009765923023223877,-0.964873194694519,0.0,11064,11110,2326488,11109,0,11110,STANDBY
-0.029999999329447746,-0.17000000178813934,9.829999923706055,0.0,0.0,0.0,1019.744873046875,19.100000381469727,0.2934011220932007,0.11276056617498398,0,0,0.0,0.0,0.0,0,0,-0.0006714072078466415,-41.36000061035156,0.009765923023223877,-0.965117335319519,0.0,11164,11210,2326583,11204,0,11210,STANDBY
-0.03999999910593033,-0.1899999976158142,9.829999923706055,0.0,0.0,0.0,1019.744873046875,19.100000381469727,0.2934011220932007,0.07216676324605942,0,0,0.0,0.0,0.0,0,0,-0.00079348124563694,-41.36000061035156,0.009887997061014175,-0.965178370475769,0.0,11264,11310,2326679,11300,0,11310,STANDBY
-0.03999999910593033,-0.18000000715255737,9.819999694824219,0.0,0.0,0.0,1019.7463989257812,19.100000381469727,0.2804187536239624,0.004643151070922613,0,0,0.0,0.0,0.0,0,0,-0.0006714072078466415,-41.36000061035156,0.00991851557046175,-0.965147852897644,0.0,11364,11410,2326775,11397,0,11410,STANDBY
-0.03999999910593033,-0.18000000715255737,9.819999694824219,0.0,0.0,0.0,1019.749755859375,19.100000381469727,0.2544540762901306,-0.08011534810066223,0,0,0.0,0.0,0.0,0,0,-0.0007019257172942162,-41.36000061035156,0.00991851557046175,-0.965147852897644,0.0,11464,11510,2326871,11492,0,11510,STANDBY
-0.05000000074505806,-0.18000000715255737,9.8100004196167,0.0,0.0,0.0,1019.749755859375,19.100000381469727,0.2544540762901306,-0.05127382278442383,0,0,0.0,0.0,0.0,0,0,-0.0006408886983990669,-41.36000061035156,0.009949034079909325,-0.965514063835144,0.0,11564,11610,2326967,11609,0,11610,STANDBY
-0.05000000074505806,-0.1899999976158142,9.8100004196167,0.0,0.0,0.0,1019.7514038085938,19.100000381469727,0.24147172272205353,-0.0847446620464325,0,0,0.0,0.0,0.0,0,0,-0.0006103701889514923,-41.36000061035156,0.0099795525893569,-0.965330958366394,0.0,11664,11710,2327081,11703,0,11710,STANDBY
-0.03999999910593033,-0.1899999976158142,9.819999694824219,0.0,0.0,0.0,1019.7514038085938,19.100000381469727,0.24147172272205353,-0.05423658713698387,0,0,0.0,0.0,0.0,0,0,-0.0005493331700563431,-41.36000061035156,0.010132145136594772,-0.964964747428894,0.0,11764,11810,2327178,11799,0,11810,STANDBY
-0.05000000074505806,-0.18000000715255737,9.819999694824219,0.0,0.0,0.0,1019.7529907226562,19.100000381469727,0.22848936915397644,-0.08664083480834961,0,0,0.0,0.0,0.0,0,0,-0.0004882961511611938,-41.36000061035156,0.010040589608252048,-0.964812159538269,0.0,11864,11910,2327273,11894,0,11910,STANDBY
-0.03999999910593033,-0.1899999976158142,9.819999694824219,0.0,0.0,0.0,1019.7490844726562,19.100000381469727,0.259647011756897,0.069180428981781,0,0,0.0,0.0,0.0,0,0,-0.0005188146606087685,-41.36000061035156,0.010040589608252048,-0.964598536491394,0.0,11964,12010,2327389,12010,0,12010,STANDBY
-0.03999999910593033,-0.18000000715255737,9.819999694824219,0.0,0.0,0.0,1019.750732421875,19.100000381469727,0.24666465818881989,0.0027319432701915503,0,0,0.0,0.0,0.0,0,0,-0.0004882961511611938,-41.36000061035156,0.010101626627147198,-0.964842677116394,0.0,12064,12110,2327484,12105,0,12110,STANDBY
-0.03999999910593033,-0.1899999976158142,9.8100004196167,0.0,0.0,0.0,1019.7523193359375,19.100000381469727,0.2336823046207428,-0.03979508951306343,0,0,0.0,0.0,0.0,0,0,-0.0005493331700563431,-41.36000061035156,0.010223700664937496,-0.965239405632019,0.0,12164,12210,2327580,12200,0,12210,STANDBY
-0.05000000074505806,-0.18000000715255737,9.819999694824219,0.0,0.0,0.0,1019.7539672851562,19.100000381469727,0.2206999510526657,-0.06701239198446274,0,0,0.0,0.0,0.0,0,0,-0.0005798516795039177,-41.36000061035156,0.010132145136594772,-0.965056300163269,0.0,12264,12310,2327675,12297,0,12310,STANDBY
-0.05000000074505806,-0.17000000178813934,9.819999694824219,0.0,0.0,0.0,1019.755615234375,19.100000381469727,0.20771759748458862,-0.08443146198987961,0,0,0.0,0.0,0.0,0,0,-0.0005188146606087685,-41.36000061035156,0.010071108117699623,-0.964781641960144,0.0,12364,12410,2327772,12393,0,12410,STANDBY
-0.05000000074505806,-0.18000000715255737,9.8100004196167,0.0,0.0,0.0,1019.7532958984375,19.100000381469727,0.22589290142059326,-0.006261032074689865,0,0,0.0,0.0,0.0,0,0,-0.00045777764171361923,-41.36000061035156,0.0099795525893569,-0.964751124382019,0.0,12464,12510,2327886,12508,0,12510,STANDBY
-0.05000000074505806,-0.1899999976158142,9.8100004196167,0.0,0.0,0.0,1019.7550048828125,19.100000381469727,0.21291054785251617,-0.05593647435307503,0,0,0.0,0.0,0.0,0,0,-0.00045777764171361923,-41.36000061035156,0.0099795525893569,-0.964629054069519,0.0,12564,12610,2327983,12608,0,12610,STANDBY
-0.03999999910593033,-0.1899999976158142,9.819999694824219,0.0,0.0,0.0,1019.756591796875,19.100000381469727,0.1999281942844391,-0.08772876113653183,0,0,0.0,0.0,0.0,0,0,-0.00045777764171361923,-41.36000061035156,0.0099795525893569,-0.964323878288269,0.0,12664,12710,2328078,12699,0,12710,STANDBY
-0.05000000074505806,-0.18000000715255737,9.819999694824219,0.0,0.0,0.0,1019.7598266601562,19.100000381469727,0.17136701941490173,-0.17039111256599426,0,0,0.0,0.0,0.0,0,0,-0.00039674062281847,-41.36000061035156,0.009949034079909325,-0.964506983757019,0.0,12765,12810,2328174,12795,0,12810,STANDBY
-0.05000000074505806,-0.18000000715255737,9.8100004196167,0.0,0.0,0.0,1019.7598266601562,19.100000381469727,0.17136701941490173,-0.10905031114816666,0,0,0.0,0.0,0.0,0,0,-0.0004272591322660446,-41.36000061035156,0.010010071098804474,-0.964781641960144,0.0,12865,12910,2328269,12891,0,12910,STANDBY
-0.05000000074505806,-0.18000000715255737,9.819999694824219,0.0,0.0,0.0,1019.7615356445312,19.100000381469727,0.15838468074798584,-0.12172155827283859,0,0,0.0,0.0,0.0,0,0,-0.00033570360392332077,-41.36000061035156,0.0099795525893569,-0.964964747428894,0.0,12965,13010,2328384,13005,0,13010,STANDBY
-0.029999999329447746,-0.18000000715255737,9.829999923706055,0.0,0.0,0.0,1019.7615356445312,19.100000381469727,0.15838468074798584,-0.07790180295705795,0,0,0.0,0.0,0.0,0,0,-0.00039674062281847,-41.36000061035156,0.0099795525893569,-0.965178370475769,0.0,13065,13110,2328480,13102,0,13110,STANDBY
-0.03999999910593033,-0.18000000715255737,9.819999694824219,0.0,0.0,0.0,1019.7631225585938,19.100000381469727,0.14540232717990875,-0.09140068292617798,0,0,0.0,0.0,0.0,0,0,-0.0004882961511611938,-41.36000061035156,0.00991851557046175,-0.965147852897644,0.0,13165,13210,2328576,13198,0,13210,STANDBY
-0.05000000074505806,-0.17000000178813934,9.829999923706055,0.0,0.0,0.0,1019.7608032226562,19.09000015258789,0.1635776162147522,-0.00033551454544067383,0,0,0.0,0.0,0.0,0,0,-0.00045777764171361923,-41.36000061035156,0.0098574785515666,-0.965422511100769,0.0,13265,13310,2328672,13293,0,13310,STANDBY
-0.03999999910593033,-0.17000000178813934,9.8100004196167,0.0,0.0,0.0,1019.7625122070312,19.09000015258789,0.1505952626466751,-0.04175826162099838,0,0,0.0,0.0,0.0,0,0,-0.00045777764171361923,-41.36000061035156,0.0098574785515666,-0.965178370475769,0.0,13365,13410,2328787,13409,0,13410,STANDBY
-0.029999999329447746,-0.18000000715255737,9.829999923706055,0.0,0.0,0.0,1019.7608032226562,19.09000015258789,0.1635776162147522,0.014818242751061916,0,0,0.0,0.0,0.0,0,0,-0.0004882961511611938,-41.36000061035156,0.009796441532671452,-0.965239405632019,0.0,13465,13510,2328883,13504,0,13510,STANDBY
-0.03999999910593033,-0.18000000715255737,9.819999694824219,0.0,0.0,0.0,1019.7608032226562,19.09000015258789,0.1635776162147522,0.009483675472438335,0,0,0.0,0.0,0.0,0,0,-0.0004882961511611938,-41.36000061035156,0.009796441532671452,-0.964659571647644,0.0,13565,13611,2328978,13609,0,13611,STANDBY
-0.03999999910593033,-0.17000000178813934,9.819999694824219,0.0,0.0,0.0,1019.7608032226562,19.09000015258789,0.1635776162147522,0.00606955261901021,0,0,0.0,0.0,0.0,0,0,-0.00039674062281847,-41.36000061035156,0.009826960042119026,-0.965208888053894,0.0,13665,13711,2329074,13696,0,13711,STANDBY
-0.05000000074505806,-0.18000000715255737,9.819999694824219,0.0,0.0,0.0,1019.7608032226562,19.09000015258789,0.1635776162147522,0.0038845136296004057,0,0,0.0,0.0,0.0,0,0,-0.0003662221133708954,-41.36000061035156,0.009887997061014175,-0.965422511100769,0.0,13765,13811,2329189,13810,0,13811,STANDBY
-0.05000000074505806,-0.18000000715255737,9.8100004196167,0.0,0.0,0.0,1019.7608032226562,19.09000015258789,0.1635776162147522,0.002486088778823614,0,0,0.0,0.0,0.0,0,0,-0.00033570360392332077,-41.36000061035156,0.00991851557046175,-0.965147852897644,0.0,13865,13911,2329285,13906,0,13911,STANDBY
-0.03999999910593033,-0.1899999976158142,9.819999694824219,0.0,0.0,0.0,1019.76416015625,19.09000015258789,0.13761290907859802,-0.10226773470640182,0,0,0.0,0.0,0.0,0,0,-0.0004882961511611938,-41.36000061035156,0.00991851557046175,-0.964812159538269,0.0,13965,14011,2329380,14002,0,14011,STANDBY
-0.029999999329447746,-0.18000000715255737,9.819999694824219,0.0,0.0,0.0,1019.760498046875,19.09000015258789,0.16617408394813538,0.025944406166672707,0,0,0.0,0.0,0.0,0,0,-0.0005188146606087685,-41.36000061035156,0.009949034079909325,-0.964537501335144,0.0,14065,14111,2329477,14098,0,14111,STANDBY
-0.03999999910593033,-0.18000000715255737,9.819999694824219,0.0,0.0,0.0,1019.7588500976562,19.09000015258789,0.17915643751621246,0.05814795568585396,0,0,0.0,0.0,0.0,0,0,-0.0005798516795039177,-41.36000061035156,0.009949034079909325,-0.964751124382019,0.0,14166,14211,2329572,14194,0,14211,STANDBY
-0.029999999329447746,-0.17000000178813934,9.819999694824219,0.0,0.0,0.0,1019.760498046875,19.09000015258789,0.16617408394813538,-0.004328838083893061,0,0,0.0,0.0,0.0,0,0,-0.0006103701889514923,-41.36000061035156,0.009949034079909325,-0.965086817741394,0.0,14266,14311,2329688,14309,0,14311,STANDBY
-0.03999999910593033,-0.18000000715255737,9.829999923706055,0.0,0.0,0.0,1019.760498046875,19.09000015258789,0.16617408394813538,-0.002770456485450268,0,0,0.0,0.0,0.0,0,0,-0.0006408886983990669,-41.36000061035156,0.009887997061014175,-0.964781641960144,0.0,14366,14411,2329783,14404,0,14411,STANDBY
-0.05000000074505806,-0.18000000715255737,9.829999923706055,0.0,0.0,0.0,1019.7598266601562,19.09000015258789,0.17136701941490173,0.014844301156699657,0,0,0.0,0.0,0.0,0,0,-0.0005493331700563431,-41.36000061035156,0.009887997061014175,-0.965086817741394,0.0,14466,14511,2329879,14500,0,14511,STANDBY
-0.03999999910593033,-0.1899999976158142,9.819999694824219,0.0,0.0,0.0,1019.7614135742188,19.09000015258789,0.15838468074798584,-0.04242900013923645,0,0,0.0,0.0,0.0,0,0,-0.0006714072078466415,-41.36000061035156,0.009949034079909325,-0.965514063835144,0.0,14566,14611,2329975,14608,0,14611,STANDBY
-0.03999999910593033,-0.18000000715255737,9.829999923706055,0.0,0.0,0.0,1019.7614135742188,19.09000015258789,0.15838468074798584,-0.02715456299483776,0,0,0.0,0.0,0.0,0,0,-0.0007019257172942162,-41.36000061035156,0.010010071098804474,-0.965453028678894,0.0,14666,14711,2330071,14692,0,14711,STANDBY
-0.03999999910593033,-0.18000000715255737,9.819999694824219,0.0,0.0,0.0,1019.7614135742188,19.09000015258789,0.15838468074798584,-0.017378920689225197,0,0,0.0,0.0,0.0,0,0,-0.0006408886983990669,-41.36000061035156,0.010071108117699623,-0.965727686882019,0.0,14766,14811,2330186,14808,0,14811,STANDBY
-0.029999999329447746,-0.18000000715255737,9.829999923706055,0.0,0.0,0.0,1019.7575073242188,19.09000015258789,0.19213879108428955,0.12389393150806427,0,0,0.0,0.0,0.0,0,0,-0.0007019257172942162,-41.36000061035156,0.010071108117699623,-0.9658498167991638,0.0,14866,14911,2330281,14903,0,14911,STANDBY
-0.029999999329447746,-0.18000000715255737,9.8100004196167,0.0,0.0,0.0,1019.759033203125,19.09000015258789,0.17915643751621246,0.027362704277038574,0,0,0.0,0.0,0.0,0,0,-0.0007629627361893654,-41.36000061035156,0.010040589608252048,-0.965788722038269,0.0,14966,15011,2330378,14999,0,15011,STANDBY
-0.05000000074505806,-0.18000000715255737,9.819999694824219,0.0,0.0,0.0,1019.759033203125,19.09000015258789,0.17915643751621246,0.017512131482362747,0,0,0.0,0.0,0.0,0,0,-0.0007324442267417908,-41.36000061035156,0.010010071098804474,-0.965483546257019,0.0,15066,15111,2330473,15094,0,15111,STANDBY
-0.05000000074505806,-0.17000000178813934,9.819999694824219,0.0,0.0,0.0,1019.7606811523438,19.09000015258789,0.16617408394813538,-0.030335767194628716,0,0,0.0,0.0,0.0,0,0,-0.0006103701889514923,-41.36000061035156,0.009949034079909325,-0.965025782585144,0.0,15166,15211,2330588,15210,0,15211,STANDBY
-0.03999999910593033,-0.18000000715255737,9.8100004196167,0.0,0.0,0.0,1019.7606811523438,19.09000015258789,0.16617408394813538,-0.01941489242017269,0,0,0.0,0.0,0.0,0,0,-0.0005493331700563431,-41.36000061035156,0.0099795525893569,-0.964690089225769,0.0,15266,15311,2330684,15305,0,15311,STANDBY
-0.05000000074505806,-0.18000000715255737,9.819999694824219,0.0,0.0,0.0,1019.7584228515625,19.079999923706055,0.18434937298297882,0.045735396444797516,0,0,0.0,0.0,0.0,0,0,-0.0004272591322660446,-41.36000061035156,0.009887997061014175,-0.964568018913269,0.0,15366,15411,2330780,15401,0,15411,STANDBY
-0.03999999910593033,-0.18000000715255737,9.819999694824219,0.0,0.0,0.0,1019.7584228515625,19.079999923706055,0.18434937298297882,0.029270654544234276,0,0,0.0,0.0,0.0,0,0,-0.00039674062281847,-41.36000061035156,0.009949034079909325,-0.964384913444519,0.0,15466,15511,2330875,15497,0,15511,STANDBY
-0.03999999910593033,-0.17000000178813934,9.819999694824219,0.0,0.0,0.0,1019.7584228515625,19.079999923706055,0.18434937298297882,0.029119102284312248,0,0,0.0,0.0,0.0,0,0,-0.00045777764171361923,-41.36000061035156,0.00991851557046175,-0.964415431022644,0.0,15566,15611,2330972,15607,0,15611,STANDBY
-0.05000000074505806,-0.18000000715255737,9.819999694824219,0.0,0.0,0.0,1019.7584228515625,19.079999923706055,0.18434937298297882,0.018636224791407585,0,0,0.0,0.0,0.0,0,0,-0.0004272591322660446,-41.36000061035156,0.010040589608252048,-0.964720606803894,0.0,15666,15711,2331086,15708,0,15711,STANDBY
-0.03999999910593033,-0.18000000715255737,9.819999694824219,0.0,0.0,0.0,1019.7584228515625,19.079999923706055,0.18434937298297882,0.011927183717489243,0,0,0.0,0.0,0.0,0,0,-0.00045777764171361923,-41.36000061035156,0.0099795525893569,-0.964506983757019,0.0,15766,15811,2331183,15804,0,15811,STANDBY
-0.05000000074505806,-0.18000000715255737,9.819999694824219,0.0,0.0,0.0,1019.760009765625,19.079999923706055,0.17136701941490173,-0.0442960150539875,0,0,0.0,0.0,0.0,0,0,-0.0004882961511611938,-41.36000061035156,0.0099795525893569,-0.964812159538269,0.0,15866,15911,2331278,15899,0,15911,STANDBY
-0.03999999910593033,-0.18000000715255737,9.8100004196167,0.0,0.0,0.0,1019.760009765625,19.079999923706055,0.17136701941490173,-0.02834944985806942,0,0,0.0,0.0,0.0,0,0,-0.0005188146606087685,-41.36000061035156,0.009949034079909325,-0.965147852897644,0.0,15966,16011,2331374,15995,0,16011,STANDBY
-0.03999999910593033,-0.17000000178813934,9.819999694824219,0.0,0.0,0.0,1019.760009765625,19.079999923706055,0.17136701941490173,-0.01814364828169346,0,0,0.0,0.0,0.0,0,0,-0.0005188146606087685,-41.36000061035156,0.009887997061014175,-0.964842677116394,0.0,16066,16111,2331489,16110,0,16111,STANDBY
-0.03999999910593033,-0.1899999976158142,9.8100004196167,0.0,0.0,0.0,1019.76171875,19.079999923706055,0.15578819811344147,-0.061464160680770874,0,0,0.0,0.0,0.0,0,0,-0.0005798516795039177,-41.36000061035156,0.0098574785515666,-0.964506983757019,0.0,16166,16211,2331585,16206,0,16211,STANDBY
-0.05000000074505806,-0.18000000715255737,9.819999694824219,0.0,0.0,0.0,1019.7633056640625,19.079999923706055,0.14280585944652557,-0.0808805450797081,0,0,0.0,0.0,0.0,0,0,-0.0005493331700563431,-41.36000061035156,0.0098574785515666,-0.964598536491394,0.0,16266,16311,2331681,16303,0,16311,STANDBY
-0.03999999910593033,-0.18000000715255737,9.819999694824219,0.0,0.0,0.0,1019.7633056640625,19.079999923706055,0.14280585944652557,-0.05176355317234993,0,0,0.0,0.0,0.0,0,0,-0.0005188146606087685,-41.36000061035156,0.009796441532671452,-0.964873194694519,0.0,16366,16411,2331777,16398,0,16411,STANDBY
-0.03999999910593033,-0.18000000715255737,9.819999694824219,0.0,0.0,0.0,1019.7633056640625,19.079999923706055,0.14280585944652557,-0.03312867507338524,0,0,0.0,0.0,0.0,0,0,-0.0005188146606087685,-41.36000061035156,0.009887997061014175,-0.964934229850769,0.0,16466,16512,2331873,16494,0,16512,STANDBY
-0.05000000074505806,-0.1899999976158142,9.819999694824219,0.0,0.0,0.0,1019.7633056640625,19.079999923706055,0.14280585944652557,-0.02120235376060009,0,0,0.0,0.0,0.0,0,0,-0.0004882961511611938,-41.36000061035156,0.009949034079909325,-0.964751124382019,0.0,16566,16612,2331968,16610,0,16612,STANDBY
-0.03999999910593033,-0.18000000715255737,9.819999694824219,0.0,0.0,0.0,1019.7633056640625,19.079999923706055,0.14280585944652557,-0.01356950681656599,0,0,0.0,0.0,0.0,0,0,-0.0004882961511611938,-41.36000061035156,0.010010071098804474,-0.964201807975769,0.0,16666,16712,2332083,16704,0,16712,STANDBY
-0.029999999329447746,-0.17000000178813934,9.819999694824219,0.0,0.0,0.0,1019.760986328125,19.079999923706055,0.1635776162147522,0.07440254092216492,0,0,0.0,0.0,0.0,0,0,-0.0005493331700563431,-41.36000061035156,0.00991851557046175,-0.964079737663269,0.0,16766,16812,2332179,16800,0,16812,STANDBY
-0.03999999910593033,-0.18000000715255737,9.819999694824219,0.0,0.0,0.0,1019.760986328125,19.079999923706055,0.1635776162147522,0.04761762544512749,0,0,0.0,0.0,0.0,0,0,-0.0006103701889514923,-41.36000061035156,0.009887997061014175,-0.964476466178894,0.0,16866,16912,2332275,16897,0,16912,STANDBY
-0.03999999910593033,-0.17000000178813934,9.829999923706055,0.0,0.0,0.0,1019.760986328125,19.079999923706055,0.1635776162147522,0.030475279316306114,0,0,0.0,0.0,0.0,0,0,-0.0004882961511611938,-41.36000061035156,0.009826960042119026,-0.964781641960144,0.0,16966,17012,2332390,17011,0,17012,STANDBY
-0.029999999329447746,-0.18000000715255737,9.829999923706055,0.0,0.0,0.0,1019.7593994140625,19.079999923706055,0.17655996978282928,0.07041537761688232,0,0,0.0,0.0,0.0,0,0,-0.0005188146606087685,-41.36000061035156,0.00991851557046175,-0.965300440788269,0.0,17067,17112,2332486,17107,0,17112,STANDBY
-0.03999999910593033,-0.18000000715255737,9.8100004196167,0.0,0.0,0.0,1019.7593994140625,19.079999923706055,0.17655996978282928,0.04506584256887436,0,0,0.0,0.0,0.0,0,0,-0.0005798516795039177,-41.36000061035156,0.00991851557046175,-0.965697169303894,0.0,17167,17212,2332581,17203,0,17212,STANDBY
-0.029999999329447746,-0.18000000715255737,9.819999694824219,0.0,0.0,0.0,1019.7593994140625,19.079999923706055,0.17655996978282928,0.02884213998913765,0,0,0.0,0.0,0.0,0,0,-0.0006103701889514923,-41.36000061035156,0.010010071098804474,-0.965666651725769,0.0,17267,17312,2332678,17299,0,17312,STANDBY
-0.05000000074505806,-0.18000000715255737,9.819999694824219,0.0,0.0,0.0,1019.7537231445312,19.079999923706055,0.2232964187860489,0.16801561415195465,0,0,0.0,0.0,0.0,0,0,-0.0005188146606087685,-41.36000061035156,0.009949034079909325,-0.965056300163269,0.0,17367,17412,2332774,17395,0,17412,STANDBY
-0.029999999329447746,-0.18000000715255737,9.819999694824219,0.0,0.0,0.0,1019.7570190429688,19.079999923706055,0.19473525881767273,0.016134286299347878,0,0,0.0,0.0,0.0,0,0,-0.0005798516795039177,-41.36000061035156,0.009949034079909325,-0.964934229850769,0.0,17467,17512,2332889,17510,0,17512,STANDBY
-0.03999999910593033,-0.1899999976158142,9.829999923706055,0.0,0.0,0.0,1019.7586669921875,19.079999923706055,0.18175290524959564,-0.04160346835851669,0,0,0.0,0.0,0.0,0,0,-0.0005798516795039177,-41.36000061035156,0.010071108117699623,-0.965483546257019,0.0,17567,17612,2332965,17607,0,17612,STANDBY
-0.03999999910593033,-0.18000000715255737,9.819999694824219,0.0,0.0,0.0,1019.7586669921875,19.079999923706055,0.18175290524959564,-0.0266262199729681,0,0,0.0,0.0,0.0,0,0,-0.0005798516795039177,-41.36000061035156,0.010010071098804474,-0.965330958366394,0.0,17667,17712,2333080,17701,0,17712,STANDBY
-0.03999999910593033,-0.17000000178813934,9.819999694824219,0.0,0.0,0.0,1019.7603149414062,19.079999923706055,0.16877055168151855,-0.0689701959490776,0,0,0.0,0.0,0.0,0,0,-0.0005188146606087685,-41.36000061035156,0.009949034079909325,-0.965575098991394,0.0,17767,17812,2333176,17798,0,17812,STANDBY
-0.05000000074505806,-0.18000000715255737,9.819999694824219,0.0,0.0,0.0,1019.7603149414062,19.079999923706055,0.16877055168151855,-0.044140927493572235,0,0,0.0,0.0,0.0,0,0,-0.0005493331700563431,-41.36000061035156,0.009826960042119026,-0.964995265007019,0.0,17867,17912,2333272,17893,0,17912,STANDBY
-0.05000000074505806,-0.18000000715255737,9.8100004196167,0.0,0.0,0.0,1019.75634765625,19.079999923706055,0.1999281942844391,0.09638037532567978,0,0,0.0,0.0,0.0,0,0,-0.00045777764171361923,-41.36000061035156,0.009887997061014175,-0.964201807975769,0.0,17967,18012,2333387,18009,0,18012,STANDBY
-0.029999999329447746,-0.1899999976158142,9.819999694824219,0.0,0.0,0.0,1019.7579956054688,19.079999923706055,0.186945840716362,0.009754028171300888,0,0,0.0,0.0,0.0,0,0,-0.0004272591322660446,-41.36000061035156,0.0099795525893569,-0.964140772819519,0.0,18067,18112,2333483,18104,0,18112,STANDBY
-0.03999999910593033,-0.18000000715255737,9.819999694824219,0.0,0.0,0.0,1019.7595825195312,19.079999923706055,0.1739634871482849,-0.035300951451063156,0,0,0.0,0.0,0.0,0,0,-0.0004882961511611938,-41.36000061035156,0.00991851557046175,-0.964262843132019,0.0,18167,18212,2333579,18200,0,18212,STANDBY
-0.03999999910593033,-0.18000000715255737,9.819999694824219,0.0,0.0,0.0,1019.76123046875,19.079999923706055,0.16098114848136902,-0.0641360953450203,0,0,0.0,0.0,0.0,0,0,-0.0005798516795039177,-41.36000061035156,0.009887997061014175,-0.964140772819519,0.0,18267,18312,2333675,18296,0,18312,STANDBY
-0.03999999910593033,-0.1899999976158142,9.819999694824219,0.0,0.0,0.0,1019.76123046875,19.079999923706055,0.16098114848136902,-0.041047103703022,0,0,0.0,0.0,0.0,0,0,-0.0006103701889514923,-41.36000061035156,0.009949034079909325,-0.9638660550117493,0.0,18367,18412,2333790,18411,0,18412,STANDBY
-0.03999999910593033,-0.18000000715255737,9.819999694824219,0.0,0.0,0.0,1019.7628784179688,19.079999923706055,0.14799879491329193,-0.0678136870265007,0,0,0.0,0.0,0.0,0,0,-0.0005188146606087685,-41.36000061035156,0.010010071098804474,-0.9638355374336243,0.0,18467,18512,2333886,18507,0,18512,STANDBY
-0.03999999910593033,-0.1899999976158142,9.84000015258789,0.0,0.0,0.0,1019.7605590820312,19.06999969482422,0.16617408394813538,0.013619753532111645,0,0,0.0,0.0,0.0,0,0,-0.0006103701889514923,-41.36000061035156,0.0099795525893569,-0.964171290397644,0.0,18568,18612,2333981,18608,0,18612,STANDBY
-0.05000000074505806,-0.20000000298023224,9.829999923706055,0.0,0.0,0.0,1019.763916015625,19.06999969482422,0.1402093768119812,-0.08475629985332489,0,0,0.0,0.0,0.0,0,0,-0.0005798516795039177,-41.36000061035156,0.010101626627147198,-0.964079737663269,0.0,18668,18712,2334076,18698,0,18712,STANDBY
-0.05000000074505806,-0.1899999976158142,9.8100004196167,0.0,0.0,0.0,1019.763916015625,19.06999969482422,0.1402093768119812,-0.054244037717580795,0,0,0.0,0.0,0.0,0,0,-0.0006103701889514923,-41.36000061035156,0.010132145136594772,-0.964232325553894,0.0,18768,18812,2334173,18794,0,18812,STANDBY
-0.05000000074505806,-0.18000000715255737,9.819999694824219,0.0,0.0,0.0,1019.7654418945312,19.06999969482422,0.1272270381450653,-0.08664554357528687,0,0,0.0,0.0,0.0,0,0,-0.0004882961511611938,-41.36000061035156,0.010101626627147198,-0.9637134671211243,0.0,18868,18912,2334287,18909,0,18912,STANDBY
-0.05000000074505806,-0.1899999976158142,9.819999694824219,0.0,0.0,0.0,1019.7672119140625,19.06999969482422,0.11164820939302444,-0.11776846647262573,0,0,0.0,0.0,0.0,0,0,-0.00039674062281847,-41.36000061035156,0.010162663646042347,-0.9638660550117493,0.0,18968,19012,2334384,19005,0,19012,STANDBY
-0.03999999910593033,-0.18000000715255737,9.819999694824219,0.0,0.0,0.0,1019.7654418945312,19.06999969482422,0.1272270381450653,-0.01305650919675827,0,0,0.0,0.0,0.0,0,0,-0.0005188146606087685,-41.36000061035156,0.010162663646042347,-0.963927149772644,0.0,19068,19112,2334480,19101,0,19112,STANDBY
-0.03999999910593033,-0.1899999976158142,9.819999694824219,0.0,0.0,0.0,1019.7654418945312,19.06999969482422,0.1272270381450653,-0.008356166072189808,0,0,0.0,0.0,0.0,0,0,-0.0005188146606087685,-41.36000061035156,0.010132145136594772,-0.964110255241394,0.0,19168,19212,2334575,19196,0,19212,STANDBY
-0.03999999910593033,-0.17000000178813934,9.819999694824219,0.0,0.0,0.0,1019.7654418945312,19.06999969482422,0.1272270381450653,-0.00534794619306922,0,0,0.0,0.0,0.0,0,0,-0.0005493331700563431,-41.36000061035156,0.010040589608252048,-0.964354395866394,0.0,19268,19312,2334691,19312,0,19312,STANDBY
-0.03999999910593033,-0.17000000178813934,9.8100004196167,0.0,0.0,0.0,1019.7654418945312,19.06999969482422,0.1272270381450653,-0.0034226856660097837,0,0,0.0,0.0,0.0,0,0,-0.0005493331700563431,-41.36000061035156,0.0099795525893569,-0.964110255241394,0.0,19368,19412,2334786,19407,0,19412,STANDBY
-0.03999999910593033,-0.17000000178813934,9.819999694824219,0.0,0.0,0.0,1019.7672119140625,19.06999969482422,0.11164820939302444,-0.05204277113080025,0,0,0.0,0.0,0.0,0,0,-0.0005798516795039177,-41.36000061035156,0.009796441532671452,-0.964049220085144,0.0,19468,19512,2334882,19504,0,19512,STANDBY
-0.05000000074505806,-0.17000000178813934,9.819999694824219,0.0,0.0,0.0,1019.7654418945312,19.06999969482422,0.1272270381450653,0.016544878482818604,0,0,0.0,0.0,0.0,0,0,-0.0005188146606087685,-41.36000061035156,0.009674367494881153,-0.963896632194519,0.0,19568,19612,2334979,19609,0,19612,STANDBY
-0.029999999329447746,-0.17000000178813934,9.819999694824219,0.0,0.0,0.0,1019.7619018554688,19.06999969482422,0.15578819811344147,0.1123703122138977,0,0,0.0,0.0,0.0,0,0,-0.0006714072078466415,-41.36000061035156,0.009643848985433578,-0.9637745022773743,0.0,19668,19712,2335074,19695,0,19712,STANDBY
-0.03999999910593033,-0.18000000715255737,9.819999694824219,0.0,0.0,0.0,1019.7619018554688,19.06999969482422,0.15578819811344147,0.07191700488328934,0,0,0.0,0.0,0.0,0,0,-0.0007019257172942162,-41.36000061035156,0.009613330475986004,-0.963927149772644,0.0,19768,19812,2335188,19810,0,19812,STANDBY
-0.03999999910593033,-0.17000000178813934,9.819999694824219,0.0,0.0,0.0,1019.7619018554688,19.06999969482422,0.15578819811344147,0.04602688178420067,0,0,0.0,0.0,0.0,0,0,-0.0006714072078466415,-41.36000061035156,0.009613330475986004,-0.9638660550117493,0.0,19868,19912,2335285,19906,0,19912,STANDBY
-0.029999999329447746,-0.17000000178813934,9.819999694824219,0.0,0.0,0.0,1019.7619018554688,19.06999969482422,0.15578819811344147,0.029457205906510353,0,0,0.0,0.0,0.0,0,0,-0.0007324442267417908,-41.36000061035156,0.009674367494881153,-0.964201807975769,0.0,19968,20012,2335381,20002,0,20012,STANDBY
-0.05000000074505806,-0.1899999976158142,9.819999694824219,0.0,0.0,0.0,1019.7634887695312,19.06999969482422,0.14280585944652557,-0.03307674080133438,0,0,0.0,0.0,0.0,0,0,-0.0007019257172942162,-41.36000061035156,0.009826960042119026,-0.963957667350769,0.0,20068,20112,2335476,20098,0,20112,STANDBY
-0.03999999910593033,-0.1899999976158142,9.819999694824219,0.0,0.0,0.0,1019.76513671875,19.06999969482422,0.1298235058784485,-0.0627126470208168,0,0,0.0,0.0,0.0,0,0,-0.0006714072078466415,-41.36000061035156,0.009949034079909325,-0.964049220085144,0.0,20168,20212,2335572,20194,0,20212,STANDBY
-0.05000000074505806,-0.18000000715255737,9.819999694824219,0.0,0.0,0.0,1019.7628173828125,19.06999969482422,0.14799879491329193,0.018024830147624016,0,0,0.0,0.0,0.0,0,0,-0.0005798516795039177,-41.36000061035156,0.0098574785515666,-0.9636524319648743,0.0,20268,20312,2335687,20308,0,20312,STANDBY
-0.03999999910593033,-0.18000000715255737,9.819999694824219,0.0,0.0,0.0,1019.764404296875,19.06999969482422,0.13501644134521484,-0.03000763989984989,0,0,0.0,0.0,0.0,0,0,-0.0006103701889514923,-41.36000061035156,0.0098574785515666,-0.9635913968086243,0.0,20368,20412,2335783,20405,0,20412,STANDBY
-0.03999999910593033,-0.1899999976158142,9.819999694824219,0.0,0.0,0.0,1019.764404296875,19.06999969482422,0.13501644134521484,-0.019204890355467796,0,0,0.0,0.0,0.0,0,0,-0.0007019257172942162,-41.36000061035156,0.00991851557046175,-0.9635913968086243,0.0,20468,20512,2335880,20501,0,20512,STANDBY
-0.05000000074505806,-0.18000000715255737,9.819999694824219,0.0,0.0,0.0,1019.764404296875,19.06999969482422,0.13501644134521484,-0.012291129678487778,0,0,0.0,0.0,0.0,0,0,-0.0006714072078466415,-41.36000061035156,0.009949034079909325,-0.964018702507019,0.0,20568,20612,2335975,20609,0,20612,STANDBY
-0.05000000074505806,-0.17000000178813934,9.819999694824219,0.0,0.0,0.0,1019.760498046875,19.06999969482422,0.16617408394813538,0.08145225048065186,0,0,0.0,0.0,0.0,0,0,-0.0006103701889514923,-41.36000061035156,0.009887997061014175,-0.9636219143867493,0.0,20668,20712,2336090,20711,0,20712,STANDBY
-0.05000000074505806,-0.17000000178813934,9.819999694824219,0.0,0.0,0.0,1019.7620239257812,19.06999969482422,0.1531917303800583,0.00020002946257591248,0,0,0.0,0.0,0.0,0,0,-0.0005493331700563431,-41.36000061035156,0.00991851557046175,-0.9637439846992493,0.0,20768,20812,2336186,20807,0,20812,STANDBY
-0.03999999910593033,-0.18000000715255737,9.819999694824219,0.0,0.0,0.0,1019.7598266601562,19.059999465942383,0.17136701941490173,0.07282917201519012,0,0,0.0,0.0,0.0,0,0,-0.00039674062281847,-41.36000061035156,0.009949034079909325,-0.9637439846992493,0.0,20868,20912,2336282,20903,0,20912,STANDBY
-0.03999999910593033,-0.1899999976158142,9.819999694824219,0.0,0.0,0.0,1019.7598266601562,19.059999465942383,0.17136701941490173,0.046610672026872635,0,0,0.0,0.0,0.0,0,0,-0.0004882961511611938,-41.36000061035156,0.010010071098804474,-0.963988184928894,0.0,20968,21012,2336377,20999,0,21012,STANDBY
-0.03999999910593033,-0.18000000715255737,9.8100004196167,0.0,0.0,0.0,1019.7614135742188,19.059999465942383,0.15838468074798584,-0.022098522633314133,0,0,0.0,0.0,0.0,0,0,-0.0006408886983990669,-41.36000061035156,0.010040589608252048,-0.9638355374336243,0.0,21069,21112,2336474,21095,0,21112,STANDBY
-0.05000000074505806,-0.18000000715255737,9.829999923706055,0.0,0.0,0.0,1019.7614135742188,19.059999465942383,0.15838468074798584,-0.014143054373562336,0,0,0.0,0.0,0.0,0,0,-0.0005798516795039177,-41.36000061035156,0.010010071098804474,-0.9637134671211243,0.0,21170,21212,2336588,21210,0,21212,STANDBY
-0.03999999910593033,-0.18000000715255737,9.819999694824219,0.0,0.0,0.0,1019.7614135742188,19.059999465942383,0.15838468074798584,-0.009051554836332798,0,0,0.0,0.0,0.0,0,0,-0.0006103701889514923,-41.36000061035156,0.0099795525893569,-0.9638050198554993,0.0,21270,21312,2336685,21306,0,21312,STANDBY
-0.03999999910593033,-0.18000000715255737,9.819999694824219,0.0,0.0,0.0,1019.7630615234375,19.059999465942383,0.14540232717990875,-0.047336529940366745,0,0,0.0,0.0,0.0,0,0,-0.0006103701889514923,-41.36000061035156,0.00991851557046175,-0.964018702507019,0.0,21370,21412,2336781,21402,0,21412,STANDBY
-0.03999999910593033,-0.17000000178813934,9.829999923706055,0.0,0.0,0.0,1019.7647094726562,19.059999465942383,0.13241997361183167,-0.07183891534805298,0,0,0.0,0.0,0.0,0,0,-0.0007019257172942162,-41.36000061035156,0.009826960042119026,-0.963988184928894,0.0,21470,21512,2336876,21497,0,21512,STANDBY
-0.03999999910593033,-0.18000000715255737,9.829999923706055,0.0,0.0,0.0,1019.7623291015625,19.059999465942383,0.1531917303800583,0.020492715761065483,0,0,0.0,0.0,0.0,0,0,-0.0006714072078466415,-41.36000061035156,0.009704886004328728,-0.963896632194519,0.0,21570,21612,2336972,21610,0,21612,STANDBY
-0.03999999910593033,-0.17000000178813934,9.829999923706055,0.0,0.0,0.0,1019.7623291015625,19.059999465942383,0.1531917303800583,0.01311533898115158,0,0,0.0,0.0,0.0,0,0,-0.0005493331700563431,-41.36000061035156,0.009765923023223877,-0.964079737663269,0.0,21670,21712,2337087,21708,0,21712,STANDBY
-0.03999999910593033,-0.17000000178813934,9.829999923706055,0.0,0.0,0.0,1019.7623291015625,19.059999465942383,0.1531917303800583,0.008393817581236362,0,0,0.0,0.0,0.0,0,0,-0.0005188146606087685,-41.36000061035156,0.009735404513776302,-0.9637745022773743,0.0,21770,21812,2337183,21805,0,21812,STANDBY
-0.03999999910593033,-0.18000000715255737,9.819999694824219,0.0,0.0,0.0,1019.7623291015625,19.059999465942383,0.1531917303800583,0.0053720432333648205,0,0,0.0,0.0,0.0,0,0,-0.0005493331700563431,-41.36000061035156,0.009735404513776302,-0.9638050198554993,0.0,21870,21912,2337280,21901,0,21912,STANDBY
-0.029999999329447746,-0.17000000178813934,9.829999923706055,0.0,0.0,0.0,1019.7640380859375,19.059999465942383,0.13761290907859802,-0.05887717753648758,0,0,0.0,0.0,0.0,0,0,-0.0006408886983990669,-41.36000061035156,0.009674367494881153,-0.9631946682929993,0.0,21970,22012,2337375,21996,0,22012,STANDBY
-0.029999999329447746,-0.18000000715255737,9.829999923706055,0.0,0.0,0.0,1019.76171875,19.059999465942383,0.15578819811344147,0.035019759088754654,0,0,0.0,0.0,0.0,0,0,-0.0008850367739796638,-41.36000061035156,0.009796441532671452,-0.964018702507019,0.0,22070,22112,2337490,22112,0,22112,STANDBY
-0.029999999329447746,-0.18000000715255737,9.819999694824219,0.0,0.0,0.0,1019.76171875,19.059999465942383,0.15578819811344147,0.022412646561861038,0,0,0.0,0.0,0.0,0,0,-0.0009765923023223877,-41.36000061035156,0.009765923023223877,-0.964171290397644,0.0,22170,22212,2337586,22207,0,22212,STANDBY
-0.03999999910593033,-0.18000000715255737,9.8100004196167,0.0,0.0,0.0,1019.7633056640625,19.059999465942383,0.14280585944652557,-0.027199387550354004,0,0,0.0,0.0,0.0,0,0,-0.0009155552834272385,-41.36000061035156,0.009796441532671452,-0.964079737663269,0.0,22270,22312,2337682,22303,0,22312,STANDBY
-0.03999999910593033,-0.18000000715255737,9.819999694824219,0.0,0.0,0.0,1019.7593994140625,19.059999465942383,0.17655996978282928,0.09060554951429367,0,0,0.0,0.0,0.0,0,0,-0.0007629627361893654,-41.36000061035156,0.0098574785515666,-0.964293360710144,0.0,22370,22412,2337778,22400,0,22412,STANDBY
-0.03999999910593033,-0.18000000715255737,9.819999694824219,0.0,0.0,0.0,1019.7593994140625,19.059999465942383,0.17655996978282928,0.057987552136182785,0,0,0.0,0.0,0.0,0,0,-0.0006714072078466415,-41.36000061035156,0.009887997061014175,-0.964140772819519,0.0,22470,22512,2337874,22496,0,22512,STANDBY
-0.05000000074505806,-0.18000000715255737,9.8100004196167,0.0,0.0,0.0,1019.7593994140625,19.059999465942383,0.17655996978282928,0.0371120348572731,0,0,0.0,0.0,0.0,0,0,-0.0006103701889514923,-41.36000061035156,0.009796441532671452,-0.9637745022773743,0.0,22571,22612,2337989,22610,0,22612,STANDBY
-0.05000000074505806,-0.17000000178813934,9.8100004196167,0.0,0.0,0.0,1019.75537109375,19.049999237060547,0.20771759748458862,0.14838221669197083,0,0,0.0,0.0,0.0,0,0,-0.0005493331700563431,-41.36000061035156,0.009704886004328728,-0.9635608792304993,0.0,22671,22712,2338084,22706,0,22712,STANDBY
-0.05000000074505806,-0.1899999976158142,9.819999694824219,0.0,0.0,0.0,1019.7570190429688,19.049999237060547,0.19473525881767273,0.04303526133298874,0,0,0.0,0.0,0.0,0,0,-0.0005188146606087685,-41.36000061035156,0.0099795525893569,-0.964323878288269,0.0,22771,22812,2338181,22802,0,22812,STANDBY
-0.05000000074505806,-0.18000000715255737,9.819999694824219,0.0,0.0,0.0,1019.7570190429688,19.049999237060547,0.19473525881767273,0.027542566880583763,0,0,0.0,0.0,0.0,0,0,-0.0004272591322660446,-41.36000061035156,0.010010071098804474,-0.964262843132019,0.0,22871,22912,2338276,22898,0,22912,STANDBY
-0.05000000074505806,-0.1899999976158142,9.819999694824219,0.0,0.0,0.0,1019.75537109375,19.049999237060547,0.20771759748458862,0.06955660134553909,0,0,0.0,0.0,0.0,0,0,-0.0004272591322660446,-41.36000061035156,0.010040589608252048,-0.964049220085144,0.0,22971,23012,2338372,22993,0,23012,STANDBY
-0.03999999910593033,-0.1899999976158142,9.8100004196167,0.0,0.0,0.0,1019.75537109375,19.049999237060547,0.20771759748458862,0.04451622813940048,0,0,0.0,0.0,0.0,0,0,-0.0004882961511611938,-41.36000061035156,0.010071108117699623,-0.9636524319648743,0.0,23071,23112,2338487,23109,0,23112,STANDBY
-0.03999999910593033,-0.18000000715255737,9.829999923706055,0.0,0.0,0.0,1019.75537109375,19.049999237060547,0.20771759748458862,0.02849038504064083,0,0,0.0,0.0,0.0,0,0,-0.0005798516795039177,-41.36000061035156,0.010010071098804474,-0.963957667350769,0.0,23171,23212,2338583,23204,0,23212,STANDBY
-0.03999999910593033,-0.17000000178813934,9.819999694824219,0.0,0.0,0.0,1019.7537231445312,19.049999237060547,0.2232964187860489,0.06808608025312424,0,0,0.0,0.0,0.0,0,0,-0.0005493331700563431,-41.36000061035156,0.010010071098804474,-0.964079737663269,0.0,23271,23312,2338679,23301,0,23312,STANDBY
-0.03999999910593033,-0.17000000178813934,9.819999694824219,0.0,0.0,0.0,1019.7521362304688,19.049999237060547,0.23627877235412598,0.08511862903833389,0,0,0.0,0.0,0.0,0,0,-0.0005188146606087685,-41.36000061035156,0.0098574785515666,-0.964110255241394,0.0,23371,23412,2338775,23396,0,23412,STANDBY
-0.029999999329447746,-0.18000000715255737,9.819999694824219,0.0,0.0,0.0,1019.75048828125,19.049999237060547,0.24926112592220306,0.0960194543004036,0,0,0.0,0.0,0.0,0,0,-0.0005798516795039177,-41.36000061035156,0.009674367494881153,-0.9631641507148743,0.0,23471,23512,2338889,23511,0,23512,STANDBY
-0.05000000074505806,-0.18000000715255737,9.819999694824219,0.0,0.0,0.0,1019.7521362304688,19.049999237060547,0.23627877235412598,0.019908923655748367,0,0,0.0,0.0,0.0,0,0,-0.00045777764171361923,-41.36000061035156,0.009765923023223877,-0.9632557034492493,0.0,23571,23612,2338967,23611,0,23612,STANDBY
-0.03999999910593033,-0.17000000178813934,9.819999694824219,0.0,0.0,0.0,1019.7521362304688,19.049999237060547,0.23627877235412598,0.012741711921989918,0,0,0.0,0.0,0.0,0,0,-0.0005493331700563431,-41.36000061035156,0.0098574785515666,-0.9635303616523743,0.0,23671,23712,2339082,23703,0,23712,STANDBY
-0.03999999910593033,-0.18000000715255737,9.819999694824219,0.0,0.0,0.0,1019.749755859375,19.049999237060547,0.2544540762901306,0.055929794907569885,0,0,0.0,0.0,0.0,0,0,-0.0005798516795039177,-41.36000061035156,0.009887997061014175,-0.9635303616523743,0.0,23771,23812,2339178,23799,0,23812,STANDBY
-0.03999999910593033,-0.18000000715255737,9.819999694824219,0.0,0.0,0.0,1019.749755859375,19.049999237060547,0.2544540762901306,0.035795070230960846,0,0,0.0,0.0,0.0,0,0,-0.0005493331700563431,-41.36000061035156,0.009887997061014175,-0.9633472561836243,0.0,23871,23912,2339273,23895,0,23912,STANDBY
-0.029999999329447746,-0.1899999976158142,9.8100004196167,0.0,0.0,0.0,1019.7514038085938,19.049999237060547,0.24147172272205353,-0.02902056835591793,0,0,0.0,0.0,0.0,0,0,-0.0006103701889514923,-41.36000061035156,0.0099795525893569,-0.964110255241394,0.0,23971,24012,2339389,24010,0,24012,STANDBY
-0.05000000074505806,-0.1899999976158142,9.819999694824219,0.0,0.0,0.0,1019.7514038085938,19.049999237060547,0.24147172272205353,-0.018573163077235222,0,0,0.0,0.0,0.0,0,0,-0.0006103701889514923,-41.36000061035156,0.010010071098804474,-0.963896632194519,0.0,24072,24112,2339484,24105,0,24112,STANDBY
-0.03999999910593033,-0.1599999964237213,9.819999694824219,0.0,0.0,0.0,1019.7530517578125,19.049999237060547,0.22848936915397644,-0.06381624191999435,0,0,0.0,0.0,0.0,0,0,-0.0005493331700563431,-41.36000061035156,0.009796441532671452,-0.9637439846992493,0.0,24172,24212,2339580,24202,0,24212,STANDBY
-0.03999999910593033,-0.18000000715255737,9.829999923706055,0.0,0.0,0.0,1019.7530517578125,19.049999237060547,0.22848936915397644,-0.04084239527583122,0,0,0.0,0.0,0.0,0,0,-0.0005493331700563431,-41.36000061035156,0.009796441532671452,-0.9634693264961243,0.0,24272,24312,2339677,24298,0,24312,STANDBY
-0.05000000074505806,-0.18000000715255737,9.8100004196167,0.0,0.0,0.0,1019.7490844726562,19.049999237060547,0.259647011756897,0.07356532663106918,0,0,0.0,0.0,0.0,0,0,-0.00045777764171361923,-41.36000061035156,0.009796441532671452,-0.9634693264961243,0.0,24372,24412,2339773,24394,0,24412,STANDBY
-0.05000000074505806,-0.18000000715255737,9.8100004196167,0.0,0.0,0.0,1019.750732421875,19.049999237060547,0.24666465818881989,0.005538278724998236,0,0,0.0,0.0,0.0,0,0,-0.00045777764171361923,-41.36000061035156,0.00991851557046175,-0.9637439846992493,0.0,24472,24512,2339888,24509,0,24512,STANDBY
-0.03999999910593033,-0.1899999976158142,9.829999923706055,0.0,0.0,0.0,1019.7523193359375,19.049999237060547,0.2336823046207428,-0.03799903392791748,0,0,0.0,0.0,0.0,0,0,-0.0005188146606087685,-41.36000061035156,0.009949034079909325,-0.9638050198554993,0.0,24572,24612,2339983,24608,0,24612,STANDBY
-0.05000000074505806,-0.18000000715255737,9.819999694824219,0.0,0.0,0.0,1019.7523193359375,19.049999237060547,0.2336823046207428,-0.02431938238441944,0,0,0.0,0.0,0.0,0,0,-0.00045777764171361923,-41.36000061035156,0.010071108117699623,-0.964262843132019,0.0,24672,24712,2340079,24700,0,24712,STANDBY
-0.029999999329447746,-0.18000000715255737,9.819999694824219,0.0,0.0,0.0,1019.7539672851562,19.049999237060547,0.2206999510526657,-0.05710793659090996,0,0,0.0,0.0,0.0,0,0,-0.0004882961511611938,-41.36000061035156,0.009949034079909325,-0.9636219143867493,0.0,24772,24812,2340175,24797,0,24812,STANDBY
-0.03999999910593033,-0.18000000715255737,9.829999923706055,0.0,0.0,0.0,1019.755615234375,19.049999237060547,0.20771759748458862,-0.08847849071025848,0,0,0.0,0.0,0.0,0,0,-0.0005798516795039177,-41.36000061035156,0.009949034079909325,-0.9635913968086243,0.0,24872,24912,2340290,24911,0,24912,STANDBY
-0.03999999910593033,-0.18000000715255737,9.819999694824219,0.0,0.0,0.0,1019.75732421875,19.049999237060547,0.19213879108428955,-0.11894146353006363,0,0,0.0,0.0,0.0,0,0,-0.0006408886983990669,-41.36000061035156,0.010040589608252048,-0.9634998440742493,0.0,24972,25012,2340385,25007,0,25012,STANDBY
-0.05000000074505806,-0.18000000715255737,9.819999694824219,0.0,0.0,0.0,1019.755615234375,19.049999237060547,0.20771759748458862,-0.013807319104671478,0,0,0.0,0.0,0.0,0,0,-0.0006103701889514923,-41.36000061035156,0.010071108117699623,-0.9636829495429993,0.0,25072,25112,2340482,25103,0,25112,STANDBY
-0.05000000074505806,-0.1899999976158142,9.819999694824219,0.0,0.0,0.0,1019.755615234375,19.049999237060547,0.20771759748458862,-0.008836684748530388,0,0,0.0,0.0,0.0,0,0,-0.0005493331700563431,-41.36000061035156,0.010132145136594772,-0.963957667350769,0.0,25172,25212,2340577,25199,0,25212,STANDBY
-0.05000000074505806,-0.1599999964237213,9.829999923706055,0.0,0.0,0.0,1019.75732421875,19.049999237060547,0.19213879108428955,-0.055507659912109375,0,0,0.0,0.0,0.0,0,0,-0.00039674062281847,-41.36000061035156,0.010010071098804474,-0.9635303616523743,0.0,25272,25312,2340673,25294,0,25312,STANDBY
-0.029999999329447746,-0.18000000715255737,9.819999694824219,0.0,0.0,0.0,1019.75732421875,19.049999237060547,0.19213879108428955,-0.03552490100264549,0,0,0.0,0.0,0.0,0,0,-0.0005188146606087685,-41.36000061035156,0.009765923023223877,-0.9638355374336243,0.0,25372,25412,2340789,25410,0,25412,STANDBY
-0.03999999910593033,-0.17000000178813934,9.8100004196167,0.0,0.0,0.0,1019.75732421875,19.049999237060547,0.19213879108428955,-0.02273593656718731,0,0,0.0,0.0,0.0,0,0,-0.0006103701889514923,-41.36000061035156,0.009735404513776302,-0.9636524319648743,0.0,25472,25512,2340884,25505,0,25512,STANDBY
-0.03999999910593033,-0.18000000715255737,9.819999694824219,0.0,0.0,0.0,1019.755615234375,19.049999237060547,0.20771759748458862,0.03530117869377136,0,0,0.0,0.0,0.0,0,0,-0.0006103701889514923,-41.36000061035156,0.009735404513776302,-0.963988184928894,0.0,25572,25612,2340980,25608,0,25612,STANDBY
-0.03999999910593033,-0.1899999976158142,9.829999923706055,0.0,0.0,0.0,1019.755615234375,19.049999237060547,0.20771759748458862,0.022592755034565926,0,0,0.0,0.0,0.0,0,0,-0.0006714072078466415,-41.36000061035156,0.009674367494881153,-0.9638355374336243,0.0,25672,25712,2341076,25698,0,25712,STANDBY
-0.03999999910593033,-0.18000000715255737,9.819999694824219,0.0,0.0,0.0,1019.75732421875,19.049999237060547,0.19213879108428955,-0.047855861485004425,0,0,0.0,0.0,0.0,0,0,-0.0006408886983990669,-41.36000061035156,0.009796441532671452,-0.964232325553894,0.0,25772,25812,2341172,25793,0,25812,STANDBY
-0.05000000074505806,-0.18000000715255737,9.829999923706055,0.0,0.0,0.0,1019.75732421875,19.049999237060547,0.19213879108428955,-0.030627751722931862,0,0,0.0,0.0,0.0,0,0,-0.0006408886983990669,-41.36000061035156,0.009796441532671452,-0.963927149772644,0.0,25872,25912,2341287,25909,0,25912,STANDBY
-0.03999999910593033,-0.18000000715255737,9.800000190734863,0.0,0.0,0.0,1019.7589111328125,19.049999237060547,0.17915643751621246,-0.07153117656707764,0,0,0.0,0.0,0.0,0,0,-0.0006103701889514923,-41.36000061035156,0.009826960042119026,-0.9634998440742493,0.0,25972,26012,2341383,26004,0,26012,STANDBY
-0.03999999910593033,-0.17000000178813934,9.819999694824219,0.0,0.0,0.0,1019.7589111328125,19.049999237060547,0.17915643751621246,-0.04577995464205742,0,0,0.0,0.0,0.0,0,0,-0.0005188146606087685,-41.36000061035156,0.009704886004328728,-0.9634998440742493,0.0,26072,26112,2341479,26100,0,26112,STANDBY
-0.03999999910593033,-0.1899999976158142,9.829999923706055,0.0,0.0,0.0,1019.7589111328125,19.049999237060547,0.17915643751621246,-0.02929917350411415,0,0,0.0,0.0,0.0,0,0,-0.0005188146606087685,-41.36000061035156,0.009765923023223877,-0.9631641507148743,0.0,26172,26212,2341575,26196,0,26212,STANDBY
-0.03999999910593033,-0.18000000715255737,9.829999923706055,0.0,0.0,0.0,1019.76220703125,19.049999237060547,0.1531917303800583,-0.12261030077934265,0,0,0.0,0.0,0.0,0,0,-0.0006408886983990669,-41.36000061035156,0.009765923023223877,-0.9634388089179993,0.0,26272,26312,2341690,26311,0,26312,STANDBY
-0.03999999910593033,-0.18000000715255737,9.819999694824219,0.0,0.0,0.0,1019.76220703125,19.049999237060547,0.1531917303800583,-0.07847059518098831,0,0,0.0,0.0,0.0,0,0,-0.0005798516795039177,-41.36000061035156,0.009765923023223877,-0.9636524319648743,0.0,26372,26412,2341786,26407,0,26412,STANDBY
-0.03999999910593033,-0.17000000178813934,9.819999694824219,0.0,0.0,0.0,1019.7599487304688,19.049999237060547,0.17136701941490173,0.007939743809401989,0,0,0.0,0.0,0.0,0,0,-0.0005798516795039177,-41.36000061035156,0.009796441532671452,-0.9636524319648743,0.0,26472,26512,2341882,26504,0,26512,STANDBY
-0.05000000074505806,-0.18000000715255737,9.819999694824219,0.0,0.0,0.0,1019.7615356445312,19.049999237060547,0.15838468074798584,-0.036462049931287766,0,0,0.0,0.0,0.0,0,0,-0.0005188146606087685,-41.36000061035156,0.009826960042119026,-0.964171290397644,0.0,26572,26612,2341978,26610,0,26612,STANDBY
-0.05000000074505806,-0.18000000715255737,9.819999694824219,0.0,0.0,0.0,1019.7631225585938,19.049999237060547,0.14540232717990875,-0.06487924605607986,0,0,0.0,0.0,0.0,0,0,-0.00045777764171361923,-41.36000061035156,0.009887997061014175,-0.9637439846992493,0.0,26672,26712,2342074,26695,0,26712,STANDBY
-0.05000000074505806,-0.1899999976158142,9.819999694824219,0.0,0.0,0.0,1019.7648315429688,19.049999237060547,0.13241997361183167,-0.09345213323831558,0,0,0.0,0.0,0.0,0,0,-0.00045777764171361923,-41.36000061035156,0.009887997061014175,-0.9637745022773743,0.0,26772,26812,2342189,26811,0,26812,STANDBY
-0.03999999910593033,-0.1899999976158142,9.8100004196167,0.0,0.0,0.0,1019.7625122070312,19.040000915527344,0.1505952626466751,0.01289178803563118,0,0,0.0,0.0,0.0,0,0,-0.0004882961511611938,-41.36000061035156,0.0099795525893569,-0.9638660550117493,0.0,26872,26912,2342285,26906,0,26912,STANDBY
-0.05000000074505806,-0.17000000178813934,9.829999923706055,0.0,0.0,0.0,1019.7625122070312,19.040000915527344,0.1505952626466751,0.008250745013356209,0,0,0.0,0.0,0.0,0,0,-0.0005188146606087685,-41.36000061035156,0.0099795525893569,-0.963957667350769,0.0,26973,27012,2342380,27001,0,27012,STANDBY
-0.05000000074505806,-0.18000000715255737,9.8100004196167,0.0,0.0,0.0,1019.7625122070312,19.040000915527344,0.1505952626466751,0.0052804769948124886,0,0,0.0,0.0,0.0,0,0,-0.0004882961511611938,-41.36000061035156,0.009949034079909325,-0.9638355374336243,0.0,27073,27112,2342476,27098,0,27112,STANDBY
-0.03999999910593033,-0.18000000715255737,9.829999923706055,0.0,0.0,0.0,1019.76416015625,19.040000915527344,0.13761290907859802,-0.04854990914463997,0,0,0.0,0.0,0.0,0,0,-0.0004882961511611938,-41.36000061035156,0.009887997061014175,-0.9635608792304993,0.0,27173,27212,2342573,27194,0,27212,STANDBY
-0.05000000074505806,-0.18000000715255737,9.819999694824219,0.0,0.0,0.0,1019.76416015625,19.040000915527344,0.13761290907859802,-0.031071944162249565,0,0,0.0,0.0,0.0,0,0,-0.0005798516795039177,-41.36000061035156,0.00991851557046175,-0.9636829495429993,0.0,27273,27312,2342687,27309,0,27312,STANDBY
-0.05000000074505806,-0.18000000715255737,9.819999694824219,0.0,0.0,0.0,1019.76416015625,19.040000915527344,0.13761290907859802,-0.019886044785380363,0,0,0.0,0.0,0.0,0,0,-0.0005798516795039177,-41.36000061035156,0.009887997061014175,-0.9638050198554993,0.0,27373,27412,2342784,27405,0,27412,STANDBY
-0.03999999910593033,-0.17000000178813934,9.819999694824219,0.0,0.0,0.0,1019.76416015625,19.040000915527344,0.13761290907859802,-0.012727068737149239,0,0,0.0,0.0,0.0,0,0,-0.0006103701889514923,-41.36000061035156,0.009796441532671452,-0.9635303616523743,0.0,27473,27512,2342880,27501,0,27512,STANDBY
-0.03999999910593033,-0.1899999976158142,9.819999694824219,0.0,0.0,0.0,1019.7625122070312,19.040000915527344,0.1505952626466751,0.033398207277059555,0,0,0.0,0.0,0.0,0,0,-0.0005798516795039177,-41.36000061035156,0.009826960042119026,-0.9636219143867493,0.0,27573,27612,2342975,27608,0,27612,STANDBY
-0.05000000074505806,-0.17000000178813934,9.819999694824219,0.0,0.0,0.0,1019.760498046875,19.040000915527344,0.16617408394813538,0.07122708112001419,0,0,0.0,0.0,0.0,0,0,-0.0005188146606087685,-41.36000061035156,0.009887997061014175,-0.963896632194519,0.0,27673,27712,2343071,27693,0,27712,STANDBY
-0.03999999910593033,-0.18000000715255737,9.819999694824219,0.0,0.0,0.0,1019.760498046875,19.040000915527344,0.16617408394813538,0.045585330575704575,0,0,0.0,0.0,0.0,0,0,-0.0005493331700563431,-41.36000061035156,0.009949034079909325,-0.964293360710144,0.0,27773,27812,2343186,27807,0,27812,STANDBY
-0.03999999910593033,-0.18000000715255737,9.819999694824219,0.0,0.0,0.0,1019.760498046875,19.040000915527344,0.16617408394813538,0.02917461097240448,0,0,0.0,0.0,0.0,0,0,-0.0005188146606087685,-41.36000061035156,0.0099795525893569,-0.964293360710144,0.0,27873,27912,2343282,27904,0,27912,STANDBY
-0.03999999910593033,-0.18000000715255737,9.819999694824219,0.0,0.0,0.0,1019.7567749023438,19.040000915527344,0.1973317265510559,0.143302321434021,0,0,0.0,0.0,0.0,0,0,-0.0006408886983990669,-41.36000061035156,0.0099795525893569,-0.964140772819519,0.0,27973,28012,2343377,27999,0,28012,STANDBY
-0.029999999329447746,-0.18000000715255737,9.819999694824219,0.0,0.0,0.0,1019.7584228515625,19.040000915527344,0.18434937298297882,0.03978407382965088,0,0,0.0,0.0,0.0,0,0,-0.0007019257172942162,-41.36000061035156,0.0099795525893569,-0.964079737663269,0.0,28073,28112,2343474,28095,0,28112,STANDBY
-0.03999999910593033,-0.17000000178813934,9.819999694824219,0.0,0.0,0.0,1019.7600708007812,19.040000915527344,0.17136701941490173,-0.02646760642528534,0,0,0.0,0.0,0.0,0,0,-0.0006408886983990669,-41.36000061035156,0.0098574785515666,-0.9637134671211243,0.0,28173,28212,2343588,28210,0,28212,STANDBY
-0.029999999329447746,-0.17000000178813934,9.829999923706055,0.0,0.0,0.0,1019.76171875,19.040000915527344,0.15578819811344147,-0.07925455272197723,0,0,0.0,0.0,0.0,0,0,-0.0006714072078466415,-41.36000061035156,0.009735404513776302,-0.9638355374336243,0.0,28273,28312,2343685,28306,0,28312,STANDBY
-0.03999999910593033,-0.18000000715255737,9.819999694824219,0.0,0.0,0.0,1019.7633666992188,19.040000915527344,0.14280585944652557,-0.09226640313863754,0,0,0.0,0.0,0.0,0,0,-0.0007019257172942162,-41.36000061035156,0.009674367494881153,-0.9635303616523743,0.0,28374,28412,2343781,28402,0,28412,STANDBY
-0.05000000074505806,-0.18000000715255737,9.819999694824219,0.0,0.0,0.0,1019.7611083984375,19.040000915527344,0.16098114848136902,-0.0008895755163393915,0,0,0.0,0.0,0.0,0,0,-0.0006103701889514923,-41.36000061035156,0.009674367494881153,-0.9638050198554993,0.0,28474,28512,2343877,28498,0,28512,STANDBY
-0.03999999910593033,-0.17000000178813934,9.819999694824219,0.0,0.0,0.0,1019.7611083984375,19.040000915527344,0.16098114848136902,-0.0005693283746950328,0,0,0.0,0.0,0.0,0,0,-0.0005798516795039177,-41.36000061035156,0.009704886004328728,-0.9636524319648743,0.0,28574,28612,2343972,28609,0,28612,STANDBY
-0.03999999910593033,-0.18000000715255737,9.819999694824219,0.0,0.0,0.0,1019.7611083984375,19.040000915527344,0.16098114848136902,-0.00036437014932744205,0,0,0.0,0.0,0.0,0,0,-0.0005493331700563431,-41.36000061035156,0.009796441532671452,-0.9638355374336243,0.0,28674,28712,2344088,28709,0,28712,STANDBY
-0.03999999910593033,-0.17000000178813934,9.829999923706055,0.0,0.0,0.0,1019.7611083984375,19.040000915527344,0.16098114848136902,-0.00023319691536016762,0,0,0.0,0.0,0.0,0,0,-0.0005188146606087685,-41.36000061035156,0.009765923023223877,-0.964323878288269,0.0,28774,28812,2344184,28806,0,28812,STANDBY
-0.03999999910593033,-0.18000000715255737,9.819999694824219,0.0,0.0,0.0,1019.7603149414062,19.030000686645508,0.16877055168151855,0.03931707516312599,0,0,0.0,0.0,0.0,0,0,-0.0005798516795039177,-41.36000061035156,0.009765923023223877,-0.964201807975769,0.0,28874,28912,2344280,28901,0,28912,STANDBY
-0.03999999910593033,-0.1899999976158142,9.819999694824219,0.0,0.0,0.0,1019.7603149414062,19.030000686645508,0.16877055168151855,0.02516292966902256,0,0,0.0,0.0,0.0,0,0,-0.0005188146606087685,-41.36000061035156,0.0098574785515666,-0.964751124382019,0.0,28974,29012,2344376,28997,0,29012,STANDBY
-0.03999999910593033,-0.18000000715255737,9.819999694824219,0.0,0.0,0.0,1019.7603149414062,19.030000686645508,0.16877055168151855,0.01610427536070347,0,0,0.0,0.0,0.0,0,0,-0.0006103701889514923,-41.36000061035156,0.009887997061014175,-0.964415431022644,0.0,29074,29112,2344472,29093,0,29112,STANDBY
-0.05000000074505806,-0.18000000715255737,9.819999694824219,0.0,0.0,0.0,1019.7620239257812,19.030000686645508,0.1531917303800583,-0.05200854688882828,0,0,0.0,0.0,0.0,0,0,-0.0005493331700563431,-41.36000061035156,0.0098574785515666,-0.963896632194519,0.0,29174,29212,2344587,29208,0,29212,STANDBY
-0.05000000074505806,-0.17000000178813934,9.819999694824219,0.0,0.0,0.0,1019.7603149414062,19.030000686645508,0.16877055168151855,0.029029812663793564,0,0,0.0,0.0,0.0,0,0,-0.0004882961511611938,-41.36000061035156,0.0098574785515666,-0.9637439846992493,0.0,29274,29312,2344682,29304,0,29312,STANDBY
-0.05000000074505806,-0.1899999976158142,9.8100004196167,0.0,0.0,0.0,1019.7620239257812,19.030000686645508,0.1531917303800583,-0.03127314895391464,0,0,0.0,0.0,0.0,0,0,-0.0004272591322660446,-41.36000061035156,0.0098574785515666,-0.9637745022773743,0.0,29374,29412,2344778,29400,0,29412,STANDBY
-0.05000000074505806,-0.1899999976158142,9.829999923706055,0.0,0.0,0.0,1019.7603149414062,19.030000686645508,0.16877055168151855,0.029837412759661674,0,0,0.0,0.0,0.0,0,0,-0.00039674062281847,-41.36000061035156,0.009949034079909325,-0.9638355374336243,0.0,29474,29512,2344875,29496,0,29512,STANDBY
-0.03999999910593033,-0.17000000178813934,9.819999694824219,0.0,0.0,0.0,1019.7603149414062,19.030000686645508,0.16877055168151855,0.019095944240689278,0,0,0.0,0.0,0.0,0,0,-0.0004882961511611938,-41.36000061035156,0.0098574785515666,-0.9637134671211243,0.0,29574,29612,2344989,29609,0,29612,STANDBY
-0.03999999910593033,-0.18000000715255737,9.829999923706055,0.0,0.0,0.0,1019.7603149414062,19.030000686645508,0.16877055168151855,0.01222140435129404,0,0,0.0,0.0,0.0,0,0,-0.00045777764171361923,-41.36000061035156,0.009887997061014175,-0.964568018913269,0.0,29674,29712,2345085,29707,0,29712,STANDBY
-0.029999999329447746,-0.18000000715255737,9.819999694824219,0.0,0.0,0.0,1019.7579956054688,19.030000686645508,0.186945840716362,0.0659826248884201,0,0,0.0,0.0,0.0,0,0,-0.0005188146606087685,-41.36000061035156,0.009887997061014175,-0.964842677116394,0.0,29774,29812,2345181,29802,0,29812,STANDBY
-0.029999999329447746,-0.17000000178813934,9.829999923706055,0.0,0.0,0.0,1019.7620239257812,19.030000686645508,0.1531917303800583,-0.07824733108282089,0,0,0.0,0.0,0.0,0,0,-0.0005493331700563431,-41.36000061035156,0.009765923023223877,-0.964201807975769,0.0,29874,29912,2345277,29898,0,29912,STANDBY
-0.03999999910593033,-0.17000000178813934,9.819999694824219,0.0,0.0,0.0,1019.7579956054688,19.030000686645508,0.186945840716362,0.0849381536245346,0,0,0.0,0.0,0.0,0,0,-0.0006408886983990669,-41.36000061035156,0.009704886004328728,-0.964293360710144,0.0,29974,30012,2345373,29995,0,30012,STANDBY
-0.05000000074505806,-0.18000000715255737,9.819999694824219,0.0,0.0,0.0,1019.7579956054688,19.030000686645508,0.186945840716362,0.054360419511795044,0,0,0.0,0.0,0.0,0,0,-0.0005188146606087685,-41.36000061035156,0.009735404513776302,-0.9638355374336243,0.0,30074,30112,2345488,30109,0,30112,STANDBY
-0.05000000074505806,-0.17000000178813934,9.819999694824219,0.0,0.0,0.0,1019.7597045898438,19.030000686645508,0.1739634871482849,-0.01713874563574791,0,0,0.0,0.0,0.0,0,0,-0.00045777764171361923,-41.36000061035156,0.009765923023223877,-0.9638660550117493,0.0,30174,30212,2345584,30205,0,30212,STANDBY
-0.03999999910593033,-0.18000000715255737,9.8100004196167,0.0,0.0,0.0,1019.7597045898438,19.030000686645508,0.1739634871482849,-0.010968797840178013,0,0,0.0,0.0,0.0,0,0,-0.0005493331700563431,-41.36000061035156,0.009765923023223877,-0.9635913968086243,0.0,30274,30312,2345680,30302,0,30312,STANDBY
-0.029999999329447746,-0.18000000715255737,9.819999694824219,0.0,0.0,0.0,1019.7597045898438,19.030000686645508,0.1739634871482849,-0.007020031102001667,0,0,0.0,0.0,0.0,0,0,-0.0005798516795039177,-41.36000061035156,0.0098574785515666,-0.964171290397644,0.0,30374,30412,2345776,30397,0,30412,STANDBY
-0.03999999910593033,-0.18000000715255737,9.8100004196167,0.0,0.0,0.0,1019.7597045898438,19.030000686645508,0.1739634871482849,-0.004492820240557194,0,0,0.0,0.0,0.0,0,0,-0.0005493331700563431,-41.36000061035156,0.009887997061014175,-0.964201807975769,0.0,30474,30512,2345872,30493,0,30512,STANDBY
-0.05000000074505806,-0.18000000715255737,9.8100004196167,0.0,0.0,0.0,1019.7613525390625,19.030000686645508,0.16098114848136902,-0.04441889002919197,0,0,0.0,0.0,0.0,0,0,-0.0005188146606087685,-41.36000061035156,0.00991851557046175,-0.963896632194519,0.0,30574,30612,2345968,30609,0,30612,STANDBY
-0.03999999910593033,-0.17000000178813934,9.829999923706055,0.0,0.0,0.0,1019.7597045898438,19.030000686645508,0.1739634871482849,0.013115393929183483,0,0,0.0,0.0,0.0,0,0,-0.0005493331700563431,-41.36000061035156,0.009826960042119026,-0.963896632194519,0.0,30674,30712,2346083,30704,0,30712,STANDBY
-0.05000000074505806,-0.17000000178813934,9.829999923706055,0.0,0.0,0.0,1019.763671875,19.030000686645508,0.1402093768119812,-0.0996192991733551,0,0,0.0,0.0,0.0,0,0,-0.0005798516795039177,-41.36000061035156,0.009735404513776302,-0.9635913968086243,0.0,30774,30812,2346179,30800,0,30812,STANDBY
-0.029999999329447746,-0.17000000178813934,9.829999923706055,0.0,0.0,0.0,1019.7613525390625,19.030000686645508,0.16098114848136902,-0.007672552019357681,0,0,0.0,0.0,0.0,0,0,-0.0006103701889514923,-41.36000061035156,0.009704886004328728,-0.9638355374336243,0.0,30874,30912,2346274,30896,0,30912,STANDBY
-0.03999999910593033,-0.1899999976158142,9.819999694824219,0.0,0.0,0.0,1019.762939453125,19.030000686645508,0.14799879491329193,-0.056839846074581146,0,0,0.0,0.0,0.0,0,0,-0.0006408886983990669,-41.36000061035156,0.009704886004328728,-0.9638355374336243,0.0,30974,31012,2346390,31011,0,31012,STANDBY
-0.03999999910593033,-0.17000000178813934,9.819999694824219,0.0,0.0,0.0,1019.7653198242188,19.030000686645508,0.1272270381450653,-0.11946453154087067,0,0,0.0,0.0,0.0,0,0,-0.0006714072078466415,-41.36000061035156,0.009704886004328728,-0.9636524319648743,0.0,31074,31112,2346486,31108,0,31112,STANDBY
-0.05000000074505806,-0.18000000715255737,9.819999694824219,0.0,0.0,0.0,1019.766845703125,19.030000686645508,0.11424468457698822,-0.1283867210149765,0,0,0.0,0.0,0.0,0,0,-0.0006103701889514923,-41.36000061035156,0.009674367494881153,-0.9634998440742493,0.0,31174,31212,2346582,31203,0,31212,STANDBY
-0.05000000074505806,-0.17000000178813934,9.819999694824219,0.0,0.0,0.0,1019.766845703125,19.030000686645508,0.11424468457698822,-0.08216749876737595,0,0,0.0,0.0,0.0,0,0,-0.0005493331700563431,-41.36000061035156,0.009735404513776302,-0.9636219143867493,0.0,31275,31312,2346678,31299,0,31312,STANDBY
-0.05000000074505806,-0.18000000715255737,9.819999694824219,0.0,0.0,0.0,1019.766845703125,19.030000686645508,0.11424468457698822,-0.052587199956178665,0,0,0.0,0.0,0.0,0,0,-0.0005188146606087685,-41.36000061035156,0.009765923023223877,-0.9635913968086243,0.0,31375,31412,2346774,31395,0,31412,STANDBY
-0.03999999910593033,-0.18000000715255737,9.829999923706055,0.0,0.0,0.0,1019.766845703125,19.030000686645508,0.11424468457698822,-0.0336558073759079,0,0,0.0,0.0,0.0,0,0,-0.0005493331700563431,-41.36000061035156,0.009796441532671452,-0.964110255241394,0.0,31475,31512,2346889,31510,0,31512,STANDBY
-0.03999999910593033,-0.17000000178813934,9.819999694824219,0.0,0.0,0.0,1019.762939453125,19.030000686645508,0.14799879491329193,0.08647343516349792,0,0,0.0,0.0,0.0,0,0,-0.0005493331700563431,-41.36000061035156,0.009765923023223877,-0.964476466178894,0.0,31575,31612,2346966,31609,0,31612,STANDBY
-0.03999999910593033,-0.18000000715255737,9.819999694824219,0.0,0.0,0.0,1019.762939453125,19.030000686645508,0.14799879491329193,0.05534300208091736,0,0,0.0,0.0,0.0,0,0,-0.0004272591322660446,-41.36000061035156,0.009735404513776302,-0.964079737663269,0.0,31675,31712,2347081,31703,0,31712,STANDBY
-0.03999999910593033,-0.1899999976158142,9.819999694824219,0.0,0.0,0.0,1019.762939453125,19.030000686645508,0.14799879491329193,0.0354195199906826,0,0,0.0,0.0,0.0,0,0,-0.0004882961511611938,-41.36000061035156,0.009765923023223877,-0.964110255241394,0.0,31775,31812,2347176,31798,0,31812,STANDBY
-0.05000000074505806,-0.18000000715255737,9.829999923706055,0.0,0.0,0.0,1019.766845703125,19.030000686645508,0.11424468457698822,-0.11234794557094574,0,0,0.0,0.0,0.0,0,0,-0.0005493331700563431,-41.36000061035156,0.009826960042119026,-0.964476466178894,0.0,31875,31912,2347273,31894,0,31912,STANDBY
-0.03999999910593033,-0.18000000715255737,9.8100004196167,0.0,0.0,0.0,1019.7686157226562,19.030000686645508,0.10126233100891113,-0.1238320991396904,0,0,0.0,0.0,0.0,0,0,-0.0006103701889514923,-41.36000061035156,0.009765923023223877,-0.963927149772644,0.0,31975,32012,2347388,32010,0,32012,STANDBY
-0.03999999910593033,-0.18000000715255737,9.819999694824219,0.0,0.0,0.0,1019.7645263671875,19.030000686645508,0.13501644134521484,0.05576389282941818,0,0,0.0,0.0,0.0,0,0,-0.0005798516795039177,-41.36000061035156,0.009735404513776302,-0.9634388089179993,0.0,32075,32112,2347484,32105,0,32112,STANDBY
-0.03999999910593033,-0.18000000715255737,9.819999694824219,0.0,0.0,0.0,1019.762939453125,19.030000686645508,0.14799879491329193,0.08761830627918243,0,0,0.0,0.0,0.0,0,0,-0.0005188146606087685,-41.36000061035156,0.009765923023223877,-0.9634082913398743,0.0,32175,32212,2347580,32201,0,32212,STANDBY
-0.05000000074505806,-0.1899999976158142,9.819999694824219,0.0,0.0,0.0,1019.766845703125,19.030000686645508,0.11424468457698822,-0.07894071936607361,0,0,0.0,0.0,0.0,0,0,-0.0004882961511611938,-41.36000061035156,0.00991851557046175,-0.9638355374336243,0.0,32275,32312,2347676,32297,0,32312,STANDBY
-0.05000000074505806,-0.18000000715255737,9.829999923706055,0.0,0.0,0.0,1019.762939453125,19.030000686645508,0.14799879491329193,0.08449438214302063,0,0,0.0,0.0,0.0,0,0,-0.0004272591322660446,-41.36000061035156,0.0099795525893569,-0.964049220085144,0.0,32375,32412,2347771,32393,0,32412,STANDBY
-0.029999999329447746,-0.1899999976158142,9.819999694824219,0.0,0.0,0.0,1019.7645263671875,19.030000686645508,0.13501644134521484,0.012532872147858143,0,0,0.0,0.0,0.0,0,0,-0.0005798516795039177,-41.36000061035156,0.009949034079909325,-0.9637745022773743,0.0,32475,32512,2347887,32508,0,32512,STANDBY
-0.03999999910593033,-0.18000000715255737,9.819999694824219,0.0,0.0,0.0,1019.770263671875,19.030000686645508,0.08827998489141464,-0.14153562486171722,0,0,0.0,0.0,0.0,0,0,-0.0007019257172942162,-41.36000061035156,0.00991851557046175,-0.9638355374336243,0.0,32575,32612,2347982,32609,0,32612,STANDBY
-0.03999999910593033,-0.1899999976158142,9.8100004196167,0.0,0.0,0.0,1019.770263671875,19.030000686645508,0.08827998489141464,-0.09058280289173126,0,0,0.0,0.0,0.0,0,0,-0.0007324442267417908,-41.36000061035156,0.0099795525893569,-0.963896632194519,0.0,32675,32712,2348079,32700,0,32712,STANDBY
-0.05000000074505806,-0.1899999976158142,9.8100004196167,0.0,0.0,0.0,1019.770263671875,19.030000686645508,0.08827998489141464,-0.057972997426986694,0,0,0.0,0.0,0.0,0,0,-0.0007324442267417908,-41.36000061035156,0.010040589608252048,-0.964171290397644,0.0,32776,32812,2348175,32796,0,32812,STANDBY
-0.05000000074505806,-0.1899999976158142,9.819999694824219,0.0,0.0,0.0,1019.762939453125,19.030000686645508,0.14799879491329193,0.16438335180282593,0,0,0.0,0.0,0.0,0,0,-0.0006408886983990669,-41.36000061035156,0.010162663646042347,-0.964201807975769,0.0,32876,32912,2348290,32911,0,32912,STANDBY
-0.05000000074505806,-0.1899999976158142,9.819999694824219,0.0,0.0,0.0,1019.762939453125,19.030000686645508,0.14799879491329193,0.10520534962415695,0,0,0.0,0.0,0.0,0,0,-0.0005798516795039177,-41.36000061035156,0.010193182155489922,-0.9637439846992493,0.0,32976,33012,2348386,33007,0,33012,STANDBY
-0.05000000074505806,-0.1899999976158142,9.8100004196167,0.0,0.0,0.0,1019.762939453125,19.030000686645508,0.14799879491329193,0.06733142584562302,0,0,0.0,0.0,0.0,0,0,-0.0004272591322660446,-41.36000061035156,0.010223700664937496,-0.9636524319648743,0.0,33076,33112,2348482,33103,0,33112,STANDBY
-0.029999999329447746,-0.18000000715255737,9.819999694824219,0.0,0.0,0.0,1019.762939453125,19.030000686645508,0.14799879491329193,0.043092112988233566,0,0,0.0,0.0,0.0,0,0,-0.0004882961511611938,-41.36000061035156,0.010132145136594772,-0.963988184928894,0.0,33176,33212,2348577,33199,0,33212,STANDBY
-0.05000000074505806,-0.17000000178813934,9.819999694824219,0.0,0.0,0.0,1019.7645263671875,19.030000686645508,0.13501644134521484,-0.02435046061873436,0,0,0.0,0.0,0.0,0,0,-0.0004882961511611938,-41.36000061035156,0.010071108117699623,-0.964140772819519,0.0,33276,33312,2348674,33295,0,33312,STANDBY
-0.03999999910593033,-0.18000000715255737,9.8100004196167,0.0,0.0,0.0,1019.7662353515625,19.030000686645508,0.11943762004375458,-0.07789958268404007,0,0,0.0,0.0,0.0,0,0,-0.00045777764171361923,-41.36000061035156,0.010010071098804474,-0.9638660550117493,0.0,33376,33412,2348788,33410,0,33412,STANDBY
-0.05000000074505806,-0.1899999976158142,9.819999694824219,0.0,0.0,0.0,1019.7645263671875,19.030000686645508,0.13501644134521484,-3.5047530673182337e-06,0,0,0.0,0.0,0.0,0,0,-0.0004882961511611938,-41.36000061035156,0.010071108117699623,-0.964171290397644,0.0,33476,33512,2348884,33506,0,33512,STANDBY
-0.05000000074505806,-0.18000000715255737,9.819999694824219,0.0,0.0,0.0,1019.7662353515625,19.030000686645508,0.11943762004375458,-0.049854472279548645,0,0,0.0,0.0,0.0,0,0,-0.00045777764171361923,-41.36000061035156,0.010101626627147198,-0.964049220085144,0.0,33576,33612,2348980,33610,0,33612,STANDBY
-0.03999999910593033,-0.17000000178813934,9.819999694824219,0.0,0.0,0.0,1019.7662353515625,19.030000686645508,0.11943762004375458,-0.031906865537166595,0,0,0.0,0.0,0.0,0,0,-0.0004882961511611938,-41.36000061035156,0.010010071098804474,-0.964140772819519,0.0,33676,33712,2349076,33697,0,33712,STANDBY
-0.05000000074505806,-0.17000000178813934,9.819999694824219,0.0,0.0,0.0,1019.7622680664062,19.030000686645508,0.1531917303800583,0.08759275823831558,0,0,0.0,0.0,0.0,0,0,-0.00045777764171361923,-41.36000061035156,0.00991851557046175,-0.964293360710144,0.0,33776,33812,2349171,33794,0,33812,STANDBY
-0.05000000074505806,-0.17000000178813934,9.829999923706055,0.0,0.0,0.0,1019.7622680664062,19.030000686645508,0.1531917303800583,0.05605936795473099,0,0,0.0,0.0,0.0,0,0,-0.00033570360392332077,-41.36000061035156,0.0098574785515666,-0.964018702507019,0.0,33876,33912,2349287,33908,0,33912,STANDBY
-0.029999999329447746,-0.1899999976158142,9.819999694824219,0.0,0.0,0.0,1019.7606201171875,19.030000686645508,0.16617408394813538,0.07742153108119965,0,0,0.0,0.0,0.0,0,0,-0.00045777764171361923,-41.36000061035156,0.009949034079909325,-0.964232325553894,0.0,33976,34012,2349383,34004,0,34012,STANDBY
-0.03999999910593033,-0.18000000715255737,9.8100004196167,0.0,0.0,0.0,1019.7566528320312,19.030000686645508,0.1973317265510559,0.17418035864830017,0,0,0.0,0.0,0.0,0,0,-0.0005798516795039177,-41.36000061035156,0.0098574785515666,-0.9638355374336243,0.0,34076,34112,2349478,34100,0,34112,STANDBY
-0.03999999910593033,-0.17000000178813934,9.819999694824219,0.0,0.0,0.0,1019.7566528320312,19.030000686645508,0.1973317265510559,0.11147543042898178,0,0,0.0,0.0,0.0,0,0,-0.0005188146606087685,-41.36000061035156,0.009735404513776302,-0.963957667350769,0.0,34176,34212,2349575,34196,0,34212,STANDBY
-0.03999999910593033,-0.18000000715255737,9.819999694824219,0.0,0.0,0.0,1019.7566528320312,19.030000686645508,0.1973317265510559,0.0713442787528038,0,0,0.0,0.0,0.0,0,0,-0.0005493331700563431,-41.36000061035156,0.009796441532671452,-0.964232325553894,0.0,34276,34312,2349689,34312,0,34312,STANDBY
-0.03999999910593033,-0.18000000715255737,9.819999694824219,0.0,0.0,0.0,1019.75830078125,19.030000686645508,0.18434937298297882,-0.006269074976444244,0,0,0.0,0.0,0.0,0,0,-0.0005493331700563431,-41.36000061035156,0.009796441532671452,-0.964262843132019,0.0,34376,34412,2349786,34407,0,34412,STANDBY
-0.03999999910593033,-0.18000000715255737,9.819999694824219,0.0,0.0,0.0,1019.75830078125,19.030000686645508,0.18434937298297882,-0.004012207966297865,0,0,0.0,0.0,0.0,0,0,-0.0006408886983990669,-41.36000061035156,0.009704886004328728,-0.9638660550117493,0.0,34476,34512,2349882,34503,0,34512,STANDBY
-0.03999999910593033,-0.18000000715255737,9.829999923706055,0.0,0.0,0.0,1019.75830078125,19.030000686645508,0.18434937298297882,-0.002567813266068697,0,0,0.0,0.0,0.0,0,0,-0.0006103701889514923,-41.36000061035156,0.009765923023223877,-0.963927149772644,0.0,34576,34612,2349977,34608,0,34612,STANDBY
-0.03999999910593033,-0.17000000178813934,9.829999923706055,0.0,0.0,0.0,1019.75830078125,19.030000686645508,0.18434937298297882,-0.0016434005228802562,0,0,0.0,0.0,0.0,0,0,-0.0006408886983990669,-41.36000061035156,0.009674367494881153,-0.9636524319648743,0.0,34676,34712,2350073,34695,0,34712,STANDBY
-0.03999999910593033,-0.18000000715255737,9.829999923706055,0.0,0.0,0.0,1019.760009765625,19.030000686645508,0.17136701941490173,-0.042595308274030685,0,0,0.0,0.0,0.0,0,0,-0.0006103701889514923,-41.36000061035156,0.009613330475986004,-0.9634693264961243,0.0,34776,34812,2350189,34810,0,34812,STANDBY
-0.05000000074505806,-0.1899999976158142,9.819999694824219,0.0,0.0,0.0,1019.7615356445312,19.030000686645508,0.15838468074798584,-0.06880448013544083,0,0,0.0,0.0,0.0,0,0,-0.0005798516795039177,-41.36000061035156,0.009735404513776302,-0.9637134671211243,0.0,34876,34912,2350284,34906,0,34912,STANDBY
-0.03999999910593033,-0.18000000715255737,9.829999923706055,0.0,0.0,0.0,1019.760009765625,19.030000686645508,0.17136701941490173,-0.002491384744644165,0,0,0.0,0.0,0.0,0,0,-0.0005493331700563431,-41.36000061035156,0.009826960042119026,-0.963896632194519,0.0,34976,35012,2350381,35002,0,35012,STANDBY
-0.05000000074505806,-0.18000000715255737,9.819999694824219,0.0,0.0,0.0,1019.760009765625,19.030000686645508,0.17136701941490173,-0.001594486297108233,0,0,0.0,0.0,0.0,0,0,-0.0004882961511611938,-41.36000061035156,0.009796441532671452,-0.9638050198554993,0.0,35076,35112,2350477,35098,0,35112,STANDBY
-0.03999999910593033,-0.17000000178813934,9.819999694824219,0.0,0.0,0.0,1019.75830078125,19.030000686645508,0.18434937298297882,0.05090894177556038,0,0,0.0,0.0,0.0,0,0,-0.0004272591322660446,-41.36000061035156,0.009826960042119026,-0.9638660550117493,0.0,35176,35212,2350572,35193,0,35212,STANDBY
-0.05000000074505806,-0.18000000715255737,9.819999694824219,0.0,0.0,0.0,1019.7566528320312,19.030000686645508,0.1973317265510559,0.08451113849878311,0,0,0.0,0.0,0.0,0,0,-0.0005493331700563431,-41.36000061035156,0.009765923023223877,-0.9634998440742493,0.0,35276,35312,2350688,35309,0,35312,STANDBY
-0.05000000074505806,-0.18000000715255737,9.829999923706055,0.0,0.0,0.0,1019.7566528320312,19.030000686645508,0.1973317265510559,0.05408713221549988,0,0,0.0,0.0,0.0,0,0,-0.0005493331700563431,-41.36000061035156,0.0098574785515666,-0.9634388089179993,0.0,35376,35412,2350783,35405,0,35412,STANDBY
-0.05000000074505806,-0.18000000715255737,9.819999694824219,0.0,0.0,0.0,1019.7566528320312,19.030000686645508,0.1973317265510559,0.03461576625704765,0,0,0.0,0.0,0.0,0,0,-0.0004272591322660446,-41.36000061035156,0.00991851557046175,-0.9638355374336243,0.0,35476,35512,2350879,35501,0,35512,STANDBY
-0.05000000074505806,-0.1899999976158142,9.829999923706055,0.0,0.0,0.0,1019.75830078125,19.030000686645508,0.18434937298297882,-0.0193894412368536,0,0,0.0,0.0,0.0,0,0,-0.0003662221133708954,-41.36000061035156,0.00991851557046175,-0.964415431022644,0.0,35576,35612,2350976,35608,0,35612,STANDBY
-0.05000000074505806,-0.18000000715255737,9.8100004196167,0.0,0.0,0.0,1019.7566528320312,19.030000686645508,0.1973317265510559,0.028319714590907097,0,0,0.0,0.0,0.0,0,0,-0.00033570360392332077,-41.36000061035156,0.010010071098804474,-0.964293360710144,0.0,35677,35712,2351071,35693,0,35712,STANDBY
-0.03999999910593033,-0.18000000715255737,9.819999694824219,0.0,0.0,0.0,1019.7566528320312,19.030000686645508,0.1973317265510559,0.018124617636203766,0,0,0.0,0.0,0.0,0,0,-0.00033570360392332077,-41.36000061035156,0.010010071098804474,-0.964476466178894,0.0,35777,35812,2351186,35808,0,35812,STANDBY
-0.05000000074505806,-0.1899999976158142,9.819999694824219,0.0,0.0,0.0,1019.7566528320312,19.030000686645508,0.1973317265510559,0.011599755845963955,0,0,0.0,0.0,0.0,0,0,-0.00033570360392332077,-41.36000061035156,0.010040589608252048,-0.963896632194519,0.0,35877,35912,2351282,35904,0,35912,STANDBY
-0.05000000074505806,-0.1899999976158142,9.8100004196167,0.0,0.0,0.0,1019.75830078125,19.030000686645508,0.18434937298297882,-0.03411968797445297,0,0,0.0,0.0,0.0,0,0,-0.00033570360392332077,-41.36000061035156,0.010193182155489922,-0.964018702507019,0.0,35977,36012,2351378,35999,0,36012,STANDBY
-0.03999999910593033,-0.18000000715255737,9.8100004196167,0.0,0.0,0.0,1019.7615356445312,19.030000686645508,0.15838468074798584,-0.1256953775882721,0,0,0.0,0.0,0.0,0,0,-0.0003662221133708954,-41.36000061035156,0.010193182155489922,-0.964384913444519,0.0,36077,36112,2351474,36096,0,36112,STANDBY
-0.05000000074505806,-0.1899999976158142,9.8100004196167,0.0,0.0,0.0,1019.7615356445312,19.030000686645508,0.15838468074798584,-0.08044504374265671,0,0,0.0,0.0,0.0,0,0,-0.00033570360392332077,-41.36000061035156,0.010132145136594772,-0.964232325553894,0.0,36177,36212,2351589,36210,0,36212,STANDBY
-0.05000000074505806,-0.1899999976158142,9.8100004196167,0.0,0.0,0.0,1019.76318359375,19.030000686645508,0.14540232717990875,-0.10341424494981766,0,0,0.0,0.0,0.0,0,0,-0.00045777764171361923,-41.36000061035156,0.010162663646042347,-0.9636524319648743,0.0,36277,36312,2351684,36306,0,36312,STANDBY
-0.03999999910593033,-0.1899999976158142,9.819999694824219,0.0,0.0,0.0,1019.76318359375,19.030000686645508,0.14540232717990875,-0.0661851167678833,0,0,0.0,0.0,0.0,0,0,-0.0005493331700563431,-41.36000061035156,0.010193182155489922,-0.9638050198554993,0.0,36377,36412,2351780,36402,0,36412,STANDBY
-0.05000000074505806,-0.1899999976158142,9.819999694824219,0.0,0.0,0.0,1019.76318359375,19.030000686645508,0.14540232717990875,-0.04235847666859627,0,0,0.0,0.0,0.0,0,0,-0.0005188146606087685,-41.36000061035156,0.010193182155489922,-0.9634082913398743,0.0,36477,36512,2351877,36498,0,36512,STANDBY
-0.05000000074505806,-0.18000000715255737,9.819999694824219,0.0,0.0,0.0,1019.7615356445312,19.030000686645508,0.15838468074798584,0.014434105716645718,0,0,0.0,0.0,0.0,0,0,-0.00045777764171361923,-41.36000061035156,0.010193182155489922,-0.963988184928894,0.0,36577,36618,2351972,36618,0,36618,STANDBY
-0.03999999910593033,-0.1899999976158142,9.819999694824219,0.0,0.0,0.0,1019.7615356445312,19.030000686645508,0.15838468074798584,0.00923782866448164,0,0,0.0,0.0,0.0,0,0,-0.0004882961511611938,-41.36000061035156,0.010132145136594772,-0.9633472561836243,0.0,36677,36718,2352088,36709,0,36718,STANDBY
-0.05000000074505806,-0.17000000178813934,9.8100004196167,0.0,0.0,0.0,1019.76318359375,19.030000686645508,0.14540232717990875,-0.035631321370601654,0,0,0.0,0.0,0.0,0,0,-0.0005188146606087685,-41.36000061035156,0.010101626627147198,-0.9638660550117493,0.0,36777,36818,2352184,36805,0,36818,STANDBY
-0.05000000074505806,-0.18000000715255737,9.819999694824219,0.0,0.0,0.0,1019.76318359375,19.030000686645508,0.14540232717990875,-0.02280404604971409,0,0,0.0,0.0,0.0,0,0,-0.00039674062281847,-41.36000061035156,0.010040589608252048,-0.9635913968086243,0.0,36877,36918,2352279,36900,0,36918,STANDBY
-0.03999999910593033,-0.1899999976158142,9.829999923706055,0.0,0.0,0.0,1019.7615356445312,19.030000686645508,0.15838468074798584,0.03733482584357262,0,0,0.0,0.0,0.0,0,0,-0.0004272591322660446,-41.36000061035156,0.010101626627147198,-0.9634693264961243,0.0,36977,37018,2352395,37016,0,37018,STANDBY
-0.03999999910593033,-0.1899999976158142,9.819999694824219,0.0,0.0,0.0,1019.7615356445312,19.030000686645508,0.15838468074798584,0.023894289508461952,0,0,0.0,0.0,0.0,0,0,-0.00045777764171361923,-41.36000061035156,0.010071108117699623,-0.9633777737617493,0.0,37078,37118,2352490,37112,0,37118,STANDBY
-0.03999999910593033,-0.18000000715255737,9.819999694824219,0.0,0.0,0.0,1019.7615356445312,19.030000686645508,0.15838468074798584,0.01529234554618597,0,0,0.0,0.0,0.0,0,0,-0.0004882961511611938,-41.36000061035156,0.010101626627147198,-0.9635303616523743,0.0,37178,37218,2352586,37208,0,37218,STANDBY
-0.05000000074505806,-0.1899999976158142,9.8100004196167,0.0,0.0,0.0,1019.7615356445312,19.030000686645508,0.15838468074798584,0.009787101298570633,0,0,0.0,0.0,0.0,0,0,-0.00045777764171361923,-41.36000061035156,0.010101626627147198,-0.963896632194519,0.0,37278,37318,2352681,37304,0,37318,STANDBY
-0.05000000074505806,-0.1899999976158142,9.819999694824219,0.0,0.0,0.0,1019.7615356445312,19.030000686645508,0.15838468074798584,0.00626374501734972,0,0,0.0,0.0,0.0,0,0,-0.0004272591322660446,-41.36000061035156,0.010193182155489922,-0.9637439846992493,0.0,37378,37419,2352778,37399,0,37419,STANDBY
-0.05000000074505806,-0.20000000298023224,9.800000190734863,0.0,0.0,0.0,1019.7615356445312,19.030000686645508,0.15838468074798584,0.004008796997368336,0,0,0.0,0.0,0.0,0,0,-0.00045777764171361923,-41.36000061035156,0.010284737683832645,-0.9636829495429993,0.0,37478,37519,2352892,37515,0,37519,STANDBY
-0.05000000074505806,-0.1899999976158142,9.8100004196167,0.0,0.0,0.0,1019.7615356445312,19.030000686645508,0.15838468074798584,0.0025656302459537983,0,0,0.0,0.0,0.0,0,0,-0.0003662221133708954,-41.36000061035156,0.010345774702727795,-0.9636219143867493,0.0,37578,37619,2352989,37610,0,37619,STANDBY
-0.05000000074505806,-0.1899999976158142,9.800000190734863,0.0,0.0,0.0,1019.760009765625,19.030000686645508,0.17136701941490173,0.043185487389564514,0,0,0.0,0.0,0.0,0,0,-0.00039674062281847,-41.36000061035156,0.010437330231070518,-0.964140772819519,0.0,37678,37719,2353085,37706,0,37719,STANDBY
-0.03999999910593033,-0.1899999976158142,9.8100004196167,0.0,0.0,0.0,1019.760009765625,19.030000686645508,0.17136701941490173,0.027638712897896767,0,0,0.0,0.0,0.0,0,0,-0.00039674062281847,-41.36000061035156,0.01037629321217537,-0.964232325553894,0.0,37778,37819,2353180,37801,0,37819,STANDBY
-0.05000000074505806,-0.18000000715255737,9.819999694824219,0.0,0.0,0.0,1019.760009765625,19.030000686645508,0.17136701941490173,0.017688777297735214,0,0,0.0,0.0,0.0,0,0,-0.0004272591322660446,-41.36000061035156,0.010284737683832645,-0.964323878288269,0.0,37878,37919,2353296,37917,0,37919,STANDBY
-0.05000000074505806,-0.18000000715255737,9.8100004196167,0.0,0.0,0.0,1019.760009765625,19.030000686645508,0.17136701941490173,0.011320817284286022,0,0,0.0,0.0,0.0,0,0,-0.00030518509447574615,-41.36000061035156,0.01031525619328022,-0.964598536491394,0.0,37978,38019,2353391,38012,0,38019,STANDBY
-0.03999999910593033,-0.1899999976158142,9.819999694824219,0.0,0.0,0.0,1019.760009765625,19.030000686645508,0.17136701941490173,0.007245323155075312,0,0,0.0,0.0,0.0,0,0,-0.0004272591322660446,-41.36000061035156,0.01025421917438507,-0.964903712272644,0.0,38078,38119,2353487,38109,0,38119,STANDBY
-0.05000000074505806,-0.18000000715255737,9.819999694824219,0.0,0.0,0.0,1019.760009765625,19.030000686645508,0.17136701941490173,0.004637007135897875,0,0,0.0,0.0,0.0,0,0,-0.00039674062281847,-41.36000061035156,0.010223700664937496,-0.964934229850769,0.0,38178,38219,2353584,38205,0,38219,STANDBY
-0.05000000074505806,-0.1899999976158142,9.8100004196167,0.0,0.0,0.0,1019.7559204101562,19.020000457763672,0.20512112975120544,0.13798412680625916,0,0,0.0,0.0,0.0,0,0,-0.00033570360392332077,-41.36000061035156,0.010101626627147198,-0.964690089225769,0.0,38278,38319,2353679,38300,0,38319,STANDBY
-0.05000000074505806,-0.1899999976158142,9.800000190734863,0.0,0.0,0.0,1019.7559204101562,19.020000457763672,0.20512112975120544,0.08830984681844711,0,0,0.0,0.0,0.0,0,0,-0.00027466658502817154,-41.36000061035156,0.010193182155489922,-0.964629054069519,0.0,38378,38419,2353795,38416,0,38419,STANDBY
-0.05000000074505806,-0.18000000715255737,9.8100004196167,0.0,0.0,0.0,1019.7559204101562,19.020000457763672,0.20512112975120544,0.05651830509305,0,0,0.0,0.0,0.0,0,0,-0.00027466658502817154,-41.36000061035156,0.010193182155489922,-0.964445948600769,0.0,38478,38519,2353890,38512,0,38519,STANDBY
-0.05000000074505806,-0.18000000715255737,9.829999923706055,0.0,0.0,0.0,1019.7576293945312,19.020000457763672,0.18954230844974518,-0.013680512085556984,0,0,0.0,0.0,0.0,0,0,-0.00027466658502817154,-41.36000061035156,0.010132145136594772,-0.964049220085144,0.0,38578,38619,2353986,38607,0,38619,STANDBY
-0.03999999910593033,-0.18000000715255737,9.8100004196167,0.0,0.0,0.0,1019.7576293945312,19.020000457763672,0.18954230844974518,-0.00875552836805582,0,0,0.0,0.0,0.0,0,0,-0.00027466658502817154,-41.36000061035156,0.010101626627147198,-0.964079737663269,0.0,38678,38719,2354081,38704,0,38719,STANDBY
-0.05000000074505806,-0.1899999976158142,9.8100004196167,0.0,0.0,0.0,1019.7592163085938,19.020000457763672,0.17655996978282928,-0.04714702069759369,0,0,0.0,0.0,0.0,0,0,-0.00027466658502817154,-41.36000061035156,0.010101626627147198,-0.963988184928894,0.0,38778,38819,2354197,38818,0,38819,STANDBY
-0.03999999910593033,-0.18000000715255737,9.819999694824219,0.0,0.0,0.0,1019.7592163085938,19.020000457763672,0.17655996978282928,-0.030174095183610916,0,0,0.0,0.0,0.0,0,0,-0.0003662221133708954,-41.36000061035156,0.010071108117699623,-0.964506983757019,0.0,38878,38919,2354292,38915,0,38919,STANDBY
-0.03999999910593033,-0.1899999976158142,9.8100004196167,0.0,0.0,0.0,1019.7568969726562,19.020000457763672,0.1973317265510559,0.04715820029377937,0,0,0.0,0.0,0.0,0,0,-0.00045777764171361923,-41.36000061035156,0.010040589608252048,-0.963927149772644,0.0,38978,39019,2354388,39010,0,39019,STANDBY
-0.03999999910593033,-0.20000000298023224,9.819999694824219,0.0,0.0,0.0,1019.7568969726562,19.020000457763672,0.1973317265510559,0.030181249603629112,0,0,0.0,0.0,0.0,0,0,-0.0004272591322660446,-41.36000061035156,0.010162663646042347,-0.964049220085144,0.0,39078,39119,2354485,39106,0,39119,STANDBY
-0.05000000074505806,-0.1899999976158142,9.8100004196167,0.0,0.0,0.0,1019.7586059570312,19.020000457763672,0.18175290524959564,-0.042999282479286194,0,0,0.0,0.0,0.0,0,0,-0.00039674062281847,-41.36000061035156,0.010223700664937496,-0.9637134671211243,0.0,39178,39219,2354580,39201,0,39219,STANDBY
-0.03999999910593033,-0.1899999976158142,9.8100004196167,0.0,0.0,0.0,1019.7545166015625,19.020000457763672,0.21550701558589935,0.10749690234661102,0,0,0.0,0.0,0.0,0,0,-0.0004272591322660446,-41.36000061035156,0.010132145136594772,-0.9635913968086243,0.0,39278,39319,2354696,39317,0,39319,STANDBY
-0.019999999552965164,-0.18000000715255737,9.819999694824219,0.0,0.0,0.0,1019.7545166015625,19.020000457763672,0.21550701558589935,0.0687980204820633,0,0,0.0,0.0,0.0,0,0,-0.0005798516795039177,-41.36000061035156,0.010071108117699623,-0.9636524319648743,0.0,39378,39419,2354791,39413,0,39419,STANDBY
-0.05000000074505806,-0.18000000715255737,9.829999923706055,0.0,0.0,0.0,1019.7578125,19.020000457763672,0.18954230844974518,-0.05982809141278267,0,0,0.0,0.0,0.0,0,0,-0.0006103701889514923,-41.36000061035156,0.010132145136594772,-0.9638050198554993,0.0,39478,39519,2354887,39508,0,39519,STANDBY
-0.03999999910593033,-0.18000000715255737,9.8100004196167,0.0,0.0,0.0,1019.7611694335938,19.020000457763672,0.16098114848136902,-0.1296856850385666,0,0,0.0,0.0,0.0,0,0,-0.0005798516795039177,-41.36000061035156,0.010071108117699623,-0.964201807975769,0.0,39578,39619,2354983,39608,0,39619,STANDBY
-0.05000000074505806,-0.18000000715255737,9.8100004196167,0.0,0.0,0.0,1019.760498046875,19.020000457763672,0.16617408394813538,-0.06638144701719284,0,0,0.0,0.0,0.0,0,0,-0.0005188146606087685,-41.36000061035156,0.010040589608252048,-0.963927149772644,0.0,39678,39719,2355079,39700,0,39719,STANDBY
-0.05000000074505806,-0.18000000715255737,9.8100004196167,0.0,0.0,0.0,1019.7637329101562,19.020000457763672,0.1402093768119812,-0.12557119131088257,0,0,0.0,0.0,0.0,0,0,-0.00045777764171361923,-41.36000061035156,0.010010071098804474,-0.963927149772644,0.0,39778,39819,2355194,39816,0,39819,STANDBY
-0.03999999910593033,-0.1899999976158142,9.8100004196167,0.0,0.0,0.0,1019.765380859375,19.020000457763672,0.1272270381450653,-0.12190904468297958,0,0,0.0,0.0,0.0,0,0,-0.0004882961511611938,-41.36000061035156,0.010010071098804474,-0.9637134671211243,0.0,39878,39919,2355290,39911,0,39919,STANDBY
-0.03999999910593033,-0.1899999976158142,9.819999694824219,0.0,0.0,0.0,1019.7670288085938,19.020000457763672,0.11424468457698822,-0.11956532299518585,0,0,0.0,0.0,0.0,0,0,-0.0004882961511611938,-41.36000061035156,0.010101626627147198,-0.964018702507019,0.0,39979,40019,2355386,40007,0,40019,STANDBY
-0.03999999910593033,-0.1899999976158142,9.819999694824219,0.0,0.0,0.0,1019.7664184570312,19.010000228881836,0.11943762004375458,-0.04536417871713638,0,0,0.0,0.0,0.0,0,0,-0.0005798516795039177,-41.36000061035156,0.010101626627147198,-0.9636524319648743,0.0,40079,40119,2355481,40103,0,40119,STANDBY
-0.03999999910593033,-0.18000000715255737,9.819999694824219,0.0,0.0,0.0,1019.7695922851562,19.010000228881836,0.093472920358181,-0.13289186358451843,0,0,0.0,0.0,0.0,0,0,-0.0005798516795039177,-41.36000061035156,0.010071108117699623,-0.9636524319648743,0.0,40179,40219,2355597,40218,0,40219,STANDBY
-0.03999999910593033,-0.18000000715255737,9.8100004196167,0.0,0.0,0.0,1019.7695922851562,19.010000228881836,0.093472920358181,-0.0850507915019989,0,0,0.0,0.0,0.0,0,0,-0.0006103701889514923,-41.36000061035156,0.010071108117699623,-0.9636219143867493,0.0,40279,40320,2355692,40314,0,40320,STANDBY
-0.05000000074505806,-0.18000000715255737,9.819999694824219,0.0,0.0,0.0,1019.771240234375,19.010000228881836,0.08049057424068451,-0.10636189579963684,0,0,0.0,0.0,0.0,0,0,-0.0006103701889514923,-41.36000061035156,0.010071108117699623,-0.9635608792304993,0.0,40379,40420,2355788,40411,0,40420,STANDBY
-0.05000000074505806,-0.1899999976158142,9.819999694824219,0.0,0.0,0.0,1019.7695922851562,19.010000228881836,0.093472920358181,-0.016142234206199646,0,0,0.0,0.0,0.0,0,0,-0.0005493331700563431,-41.36000061035156,0.010132145136594772,-0.9634082913398743,0.0,40479,40520,2355885,40506,0,40520,STANDBY
-0.05000000074505806,-0.18000000715255737,9.829999923706055,0.0,0.0,0.0,1019.771240234375,19.010000228881836,0.08049057424068451,-0.06226041540503502,0,0,0.0,0.0,0.0,0,0,-0.0004882961511611938,-41.36000061035156,0.010162663646042347,-0.9632557034492493,0.0,40579,40620,2355981,40605,0,40620,STANDBY
-0.03999999910593033,-0.1899999976158142,9.8100004196167,0.0,0.0,0.0,1019.7695922851562,19.010000228881836,0.093472920358181,0.0016968399286270142,0,0,0.0,0.0,0.0,0,0,-0.0004272591322660446,-41.36000061035156,0.010193182155489922,-0.9638050198554993,0.0,40679,40720,2356096,40717,0,40720,STANDBY
-0.05000000074505806,-0.18000000715255737,9.8100004196167,0.0,0.0,0.0,1019.771240234375,19.010000228881836,0.08049057424068451,-0.040457528084516525,0,0,0.0,0.0,0.0,0,0,-0.00039674062281847,-41.36000061035156,0.010223700664937496,-0.964018702507019,0.0,40779,40820,2356192,40813,0,40820,STANDBY
-0.03999999910593033,-0.17000000178813934,9.819999694824219,0.0,0.0,0.0,1019.771240234375,19.010000228881836,0.08049057424068451,-0.025892818346619606,0,0,0.0,0.0,0.0,0,0,-0.0004882961511611938,-41.36000061035156,0.010223700664937496,-0.964110255241394,0.0,40879,40920,2356287,40908,0,40920,STANDBY
-0.05000000074505806,-0.17000000178813934,9.800000190734863,0.0,0.0,0.0,1019.771240234375,19.010000228881836,0.08049057424068451,-0.0165714044123888,0,0,0.0,0.0,0.0,0,0,-0.00039674062281847,-41.36000061035156,0.010101626627147198,-0.963988184928894,0.0,40979,41020,2356383,41005,0,41020,STANDBY
-0.05000000074505806,-0.18000000715255737,9.819999694824219,0.0,0.0,0.0,1019.77294921875,19.010000228881836,0.06491175293922424,-0.060457926243543625,0,0,0.0,0.0,0.0,0,0,-0.0003662221133708954,-41.36000061035156,0.010040589608252048,-0.964110255241394,0.0,41079,41120,2356498,41119,0,41120,STANDBY
-0.05000000074505806,-0.1899999976158142,9.8100004196167,0.0,0.0,0.0,1019.77294921875,19.010000228881836,0.06491175293922424,-0.03869307413697243,0,0,0.0,0.0,0.0,0,0,-0.00030518509447574615,-41.36000061035156,0.010132145136594772,-0.964354395866394,0.0,41179,41220,2356594,41216,0,41220,STANDBY
-0.03999999910593033,-0.1899999976158142,9.8100004196167,0.0,0.0,0.0,1019.7689208984375,19.010000228881836,0.09866586327552795,0.11025287210941315,0,0,0.0,0.0,0.0,0,0,-0.0004882961511611938,-41.36000061035156,0.010223700664937496,-0.964354395866394,0.0,41279,41320,2356690,41312,0,41320,STANDBY
-0.03999999910593033,-0.1899999976158142,9.8100004196167,0.0,0.0,0.0,1019.767333984375,19.010000228881836,0.11164820939302444,0.12249122560024261,0,0,0.0,0.0,0.0,0,0,-0.0005188146606087685,-41.36000061035156,0.010132145136594772,-0.963988184928894,0.0,41379,41420,2356786,41407,0,41420,STANDBY
-0.05000000074505806,-0.18000000715255737,9.819999694824219,0.0,0.0,0.0,1019.7689208984375,19.010000228881836,0.09866586327552795,0.026464998722076416,0,0,0.0,0.0,0.0,0,0,-0.0004882961511611938,-41.36000061035156,0.010132145136594772,-0.964171290397644,0.0,41480,41520,2356881,41503,0,41520,STANDBY
-0.03999999910593033,-0.18000000715255737,9.829999923706055,0.0,0.0,0.0,1019.77294921875,19.010000228881836,0.06491175293922424,-0.11807884275913239,0,0,0.0,0.0,0.0,0,0,-0.0004882961511611938,-41.36000061035156,0.010071108117699623,-0.964079737663269,0.0,41580,41620,2356997,41618,0,41620,STANDBY
-0.03999999910593033,-0.18000000715255737,9.819999694824219,0.0,0.0,0.0,1019.7706298828125,19.010000228881836,0.08568350970745087,-0.00910083670169115,0,0,0.0,0.0,0.0,0,0,-0.0005493331700563431,-41.36000061035156,0.009949034079909325,-0.964018702507019,0.0,41680,41720,2357092,41713,0,41720,STANDBY
-0.03999999910593033,-0.18000000715255737,9.819999694824219,0.0,0.0,0.0,1019.7722778320312,19.010000228881836,0.07270116358995438,-0.04736804589629173,0,0,0.0,0.0,0.0,0,0,-0.0004882961511611938,-41.36000061035156,0.009826960042119026,-0.964018702507019,0.0,41780,41820,2357188,41809,0,41820,STANDBY
-0.05000000074505806,-0.18000000715255737,9.8100004196167,0.0,0.0,0.0,1019.77392578125,19.010000228881836,0.05712234228849411,-0.08016778528690338,0,0,0.0,0.0,0.0,0,0,-0.00039674062281847,-41.36000061035156,0.00991851557046175,-0.9636829495429993,0.0,41880,41920,2357284,41906,0,41920,STANDBY
-0.05000000074505806,-0.18000000715255737,9.8100004196167,0.0,0.0,0.0,1019.7754516601562,19.010000228881836,0.04413999244570732,-0.09285090118646622,0,0,0.0,0.0,0.0,0,0,-0.0003662221133708954,-41.36000061035156,0.009887997061014175,-0.9635913968086243,0.0,41980,42020,2357380,42001,0,42020,STANDBY
-0.03999999910593033,-0.18000000715255737,9.819999694824219,0.0,0.0,0.0,1019.7754516601562,19.010000228881836,0.04413999244570732,-0.05942457914352417,0,0,0.0,0.0,0.0,0,0,-0.00033570360392332077,-41.36000061035156,0.009949034079909325,-0.964262843132019,0.0,42080,42120,2357495,42117,0,42120,STANDBY
-0.03999999910593033,-0.18000000715255737,9.8100004196167,0.0,0.0,0.0,1019.773193359375,19.010000228881836,0.06491175293922424,0.0284379031509161,0,0,0.0,0.0,0.0,0,0,-0.00039674062281847,-41.36000061035156,0.010040589608252048,-0.964140772819519,0.0,42180,42220,2357592,42213,0,42220,STANDBY
-0.05000000074505806,-0.1899999976158142,9.819999694824219,0.0,0.0,0.0,1019.7715454101562,19.010000228881836,0.07789409905672073,0.0701296478509903,0,0,0.0,0.0,0.0,0,0,-0.0004272591322660446,-41.36000061035156,0.010071108117699623,-0.9638660550117493,0.0,42280,42320,2357687,42308,0,42320,STANDBY
-0.03999999910593033,-0.1899999976158142,9.8100004196167,0.0,0.0,0.0,1019.7748413085938,19.010000228881836,0.04933293163776398,-0.06936168670654297,0,0,0.0,0.0,0.0,0,0,-0.0005188146606087685,-41.36000061035156,0.010132145136594772,-0.9637745022773743,0.0,42380,42420,2357783,42404,0,42420,STANDBY
-0.05000000074505806,-0.18000000715255737,9.819999694824219,0.0,0.0,0.0,1019.7748413085938,19.010000228881836,0.04933293163776398,-0.04439147934317589,0,0,0.0,0.0,0.0,0,0,-0.0005493331700563431,-41.36000061035156,0.010132145136594772,-0.9635913968086243,0.0,42480,42520,2357898,42519,0,42520,STANDBY
-0.03999999910593033,-0.18000000715255737,9.819999694824219,0.0,0.0,0.0,1019.7744750976562,19.010000228881836,0.051929399371147156,-0.01802467741072178,0,0,0.0,0.0,0.0,0,0,-0.0005188146606087685,-41.36000061035156,0.010040589608252048,-0.9635303616523743,0.0,42580,42620,2357993,42615,0,42620,STANDBY
-0.05000000074505806,-0.18000000715255737,9.819999694824219,0.0,0.0,0.0,1019.7728271484375,19.010000228881836,0.06750822067260742,0.03831643611192703,0,0,0.0,0.0,0.0,0,0,-0.0005798516795039177,-41.36000061035156,0.010071108117699623,-0.9634388089179993,0.0,42680,42720,2358089,42711,0,42720,STANDBY
-0.03999999910593033,-0.18000000715255737,9.819999694824219,0.0,0.0,0.0,1019.7744750976562,19.010000228881836,0.051929399371147156,-0.02532970905303955,0,0,0.0,0.0,0.0,0,0,-0.0005798516795039177,-41.36000061035156,0.010010071098804474,-0.9633777737617493,0.0,42780,42820,2358185,42807,0,42820,STANDBY
-0.029999999329447746,-0.18000000715255737,9.8100004196167,0.0,0.0,0.0,1019.7744750976562,19.010000228881836,0.051929399371147156,-0.01621101424098015,0,0,0.0,0.0,0.0,0,0,-0.0006408886983990669,-41.36000061035156,0.009949034079909325,-0.9634388089179993,0.0,42880,42920,2358281,42903,0,42920,STANDBY
-0.05000000074505806,-0.18000000715255737,9.829999923706055,0.0,0.0,0.0,1019.7744750976562,19.010000228881836,0.051929399371147156,-0.010375048965215683,0,0,0.0,0.0,0.0,0,0,-0.0006408886983990669,-41.36000061035156,0.0098574785515666,-0.9631031155586243,0.0,42980,43020,2358396,43018,0,43020,STANDBY
-0.05000000074505806,-0.18000000715255737,9.819999694824219,0.0,0.0,0.0,1019.7744750976562,19.010000228881836,0.051929399371147156,-0.0066400314681231976,0,0,0.0,0.0,0.0,0,0,-0.0005493331700563431,-41.36000061035156,0.0098574785515666,-0.9631641507148743,0.0,43080,43120,2358493,43114,0,43120,STANDBY
-0.05000000074505806,-0.18000000715255737,9.8100004196167,0.0,0.0,0.0,1019.7744750976562,19.010000228881836,0.051929399371147156,-0.004249620251357555,0,0,0.0,0.0,0.0,0,0,-0.0005493331700563431,-41.36000061035156,0.0098574785515666,-0.9632862210273743,0.0,43180,43220,2358588,43209,0,43220,STANDBY
-0.03999999910593033,-0.18000000715255737,9.819999694824219,0.0,0.0,0.0,1019.7744750976562,19.010000228881836,0.051929399371147156,-0.0027197569143027067,0,0,0.0,0.0,0.0,0,0,-0.0006103701889514923,-41.36000061035156,0.009796441532671452,-0.9631336331367493,0.0,43280,43320,2358684,43305,0,43320,STANDBY
-0.05000000074505806,-0.18000000715255737,9.819999694824219,0.0,0.0,0.0,1019.776123046875,19.010000228881836,0.03894704952836037,-0.053670041263103485,0,0,0.0,0.0,0.0,0,0,-0.0004272591322660446,-41.36000061035156,0.009887997061014175,-0.9634082913398743,0.0,43380,43420,2358780,43402,0,43420,STANDBY
-0.03999999910593033,-0.17000000178813934,9.8100004196167,0.0,0.0,0.0,1019.7777099609375,19.010000228881836,0.025964699685573578,-0.08627822250127792,0,0,0.0,0.0,0.0,0,0,-0.00039674062281847,-41.36000061035156,0.009826960042119026,-0.9636829495429993,0.0,43480,43520,2358895,43516,0,43520,STANDBY
-0.05000000074505806,-0.1899999976158142,9.829999923706055,0.0,0.0,0.0,1019.7777099609375,19.010000228881836,0.025964699685573578,-0.05521806702017784,0,0,0.0,0.0,0.0,0,0,-0.0004272591322660446,-41.36000061035156,0.009826960042119026,-0.9638355374336243,0.0,43580,43620,2358991,43613,0,43620,STANDBY
-0.03999999910593033,-0.18000000715255737,9.819999694824219,0.0,0.0,0.0,1019.7777099609375,19.010000228881836,0.025964699685573578,-0.035339564085006714,0,0,0.0,0.0,0.0,0,0,-0.0004882961511611938,-41.36000061035156,0.0098574785515666,-0.963896632194519,0.0,43680,43720,2359087,43708,0,43720,STANDBY
-0.05000000074505806,-0.1899999976158142,9.819999694824219,0.0,0.0,0.0,1019.7777099609375,19.010000228881836,0.025964699685573578,-0.022617321461439133,0,0,0.0,0.0,0.0,0,0,-0.0004882961511611938,-41.36000061035156,0.009887997061014175,-0.9637134671211243,0.0,43780,43820,2359183,43804,0,43820,STANDBY
-0.03999999910593033,-0.18000000715255737,9.8100004196167,0.0,0.0,0.0,1019.7793579101562,19.010000228881836,0.012982349842786789,-0.05601860210299492,0,0,0.0,0.0,0.0,0,0,-0.0004882961511611938,-41.36000061035156,0.010040589608252048,-0.964629054069519,0.0,43880,43920,2359298,43920,0,43920,STANDBY
-0.03999999910593033,-0.1899999976158142,9.819999694824219,0.0,0.0,0.0,1019.7777099609375,19.010000228881836,0.025964699685573578,0.005691611673682928,0,0,0.0,0.0,0.0,0,0,-0.0005188146606087685,-41.36000061035156,0.010040589608252048,-0.964568018913269,0.0,43980,44020,2359394,44015,0,44020,STANDBY
-0.03999999910593033,-0.1899999976158142,9.819999694824219,0.0,0.0,0.0,1019.7777099609375,19.010000228881836,0.025964699685573578,0.003642631694674492,0,0,0.0,0.0,0.0,0,0,-0.0004882961511611938,-41.36000061035156,0.0099795525893569,-0.963927149772644,0.0,44080,44120,2359489,44111,0,44120,STANDBY
-0.03999999910593033,-0.18000000715255737,9.819999694824219,0.0,0.0,0.0,1019.7744750976562,19.010000228881836,0.051929399371147156,0.09580419957637787,0,0,0.0,0.0,0.0,0,0,-0.00045777764171361923,-41.36000061035156,0.009949034079909325,-0.9637439846992493,0.0,44180,44220,2359585,44207,0,44220,STANDBY
-0.05000000074505806,-0.1899999976158142,9.8100004196167,0.0,0.0,0.0,1019.7781372070312,19.010000228881836,0.02336823008954525,-0.05292998626828194,0,0,0.0,0.0,0.0,0,0,-0.0004882961511611938,-41.36000061035156,0.010010071098804474,-0.9637134671211243,0.0,44280,44320,2359682,44303,0,44320,STANDBY
-0.05000000074505806,-0.17000000178813934,9.819999694824219,0.0,0.0,0.0,1019.7781372070312,19.010000228881836,0.02336823008954525,-0.03387519344687462,0,0,0.0,0.0,0.0,0,0,-0.0003662221133708954,-41.36000061035156,0.0099795525893569,-0.9631336331367493,0.0,44381,44420,2359796,44418,0,44420,STANDBY
-0.03999999910593033,-0.18000000715255737,9.819999694824219,0.0,0.0,0.0,1019.7748413085938,19.010000228881836,0.04933293163776398,0.08217868208885193,0,0,0.0,0.0,0.0,0,0,-0.00030518509447574615,-41.36000061035156,0.010040589608252048,-0.9633167386054993,0.0,44481,44520,2359892,44514,0,44520,STANDBY
-0.05000000074505806,-0.1899999976158142,9.8100004196167,0.0,0.0,0.0,1019.7748413085938,19.010000228881836,0.04933293163776398,0.05259435996413231,0,0,0.0,0.0,0.0,0,0,-0.00027466658502817154,-41.36000061035156,0.010071108117699623,-0.9637439846992493,0.0,44581,44620,2359988,44610,0,44620,STANDBY
-0.03999999910593033,-0.1899999976158142,9.819999694824219,0.0,0.0,0.0,1019.773193359375,19.010000228881836,0.06491175293922424,0.09597568213939667,0,0,0.0,0.0,0.0,0,0,-0.00030518509447574615,-41.36000061035156,0.010040589608252048,-0.9636219143867493,0.0,44681,44720,2360084,44706,0,44720,STANDBY
-0.05000000074505806,-0.1899999976158142,9.819999694824219,0.0,0.0,0.0,1019.773193359375,19.010000228881836,0.06491175293922424,0.06142444163560867,0,0,0.0,0.0,0.0,0,0,-0.0002441480755805969,-41.36000061035156,0.010101626627147198,-0.964049220085144,0.0,44781,44820,2360180,44802,0,44820,STANDBY
-0.05000000074505806,-0.1899999976158142,9.8100004196167,0.0,0.0,0.0,1019.7715454101562,19.010000228881836,0.07789409905672073,0.08085515350103378,0,0,0.0,0.0,0.0,0,0,-0.0002441480755805969,-41.36000061035156,0.010193182155489922,-0.964293360710144,0.0,44881,44920,2360295,44916,0,44920,STANDBY
-0.05000000074505806,-0.1899999976158142,9.8100004196167,0.0,0.0,0.0,1019.7715454101562,19.010000228881836,0.07789409905672073,0.05174729973077774,0,0,0.0,0.0,0.0,0,0,-0.00033570360392332077,-41.36000061035156,0.010223700664937496,-0.963896632194519,0.0,44981,45020,2360391,45012,0,45020,STANDBY
-0.03999999910593033,-0.18000000715255737,9.819999694824219,0.0,0.0,0.0,1019.773193359375,19.010000228881836,0.06491175293922424,-0.008425235748291016,0,0,0.0,0.0,0.0,0,0,-0.00033570360392332077,-41.36000061035156,0.010193182155489922,-0.964323878288269,0.0,45081,45120,2360487,45109,0,45120,STANDBY
-0.03999999910593033,-0.1899999976158142,9.8100004196167,0.0,0.0,0.0,1019.7715454101562,19.010000228881836,0.07789409905672073,0.03615135699510574,0,0,0.0,0.0,0.0,0,0,-0.00045777764171361923,-41.36000061035156,0.010132145136594772,-0.963896632194519,0.0,45181,45220,2360583,45204,0,45220,STANDBY
-0.05000000074505806,-0.18000000715255737,9.8100004196167,0.0,0.0,0.0,1019.7715454101562,19.010000228881836,0.07789409905672073,0.023136869072914124,0,0,0.0,0.0,0.0,0,0,-0.0004272591322660446,-41.36000061035156,0.010132145136594772,-0.964018702507019,0.0,45281,45320,2360679,45300,0,45320,STANDBY
-0.03999999910593033,-0.17000000178813934,9.8100004196167,0.0,0.0,0.0,1019.7698974609375,19.010000228881836,0.09087645262479782,0.06673701107501984,0,0,0.0,0.0,0.0,0,0,-0.0004882961511611938,-41.36000061035156,0.0099795525893569,-0.9635303616523743,0.0,45381,45420,2360794,45415,0,45420,STANDBY
-0.03999999910593033,-0.18000000715255737,9.819999694824219,0.0,0.0,0.0,1019.768310546875,19.010000228881836,0.10385879874229431,0.0946410745382309,0,0,0.0,0.0,0.0,0,0,-0.0004882961511611938,-41.36000061035156,0.009949034079909325,-0.9636219143867493,0.0,45481,45520,2360890,45511,0,45520,STANDBY
-0.03999999910593033,-0.18000000715255737,9.829999923706055,0.0,0.0,0.0,1019.7665405273438,19.010000228881836,0.1168411523103714,0.11249969899654388,0,0,0.0,0.0,0.0,0,0,-0.0004882961511611938,-41.36000061035156,0.009949034079909325,-0.9632557034492493,0.0,45581,45620,2360985,45607,0,45620,STANDBY
-0.05000000074505806,-0.18000000715255737,9.8100004196167,0.0,0.0,0.0,1019.7650146484375,19.010000228881836,0.1298235058784485,0.1239292249083519,0,0,0.0,0.0,0.0,0,0,-0.0004272591322660446,-41.36000061035156,0.009949034079909325,-0.9627979397773743,0.0,45681,45720,2361081,45703,0,45720,STANDBY
-0.03999999910593033,-0.18000000715255737,9.819999694824219,0.0,0.0,0.0,1019.7650146484375,19.010000228881836,0.1298235058784485,0.0793147012591362,0,0,0.0,0.0,0.0,0,0,-0.00045777764171361923,-41.36000061035156,0.0099795525893569,-0.9629505276679993,0.0,45782,45820,2361196,45817,0,45820,STANDBY
-0.03999999910593033,-0.18000000715255737,9.829999923706055,0.0,0.0,0.0,1019.7633056640625,19.010000228881836,0.14280585944652557,0.09230493754148483,0,0,0.0,0.0,0.0,0,0,-0.0004272591322660446,-41.36000061035156,0.009949034079909325,-0.9632251858711243,0.0,45882,45920,2361292,45914,0,45920,STANDBY
-0.05000000074505806,-0.1899999976158142,9.819999694824219,0.0,0.0,0.0,1019.7633056640625,19.010000228881836,0.14280585944652557,0.05907515808939934,0,0,0.0,0.0,0.0,0,0,-0.00039674062281847,-41.36000061035156,0.010101626627147198,-0.9635913968086243,0.0,45982,46020,2361388,46009,0,46020,STANDBY
-0.03999999910593033,-0.1899999976158142,9.8100004196167,0.0,0.0,0.0,1019.76171875,19.010000228881836,0.15578819811344147,0.07935158908367157,0,0,0.0,0.0,0.0,0,0,-0.00039674062281847,-41.36000061035156,0.010223700664937496,-0.9638660550117493,0.0,46082,46120,2361484,46105,0,46120,STANDBY
-0.03999999910593033,-0.1899999976158142,9.8100004196167,0.0,0.0,0.0,1019.7584228515625,19.010000228881836,0.18434937298297882,0.15256667137145996,0,0,0.0,0.0,0.0,0,0,-0.00039674062281847,-41.36000061035156,0.010223700664937496,-0.963927149772644,0.0,46182,46220,2361580,46201,0,46220,STANDBY
-0.05000000074505806,-0.18000000715255737,9.8100004196167,0.0,0.0,0.0,1019.7640380859375,19.010000228881836,0.13761290907859802,-0.0643770694732666,0,0,0.0,0.0,0.0,0,0,-0.00033570360392332077,-41.36000061035156,0.010162663646042347,-0.9638660550117493,0.0,46282,46320,2361695,46316,0,46320,STANDBY
-0.03999999910593033,-0.1899999976158142,9.800000190734863,0.0,0.0,0.0,1019.7623291015625,19.010000228881836,0.1531917303800583,0.021113958209753036,0,0,0.0,0.0,0.0,0,0,-0.00030518509447574615,-41.36000061035156,0.010193182155489922,-0.964262843132019,0.0,46382,46420,2361791,46412,0,46420,STANDBY
-0.05000000074505806,-0.20000000298023224,9.8100004196167,0.0,0.0,0.0,1019.7623291015625,19.010000228881836,0.1531917303800583,0.013512933626770973,0,0,0.0,0.0,0.0,0,0,-0.00033570360392332077,-41.36000061035156,0.01031525619328022,-0.964232325553894,0.0,46482,46520,2361887,46509,0,46520,STANDBY
-0.03999999910593033,-0.17000000178813934,9.8100004196167,0.0,0.0,0.0,1019.7640380859375,19.010000228881836,0.13761290907859802,-0.05366700887680054,0,0,0.0,0.0,0.0,0,0,-0.00033570360392332077,-41.36000061035156,0.010284737683832645,-0.964476466178894,0.0,46582,46620,2361982,46610,0,46620,STANDBY
-0.05000000074505806,-0.18000000715255737,9.819999694824219,0.0,0.0,0.0,1019.7640380859375,19.010000228881836,0.13761290907859802,-0.034346889704465866,0,0,0.0,0.0,0.0,0,0,-0.00027466658502817154,-41.36000061035156,0.01031525619328022,-0.964659571647644,0.0,46682,46720,2362079,46700,0,46720,STANDBY
-0.05000000074505806,-0.1899999976158142,9.819999694824219,0.0,0.0,0.0,1019.765625,19.010000228881836,0.12463056296110153,-0.06352552026510239,0,0,0.0,0.0,0.0,0,0,-0.0002441480755805969,-41.36000061035156,0.010406811721622944,-0.965239405632019,0.0,46782,46820,2362193,46815,0,46820,STANDBY
-0.05000000074505806,-0.18000000715255737,9.819999694824219,0.0,0.0,0.0,1019.765625,19.010000228881836,0.12463056296110153,-0.04065633565187454,0,0,0.0,0.0,0.0,0,0,-0.0001831110566854477,-41.36000061035156,0.010223700664937496,-0.964842677116394,0.0,46882,46920,2362289,46911,0,46920,STANDBY
-0.05000000074505806,-0.17000000178813934,9.8100004196167,0.0,0.0,0.0,1019.76171875,19.010000228881836,0.15578819811344147,0.07368437200784683,0,0,0.0,0.0,0.0,0,0,-0.0002136295661330223,-41.36000061035156,0.010132145136594772,-0.964506983757019,0.0,46982,47020,2362385,47006,0,47020,STANDBY
-0.029999999329447746,-0.1899999976158142,9.819999694824219,0.0,0.0,0.0,1019.765625,19.010000228881836,0.12463056296110153,-0.0525464303791523,0,0,0.0,0.0,0.0,0,0,-0.0003662221133708954,-41.36000061035156,0.010071108117699623,-0.9637134671211243,0.0,47082,47120,2362481,47102,0,47120,STANDBY
-0.05000000074505806,-0.18000000715255737,9.819999694824219,0.0,0.0,0.0,1019.76171875,19.010000228881836,0.15578819811344147,0.06607471406459808,0,0,0.0,0.0,0.0,0,0,-0.0003662221133708954,-41.36000061035156,0.010101626627147198,-0.9634388089179993,0.0,47182,47220,2362596,47217,0,47220,STANDBY
-0.05000000074505806,-0.18000000715255737,9.819999694824219,0.0,0.0,0.0,1019.7633056640625,19.010000228881836,0.14280585944652557,0.0007443338981829584,0,0,0.0,0.0,0.0,0,0,-0.00030518509447574615,-41.36000061035156,0.010162663646042347,-0.9637745022773743,0.0,47282,47320,2362692,47313,0,47320,STANDBY
-0.05000000074505806,-0.1899999976158142,9.8100004196167,0.0,0.0,0.0,1019.7633056640625,19.010000228881836,0.14280585944652557,0.0004763736797031015,0,0,0.0,0.0,0.0,0,0,-0.0002441480755805969,-41.36000061035156,0.01025421917438507,-0.9636524319648743,0.0,47382,47420,2362787,47409,0,47420,STANDBY
-0.05000000074505806,-0.1899999976158142,9.8100004196167,0.0,0.0,0.0,1019.7650146484375,19.010000228881836,0.1298235058784485,-0.05162453651428223,0,0,0.0,0.0,0.0,0,0,-0.0002441480755805969,-41.36000061035156,0.010345774702727795,-0.963988184928894,0.0,47482,47520,2362884,47505,0,47520,STANDBY
-0.03999999910593033,-0.20000000298023224,9.819999694824219,0.0,0.0,0.0,1019.7650146484375,19.010000228881836,0.1298235058784485,-0.03303970396518707,0,0,0.0,0.0,0.0,0,0,-0.00033570360392332077,-41.36000061035156,0.010345774702727795,-0.9638050198554993,0.0,47582,47620,2362979,47606,0,47620,STANDBY
-0.03999999910593033,-0.1899999976158142,9.8100004196167,0.0,0.0,0.0,1019.7650146484375,19.010000228881836,0.1298235058784485,-0.02114541083574295,0,0,0.0,0.0,0.0,0,0,-0.0004882961511611938,-41.36000061035156,0.010467848740518093,-0.964506983757019,0.0,47682,47720,2363094,47716,0,47720,STANDBY
-0.05000000074505806,-0.18000000715255737,9.819999694824219,0.0,0.0,0.0,1019.7650146484375,19.010000228881836,0.1298235058784485,-0.013533063232898712,0,0,0.0,0.0,0.0,0,0,-0.0003662221133708954,-41.36000061035156,0.01037629321217537,-0.963957667350769,0.0,47782,47820,2363190,47811,0,47820,STANDBY
-0.03999999910593033,-0.18000000715255737,9.8100004196167,0.0,0.0,0.0,1019.7650146484375,19.010000228881836,0.1298235058784485,-0.008661161176860332,0,0,0.0,0.0,0.0,0,0,-0.0003662221133708954,-41.36000061035156,0.01031525619328022,-0.963988184928894,0.0,47882,47920,2363286,47907,0,47920,STANDBY
-0.03999999910593033,-0.18000000715255737,9.819999694824219,0.0,0.0,0.0,1019.7650146484375,19.010000228881836,0.1298235058784485,-0.00554314348846674,0,0,0.0,0.0,0.0,0,0,-0.0003662221133708954,-41.36000061035156,0.010223700664937496,-0.9636219143867493,0.0,47982,48020,2363381,48003,0,48020,STANDBY
-0.05000000074505806,-0.18000000715255737,9.819999694824219,0.0,0.0,0.0,1019.7650146484375,19.010000228881836,0.1298235058784485,-0.003547611879184842,0,0,0.0,0.0,0.0,0,0,-0.0004882961511611938,-41.36000061035156,0.010223700664937496,-0.963988184928894,0.0,48082,48120,2363497,48118,0,48120,STANDBY
-0.03999999910593033,-0.18000000715255737,9.8100004196167,0.0,0.0,0.0,1019.7633056640625,19.010000228881836,0.14280585944652557,0.039273060858249664,0,0,0.0,0.0,0.0,0,0,-0.0004882961511611938,-41.36000061035156,0.010223700664937496,-0.964598536491394,0.0,48182,48220,2363592,48214,0,48220,STANDBY
-0.05000000074505806,-0.18000000715255737,9.819999694824219,0.0,0.0,0.0,1019.76171875,19.010000228881836,0.15578819811344147,0.07706411182880402,0,0,0.0,0.0,0.0,0,0,-0.00045777764171361923,-41.36000061035156,0.010162663646042347,-0.964598536491394,0.0,48282,48320,2363688,48310,0,48320,STANDBY
-0.03999999910593033,-0.20000000298023224,9.819999694824219,0.0,0.0,0.0,1019.7633056640625,19.010000228881836,0.14280585944652557,-0.0026083216071128845,0,0,0.0,0.0,0.0,0,0,-0.0005188146606087685,-41.36000061035156,0.01025421917438507,-0.964720606803894,0.0,48382,48420,2363784,48406,0,48420,STANDBY
-0.03999999910593033,-0.18000000715255737,9.8100004196167,0.0,0.0,0.0,1019.7633056640625,19.010000228881836,0.14280585944652557,-0.001669325865805149,0,0,0.0,0.0,0.0,0,0,-0.0005493331700563431,-41.36000061035156,0.010223700664937496,-0.964354395866394,0.0,48482,48520,2363880,48501,0,48520,STANDBY
-0.05000000074505806,-0.18000000715255737,9.8100004196167,0.0,0.0,0.0,1019.7633056640625,19.010000228881836,0.14280585944652557,-0.0010683685541152954,0,0,0.0,0.0,0.0,0,0,-0.0005188146606087685,-41.36000061035156,0.010193182155489922,-0.964384913444519,0.0,48582,48620,2363995,48616,0,48620,STANDBY
-0.05000000074505806,-0.18000000715255737,9.819999694824219,0.0,0.0,0.0,1019.7633056640625,19.010000228881836,0.14280585944652557,-0.0006837559049017727,0,0,0.0,0.0,0.0,0,0,-0.0005188146606087685,-41.36000061035156,0.010162663646042347,-0.964049220085144,0.0,48683,48720,2364091,48712,0,48720,STANDBY
-0.05000000074505806,-0.1899999976158142,9.800000190734863,0.0,0.0,0.0,1019.7633056640625,19.010000228881836,0.14280585944652557,-0.00043760379776358604,0,0,0.0,0.0,0.0,0,0,-0.0004882961511611938,-41.36000061035156,0.01025421917438507,-0.963957667350769,0.0,48783,48820,2364187,48808,0,48820,STANDBY
-0.05000000074505806,-0.18000000715255737,9.819999694824219,0.0,0.0,0.0,1019.76171875,19.010000228881836,0.15578819811344147,0.04126341640949249,0,0,0.0,0.0,0.0,0,0,-0.0004882961511611938,-41.36000061035156,0.010223700664937496,-0.964171290397644,0.0,48883,48920,2364282,48904,0,48920,STANDBY
-0.05000000074505806,-0.1899999976158142,9.819999694824219,0.0,0.0,0.0,1019.7579956054688,19.010000228881836,0.186945840716362,0.12611304223537445,0,0,0.0,0.0,0.0,0,0,-0.0005188146606087685,-41.36000061035156,0.01025421917438507,-0.963896632194519,0.0,48983,49020,2364398,49019,0,49020,STANDBY
-0.05000000074505806,-0.18000000715255737,9.8100004196167,0.0,0.0,0.0,1019.7633056640625,19.010000228881836,0.14280585944652557,-0.06053559109568596,0,0,0.0,0.0,0.0,0,0,-0.0003662221133708954,-41.36000061035156,0.010162663646042347,-0.9638355374336243,0.0,49083,49120,2364493,49115,0,49120,STANDBY
-0.03999999910593033,-0.1899999976158142,9.8100004196167,0.0,0.0,0.0,1019.7633056640625,19.010000228881836,0.14280585944652557,-0.038742776960134506,0,0,0.0,0.0,0.0,0,0,-0.00039674062281847,-41.36000061035156,0.010162663646042347,-0.9637134671211243,0.0,49183,49220,2364590,49211,0,49220,STANDBY
-0.05000000074505806,-0.18000000715255737,9.8100004196167,0.0,0.0,0.0,1019.7633056640625,19.010000228881836,0.14280585944652557,-0.024795377627015114,0,0,0.0,0.0,0.0,0,0,-0.00039674062281847,-41.36000061035156,0.010193182155489922,-0.9638660550117493,0.0,49283,49320,2364686,49307,0,49320,STANDBY
-0.05000000074505806,-0.17000000178813934,9.819999694824219,0.0,0.0,0.0,1019.7665405273438,19.010000228881836,0.1168411523103714,-0.11972787231206894,0,0,0.0,0.0,0.0,0,0,-0.0003662221133708954,-41.36000061035156,0.010101626627147198,-0.9633167386054993,0.0,49383,49420,2364781,49402,0,49420,STANDBY
-0.03999999910593033,-0.1899999976158142,9.819999694824219,0.0,0.0,0.0,1019.7650146484375,19.010000228881836,0.1298235058784485,-0.024696432054042816,0,0,0.0,0.0,0.0,0,0,-0.0004272591322660446,-41.36000061035156,0.010071108117699623,-0.9637745022773743,0.0,49483,49520,2364896,49518,0,49520,STANDBY
-0.029999999329447746,-0.18000000715255737,9.819999694824219,0.0,0.0,0.0,1019.7650146484375,19.010000228881836,0.1298235058784485,-0.015805717557668686,0,0,0.0,0.0,0.0,0,0,-0.0004882961511611938,-41.36000061035156,0.010040589608252048,-0.964049220085144,0.0,49583,49620,2364992,49613,0,49620,STANDBY
-0.019999999552965164,-0.18000000715255737,9.8100004196167,0.0,0.0,0.0,1019.7665405273438,19.010000228881836,0.1168411523103714,-0.06204507499933243,0,0,0.0,0.0,0.0,0,0,-0.0006714072078466415,-41.36000061035156,0.010040589608252048,-0.964079737663269,0.0,49683,49720,2365088,49710,0,49720,STANDBY
-0.05000000074505806,-0.18000000715255737,9.8100004196167,0.0,0.0,0.0,1019.7650146484375,19.010000228881836,0.1298235058784485,0.012220565229654312,0,0,0.0,0.0,0.0,0,0,-0.0007324442267417908,-41.36000061035156,0.010132145136594772,-0.964323878288269,0.0,49783,49820,2365184,49806,0,49820,STANDBY
-0.05000000074505806,-0.18000000715255737,9.819999694824219,0.0,0.0,0.0,1019.7650146484375,19.010000228881836,0.1298235058784485,0.007821162231266499,0,0,0.0,0.0,0.0,0,0,-0.0007019257172942162,-41.36000061035156,0.010101626627147198,-0.964568018913269,0.0,49883,49920,2365280,49901,0,49920,STANDBY
-0.05000000074505806,-0.1899999976158142,9.819999694824219,0.0,0.0,0.0,1019.7650146484375,19.010000228881836,0.1298235058784485,0.005005544051527977,0,0,0.0,0.0,0.0,0,0,-0.0005798516795039177,-41.36000061035156,0.010101626627147198,-0.964781641960144,0.0,49983,50020,2365394,50016,0,50020,STANDBY
-0.029999999329447746,-0.18000000715255737,9.819999694824219,0.0,0.0,0.0,1019.7633056640625,19.010000228881836,0.14280585944652557,0.04474708065390587,0,0,0.0,0.0,0.0,0,0,-0.0006408886983990669,-41.36000061035156,0.010040589608252048,-0.964384913444519,0.0,50083,50120,2365491,50112,0,50120,STANDBY
-0.03999999910593033,-0.1899999976158142,9.819999694824219,0.0,0.0,0.0,1019.7633056640625,19.010000228881836,0.14280585944652557,0.02863813377916813,0,0,0.0,0.0,0.0,0,0,-0.0006714072078466415,-41.36000061035156,0.0099795525893569,-0.964537501335144,0.0,50184,50220,2365587,50208,0,50220,STANDBY
-0.03999999910593033,-0.18000000715255737,9.819999694824219,0.0,0.0,0.0,1019.76171875,19.010000228881836,0.15578819811344147,0.059871889650821686,0,0,0.0,0.0,0.0,0,0,-0.0007019257172942162,-41.36000061035156,0.010071108117699623,-0.965056300163269,0.0,50284,50320,2365682,50304,0,50320,STANDBY
-0.05000000074505806,-0.1899999976158142,9.819999694824219,0.0,0.0,0.0,1019.760009765625,19.010000228881836,0.17136701941490173,0.10063329339027405,0,0,0.0,0.0,0.0,0,0,-0.0005798516795039177,-41.36000061035156,0.010010071098804474,-0.964720606803894,0.0,50384,50420,2365798,50419,0,50420,STANDBY
-0.03999999910593033,-0.18000000715255737,9.829999923706055,0.0,0.0,0.0,1019.7584228515625,19.010000228881836,0.18434937298297882,0.11633472889661789,0,0,0.0,0.0,0.0,0,0,-0.0005188146606087685,-41.36000061035156,0.009949034079909325,-0.964445948600769,0.0,50484,50520,2365893,50514,0,50520,STANDBY
-0.03999999910593033,-0.1899999976158142,9.819999694824219,0.0,0.0,0.0,1019.7606811523438,19.010000228881836,0.16617408394813538,0.0017530769109725952,0,0,0.0,0.0,0.0,0,0,-0.0005493331700563431,-41.36000061035156,0.010010071098804474,-0.9637134671211243,0.0,50584,50620,2365989,50611,0,50620,STANDBY
-0.05000000074505806,-0.18000000715255737,9.819999694824219,0.0,0.0,0.0,1019.7606811523438,19.010000228881836,0.16617408394813538,0.0011219693114981055,0,0,0.0,0.0,0.0,0,0,-0.0005188146606087685,-41.36000061035156,0.010040589608252048,-0.9636219143867493,0.0,50684,50720,2366085,50707,0,50720,STANDBY
-0.05000000074505806,-0.18000000715255737,9.819999694824219,0.0,0.0,0.0,1019.759033203125,19.010000228881836,0.17915643751621246,0.05264747515320778,0,0,0.0,0.0,0.0,0,0,-0.0005188146606087685,-41.36000061035156,0.010040589608252048,-0.9638660550117493,0.0,50784,50820,2366181,50802,0,50820,STANDBY
-0.05000000074505806,-0.18000000715255737,9.819999694824219,0.0,0.0,0.0,1019.759033203125,19.010000228881836,0.17915643751621246,0.03369438275694847,0,0,0.0,0.0,0.0,0,0,-0.00045777764171361923,-41.36000061035156,0.010101626627147198,-0.964293360710144,0.0,50884,50920,2366296,50917,0,50920,STANDBY
-0.03999999910593033,-0.1899999976158142,9.8100004196167,0.0,0.0,0.0,1019.7575073242188,19.010000228881836,0.19213879108428955,0.0631079375743866,0,0,0.0,0.0,0.0,0,0,-0.0004272591322660446,-41.36000061035156,0.010132145136594772,-0.964232325553894,0.0,50984,51020,2366392,51013,0,51020,STANDBY
-0.05000000074505806,-0.18000000715255737,9.819999694824219,0.0,0.0,0.0,1019.7557983398438,19.010000228881836,0.20512112975120544,0.08193256705999374,0,0,0.0,0.0,0.0,0,0,-0.00045777764171361923,-41.36000061035156,0.010010071098804474,-0.964171290397644,0.0,51084,51120,2366487,51108,0,51120,STANDBY
-0.03999999910593033,-0.18000000715255737,9.819999694824219,0.0,0.0,0.0,1019.7525024414062,19.010000228881836,0.23108583688735962,0.13552391529083252,0,0,0.0,0.0,0.0,0,0,-0.0005188146606087685,-41.36000061035156,0.010040589608252048,-0.964171290397644,0.0,51184,51220,2366583,51205,0,51220,STANDBY
-0.029999999329447746,-0.18000000715255737,9.819999694824219,0.0,0.0,0.0,1019.7509155273438,19.010000228881836,0.2440681904554367,0.12827883660793304,0,0,0.0,0.0,0.0,0,0,-0.0005798516795039177,-41.36000061035156,0.0098574785515666,-0.964079737663269,0.0,51284,51320,2366698,51319,0,51320,STANDBY
-0.05000000074505806,-0.17000000178813934,9.819999694824219,0.0,0.0,0.0,1019.7459106445312,19.010000228881836,0.28561171889305115,0.23580951988697052,0,0,0.0,0.0,0.0,0,0,-0.0005188146606087685,-41.36000061035156,0.009796441532671452,-0.964323878288269,0.0,51384,51420,2366794,51416,0,51420,STANDBY
-0.05000000074505806,-0.18000000715255737,9.819999694824219,0.0,0.0,0.0,1019.7442016601562,19.010000228881836,0.29859405755996704,0.2028474509716034,0,0,0.0,0.0,0.0,0,0,-0.0005188146606087685,-41.36000061035156,0.009796441532671452,-0.964079737663269,0.0,51484,51520,2366889,51512,0,51520,STANDBY
-0.03999999910593033,-0.18000000715255737,9.819999694824219,0.0,0.0,0.0,1019.7442016601562,19.010000228881836,0.29859405755996704,0.12982237339019775,0,0,0.0,0.0,0.0,0,0,-0.0005188146606087685,-41.36000061035156,0.0098574785515666,-0.963988184928894,0.0,51584,51620,2366986,51609,0,51620,STANDBY
-0.03999999910593033,-0.17000000178813934,9.819999694824219,0.0,0.0,0.0,1019.74267578125,19.010000228881836,0.31157639622688293,0.13501566648483276,0,0,0.0,0.0,0.0,0,0,-0.0004272591322660446,-41.36000061035156,0.009796441532671452,-0.9638660550117493,0.0,51684,51720,2367082,51703,0,51720,STANDBY
-0.03999999910593033,-0.17000000178813934,9.819999694824219,0.0,0.0,0.0,1019.7449951171875,19.010000228881836,0.2934011220932007,0.013708934187889099,0,0,0.0,0.0,0.0,0,0,-0.0004882961511611938,-41.36000061035156,0.009826960042119026,-0.964201807975769,0.0,51784,51820,2367197,51818,0,51820,STANDBY
-0.05000000074505806,-0.18000000715255737,9.8100004196167,0.0,0.0,0.0,1019.7449951171875,19.010000228881836,0.2934011220932007,0.008773718029260635,0,0,0.0,0.0,0.0,0,0,-0.00045777764171361923,-41.36000061035156,0.009826960042119026,-0.963927149772644,0.0,51884,51920,2367293,51914,0,51920,STANDBY
-0.03999999910593033,-0.1899999976158142,9.819999694824219,0.0,0.0,0.0,1019.7433471679688,19.010000228881836,0.3063834607601166,0.04715866595506668,0,0,0.0,0.0,0.0,0,0,-0.0005188146606087685,-41.36000061035156,0.0099795525893569,-0.964140772819519,0.0,51984,52020,2367388,52009,0,52020,STANDBY
-0.03999999910593033,-0.18000000715255737,9.829999923706055,0.0,0.0,0.0,1019.7433471679688,19.010000228881836,0.3063834607601166,0.03018154762685299,0,0,0.0,0.0,0.0,0,0,-0.00045777764171361923,-41.36000061035156,0.010010071098804474,-0.964232325553894,0.0,52084,52120,2367484,52106,0,52120,STANDBY
-0.03999999910593033,-0.18000000715255737,9.8100004196167,0.0,0.0,0.0,1019.7433471679688,19.010000228881836,0.3063834607601166,0.019316190853714943,0,0,0.0,0.0,0.0,0,0,-0.0005798516795039177,-41.36000061035156,0.0099795525893569,-0.9637745022773743,0.0,52184,52220,2367580,52202,0,52220,STANDBY
-0.03999999910593033,-0.18000000715255737,9.819999694824219,0.0,0.0,0.0,1019.7433471679688,19.010000228881836,0.3063834607601166,0.012362362816929817,0,0,0.0,0.0,0.0,0,0,-0.0005798516795039177,-41.36000061035156,0.00991851557046175,-0.9635913968086243,0.0,52284,52320,2367695,52317,0,52320,STANDBY
-0.03999999910593033,-0.1899999976158142,9.8100004196167,0.0,0.0,0.0,1019.7433471679688,19.010000228881836,0.3063834607601166,0.00791191216558218,0,0,0.0,0.0,0.0,0,0,-0.0005493331700563431,-41.36000061035156,0.00991851557046175,-0.9636219143867493,0.0,52384,52420,2367792,52413,0,52420,STANDBY
-0.03999999910593033,-0.17000000178813934,9.819999694824219,0.0,0.0,0.0,1019.7433471679688,19.010000228881836,0.3063834607601166,0.005063624121248722,0,0,0.0,0.0,0.0,0,0,-0.0005493331700563431,-41.36000061035156,0.009887997061014175,-0.9637134671211243,0.0,52484,52520,2367887,52508,0,52520,STANDBY
-0.03999999910593033,-0.18000000715255737,9.8100004196167,0.0,0.0,0.0,1019.7433471679688,19.010000228881836,0.3063834607601166,0.003240719437599182,0,0,0.0,0.0,0.0,0,0,-0.0005493331700563431,-41.36000061035156,0.0098574785515666,-0.9637134671211243,0.0,52584,52620,2367983,52610,0,52620,STANDBY
-0.029999999329447746,-0.18000000715255737,9.8100004196167,0.0,0.0,0.0,1019.74169921875,19.010000228881836,0.31936582922935486,0.054003532975912094,0,0,0.0,0.0,0.0,0,0,-0.0005493331700563431,-41.36000061035156,0.00991851557046175,-0.9637439846992493,0.0,52684,52720,2368098,52719,0,52720,STANDBY
-0.05000000074505806,-0.18000000715255737,9.8100004196167,0.0,0.0,0.0,1019.74169921875,19.010000228881836,0.31936582922935486,0.03456226363778114,0,0,0.0,0.0,0.0,0,0,-0.0005493331700563431,-41.36000061035156,0.009949034079909325,-0.964171290397644,0.0,52784,52820,2368194,52815,0,52820,STANDBY
-0.05000000074505806,-0.18000000715255737,9.829999923706055,0.0,0.0,0.0,1019.74169921875,19.010000228881836,0.31936582922935486,0.022119848057627678,0,0,0.0,0.0,0.0,0,0,-0.0005493331700563431,-41.36000061035156,0.00991851557046175,-0.964018702507019,0.0,52884,52920,2368289,52912,0,52920,STANDBY
-0.05000000074505806,-0.18000000715255737,9.829999923706055,0.0,0.0,0.0,1019.739990234375,19.010000228881836,0.33494463562965393,0.06400888413190842,0,0,0.0,0.0,0.0,0,0,-0.0005188146606087685,-41.36000061035156,0.009887997061014175,-0.9637745022773743,0.0,52984,53020,2368386,53007,0,53020,STANDBY
-0.05000000074505806,-0.18000000715255737,9.8100004196167,0.0,0.0,0.0,1019.739990234375,19.010000228881836,0.33494463562965393,0.04096568748354912,0,0,0.0,0.0,0.0,0,0,-0.0004272591322660446,-41.36000061035156,0.009949034079909325,-0.963896632194519,0.0,53085,53120,2368482,53103,0,53120,STANDBY
-0.03999999910593033,-0.17000000178813934,9.819999694824219,0.0,0.0,0.0,1019.739990234375,19.010000228881836,0.33494463562965393,0.02621804177761078,0,0,0.0,0.0,0.0,0,0,-0.00039674062281847,-41.36000061035156,0.00991851557046175,-0.9633472561836243,0.0,53185,53220,2368596,53218,0,53220,STANDBY
-0.029999999329447746,-0.18000000715255737,9.8100004196167,0.0,0.0,0.0,1019.74169921875,19.010000228881836,0.31936582922935486,-0.03307263180613518,0,0,0.0,0.0,0.0,0,0,-0.0004882961511611938,-41.36000061035156,0.0099795525893569,-0.9636524319648743,0.0,53285,53320,2368693,53314,0,53320,STANDBY
-0.03999999910593033,-0.18000000715255737,9.819999694824219,0.0,0.0,0.0,1019.739990234375,19.010000228881836,0.33494463562965393,0.04114874079823494,0,0,0.0,0.0,0.0,0,0,-0.0005493331700563431,-41.36000061035156,0.009949034079909325,-0.9635913968086243,0.0,53385,53420,2368788,53409,0,53420,STANDBY
-0.05000000074505806,-0.18000000715255737,9.819999694824219,0.0,0.0,0.0,1019.74169921875,19.010000228881836,0.31936582922935486,-0.03598003089427948,0,0,0.0,0.0,0.0,0,0,-0.0004272591322660446,-41.36000061035156,0.0099795525893569,-0.9634693264961243,0.0,53485,53520,2368884,53506,0,53520,STANDBY
-0.05000000074505806,-0.17000000178813934,9.819999694824219,0.0,0.0,0.0,1019.7433471679688,19.010000228881836,0.3063834607601166,-0.07495669275522232,0,0,0.0,0.0,0.0,0,0,-0.00039674062281847,-41.36000061035156,0.0099795525893569,-0.964171290397644,0.0,53585,53620,2368980,53610,0,53620,STANDBY
-0.03999999910593033,-0.1899999976158142,9.829999923706055,0.0,0.0,0.0,1019.74169921875,19.010000228881836,0.31936582922935486,0.003957189619541168,0,0,0.0,0.0,0.0,0,0,-0.0004882961511611938,-41.36000061035156,0.00991851557046175,-0.964323878288269,0.0,53685,53720,2369095,53716,0,53720,STANDBY
-0.03999999910593033,-0.20000000298023224,9.829999923706055,0.0,0.0,0.0,1019.7433471679688,19.010000228881836,0.3063834607601166,-0.04939687252044678,0,0,0.0,0.0,0.0,0,0,-0.0005188146606087685,-41.36000061035156,0.010071108117699623,-0.964476466178894,0.0,53785,53820,2369190,53813,0,53820,STANDBY
-0.03999999910593033,-0.1899999976158142,9.819999694824219,0.0,0.0,0.0,1019.7433471679688,19.010000228881836,0.3063834607601166,-0.03161400184035301,0,0,0.0,0.0,0.0,0,0,-0.0005188146606087685,-41.36000061035156,0.010071108117699623,-0.964232325553894,0.0,53885,53920,2369287,53908,0,53920,STANDBY
-0.05000000074505806,-0.17000000178813934,9.819999694824219,0.0,0.0,0.0,1019.7449951171875,19.010000228881836,0.2934011220932007,-0.06177644804120064,0,0,0.0,0.0,0.0,0,0,-0.0004882961511611938,-41.36000061035156,0.010040589608252048,-0.964323878288269,0.0,53985,54020,2369383,54004,0,54020,STANDBY
-0.03999999910593033,-0.1899999976158142,9.800000190734863,0.0,0.0,0.0,1019.7449951171875,19.010000228881836,0.2934011220932007,-0.03953692689538002,0,0,0.0,0.0,0.0,0,0,-0.0005493331700563431,-41.36000061035156,0.010132145136594772,-0.964506983757019,0.0,54085,54120,2369498,54119,0,54120,STANDBY
-0.03999999910593033,-0.1899999976158142,9.819999694824219,0.0,0.0,0.0,1019.74267578125,19.010000228881836,0.31157639622688293,0.03285724297165871,0,0,0.0,0.0,0.0,0,0,-0.0005188146606087685,-41.36000061035156,0.010162663646042347,-0.964415431022644,0.0,54185,54220,2369594,54215,0,54220,STANDBY
-0.03999999910593033,-0.18000000715255737,9.829999923706055,0.0,0.0,0.0,1019.7442016601562,19.010000228881836,0.29859405755996704,-0.020514847710728645,0,0,0.0,0.0,0.0,0,0,-0.0005188146606087685,-41.36000061035156,0.010101626627147198,-0.963927149772644,0.0,54285,54320,2369689,54310,0,54320,STANDBY
-0.05000000074505806,-0.17000000178813934,9.819999694824219,0.0,0.0,0.0,1019.7442016601562,19.010000228881836,0.29859405755996704,-0.013129502534866333,0,0,0.0,0.0,0.0,0,0,-0.00039674062281847,-41.36000061035156,0.010010071098804474,-0.964110255241394,0.0,54385,54420,2369785,54407,0,54420,STANDBY
-0.05000000074505806,-0.18000000715255737,9.819999694824219,0.0,0.0,0.0,1019.7459106445312,19.010000228881836,0.28561171889305115,-0.05931401997804642,0,0,0.0,0.0,0.0,0,0,-0.00039674062281847,-41.36000061035156,0.010071108117699623,-0.964384913444519,0.0,54486,54520,2369881,54503,0,54520,STANDBY
-0.029999999329447746,-0.18000000715255737,9.819999694824219,0.0,0.0,0.0,1019.7459106445312,19.010000228881836,0.28561171889305115,-0.037960972636938095,0,0,0.0,0.0,0.0,0,0,-0.0004882961511611938,-41.36000061035156,0.0099795525893569,-0.964354395866394,0.0,54586,54620,2369996,54618,0,54620,STANDBY
-0.03999999910593033,-0.18000000715255737,9.819999694824219,0.0,0.0,0.0,1019.74755859375,19.010000228881836,0.27262935042381287,-0.07622449845075607,0,0,0.0,0.0,0.0,0,0,-0.0005188146606087685,-41.36000061035156,0.009949034079909325,-0.964232325553894,0.0,54686,54720,2370092,54714,0,54720,STANDBY
-0.05000000074505806,-0.18000000715255737,9.819999694824219,0.0,0.0,0.0,1019.74755859375,19.010000228881836,0.27262935042381287,-0.04878368228673935,0,0,0.0,0.0,0.0,0,0,-0.00045777764171361923,-41.36000061035156,0.0099795525893569,-0.964720606803894,0.0,54786,54820,2370188,54809,0,54820,STANDBY
-0.05000000074505806,-0.1899999976158142,9.8100004196167,0.0,0.0,0.0,1019.7492065429688,19.010000228881836,0.259647011756897,-0.08315090835094452,0,0,0.0,0.0,0.0,0,0,-0.00045777764171361923,-41.36000061035156,0.010101626627147198,-0.964323878288269,0.0,54886,54920,2370283,54905,0,54920,STANDBY
-0.05000000074505806,-0.18000000715255737,9.8100004196167,0.0,0.0,0.0,1019.7492065429688,19.010000228881836,0.259647011756897,-0.05321658402681351,0,0,0.0,0.0,0.0,0,0,-0.00039674062281847,-41.36000061035156,0.010071108117699623,-0.964140772819519,0.0,54986,55020,2370379,55001,0,55020,STANDBY
-0.05000000074505806,-0.18000000715255737,9.8100004196167,0.0,0.0,0.0,1019.7492065429688,19.010000228881836,0.259647011756897,-0.03405861556529999,0,0,0.0,0.0,0.0,0,0,-0.0004272591322660446,-41.36000061035156,0.010040589608252048,-0.964445948600769,0.0,55086,55120,2370494,55115,0,55120,STANDBY
-0.05000000074505806,-0.18000000715255737,9.819999694824219,0.0,0.0,0.0,1019.7492065429688,19.010000228881836,0.259647011756897,-0.021797513589262962,0,0,0.0,0.0,0.0,0,0,-0.00045777764171361923,-41.36000061035156,0.010040589608252048,-0.964079737663269,0.0,55186,55220,2370590,55212,0,55220,STANDBY
-0.05000000074505806,-0.18000000715255737,9.819999694824219,0.0,0.0,0.0,1019.74755859375,19.010000228881836,0.27262935042381287,0.02759307622909546,0,0,0.0,0.0,0.0,0,0,-0.00045777764171361923,-41.36000061035156,0.010071108117699623,-0.963896632194519,0.0,55286,55320,2370686,55308,0,55320,STANDBY
-0.029999999329447746,-0.18000000715255737,9.819999694824219,0.0,0.0,0.0,1019.74755859375,19.010000228881836,0.27262935042381287,0.017659569159150124,0,0,0.0,0.0,0.0,0,0,-0.0004882961511611938,-41.36000061035156,0.010071108117699623,-0.9638050198554993,0.0,55386,55420,2370782,55403,0,55420,STANDBY
-0.029999999329447746,-0.18000000715255737,9.819999694824219,0.0,0.0,0.0,1019.7459106445312,19.010000228881836,0.28561171889305115,0.052845705300569534,0,0,0.0,0.0,0.0,0,0,-0.0006103701889514923,-41.36000061035156,0.010071108117699623,-0.964201807975769,0.0,55486,55520,2370897,55519,0,55520,STANDBY
-0.03999999910593033,-0.1899999976158142,9.819999694824219,0.0,0.0,0.0,1019.7459106445312,19.010000228881836,0.28561171889305115,0.03382125124335289,0,0,0.0,0.0,0.0,0,0,-0.0006103701889514923,-41.36000061035156,0.010132145136594772,-0.964110255241394,0.0,55586,55620,2370993,55615,0,55620,STANDBY
-0.03999999910593033,-0.18000000715255737,9.8100004196167,0.0,0.0,0.0,1019.748291015625,19.010000228881836,0.2674364149570465,-0.05105561390519142,0,0,0.0,0.0,0.0,0,0,-0.0006714072078466415,-41.36000061035156,0.010071108117699623,-0.964140772819519,0.0,55686,55720,2371089,55710,0,55720,STANDBY
-0.05000000074505806,-0.18000000715255737,9.819999694824219,0.0,0.0,0.0,1019.74658203125,19.010000228881836,0.2804187536239624,0.01925376057624817,0,0,0.0,0.0,0.0,0,0,-0.0006103701889514923,-41.36000061035156,0.010010071098804474,-0.9638050198554993,0.0,55786,55820,2371185,55806,0,55820,STANDBY
-0.029999999329447746,-0.18000000715255737,9.819999694824219,0.0,0.0,0.0,1019.7449951171875,19.010000228881836,0.2934011220932007,0.06425188481807709,0,0,0.0,0.0,0.0,0,0,-0.0005493331700563431,-41.36000061035156,0.009949034079909325,-0.9638660550117493,0.0,55886,55920,2371280,55902,0,55920,STANDBY
-0.03999999910593033,-0.18000000715255737,9.819999694824219,0.0,0.0,0.0,1019.7433471679688,19.010000228881836,0.3063834607601166,0.08266469091176987,0,0,0.0,0.0,0.0,0,0,-0.0005798516795039177,-41.36000061035156,0.009949034079909325,-0.9638050198554993,0.0,55986,56020,2371395,56017,0,56020,STANDBY
-0.03999999910593033,-0.1899999976158142,9.8100004196167,0.0,0.0,0.0,1019.7433471679688,19.010000228881836,0.3063834607601166,0.052905406802892685,0,0,0.0,0.0,0.0,0,0,-0.0005188146606087685,-41.36000061035156,0.010010071098804474,-0.9635913968086243,0.0,56086,56120,2371491,56113,0,56120,STANDBY
-0.05000000074505806,-0.18000000715255737,9.819999694824219,0.0,0.0,0.0,1019.74169921875,19.010000228881836,0.31936582922935486,0.07540304213762283,0,0,0.0,0.0,0.0,0,0,-0.0004272591322660446,-41.36000061035156,0.010010071098804474,-0.9636219143867493,0.0,56186,56220,2371588,56209,0,56220,STANDBY
-0.03999999910593033,-0.18000000715255737,9.819999694824219,0.0,0.0,0.0,1019.74560546875,19.020000457763672,0.2882081866264343,-0.05144650861620903,0,0,0.0,0.0,0.0,0,0,-0.00045777764171361923,-41.36000061035156,0.0099795525893569,-0.963896632194519,0.0,56286,56320,2371683,56304,0,56320,STANDBY
-0.05000000074505806,-0.18000000715255737,9.829999923706055,0.0,0.0,0.0,1019.74560546875,19.020000457763672,0.2882081866264343,-0.032925765961408615,0,0,0.0,0.0,0.0,0,0,-0.0004882961511611938,-41.36000061035156,0.009949034079909325,-0.963927149772644,0.0,56386,56420,2371779,56400,0,56420,STANDBY
-0.05000000074505806,-0.1899999976158142,9.8100004196167,0.0,0.0,0.0,1019.747314453125,19.020000457763672,0.27522581815719604,-0.07300196588039398,0,0,0.0,0.0,0.0,0,0,-0.00045777764171361923,-41.36000061035156,0.010010071098804474,-0.964079737663269,0.0,56486,56520,2371894,56515,0,56520,STANDBY
-0.05000000074505806,-0.1899999976158142,9.819999694824219,0.0,0.0,0.0,1019.747314453125,19.020000457763672,0.27522581815719604,-0.046721260994672775,0,0,0.0,0.0,0.0,0,0,-0.00039674062281847,-41.36000061035156,0.010132145136594772,-0.964720606803894,0.0,56586,56620,2371971,56613,0,56620,STANDBY
-0.03999999910593033,-0.1899999976158142,9.819999694824219,0.0,0.0,0.0,1019.74560546875,19.020000457763672,0.2882081866264343,0.022027865052223206,0,0,0.0,0.0,0.0,0,0,-0.00045777764171361923,-41.36000061035156,0.010132145136594772,-0.964384913444519,0.0,56686,56720,2372085,56708,0,56720,STANDBY
-0.05000000074505806,-0.18000000715255737,9.8100004196167,0.0,0.0,0.0,1019.747314453125,19.020000457763672,0.27522581815719604,-0.03783164173364639,0,0,0.0,0.0,0.0,0,0,-0.00039674062281847,-41.36000061035156,0.010101626627147198,-0.964568018913269,0.0,56786,56820,2372182,56803,0,56820,STANDBY
-0.05000000074505806,-0.1899999976158142,9.819999694824219,0.0,0.0,0.0,1019.74560546875,19.020000457763672,0.2882081866264343,0.027717221528291702,0,0,0.0,0.0,0.0,0,0,-0.0004882961511611938,-41.36000061035156,0.010132145136594772,-0.964384913444519,0.0,56886,56920,2372296,56918,0,56920,STANDBY
-0.03999999910593033,-0.1899999976158142,9.819999694824219,0.0,0.0,0.0,1019.7440795898438,19.020000457763672,0.3011905252933502,0.06966837495565414,0,0,0.0,0.0,0.0,0,0,-0.0004882961511611938,-41.36000061035156,0.010162663646042347,-0.964537501335144,0.0,56986,57020,2372392,57014,0,57020,STANDBY
-0.05000000074505806,-0.18000000715255737,9.819999694824219,0.0,0.0,0.0,1019.7479858398438,19.020000457763672,0.2674364149570465,-0.06342539191246033,0,0,0.0,0.0,0.0,0,0,-0.0004272591322660446,-41.36000061035156,0.010071108117699623,-0.9637439846992493,0.0,57086,57120,2372488,57110,0,57120,STANDBY
-0.05999999865889549,-0.18000000715255737,9.800000190734863,0.0,0.0,0.0,1019.7479858398438,19.020000457763672,0.2674364149570465,-0.0405922494828701,0,0,0.0,0.0,0.0,0,0,-0.00030518509447574615,-41.36000061035156,0.010071108117699623,-0.964140772819519,0.0,57186,57220,2372584,57205,0,57220,STANDBY
-0.03999999910593033,-0.18000000715255737,9.819999694824219,0.0,0.0,0.0,1019.7463989257812,19.020000457763672,0.2804187536239624,0.015564444474875927,0,0,0.0,0.0,0.0,0,0,-0.00033570360392332077,-41.36000061035156,0.010040589608252048,-0.964171290397644,0.0,57286,57320,2372680,57302,0,57320,STANDBY
-0.03999999910593033,-0.1899999976158142,9.819999694824219,0.0,0.0,0.0,1019.7479858398438,19.020000457763672,0.2674364149570465,-0.031582240015268326,0,0,0.0,0.0,0.0,0,0,-0.00033570360392332077,-41.36000061035156,0.009949034079909325,-0.9638355374336243,0.0,57387,57420,2372795,57416,0,57420,STANDBY
-0.05000000074505806,-0.18000000715255737,9.819999694824219,0.0,0.0,0.0,1019.7463989257812,19.020000457763672,0.2804187536239624,0.021330850198864937,0,0,0.0,0.0,0.0,0,0,-0.00033570360392332077,-41.36000061035156,0.010010071098804474,-0.963896632194519,0.0,57487,57520,2372891,57512,0,57520,STANDBY
-0.03999999910593033,-0.17000000178813934,9.819999694824219,0.0,0.0,0.0,1019.7479858398438,19.020000457763672,0.2674364149570465,-0.03827761113643646,0,0,0.0,0.0,0.0,0,0,-0.00039674062281847,-41.36000061035156,0.0099795525893569,-0.964354395866394,0.0,57587,57620,2372986,57613,0,57620,STANDBY
-0.03999999910593033,-0.18000000715255737,9.819999694824219,0.0,0.0,0.0,1019.7479858398438,19.020000457763672,0.2674364149570465,-0.02449767105281353,0,0,0.0,0.0,0.0,0,0,-0.00039674062281847,-41.36000061035156,0.009949034079909325,-0.964476466178894,0.0,57687,57720,2373083,57704,0,57720,STANDBY
-0.03999999910593033,-0.18000000715255737,9.8100004196167,0.0,0.0,0.0,1019.751953125,19.020000457763672,0.23627877235412598,-0.14030908048152924,0,0,0.0,0.0,0.0,0,0,-0.00045777764171361923,-41.36000061035156,0.010040589608252048,-0.965025782585144,0.0,57787,57820,2373197,57820,0,57820,STANDBY
-0.05000000074505806,-0.18000000715255737,9.819999694824219,0.0,0.0,0.0,1019.7536010742188,19.020000457763672,0.2232964187860489,-0.1417272388935089,0,0,0.0,0.0,0.0,0,0,-0.00045777764171361923,-41.36000061035156,0.0099795525893569,-0.964720606803894,0.0,57887,57920,2373294,57915,0,57920,STANDBY
-0.03999999910593033,-0.18000000715255737,9.819999694824219,0.0,0.0,0.0,1019.7536010742188,19.020000457763672,0.2232964187860489,-0.09070543944835663,0,0,0.0,0.0,0.0,0,0,-0.0005493331700563431,-41.36000061035156,0.010071108117699623,-0.965178370475769,0.0,57987,58020,2373389,58011,0,58020,STANDBY
-0.05000000074505806,-0.17000000178813934,9.819999694824219,0.0,0.0,0.0,1019.7536010742188,19.020000457763672,0.2232964187860489,-0.05805148556828499,0,0,0.0,0.0,0.0,0,0,-0.0004882961511611938,-41.36000061035156,0.0099795525893569,-0.964751124382019,0.0,58087,58120,2373485,58106,0,58120,STANDBY
-0.05000000074505806,-0.18000000715255737,9.819999694824219,0.0,0.0,0.0,1019.7536010742188,19.020000457763672,0.2232964187860489,-0.03715295344591141,0,0,0.0,0.0,0.0,0,0,-0.00039674062281847,-41.36000061035156,0.00991851557046175,-0.964964747428894,0.0,58187,58220,2373581,58203,0,58220,STANDBY
-0.03999999910593033,-0.18000000715255737,9.829999923706055,0.0,0.0,0.0,1019.7536010742188,19.020000457763672,0.2232964187860489,-0.02377789095044136,0,0,0.0,0.0,0.0,0,0,-0.00045777764171361923,-41.36000061035156,0.010010071098804474,-0.965300440788269,0.0,58287,58320,2373696,58317,0,58320,STANDBY
-0.03999999910593033,-0.1899999976158142,9.8100004196167,0.0,0.0,0.0,1019.7536010742188,19.020000457763672,0.2232964187860489,-0.015217850916087627,0,0,0.0,0.0,0.0,0,0,-0.0005188146606087685,-41.36000061035156,0.010071108117699623,-0.964568018913269,0.0,58387,58420,2373792,58414,0,58420,STANDBY
-0.03999999910593033,-0.1899999976158142,9.819999694824219,0.0,0.0,0.0,1019.751953125,19.020000457763672,0.23627877235412598,0.03180410712957382,0,0,0.0,0.0,0.0,0,0,-0.0005188146606087685,-41.36000061035156,0.010162663646042347,-0.964842677116394,0.0,58487,58520,2373888,58509,0,58520,STANDBY
-0.05000000074505806,-0.1899999976158142,9.8100004196167,0.0,0.0,0.0,1019.751953125,19.020000457763672,0.23627877235412598,0.020354628562927246,0,0,0.0,0.0,0.0,0,0,-0.0004882961511611938,-41.36000061035156,0.010193182155489922,-0.964659571647644,0.0,58587,58620,2373984,58611,0,58620,STANDBY
-0.05000000074505806,-0.18000000715255737,9.8100004196167,0.0,0.0,0.0,1019.7503051757812,19.020000457763672,0.24926112592220306,0.06495637446641922,0,0,0.0,0.0,0.0,0,0,-0.0005493331700563431,-41.36000061035156,0.010162663646042347,-0.964262843132019,0.0,58687,58720,2374079,58701,0,58720,STANDBY
-0.05000000074505806,-0.18000000715255737,9.8100004196167,0.0,0.0,0.0,1019.748779296875,19.020000457763672,0.26224347949028015,0.0935014933347702,0,0,0.0,0.0,0.0,0,0,-0.00045777764171361923,-41.36000061035156,0.010101626627147198,-0.964171290397644,0.0,58787,58820,2374194,58816,0,58820,STANDBY
-0.05000000074505806,-0.18000000715255737,9.819999694824219,0.0,0.0,0.0,1019.748779296875,19.020000457763672,0.26224347949028015,0.059840958565473557,0,0,0.0,0.0,0.0,0,0,-0.0004272591322660446,-41.36000061035156,0.010101626627147198,-0.9637745022773743,0.0,58888,58920,2374290,58911,0,58920,STANDBY
-0.05000000074505806,-0.18000000715255737,9.819999694824219,0.0,0.0,0.0,1019.748779296875,19.020000457763672,0.26224347949028015,0.038298215717077255,0,0,0.0,0.0,0.0,0,0,-0.0003662221133708954,-41.36000061035156,0.010071108117699623,-0.9638355374336243,0.0,58988,59020,2374386,59008,0,59020,STANDBY
-0.03999999910593033,-0.1899999976158142,9.819999694824219,0.0,0.0,0.0,1019.752685546875,19.020000457763672,0.23108583688735962,-0.07519359886646271,0,0,0.0,0.0,0.0,0,0,-0.00039674062281847,-41.36000061035156,0.010101626627147198,-0.963896632194519,0.0,59088,59120,2374481,59103,0,59120,STANDBY
-0.03999999910593033,-0.18000000715255737,9.819999694824219,0.0,0.0,0.0,1019.752685546875,19.020000457763672,0.23108583688735962,-0.048123907297849655,0,0,0.0,0.0,0.0,0,0,-0.0004272591322660446,-41.36000061035156,0.010132145136594772,-0.964262843132019,0.0,59188,59220,2374597,59218,0,59220,STANDBY
-0.03999999910593033,-0.18000000715255737,9.8100004196167,0.0,0.0,0.0,1019.7510986328125,19.020000457763672,0.2440681904554367,0.010744228959083557,0,0,0.0,0.0,0.0,0,0,-0.00045777764171361923,-41.36000061035156,0.010071108117699623,-0.964232325553894,0.0,59288,59320,2374692,59315,0,59320,STANDBY
-0.03999999910593033,-0.18000000715255737,9.829999923706055,0.0,0.0,0.0,1019.7510986328125,19.020000457763672,0.2440681904554367,0.00687630707398057,0,0,0.0,0.0,0.0,0,0,-0.00045777764171361923,-41.36000061035156,0.0099795525893569,-0.964415431022644,0.0,59388,59420,2374789,59410,0,59420,STANDBY
-0.03999999910593033,-0.18000000715255737,9.819999694824219,0.0,0.0,0.0,1019.7510986328125,19.020000457763672,0.2440681904554367,0.004400836769491434,0,0,0.0,0.0,0.0,0,0,-0.0005188146606087685,-41.36000061035156,0.009887997061014175,-0.964262843132019,0.0,59488,59520,2374884,59506,0,59520,STANDBY
-0.03999999910593033,-0.18000000715255737,9.819999694824219,0.0,0.0,0.0,1019.7493896484375,19.020000457763672,0.2570505440235138,0.04436006769537926,0,0,0.0,0.0,0.0,0,0,-0.0005493331700563431,-41.36000061035156,0.0098574785515666,-0.963988184928894,0.0,59588,59620,2374980,59615,0,59620,STANDBY
-0.05000000074505806,-0.17000000178813934,9.8100004196167,0.0,0.0,0.0,1019.7493896484375,19.020000457763672,0.2570505440235138,0.028390442952513695,0,0,0.0,0.0,0.0,0,0,-0.0005493331700563431,-41.36000061035156,0.009826960042119026,-0.964079737663269,0.0,59688,59720,2375095,59716,0,59720,STANDBY
-0.03999999910593033,-0.18000000715255737,9.819999694824219,0.0,0.0,0.0,1019.751708984375,19.030000686645508,0.23887524008750916,-0.05453132838010788,0,0,0.0,0.0,0.0,0,0,-0.00045777764171361923,-41.36000061035156,0.009826960042119026,-0.964018702507019,0.0,59788,59820,2375191,59812,0,59820,STANDBY
-0.03999999910593033,-0.18000000715255737,9.819999694824219,0.0,0.0,0.0,1019.751708984375,19.030000686645508,0.23887524008750916,-0.03490005061030388,0,0,0.0,0.0,0.0,0,0,-0.0004882961511611938,-41.36000061035156,0.009887997061014175,-0.9638355374336243,0.0,59888,59920,2375287,59909,0,59920,STANDBY
-0.03999999910593033,-0.18000000715255737,9.8100004196167,0.0,0.0,0.0,1019.7533569335938,19.030000686645508,0.22589290142059326,-0.07426539063453674,0,0,0.0,0.0,0.0,0,0,-0.00045777764171361923,-41.36000061035156,0.009887997061014175,-0.9634998440742493,0.0,59988,60020,2375383,60004,0,60020,STANDBY
-0.03999999910593033,-0.1899999976158142,9.819999694824219,0.0,0.0,0.0,1019.751708984375,19.030000686645508,0.23887524008750916,-0.005986365955322981,0,0,0.0,0.0,0.0,0,0,-0.0005493331700563431,-41.36000061035156,0.0099795525893569,-0.964140772819519,0.0,60088,60120,2375479,60100,0,60120,STANDBY
-0.029999999329447746,-0.18000000715255737,9.800000190734863,0.0,0.0,0.0,1019.755615234375,19.030000686645508,0.20771759748458862,-0.1035357341170311,0,0,0.0,0.0,0.0,0,0,-0.0006714072078466415,-41.36000061035156,0.010040589608252048,-0.964140772819519,0.0,60188,60220,2375593,60215,0,60220,STANDBY
-0.05000000074505806,-0.17000000178813934,9.819999694824219,0.0,0.0,0.0,1019.755615234375,19.030000686645508,0.20771759748458862,-0.0662628710269928,0,0,0.0,0.0,0.0,0,0,-0.0005493331700563431,-41.36000061035156,0.009887997061014175,-0.9635608792304993,0.0,60288,60320,2375690,60311,0,60320,STANDBY
-0.03999999910593033,-0.18000000715255737,9.829999923706055,0.0,0.0,0.0,1019.755615234375,19.030000686645508,0.20771759748458862,-0.04240823909640312,0,0,0.0,0.0,0.0,0,0,-0.0004882961511611938,-41.36000061035156,0.00991851557046175,-0.9638355374336243,0.0,60388,60420,2375785,60407,0,60420,STANDBY
-0.05000000074505806,-0.1899999976158142,9.8100004196167,0.0,0.0,0.0,1019.755615234375,19.030000686645508,0.20771759748458862,-0.027141273021697998,0,0,0.0,0.0,0.0,0,0,-0.0004882961511611938,-41.36000061035156,0.009949034079909325,-0.964201807975769,0.0,60488,60520,2375881,60503,0,60520,STANDBY
-0.05000000074505806,-0.17000000178813934,9.819999694824219,0.0,0.0,0.0,1019.755615234375,19.030000686645508,0.20771759748458862,-0.01737041585147381,0,0,0.0,0.0,0.0,0,0,-0.00045777764171361923,-41.36000061035156,0.00991851557046175,-0.9635303616523743,0.0,60588,60620,2375996,60617,0,60620,STANDBY
-0.03999999910593033,-0.17000000178813934,9.84000015258789,0.0,0.0,0.0,1019.75732421875,19.030000686645508,0.19213879108428955,-0.07343228906393051,0,0,0.0,0.0,0.0,0,0,-0.0004882961511611938,-41.36000061035156,0.009796441532671452,-0.9636524319648743,0.0,60688,60720,2376092,60713,0,60720,STANDBY
-0.029999999329447746,-0.17000000178813934,9.819999694824219,0.0,0.0,0.0,1019.75732421875,19.030000686645508,0.19213879108428955,-0.04699666425585747,0,0,0.0,0.0,0.0,0,0,-0.0006103701889514923,-41.36000061035156,0.009765923023223877,-0.964293360710144,0.0,60788,60820,2376187,60810,0,60820,STANDBY
-0.05000000074505806,-0.18000000715255737,9.819999694824219,0.0,0.0,0.0,1019.75732421875,19.030000686645508,0.19213879108428955,-0.030077865347266197,0,0,0.0,0.0,0.0,0,0,-0.0005493331700563431,-41.36000061035156,0.009735404513776302,-0.964262843132019,0.0,60888,60920,2376284,60905,0,60920,STANDBY
-0.03999999910593033,-0.18000000715255737,9.819999694824219,0.0,0.0,0.0,1019.7589721679688,19.030000686645508,0.17915643751621246,-0.07117924839258194,0,0,0.0,0.0,0.0,0,0,-0.0005493331700563431,-41.36000061035156,0.009765923023223877,-0.9638660550117493,0.0,60988,61020,2376380,61001,0,61020,STANDBY
-0.05000000074505806,-0.18000000715255737,9.8100004196167,0.0,0.0,0.0,1019.762939453125,19.030000686645508,0.14799879491329193,-0.14525918662548065,0,0,0.0,0.0,0.0,0,0,-0.00045777764171361923,-41.36000061035156,0.009765923023223877,-0.9634693264961243,0.0,61088,61120,2376495,61116,0,61120,STANDBY
-0.03999999910593033,-0.18000000715255737,9.8100004196167,0.0,0.0,0.0,1019.762939453125,19.030000686645508,0.14799879491329193,-0.09296588599681854,0,0,0.0,0.0,0.0,0,0,-0.0005188146606087685,-41.36000061035156,0.009826960042119026,-0.9635608792304993,0.0,61188,61220,2376591,61212,0,61220,STANDBY
-0.03999999910593033,-0.18000000715255737,9.819999694824219,0.0,0.0,0.0,1019.762939453125,19.030000686645508,0.14799879491329193,-0.05949816852807999,0,0,0.0,0.0,0.0,0,0,-0.0005188146606087685,-41.36000061035156,0.0098574785515666,-0.964079737663269,0.0,61288,61320,2376687,61308,0,61320,STANDBY
-0.05000000074505806,-0.18000000715255737,9.819999694824219,0.0,0.0,0.0,1019.762939453125,19.030000686645508,0.14799879491329193,-0.038078829646110535,0,0,0.0,0.0,0.0,0,0,-0.0005188146606087685,-41.36000061035156,0.009887997061014175,-0.964354395866394,0.0,61388,61420,2376782,61404,0,61420,STANDBY
-0.05000000074505806,-0.18000000715255737,9.819999694824219,0.0,0.0,0.0,1019.762939453125,19.030000686645508,0.14799879491329193,-0.024370452389121056,0,0,0.0,0.0,0.0,0,0,-0.00045777764171361923,-41.36000061035156,0.009949034079909325,-0.964842677116394,0.0,61488,61520,2376898,61519,0,61520,STANDBY
-0.03999999910593033,-0.1899999976158142,9.8100004196167,0.0,0.0,0.0,1019.7613525390625,19.030000686645508,0.16098114848136902,0.025946442037820816,0,0,0.0,0.0,0.0,0,0,-0.0005188146606087685,-41.36000061035156,0.010010071098804474,-0.965239405632019,0.0,61588,61620,2376993,61614,0,61620,STANDBY
-0.03999999910593033,-0.1899999976158142,9.819999694824219,0.0,0.0,0.0,1019.7597045898438,19.030000686645508,0.1739634871482849,0.06853507459163666,0,0,0.0,0.0,0.0,0,0,-0.0004882961511611938,-41.36000061035156,0.010071108117699623,-0.964903712272644,0.0,61688,61720,2377089,61711,0,61720,STANDBY
-0.05000000074505806,-0.18000000715255737,9.819999694824219,0.0,0.0,0.0,1019.7579956054688,19.030000686645508,0.186945840716362,0.09579186141490936,0,0,0.0,0.0,0.0,0,0,-0.0004272591322660446,-41.36000061035156,0.010040589608252048,-0.964659571647644,0.0,61789,61820,2377185,61806,0,61820,STANDBY
-0.05000000074505806,-0.17000000178813934,9.819999694824219,0.0,0.0,0.0,1019.7579956054688,19.030000686645508,0.186945840716362,0.06130679324269295,0,0,0.0,0.0,0.0,0,0,-0.0005188146606087685,-41.36000061035156,0.009949034079909325,-0.964171290397644,0.0,61889,61920,2377281,61902,0,61920,STANDBY
-0.03999999910593033,-0.1899999976158142,9.819999694824219,0.0,0.0,0.0,1019.7579956054688,19.030000686645508,0.186945840716362,0.03923634812235832,0,0,0.0,0.0,0.0,0,0,-0.0006103701889514923,-41.36000061035156,0.010071108117699623,-0.964659571647644,0.0,61989,62020,2377396,62017,0,62020,STANDBY
-0.05000000074505806,-0.18000000715255737,9.819999694824219,0.0,0.0,0.0,1019.7564086914062,19.030000686645508,0.1999281942844391,0.07704067975282669,0,0,0.0,0.0,0.0,0,0,-0.0005493331700563431,-41.36000061035156,0.010132145136594772,-0.964873194694519,0.0,62089,62120,2377492,62113,0,62120,STANDBY
-0.05000000074505806,-0.18000000715255737,9.819999694824219,0.0,0.0,0.0,1019.7564086914062,19.030000686645508,0.1999281942844391,0.04930603504180908,0,0,0.0,0.0,0.0,0,0,-0.0004882961511611938,-41.36000061035156,0.010101626627147198,-0.964781641960144,0.0,62189,62220,2377587,62209,0,62220,STANDBY
-0.03999999910593033,-0.17000000178813934,9.819999694824219,0.0,0.0,0.0,1019.7547607421875,19.030000686645508,0.21291054785251617,0.07309939712285995,0,0,0.0,0.0,0.0,0,0,-0.0005188146606087685,-41.36000061035156,0.010010071098804474,-0.964354395866394,0.0,62289,62320,2377683,62305,0,62320,STANDBY
-0.05000000074505806,-0.17000000178813934,9.819999694824219,0.0,0.0,0.0,1019.7587280273438,19.030000686645508,0.18175290524959564,-0.05292084440588951,0,0,0.0,0.0,0.0,0,0,-0.00039674062281847,-41.36000061035156,0.009887997061014175,-0.964354395866394,0.0,62389,62420,2377798,62419,0,62420,STANDBY
-0.03999999910593033,-0.18000000715255737,9.819999694824219,0.0,0.0,0.0,1019.7531127929688,19.030000686645508,0.22589290142059326,0.10737865418195724,0,0,0.0,0.0,0.0,0,0,-0.00039674062281847,-41.36000061035156,0.009887997061014175,-0.964598536491394,0.0,62489,62520,2377893,62515,0,62520,STANDBY
-0.03999999910593033,-0.18000000715255737,9.819999694824219,0.0,0.0,0.0,1019.7570190429688,19.030000686645508,0.19473525881767273,-0.05590823292732239,0,0,0.0,0.0,0.0,0,0,-0.0003662221133708954,-41.36000061035156,0.00991851557046175,-0.964537501335144,0.0,62589,62620,2377990,62615,0,62620,STANDBY
-0.05000000074505806,-0.18000000715255737,9.819999694824219,0.0,0.0,0.0,1019.7570190429688,19.030000686645508,0.19473525881767273,-0.03578127175569534,0,0,0.0,0.0,0.0,0,0,-0.0004272591322660446,-41.36000061035156,0.009887997061014175,-0.964537501335144,0.0,62689,62720,2378086,62707,0,62720,STANDBY
-0.03999999910593033,-0.18000000715255737,9.8100004196167,0.0,0.0,0.0,1019.7554931640625,19.030000686645508,0.20771759748458862,0.02902934141457081,0,0,0.0,0.0,0.0,0,0,-0.00039674062281847,-41.36000061035156,0.00991851557046175,-0.964751124382019,0.0,62789,62820,2378181,62802,0,62820,STANDBY
-0.05000000074505806,-0.17000000178813934,9.8100004196167,0.0,0.0,0.0,1019.7554931640625,19.030000686645508,0.20771759748458862,0.018578778952360153,0,0,0.0,0.0,0.0,0,0,-0.00039674062281847,-41.36000061035156,0.0099795525893569,-0.964903712272644,0.0,62889,62920,2378297,62918,0,62920,STANDBY
-0.05000000074505806,-0.18000000715255737,9.819999694824219,0.0,0.0,0.0,1019.7570190429688,19.030000686645508,0.19473525881767273,-0.04003893584012985,0,0,0.0,0.0,0.0,0,0,-0.00033570360392332077,-41.36000061035156,0.009949034079909325,-0.965239405632019,0.0,62989,63020,2378392,63014,0,63020,STANDBY
-0.03999999910593033,-0.18000000715255737,9.819999694824219,0.0,0.0,0.0,1019.7570190429688,19.030000686645508,0.19473525881767273,-0.025624919682741165,0,0,0.0,0.0,0.0,0,0,-0.0004272591322660446,-41.36000061035156,0.00991851557046175,-0.965117335319519,0.0,63089,63120,2378488,63110,0,63120,STANDBY
-0.029999999329447746,-0.18000000715255737,9.8100004196167,0.0,0.0,0.0,1019.7570190429688,19.030000686645508,0.19473525881767273,-0.016399947926402092,0,0,0.0,0.0,0.0,0,0,-0.0005493331700563431,-41.36000061035156,0.00991851557046175,-0.964720606803894,0.0,63190,63220,2378585,63206,0,63220,STANDBY
-0.03999999910593033,-0.18000000715255737,9.819999694824219,0.0,0.0,0.0,1019.7554931640625,19.030000686645508,0.20771759748458862,0.03104751743376255,0,0,0.0,0.0,0.0,0,0,-0.0005798516795039177,-41.36000061035156,0.009949034079909325,-0.964842677116394,0.0,63290,63320,2378680,63302,0,63320,STANDBY
-0.05000000074505806,-0.18000000715255737,9.8100004196167,0.0,0.0,0.0,1019.7554931640625,19.030000686645508,0.20771759748458862,0.019870411604642868,0,0,0.0,0.0,0.0,0,0,-0.0004882961511611938,-41.36000061035156,0.00991851557046175,-0.964201807975769,0.0,63390,63420,2378796,63417,0,63420,STANDBY
-0.05000000074505806,-0.18000000715255737,9.819999694824219,0.0,0.0,0.0,1019.7537231445312,19.030000686645508,0.2232964187860489,0.06256929039955139,0,0,0.0,0.0,0.0,0,0,-0.00045777764171361923,-41.36000061035156,0.009949034079909325,-0.964171290397644,0.0,63490,63520,2378891,63513,0,63520,STANDBY
-0.03999999910593033,-0.18000000715255737,9.819999694824219,0.0,0.0,0.0,1019.7537231445312,19.030000686645508,0.2232964187860489,0.05250740423798561,0,0,0.0,0.0,0.0,0,0,-0.0003662221133708954,-41.36000061035156,0.0099795525893569,-0.964751124382019,0.0,63590,63620,2378987,63614,0,63620,STANDBY
-0.03999999910593033,-0.17000000178813934,9.819999694824219,0.0,0.0,0.0,1019.7537231445312,19.030000686645508,0.2232964187860489,0.033604737371206284,0,0,0.0,0.0,0.0,0,0,-0.00045777764171361923,-41.36000061035156,0.009949034079909325,-0.965086817741394,0.0,63690,63720,2379082,63705,0,63720,STANDBY
-0.05000000074505806,-0.18000000715255737,9.819999694824219,0.0,0.0,0.0,1019.7537231445312,19.030000686645508,0.2232964187860489,0.021507032215595245,0,0,0.0,0.0,0.0,0,0,-0.0004882961511611938,-41.36000061035156,0.010040589608252048,-0.965422511100769,0.0,63790,63820,2379198,63819,0,63820,STANDBY
-0.03999999910593033,-0.18000000715255737,9.8100004196167,0.0,0.0,0.0,1019.7554931640625,19.030000686645508,0.20771759748458862,-0.04855078458786011,0,0,0.0,0.0,0.0,0,0,-0.0005188146606087685,-41.36000061035156,0.010010071098804474,-0.964964747428894,0.0,63890,63920,2379293,63916,0,63920,STANDBY
-0.03999999910593033,-0.1899999976158142,9.8100004196167,0.0,0.0,0.0,1019.7570190429688,19.030000686645508,0.19473525881767273,-0.08300185948610306,0,0,0.0,0.0,0.0,0,0,-0.0005798516795039177,-41.36000061035156,0.010071108117699623,-0.964812159538269,0.0,63990,64020,2379389,64011,0,64020,STANDBY
-0.05000000074505806,-0.18000000715255737,9.8100004196167,0.0,0.0,0.0,1019.7626342773438,19.040000915527344,0.1505952626466751,-0.22968117892742157,0,0,0.0,0.0,0.0,0,0,-0.00045777764171361923,-41.36000061035156,0.010101626627147198,-0.964690089225769,0.0,64090,64120,2379486,64107,0,64120,STANDBY
-0.05000000074505806,-0.1899999976158142,9.819999694824219,0.0,0.0,0.0,1019.7611083984375,19.040000915527344,0.16098114848136902,-0.11376112699508667,0,0,0.0,0.0,0.0,0,0,-0.00039674062281847,-41.36000061035156,0.010101626627147198,-0.964659571647644,0.0,64190,64220,2379581,64203,0,64220,STANDBY
-0.029999999329447746,-0.17000000178813934,9.8100004196167,0.0,0.0,0.0,1019.7611083984375,19.040000915527344,0.16098114848136902,-0.07280712574720383,0,0,0.0,0.0,0.0,0,0,-0.0004882961511611938,-41.36000061035156,0.010040589608252048,-0.964842677116394,0.0,64290,64320,2379697,64318,0,64320,STANDBY
-0.05000000074505806,-0.18000000715255737,9.819999694824219,0.0,0.0,0.0,1019.7611083984375,19.040000915527344,0.16098114848136902,-0.04659656062722206,0,0,0.0,0.0,0.0,0,0,-0.0005188146606087685,-41.36000061035156,0.010010071098804474,-0.964873194694519,0.0,64390,64420,2379793,64414,0,64420,STANDBY
-0.05000000074505806,-0.18000000715255737,9.8100004196167,0.0,0.0,0.0,1019.7577514648438,19.040000915527344,0.18954230844974518,0.06157391145825386,0,0,0.0,0.0,0.0,0,0,-0.0005188146606087685,-41.36000061035156,0.0099795525893569,-0.964690089225769,0.0,64490,64520,2379888,64509,0,64520,STANDBY
-0.05000000074505806,-0.18000000715255737,9.819999694824219,0.0,0.0,0.0,1019.7577514648438,19.040000915527344,0.18954230844974518,0.03940730541944504,0,0,0.0,0.0,0.0,0,0,-0.0004882961511611938,-41.36000061035156,0.0099795525893569,-0.964049220085144,0.0,64590,64620,2379984,64615,0,64620,STANDBY
-0.03999999910593033,-0.18000000715255737,9.8100004196167,0.0,0.0,0.0,1019.7577514648438,19.040000915527344,0.18954230844974518,0.014834798872470856,0,0,0.0,0.0,0.0,0,0,-0.0005188146606087685,-41.36000061035156,0.010040589608252048,-0.964537501335144,0.0,64690,64720,2380080,64702,0,64720,STANDBY
-0.05000000074505806,-0.18000000715255737,9.819999694824219,0.0,0.0,0.0,1019.756103515625,19.040000915527344,0.20252466201782227,0.061423685401678085,0,0,0.0,0.0,0.0,0,0,-0.0004272591322660446,-41.36000061035156,0.010132145136594772,-0.964384913444519,0.0,64790,64820,2380194,64817,0,64820,STANDBY
-0.05000000074505806,-0.18000000715255737,9.819999694824219,0.0,0.0,0.0,1019.756103515625,19.040000915527344,0.20252466201782227,0.039311159402132034,0,0,0.0,0.0,0.0,0,0,-0.00045777764171361923,-41.36000061035156,0.010162663646042347,-0.964903712272644,0.0,64890,64920,2380291,64912,0,64920,STANDBY
-0.03999999910593033,-0.1899999976158142,9.819999694824219,0.0,0.0,0.0,1019.756103515625,19.040000915527344,0.20252466201782227,0.025159141048789024,0,0,0.0,0.0,0.0,0,0,-0.00045777764171361923,-41.36000061035156,0.010193182155489922,-0.965056300163269,0.0,64990,65020,2380387,65008,0,65020,STANDBY
-0.05000000074505806,-0.18000000715255737,9.819999694824219,0.0,0.0,0.0,1019.756103515625,19.040000915527344,0.20252466201782227,0.01610185019671917,0,0,0.0,0.0,0.0,0,0,-0.0004272591322660446,-41.36000061035156,0.010101626627147198,-0.964445948600769,0.0,65090,65120,2380482,65103,0,65120,STANDBY
-0.05000000074505806,-0.18000000715255737,9.819999694824219,0.0,0.0,0.0,1019.756103515625,19.040000915527344,0.20252466201782227,0.010305183939635754,0,0,0.0,0.0,0.0,0,0,-0.00045777764171361923,-41.36000061035156,0.010101626627147198,-0.964842677116394,0.0,65190,65220,2380598,65219,0,65220,STANDBY
-0.029999999329447746,-0.1899999976158142,9.819999694824219,0.0,0.0,0.0,1019.7528076171875,19.040000915527344,0.22848936915397644,0.08968238532543182,0,0,0.0,0.0,0.0,0,0,-0.0005493331700563431,-41.36000061035156,0.010101626627147198,-0.964995265007019,0.0,65290,65320,2380693,65314,0,65320,STANDBY
-0.03999999910593033,-0.18000000715255737,9.819999694824219,0.0,0.0,0.0,1019.7511596679688,19.040000915527344,0.2440681904554367,0.107248954474926,0,0,0.0,0.0,0.0,0,0,-0.0005188146606087685,-41.36000061035156,0.010101626627147198,-0.964964747428894,0.0,65390,65420,2380788,65411,0,65420,STANDBY
-0.05000000074505806,-0.1899999976158142,9.819999694824219,0.0,0.0,0.0,1019.7535400390625,19.040000915527344,0.2232964187860489,0.002169662853702903,0,0,0.0,0.0,0.0,0,0,-0.0004882961511611938,-41.36000061035156,0.010223700664937496,-0.964781641960144,0.0,65490,65520,2380884,65506,0,65520,STANDBY
-0.05000000074505806,-0.1899999976158142,9.819999694824219,0.0,0.0,0.0,1019.74951171875,19.040000915527344,0.2570505440235138,0.10940178483724594,0,0,0.0,0.0,0.0,0,0,-0.0005188146606087685,-41.36000061035156,0.010223700664937496,-0.965117335319519,0.0,65590,65620,2380981,65614,0,65620,STANDBY
-0.03999999910593033,-0.1899999976158142,9.819999694824219,0.0,0.0,0.0,1019.7462768554688,19.040000915527344,0.28301525115966797,0.1801075041294098,0,0,0.0,0.0,0.0,0,0,-0.0005493331700563431,-41.36000061035156,0.010284737683832645,-0.965025782585144,0.0,65690,65720,2381095,65717,0,65720,STANDBY
-0.05000000074505806,-0.1899999976158142,9.800000190734863,0.0,0.0,0.0,1019.750244140625,19.040000915527344,0.24926112592220306,-0.019747696816921234,0,0,0.0,0.0,0.0,0,0,-0.00045777764171361923,-41.36000061035156,0.010284737683832645,-0.964659571647644,0.0,65790,65820,2381191,65813,0,65820,STANDBY
-0.05000000074505806,-0.1899999976158142,9.8100004196167,0.0,0.0,0.0,1019.7485961914062,19.040000915527344,0.26483994722366333,0.04967676103115082,0,0,0.0,0.0,0.0,0,0,-0.00039674062281847,-41.36000061035156,0.010223700664937496,-0.964110255241394,0.0,65890,65920,2381287,65908,0,65920,STANDBY
-0.03999999910593033,-0.20000000298023224,9.829999923706055,0.0,0.0,0.0,1019.7485961914062,19.040000915527344,0.26483994722366333,0.031793128699064255,0,0,0.0,0.0,0.0,0,0,-0.00039674062281847,-41.36000061035156,0.01031525619328022,-0.964293360710144,0.0,65990,66020,2381382,66004,0,66020,STANDBY
-0.05000000074505806,-0.1899999976158142,9.819999694824219,0.0,0.0,0.0,1019.7485961914062,19.040000915527344,0.26483994722366333,0.020347602665424347,0,0,0.0,0.0,0.0,0,0,-0.00033570360392332077,-41.36000061035156,0.010345774702727795,-0.964629054069519,0.0,66091,66120,2381498,66119,0,66120,STANDBY
-0.05000000074505806,-0.20000000298023224,9.819999694824219,0.0,0.0,0.0,1019.750244140625,19.040000915527344,0.24926112592220306,-0.04929281771183014,0,0,0.0,0.0,0.0,0,0,-0.00027466658502817154,-41.36000061035156,0.010467848740518093,-0.965391993522644,0.0,66191,66220,2381593,66215,0,66220,STANDBY
-0.03999999910593033,-0.1899999976158142,9.8100004196167,0.0,0.0,0.0,1019.7485961914062,19.040000915527344,0.26483994722366333,0.018304824829101562,0,0,0.0,0.0,0.0,0,0,-0.0004272591322660446,-41.36000061035156,0.010467848740518093,-0.965453028678894,0.0,66291,66320,2381689,66311,0,66320,STANDBY
-0.03999999910593033,-0.18000000715255737,9.819999694824219,0.0,0.0,0.0,1019.7485961914062,19.040000915527344,0.26483994722366333,0.011715088039636612,0,0,0.0,0.0,0.0,0,0,-0.00045777764171361923,-41.36000061035156,0.01025421917438507,-0.965239405632019,0.0,66391,66420,2381786,66407,0,66420,STANDBY
-0.03999999910593033,-0.18000000715255737,9.819999694824219,0.0,0.0,0.0,1019.7468872070312,19.040000915527344,0.2778222858905792,0.04904114082455635,0,0,0.0,0.0,0.0,0,0,-0.00045777764171361923,-41.36000061035156,0.010223700664937496,-0.965086817741394,0.0,66491,66520,2381881,66502,0,66520,STANDBY
-0.05000000074505806,-0.18000000715255737,9.819999694824219,0.0,0.0,0.0,1019.7453002929688,19.040000915527344,0.2908046543598175,0.07292991131544113,0,0,0.0,0.0,0.0,0,0,-0.0004272591322660446,-41.36000061035156,0.010162663646042347,-0.964629054069519,0.0,66591,66620,2381977,66619,0,66620,STANDBY
-0.03999999910593033,-0.18000000715255737,9.8100004196167,0.0,0.0,0.0,1019.747314453125,19.040000915527344,0.27522581815719604,0.007208738476037979,0,0,0.0,0.0,0.0,0,0,-0.0003662221133708954,-41.36000061035156,0.010101626627147198,-0.964384913444519,0.0,66691,66720,2382092,66713,0,66720,STANDBY
-0.05000000074505806,-0.18000000715255737,9.8100004196167,0.0,0.0,0.0,1019.74560546875,19.040000915527344,0.2882081866264343,0.05654306709766388,0,0,0.0,0.0,0.0,0,0,-0.00039674062281847,-41.36000061035156,0.010040589608252048,-0.964171290397644,0.0,66791,66820,2382188,66809,0,66820,STANDBY
-0.05000000074505806,-0.18000000715255737,9.829999923706055,0.0,0.0,0.0,1019.7440795898438,19.040000915527344,0.3011905252933502,0.08811691403388977,0,0,0.0,0.0,0.0,0,0,-0.00039674062281847,-41.36000061035156,0.010040589608252048,-0.964018702507019,0.0,66891,66920,2382283,66906,0,66920,STANDBY
-0.03999999910593033,-0.17000000178813934,9.819999694824219,0.0,0.0,0.0,1019.7440795898438,19.040000915527344,0.3011905252933502,0.056394826620817184,0,0,0.0,0.0,0.0,0,0,-0.0004272591322660446,-41.36000061035156,0.00991851557046175,-0.964049220085144,0.0,66991,67020,2382380,67001,0,67020,STANDBY
-0.05000000074505806,-0.18000000715255737,9.819999694824219,0.0,0.0,0.0,1019.74609375,19.040000915527344,0.28301525115966797,-0.03660840541124344,0,0,0.0,0.0,0.0,0,0,-0.00030518509447574615,-41.36000061035156,0.0098574785515666,-0.9633472561836243,0.0,67091,67120,2382494,67117,0,67120,STANDBY
-0.05000000074505806,-0.18000000715255737,9.829999923706055,0.0,0.0,0.0,1019.74609375,19.040000915527344,0.28301525115966797,-0.023429380729794502,0,0,0.0,0.0,0.0,0,0,-0.0002441480755805969,-41.36000061035156,0.009887997061014175,-0.9637134671211243,0.0,67191,67220,2382590,67212,0,67220,STANDBY
-0.05000000074505806,-0.1899999976158142,9.819999694824219,0.0,0.0,0.0,1019.7476806640625,19.040000915527344,0.2700328826904297,-0.05653838440775871,0,0,0.0,0.0,0.0,0,0,-0.00030518509447574615,-41.36000061035156,0.0098574785515666,-0.9638050198554993,0.0,67291,67320,2382687,67308,0,67320,STANDBY
-0.05000000074505806,-0.1899999976158142,9.8100004196167,0.0,0.0,0.0,1019.7476806640625,19.040000915527344,0.2700328826904297,-0.03618456795811653,0,0,0.0,0.0,0.0,0,0,-0.00030518509447574615,-41.36000061035156,0.009949034079909325,-0.9636524319648743,0.0,67391,67420,2382782,67404,0,67420,STANDBY
-0.05000000074505806,-0.18000000715255737,9.819999694824219,0.0,0.0,0.0,1019.7476806640625,19.040000915527344,0.2700328826904297,-0.023158123716711998,0,0,0.0,0.0,0.0,0,0,-0.00033570360392332077,-41.36000061035156,0.010162663646042347,-0.964354395866394,0.0,67491,67520,2382898,67519,0,67520,STANDBY
-0.05000000074505806,-0.18000000715255737,9.8100004196167,0.0,0.0,0.0,1019.7476806640625,19.040000915527344,0.2700328826904297,-0.014821200631558895,0,0,0.0,0.0,0.0,0,0,-0.00033570360392332077,-41.36000061035156,0.010193182155489922,-0.964476466178894,0.0,67592,67620,2382993,67617,0,67620,STANDBY
-0.05000000074505806,-0.18000000715255737,9.8100004196167,0.0,0.0,0.0,1019.75,19.049999237060547,0.25185760855674744,-0.09257255494594574,0,0,0.0,0.0,0.0,0,0,-0.00033570360392332077,-41.36000061035156,0.010162663646042347,-0.964537501335144,0.0,67692,67720,2383089,67710,0,67720,STANDBY
-0.03999999910593033,-0.1899999976158142,9.819999694824219,0.0,0.0,0.0,1019.75,19.049999237060547,0.25185760855674744,-0.05924643948674202,0,0,0.0,0.0,0.0,0,0,-0.0003662221133708954,-41.36000061035156,0.010162663646042347,-0.963896632194519,0.0,67792,67820,2383184,67807,0,67820,STANDBY
-0.05000000074505806,-0.17000000178813934,9.819999694824219,0.0,0.0,0.0,1019.7484130859375,19.049999237060547,0.26483994722366333,0.014011632651090622,0,0,0.0,0.0,0.0,0,0,-0.00033570360392332077,-41.36000061035156,0.010101626627147198,-0.9638050198554993,0.0,67892,67920,2383281,67902,0,67920,STANDBY
-0.05000000074505806,-0.1899999976158142,9.819999694824219,0.0,0.0,0.0,1019.75,19.049999237060547,0.25185760855674744,-0.042961910367012024,0,0,0.0,0.0,0.0,0,0,-0.00039674062281847,-41.36000061035156,0.010132145136594772,-0.964140772819519,0.0,67992,68020,2383395,68018,0,68020,STANDBY
-0.03999999910593033,-0.18000000715255737,9.819999694824219,0.0,0.0,0.0,1019.750732421875,19.049999237060547,0.24666465818881989,-0.0482674241065979,0,0,0.0,0.0,0.0,0,0,-0.00045777764171361923,-41.36000061035156,0.010132145136594772,-0.9638050198554993,0.0,68092,68120,2383492,68113,0,68120,STANDBY
-0.03999999910593033,-0.18000000715255737,9.8100004196167,0.0,0.0,0.0,1019.750732421875,19.049999237060547,0.24666465818881989,-0.03089115396142006,0,0,0.0,0.0,0.0,0,0,-0.0004272591322660446,-41.36000061035156,0.010071108117699623,-0.963927149772644,0.0,68192,68220,2383587,68209,0,68220,STANDBY
-0.03999999910593033,-0.18000000715255737,9.8100004196167,0.0,0.0,0.0,1019.7490844726562,19.049999237060547,0.259647011756897,0.021773193031549454,0,0,0.0,0.0,0.0,0,0,-0.00045777764171361923,-41.36000061035156,0.010071108117699623,-0.964293360710144,0.0,68292,68320,2383683,68304,0,68320,STANDBY
-0.05000000074505806,-0.18000000715255737,9.819999694824219,0.0,0.0,0.0,1019.7490844726562,19.049999237060547,0.259647011756897,0.013934843242168427,0,0,0.0,0.0,0.0,0,0,-0.0005188146606087685,-41.36000061035156,0.009949034079909325,-0.964568018913269,0.0,68392,68420,2383798,68420,0,68420,STANDBY
-0.029999999329447746,-0.18000000715255737,9.819999694824219,0.0,0.0,0.0,1019.7457885742188,19.049999237060547,0.28561171889305115,0.09200536459684372,0,0,0.0,0.0,0.0,0,0,-0.0006103701889514923,-41.36000061035156,0.009949034079909325,-0.964659571647644,0.0,68492,68520,2383894,68515,0,68520,STANDBY
-0.03999999910593033,-0.18000000715255737,9.819999694824219,0.0,0.0,0.0,1019.7474365234375,19.049999237060547,0.27262935042381287,0.017339855432510376,0,0,0.0,0.0,0.0,0,0,-0.0006408886983990669,-41.36000061035156,0.010010071098804474,-0.964476466178894,0.0,68592,68620,2383989,68617,0,68620,STANDBY
-0.05000000074505806,-0.18000000715255737,9.819999694824219,0.0,0.0,0.0,1019.7474365234375,19.049999237060547,0.27262935042381287,0.011097508482635021,0,0,0.0,0.0,0.0,0,0,-0.0005798516795039177,-41.36000061035156,0.0099795525893569,-0.964964747428894,0.0,68692,68720,2384086,68707,0,68720,STANDBY
-0.05000000074505806,-0.1899999976158142,9.819999694824219,0.0,0.0,0.0,1019.7474365234375,19.049999237060547,0.27262935042381287,0.007102405186742544,0,0,0.0,0.0,0.0,0,0,-0.0004882961511611938,-41.36000061035156,0.010040589608252048,-0.964751124382019,0.0,68792,68820,2384181,68803,0,68820,STANDBY
-0.05000000074505806,-0.17000000178813934,9.819999694824219,0.0,0.0,0.0,1019.7490844726562,19.049999237060547,0.259647011756897,-0.04738381505012512,0,0,0.0,0.0,0.0,0,0,-0.0004882961511611938,-41.36000061035156,0.00991851557046175,-0.964384913444519,0.0,68892,68920,2384296,68918,0,68920,STANDBY
-0.03999999910593033,-0.18000000715255737,9.819999694824219,0.0,0.0,0.0,1019.7546997070312,19.049999237060547,0.21550701558589935,-0.20688562095165253,0,0,0.0,0.0,0.0,0,0,-0.0005188146606087685,-41.36000061035156,0.009887997061014175,-0.964323878288269,0.0,68992,69020,2384392,69014,0,69020,STANDBY
-0.03999999910593033,-0.18000000715255737,9.8100004196167,0.0,0.0,0.0,1019.7546997070312,19.049999237060547,0.21550701558589935,-0.1324068009853363,0,0,0.0,0.0,0.0,0,0,-0.0005188146606087685,-41.36000061035156,0.009949034079909325,-0.964873194694519,0.0,69092,69120,2384488,69109,0,69120,STANDBY
-0.05000000074505806,-0.18000000715255737,9.819999694824219,0.0,0.0,0.0,1019.7530517578125,19.049999237060547,0.22848936915397644,-0.032810941338539124,0,0,0.0,0.0,0.0,0,0,-0.0005188146606087685,-41.36000061035156,0.00991851557046175,-0.964629054069519,0.0,69192,69220,2384584,69206,0,69220,STANDBY
-0.05000000074505806,-0.1899999976158142,9.8100004196167,0.0,0.0,0.0,1019.7530517578125,19.049999237060547,0.22848936915397644,-0.0209990032017231,0,0,0.0,0.0,0.0,0,0,-0.0005493331700563431,-41.36000061035156,0.009949034079909325,-0.963927149772644,0.0,69292,69320,2384679,69302,0,69320,STANDBY
-0.05000000074505806,-0.18000000715255737,9.8100004196167,0.0,0.0,0.0,1019.7546997070312,19.049999237060547,0.21550701558589935,-0.05498289689421654,0,0,0.0,0.0,0.0,0,0,-0.00039674062281847,-41.36000061035156,0.010010071098804474,-0.964323878288269,0.0,69392,69420,2384795,69416,0,69420,STANDBY
-0.03999999910593033,-0.18000000715255737,9.8100004196167,0.0,0.0,0.0,1019.7546997070312,19.049999237060547,0.21550701558589935,-0.035189054906368256,0,0,0.0,0.0,0.0,0,0,-0.00045777764171361923,-41.36000061035156,0.010132145136594772,-0.964476466178894,0.0,69492,69520,2384890,69513,0,69520,STANDBY
-0.03999999910593033,-0.18000000715255737,9.819999694824219,0.0,0.0,0.0,1019.7570190429688,19.049999237060547,0.19473525881767273,-0.08899062126874924,0,0,0.0,0.0,0.0,0,0,-0.0005493331700563431,-41.36000061035156,0.010040589608252048,-0.964232325553894,0.0,69592,69620,2384987,69618,0,69620,STANDBY
-0.03999999910593033,-0.17000000178813934,9.8100004196167,0.0,0.0,0.0,1019.7570190429688,19.049999237060547,0.19473525881767273,-0.056953996419906616,0,0,0.0,0.0,0.0,0,0,-0.0005493331700563431,-41.36000061035156,0.010040589608252048,-0.964506983757019,0.0,69692,69720,2385082,69703,0,69720,STANDBY
-0.03999999910593033,-0.1899999976158142,9.819999694824219,0.0,0.0,0.0,1019.7570190429688,19.049999237060547,0.19473525881767273,-0.046836428344249725,0,0,0.0,0.0,0.0,0,0,-0.0005188146606087685,-41.36000061035156,0.010071108117699623,-0.964506983757019,0.0,69792,69820,2385198,69819,0,69820,STANDBY
-0.05000000074505806,-0.18000000715255737,9.819999694824219,0.0,0.0,0.0,1019.75537109375,19.049999237060547,0.20771759748458862,0.021954039111733437,0,0,0.0,0.0,0.0,0,0,-0.00039674062281847,-41.36000061035156,0.010132145136594772,-0.964445948600769,0.0,69892,69920,2385293,69914,0,69920,STANDBY
-0.03999999910593033,-0.1899999976158142,9.8100004196167,0.0,0.0,0.0,1019.75537109375,19.049999237060547,0.20771759748458862,0.014050585217773914,0,0,0.0,0.0,0.0,0,0,-0.0004272591322660446,-41.36000061035156,0.010071108117699623,-0.964690089225769,0.0,69992,70020,2385389,70010,0,70020,STANDBY
-0.03999999910593033,-0.18000000715255737,9.819999694824219,0.0,0.0,0.0,1019.75537109375,19.049999237060547,0.20771759748458862,0.008992374874651432,0,0,0.0,0.0,0.0,0,0,-0.0004882961511611938,-41.36000061035156,0.010010071098804474,-0.964659571647644,0.0,70092,70120,2385484,70107,0,70120,STANDBY
-0.05000000074505806,-0.1899999976158142,9.8100004196167,0.0,0.0,0.0,1019.7576293945312,19.059999465942383,0.18954230844974518,-0.06694603711366653,0,0,0.0,0.0,0.0,0,0,-0.0004882961511611938,-41.36000061035156,0.010071108117699623,-0.964903712272644,0.0,70192,70220,2385581,70202,0,70220,STANDBY
-0.03999999910593033,-0.18000000715255737,9.819999694824219,0.0,0.0,0.0,1019.756103515625,19.059999465942383,0.20252466201782227,0.009083949029445648,0,0,0.0,0.0,0.0,0,0,-0.0005798516795039177,-41.36000061035156,0.0099795525893569,-0.964415431022644,0.0,70292,70320,2385695,70317,0,70320,STANDBY
-0.05000000074505806,-0.18000000715255737,9.819999694824219,0.0,0.0,0.0,1019.7528076171875,19.059999465942383,0.22848936915397644,0.08890079706907272,0,0,0.0,0.0,0.0,0,0,-0.0005493331700563431,-41.36000061035156,0.0099795525893569,-0.9636829495429993,0.0,70392,70420,2385792,70413,0,70420,STANDBY
-0.05000000074505806,-0.18000000715255737,9.8100004196167,0.0,0.0,0.0,1019.75439453125,19.059999465942383,0.21550701558589935,0.01616755686700344,0,0,0.0,0.0,0.0,0,0,-0.00039674062281847,-41.36000061035156,0.010010071098804474,-0.9636524319648743,0.0,70493,70520,2385887,70508,0,70520,STANDBY
-0.03999999910593033,-0.18000000715255737,9.819999694824219,0.0,0.0,0.0,1019.7528076171875,19.059999465942383,0.22848936915397644,0.051890768110752106,0,0,0.0,0.0,0.0,0,0,-0.00039674062281847,-41.36000061035156,0.010010071098804474,-0.9637745022773743,0.0,70593,70620,2385983,70618,0,70620,STANDBY
-0.03999999910593033,-0.17000000178813934,9.819999694824219,0.0,0.0,0.0,1019.7528076171875,19.059999465942383,0.22848936915397644,0.03321009501814842,0,0,0.0,0.0,0.0,0,0,-0.00033570360392332077,-41.36000061035156,0.009887997061014175,-0.9636219143867493,0.0,70693,70720,2386098,70719,0,70720,STANDBY
-0.03999999910593033,-0.1899999976158142,9.819999694824219,0.0,0.0,0.0,1019.7510986328125,19.059999465942383,0.2440681904554367,0.08356975018978119,0,0,0.0,0.0,0.0,0,0,-0.00045777764171361923,-41.36000061035156,0.009949034079909325,-0.9638355374336243,0.0,70793,70820,2386194,70815,0,70820,STANDBY
-0.029999999329447746,-0.18000000715255737,9.819999694824219,0.0,0.0,0.0,1019.747802734375,19.059999465942383,0.2700328826904297,0.15734341740608215,0,0,0.0,0.0,0.0,0,0,-0.0005188146606087685,-41.36000061035156,0.0099795525893569,-0.963896632194519,0.0,70893,70920,2386289,70912,0,70920,STANDBY
-0.05000000074505806,-0.1899999976158142,9.829999923706055,0.0,0.0,0.0,1019.7517700195312,19.059999465942383,0.23887524008750916,-0.02393077313899994,0,0,0.0,0.0,0.0,0,0,-0.0004272591322660446,-41.36000061035156,0.010040589608252048,-0.964537501335144,0.0,70993,71020,2386385,71007,0,71020,STANDBY
-0.05000000074505806,-0.18000000715255737,9.819999694824219,0.0,0.0,0.0,1019.7517700195312,19.059999465942383,0.23887524008750916,-0.01531569566577673,0,0,0.0,0.0,0.0,0,0,-0.00045777764171361923,-41.36000061035156,0.010040589608252048,-0.964354395866394,0.0,71093,71120,2386481,71103,0,71120,STANDBY
-0.05000000074505806,-0.17000000178813934,9.819999694824219,0.0,0.0,0.0,1019.75341796875,19.059999465942383,0.22589290142059326,-0.061731401830911636,0,0,0.0,0.0,0.0,0,0,-0.0005188146606087685,-41.36000061035156,0.009949034079909325,-0.9638050198554993,0.0,71193,71220,2386596,71218,0,71220,STANDBY
-0.029999999329447746,-0.17000000178813934,9.819999694824219,0.0,0.0,0.0,1019.7517700195312,19.059999465942383,0.23887524008750916,0.012421254068613052,0,0,0.0,0.0,0.0,0,0,-0.0005798516795039177,-41.36000061035156,0.00991851557046175,-0.964232325553894,0.0,71293,71320,2386692,71314,0,71320,STANDBY
-0.03999999910593033,-0.17000000178813934,9.819999694824219,0.0,0.0,0.0,1019.7517700195312,19.059999465942383,0.23887524008750916,0.007949602790176868,0,0,0.0,0.0,0.0,0,0,-0.0005798516795039177,-41.36000061035156,0.009887997061014175,-0.964293360710144,0.0,71393,71420,2386788,71409,0,71420,STANDBY
-0.05000000074505806,-0.18000000715255737,9.8100004196167,0.0,0.0,0.0,1019.7517700195312,19.059999465942383,0.23887524008750916,0.00508774584159255,0,0,0.0,0.0,0.0,0,0,-0.0005188146606087685,-41.36000061035156,0.0098574785515666,-0.964201807975769,0.0,71493,71520,2386884,71505,0,71520,STANDBY
-0.05000000074505806,-0.1899999976158142,9.8100004196167,0.0,0.0,0.0,1019.7517700195312,19.059999465942383,0.23887524008750916,0.0032561575062572956,0,0,0.0,0.0,0.0,0,0,-0.00045777764171361923,-41.36000061035156,0.010040589608252048,-0.964690089225769,0.0,71593,71620,2386979,71619,0,71620,STANDBY
-0.05000000074505806,-0.18000000715255737,9.819999694824219,0.0,0.0,0.0,1019.7517700195312,19.059999465942383,0.23887524008750916,0.0020839408971369267,0,0,0.0,0.0,0.0,0,0,-0.00039674062281847,-41.36000061035156,0.010071108117699623,-0.964415431022644,0.0,71693,71720,2387095,71716,0,71720,STANDBY
-0.03999999910593033,-0.1899999976158142,9.819999694824219,0.0,0.0,0.0,1019.754150390625,19.059999465942383,0.21810348331928253,-0.09213919937610626,0,0,0.0,0.0,0.0,0,0,-0.0004272591322660446,-41.36000061035156,0.010132145136594772,-0.964354395866394,0.0,71793,71820,2387190,71813,0,71820,STANDBY
-0.05000000074505806,-0.18000000715255737,9.8100004196167,0.0,0.0,0.0,1019.7525024414062,19.059999465942383,0.23108583688735962,-0.008057892322540283,0,0,0.0,0.0,0.0,0,0,-0.0004272591322660446,-41.36000061035156,0.010101626627147198,-0.964629054069519,0.0,71894,71920,2387287,71908,0,71920,STANDBY
-0.05000000074505806,-0.1899999976158142,9.8100004196167,0.0,0.0,0.0,1019.754150390625,19.059999465942383,0.21810348331928253,-0.05708646401762962,0,0,0.0,0.0,0.0,0,0,-0.00039674062281847,-41.36000061035156,0.010132145136594772,-0.964629054069519,0.0,71994,72020,2387382,72004,0,72020,STANDBY
-0.05000000074505806,-0.1899999976158142,9.819999694824219,0.0,0.0,0.0,1019.7525024414062,19.059999465942383,0.23108583688735962,0.015394076704978943,0,0,0.0,0.0,0.0,0,0,-0.00039674062281847,-41.36000061035156,0.010193182155489922,-0.964293360710144,0.0,72094,72120,2387497,72119,0,72120,STANDBY
-0.05000000074505806,-0.18000000715255737,9.8100004196167,0.0,0.0,0.0,1019.7525024414062,19.059999465942383,0.23108583688735962,0.009852209128439426,0,0,0.0,0.0,0.0,0,0,-0.00039674062281847,-41.36000061035156,0.010132145136594772,-0.964232325553894,0.0,72194,72220,2387593,72214,0,72220,STANDBY
-0.05000000074505806,-0.18000000715255737,9.829999923706055,0.0,0.0,0.0,1019.7525024414062,19.059999465942383,0.23108583688735962,0.006305413786321878,0,0,0.0,0.0,0.0,0,0,-0.0004272591322660446,-41.36000061035156,0.010101626627147198,-0.964079737663269,0.0,72294,72320,2387689,72310,0,72320,STANDBY
-0.05000000074505806,-0.18000000715255737,9.819999694824219,0.0,0.0,0.0,1019.7525024414062,19.059999465942383,0.23108583688735962,0.004035464953631163,0,0,0.0,0.0,0.0,0,0,-0.00039674062281847,-41.36000061035156,0.0099795525893569,-0.9637134671211243,0.0,72394,72420,2387784,72407,0,72420,STANDBY
-0.05000000074505806,-0.18000000715255737,9.829999923706055,0.0,0.0,0.0,1019.754150390625,19.059999465942383,0.21810348331928253,-0.038960833102464676,0,0,0.0,0.0,0.0,0,0,-0.00039674062281847,-41.36000061035156,0.010040589608252048,-0.964110255241394,0.0,72494,72520,2387880,72502,0,72520,STANDBY
-0.05000000074505806,-0.18000000715255737,9.8100004196167,0.0,0.0,0.0,1019.754150390625,19.059999465942383,0.21810348331928253,-0.024934934452176094,0,0,0.0,0.0,0.0,0,0,-0.00033570360392332077,-41.36000061035156,0.010040589608252048,-0.964232325553894,0.0,72594,72621,2387995,72619,0,72621,STANDBY
-0.03999999910593033,-0.1899999976158142,9.8100004196167,0.0,0.0,0.0,1019.754150390625,19.059999465942383,0.21810348331928253,-0.015958359465003014,0,0,0.0,0.0,0.0,0,0,-0.0003662221133708954,-41.36000061035156,0.010101626627147198,-0.964384913444519,0.0,72694,72721,2388091,72713,0,72721,STANDBY
-0.05000000074505806,-0.18000000715255737,9.8100004196167,0.0,0.0,0.0,1019.7525024414062,19.059999465942383,0.23108583688735962,0.031330179423093796,0,0,0.0,0.0,0.0,0,0,-0.00039674062281847,-41.36000061035156,0.010010071098804474,-0.964506983757019,0.0,72794,72821,2388187,72808,0,72821,STANDBY
-0.03999999910593033,-0.1899999976158142,9.819999694824219,0.0,0.0,0.0,1019.7548217773438,19.059999465942383,0.21291054785251617,-0.06303572654724121,0,0,0.0,0.0,0.0,0,0,-0.0004272591322660446,-41.36000061035156,0.010040589608252048,-0.964690089225769,0.0,72894,72921,2388283,72904,0,72921,STANDBY
-0.05000000074505806,-0.18000000715255737,9.819999694824219,0.0,0.0,0.0,1019.7531127929688,19.059999465942383,0.22589290142059326,0.011586550623178482,0,0,0.0,0.0,0.0,0,0,-0.00033570360392332077,-41.36000061035156,0.010010071098804474,-0.964568018913269,0.0,72994,73021,2388398,73019,0,73021,STANDBY
-0.05000000074505806,-0.1899999976158142,9.819999694824219,0.0,0.0,0.0,1019.7531127929688,19.059999465942383,0.22589290142059326,0.0074153924360871315,0,0,0.0,0.0,0.0,0,0,-0.00033570360392332077,-41.36000061035156,0.010040589608252048,-0.963927149772644,0.0,73094,73121,2388494,73115,0,73121,STANDBY
-0.05000000074505806,-0.1899999976158142,9.8100004196167,0.0,0.0,0.0,1019.7531127929688,19.059999465942383,0.22589290142059326,0.004745851270854473,0,0,0.0,0.0,0.0,0,0,-0.0004272591322660446,-41.36000061035156,0.010132145136594772,-0.964079737663269,0.0,73194,73221,2388590,73211,0,73221,STANDBY
-0.05000000074505806,-0.18000000715255737,9.8100004196167,0.0,0.0,0.0,1019.7515869140625,19.059999465942383,0.23887524008750916,0.054966699331998825,0,0,0.0,0.0,0.0,0,0,-0.0004272591322660446,-41.36000061035156,0.010071108117699623,-0.9637745022773743,0.0,73294,73321,2388685,73307,0,73321,STANDBY
-0.03999999910593033,-0.18000000715255737,9.8100004196167,0.0,0.0,0.0,1019.7531127929688,19.059999465942383,0.22589290142059326,-0.006364795845001936,0,0,0.0,0.0,0.0,0,0,-0.0004272591322660446,-41.36000061035156,0.010071108117699623,-0.9637439846992493,0.0,73394,73421,2388782,73403,0,73421,STANDBY
-0.03999999910593033,-0.18000000715255737,9.819999694824219,0.0,0.0,0.0,1019.7515869140625,19.059999465942383,0.23887524008750916,0.0374700129032135,0,0,0.0,0.0,0.0,0,0,-0.00045777764171361923,-41.36000061035156,0.010101626627147198,-0.963896632194519,0.0,73494,73521,2388896,73518,0,73521,STANDBY
-0.03999999910593033,-0.1899999976158142,9.819999694824219,0.0,0.0,0.0,1019.7515869140625,19.059999465942383,0.23887524008750916,0.02398080937564373,0,0,0.0,0.0,0.0,0,0,-0.0005798516795039177,-41.36000061035156,0.010162663646042347,-0.964537501335144,0.0,73594,73621,2388992,73619,0,73621,STANDBY
-0.03999999910593033,-0.18000000715255737,9.8100004196167,0.0,0.0,0.0,1019.7499389648438,19.059999465942383,0.25185760855674744,0.0568912997841835,0,0,0.0,0.0,0.0,0,0,-0.0006103701889514923,-41.36000061035156,0.010162663646042347,-0.964629054069519,0.0,73694,73721,2389088,73709,0,73721,STANDBY
-0.03999999910593033,-0.18000000715255737,9.819999694824219,0.0,0.0,0.0,1019.7499389648438,19.059999465942383,0.25185760855674744,0.03641043230891228,0,0,0.0,0.0,0.0,0,0,-0.0006408886983990669,-41.36000061035156,0.010071108117699623,-0.964568018913269,0.0,73794,73821,2389184,73805,0,73821,STANDBY
-0.05000000074505806,-0.18000000715255737,9.8100004196167,0.0,0.0,0.0,1019.7506103515625,19.06999969482422,0.24666465818881989,0.017071116715669632,0,0,0.0,0.0,0.0,0,0,-0.0005493331700563431,-41.36000061035156,0.010040589608252048,-0.964171290397644,0.0,73894,73921,2389299,73920,0,73921,STANDBY
-0.03999999910593033,-0.1899999976158142,9.819999694824219,0.0,0.0,0.0,1019.7489013671875,19.06999969482422,0.26224347949028015,0.07324080169200897,0,0,0.0,0.0,0.0,0,0,-0.0004882961511611938,-41.36000061035156,0.010101626627147198,-0.964384913444519,0.0,73994,74021,2389395,74016,0,74021,STANDBY
-0.03999999910593033,-0.1899999976158142,9.819999694824219,0.0,0.0,0.0,1019.7489013671875,19.06999969482422,0.26224347949028015,0.046874117106199265,0,0,0.0,0.0,0.0,0,0,-0.0005493331700563431,-41.36000061035156,0.010101626627147198,-0.964323878288269,0.0,74094,74121,2389490,74113,0,74121,STANDBY
-0.05000000074505806,-0.18000000715255737,9.8100004196167,0.0,0.0,0.0,1019.7489013671875,19.06999969482422,0.26224347949028015,0.02999943494796753,0,0,0.0,0.0,0.0,0,0,-0.0004882961511611938,-41.36000061035156,0.010162663646042347,-0.964568018913269,0.0,74194,74221,2389586,74208,0,74221,STANDBY
-0.05000000074505806,-0.18000000715255737,9.8100004196167,0.0,0.0,0.0,1019.7489013671875,19.06999969482422,0.26224347949028015,0.019199637696146965,0,0,0.0,0.0,0.0,0,0,-0.0004272591322660446,-41.36000061035156,0.010223700664937496,-0.964415431022644,0.0,74294,74321,2389683,74304,0,74321,STANDBY
-0.05000000074505806,-0.18000000715255737,9.819999694824219,0.0,0.0,0.0,1019.747314453125,19.06999969482422,0.27522581815719604,0.053831249475479126,0,0,0.0,0.0,0.0,0,0,-0.0004272591322660446,-41.36000061035156,0.010223700664937496,-0.964140772819519,0.0,74394,74421,2389797,74419,0,74421,STANDBY
-0.03999999910593033,-0.18000000715255737,9.8100004196167,0.0,0.0,0.0,1019.751220703125,19.06999969482422,0.24147172272205353,-0.07356110960245132,0,0,0.0,0.0,0.0,0,0,-0.0005188146606087685,-41.36000061035156,0.010132145136594772,-0.964018702507019,0.0,74494,74521,2389893,74515,0,74521,STANDBY
-0.03999999910593033,-0.1899999976158142,9.819999694824219,0.0,0.0,0.0,1019.7479858398438,19.06999969482422,0.2674364149570465,0.03600790724158287,0,0,0.0,0.0,0.0,0,0,-0.0006103701889514923,-41.36000061035156,0.010162663646042347,-0.964293360710144,0.0,74594,74621,2389989,74618,0,74621,STANDBY
-0.03999999910593033,-0.18000000715255737,9.819999694824219,0.0,0.0,0.0,1019.7479858398438,19.06999969482422,0.2674364149570465,0.02304506115615368,0,0,0.0,0.0,0.0,0,0,-0.0006714072078466415,-41.36000061035156,0.010132145136594772,-0.9638660550117493,0.0,74694,74721,2390085,74706,0,74721,STANDBY
-0.05000000074505806,-0.18000000715255737,9.819999694824219,0.0,0.0,0.0,1019.7463989257812,19.06999969482422,0.2804187536239624,0.056292325258255005,0,0,0.0,0.0,0.0,0,0,-0.0006103701889514923,-41.36000061035156,0.010162663646042347,-0.964262843132019,0.0,74795,74821,2390180,74803,0,74821,STANDBY
-0.05000000074505806,-0.1899999976158142,9.819999694824219,0.0,0.0,0.0,1019.7398681640625,19.06999969482422,0.33494463562965393,0.23128168284893036,0,0,0.0,0.0,0.0,0,0,-0.00039674062281847,-41.36000061035156,0.010193182155489922,-0.964354395866394,0.0,74895,74921,2390296,74917,0,74921,STANDBY
-0.05000000074505806,-0.1899999976158142,9.819999694824219,0.0,0.0,0.0,1019.7398681640625,19.06999969482422,0.33494463562965393,0.14802028238773346,0,0,0.0,0.0,0.0,0,0,-0.00039674062281847,-41.36000061035156,0.01025421917438507,-0.964629054069519,0.0,74995,75021,2390391,75013,0,75021,STANDBY
-0.03999999910593033,-0.18000000715255737,9.819999694824219,0.0,0.0,0.0,1019.7437744140625,19.06999969482422,0.3037869930267334,-0.02989758551120758,0,0,0.0,0.0,0.0,0,0,-0.0003662221133708954,-41.36000061035156,0.010284737683832645,-0.965056300163269,0.0,75095,75121,2390488,75109,0,75121,STANDBY
-0.05000000074505806,-0.18000000715255737,9.8100004196167,0.0,0.0,0.0,1019.7421264648438,19.06999969482422,0.3167693614959717,0.0327950194478035,0,0,0.0,0.0,0.0,0,0,-0.0003662221133708954,-41.36000061035156,0.010223700664937496,-0.964629054069519,0.0,75195,75222,2390583,75205,0,75222,STANDBY
-0.05000000074505806,-0.18000000715255737,9.819999694824219,0.0,0.0,0.0,1019.740478515625,19.06999969482422,0.3297517001628876,0.07291816920042038,0,0,0.0,0.0,0.0,0,0,-0.00030518509447574615,-41.36000061035156,0.010162663646042347,-0.964506983757019,0.0,75295,75322,2390699,75320,0,75322,STANDBY
-0.05000000074505806,-0.18000000715255737,9.819999694824219,0.0,0.0,0.0,1019.7388305664062,19.06999969482422,0.34273403882980347,0.08821111172437668,0,0,0.0,0.0,0.0,0,0,-0.0002136295661330223,-41.36000061035156,0.010132145136594772,-0.964049220085144,0.0,75395,75422,2390794,75416,0,75422,STANDBY
-0.05000000074505806,-0.18000000715255737,9.819999694824219,0.0,0.0,0.0,1019.7388305664062,19.06999969482422,0.34273403882980347,0.056455112993717194,0,0,0.0,0.0,0.0,0,0,-0.0001831110566854477,-41.36000061035156,0.010132145136594772,-0.964049220085144,0.0,75495,75522,2390890,75511,0,75522,STANDBY
-0.05000000074505806,-0.18000000715255737,9.8100004196167,0.0,0.0,0.0,1019.7388305664062,19.06999969482422,0.34273403882980347,0.036131273955106735,0,0,0.0,0.0,0.0,0,0,-0.00015259254723787308,-41.36000061035156,0.010101626627147198,-0.963957667350769,0.0,75595,75622,2390985,75620,0,75622,STANDBY
-0.05000000074505806,-0.1899999976158142,9.819999694824219,0.0,0.0,0.0,1019.7388305664062,19.06999969482422,0.34273403882980347,0.02312401495873928,0,0,0.0,0.0,0.0,0,0,-0.0001831110566854477,-41.36000061035156,0.010132145136594772,-0.964384913444519,0.0,75695,75722,2391081,75703,0,75722,STANDBY
-0.03999999910593033,-0.18000000715255737,9.8100004196167,0.0,0.0,0.0,1019.7371826171875,19.06999969482422,0.35571640729904175,0.056342948228120804,0,0,0.0,0.0,0.0,0,0,-0.0002136295661330223,-41.36000061035156,0.010162663646042347,-0.964659571647644,0.0,75795,75822,2391196,75817,0,75822,STANDBY
-0.03999999910593033,-0.18000000715255737,9.819999694824219,0.0,0.0,0.0,1019.7408447265625,19.06999969482422,0.3271552324295044,-0.055336274206638336,0,0,0.0,0.0,0.0,0,0,-0.00027466658502817154,-41.36000061035156,0.010162663646042347,-0.964629054069519,0.0,75895,75922,2391292,75914,0,75922,STANDBY
-0.03999999910593033,-0.18000000715255737,9.8100004196167,0.0,0.0,0.0,1019.7408447265625,19.06999969482422,0.3271552324295044,-0.03541521728038788,0,0,0.0,0.0,0.0,0,0,-0.0003662221133708954,-41.36000061035156,0.010162663646042347,-0.964934229850769,0.0,75995,76022,2391388,76010,0,76022,STANDBY
-0.05000000074505806,-0.18000000715255737,9.819999694824219,0.0,0.0,0.0,1019.7424926757812,19.06999969482422,0.3141728639602661,-0.07459521293640137,0,0,0.0,0.0,0.0,0,0,-0.00033570360392332077,-41.36000061035156,0.010101626627147198,-0.964445948600769,0.0,76095,76122,2391484,76105,0,76122,STANDBY
-0.05000000074505806,-0.1899999976158142,9.8100004196167,0.0,0.0,0.0,1019.7424926757812,19.06999969482422,0.3141728639602661,-0.047740936279296875,0,0,0.0,0.0,0.0,0,0,-0.00030518509447574615,-41.36000061035156,0.010193182155489922,-0.964232325553894,0.0,76195,76222,2391599,76220,0,76222,STANDBY
-0.03999999910593033,-0.1899999976158142,9.819999694824219,0.0,0.0,0.0,1019.7424926757812,19.06999969482422,0.3141728639602661,-0.03055419959127903,0,0,0.0,0.0,0.0,0,0,-0.00039674062281847,-41.36000061035156,0.010345774702727795,-0.964201807975769,0.0,76296,76322,2391695,76316,0,76322,STANDBY
-0.03999999910593033,-0.18000000715255737,9.8100004196167,0.0,0.0,0.0,1019.7464599609375,19.079999923706055,0.2804187536239624,-0.15457113087177277,0,0,0.0,0.0,0.0,0,0,-0.0003662221133708954,-41.36000061035156,0.01037629321217537,-0.964629054069519,0.0,76396,76422,2391790,76412,0,76422,STANDBY
-0.05000000074505806,-0.1899999976158142,9.8100004196167,0.0,0.0,0.0,1019.7464599609375,19.079999923706055,0.2804187536239624,-0.09892552345991135,0,0,0.0,0.0,0.0,0,0,-0.00039674062281847,-41.36000061035156,0.01037629321217537,-0.964506983757019,0.0,76496,76522,2391886,76508,0,76522,STANDBY
-0.05000000074505806,-0.18000000715255737,9.8100004196167,0.0,0.0,0.0,1019.7464599609375,19.079999923706055,0.2804187536239624,-0.0633123368024826,0,0,0.0,0.0,0.0,0,0,-0.00039674062281847,-41.36000061035156,0.01031525619328022,-0.964171290397644,0.0,76596,76622,2391983,76620,0,76622,STANDBY
-0.03999999910593033,-0.18000000715255737,9.819999694824219,0.0,0.0,0.0,1019.7464599609375,19.079999923706055,0.2804187536239624,-0.040519896894693375,0,0,0.0,0.0,0.0,0,0,-0.00039674062281847,-41.36000061035156,0.010223700664937496,-0.963957667350769,0.0,76696,76722,2392097,76719,0,76722,STANDBY
-0.05000000074505806,-0.18000000715255737,9.819999694824219,0.0,0.0,0.0,1019.744873046875,19.079999923706055,0.2934011220932007,0.015610843896865845,0,0,0.0,0.0,0.0,0,0,-0.00033570360392332077,-41.36000061035156,0.010223700664937496,-0.964079737663269,0.0,76796,76822,2392194,76815,0,76822,STANDBY
-0.05000000074505806,-0.18000000715255737,9.8100004196167,0.0,0.0,0.0,1019.7415771484375,19.079999923706055,0.32196229696273804,0.11177259683609009,0,0,0.0,0.0,0.0,0,0,-0.00033570360392332077,-41.36000061035156,0.01025421917438507,-0.964079737663269,0.0,76896,76922,2392289,76911,0,76922,STANDBY
-0.05000000074505806,-0.18000000715255737,9.8100004196167,0.0,0.0,0.0,1019.7415771484375,19.079999923706055,0.32196229696273804,0.07153446227312088,0,0,0.0,0.0,0.0,0,0,-0.00030518509447574615,-41.36000061035156,0.010193182155489922,-0.964140772819519,0.0,76996,77022,2392385,77006,0,77022,STANDBY
-0.05000000074505806,-0.1899999976158142,9.819999694824219,0.0,0.0,0.0,1019.7471923828125,19.079999923706055,0.27522581815719604,-0.14116385579109192,0,0,0.0,0.0,0.0,0,0,-0.00033570360392332077,-41.36000061035156,0.01031525619328022,-0.964018702507019,0.0,77096,77122,2392500,77122,0,77122,STANDBY
-0.05000000074505806,-0.18000000715255737,9.819999694824219,0.0,0.0,0.0,1019.7471923828125,19.079999923706055,0.27522581815719604,-0.0903448686003685,0,0,0.0,0.0,0.0,0,0,-0.00033570360392332077,-41.36000061035156,0.010223700664937496,-0.964079737663269,0.0,77196,77222,2392596,77217,0,77222,STANDBY
-0.05000000074505806,-0.1899999976158142,9.8100004196167,0.0,0.0,0.0,1019.7454833984375,19.079999923706055,0.2882081866264343,-0.005891244858503342,0,0,0.0,0.0,0.0,0,0,-0.0003662221133708954,-41.36000061035156,0.01025421917438507,-0.964384913444519,0.0,77296,77322,2392691,77314,0,77322,STANDBY
-0.05000000074505806,-0.1899999976158142,9.8100004196167,0.0,0.0,0.0,1019.7494506835938,19.079999923706055,0.2570505440235138,-0.12840096652507782,0,0,0.0,0.0,0.0,0,0,-0.0003662221133708954,-41.36000061035156,0.01031525619328022,-0.964293360710144,0.0,77396,77422,2392787,77409,0,77422,STANDBY
-0.05000000074505806,-0.17000000178813934,9.829999923706055,0.0,0.0,0.0,1019.747802734375,19.079999923706055,0.2700328826904297,-0.04063313826918602,0,0,0.0,0.0,0.0,0,0,-0.0003662221133708954,-41.36000061035156,0.01025421917438507,-0.964506983757019,0.0,77496,77522,2392884,77505,0,77522,STANDBY
-0.03999999910593033,-0.18000000715255737,9.829999923706055,0.0,0.0,0.0,1019.7462768554688,19.079999923706055,0.28301525115966797,0.015538371168076992,0,0,0.0,0.0,0.0,0,0,-0.0003662221133708954,-41.36000061035156,0.010132145136594772,-0.964720606803894,0.0,77596,77623,2392998,77621,0,77623,STANDBY
-0.05000000074505806,-0.18000000715255737,9.819999694824219,0.0,0.0,0.0,1019.7445068359375,19.079999923706055,0.29599758982658386,0.05148804187774658,0,0,0.0,0.0,0.0,0,0,-0.00039674062281847,-41.36000061035156,0.010132145136594772,-0.964842677116394,0.0,77696,77723,2393095,77716,0,77723,STANDBY
-0.05000000074505806,-0.1899999976158142,9.819999694824219,0.0,0.0,0.0,1019.7445068359375,19.079999923706055,0.29599758982658386,0.03295234963297844,0,0,0.0,0.0,0.0,0,0,-0.0004272591322660446,-41.36000061035156,0.010193182155489922,-0.964781641960144,0.0,77796,77824,2393190,77812,0,77824,STANDBY
-0.03999999910593033,-0.1899999976158142,9.819999694824219,0.0,0.0,0.0,1019.742919921875,19.079999923706055,0.30897992849349976,0.06263299286365509,0,0,0.0,0.0,0.0,0,0,-0.0004882961511611938,-41.36000061035156,0.010162663646042347,-0.964537501335144,0.0,77896,77924,2393286,77907,0,77924,STANDBY
-0.05000000074505806,-0.1899999976158142,9.819999694824219,0.0,0.0,0.0,1019.7452392578125,19.079999923706055,0.2908046543598175,-0.007689870893955231,0,0,0.0,0.0,0.0,0,0,-0.00045777764171361923,-41.36000061035156,0.010193182155489922,-0.964323878288269,0.0,77996,78024,2393401,78023,0,78024,STANDBY
-0.05000000074505806,-0.20000000298023224,9.8100004196167,0.0,0.0,0.0,1019.7379760742188,19.079999923706055,0.3505234718322754,0.23395375907421112,0,0,0.0,0.0,0.0,0,0,-0.0004882961511611938,-41.36000061035156,0.010223700664937496,-0.964079737663269,0.0,78096,78124,2393497,78118,0,78124,STANDBY
-0.05000000074505806,-0.18000000715255737,9.8100004196167,0.0,0.0,0.0,1019.7418823242188,19.079999923706055,0.31936582922935486,0.025099843740463257,0,0,0.0,0.0,0.0,0,0,-0.00030518509447574615,-41.36000061035156,0.010284737683832645,-0.964140772819519,0.0,78196,78224,2393592,78215,0,78224,STANDBY
-0.05000000074505806,-0.1899999976158142,9.8100004196167,0.0,0.0,0.0,1019.7418823242188,19.079999923706055,0.31936582922935486,0.016063900664448738,0,0,0.0,0.0,0.0,0,0,-0.00027466658502817154,-41.36000061035156,0.01025421917438507,-0.964171290397644,0.0,78296,78324,2393689,78311,0,78324,STANDBY
-0.05999999865889549,-0.1899999976158142,9.819999694824219,0.0,0.0,0.0,1019.7418823242188,19.079999923706055,0.31936582922935486,0.010280896909534931,0,0,0.0,0.0,0.0,0,0,-0.0002136295661330223,-41.36000061035156,0.010467848740518093,-0.964568018913269,0.0,78396,78424,2393785,78406,0,78424,STANDBY
-0.05000000074505806,-0.18000000715255737,9.819999694824219,0.0,0.0,0.0,1019.7418823242188,19.079999923706055,0.31936582922935486,0.0065797739662230015,0,0,0.0,0.0,0.0,0,0,-0.0002136295661330223,-41.36000061035156,0.010406811721622944,-0.964140772819519,0.0,78496,78524,2393900,78521,0,78524,STANDBY
-0.05000000074505806,-0.18000000715255737,9.8100004196167,0.0,0.0,0.0,1019.7418823242188,19.079999923706055,0.31936582922935486,0.00421105558052659,0,0,0.0,0.0,0.0,0,0,-0.0002136295661330223,-41.36000061035156,0.010284737683832645,-0.963957667350769,0.0,78596,78624,2393996,78621,0,78624,STANDBY
-0.03999999910593033,-0.18000000715255737,9.8100004196167,0.0,0.0,0.0,1019.7418823242188,19.079999923706055,0.31936582922935486,0.0026950757019221783,0,0,0.0,0.0,0.0,0,0,-0.00030518509447574615,-41.36000061035156,0.010162663646042347,-0.9634998440742493,0.0,78696,78724,2394091,78713,0,78724,STANDBY
-0.05000000074505806,-0.18000000715255737,9.819999694824219,0.0,0.0,0.0,1019.7452392578125,19.079999923706055,0.2908046543598175,-0.08967091143131256,0,0,0.0,0.0,0.0,0,0,-0.00027466658502817154,-41.36000061035156,0.010101626627147198,-0.9633777737617493,0.0,78796,78824,2394187,78809,0,78824,STANDBY
-0.03999999910593033,-0.1899999976158142,9.819999694824219,0.0,0.0,0.0,1019.7452392578125,19.079999923706055,0.2908046543598175,-0.057389385998249054,0,0,0.0,0.0,0.0,0,0,-0.00039674062281847,-41.36000061035156,0.010162663646042347,-0.9635913968086243,0.0,78896,78924,2394302,78924,0,78924,STANDBY
-0.05000000074505806,-0.18000000715255737,9.819999694824219,0.0,0.0,0.0,1019.7452392578125,19.079999923706055,0.2908046543598175,-0.03672920912504196,0,0,0.0,0.0,0.0,0,0,-0.0004272591322660446,-41.36000061035156,0.010071108117699623,-0.964049220085144,0.0,78996,79024,2394398,79020,0,79024,STANDBY
-0.05000000074505806,-0.1899999976158142,9.800000190734863,0.0,0.0,0.0,1019.7452392578125,19.079999923706055,0.2908046543598175,-0.02350669354200363,0,0,0.0,0.0,0.0,0,0,-0.0004272591322660446,-41.36000061035156,0.01031525619328022,-0.965025782585144,0.0,79096,79124,2394493,79116,0,79124,STANDBY
-0.05999999865889549,-0.1899999976158142,9.8100004196167,0.0,0.0,0.0,1019.7435913085938,19.079999923706055,0.3037869930267334,0.03688507154583931,0,0,0.0,0.0,0.0,0,0,-0.00033570360392332077,-41.36000061035156,0.01037629321217537,-0.965056300163269,0.0,79197,79224,2394590,79211,0,79224,STANDBY
-0.03999999910593033,-0.18000000715255737,9.8100004196167,0.0,0.0,0.0,1019.7452392578125,19.079999923706055,0.2908046543598175,-0.02832290716469288,0,0,0.0,0.0,0.0,0,0,-0.00030518509447574615,-41.36000061035156,0.010345774702727795,-0.964720606803894,0.0,79297,79324,2394685,79306,0,79324,STANDBY
-0.03999999910593033,-0.18000000715255737,9.819999694824219,0.0,0.0,0.0,1019.7435913085938,19.079999923706055,0.3037869930267334,0.03380269557237625,0,0,0.0,0.0,0.0,0,0,-0.0004272591322660446,-41.36000061035156,0.010223700664937496,-0.964720606803894,0.0,79397,79424,2394801,79422,0,79424,STANDBY
-0.05999999865889549,-0.1899999976158142,9.800000190734863,0.0,0.0,0.0,1019.7418823242188,19.079999923706055,0.31936582922935486,0.07148600369691849,0,0,0.0,0.0,0.0,0,0,-0.00039674062281847,-41.36000061035156,0.010284737683832645,-0.964781641960144,0.0,79497,79524,2394896,79518,0,79524,STANDBY
-0.05000000074505806,-0.18000000715255737,9.819999694824219,0.0,0.0,0.0,1019.7402954101562,19.079999923706055,0.33234816789627075,0.08729453384876251,0,0,0.0,0.0,0.0,0,0,-0.0003662221133708954,-41.36000061035156,0.010284737683832645,-0.964018702507019,0.0,79597,79624,2394992,79624,0,79624,STANDBY
-0.05000000074505806,-0.1899999976158142,9.8100004196167,0.0,0.0,0.0,1019.7402954101562,19.079999923706055,0.33234816789627075,0.05586850270628929,0,0,0.0,0.0,0.0,0,0,-0.00030518509447574615,-41.36000061035156,0.010284737683832645,-0.9637134671211243,0.0,79697,79724,2395087,79710,0,79724,STANDBY
-0.05000000074505806,-0.1899999976158142,9.8100004196167,0.0,0.0,0.0,1019.7386474609375,19.079999923706055,0.34533050656318665,0.0772993266582489,0,0,0.0,0.0,0.0,0,0,-0.00030518509447574615,-41.36000061035156,0.01031525619328022,-0.964140772819519,0.0,79797,79824,2395184,79805,0,79824,STANDBY
-0.05000000074505806,-0.1899999976158142,9.8100004196167,0.0,0.0,0.0,1019.74267578125,19.09000015258789,0.31157639622688293,-0.05854158475995064,0,0,0.0,0.0,0.0,0,0,-0.0004272591322660446,-41.36000061035156,0.01031525619328022,-0.964476466178894,0.0,79897,79924,2395298,79921,0,79924,STANDBY
-0.05000000074505806,-0.18000000715255737,9.819999694824219,0.0,0.0,0.0,1019.737060546875,19.079999923706055,0.3583128750324249,0.1120901107788086,0,0,0.0,0.0,0.0,0,0,-0.00030518509447574615,-41.36000061035156,0.010345774702727795,-0.964476466178894,0.0,79997,80024,2395395,80016,0,80024,STANDBY
-0.03999999910593033,-0.18000000715255737,9.8100004196167,0.0,0.0,0.0,1019.7393798828125,19.09000015258789,0.3375411033630371,-0.011349417269229889,0,0,0.0,0.0,0.0,0,0,-0.00030518509447574615,-41.36000061035156,0.01031525619328022,-0.964812159538269,0.0,80097,80124,2395490,80112,0,80124,STANDBY
-0.05000000074505806,-0.1899999976158142,9.8100004196167,0.0,0.0,0.0,1019.7393798828125,19.09000015258789,0.3375411033630371,-0.007263626903295517,0,0,0.0,0.0,0.0,0,0,-0.0003662221133708954,-41.36000061035156,0.01031525619328022,-0.964964747428894,0.0,80197,80224,2395586,80207,0,80224,STANDBY
-0.03999999910593033,-0.18000000715255737,9.819999694824219,0.0,0.0,0.0,1019.7410278320312,19.09000015258789,0.3245587646961212,-0.056578077375888824,0,0,0.0,0.0,0.0,0,0,-0.0004272591322660446,-41.36000061035156,0.01025421917438507,-0.964964747428894,0.0,80297,80324,2395701,80322,0,80324,STANDBY
-0.05000000074505806,-0.1899999976158142,9.819999694824219,0.0,0.0,0.0,1019.7410278320312,19.09000015258789,0.3245587646961212,-0.03620997071266174,0,0,0.0,0.0,0.0,0,0,-0.0004882961511611938,-41.36000061035156,0.01031525619328022,-0.964751124382019,0.0,80397,80424,2395796,80418,0,80424,STANDBY
-0.05000000074505806,-0.18000000715255737,9.819999694824219,0.0,0.0,0.0,1019.74267578125,19.09000015258789,0.31157639622688293,-0.07510385662317276,0,0,0.0,0.0,0.0,0,0,-0.00045777764171361923,-41.36000061035156,0.01031525619328022,-0.965056300163269,0.0,80497,80524,2395892,80514,0,80524,STANDBY
-0.05000000074505806,-0.1899999976158142,9.819999694824219,0.0,0.0,0.0,1019.74658203125,19.09000015258789,0.2804187536239624,-0.1477709263563156,0,0,0.0,0.0,0.0,0,0,-0.00039674062281847,-41.36000061035156,0.010284737683832645,-0.965239405632019,0.0,80598,80624,2395988,80622,0,80624,STANDBY
-0.05000000074505806,-0.1899999976158142,9.819999694824219,0.0,0.0,0.0,1019.74658203125,19.09000015258789,0.2804187536239624,-0.09457340091466904,0,0,0.0,0.0,0.0,0,0,-0.0004272591322660446,-41.36000061035156,0.01031525619328022,-0.965025782585144,0.0,80698,80724,2396084,80706,0,80724,STANDBY
-0.05000000074505806,-0.18000000715255737,9.8100004196167,0.0,0.0,0.0,1019.7449951171875,19.09000015258789,0.2934011220932007,-0.018983399495482445,0,0,0.0,0.0,0.0,0,0,-0.00045777764171361923,-41.36000061035156,0.01031525619328022,-0.965269923210144,0.0,80798,80824,2396199,80821,0,80824,STANDBY
-0.03999999910593033,-0.18000000715255737,9.8100004196167,0.0,0.0,0.0,1019.7433471679688,19.09000015258789,0.3063834607601166,0.029394108802080154,0,0,0.0,0.0,0.0,0,0,-0.00045777764171361923,-41.36000061035156,0.01025421917438507,-0.964842677116394,0.0,80898,80924,2396295,80917,0,80924,STANDBY
-0.03999999910593033,-0.1899999976158142,9.829999923706055,0.0,0.0,0.0,1019.74169921875,19.09000015258789,0.31936582922935486,0.07074170559644699,0,0,0.0,0.0,0.0,0,0,-0.0004272591322660446,-41.36000061035156,0.010193182155489922,-0.964598536491394,0.0,80998,81024,2396391,81012,0,81024,STANDBY
-0.05000000074505806,-0.18000000715255737,9.819999694824219,0.0,0.0,0.0,1019.74169921875,19.09000015258789,0.31936582922935486,0.04527469351887703,0,0,0.0,0.0,0.0,0,0,-0.00045777764171361923,-41.36000061035156,0.010132145136594772,-0.964537501335144,0.0,81098,81124,2396486,81108,0,81124,STANDBY
-0.05000000074505806,-0.18000000715255737,9.819999694824219,0.0,0.0,0.0,1019.74169921875,19.09000015258789,0.31936582922935486,0.028975805267691612,0,0,0.0,0.0,0.0,0,0,-0.00030518509447574615,-41.36000061035156,0.010071108117699623,-0.964293360710144,0.0,81198,81224,2396602,81223,0,81224,STANDBY
-0.05000000074505806,-0.1899999976158142,9.829999923706055,0.0,0.0,0.0,1019.739990234375,19.09000015258789,0.33494463562965393,0.08085974305868149,0,0,0.0,0.0,0.0,0,0,-0.00027466658502817154,-41.36000061035156,0.010162663646042347,-0.964201807975769,0.0,81298,81324,2396697,81318,0,81324,STANDBY
-0.03999999910593033,-0.18000000715255737,9.8100004196167,0.0,0.0,0.0,1019.74169921875,19.09000015258789,0.31936582922935486,-0.010564986616373062,0,0,0.0,0.0,0.0,0,0,-0.0002136295661330223,-41.36000061035156,0.010162663646042347,-0.964110255241394,0.0,81398,81424,2396793,81415,0,81424,STANDBY
-0.03999999910593033,-0.1899999976158142,9.8100004196167,0.0,0.0,0.0,1019.74560546875,19.09000015258789,0.2882081866264343,-0.13139216601848602,0,0,0.0,0.0,0.0,0,0,-0.0002441480755805969,-41.36000061035156,0.010193182155489922,-0.964201807975769,0.0,81498,81524,2396889,81511,0,81524,STANDBY
-0.03999999910593033,-0.18000000715255737,9.8100004196167,0.0,0.0,0.0,1019.74560546875,19.09000015258789,0.2882081866264343,-0.08409099280834198,0,0,0.0,0.0,0.0,0,0,-0.00033570360392332077,-41.36000061035156,0.010223700664937496,-0.964445948600769,0.0,81598,81624,2396985,81624,0,81624,STANDBY
-0.03999999910593033,-0.18000000715255737,9.8100004196167,0.0,0.0,0.0,1019.747314453125,19.09000015258789,0.27522581815719604,-0.09536182135343552,0,0,0.0,0.0,0.0,0,0,-0.0004272591322660446,-41.36000061035156,0.010101626627147198,-0.964720606803894,0.0,81698,81724,2397100,81722,0,81724,STANDBY
-0.05000000074505806,-0.18000000715255737,9.8100004196167,0.0,0.0,0.0,1019.747314453125,19.09000015258789,0.27522581815719604,-0.06103156879544258,0,0,0.0,0.0,0.0,0,0,-0.00039674062281847,-41.36000061035156,0.010040589608252048,-0.964751124382019,0.0,81798,81824,2397196,81817,0,81824,STANDBY
-0.03999999910593033,-0.1899999976158142,9.8100004196167,0.0,0.0,0.0,1019.747314453125,19.09000015258789,0.27522581815719604,-0.03906020522117615,0,0,0.0,0.0,0.0,0,0,-0.0004272591322660446,-41.36000061035156,0.010040589608252048,-0.964568018913269,0.0,81898,81924,2397292,81913,0,81924,STANDBY
-0.03999999910593033,-0.18000000715255737,9.819999694824219,0.0,0.0,0.0,1019.747314453125,19.09000015258789,0.27522581815719604,-0.014612667262554169,0,0,0.0,0.0,0.0,0,0,-0.00045777764171361923,-41.36000061035156,0.009949034079909325,-0.964476466178894,0.0,81998,82024,2397387,82010,0,82024,STANDBY
-0.03999999910593033,-0.18000000715255737,9.8100004196167,0.0,0.0,0.0,1019.7509155273438,19.09000015258789,0.2440681904554367,-0.1339826136827469,0,0,0.0,0.0,0.0,0,0,-0.0005493331700563431,-41.36000061035156,0.009949034079909325,-0.964568018913269,0.0,82098,82124,2397484,82105,0,82124,STANDBY
-0.03999999910593033,-0.17000000178813934,9.8100004196167,0.0,0.0,0.0,1019.752685546875,19.09000015258789,0.23108583688735962,-0.13767829537391663,0,0,0.0,0.0,0.0,0,0,-0.0005188146606087685,-41.36000061035156,0.009887997061014175,-0.964629054069519,0.0,82198,82224,2397598,82221,0,82224,STANDBY
-0.03999999910593033,-0.1899999976158142,9.8100004196167,0.0,0.0,0.0,1019.7509155273438,19.09000015258789,0.2440681904554367,-0.03618469834327698,0,0,0.0,0.0,0.0,0,0,-0.0005188146606087685,-41.36000061035156,0.0099795525893569,-0.964568018913269,0.0,82298,82324,2397694,82316,0,82324,STANDBY
-0.03999999910593033,-0.18000000715255737,9.8100004196167,0.0,0.0,0.0,1019.7509155273438,19.09000015258789,0.2440681904554367,-0.023158207535743713,0,0,0.0,0.0,0.0,0,0,-0.0005188146606087685,-41.36000061035156,0.010040589608252048,-0.964812159538269,0.0,82398,82424,2397790,82412,0,82424,STANDBY
-0.03999999910593033,-0.1899999976158142,9.8100004196167,0.0,0.0,0.0,1019.7509155273438,19.09000015258789,0.2440681904554367,-0.014821253716945648,0,0,0.0,0.0,0.0,0,0,-0.0006103701889514923,-41.36000061035156,0.010101626627147198,-0.964781641960144,0.0,82498,82524,2397886,82507,0,82524,STANDBY
-0.05000000074505806,-0.1899999976158142,9.8100004196167,0.0,0.0,0.0,1019.7509155273438,19.09000015258789,0.2440681904554367,-0.009485602378845215,0,0,0.0,0.0,0.0,0,0,-0.0005493331700563431,-41.36000061035156,0.010071108117699623,-0.964568018913269,0.0,82598,82625,2398001,82623,0,82625,STANDBY
-0.05000000074505806,-0.1899999976158142,9.8100004196167,0.0,0.0,0.0,1019.7493896484375,19.09000015258789,0.2570505440235138,0.035472746938467026,0,0,0.0,0.0,0.0,0,0,-0.0005188146606087685,-41.36000061035156,0.010071108117699623,-0.964262843132019,0.0,82698,82725,2398096,82718,0,82725,STANDBY
-0.05000000074505806,-0.1899999976158142,9.8100004196167,0.0,0.0,0.0,1019.7493896484375,19.09000015258789,0.2570505440235138,0.02270255796611309,0,0,0.0,0.0,0.0,0,0,-0.0004882961511611938,-41.36000061035156,0.010132145136594772,-0.964262843132019,0.0,82798,82825,2398192,82814,0,82825,STANDBY
-0.03999999910593033,-0.18000000715255737,9.819999694824219,0.0,0.0,0.0,1019.7493896484375,19.09000015258789,0.2570505440235138,0.01452963799238205,0,0,0.0,0.0,0.0,0,0,-0.00045777764171361923,-41.36000061035156,0.010071108117699623,-0.964506983757019,0.0,82898,82925,2398288,82910,0,82925,STANDBY
-0.03999999910593033,-0.1899999976158142,9.8100004196167,0.0,0.0,0.0,1019.7476806640625,19.09000015258789,0.2700328826904297,0.05084245279431343,0,0,0.0,0.0,0.0,0,0,-0.0005493331700563431,-41.36000061035156,0.010132145136594772,-0.964415431022644,0.0,82998,83025,2398403,83024,0,83025,STANDBY
-0.03999999910593033,-0.18000000715255737,9.819999694824219,0.0,0.0,0.0,1019.7516479492188,19.100000381469727,0.23887524008750916,-0.06716528534889221,0,0,0.0,0.0,0.0,0,0,-0.0006103701889514923,-41.36000061035156,0.010101626627147198,-0.964690089225769,0.0,83098,83125,2398499,83121,0,83125,STANDBY
-0.05000000074505806,-0.1899999976158142,9.819999694824219,0.0,0.0,0.0,1019.75,19.100000381469727,0.25185760855674744,0.008943691849708557,0,0,0.0,0.0,0.0,0,0,-0.0005493331700563431,-41.36000061035156,0.010162663646042347,-0.964476466178894,0.0,83198,83225,2398595,83217,0,83225,STANDBY
-0.05000000074505806,-0.1899999976158142,9.819999694824219,0.0,0.0,0.0,1019.7484130859375,19.100000381469727,0.26483994722366333,0.05765331909060478,0,0,0.0,0.0,0.0,0,0,-0.00045777764171361923,-41.36000061035156,0.01025421917438507,-0.964445948600769,0.0,83298,83325,2398691,83312,0,83325,STANDBY
-0.05000000074505806,-0.18000000715255737,9.829999923706055,0.0,0.0,0.0,1019.7484130859375,19.100000381469727,0.26483994722366333,0.03689812496304512,0,0,0.0,0.0,0.0,0,0,-0.0004272591322660446,-41.36000061035156,0.010284737683832645,-0.964629054069519,0.0,83398,83425,2398786,83408,0,83425,STANDBY
-0.03999999910593033,-0.1899999976158142,9.819999694824219,0.0,0.0,0.0,1019.7467041015625,19.100000381469727,0.2778222858905792,0.07452593743801117,0,0,0.0,0.0,0.0,0,0,-0.0005188146606087685,-41.36000061035156,0.010284737683832645,-0.964323878288269,0.0,83499,83525,2398902,83523,0,83525,STANDBY
-0.03999999910593033,-0.18000000715255737,9.8100004196167,0.0,0.0,0.0,1019.7467041015625,19.100000381469727,0.2778222858905792,0.04769660159945488,0,0,0.0,0.0,0.0,0,0,-0.0005493331700563431,-41.36000061035156,0.010223700664937496,-0.964232325553894,0.0,83599,83625,2398997,83623,0,83625,STANDBY
-0.03999999910593033,-0.18000000715255737,9.819999694824219,0.0,0.0,0.0,1019.750732421875,19.100000381469727,0.24666465818881989,-0.06917858123779297,0,0,0.0,0.0,0.0,0,0,-0.00045777764171361923,-41.36000061035156,0.010223700664937496,-0.964445948600769,0.0,83699,83725,2399093,83715,0,83725,STANDBY
-0.05000000074505806,-0.1899999976158142,9.819999694824219,0.0,0.0,0.0,1019.750732421875,19.100000381469727,0.24666465818881989,-0.04427429288625717,0,0,0.0,0.0,0.0,0,0,-0.0004272591322660446,-41.36000061035156,0.010223700664937496,-0.964720606803894,0.0,83799,83825,2399188,83811,0,83825,STANDBY
-0.05000000074505806,-0.18000000715255737,9.829999923706055,0.0,0.0,0.0,1019.7490844726562,19.100000381469727,0.259647011756897,0.013207984156906605,0,0,0.0,0.0,0.0,0,0,-0.00045777764171361923,-41.36000061035156,0.010193182155489922,-0.964659571647644,0.0,83899,83926,2399285,83906,0,83926,STANDBY
-0.05000000074505806,-0.18000000715255737,9.819999694824219,0.0,0.0,0.0,1019.7490844726562,19.100000381469727,0.259647011756897,0.008453110232949257,0,0,0.0,0.0,0.0,0,0,-0.0004272591322660446,-41.36000061035156,0.010193182155489922,-0.964506983757019,0.0,83999,84026,2399399,84021,0,84026,STANDBY
-0.03999999910593033,-0.1899999976158142,9.819999694824219,0.0,0.0,0.0,1019.7474365234375,19.100000381469727,0.27262935042381287,0.057339344173669815,0,0,0.0,0.0,0.0,0,0,-0.0004882961511611938,-41.36000061035156,0.010193182155489922,-0.964598536491394,0.0,84099,84126,2399495,84117,0,84126,STANDBY
-0.05000000074505806,-0.1899999976158142,9.819999694824219,0.0,0.0,0.0,1019.7481079101562,19.100000381469727,0.2674364149570465,0.015925440937280655,0,0,0.0,0.0,0.0,0,0,-0.0005188146606087685,-41.36000061035156,0.010223700664937496,-0.964537501335144,0.0,84199,84226,2399591,84212,0,84226,STANDBY
-0.03999999910593033,-0.18000000715255737,9.819999694824219,0.0,0.0,0.0,1019.7463989257812,19.100000381469727,0.2804187536239624,0.06212163716554642,0,0,0.0,0.0,0.0,0,0,-0.0005188146606087685,-41.36000061035156,0.010193182155489922,-0.964415431022644,0.0,84299,84326,2399687,84308,0,84326,STANDBY
-0.03999999910593033,-0.1899999976158142,9.819999694824219,0.0,0.0,0.0,1019.744873046875,19.100000381469727,0.2934011220932007,0.09168732166290283,0,0,0.0,0.0,0.0,0,0,-0.0005188146606087685,-41.36000061035156,0.010193182155489922,-0.964384913444519,0.0,84399,84426,2399802,84423,0,84426,STANDBY
-0.05000000074505806,-0.18000000715255737,9.819999694824219,0.0,0.0,0.0,1019.7431030273438,19.100000381469727,0.30897992849349976,0.12099511176347733,0,0,0.0,0.0,0.0,0,0,-0.0004882961511611938,-41.36000061035156,0.010162663646042347,-0.964873194694519,0.0,84499,84526,2399897,84519,0,84526,STANDBY
-0.05000000074505806,-0.18000000715255737,9.819999694824219,0.0,0.0,0.0,1019.7431030273438,19.100000381469727,0.30897992849349976,0.07743687182664871,0,0,0.0,0.0,0.0,0,0,-0.0004272591322660446,-41.36000061035156,0.010162663646042347,-0.965147852897644,0.0,84599,84626,2399993,84624,0,84626,STANDBY
-0.03999999910593033,-0.1899999976158142,9.8100004196167,0.0,0.0,0.0,1019.7431030273438,19.100000381469727,0.30897992849349976,0.04955960065126419,0,0,0.0,0.0,0.0,0,0,-0.00045777764171361923,-41.36000061035156,0.010162663646042347,-0.965208888053894,0.0,84699,84726,2400090,84711,0,84726,STANDBY
-0.05000000074505806,-0.18000000715255737,9.8100004196167,0.0,0.0,0.0,1019.7431030273438,19.100000381469727,0.30897992849349976,0.03171814605593681,0,0,0.0,0.0,0.0,0,0,-0.00039674062281847,-41.36000061035156,0.010223700664937496,-0.964751124382019,0.0,84799,84826,2400185,84806,0,84826,STANDBY
-0.03999999910593033,-0.1899999976158142,9.819999694824219,0.0,0.0,0.0,1019.7471923828125,19.100000381469727,0.27522581815719604,-0.08771353960037231,0,0,0.0,0.0,0.0,0,0,-0.0004272591322660446,-41.36000061035156,0.010193182155489922,-0.964842677116394,0.0,84899,84926,2400300,84922,0,84926,STANDBY
-0.03999999910593033,-0.1899999976158142,9.819999694824219,0.0,0.0,0.0,1019.7471923828125,19.100000381469727,0.27522581815719604,-0.05613666772842407,0,0,0.0,0.0,0.0,0,0,-0.0005188146606087685,-41.36000061035156,0.010223700664937496,-0.965086817741394,0.0,85000,85026,2400396,85017,0,85026,STANDBY
-0.05000000074505806,-0.1899999976158142,9.8100004196167,0.0,0.0,0.0,1019.7471923828125,19.100000381469727,0.27522581815719604,-0.03592747077345848,0,0,0.0,0.0,0.0,0,0,-0.0005493331700563431,-41.36000061035156,0.01025421917438507,-0.964598536491394,0.0,85100,85126,2400491,85113,0,85126,STANDBY
-0.05000000074505806,-0.1899999976158142,9.8100004196167,0.0,0.0,0.0,1019.7471923828125,19.100000381469727,0.27522581815719604,-0.022993581369519234,0,0,0.0,0.0,0.0,0,0,-0.0005188146606087685,-41.36000061035156,0.01025421917438507,-0.964201807975769,0.0,85200,85226,2400587,85209,0,85226,STANDBY
-0.05000000074505806,-0.17000000178813934,9.8100004196167,0.0,0.0,0.0,1019.7471923828125,19.100000381469727,0.27522581815719604,-0.014715892262756824,0,0,0.0,0.0,0.0,0,0,-0.00045777764171361923,-41.36000061035156,0.01025421917438507,-0.964598536491394,0.0,85300,85326,2400702,85323,0,85326,STANDBY
-0.03999999910593033,-0.1899999976158142,9.819999694824219,0.0,0.0,0.0,1019.7471923828125,19.100000381469727,0.27522581815719604,-0.009418170899152756,0,0,0.0,0.0,0.0,0,0,-0.00045777764171361923,-41.36000061035156,0.01037629321217537,-0.965147852897644,0.0,85400,85426,2400797,85420,0,85426,STANDBY
-0.03999999910593033,-0.1899999976158142,9.8100004196167,0.0,0.0,0.0,1019.7508544921875,19.110000610351562,0.24666465818881989,-0.12027227133512497,0,0,0.0,0.0,0.0,0,0,-0.0005188146606087685,-41.36000061035156,0.010284737683832645,-0.965056300163269,0.0,85500,85526,2400893,85515,0,85526,STANDBY
-0.05000000074505806,-0.1899999976158142,9.8100004196167,0.0,0.0,0.0,1019.7508544921875,19.110000610351562,0.24666465818881989,-0.07697425782680511,0,0,0.0,0.0,0.0,0,0,-0.0005798516795039177,-41.36000061035156,0.010406811721622944,-0.964934229850769,0.0,85600,85626,2400989,85624,0,85626,STANDBY
-0.03999999910593033,-0.18000000715255737,9.819999694824219,0.0,0.0,0.0,1019.7492065429688,19.110000610351562,0.259647011756897,-0.007719993591308594,0,0,0.0,0.0,0.0,0,0,-0.0006103701889514923,-41.36000061035156,0.010284737683832645,-0.964476466178894,0.0,85700,85726,2401085,85706,0,85726,STANDBY
-0.03999999910593033,-0.17000000178813934,9.8100004196167,0.0,0.0,0.0,1019.7474975585938,19.110000610351562,0.27262935042381287,0.0366026870906353,0,0,0.0,0.0,0.0,0,0,-0.0005493331700563431,-41.36000061035156,0.010162663646042347,-0.964812159538269,0.0,85800,85826,2401200,85821,0,85826,STANDBY
-0.05000000074505806,-0.1899999976158142,9.8100004196167,0.0,0.0,0.0,1019.7474975585938,19.110000610351562,0.27262935042381287,0.023425720632076263,0,0,0.0,0.0,0.0,0,0,-0.0005493331700563431,-41.36000061035156,0.010132145136594772,-0.964964747428894,0.0,85900,85926,2401296,85917,0,85926,STANDBY
-0.05000000074505806,-0.18000000715255737,9.819999694824219,0.0,0.0,0.0,1019.7492065429688,19.110000610351562,0.259647011756897,-0.02655102126300335,0,0,0.0,0.0,0.0,0,0,-0.0003662221133708954,-41.36000061035156,0.010162663646042347,-0.964964747428894,0.0,86000,86026,2401391,86013,0,86026,STANDBY
-0.05000000074505806,-0.1899999976158142,9.8100004196167,0.0,0.0,0.0,1019.7474975585938,19.110000610351562,0.27262935042381287,0.03493670001626015,0,0,0.0,0.0,0.0,0,0,-0.00030518509447574615,-41.36000061035156,0.010162663646042347,-0.964690089225769,0.0,86100,86126,2401487,86109,0,86126,STANDBY
-0.05000000074505806,-0.1899999976158142,9.8100004196167,0.0,0.0,0.0,1019.7474975585938,19.110000610351562,0.27262935042381287,0.022359488531947136,0,0,0.0,0.0,0.0,0,0,-0.00030518509447574615,-41.36000061035156,0.010162663646042347,-0.964720606803894,0.0,86200,86226,2401602,86223,0,86226,STANDBY
-0.05000000074505806,-0.1899999976158142,9.8100004196167,0.0,0.0,0.0,1019.7474975585938,19.110000610351562,0.27262935042381287,0.014310072176158428,0,0,0.0,0.0,0.0,0,0,-0.0002441480755805969,-41.36000061035156,0.010162663646042347,-0.964995265007019,0.0,86300,86326,2401698,86320,0,86326,STANDBY
-0.05000000074505806,-0.18000000715255737,9.819999694824219,0.0,0.0,0.0,1019.743896484375,19.100000381469727,0.3011905252933502,0.1234031468629837,0,0,0.0,0.0,0.0,0,0,-0.0002136295661330223,-41.36000061035156,0.010101626627147198,-0.964537501335144,0.0,86400,86426,2401794,86415,0,86426,STANDBY
-0.03999999910593033,-0.18000000715255737,9.819999694824219,0.0,0.0,0.0,1019.743896484375,19.100000381469727,0.3011905252933502,0.07897801697254181,0,0,0.0,0.0,0.0,0,0,-0.00027466658502817154,-41.36000061035156,0.010132145136594772,-0.964598536491394,0.0,86500,86526,2401890,86511,0,86526,STANDBY
-0.05000000074505806,-0.18000000715255737,9.8100004196167,0.0,0.0,0.0,1019.743896484375,19.100000381469727,0.3011905252933502,0.05054593086242676,0,0,0.0,0.0,0.0,0,0,-0.00030518509447574615,-41.36000061035156,0.010132145136594772,-0.964751124382019,0.0,86600,86628,2401985,86628,0,86628,STANDBY
-0.05000000074505806,-0.18000000715255737,9.8100004196167,0.0,0.0,0.0,1019.7474975585938,19.110000610351562,0.27262935042381287,-0.059046365320682526,0,0,0.0,0.0,0.0,0,0,-0.00027466658502817154,-41.36000061035156,0.010162663646042347,-0.964720606803894,0.0,86700,86728,2402100,86722,0,86728,STANDBY
-0.029999999329447746,-0.18000000715255737,9.819999694824219,0.0,0.0,0.0,1019.7492065429688,19.110000610351562,0.259647011756897,-0.07933316379785538,0,0,0.0,0.0,0.0,0,0,-0.0003662221133708954,-41.36000061035156,0.010101626627147198,-0.964476466178894,0.0,86800,86828,2402196,86817,0,86828,STANDBY
-0.03999999910593033,-0.18000000715255737,9.819999694824219,0.0,0.0,0.0,1019.7492065429688,19.110000610351562,0.259647011756897,-0.05077322944998741,0,0,0.0,0.0,0.0,0,0,-0.0004882961511611938,-41.36000061035156,0.010040589608252048,-0.964293360710144,0.0,86900,86928,2402291,86914,0,86928,STANDBY
-0.05000000074505806,-0.1899999976158142,9.819999694824219,0.0,0.0,0.0,1019.7492065429688,19.110000610351562,0.259647011756897,-0.03249486908316612,0,0,0.0,0.0,0.0,0,0,-0.00045777764171361923,-41.36000061035156,0.010071108117699623,-0.964140772819519,0.0,87000,87028,2402387,87009,0,87028,STANDBY
-0.05000000074505806,-0.18000000715255737,9.819999694824219,0.0,0.0,0.0,1019.7492065429688,19.110000610351562,0.259647011756897,-0.02079671621322632,0,0,0.0,0.0,0.0,0,0,-0.00033570360392332077,-41.36000061035156,0.010071108117699623,-0.9638355374336243,0.0,87100,87128,2402502,87124,0,87128,STANDBY
-0.05000000074505806,-0.1899999976158142,9.8100004196167,0.0,0.0,0.0,1019.7525024414062,19.110000610351562,0.23108583688735962,-0.11716870963573456,0,0,0.0,0.0,0.0,0,0,-0.00033570360392332077,-41.36000061035156,0.010101626627147198,-0.9638660550117493,0.0,87200,87228,2402598,87220,0,87228,STANDBY
-0.05000000074505806,-0.1899999976158142,9.8100004196167,0.0,0.0,0.0,1019.748779296875,19.100000381469727,0.26224347949028015,0.049642592668533325,0,0,0.0,0.0,0.0,0,0,-0.00033570360392332077,-41.36000061035156,0.010162663646042347,-0.964140772819519,0.0,87300,87328,2402694,87316,0,87328,STANDBY
-0.05000000074505806,-0.18000000715255737,9.8100004196167,0.0,0.0,0.0,1019.7508544921875,19.110000610351562,0.24666465818881989,-0.03054402396082878,0,0,0.0,0.0,0.0,0,0,-0.00027466658502817154,-41.36000061035156,0.010132145136594772,-0.964293360710144,0.0,87400,87428,2402790,87412,0,87428,STANDBY
-0.03999999910593033,-0.18000000715255737,9.819999694824219,0.0,0.0,0.0,1019.7508544921875,19.110000610351562,0.24666465818881989,-0.01954817585647106,0,0,0.0,0.0,0.0,0,0,-0.0003662221133708954,-41.36000061035156,0.010162663646042347,-0.964293360710144,0.0,87500,87528,2402905,87527,0,87528,STANDBY
-0.05000000074505806,-0.1899999976158142,9.8100004196167,0.0,0.0,0.0,1019.7471923828125,19.100000381469727,0.27522581815719604,0.10173380374908447,0,0,0.0,0.0,0.0,0,0,-0.0004272591322660446,-41.36000061035156,0.01025421917438507,-0.964568018913269,0.0,87600,87628,2403001,87624,0,87628,STANDBY
-0.05000000074505806,-0.18000000715255737,9.819999694824219,0.0,0.0,0.0,1019.7471923828125,19.100000381469727,0.27522581815719604,0.06510963290929794,0,0,0.0,0.0,0.0,0,0,-0.00039674062281847,-41.36000061035156,0.01031525619328022,-0.964659571647644,0.0,87700,87728,2403097,87718,0,87728,STANDBY
-0.03999999910593033,-0.1899999976158142,9.819999694824219,0.0,0.0,0.0,1019.7471923828125,19.100000381469727,0.27522581815719604,0.041670165956020355,0,0,0.0,0.0,0.0,0,0,-0.00039674062281847,-41.36000061035156,0.010345774702727795,-0.964964747428894,0.0,87800,87828,2403192,87814,0,87828,STANDBY
-0.05000000074505806,-0.18000000715255737,9.819999694824219,0.0,0.0,0.0,1019.7471923828125,19.100000381469727,0.27522581815719604,0.026668906211853027,0,0,0.0,0.0,0.0,0,0,-0.00039674062281847,-41.36000061035156,0.01025421917438507,-0.964781641960144,0.0,87901,87928,2403288,87910,0,87928,STANDBY
-0.05000000074505806,-0.18000000715255737,9.8100004196167,0.0,0.0,0.0,1019.7454833984375,19.100000381469727,0.2882081866264343,0.0586116798222065,0,0,0.0,0.0,0.0,0,0,-0.00039674062281847,-41.36000061035156,0.010223700664937496,-0.965086817741394,0.0,88001,88028,2403403,88025,0,88028,STANDBY
-0.029999999329447746,-0.18000000715255737,9.819999694824219,0.0,0.0,0.0,1019.7454833984375,19.100000381469727,0.2882081866264343,0.03751147910952568,0,0,0.0,0.0,0.0,0,0,-0.0005188146606087685,-41.36000061035156,0.010162663646042347,-0.965391993522644,0.0,88101,88128,2403499,88121,0,88128,STANDBY
-0.03999999910593033,-0.17000000178813934,9.819999694824219,0.0,0.0,0.0,1019.743896484375,19.100000381469727,0.3011905252933502,0.0759367048740387,0,0,0.0,0.0,0.0,0,0,-0.0006408886983990669,-41.36000061035156,0.0099795525893569,-0.965178370475769,0.0,88201,88228,2403595,88216,0,88228,STANDBY
-0.05000000074505806,-0.18000000715255737,9.819999694824219,0.0,0.0,0.0,1019.7454833984375,19.100000381469727,0.2882081866264343,-0.0033298619091510773,0,0,0.0,0.0,0.0,0,0,-0.0006408886983990669,-41.36000061035156,0.0099795525893569,-0.964873194694519,0.0,88301,88328,2403691,88312,0,88328,STANDBY
-0.05000000074505806,-0.1899999976158142,9.819999694824219,0.0,0.0,0.0,1019.743896484375,19.100000381469727,0.3011905252933502,0.04979824274778366,0,0,0.0,0.0,0.0,0,0,-0.0005798516795039177,-41.36000061035156,0.010071108117699623,-0.965208888053894,0.0,88401,88428,2403806,88427,0,88428,STANDBY
-0.05000000074505806,-0.17000000178813934,9.819999694824219,0.0,0.0,0.0,1019.743896484375,19.100000381469727,0.3011905252933502,0.031870875507593155,0,0,0.0,0.0,0.0,0,0,-0.0005493331700563431,-41.36000061035156,0.010040589608252048,-0.965391993522644,0.0,88501,88528,2403901,88523,0,88528,STANDBY
-0.05000000074505806,-0.1899999976158142,9.819999694824219,0.0,0.0,0.0,1019.7454833984375,19.100000381469727,0.2882081866264343,-0.03153199329972267,0,0,0.0,0.0,0.0,0,0,-0.0005188146606087685,-41.36000061035156,0.010040589608252048,-0.965361475944519,0.0,88601,88628,2403997,88626,0,88628,STANDBY
-0.03999999910593033,-0.18000000715255737,9.819999694824219,0.0,0.0,0.0,1019.7454833984375,19.100000381469727,0.2882081866264343,-0.0201804768294096,0,0,0.0,0.0,0.0,0,0,-0.0004882961511611938,-41.36000061035156,0.010040589608252048,-0.965208888053894,0.0,88701,88728,2404092,88715,0,88728,STANDBY
-0.05000000074505806,-0.18000000715255737,9.819999694824219,0.0,0.0,0.0,1019.7492065429688,19.110000610351562,0.259647011756897,-0.1043112650513649,0,0,0.0,0.0,0.0,0,0,-0.0004272591322660446,-41.36000061035156,0.010101626627147198,-0.965117335319519,0.0,88801,88828,2404189,88810,0,88828,STANDBY
-0.05000000074505806,-0.17000000178813934,9.829999923706055,0.0,0.0,0.0,1019.7471923828125,19.100000381469727,0.27522581815719604,-0.01690703071653843,0,0,0.0,0.0,0.0,0,0,-0.0003662221133708954,-41.36000061035156,0.0099795525893569,-0.965147852897644,0.0,88901,88928,2404303,88926,0,88928,STANDBY
-0.03999999910593033,-0.17000000178813934,9.819999694824219,0.0,0.0,0.0,1019.7508544921875,19.110000610351562,0.24666465818881989,-0.1022162064909935,0,0,0.0,0.0,0.0,0,0,-0.0003662221133708954,-41.36000061035156,0.0098574785515666,-0.964995265007019,0.0,89001,89028,2404400,89021,0,89028,STANDBY
-0.05000000074505806,-0.1899999976158142,9.819999694824219,0.0,0.0,0.0,1019.7508544921875,19.110000610351562,0.24666465818881989,-0.06541837751865387,0,0,0.0,0.0,0.0,0,0,-0.00045777764171361923,-41.36000061035156,0.00991851557046175,-0.964934229850769,0.0,89101,89128,2404495,89117,0,89128,STANDBY
-0.03999999910593033,-0.17000000178813934,9.819999694824219,0.0,0.0,0.0,1019.7492065429688,19.110000610351562,0.259647011756897,0.010061651468276978,0,0,0.0,0.0,0.0,0,0,-0.0004882961511611938,-41.36000061035156,0.00991851557046175,-0.964964747428894,0.0,89201,89228,2404591,89212,0,89228,STANDBY
-0.05000000074505806,-0.18000000715255737,9.819999694824219,0.0,0.0,0.0,1019.7492065429688,19.110000610351562,0.259647011756897,0.006439457181841135,0,0,0.0,0.0,0.0,0,0,-0.0005188146606087685,-41.36000061035156,0.0099795525893569,-0.964934229850769,0.0,89302,89328,2404706,89328,0,89328,STANDBY
-0.03999999910593033,-0.1899999976158142,9.8100004196167,0.0,0.0,0.0,1019.7492065429688,19.110000610351562,0.259647011756897,0.004121252801269293,0,0,0.0,0.0,0.0,0,0,-0.0005798516795039177,-41.36000061035156,0.010010071098804474,-0.965147852897644,0.0,89402,89428,2404802,89423,0,89428,STANDBY
-0.03999999910593033,-0.1899999976158142,9.819999694824219,0.0,0.0,0.0,1019.7492065429688,19.110000610351562,0.259647011756897,0.002637601923197508,0,0,0.0,0.0,0.0,0,0,-0.0006103701889514923,-41.36000061035156,0.010040589608252048,-0.964964747428894,0.0,89502,89528,2404897,89520,0,89528,STANDBY
-0.05000000074505806,-0.1899999976158142,9.819999694824219,0.0,0.0,0.0,1019.7548217773438,19.110000610351562,0.21291054785251617,-0.18525779247283936,0,0,0.0,0.0,0.0,0,0,-0.0006103701889514923,-41.36000061035156,0.010162663646042347,-0.965117335319519,0.0,89602,89631,2404994,89631,0,89631,STANDBY
-0.05000000074505806,-0.1899999976158142,9.8100004196167,0.0,0.0,0.0,1019.7548217773438,19.110000610351562,0.21291054785251617,-0.11856498569250107,0,0,0.0,0.0,0.0,0,0,-0.0005493331700563431,-41.36000061035156,0.010193182155489922,-0.964964747428894,0.0,89702,89731,2405108,89731,0,89731,STANDBY
-0.05000000074505806,-0.18000000715255737,9.819999694824219,0.0,0.0,0.0,1019.7548217773438,19.110000610351562,0.21291054785251617,-0.07588159292936325,0,0,0.0,0.0,0.0,0,0,-0.00045777764171361923,-41.36000061035156,0.010193182155489922,-0.964690089225769,0.0,89802,89831,2405203,89826,0,89831,STANDBY
-0.03999999910593033,-0.18000000715255737,9.819999694824219,0.0,0.0,0.0,1019.7531127929688,19.110000610351562,0.22589290142059326,-0.007020688150078058,0,0,0.0,0.0,0.0,0,0,-0.0005493331700563431,-41.36000061035156,0.010223700664937496,-0.964568018913269,0.0,89902,89931,2405300,89922,0,89931,STANDBY
-0.03999999910593033,-0.20000000298023224,9.8100004196167,0.0,0.0,0.0,1019.7531127929688,19.110000610351562,0.22589290142059326,-0.004493240732699633,0,0,0.0,0.0,0.0,0,0,-0.0005798516795039177,-41.36000061035156,0.010223700664937496,-0.964140772819519,0.0,90002,90031,2405396,90017,0,90031,STANDBY
-0.03999999910593033,-0.18000000715255737,9.8100004196167,0.0,0.0,0.0,1019.7554931640625,19.110000610351562,0.20771759748458862,-0.061036646366119385,0,0,0.0,0.0,0.0,0,0,-0.0006408886983990669,-41.36000061035156,0.01025421917438507,-0.964568018913269,0.0,90102,90131,2405491,90114,0,90131,STANDBY
-0.05000000074505806,-0.18000000715255737,9.829999923706055,0.0,0.0,0.0,1019.7538452148438,19.110000610351562,0.2206999510526657,0.012865960597991943,0,0,0.0,0.0,0.0,0,0,-0.0005188146606087685,-41.36000061035156,0.010162663646042347,-0.963988184928894,0.0,90202,90231,2405607,90228,0,90231,STANDBY
-0.03999999910593033,-0.1899999976158142,9.819999694824219,0.0,0.0,0.0,1019.7578125,19.110000610351562,0.18954230844974518,-0.11639635264873505,0,0,0.0,0.0,0.0,0,0,-0.0005188146606087685,-41.36000061035156,0.010162663646042347,-0.964079737663269,0.0,90302,90331,2405702,90324,0,90331,STANDBY
-0.05000000074505806,-0.18000000715255737,9.819999694824219,0.0,0.0,0.0,1019.7594604492188,19.110000610351562,0.1739634871482849,-0.13680896162986755,0,0,0.0,0.0,0.0,0,0,-0.0005493331700563431,-41.36000061035156,0.010132145136594772,-0.964171290397644,0.0,90402,90431,2405798,90420,0,90431,STANDBY
-0.03999999910593033,-0.1899999976158142,9.819999694824219,0.0,0.0,0.0,1019.7578125,19.110000610351562,0.18954230844974518,-0.025242455303668976,0,0,0.0,0.0,0.0,0,0,-0.0005188146606087685,-41.36000061035156,0.010101626627147198,-0.964049220085144,0.0,90502,90531,2405894,90516,0,90531,STANDBY
-0.05000000074505806,-0.17000000178813934,9.819999694824219,0.0,0.0,0.0,1019.7578125,19.110000610351562,0.18954230844974518,-0.016155172139406204,0,0,0.0,0.0,0.0,0,0,-0.0005188146606087685,-41.36000061035156,0.0099795525893569,-0.963957667350769,0.0,90602,90631,2406009,90631,0,90631,STANDBY
-0.03999999910593033,-0.18000000715255737,9.819999694824219,0.0,0.0,0.0,1019.7617797851562,19.1200008392334,0.15578819811344147,-0.14535574615001678,0,0,0.0,0.0,0.0,0,0,-0.0004882961511611938,-41.36000061035156,0.009887997061014175,-0.9637134671211243,0.0,90702,90731,2406105,90727,0,90731,STANDBY
-0.03999999910593033,-0.18000000715255737,9.8100004196167,0.0,0.0,0.0,1019.7601318359375,19.1200008392334,0.16877055168151855,-0.05148414894938469,0,0,0.0,0.0,0.0,0,0,-0.0004882961511611938,-41.36000061035156,0.0098574785515666,-0.964018702507019,0.0,90802,90831,2406201,90822,0,90831,STANDBY
-0.03999999910593033,-0.1899999976158142,9.819999694824219,0.0,0.0,0.0,1019.7601318359375,19.1200008392334,0.16877055168151855,-0.03294985741376877,0,0,0.0,0.0,0.0,0,0,-0.0005493331700563431,-41.36000061035156,0.00991851557046175,-0.964140772819519,0.0,90902,90931,2406297,90918,0,90931,STANDBY
-0.05000000074505806,-0.17000000178813934,9.8100004196167,0.0,0.0,0.0,1019.758544921875,19.1200008392334,0.18434937298297882,0.02876432053744793,0,0,0.0,0.0,0.0,0,0,-0.0004272591322660446,-41.36000061035156,0.00991851557046175,-0.964506983757019,0.0,91002,91031,2406392,91014,0,91031,STANDBY
-0.03999999910593033,-0.18000000715255737,9.819999694824219,0.0,0.0,0.0,1019.7601318359375,19.1200008392334,0.16877055168151855,-0.03144306316971779,0,0,0.0,0.0,0.0,0,0,-0.00039674062281847,-41.36000061035156,0.009949034079909325,-0.964720606803894,0.0,91102,91131,2406508,91129,0,91131,STANDBY
-0.03999999910593033,-0.18000000715255737,9.819999694824219,0.0,0.0,0.0,1019.7640380859375,19.1200008392334,0.13761290907859802,-0.11982802301645279,0,0,0.0,0.0,0.0,0,0,-0.0004272591322660446,-41.36000061035156,0.010071108117699623,-0.965819239616394,0.0,91202,91231,2406603,91225,0,91231,STANDBY
-0.03999999910593033,-0.18000000715255737,9.819999694824219,0.0,0.0,0.0,1019.7625122070312,19.1200008392334,0.1505952626466751,-0.024760521948337555,0,0,0.0,0.0,0.0,0,0,-0.0004882961511611938,-41.36000061035156,0.010101626627147198,-0.965788722038269,0.0,91302,91331,2406700,91321,0,91331,STANDBY
-0.03999999910593033,-0.18000000715255737,9.819999694824219,0.0,0.0,0.0,1019.7625122070312,19.1200008392334,0.1505952626466751,-0.0158467348664999,0,0,0.0,0.0,0.0,0,0,-0.0005798516795039177,-41.36000061035156,0.010162663646042347,-0.9659413695335388,0.0,91402,91431,2406795,91417,0,91431,STANDBY
-0.03999999910593033,-0.18000000715255737,9.819999694824219,0.0,0.0,0.0,1019.7625122070312,19.1200008392334,0.1505952626466751,-0.01014191098511219,0,0,0.0,0.0,0.0,0,0,-0.0005798516795039177,-41.36000061035156,0.010101626627147198,-0.965575098991394,0.0,91502,91531,2406891,91512,0,91531,STANDBY
-0.03999999910593033,-0.18000000715255737,9.819999694824219,0.0,0.0,0.0,1019.7608032226562,19.1200008392334,0.1635776162147522,0.04543859139084816,0,0,0.0,0.0,0.0,0,0,-0.0005798516795039177,-41.36000061035156,0.010040589608252048,-0.965605616569519,0.0,91602,91631,2406986,91631,0,91631,STANDBY
-0.05000000074505806,-0.18000000715255737,9.819999694824219,0.0,0.0,0.0,1019.7575073242188,19.1200008392334,0.19213879108428955,0.14332540333271027,0,0,0.0,0.0,0.0,0,0,-0.0005798516795039177,-41.36000061035156,0.00991851557046175,-0.965422511100769,0.0,91702,91731,2407102,91723,0,91731,STANDBY
-0.05000000074505806,-0.1899999976158142,9.819999694824219,0.0,0.0,0.0,1019.7575073242188,19.1200008392334,0.19213879108428955,0.09172826260328293,0,0,0.0,0.0,0.0,0,0,-0.0005493331700563431,-41.36000061035156,0.010101626627147198,-0.965727686882019,0.0,91802,91831,2407197,91820,0,91831,STANDBY
-0.05000000074505806,-0.18000000715255737,9.819999694824219,0.0,0.0,0.0,1019.7559204101562,19.1200008392334,0.20512112975120544,0.10024958103895187,0,0,0.0,0.0,0.0,0,0,-0.0004882961511611938,-41.36000061035156,0.010071108117699623,-0.965269923210144,0.0,91902,91931,2407293,91915,0,91931,STANDBY
-0.03999999910593033,-0.18000000715255737,9.819999694824219,0.0,0.0,0.0,1019.7542114257812,19.1200008392334,0.21810348331928253,0.10570325702428818,0,0,0.0,0.0,0.0,0,0,-0.00045777764171361923,-41.36000061035156,0.010040589608252048,-0.965117335319519,0.0,92002,92032,2407408,92030,0,92032,STANDBY
-0.03999999910593033,-0.18000000715255737,9.819999694824219,0.0,0.0,0.0,1019.752685546875,19.1200008392334,0.23108583688735962,0.10919361561536789,0,0,0.0,0.0,0.0,0,0,-0.0005493331700563431,-41.36000061035156,0.010010071098804474,-0.964934229850769,0.0,92102,92132,2407504,92126,0,92132,STANDBY
-0.05000000074505806,-0.17000000178813934,9.819999694824219,0.0,0.0,0.0,1019.7550048828125,19.1200008392334,0.21291054785251617,0.011722988449037075,0,0,0.0,0.0,0.0,0,0,-0.0005188146606087685,-41.36000061035156,0.0099795525893569,-0.965056300163269,0.0,92203,92232,2407600,92222,0,92232,STANDBY
-0.05000000074505806,-0.18000000715255737,9.8100004196167,0.0,0.0,0.0,1019.7516479492188,19.1200008392334,0.23887524008750916,0.10097560286521912,0,0,0.0,0.0,0.0,0,0,-0.00045777764171361923,-41.36000061035156,0.00991851557046175,-0.964934229850769,0.0,92303,92332,2407696,92317,0,92332,STANDBY
-0.03999999910593033,-0.20000000298023224,9.819999694824219,0.0,0.0,0.0,1019.75,19.1200008392334,0.25185760855674744,0.11655386537313461,0,0,0.0,0.0,0.0,0,0,-0.0005188146606087685,-41.36000061035156,0.010010071098804474,-0.964812159538269,0.0,92403,92432,2407791,92413,0,92432,STANDBY
-0.03999999910593033,-0.18000000715255737,9.800000190734863,0.0,0.0,0.0,1019.7484130859375,19.1200008392334,0.26483994722366333,0.12652382254600525,0,0,0.0,0.0,0.0,0,0,-0.0005188146606087685,-41.36000061035156,0.010071108117699623,-0.964934229850769,0.0,92503,92532,2407907,92528,0,92532,STANDBY
-0.03999999910593033,-0.17000000178813934,9.819999694824219,0.0,0.0,0.0,1019.7523193359375,19.1200008392334,0.2336823046207428,-0.04365532100200653,0,0,0.0,0.0,0.0,0,0,-0.00045777764171361923,-41.36000061035156,0.010010071098804474,-0.964629054069519,0.0,92603,92632,2408002,92631,0,92632,STANDBY
-0.03999999910593033,-0.1899999976158142,9.819999694824219,0.0,0.0,0.0,1019.7523193359375,19.1200008392334,0.2336823046207428,-0.027939407154917717,0,0,0.0,0.0,0.0,0,0,-0.0004882961511611938,-41.36000061035156,0.010010071098804474,-0.964659571647644,0.0,92703,92732,2408098,92720,0,92732,STANDBY
-0.05000000074505806,-0.20000000298023224,9.8100004196167,0.0,0.0,0.0,1019.7523193359375,19.1200008392334,0.2336823046207428,-0.01788122020661831,0,0,0.0,0.0,0.0,0,0,-0.00045777764171361923,-41.36000061035156,0.010071108117699623,-0.964415431022644,0.0,92803,92832,2408195,92816,0,92832,STANDBY
-0.05000000074505806,-0.18000000715255737,9.8100004196167,0.0,0.0,0.0,1019.7506103515625,19.1200008392334,0.24666465818881989,0.030099550262093544,0,0,0.0,0.0,0.0,0,0,-0.0004272591322660446,-41.36000061035156,0.010162663646042347,-0.965056300163269,0.0,92903,92932,2408309,92931,0,92932,STANDBY
-0.03999999910593033,-0.1899999976158142,9.819999694824219,0.0,0.0,0.0,1019.7490844726562,19.1200008392334,0.259647011756897,0.0608072467148304,0,0,0.0,0.0,0.0,0,0,-0.00045777764171361923,-41.36000061035156,0.010162663646042347,-0.964659571647644,0.0,93003,93032,2408404,93027,0,93032,STANDBY
-0.029999999329447746,-0.1899999976158142,9.819999694824219,0.0,0.0,0.0,1019.7514038085938,19.1299991607666,0.24147172272205353,-0.01924428716301918,0,0,0.0,0.0,0.0,0,0,-0.00045777764171361923,-41.36000061035156,0.010101626627147198,-0.964232325553894,0.0,93103,93132,2408501,93122,0,93132,STANDBY
-0.03999999910593033,-0.18000000715255737,9.819999694824219,0.0,0.0,0.0,1019.749755859375,19.1299991607666,0.2544540762901306,0.029227187857031822,0,0,0.0,0.0,0.0,0,0,-0.00045777764171361923,-41.36000061035156,0.010071108117699623,-0.964598536491394,0.0,93203,93232,2408596,93218,0,93232,STANDBY
-0.03999999910593033,-0.18000000715255737,9.8100004196167,0.0,0.0,0.0,1019.749755859375,19.1299991607666,0.2544540762901306,0.029091283679008484,0,0,0.0,0.0,0.0,0,0,-0.0005493331700563431,-41.36000061035156,0.010040589608252048,-0.964690089225769,0.0,93303,93332,2408692,93314,0,93332,STANDBY
-0.03999999910593033,-0.18000000715255737,9.829999923706055,0.0,0.0,0.0,1019.7481079101562,19.1299991607666,0.2674364149570465,0.07054777443408966,0,0,0.0,0.0,0.0,0,0,-0.0004882961511611938,-41.36000061035156,0.009949034079909325,-0.964506983757019,0.0,93403,93432,2408807,93429,0,93432,STANDBY
-0.03999999910593033,-0.18000000715255737,9.8100004196167,0.0,0.0,0.0,1019.7481079101562,19.1299991607666,0.2674364149570465,0.045150574296712875,0,0,0.0,0.0,0.0,0,0,-0.0004272591322660446,-41.36000061035156,0.00991851557046175,-0.964232325553894,0.0,93503,93532,2408903,93524,0,93532,STANDBY
-0.05000000074505806,-0.18000000715255737,9.819999694824219,0.0,0.0,0.0,1019.7521362304688,19.1299991607666,0.23627877235412598,-0.09573420137166977,0,0,0.0,0.0,0.0,0,0,-0.0004272591322660446,-41.36000061035156,0.00991851557046175,-0.963988184928894,0.0,93603,93633,2408998,93633,0,93633,STANDBY
-0.05000000074505806,-0.18000000715255737,9.829999923706055,0.0,0.0,0.0,1019.7521362304688,19.1299991607666,0.23627877235412598,-0.061269890516996384,0,0,0.0,0.0,0.0,0,0,-0.0003662221133708954,-41.36000061035156,0.010010071098804474,-0.964232325553894,0.0,93704,93733,2409095,93716,0,93733,STANDBY
-0.03999999910593033,-0.18000000715255737,9.819999694824219,0.0,0.0,0.0,1019.75048828125,19.1299991607666,0.24926112592220306,0.002330800984054804,0,0,0.0,0.0,0.0,0,0,-0.0004882961511611938,-41.36000061035156,0.00991851557046175,-0.964018702507019,0.0,93804,93833,2409209,93831,0,93833,STANDBY
-0.03999999910593033,-0.18000000715255737,9.8100004196167,0.0,0.0,0.0,1019.75048828125,19.1299991607666,0.24926112592220306,0.001491712755523622,0,0,0.0,0.0,0.0,0,0,-0.0005493331700563431,-41.36000061035156,0.009887997061014175,-0.964079737663269,0.0,93904,93933,2409306,93927,0,93933,STANDBY
-0.05000000074505806,-0.18000000715255737,9.819999694824219,0.0,0.0,0.0,1019.748779296875,19.1299991607666,0.26224347949028015,0.04249822720885277,0,0,0.0,0.0,0.0,0,0,-0.0006408886983990669,-41.36000061035156,0.0098574785515666,-0.964110255241394,0.0,94004,94033,2409401,94023,0,94033,STANDBY
-0.05000000074505806,-0.18000000715255737,9.819999694824219,0.0,0.0,0.0,1019.7510986328125,19.1299991607666,0.2440681904554367,-0.030962059274315834,0,0,0.0,0.0,0.0,0,0,-0.0005493331700563431,-41.36000061035156,0.00991851557046175,-0.964079737663269,0.0,94104,94133,2409497,94118,0,94133,STANDBY
-0.03999999910593033,-0.1899999976158142,9.819999694824219,0.0,0.0,0.0,1019.7510986328125,19.1299991607666,0.2440681904554367,-0.019815718755126,0,0,0.0,0.0,0.0,0,0,-0.0006103701889514923,-41.36000061035156,0.010040589608252048,-0.964110255241394,0.0,94204,94233,2409593,94215,0,94233,STANDBY
-0.05000000074505806,-0.1899999976158142,9.8100004196167,0.0,0.0,0.0,1019.7510986328125,19.1299991607666,0.2440681904554367,-0.012682060711085796,0,0,0.0,0.0,0.0,0,0,-0.0005188146606087685,-41.36000061035156,0.010040589608252048,-0.964049220085144,0.0,94304,94333,2409708,94329,0,94333,STANDBY
-0.05000000074505806,-0.18000000715255737,9.8100004196167,0.0,0.0,0.0,1019.7510986328125,19.1299991607666,0.2440681904554367,-0.008116519078612328,0,0,0.0,0.0,0.0,0,0,-0.0004272591322660446,-41.36000061035156,0.010132145136594772,-0.964293360710144,0.0,94404,94433,2409803,94425,0,94433,STANDBY
-0.05000000074505806,-0.1899999976158142,9.819999694824219,0.0,0.0,0.0,1019.7510986328125,19.1299991607666,0.2440681904554367,-0.005194572266191244,0,0,0.0,0.0,0.0,0,0,-0.0004272591322660446,-41.36000061035156,0.010132145136594772,-0.964537501335144,0.0,94504,94533,2409900,94521,0,94533,STANDBY
-0.03999999910593033,-0.18000000715255737,9.829999923706055,0.0,0.0,0.0,1019.7494506835938,19.1299991607666,0.2570505440235138,0.04860488697886467,0,0,0.0,0.0,0.0,0,0,-0.0004882961511611938,-41.36000061035156,0.010040589608252048,-0.964384913444519,0.0,94604,94633,2409995,94631,0,94633,STANDBY
-0.03999999910593033,-0.18000000715255737,9.819999694824219,0.0,0.0,0.0,1019.7531127929688,19.1299991607666,0.22589290142059326,-0.09352344274520874,0,0,0.0,0.0,0.0,0,0,-0.0004882961511611938,-41.36000061035156,0.010010071098804474,-0.964659571647644,0.0,94704,94733,2410109,94732,0,94733,STANDBY
-0.05000000074505806,-0.18000000715255737,9.819999694824219,0.0,0.0,0.0,1019.7531127929688,19.1299991607666,0.22589290142059326,-0.05985500290989876,0,0,0.0,0.0,0.0,0,0,-0.00045777764171361923,-41.36000061035156,0.0099795525893569,-0.964690089225769,0.0,94804,94833,2410206,94828,0,94833,STANDBY
-0.05000000074505806,-0.1899999976158142,9.819999694824219,0.0,0.0,0.0,1019.7531127929688,19.1299991607666,0.22589290142059326,-0.038307201117277145,0,0,0.0,0.0,0.0,0,0,-0.0004882961511611938,-41.36000061035156,0.010040589608252048,-0.964659571647644,0.0,94904,94934,2410302,94923,0,94934,STANDBY
-0.05000000074505806,-0.1899999976158142,9.819999694824219,0.0,0.0,0.0,1019.75146484375,19.1299991607666,0.24147172272205353,0.02533561922609806,0,0,0.0,0.0,0.0,0,0,-0.00045777764171361923,-41.36000061035156,0.010132145136594772,-0.964629054069519,0.0,95004,95034,2410397,95020,0,95034,STANDBY
-0.03999999910593033,-0.18000000715255737,9.829999923706055,0.0,0.0,0.0,1019.7498168945312,19.1299991607666,0.2544540762901306,0.057758331298828125,0,0,0.0,0.0,0.0,0,0,-0.00039674062281847,-41.36000061035156,0.010040589608252048,-0.964323878288269,0.0,95104,95134,2410493,95115,0,95134,STANDBY
-0.03999999910593033,-0.1899999976158142,9.8100004196167,0.0,0.0,0.0,1019.752197265625,19.139999389648438,0.2336823046207428,-0.029504338279366493,0,0,0.0,0.0,0.0,0,0,-0.0005188146606087685,-41.36000061035156,0.010101626627147198,-0.964384913444519,0.0,95204,95234,2410608,95229,0,95234,STANDBY
-0.05000000074505806,-0.18000000715255737,9.819999694824219,0.0,0.0,0.0,1019.75048828125,19.139999389648438,0.24926112592220306,0.043432507663965225,0,0,0.0,0.0,0.0,0,0,-0.00039674062281847,-41.36000061035156,0.010040589608252048,-0.964171290397644,0.0,95304,95334,2410704,95326,0,95334,STANDBY
-0.029999999329447746,-0.18000000715255737,9.8100004196167,0.0,0.0,0.0,1019.75048828125,19.139999389648438,0.24926112592220306,0.027796804904937744,0,0,0.0,0.0,0.0,0,0,-0.0004882961511611938,-41.36000061035156,0.0099795525893569,-0.964018702507019,0.0,95404,95434,2410800,95422,0,95434,STANDBY
-0.03999999910593033,-0.1899999976158142,9.8100004196167,0.0,0.0,0.0,1019.75048828125,19.139999389648438,0.24926112592220306,0.01778995618224144,0,0,0.0,0.0,0.0,0,0,-0.0005188146606087685,-41.36000061035156,0.0099795525893569,-0.964201807975769,0.0,95504,95534,2410896,95517,0,95534,STANDBY
-0.03999999910593033,-0.18000000715255737,9.829999923706055,0.0,0.0,0.0,1019.7542114257812,19.139999389648438,0.21810348331928253,-0.11324499547481537,0,0,0.0,0.0,0.0,0,0,-0.0005798516795039177,-41.36000061035156,0.00991851557046175,-0.964445948600769,0.0,95604,95634,2411011,95632,0,95634,STANDBY
-0.05000000074505806,-0.18000000715255737,9.829999923706055,0.0,0.0,0.0,1019.7542114257812,19.139999389648438,0.21810348331928253,-0.07247679680585861,0,0,0.0,0.0,0.0,0,0,-0.0005188146606087685,-41.36000061035156,0.0099795525893569,-0.964934229850769,0.0,95704,95734,2411107,95728,0,95734,STANDBY
-0.05000000074505806,-0.1899999976158142,9.819999694824219,0.0,0.0,0.0,1019.755859375,19.139999389648438,0.20512112975120544,-0.098314568400383,0,0,0.0,0.0,0.0,0,0,-0.0004272591322660446,-41.36000061035156,0.009949034079909325,-0.964751124382019,0.0,95804,95834,2411202,95824,0,95834,STANDBY
-0.05000000074505806,-0.18000000715255737,9.8100004196167,0.0,0.0,0.0,1019.755859375,19.139999389648438,0.20512112975120544,-0.06292133033275604,0,0,0.0,0.0,0.0,0,0,-0.00033570360392332077,-41.36000061035156,0.009949034079909325,-0.964079737663269,0.0,95904,95934,2411298,95920,0,95934,STANDBY
-0.03999999910593033,-0.18000000715255737,9.8100004196167,0.0,0.0,0.0,1019.7542114257812,19.139999389648438,0.21810348331928253,0.0012738794321194291,0,0,0.0,0.0,0.0,0,0,-0.0003662221133708954,-41.36000061035156,0.010010071098804474,-0.964079737663269,0.0,96004,96034,2411395,96016,0,96034,STANDBY
-0.05999999865889549,-0.1899999976158142,9.819999694824219,0.0,0.0,0.0,1019.755859375,19.139999389648438,0.20512112975120544,-0.04072824865579605,0,0,0.0,0.0,0.0,0,0,-0.00030518509447574615,-41.36000061035156,0.010193182155489922,-0.964201807975769,0.0,96104,96134,2411509,96131,0,96134,STANDBY
-0.05000000074505806,-0.18000000715255737,9.819999694824219,0.0,0.0,0.0,1019.755859375,19.139999389648438,0.20512112975120544,-0.02606607973575592,0,0,0.0,0.0,0.0,0,0,-0.00027466658502817154,-41.36000061035156,0.010193182155489922,-0.963988184928894,0.0,96204,96234,2411604,96227,0,96234,STANDBY
-0.05000000074505806,-0.18000000715255737,9.8100004196167,0.0,0.0,0.0,1019.7598266601562,19.139999389648438,0.17136701941490173,-0.12469544261693954,0,0,0.0,0.0,0.0,0,0,-0.00027466658502817154,-41.36000061035156,0.010193182155489922,-0.964110255241394,0.0,96304,96334,2411701,96323,0,96334,STANDBY
-0.03999999910593033,-0.18000000715255737,9.8100004196167,0.0,0.0,0.0,1019.7581176757812,19.139999389648438,0.186945840716362,-0.02995285391807556,0,0,0.0,0.0,0.0,0,0,-0.00030518509447574615,-41.36000061035156,0.010101626627147198,-0.9638355374336243,0.0,96404,96434,2411797,96418,0,96434,STANDBY
-0.03999999910593033,-0.18000000715255737,9.829999923706055,0.0,0.0,0.0,1019.756591796875,19.139999389648438,0.1999281942844391,0.03275958448648453,0,0,0.0,0.0,0.0,0,0,-0.0003662221133708954,-41.36000061035156,0.010071108117699623,-0.964049220085144,0.0,96504,96534,2411892,96515,0,96534,STANDBY
-0.05000000074505806,-0.18000000715255737,9.8100004196167,0.0,0.0,0.0,1019.7549438476562,19.139999389648438,0.21291054785251617,0.07289554923772812,0,0,0.0,0.0,0.0,0,0,-0.0003662221133708954,-41.36000061035156,0.010162663646042347,-0.964415431022644,0.0,96605,96635,2411988,96635,0,96635,STANDBY
-0.05000000074505806,-0.1899999976158142,9.8100004196167,0.0,0.0,0.0,1019.7589111328125,19.139999389648438,0.17915643751621246,-0.08836328983306885,0,0,0.0,0.0,0.0,0,0,-0.00030518509447574615,-41.36000061035156,0.010132145136594772,-0.964049220085144,0.0,96705,96735,2412103,96726,0,96735,STANDBY
-0.05000000074505806,-0.1899999976158142,9.8100004196167,0.0,0.0,0.0,1019.7589111328125,19.139999389648438,0.17915643751621246,-0.05655250698328018,0,0,0.0,0.0,0.0,0,0,-0.00033570360392332077,-41.36000061035156,0.010223700664937496,-0.964415431022644,0.0,96805,96835,2412199,96821,0,96835,STANDBY
-0.05000000074505806,-0.17000000178813934,9.819999694824219,0.0,0.0,0.0,1019.7572631835938,19.139999389648438,0.19473525881767273,0.013658622279763222,0,0,0.0,0.0,0.0,0,0,-0.0003662221133708954,-41.36000061035156,0.01025421917438507,-0.964506983757019,0.0,96905,96935,2412295,96917,0,96935,STANDBY
-0.03999999910593033,-0.18000000715255737,9.8100004196167,0.0,0.0,0.0,1019.7628173828125,19.149999618530273,0.14799879491329193,-0.14081516861915588,0,0,0.0,0.0,0.0,0,0,-0.00039674062281847,-41.36000061035156,0.010193182155489922,-0.964568018913269,0.0,97005,97035,2412410,97032,0,97035,STANDBY
-0.05000000074505806,-0.18000000715255737,9.819999694824219,0.0,0.0,0.0,1019.76123046875,19.149999618530273,0.16098114848136902,-0.048578180372714996,0,0,0.0,0.0,0.0,0,0,-0.00033570360392332077,-41.36000061035156,0.010162663646042347,-0.964201807975769,0.0,97105,97135,2412506,97128,0,97135,STANDBY
-0.05000000074505806,-0.1899999976158142,9.8100004196167,0.0,0.0,0.0,1019.7628173828125,19.149999618530273,0.14799879491329193,-0.07263356447219849,0,0,0.0,0.0,0.0,0,0,-0.00033570360392332077,-41.36000061035156,0.010193182155489922,-0.964415431022644,0.0,97205,97235,2412602,97223,0,97235,STANDBY
-0.05000000074505806,-0.18000000715255737,9.800000190734863,0.0,0.0,0.0,1019.76123046875,19.149999618530273,0.16098114848136902,-0.004941949155181646,0,0,0.0,0.0,0.0,0,0,-0.00033570360392332077,-41.36000061035156,0.010162663646042347,-0.964262843132019,0.0,97305,97335,2412697,97319,0,97335,STANDBY
-0.05000000074505806,-0.1899999976158142,9.819999694824219,0.0,0.0,0.0,1019.76513671875,19.149999618530273,0.1298235058784485,-0.12779341638088226,0,0,0.0,0.0,0.0,0,0,-0.00030518509447574615,-41.36000061035156,0.010193182155489922,-0.964506983757019,0.0,97405,97435,2412813,97434,0,97435,STANDBY
-0.05000000074505806,-0.18000000715255737,9.8100004196167,0.0,0.0,0.0,1019.76513671875,19.149999618530273,0.1298235058784485,-0.08178778737783432,0,0,0.0,0.0,0.0,0,0,-0.00027466658502817154,-41.36000061035156,0.010193182155489922,-0.964445948600769,0.0,97505,97536,2412908,97530,0,97536,STANDBY
-0.05000000074505806,-0.17000000178813934,9.8100004196167,0.0,0.0,0.0,1019.76513671875,19.149999618530273,0.1298235058784485,-0.0523441843688488,0,0,0.0,0.0,0.0,0,0,-0.00030518509447574615,-41.36000061035156,0.010040589608252048,-0.964232325553894,0.0,97605,97636,2413004,97633,0,97636,STANDBY
-0.05000000074505806,-0.1899999976158142,9.8100004196167,0.0,0.0,0.0,1019.76513671875,19.149999618530273,0.1298235058784485,-0.03350028023123741,0,0,0.0,0.0,0.0,0,0,-0.0003662221133708954,-41.36000061035156,0.010132145136594772,-0.964354395866394,0.0,97705,97736,2413100,97722,0,97736,STANDBY
-0.05000000074505806,-0.1899999976158142,9.8100004196167,0.0,0.0,0.0,1019.7636108398438,19.149999618530273,0.14280585944652557,0.030489234253764153,0,0,0.0,0.0,0.0,0,0,-0.00033570360392332077,-41.36000061035156,0.010162663646042347,-0.964171290397644,0.0,97805,97836,2413196,97817,0,97836,STANDBY
-0.05000000074505806,-0.1899999976158142,9.819999694824219,0.0,0.0,0.0,1019.7636108398438,19.149999618530273,0.14280585944652557,0.01951311156153679,0,0,0.0,0.0,0.0,0,0,-0.00030518509447574615,-41.36000061035156,0.010284737683832645,-0.964384913444519,0.0,97905,97936,2413310,97933,0,97936,STANDBY
-0.05000000074505806,-0.1899999976158142,9.819999694824219,0.0,0.0,0.0,1019.7636108398438,19.149999618530273,0.14280585944652557,0.012488391250371933,0,0,0.0,0.0,0.0,0,0,-0.00033570360392332077,-41.36000061035156,0.01025421917438507,-0.964140772819519,0.0,98006,98036,2413407,98028,0,98036,STANDBY
-0.05000000074505806,-0.18000000715255737,9.819999694824219,0.0,0.0,0.0,1019.76513671875,19.149999618530273,0.1298235058784485,-0.03355095908045769,0,0,0.0,0.0,0.0,0,0,-0.0003662221133708954,-41.36000061035156,0.010193182155489922,-0.964354395866394,0.0,98106,98136,2413502,98124,0,98136,STANDBY
-0.05000000074505806,-0.18000000715255737,9.8100004196167,0.0,0.0,0.0,1019.76513671875,19.149999618530273,0.1298235058784485,-0.021472614258527756,0,0,0.0,0.0,0.0,0,0,-0.00039674062281847,-41.36000061035156,0.010193182155489922,-0.964323878288269,0.0,98206,98236,2413598,98221,0,98236,STANDBY
-0.05000000074505806,-0.18000000715255737,9.819999694824219,0.0,0.0,0.0,1019.76513671875,19.149999618530273,0.1298235058784485,-0.013742473907768726,0,0,0.0,0.0,0.0,0,0,-0.0004272591322660446,-41.36000061035156,0.010132145136594772,-0.9613025188446045,0.0,98306,98336,2413713,98335,0,98336,STANDBY
-0.05000000074505806,-0.18000000715255737,9.819999694824219,0.0,0.0,0.0,1019.7636108398438,19.149999618530273,0.14280585944652557,0.05352011322975159,0,0,0.0,0.0,0.0,0,0,-0.00039674062281847,-41.36000061035156,0.010193182155489922,-0.9621875882148743,0.0,98406,98436,2413809,98430,0,98436,STANDBY
-0.05000000074505806,-0.18000000715255737,9.819999694824219,0.0,0.0,0.0,1019.7619018554688,19.149999618530273,0.15578819811344147,0.08618222922086716,0,0,0.0,0.0,0.0,0,0,-0.00039674062281847,-41.36000061035156,0.010132145136594772,-0.9624012112617493,0.0,98506,98536,2413905,98527,0,98536,STANDBY
-0.05000000074505806,-0.18000000715255737,9.8100004196167,0.0,0.0,0.0,1019.7619018554688,19.149999618530273,0.15578819811344147,0.05515662953257561,0,0,0.0,0.0,0.0,0,0,-0.00030518509447574615,-41.36000061035156,0.010071108117699623,-0.9628589749336243,0.0,98606,98636,2414001,98633,0,98636,STANDBY
-0.05000000074505806,-0.1899999976158142,9.829999923706055,0.0,0.0,0.0,1019.7619018554688,19.149999618530273,0.15578819811344147,0.03530024364590645,0,0,0.0,0.0,0.0,0,0,-0.00033570360392332077,-41.36000061035156,0.010071108117699623,-0.9632251858711243,0.0,98706,98736,2414097,98718,0,98736,STANDBY
-0.05000000074505806,-0.1899999976158142,9.8100004196167,0.0,0.0,0.0,1019.76025390625,19.149999618530273,0.16877055168151855,0.07452157139778137,0,0,0.0,0.0,0.0,0,0,-0.0003662221133708954,-41.36000061035156,0.010101626627147198,-0.9635913968086243,0.0,98806,98836,2414212,98833,0,98836,STANDBY
-0.05000000074505806,-0.18000000715255737,9.819999694824219,0.0,0.0,0.0,1019.7619018554688,19.149999618530273,0.15578819811344147,-0.004235606640577316,0,0,0.0,0.0,0.0,0,0,-0.0003662221133708954,-41.36000061035156,0.010132145136594772,-0.964049220085144,0.0,98906,98936,2414307,98929,0,98936,STANDBY
-0.03999999910593033,-0.1899999976158142,9.8100004196167,0.0,0.0,0.0,1019.765869140625,19.149999618530273,0.12463056296110153,-0.10241521894931793,0,0,0.0,0.0,0.0,0,0,-0.0004272591322660446,-41.36000061035156,0.010162663646042347,-0.964018702507019,0.0,99006,99036,2414403,99024,0,99036,STANDBY
-0.03999999910593033,-0.1899999976158142,9.819999694824219,0.0,0.0,0.0,1019.765869140625,19.149999618530273,0.12463056296110153,-0.06554574519395828,0,0,0.0,0.0,0.0,0,0,-0.00045777764171361923,-41.36000061035156,0.010132145136594772,-0.964262843132019,0.0,99106,99136,2414499,99121,0,99136,STANDBY
-0.05000000074505806,-0.18000000715255737,9.819999694824219,0.0,0.0,0.0,1019.7675170898438,19.149999618530273,0.10905174165964127,-0.09180150926113129,0,0,0.0,0.0,0.0,0,0,-0.00039674062281847,-41.36000061035156,0.010101626627147198,-0.964476466178894,0.0,99206,99236,2414614,99235,0,99236,STANDBY
-0.03999999910593033,-0.18000000715255737,9.829999923706055,0.0,0.0,0.0,1019.765869140625,19.149999618530273,0.12463056296110153,-0.008900738321244717,0,0,0.0,0.0,0.0,0,0,-0.0004882961511611938,-41.36000061035156,0.010132145136594772,-0.964629054069519,0.0,99306,99336,2414709,99332,0,99336,STANDBY
-0.03999999910593033,-0.17000000178813934,9.8100004196167,0.0,0.0,0.0,1019.765869140625,19.149999618530273,0.12463056296110153,-0.005696472711861134,0,0,0.0,0.0,0.0,0,0,-0.0004272591322660446,-41.36000061035156,0.010101626627147198,-0.964964747428894,0.0,99406,99436,2414806,99428,0,99436,STANDBY
-0.05000000074505806,-0.1899999976158142,9.8100004196167,0.0,0.0,0.0,1019.7642211914062,19.149999618530273,0.13761290907859802,0.048283640295267105,0,0,0.0,0.0,0.0,0,0,-0.0004272591322660446,-41.36000061035156,0.010071108117699623,-0.964751124382019,0.0,99506,99536,2414901,99523,0,99536,STANDBY
-0.03999999910593033,-0.18000000715255737,9.819999694824219,0.0,0.0,0.0,1019.7642211914062,19.149999618530273,0.13761290907859802,0.030901530757546425,0,0,0.0,0.0,0.0,0,0,-0.00039674062281847,-41.36000061035156,0.010132145136594772,-0.964629054069519,0.0,99606,99637,2414997,99635,0,99637,STANDBY
-0.03999999910593033,-0.1899999976158142,9.829999923706055,0.0,0.0,0.0,1019.7609252929688,19.149999618530273,0.1635776162147522,0.12363581359386444,0,0,0.0,0.0,0.0,0,0,-0.0004882961511611938,-41.36000061035156,0.010071108117699623,-0.964659571647644,0.0,99706,99737,2415112,99734,0,99737,STANDBY
-0.05000000074505806,-0.1899999976158142,9.819999694824219,0.0,0.0,0.0,1019.7633056640625,19.149999618530273,0.14280585944652557,-0.003960102796554565,0,0,0.0,0.0,0.0,0,0,-0.0005188146606087685,-41.36000061035156,0.010223700664937496,-0.964659571647644,0.0,99806,99837,2415208,99829,0,99837,STANDBY
-0.05000000074505806,-0.1899999976158142,9.819999694824219,0.0,0.0,0.0,1019.7615356445312,19.149999618530273,0.15838468074798584,0.059780821204185486,0,0,0.0,0.0,0.0,0,0,-0.0005493331700563431,-41.36000061035156,0.010193182155489922,-0.964384913444519,0.0,99906,99937,2415304,99926,0,99937,STANDBY
-0.05000000074505806,-0.18000000715255737,9.8100004196167,0.0,0.0,0.0,1019.760009765625,19.149999618530273,0.17136701941490173,0.0798032134771347,0,0,0.0,0.0,0.0,0,0,-0.0005188146606087685,-41.36000061035156,0.010193182155489922,-0.964323878288269,0.0,100006,100037,2415399,100022,0,100037,STANDBY
-0.05000000074505806,-0.1899999976158142,9.819999694824219,0.0,0.0,0.0,1019.75830078125,19.149999618530273,0.18434937298297882,0.09261759370565414,0,0,0.0,0.0,0.0,0,0,-0.0004882961511611938,-41.36000061035156,0.010193182155489922,-0.964445948600769,0.0,100106,100137,2415514,100136,0,100137,STANDBY
-0.03999999910593033,-0.1899999976158142,9.8100004196167,0.0,0.0,0.0,1019.7567138671875,19.149999618530273,0.1973317265510559,0.10081880539655685,0,0,0.0,0.0,0.0,0,0,-0.0004272591322660446,-41.36000061035156,0.010284737683832645,-0.964476466178894,0.0,100206,100237,2415610,100233,0,100237,STANDBY
-0.03999999910593033,-0.18000000715255737,9.8100004196167,0.0,0.0,0.0,1019.7567138671875,19.149999618530273,0.1973317265510559,0.06452403962612152,0,0,0.0,0.0,0.0,0,0,-0.00039674062281847,-41.36000061035156,0.01025421917438507,-0.964598536491394,0.0,100306,100337,2415707,100328,0,100337,STANDBY
-0.05000000074505806,-0.1899999976158142,9.8100004196167,0.0,0.0,0.0,1019.7550048828125,19.149999618530273,0.21291054785251617,0.09114761650562286,0,0,0.0,0.0,0.0,0,0,-0.00027466658502817154,-41.36000061035156,0.010223700664937496,-0.964690089225769,0.0,100406,100438,2415802,100424,0,100438,STANDBY
-0.05000000074505806,-0.1899999976158142,9.8100004196167,0.0,0.0,0.0,1019.759033203125,19.15999984741211,0.17915643751621246,-0.049678679555654526,0,0,0.0,0.0,0.0,0,0,-0.00027466658502817154,-41.36000061035156,0.010223700664937496,-0.964415431022644,0.0,100506,100538,2415898,100519,0,100538,STANDBY
-0.05000000074505806,-0.18000000715255737,9.8100004196167,0.0,0.0,0.0,1019.7556762695312,19.15999984741211,0.20512112975120544,0.07206441462039948,0,0,0.0,0.0,0.0,0,0,-0.0001831110566854477,-41.36000061035156,0.010193182155489922,-0.963988184928894,0.0,100606,100638,2416013,100634,0,100638,STANDBY
-0.03999999910593033,-0.18000000715255737,9.8100004196167,0.0,0.0,0.0,1019.75732421875,19.15999984741211,0.19213879108428955,-0.005808129906654358,0,0,0.0,0.0,0.0,0,0,-0.0002441480755805969,-41.36000061035156,0.010132145136594772,-0.963896632194519,0.0,100706,100738,2416109,100730,0,100738,STANDBY
-0.03999999910593033,-0.18000000715255737,9.8100004196167,0.0,0.0,0.0,1019.7540893554688,19.15999984741211,0.21810348331928253,0.10014156252145767,0,0,0.0,0.0,0.0,0,0,-0.0002136295661330223,-41.36000061035156,0.010040589608252048,-0.964384913444519,0.0,100806,100838,2416204,100827,0,100838,STANDBY
-0.05000000074505806,-0.18000000715255737,9.8100004196167,0.0,0.0,0.0,1019.7525024414062,19.15999984741211,0.23108583688735962,0.11500179767608643,0,0,0.0,0.0,0.0,0,0,-0.00015259254723787308,-41.36000061035156,0.0099795525893569,-0.964445948600769,0.0,100907,100938,2416300,100922,0,100938,STANDBY
-0.05000000074505806,-0.18000000715255737,9.8100004196167,0.0,0.0,0.0,1019.7507934570312,19.15999984741211,0.24666465818881989,0.12345337867736816,0,0,0.0,0.0,0.0,0,0,-0.0001831110566854477,-41.36000061035156,0.010101626627147198,-0.964598536491394,0.0,101007,101038,2416415,101037,0,101038,STANDBY
-0.05000000074505806,-0.18000000715255737,9.819999694824219,0.0,0.0,0.0,1019.7531127929688,19.15999984741211,0.22589290142059326,0.01254054345190525,0,0,0.0,0.0,0.0,0,0,-0.00015259254723787308,-41.36000061035156,0.010101626627147198,-0.964354395866394,0.0,101107,101138,2416510,101133,0,101138,STANDBY
-0.05000000074505806,-0.1899999976158142,9.819999694824219,0.0,0.0,0.0,1019.7498168945312,19.15999984741211,0.2544540762901306,0.09942170977592468,0,0,0.0,0.0,0.0,0,0,-0.0001831110566854477,-41.36000061035156,0.010132145136594772,-0.964201807975769,0.0,101207,101238,2416607,101228,0,101238,STANDBY
-0.05000000074505806,-0.1899999976158142,9.8100004196167,0.0,0.0,0.0,1019.7481079101562,19.15999984741211,0.2674364149570465,0.10517337173223495,0,0,0.0,0.0,0.0,0,0,-0.00030518509447574615,-41.36000061035156,0.010345774702727795,-0.964842677116394,0.0,101307,101338,2416702,101324,0,101338,STANDBY
-0.05000000074505806,-0.1899999976158142,9.819999694824219,0.0,0.0,0.0,1019.74658203125,19.15999984741211,0.2804187536239624,0.10885443538427353,0,0,0.0,0.0,0.0,0,0,-0.00027466658502817154,-41.36000061035156,0.01031525619328022,-0.965117335319519,0.0,101407,101438,2416798,101420,0,101438,STANDBY
-0.05000000074505806,-0.17000000178813934,9.819999694824219,0.0,0.0,0.0,1019.7472534179688,19.15999984741211,0.27522581815719604,0.06343531608581543,0,0,0.0,0.0,0.0,0,0,-0.0004272591322660446,-41.36000061035156,0.010223700664937496,-0.965300440788269,0.0,101507,101538,2416913,101535,0,101538,STANDBY
-0.03999999910593033,-0.18000000715255737,9.8100004196167,0.0,0.0,0.0,1019.74560546875,19.15999984741211,0.2882081866264343,0.0925280749797821,0,0,0.0,0.0,0.0,0,0,-0.00045777764171361923,-41.36000061035156,0.010132145136594772,-0.965056300163269,0.0,101607,101638,2417009,101636,0,101638,STANDBY
-0.03999999910593033,-0.1899999976158142,9.819999694824219,0.0,0.0,0.0,1019.74560546875,19.15999984741211,0.2882081866264343,0.059217970818281174,0,0,0.0,0.0,0.0,0,0,-0.0004882961511611938,-41.36000061035156,0.010162663646042347,-0.964781641960144,0.0,101707,101738,2417104,101727,0,101738,STANDBY
-0.029999999329447746,-0.17000000178813934,9.819999694824219,0.0,0.0,0.0,1019.74560546875,19.15999984741211,0.2882081866264343,0.037899505347013474,0,0,0.0,0.0,0.0,0,0,-0.0005188146606087685,-41.36000061035156,0.010010071098804474,-0.965117335319519,0.0,101807,101838,2417201,101822,0,101838,STANDBY
-0.03999999910593033,-0.18000000715255737,9.819999694824219,0.0,0.0,0.0,1019.7472534179688,19.15999984741211,0.27522581815719604,-0.027673790231347084,0,0,0.0,0.0,0.0,0,0,-0.0006103701889514923,-41.36000061035156,0.010040589608252048,-0.965666651725769,0.0,101907,101938,2417297,101918,0,101938,STANDBY
-0.03999999910593033,-0.18000000715255737,9.819999694824219,0.0,0.0,0.0,1019.751220703125,19.15999984741211,0.24147172272205353,-0.12572433054447174,0,0,0.0,0.0,0.0,0,0,-0.0006714072078466415,-41.36000061035156,0.010010071098804474,-0.9659718871116638,0.0,102007,102038,2417412,102033,0,102038,STANDBY
-0.03999999910593033,-0.1899999976158142,9.819999694824219,0.0,0.0,0.0,1019.751220703125,19.15999984741211,0.24147172272205353,-0.08046357333660126,0,0,0.0,0.0,0.0,0,0,-0.0007324442267417908,-41.36000061035156,0.010101626627147198,-0.965483546257019,0.0,102107,102138,2417507,102129,0,102138,STANDBY
-0.05000000074505806,-0.18000000715255737,9.819999694824219,0.0,0.0,0.0,1019.751220703125,19.15999984741211,0.24147172272205353,-0.05149669200181961,0,0,0.0,0.0,0.0,0,0,-0.0007019257172942162,-41.36000061035156,0.010071108117699623,-0.965117335319519,0.0,102207,102238,2417603,102225,0,102238,STANDBY
-0.03999999910593033,-0.18000000715255737,9.819999694824219,0.0,0.0,0.0,1019.7496337890625,19.15999984741211,0.2544540762901306,0.008585646748542786,0,0,0.0,0.0,0.0,0,0,-0.0006714072078466415,-41.36000061035156,0.010010071098804474,-0.965361475944519,0.0,102307,102338,2417698,102321,0,102338,STANDBY
-0.05999999865889549,-0.20000000298023224,9.819999694824219,0.0,0.0,0.0,1019.7496337890625,19.15999984741211,0.2544540762901306,0.005494813900440931,0,0,0.0,0.0,0.0,0,0,-0.0005188146606087685,-41.36000061035156,0.010193182155489922,-0.965453028678894,0.0,102408,102438,2417814,102435,0,102438,STANDBY
-0.03999999910593033,-0.18000000715255737,9.8100004196167,0.0,0.0,0.0,1019.7479858398438,19.15999984741211,0.2674364149570465,0.05544603615999222,0,0,0.0,0.0,0.0,0,0,-0.0005188146606087685,-41.36000061035156,0.010193182155489922,-0.965422511100769,0.0,102508,102538,2417910,102532,0,102538,STANDBY
-0.05000000074505806,-0.18000000715255737,9.819999694824219,0.0,0.0,0.0,1019.7479858398438,19.15999984741211,0.2674364149570465,0.035485465079545975,0,0,0.0,0.0,0.0,0,0,-0.00045777764171361923,-41.36000061035156,0.010132145136594772,-0.965666651725769,0.0,102608,102638,2418006,102636,0,102638,STANDBY
-0.05000000074505806,-0.18000000715255737,9.8100004196167,0.0,0.0,0.0,1019.7503051757812,19.170000076293945,0.24926112592220306,-0.0499904602766037,0,0,0.0,0.0,0.0,0,0,-0.0004272591322660446,-41.36000061035156,0.010101626627147198,-0.965361475944519,0.0,102708,102738,2418101,102723,0,102738,STANDBY
-0.05000000074505806,-0.17000000178813934,9.819999694824219,0.0,0.0,0.0,1019.7503051757812,19.170000076293945,0.24926112592220306,-0.03199389576911926,0,0,0.0,0.0,0.0,0,0,-0.00039674062281847,-41.36000061035156,0.010010071098804474,-0.964873194694519,0.0,102808,102838,2418197,102819,0,102838,STANDBY
-0.019999999552965164,-0.18000000715255737,9.8100004196167,0.0,0.0,0.0,1019.7485961914062,19.170000076293945,0.26483994722366333,0.04183918982744217,0,0,0.0,0.0,0.0,0,0,-0.0005798516795039177,-41.36000061035156,0.00991851557046175,-0.964598536491394,0.0,102908,102938,2418312,102934,0,102938,STANDBY
-0.05000000074505806,-0.1899999976158142,9.8100004196167,0.0,0.0,0.0,1019.7485961914062,19.170000076293945,0.26483994722366333,0.026777083054184914,0,0,0.0,0.0,0.0,0,0,-0.00045777764171361923,-41.36000061035156,0.010040589608252048,-0.9637439846992493,0.0,103008,103038,2418408,103029,0,103038,STANDBY
-0.03999999910593033,-0.18000000715255737,9.819999694824219,0.0,0.0,0.0,1019.7485961914062,19.170000076293945,0.26483994722366333,0.017137333750724792,0,0,0.0,0.0,0.0,0,0,-0.00045777764171361923,-41.36000061035156,0.010040589608252048,-0.963957667350769,0.0,103108,103138,2418504,103126,0,103138,STANDBY
-0.05000000074505806,-0.18000000715255737,9.8100004196167,0.0,0.0,0.0,1019.7485961914062,19.170000076293945,0.26483994722366333,0.010967894457280636,0,0,0.0,0.0,0.0,0,0,-0.0003662221133708954,-41.36000061035156,0.010132145136594772,-0.964506983757019,0.0,103208,103238,2418599,103222,0,103238,STANDBY
-0.05000000074505806,-0.18000000715255737,9.819999694824219,0.0,0.0,0.0,1019.7469482421875,19.170000076293945,0.2778222858905792,0.04856294021010399,0,0,0.0,0.0,0.0,0,0,-0.00039674062281847,-41.36000061035156,0.010010071098804474,-0.964629054069519,0.0,103308,103339,2418715,103336,0,103339,STANDBY
-0.03999999910593033,-0.1899999976158142,9.8100004196167,0.0,0.0,0.0,1019.7469482421875,19.170000076293945,0.2778222858905792,0.031080281361937523,0,0,0.0,0.0,0.0,0,0,-0.00045777764171361923,-41.36000061035156,0.010010071098804474,-0.964201807975769,0.0,103408,103439,2418810,103433,0,103439,STANDBY
-0.03999999910593033,-0.1899999976158142,9.829999923706055,0.0,0.0,0.0,1019.7476806640625,19.170000076293945,0.2700328826904297,-0.005034710746258497,0,0,0.0,0.0,0.0,0,0,-0.0004882961511611938,-41.36000061035156,0.010071108117699623,-0.964262843132019,0.0,103508,103539,2418907,103528,0,103539,STANDBY
-0.03999999910593033,-0.18000000715255737,9.819999694824219,0.0,0.0,0.0,1019.7476806640625,19.170000076293945,0.2700328826904297,-0.0032222147565335035,0,0,0.0,0.0,0.0,0,0,-0.0005493331700563431,-41.36000061035156,0.010071108117699623,-0.964018702507019,0.0,103608,103639,2419003,103638,0,103639,STANDBY
-0.03999999910593033,-0.1899999976158142,9.819999694824219,0.0,0.0,0.0,1019.7476806640625,19.170000076293945,0.2700328826904297,-0.002062217565253377,0,0,0.0,0.0,0.0,0,0,-0.0005798516795039177,-41.36000061035156,0.010071108117699623,-0.964171290397644,0.0,103708,103739,2419098,103720,0,103739,STANDBY
-0.03999999910593033,-0.1899999976158142,9.819999694824219,0.0,0.0,0.0,1019.7460327148438,19.170000076293945,0.28561171889305115,0.06099552661180496,0,0,0.0,0.0,0.0,0,0,-0.0005188146606087685,-41.36000061035156,0.010193182155489922,-0.963988184928894,0.0,103808,103839,2419213,103835,0,103839,STANDBY
-0.05000000074505806,-0.18000000715255737,9.819999694824219,0.0,0.0,0.0,1019.7460327148438,19.170000076293945,0.28561171889305115,0.03903713822364807,0,0,0.0,0.0,0.0,0,0,-0.0004272591322660446,-41.36000061035156,0.01025421917438507,-0.9638660550117493,0.0,103908,103939,2419309,103930,0,103939,STANDBY
-0.05000000074505806,-0.18000000715255737,9.800000190734863,0.0,0.0,0.0,1019.744384765625,19.170000076293945,0.29859405755996704,0.07691312581300735,0,0,0.0,0.0,0.0,0,0,-0.0003662221133708954,-41.36000061035156,0.010193182155489922,-0.9638355374336243,0.0,104008,104039,2419404,104027,0,104039,STANDBY
-0.05000000074505806,-0.18000000715255737,9.819999694824219,0.0,0.0,0.0,1019.7479858398438,19.170000076293945,0.2674364149570465,-0.050480056554079056,0,0,0.0,0.0,0.0,0,0,-0.00045777764171361923,-41.36000061035156,0.010193182155489922,-0.9634388089179993,0.0,104108,104139,2419501,104122,0,104139,STANDBY
-0.05000000074505806,-0.1899999976158142,9.800000190734863,0.0,0.0,0.0,1019.7463989257812,19.170000076293945,0.2804187536239624,0.009236246347427368,0,0,0.0,0.0,0.0,0,0,-0.00039674062281847,-41.36000061035156,0.01025421917438507,-0.9631946682929993,0.0,104208,104239,2419615,104238,0,104239,STANDBY
-0.05999999865889549,-0.1899999976158142,9.8100004196167,0.0,0.0,0.0,1019.7479858398438,19.170000076293945,0.2674364149570465,-0.035632286220788956,0,0,0.0,0.0,0.0,0,0,-0.00030518509447574615,-41.36000061035156,0.010284737683832645,-0.9633167386054993,0.0,104308,104339,2419712,104333,0,104339,STANDBY
-0.03999999910593033,-0.1899999976158142,9.8100004196167,0.0,0.0,0.0,1019.7463989257812,19.170000076293945,0.2804187536239624,0.018738819286227226,0,0,0.0,0.0,0.0,0,0,-0.00027466658502817154,-41.36000061035156,0.011322367005050182,-0.9680166244506836,0.0,104408,104439,2419807,104429,0,104439,STANDBY
-0.05000000074505806,-0.1899999976158142,9.8100004196167,0.0,0.0,0.0,1019.7447509765625,19.170000076293945,0.29599758982658386,0.061845120042562485,0,0,0.0,0.0,0.0,0,0,-0.00033570360392332077,-41.36000061035156,0.01104770042002201,-0.9670400023460388,0.0,104508,104539,2419903,104524,0,104539,STANDBY
-0.05000000074505806,-0.1899999976158142,9.819999694824219,0.0,0.0,0.0,1019.7447509765625,19.170000076293945,0.29599758982658386,0.039580877870321274,0,0,0.0,0.0,0.0,0,0,-0.0003662221133708954,-41.36000061035156,0.010742515325546265,-0.9659413695335388,0.0,104608,104639,2419998,104636,0,104639,STANDBY
-0.05000000074505806,-0.18000000715255737,9.819999694824219,0.0,0.0,0.0,1019.7447509765625,19.170000076293945,0.29599758982658386,0.025331763550639153,0,0,0.0,0.0,0.0,0,0,-0.0004272591322660446,-41.36000061035156,0.010498367249965668,-0.965269923210144,0.0,104708,104739,2420114,104735,0,104739,STANDBY
-0.05000000074505806,-0.17000000178813934,9.8100004196167,0.0,0.0,0.0,1019.748779296875,19.170000076293945,0.26224347949028015,-0.11880411207675934,0,0,0.0,0.0,0.0,0,0,-0.0002136295661330223,-41.36000061035156,0.01037629321217537,-0.965361475944519,0.0,104808,104839,2420209,104832,0,104839,STANDBY
-0.05000000074505806,-0.1899999976158142,9.819999694824219,0.0,0.0,0.0,1019.7503051757812,19.170000076293945,0.24926112592220306,-0.127964049577713,0,0,0.0,0.0,0.0,0,0,-0.0001831110566854477,-41.36000061035156,0.010345774702727795,-0.964934229850769,0.0,104908,104939,2420305,104927,0,104939,STANDBY
-0.05000000074505806,-0.1899999976158142,9.8100004196167,0.0,0.0,0.0,1019.7503051757812,19.170000076293945,0.24926112592220306,-0.08189699053764343,0,0,0.0,0.0,0.0,0,0,-0.00012207403779029846,-41.36000061035156,0.010284737683832645,-0.964476466178894,0.0,105008,105039,2420401,105023,0,105039,STANDBY
-0.05000000074505806,-0.18000000715255737,9.819999694824219,0.0,0.0,0.0,1019.748779296875,19.170000076293945,0.26224347949028015,-0.010870546102523804,0,0,0.0,0.0,0.0,0,0,-0.00027466658502817154,-41.36000061035156,0.01025421917438507,-0.964445948600769,0.0,105108,105139,2420515,105138,0,105139,STANDBY
-0.05000000074505806,-0.18000000715255737,9.819999694824219,0.0,0.0,0.0,1019.7503051757812,19.170000076293945,0.24926112592220306,-0.04850068315863609,0,0,0.0,0.0,0.0,0,0,-0.00027466658502817154,-41.36000061035156,0.010162663646042347,-0.964140772819519,0.0,105208,105239,2420612,105233,0,105239,STANDBY
-0.05000000074505806,-0.1899999976158142,9.8100004196167,0.0,0.0,0.0,1019.7520141601562,19.170000076293945,0.23627877235412598,-0.07176939398050308,0,0,0.0,0.0,0.0,0,0,-0.00027466658502817154,-41.36000061035156,0.01025421917438507,-0.9638050198554993,0.0,105309,105339,2420708,105329,0,105339,STANDBY
-0.05000000074505806,-0.1899999976158142,9.800000190734863,0.0,0.0,0.0,1019.7520141601562,19.170000076293945,0.23627877235412598,-0.04593241214752197,0,0,0.0,0.0,0.0,0,0,-0.0002136295661330223,-41.36000061035156,0.01031525619328022,-0.9634998440742493,0.0,105409,105439,2420803,105425,0,105439,STANDBY
-0.05000000074505806,-0.20000000298023224,9.819999694824219,0.0,0.0,0.0,1019.752685546875,19.18000030517578,0.23108583688735962,-0.04601414129137993,0,0,0.0,0.0,0.0,0,0,-0.00030518509447574615,-41.36000061035156,0.010345774702727795,-0.9630725979804993,0.0,105509,105539,2420899,105521,0,105539,STANDBY
-0.03999999910593033,-0.1899999976158142,9.8100004196167,0.0,0.0,0.0,1019.7510986328125,19.18000030517578,0.2440681904554367,0.02248036302626133,0,0,0.0,0.0,0.0,0,0,-0.00033570360392332077,-41.36000061035156,0.010284737683832645,-0.9629200100898743,0.0,105609,105639,2420996,105636,0,105639,STANDBY
-0.05000000074505806,-0.1899999976158142,9.819999694824219,0.0,0.0,0.0,1019.747802734375,19.18000030517578,0.2700328826904297,0.11824620515108109,0,0,0.0,0.0,0.0,0,0,-0.00033570360392332077,-41.36000061035156,0.010223700664937496,-0.9630115628242493,0.0,105709,105739,2421110,105732,0,105739,STANDBY
-0.05000000074505806,-0.1899999976158142,9.8100004196167,0.0,0.0,0.0,1019.747802734375,19.18000030517578,0.2700328826904297,0.07567757368087769,0,0,0.0,0.0,0.0,0,0,-0.0003662221133708954,-41.36000061035156,0.01031525619328022,-0.9634693264961243,0.0,105809,105839,2421206,105828,0,105839,STANDBY
-0.05000000074505806,-0.1899999976158142,9.8100004196167,0.0,0.0,0.0,1019.747802734375,19.18000030517578,0.2700328826904297,0.04843364655971527,0,0,0.0,0.0,0.0,0,0,-0.00030518509447574615,-41.36000061035156,0.01037629321217537,-0.9638050198554993,0.0,105909,105939,2421302,105923,0,105939,STANDBY
-0.03999999910593033,-0.18000000715255737,9.819999694824219,0.0,0.0,0.0,1019.747802734375,19.18000030517578,0.2700328826904297,0.030997535213828087,0,0,0.0,0.0,0.0,0,0,-0.00033570360392332077,-41.36000061035156,0.01031525619328022,-0.9637134671211243,0.0,106009,106039,2421416,106038,0,106039,STANDBY
-0.05000000074505806,-0.1899999976158142,9.8100004196167,0.0,0.0,0.0,1019.747802734375,19.18000030517578,0.2700328826904297,0.019838422536849976,0,0,0.0,0.0,0.0,0,0,-0.00027466658502817154,-41.36000061035156,0.010284737683832645,-0.9637134671211243,0.0,106109,106139,2421513,106134,0,106139,STANDBY
-0.05000000074505806,-0.1899999976158142,9.8100004196167,0.0,0.0,0.0,1019.747802734375,19.18000030517578,0.2700328826904297,0.012696591205894947,0,0,0.0,0.0,0.0,0,0,-0.00015259254723787308,-41.36000061035156,0.010345774702727795,-0.9634693264961243,0.0,106209,106240,2421608,106230,0,106240,STANDBY
-0.05000000074505806,-0.1899999976158142,9.8100004196167,0.0,0.0,0.0,1019.74609375,19.18000030517578,0.28301525115966797,0.04966939613223076,0,0,0.0,0.0,0.0,0,0,-0.00015259254723787308,-41.36000061035156,0.010437330231070518,-0.9632862210273743,0.0,106309,106340,2421703,106326,0,106340,STANDBY
-0.05000000074505806,-0.1899999976158142,9.8100004196167,0.0,0.0,0.0,1019.7464599609375,19.18000030517578,0.2804187536239624,0.023479623720049858,0,0,0.0,0.0,0.0,0,0,-0.00015259254723787308,-41.36000061035156,0.010528885759413242,-0.9636524319648743,0.0,106409,106440,2421799,106422,0,106440,STANDBY
-0.05000000074505806,-0.1899999976158142,9.819999694824219,0.0,0.0,0.0,1019.7464599609375,19.18000030517578,0.2804187536239624,0.015026959590613842,0,0,0.0,0.0,0.0,0,0,-0.0001831110566854477,-41.36000061035156,0.010437330231070518,-0.9636219143867493,0.0,106509,106540,2421914,106536,0,106540,STANDBY
-0.05000000074505806,-0.18000000715255737,9.819999694824219,0.0,0.0,0.0,1019.7432250976562,19.18000030517578,0.3063834607601166,0.10309019684791565,0,0,0.0,0.0,0.0,0,0,-9.155552834272385e-05,-41.36000061035156,0.010437330231070518,-0.964293360710144,0.0,106609,106640,2422010,106640,0,106640,STANDBY
-0.03999999910593033,-0.18000000715255737,9.819999694824219,0.0,0.0,0.0,1019.7415771484375,19.18000030517578,0.32196229696273804,0.12707120180130005,0,0,0.0,0.0,0.0,0,0,-0.00015259254723787308,-41.36000061035156,0.01037629321217537,-0.964415431022644,0.0,106710,106740,2422106,106728,0,106740,STANDBY
-0.05000000074505806,-0.18000000715255737,9.819999694824219,0.0,0.0,0.0,1019.7415771484375,19.18000030517578,0.32196229696273804,0.08132557570934296,0,0,0.0,0.0,0.0,0,0,-0.00015259254723787308,-41.36000061035156,0.010345774702727795,-0.964445948600769,0.0,106810,106840,2422202,106823,0,106840,STANDBY
-0.05000000074505806,-0.1899999976158142,9.8100004196167,0.0,0.0,0.0,1019.7399291992188,19.18000030517578,0.33494463562965393,0.10397772490978241,0,0,0.0,0.0,0.0,0,0,-0.0002441480755805969,-41.36000061035156,0.010406811721622944,-0.964537501335144,0.0,106910,106940,2422317,106938,0,106940,STANDBY
-0.03999999910593033,-0.18000000715255737,9.8100004196167,0.0,0.0,0.0,1019.7399291992188,19.18000030517578,0.33494463562965393,0.0665457472205162,0,0,0.0,0.0,0.0,0,0,-0.0002441480755805969,-41.36000061035156,0.010284737683832645,-0.964049220085144,0.0,107010,107040,2422412,107034,0,107040,STANDBY
-0.05000000074505806,-0.1899999976158142,9.8100004196167,0.0,0.0,0.0,1019.7399291992188,19.18000030517578,0.33494463562965393,0.042589280754327774,0,0,0.0,0.0,0.0,0,0,-0.0001831110566854477,-41.36000061035156,0.010284737683832645,-0.9637134671211243,0.0,107110,107140,2422508,107130,0,107140,STANDBY
-0.05000000074505806,-0.18000000715255737,9.8100004196167,0.0,0.0,0.0,1019.73828125,19.18000030517578,0.3479269742965698,0.06880062818527222,0,0,0.0,0.0,0.0,0,0,-0.00015259254723787308,-41.36000061035156,0.010223700664937496,-0.9634388089179993,0.0,107210,107240,2422603,107226,0,107240,STANDBY
-0.05000000074505806,-0.18000000715255737,9.819999694824219,0.0,0.0,0.0,1019.73828125,19.18000030517578,0.3479269742965698,0.04403240606188774,0,0,0.0,0.0,0.0,0,0,-0.0001831110566854477,-41.36000061035156,0.01025421917438507,-0.963896632194519,0.0,107310,107340,2422700,107322,0,107340,STANDBY
-0.05000000074505806,-0.18000000715255737,9.8100004196167,0.0,0.0,0.0,1019.7399291992188,19.18000030517578,0.33494463562965393,-0.013362744823098183,0,0,0.0,0.0,0.0,0,0,-0.0001831110566854477,-41.36000061035156,0.010223700664937496,-0.9635913968086243,0.0,107410,107440,2422814,107437,0,107440,STANDBY
-0.03999999910593033,-0.18000000715255737,9.819999694824219,0.0,0.0,0.0,1019.7455444335938,19.18000030517578,0.2882081866264343,-0.15810880064964294,0,0,0.0,0.0,0.0,0,0,-0.0002441480755805969,-41.36000061035156,0.010132145136594772,-0.9638660550117493,0.0,107510,107540,2422910,107532,0,107540,STANDBY
-0.03999999910593033,-0.18000000715255737,9.8100004196167,0.0,0.0,0.0,1019.7422485351562,19.18000030517578,0.3167693614959717,0.0026691891252994537,0,0,0.0,0.0,0.0,0,0,-0.00030518509447574615,-41.36000061035156,0.010071108117699623,-0.9636219143867493,0.0,107610,107640,2423006,107637,0,107640,STANDBY
-0.05000000074505806,-0.1899999976158142,9.8100004196167,0.0,0.0,0.0,1019.743896484375,19.18000030517578,0.3011905252933502,-0.06060706451535225,0,0,0.0,0.0,0.0,0,0,-0.0002441480755805969,-41.36000061035156,0.010071108117699623,-0.964049220085144,0.0,107710,107740,2423102,107723,0,107740,STANDBY
-0.05000000074505806,-0.1899999976158142,9.8100004196167,0.0,0.0,0.0,1019.743896484375,19.18000030517578,0.3011905252933502,-0.03878852352499962,0,0,0.0,0.0,0.0,0,0,-0.0002441480755805969,-41.36000061035156,0.010132145136594772,-0.9638050198554993,0.0,107810,107840,2423217,107839,0,107840,STANDBY
-0.05000000074505806,-0.1899999976158142,9.800000190734863,0.0,0.0,0.0,1019.7422485351562,19.18000030517578,0.3167693614959717,0.037490688264369965,0,0,0.0,0.0,0.0,0,0,-0.00030518509447574615,-41.36000061035156,0.01025421917438507,-0.9637745022773743,0.0,107910,107940,2423312,107934,0,107940,STANDBY
-0.03999999910593033,-0.1899999976158142,9.819999694824219,0.0,0.0,0.0,1019.7462768554688,19.18000030517578,0.28301525115966797,-0.11102239787578583,0,0,0.0,0.0,0.0,0,0,-0.00030518509447574615,-41.36000061035156,0.01037629321217537,-0.964445948600769,0.0,108010,108040,2423408,108029,0,108040,STANDBY
-0.03999999910593033,-0.18000000715255737,9.829999923706055,0.0,0.0,0.0,1019.74462890625,19.18000030517578,0.29599758982658386,-0.01912497729063034,0,0,0.0,0.0,0.0,0,0,-0.00033570360392332077,-41.36000061035156,0.01031525619328022,-0.964445948600769,0.0,108110,108140,2423503,108126,0,108140,STANDBY
-0.03999999910593033,-0.18000000715255737,9.819999694824219,0.0,0.0,0.0,1019.74462890625,19.18000030517578,0.29599758982658386,-0.012239986099302769,0,0,0.0,0.0,0.0,0,0,-0.0004272591322660446,-41.36000061035156,0.01031525619328022,-0.964323878288269,0.0,108210,108240,2423600,108222,0,108240,STANDBY
-0.05000000074505806,-0.18000000715255737,9.819999694824219,0.0,0.0,0.0,1019.7429809570312,19.18000030517578,0.30897992849349976,0.033709894865751266,0,0,0.0,0.0,0.0,0,0,-0.00039674062281847,-41.36000061035156,0.010193182155489922,-0.964384913444519,0.0,108310,108340,2423714,108337,0,108340,STANDBY
-0.05000000074505806,-0.18000000715255737,9.819999694824219,0.0,0.0,0.0,1019.7412719726562,19.18000030517578,0.3245587646961212,0.07142660766839981,0,0,0.0,0.0,0.0,0,0,-0.0003662221133708954,-41.36000061035156,0.010101626627147198,-0.964415431022644,0.0,108410,108440,2423811,108432,0,108440,STANDBY
-0.03999999910593033,-0.1899999976158142,9.819999694824219,0.0,0.0,0.0,1019.7412719726562,19.18000030517578,0.3245587646961212,0.04571302980184555,0,0,0.0,0.0,0.0,0,0,-0.0004272591322660446,-41.36000061035156,0.010132145136594772,-0.964232325553894,0.0,108510,108540,2423906,108528,0,108540,STANDBY
-0.05000000074505806,-0.17000000178813934,9.8100004196167,0.0,0.0,0.0,1019.7412719726562,19.18000030517578,0.3245587646961212,0.029256341978907585,0,0,0.0,0.0,0.0,0,0,-0.0003662221133708954,-41.36000061035156,0.010101626627147198,-0.964262843132019,0.0,108610,108640,2424002,108638,0,108640,STANDBY
-0.03999999910593033,-0.18000000715255737,9.8100004196167,0.0,0.0,0.0,1019.7412719726562,19.18000030517578,0.3245587646961212,0.01872405968606472,0,0,0.0,0.0,0.0,0,0,-0.00045777764171361923,-41.36000061035156,0.010040589608252048,-0.964018702507019,0.0,108710,108740,2424117,108739,0,108740,STANDBY
-0.05000000074505806,-0.18000000715255737,9.8100004196167,0.0,0.0,0.0,1019.7412719726562,19.18000030517578,0.3245587646961212,0.011983398348093033,0,0,0.0,0.0,0.0,0,0,-0.00039674062281847,-41.36000061035156,0.009949034079909325,-0.9638050198554993,0.0,108810,108840,2424212,108834,0,108840,STANDBY
-0.03999999910593033,-0.1899999976158142,9.819999694824219,0.0,0.0,0.0,1019.7412719726562,19.18000030517578,0.3245587646961212,0.007669375278055668,0,0,0.0,0.0,0.0,0,0,-0.0005188146606087685,-41.36000061035156,0.009949034079909325,-0.9635303616523743,0.0,108910,108940,2424308,108930,0,108940,STANDBY
-0.05000000074505806,-0.18000000715255737,9.819999694824219,0.0,0.0,0.0,1019.7453002929688,19.190000534057617,0.2908046543598175,-0.130108043551445,0,0,0.0,0.0,0.0,0,0,-0.0005188146606087685,-41.36000061035156,0.009887997061014175,-0.9631336331367493,0.0,109010,109040,2424404,109026,0,109040,STANDBY
-0.05000000074505806,-0.1899999976158142,9.8100004196167,0.0,0.0,0.0,1019.7468872070312,19.190000534057617,0.2778222858905792,-0.13519862294197083,0,0,0.0,0.0,0.0,0,0,-0.0004882961511611938,-41.36000061035156,0.009949034079909325,-0.9628589749336243,0.0,109110,109140,2424500,109122,0,109140,STANDBY
-0.03999999910593033,-0.18000000715255737,9.819999694824219,0.0,0.0,0.0,1019.7468872070312,19.190000534057617,0.2778222858905792,-0.08652712404727936,0,0,0.0,0.0,0.0,0,0,-0.0005493331700563431,-41.36000061035156,0.010162663646042347,-0.9635303616523743,0.0,109210,109240,2424614,109237,0,109240,STANDBY
-0.029999999329447746,-0.18000000715255737,9.819999694824219,0.0,0.0,0.0,1019.7453002929688,19.190000534057617,0.2908046543598175,-0.013833778910338879,0,0,0.0,0.0,0.0,0,0,-0.0006408886983990669,-41.36000061035156,0.010010071098804474,-0.9635303616523743,0.0,109310,109340,2424711,109332,0,109340,STANDBY
-0.03999999910593033,-0.18000000715255737,9.819999694824219,0.0,0.0,0.0,1019.7453002929688,19.190000534057617,0.2908046543598175,-0.008853618986904621,0,0,0.0,0.0,0.0,0,0,-0.0006103701889514923,-41.36000061035156,0.010010071098804474,-0.9636524319648743,0.0,109410,109440,2424806,109428,0,109440,STANDBY
-0.05000000074505806,-0.1899999976158142,9.819999694824219,0.0,0.0,0.0,1019.7435913085938,19.190000534057617,0.3037869930267334,0.03587716817855835,0,0,0.0,0.0,0.0,0,0,-0.0005798516795039177,-41.36000061035156,0.010040589608252048,-0.9633777737617493,0.0,109510,109540,2424902,109523,0,109540,STANDBY
-0.05000000074505806,-0.18000000715255737,9.819999694824219,0.0,0.0,0.0,1019.741943359375,19.190000534057617,0.3167693614959717,0.06450497359037399,0,0,0.0,0.0,0.0,0,0,-0.0006103701889514923,-41.36000061035156,0.010040589608252048,-0.9634388089179993,0.0,109611,109640,2424997,109640,0,109640,STANDBY
-0.05000000074505806,-0.1899999976158142,9.819999694824219,0.0,0.0,0.0,1019.741943359375,19.190000534057617,0.3167693614959717,0.04128318652510643,0,0,0.0,0.0,0.0,0,0,-0.0004882961511611938,-41.36000061035156,0.010071108117699623,-0.9633167386054993,0.0,109711,109740,2425112,109734,0,109740,STANDBY
-0.03999999910593033,-0.18000000715255737,9.819999694824219,0.0,0.0,0.0,1019.741943359375,19.190000534057617,0.3167693614959717,0.026421239599585533,0,0,0.0,0.0,0.0,0,0,-0.0005493331700563431,-41.36000061035156,0.010162663646042347,-0.963927149772644,0.0,109811,109840,2425208,109830,0,109840,STANDBY
-0.05000000074505806,-0.18000000715255737,9.819999694824219,0.0,0.0,0.0,1019.7459106445312,19.190000534057617,0.28561171889305115,-0.10772097855806351,0,0,0.0,0.0,0.0,0,0,-0.00045777764171361923,-41.36000061035156,0.010162663646042347,-0.9638660550117493,0.0,109911,109940,2425304,109926,0,109940,STANDBY
-0.05000000074505806,-0.1899999976158142,9.8100004196167,0.0,0.0,0.0,1019.7443237304688,19.190000534057617,0.29859405755996704,-0.01701207458972931,0,0,0.0,0.0,0.0,0,0,-0.00039674062281847,-41.36000061035156,0.010223700664937496,-0.964018702507019,0.0,110011,110040,2425400,110021,0,110040,STANDBY
-0.05000000074505806,-0.18000000715255737,9.819999694824219,0.0,0.0,0.0,1019.7443237304688,19.190000534057617,0.29859405755996704,-0.010887728072702885,0,0,0.0,0.0,0.0,0,0,-0.0003662221133708954,-41.36000061035156,0.01031525619328022,-0.964323878288269,0.0,110111,110140,2425515,110137,0,110140,STANDBY
-0.05000000074505806,-0.18000000715255737,9.819999694824219,0.0,0.0,0.0,1019.74267578125,19.190000534057617,0.31157639622688293,0.034575339406728745,0,0,0.0,0.0,0.0,0,0,-0.00039674062281847,-41.36000061035156,0.010284737683832645,-0.964506983757019,0.0,110211,110240,2425611,110232,0,110240,STANDBY
-0.05000000074505806,-0.18000000715255737,9.819999694824219,0.0,0.0,0.0,1019.7410888671875,19.190000534057617,0.3245587646961212,0.06367179751396179,0,0,0.0,0.0,0.0,0,0,-0.0003662221133708954,-41.36000061035156,0.010193182155489922,-0.964445948600769,0.0,110311,110340,2425706,110327,0,110340,STANDBY
-0.05000000074505806,-0.18000000715255737,9.819999694824219,0.0,0.0,0.0,1019.7410888671875,19.190000534057617,0.3245587646961212,0.04074995219707489,0,0,0.0,0.0,0.0,0,0,-0.0004272591322660446,-41.36000061035156,0.010071108117699623,-0.964171290397644,0.0,110411,110440,2425802,110424,0,110440,STANDBY
-0.05000000074505806,-0.1899999976158142,9.8100004196167,0.0,0.0,0.0,1019.7410888671875,19.190000534057617,0.3245587646961212,0.026079971343278885,0,0,0.0,0.0,0.0,0,0,-0.00039674062281847,-41.36000061035156,0.010101626627147198,-0.964171290397644,0.0,110511,110540,2425917,110538,0,110540,STANDBY
-0.03999999910593033,-0.18000000715255737,9.8100004196167,0.0,0.0,0.0,1019.7393798828125,19.190000534057617,0.3375411033630371,0.058234669268131256,0,0,0.0,0.0,0.0,0,0,-0.00030518509447574615,-41.36000061035156,0.010132145136594772,-0.9635913968086243,0.0,110611,110641,2426012,110639,0,110641,STANDBY
-0.03999999910593033,-0.17000000178813934,9.829999923706055,0.0,0.0,0.0,1019.7393798828125,19.190000534057617,0.3375411033630371,0.037270188331604004,0,0,0.0,0.0,0.0,0,0,-0.00039674062281847,-41.36000061035156,0.010010071098804474,-0.9635303616523743,0.0,110711,110741,2426108,110730,0,110741,STANDBY
-0.03999999910593033,-0.18000000715255737,9.829999923706055,0.0,0.0,0.0,1019.7433471679688,19.190000534057617,0.3063834607601166,-0.10077764838933945,0,0,0.0,0.0,0.0,0,0,-0.00045777764171361923,-41.36000061035156,0.00991851557046175,-0.9637745022773743,0.0,110811,110841,2426204,110826,0,110841,STANDBY
-0.03999999910593033,-0.17000000178813934,9.819999694824219,0.0,0.0,0.0,1019.7433471679688,19.190000534057617,0.3063834607601166,-0.0644977018237114,0,0,0.0,0.0,0.0,0,0,-0.00045777764171361923,-41.36000061035156,0.0098574785515666,-0.963988184928894,0.0,110911,110941,2426300,110921,0,110941,STANDBY
-0.05000000074505806,-0.1899999976158142,9.819999694824219,0.0,0.0,0.0,1019.7433471679688,19.190000534057617,0.3063834607601166,-0.04127852991223335,0,0,0.0,0.0,0.0,0,0,-0.00045777764171361923,-41.36000061035156,0.00991851557046175,-0.9637745022773743,0.0,111011,111041,2426415,111037,0,111041,STANDBY
-0.05000000074505806,-0.17000000178813934,9.8100004196167,0.0,0.0,0.0,1019.74169921875,19.190000534057617,0.31936582922935486,0.02551121450960636,0,0,0.0,0.0,0.0,0,0,-0.00045777764171361923,-41.36000061035156,0.00991851557046175,-0.9637134671211243,0.0,111112,111141,2426511,111132,0,111141,STANDBY
-0.05000000074505806,-0.17000000178813934,9.819999694824219,0.0,0.0,0.0,1019.74169921875,19.190000534057617,0.31936582922935486,0.016327178105711937,0,0,0.0,0.0,0.0,0,0,-0.00045777764171361923,-41.36000061035156,0.009887997061014175,-0.963957667350769,0.0,111212,111241,2426606,111228,0,111241,STANDBY
-0.03999999910593033,-0.17000000178813934,9.819999694824219,0.0,0.0,0.0,1019.74169921875,19.190000534057617,0.31936582922935486,0.010449393652379513,0,0,0.0,0.0,0.0,0,0,-0.0004272591322660446,-41.36000061035156,0.009826960042119026,-0.964110255241394,0.0,111312,111341,2426702,111324,0,111341,STANDBY
-0.05000000074505806,-0.18000000715255737,9.819999694824219,0.0,0.0,0.0,1019.74169921875,19.190000534057617,0.31936582922935486,0.006687612272799015,0,0,0.0,0.0,0.0,0,0,-0.00045777764171361923,-41.36000061035156,0.009949034079909325,-0.964079737663269,0.0,111412,111441,2426817,111439,0,111441,STANDBY
-0.03999999910593033,-0.17000000178813934,9.819999694824219,0.0,0.0,0.0,1019.74169921875,19.190000534057617,0.31936582922935486,0.004280072171241045,0,0,0.0,0.0,0.0,0,0,-0.00045777764171361923,-41.36000061035156,0.009949034079909325,-0.963988184928894,0.0,111512,111541,2426913,111535,0,111541,STANDBY
-0.03999999910593033,-0.17000000178813934,9.819999694824219,0.0,0.0,0.0,1019.7400512695312,19.190000534057617,0.33234816789627075,0.04428273066878319,0,0,0.0,0.0,0.0,0,0,-0.0005493331700563431,-41.36000061035156,0.00991851557046175,-0.964049220085144,0.0,111612,111641,2427009,111641,0,111641,STANDBY
-0.029999999329447746,-0.18000000715255737,9.8100004196167,0.0,0.0,0.0,1019.74169921875,19.190000534057617,0.31936582922935486,-0.023588405922055244,0,0,0.0,0.0,0.0,0,0,-0.0006103701889514923,-41.36000061035156,0.010010071098804474,-0.964445948600769,0.0,111712,111741,2427105,111726,0,111741,STANDBY
-0.05000000074505806,-0.18000000715255737,9.819999694824219,0.0,0.0,0.0,1019.742431640625,19.190000534057617,0.3141728639602661,-0.03586843982338905,0,0,0.0,0.0,0.0,0,0,-0.0005493331700563431,-41.36000061035156,0.010101626627147198,-0.964629054069519,0.0,111812,111841,2427200,111822,0,111841,STANDBY
-0.03999999910593033,-0.18000000715255737,9.819999694824219,0.0,0.0,0.0,1019.742431640625,19.190000534057617,0.3141728639602661,-0.02295580320060253,0,0,0.0,0.0,0.0,0,0,-0.0005188146606087685,-41.36000061035156,0.010040589608252048,-0.964476466178894,0.0,111912,111941,2427315,111937,0,111941,STANDBY
-0.05000000074505806,-0.18000000715255737,9.819999694824219,0.0,0.0,0.0,1019.742431640625,19.190000534057617,0.3141728639602661,-0.014691715128719807,0,0,0.0,0.0,0.0,0,0,-0.00045777764171361923,-41.36000061035156,0.010010071098804474,-0.963927149772644,0.0,112012,112041,2427411,112033,0,112041,STANDBY
-0.05000000074505806,-0.18000000715255737,9.819999694824219,0.0,0.0,0.0,1019.742431640625,19.190000534057617,0.3141728639602661,-0.009402697905898094,0,0,0.0,0.0,0.0,0,0,-0.00033570360392332077,-41.36000061035156,0.010101626627147198,-0.964232325553894,0.0,112112,112141,2427507,112129,0,112141,STANDBY
-0.03999999910593033,-0.18000000715255737,9.819999694824219,0.0,0.0,0.0,1019.742431640625,19.190000534057617,0.3141728639602661,-0.006017726846039295,0,0,0.0,0.0,0.0,0,0,-0.0004272591322660446,-41.36000061035156,0.010071108117699623,-0.9637134671211243,0.0,112212,112241,2427602,112225,0,112241,STANDBY
-0.05000000074505806,-0.1899999976158142,9.819999694824219,0.0,0.0,0.0,1019.742431640625,19.190000534057617,0.3141728639602661,-0.0038513452745974064,0,0,0.0,0.0,0.0,0,0,-0.00030518509447574615,-41.36000061035156,0.010101626627147198,-0.9634082913398743,0.0,112312,112342,2427717,112339,0,112342,STANDBY
-0.03999999910593033,-0.1899999976158142,9.819999694824219,0.0,0.0,0.0,1019.7440795898438,19.190000534057617,0.3011905252933502,-0.044008344411849976,0,0,0.0,0.0,0.0,0,0,-0.00039674062281847,-41.36000061035156,0.010162663646042347,-0.9637745022773743,0.0,112412,112442,2427813,112436,0,112442,STANDBY
-0.05000000074505806,-0.1899999976158142,9.8100004196167,0.0,0.0,0.0,1019.7440795898438,19.190000534057617,0.3011905252933502,-0.028165340423583984,0,0,0.0,0.0,0.0,0,0,-0.0003662221133708954,-41.36000061035156,0.010132145136594772,-0.9637134671211243,0.0,112512,112542,2427909,112531,0,112542,STANDBY
-0.05000000074505806,-0.1899999976158142,9.8100004196167,0.0,0.0,0.0,1019.7440795898438,19.190000534057617,0.3011905252933502,-0.018025819212198257,0,0,0.0,0.0,0.0,0,0,-0.00033570360392332077,-41.36000061035156,0.01025421917438507,-0.964110255241394,0.0,112612,112642,2428005,112641,0,112642,STANDBY
-0.03999999910593033,-0.18000000715255737,9.819999694824219,0.0,0.0,0.0,1019.7440795898438,19.190000534057617,0.3011905252933502,-0.011536524631083012,0,0,0.0,0.0,0.0,0,0,-0.0002441480755805969,-41.36000061035156,0.010193182155489922,-0.9635303616523743,0.0,112712,112742,2428120,112742,0,112742,STANDBY
-0.03999999910593033,-0.18000000715255737,9.819999694824219,0.0,0.0,0.0,1019.742431640625,19.190000534057617,0.3141728639602661,0.044545978307724,0,0,0.0,0.0,0.0,0,0,-0.00027466658502817154,-41.36000061035156,0.010223700664937496,-0.9638660550117493,0.0,112812,112842,2428215,112837,0,112842,STANDBY
-0.05000000074505806,-0.1899999976158142,9.819999694824219,0.0,0.0,0.0,1019.7440795898438,19.190000534057617,0.3011905252933502,-0.023419927805662155,0,0,0.0,0.0,0.0,0,0,-0.00030518509447574615,-41.36000061035156,0.010162663646042347,-0.9637134671211243,0.0,112912,112942,2428311,112932,0,112942,STANDBY
-0.05000000074505806,-0.18000000715255737,9.819999694824219,0.0,0.0,0.0,1019.7463989257812,19.200000762939453,0.2804187536239624,-0.09807584434747696,0,0,0.0,0.0,0.0,0,0,-0.00027466658502817154,-41.36000061035156,0.010132145136594772,-0.9638050198554993,0.0,113012,113042,2428406,113029,0,113042,STANDBY
-0.05000000074505806,-0.1899999976158142,9.8100004196167,0.0,0.0,0.0,1019.7479858398438,19.200000762939453,0.2674364149570465,-0.1146978959441185,0,0,0.0,0.0,0.0,0,0,-0.0002441480755805969,-41.36000061035156,0.010071108117699623,-0.9636829495429993,0.0,113112,113142,2428503,113124,0,113142,STANDBY
-0.05000000074505806,-0.1899999976158142,9.8100004196167,0.0,0.0,0.0,1019.7479858398438,19.200000762939453,0.2674364149570465,-0.0734066590666771,0,0,0.0,0.0,0.0,0,0,-0.0002136295661330223,-41.36000061035156,0.010101626627147198,-0.9636829495429993,0.0,113212,113242,2428617,113239,0,113242,STANDBY
-0.03999999910593033,-0.1899999976158142,9.819999694824219,0.0,0.0,0.0,1019.7479858398438,19.200000762939453,0.2674364149570465,-0.04698026180267334,0,0,0.0,0.0,0.0,0,0,-0.00012207403779029846,-41.36000061035156,0.010071108117699623,-0.9638355374336243,0.0,113312,113342,2428713,113335,0,113342,STANDBY
-0.05000000074505806,-0.18000000715255737,9.819999694824219,0.0,0.0,0.0,1019.7479858398438,19.200000762939453,0.2674364149570465,-0.03006736934185028,0,0,0.0,0.0,0.0,0,0,-0.0001831110566854477,-41.36000061035156,0.010162663646042347,-0.964079737663269,0.0,113412,113442,2428809,113430,0,113442,STANDBY
-0.03999999910593033,-0.18000000715255737,9.8100004196167,0.0,0.0,0.0,1019.7520141601562,19.200000762939453,0.23627877235412598,-0.1189475804567337,0,0,0.0,0.0,0.0,0,0,-0.0002136295661330223,-41.36000061035156,0.010071108117699623,-0.9637439846992493,0.0,113512,113542,2428904,113526,0,113542,STANDBY
-0.05000000074505806,-0.18000000715255737,9.819999694824219,0.0,0.0,0.0,1019.7503051757812,19.200000762939453,0.24926112592220306,-0.034582920372486115,0,0,0.0,0.0,0.0,0,0,-0.0002136295661330223,-41.36000061035156,0.010040589608252048,-0.9633472561836243,0.0,113612,113643,2429000,113643,0,113643,STANDBY
-0.05000000074505806,-0.18000000715255737,9.8100004196167,0.0,0.0,0.0,1019.7503051757812,19.200000762939453,0.24926112592220306,-0.02213306911289692,0,0,0.0,0.0,0.0,0,0,-0.00027466658502817154,-41.36000061035156,0.010223700664937496,-0.9637745022773743,0.0,113712,113743,2429115,113736,0,113743,STANDBY
-0.03999999910593033,-0.18000000715255737,9.819999694824219,0.0,0.0,0.0,1019.748779296875,19.200000762939453,0.26224347949028015,0.03776425123214722,0,0,0.0,0.0,0.0,0,0,-0.0003662221133708954,-41.36000061035156,0.010193182155489922,-0.9635608792304993,0.0,113812,113843,2429211,113832,0,113843,STANDBY
-0.05000000074505806,-0.18000000715255737,9.8100004196167,0.0,0.0,0.0,1019.7470092773438,19.200000762939453,0.27522581815719604,0.0760984793305397,0,0,0.0,0.0,0.0,0,0,-0.00030518509447574615,-41.36000061035156,0.01025421917438507,-0.964049220085144,0.0,113912,113943,2429306,113928,0,113943,STANDBY
-0.029999999329447746,-0.18000000715255737,9.819999694824219,0.0,0.0,0.0,1019.745361328125,19.200000762939453,0.2908046543598175,0.11101837456226349,0,0,0.0,0.0,0.0,0,0,-0.0004272591322660446,-41.36000061035156,0.010193182155489922,-0.9633167386054993,0.0,114013,114043,2429421,114043,0,114043,STANDBY
-0.05000000074505806,-0.18000000715255737,9.8100004196167,0.0,0.0,0.0,1019.745361328125,19.200000762939453,0.2908046543598175,0.07105176150798798,0,0,0.0,0.0,0.0,0,0,-0.00045777764171361923,-41.36000061035156,0.010071108117699623,-0.9630725979804993,0.0,114113,114143,2429517,114139,0,114143,STANDBY
-0.03999999910593033,-0.1899999976158142,9.8100004196167,0.0,0.0,0.0,1019.7477416992188,19.200000762939453,0.2700328826904297,-0.03761395812034607,0,0,0.0,0.0,0.0,0,0,-0.0005493331700563431,-41.36000061035156,0.010193182155489922,-0.9635608792304993,0.0,114213,114243,2429613,114235,0,114243,STANDBY
-0.05000000074505806,-0.18000000715255737,9.819999694824219,0.0,0.0,0.0,1019.7477416992188,19.200000762939453,0.2700328826904297,-0.024072933942079544,0,0,0.0,0.0,0.0,0,0,-0.0004882961511611938,-41.36000061035156,0.010193182155489922,-0.9636524319648743,0.0,114313,114343,2429709,114330,0,114343,STANDBY
-0.05000000074505806,-0.1899999976158142,9.819999694824219,0.0,0.0,0.0,1019.7477416992188,19.200000762939453,0.2700328826904297,-0.015406678430736065,0,0,0.0,0.0,0.0,0,0,-0.0005493331700563431,-41.36000061035156,0.010223700664937496,-0.963988184928894,0.0,114413,114443,2429804,114426,0,114443,STANDBY
-0.05000000074505806,-0.1899999976158142,9.819999694824219,0.0,0.0,0.0,1019.7514038085938,19.200000762939453,0.24147172272205353,-0.10125599056482315,0,0,0.0,0.0,0.0,0,0,-0.0005493331700563431,-41.36000061035156,0.01025421917438507,-0.9637134671211243,0.0,114513,114543,2429919,114541,0,114543,STANDBY
-0.05000000074505806,-0.18000000715255737,9.819999694824219,0.0,0.0,0.0,1019.7498168945312,19.200000762939453,0.2544540762901306,-0.02326030097901821,0,0,0.0,0.0,0.0,0,0,-0.00045777764171361923,-41.36000061035156,0.01025421917438507,-0.9633777737617493,0.0,114613,114643,2430015,114640,0,114643,STANDBY
-0.05999999865889549,-0.18000000715255737,9.8100004196167,0.0,0.0,0.0,1019.7481079101562,19.200000762939453,0.2674364149570465,0.02665689028799534,0,0,0.0,0.0,0.0,0,0,-0.00033570360392332077,-41.36000061035156,0.010223700664937496,-0.9633777737617493,0.0,114713,114743,2430111,114733,0,114743,STANDBY
-0.05000000074505806,-0.17000000178813934,9.819999694824219,0.0,0.0,0.0,1019.7537231445312,19.209999084472656,0.2232964187860489,-0.1491136997938156,0,0,0.0,0.0,0.0,0,0,-0.0002441480755805969,-41.36000061035156,0.010101626627147198,-0.9628284573554993,0.0,114813,114843,2430206,114829,0,114843,STANDBY
-0.05000000074505806,-0.1899999976158142,9.8100004196167,0.0,0.0,0.0,1019.7537231445312,19.209999084472656,0.2232964187860489,-0.09543277323246002,0,0,0.0,0.0,0.0,0,0,-0.00030518509447574615,-41.36000061035156,0.010162663646042347,-0.9629505276679993,0.0,114913,114944,2430303,114924,0,114944,STANDBY
-0.05000000074505806,-0.18000000715255737,9.819999694824219,0.0,0.0,0.0,1019.7521362304688,19.209999084472656,0.23627877235412598,-0.009147562086582184,0,0,0.0,0.0,0.0,0,0,-0.00033570360392332077,-41.36000061035156,0.010132145136594772,-0.9632251858711243,0.0,115013,115044,2430417,115039,0,115044,STANDBY
-0.05000000074505806,-0.18000000715255737,9.819999694824219,0.0,0.0,0.0,1019.7521362304688,19.209999084472656,0.23627877235412598,-0.005854439921677113,0,0,0.0,0.0,0.0,0,0,-0.00027466658502817154,-41.36000061035156,0.010162663646042347,-0.9631031155586243,0.0,115113,115144,2430513,115135,0,115144,STANDBY
-0.05000000074505806,-0.1899999976158142,9.829999923706055,0.0,0.0,0.0,1019.75048828125,19.209999084472656,0.24926112592220306,0.04818257316946983,0,0,0.0,0.0,0.0,0,0,-0.0002441480755805969,-41.36000061035156,0.010162663646042347,-0.9633167386054993,0.0,115213,115244,2430609,115230,0,115244,STANDBY
-0.03999999910593033,-0.1899999976158142,9.819999694824219,0.0,0.0,0.0,1019.75048828125,19.209999084472656,0.24926112592220306,0.03083684854209423,0,0,0.0,0.0,0.0,0,0,-0.0003662221133708954,-41.36000061035156,0.010193182155489922,-0.9631031155586243,0.0,115313,115344,2430704,115326,0,115344,STANDBY
-0.03999999910593033,-0.20000000298023224,9.819999694824219,0.0,0.0,0.0,1019.7488403320312,19.209999084472656,0.26224347949028015,0.061279118061065674,0,0,0.0,0.0,0.0,0,0,-0.0004272591322660446,-41.36000061035156,0.01037629321217537,-0.963896632194519,0.0,115414,115444,2430819,115441,0,115444,STANDBY
-0.05000000074505806,-0.18000000715255737,9.8100004196167,0.0,0.0,0.0,1019.7471923828125,19.209999084472656,0.27522581815719604,0.08076212555170059,0,0,0.0,0.0,0.0,0,0,-0.00045777764171361923,-41.36000061035156,0.010437330231070518,-0.964476466178894,0.0,115514,115544,2430915,115536,0,115544,STANDBY
-0.05000000074505806,-0.18000000715255737,9.819999694824219,0.0,0.0,0.0,1019.7471923828125,19.209999084472656,0.27522581815719604,0.051687758415937424,0,0,0.0,0.0,0.0,0,0,-0.0004882961511611938,-41.36000061035156,0.01031525619328022,-0.964079737663269,0.0,115614,115648,2431010,115648,0,115648,STANDBY
-0.05000000074505806,-0.18000000715255737,9.819999694824219,0.0,0.0,0.0,1019.7454833984375,19.209999084472656,0.2882081866264343,0.07462374866008759,0,0,0.0,0.0,0.0,0,0,-0.0004272591322660446,-41.36000061035156,0.01025421917438507,-0.9637439846992493,0.0,115714,115748,2431125,115747,0,115748,STANDBY
-0.05000000074505806,-0.18000000715255737,9.8100004196167,0.0,0.0,0.0,1019.7454833984375,19.209999084472656,0.2882081866264343,0.047759201377630234,0,0,0.0,0.0,0.0,0,0,-0.0004882961511611938,-41.36000061035156,0.010101626627147198,-0.9637439846992493,0.0,115814,115848,2431221,115844,0,115848,STANDBY
-0.05000000074505806,-0.18000000715255737,9.819999694824219,0.0,0.0,0.0,1019.747802734375,19.209999084472656,0.2700328826904297,-0.0421353243291378,0,0,0.0,0.0,0.0,0,0,-0.0004272591322660446,-41.36000061035156,0.010071108117699623,-0.9637745022773743,0.0,115914,115948,2431316,115939,0,115948,STANDBY
-0.03999999910593033,-0.1899999976158142,9.819999694824219,0.0,0.0,0.0,1019.747802734375,19.209999084472656,0.2700328826904297,-0.026966607198119164,0,0,0.0,0.0,0.0,0,0,-0.0004272591322660446,-41.36000061035156,0.010162663646042347,-0.963988184928894,0.0,116014,116048,2431413,116034,0,116048,STANDBY
-0.03999999910593033,-0.1899999976158142,9.8100004196167,0.0,0.0,0.0,1019.7462768554688,19.209999084472656,0.28301525115966797,0.03467084467411041,0,0,0.0,0.0,0.0,0,0,-0.0004882961511611938,-41.36000061035156,0.010132145136594772,-0.963927149772644,0.0,116114,116148,2431508,116130,0,116148,STANDBY
-0.05000000074505806,-0.18000000715255737,9.8100004196167,0.0,0.0,0.0,1019.7445068359375,19.209999084472656,0.29599758982658386,0.07411869615316391,0,0,0.0,0.0,0.0,0,0,-0.0004272591322660446,-41.36000061035156,0.010162663646042347,-0.9630725979804993,0.0,116214,116248,2431623,116245,0,116248,STANDBY
-0.03999999910593033,-0.18000000715255737,9.8100004196167,0.0,0.0,0.0,1019.7429809570312,19.209999084472656,0.30897992849349976,0.08897944539785385,0,0,0.0,0.0,0.0,0,0,-0.0004272591322660446,-41.36000061035156,0.01025421917438507,-0.9637745022773743,0.0,116314,116348,2431719,116340,0,116348,STANDBY
-0.05000000074505806,-0.18000000715255737,9.819999694824219,0.0,0.0,0.0,1019.7412719726562,19.209999084472656,0.3245587646961212,0.10679912567138672,0,0,0.0,0.0,0.0,0,0,-0.0003662221133708954,-41.36000061035156,0.010193182155489922,-0.9635303616523743,0.0,116414,116448,2431814,116436,0,116448,STANDBY
-0.05000000074505806,-0.17000000178813934,9.829999923706055,0.0,0.0,0.0,1019.7412719726562,19.209999084472656,0.3245587646961212,0.06835144013166428,0,0,0.0,0.0,0.0,0,0,-0.00033570360392332077,-41.36000061035156,0.010101626627147198,-0.9636219143867493,0.0,116514,116548,2431910,116532,0,116548,STANDBY
-0.05000000074505806,-0.18000000715255737,9.819999694824219,0.0,0.0,0.0,1019.7412719726562,19.209999084472656,0.3245587646961212,0.04374492168426514,0,0,0.0,0.0,0.0,0,0,-0.00027466658502817154,-41.36000061035156,0.010101626627147198,-0.964079737663269,0.0,116614,116648,2432025,116647,0,116648,STANDBY
-0.03999999910593033,-0.1899999976158142,9.8100004196167,0.0,0.0,0.0,1019.7396850585938,19.209999084472656,0.3375411033630371,0.06954023987054825,0,0,0.0,0.0,0.0,0,0,-0.0004272591322660446,-41.36000061035156,0.010071108117699623,-0.963988184928894,0.0,116714,116748,2432121,116743,0,116748,STANDBY
-0.05000000074505806,-0.1899999976158142,9.819999694824219,0.0,0.0,0.0,1019.7429809570312,19.209999084472656,0.30897992849349976,-0.05935307592153549,0,0,0.0,0.0,0.0,0,0,-0.0004272591322660446,-41.36000061035156,0.01025421917438507,-0.964232325553894,0.0,116814,116848,2432217,116838,0,116848,STANDBY
-0.05000000074505806,-0.18000000715255737,9.819999694824219,0.0,0.0,0.0,1019.7429809570312,19.209999084472656,0.30897992849349976,-0.037985969334840775,0,0,0.0,0.0,0.0,0,0,-0.00039674062281847,-41.36000061035156,0.010223700664937496,-0.9638355374336243,0.0,116914,116948,2432312,116934,0,116948,STANDBY
-0.03999999910593033,-0.18000000715255737,9.8100004196167,0.0,0.0,0.0,1019.7468872070312,19.209999084472656,0.2778222858905792,-0.14894159138202667,0,0,0.0,0.0,0.0,0,0,-0.0003662221133708954,-41.36000061035156,0.010101626627147198,-0.9637134671211243,0.0,117014,117048,2432408,117029,0,117048,STANDBY
-0.05000000074505806,-0.1899999976158142,9.800000190734863,0.0,0.0,0.0,1019.7435913085938,19.209999084472656,0.3037869930267334,0.008536204695701599,0,0,0.0,0.0,0.0,0,0,-0.00039674062281847,-41.36000061035156,0.010101626627147198,-0.9635913968086243,0.0,117114,117148,2432523,117144,0,117148,STANDBY
-0.03999999910593033,-0.18000000715255737,9.819999694824219,0.0,0.0,0.0,1019.7435913085938,19.209999084472656,0.3037869930267334,0.005463171284645796,0,0,0.0,0.0,0.0,0,0,-0.0004272591322660446,-41.36000061035156,0.010193182155489922,-0.963927149772644,0.0,117214,117248,2432619,117240,0,117248,STANDBY
-0.03999999910593033,-0.18000000715255737,9.819999694824219,0.0,0.0,0.0,1019.7452392578125,19.209999084472656,0.2908046543598175,-0.04843292385339737,0,0,0.0,0.0,0.0,0,0,-0.00045777764171361923,-41.36000061035156,0.010132145136594772,-0.9637134671211243,0.0,117314,117348,2432714,117337,0,117348,STANDBY
-0.03999999910593033,-0.18000000715255737,9.819999694824219,0.0,0.0,0.0,1019.7435913085938,19.209999084472656,0.3037869930267334,0.010546413250267506,0,0,0.0,0.0,0.0,0,0,-0.00045777764171361923,-41.36000061035156,0.010071108117699623,-0.963927149772644,0.0,117414,117448,2432809,117432,0,117448,STANDBY
-0.05000000074505806,-0.18000000715255737,9.829999923706055,0.0,0.0,0.0,1019.7435913085938,19.209999084472656,0.3037869930267334,0.006749704480171204,0,0,0.0,0.0,0.0,0,0,-0.00039674062281847,-41.36000061035156,0.010071108117699623,-0.964415431022644,0.0,117514,117548,2432925,117547,0,117548,STANDBY
-0.03999999910593033,-0.1899999976158142,9.800000190734863,0.0,0.0,0.0,1019.7435913085938,19.209999084472656,0.3037869930267334,0.004319810774177313,0,0,0.0,0.0,0.0,0,0,-0.00039674062281847,-41.36000061035156,0.010071108117699623,-0.964201807975769,0.0,117614,117648,2433020,117642,0,117648,STANDBY
-0.05000000074505806,-0.1899999976158142,9.819999694824219,0.0,0.0,0.0,1019.7412719726562,19.209999084472656,0.3245587646961212,0.06923434883356094,0,0,0.0,0.0,0.0,0,0,-0.0003662221133708954,-41.36000061035156,0.010193182155489922,-0.964140772819519,0.0,117714,117748,2433117,117738,0,117748,STANDBY
-0.05000000074505806,-0.18000000715255737,9.819999694824219,0.0,0.0,0.0,1019.7429809570312,19.209999084472656,0.30897992849349976,-0.005542293190956116,0,0,0.0,0.0,0.0,0,0,-0.00030518509447574615,-41.36000061035156,0.010193182155489922,-0.963927149772644,0.0,117814,117848,2433212,117834,0,117848,STANDBY
-0.03999999910593033,-0.1899999976158142,9.8100004196167,0.0,0.0,0.0,1019.7429809570312,19.209999084472656,0.30897992849349976,-0.0035470675211399794,0,0,0.0,0.0,0.0,0,0,-0.00045777764171361923,-41.36000061035156,0.010223700664937496,-0.964018702507019,0.0,117914,117948,2433308,117929,0,117948,STANDBY
-0.05000000074505806,-0.1899999976158142,9.819999694824219,0.0,0.0,0.0,1019.7429809570312,19.209999084472656,0.30897992849349976,-0.0022701232228428125,0,0,0.0,0.0,0.0,0,0,-0.00039674062281847,-41.36000061035156,0.010162663646042347,-0.9637439846992493,0.0,118014,118048,2433423,118044,0,118048,STANDBY
-0.05000000074505806,-0.18000000715255737,9.819999694824219,0.0,0.0,0.0,1019.7412719726562,19.209999084472656,0.3245587646961212,0.0608624666929245,0,0,0.0,0.0,0.0,0,0,-0.00033570360392332077,-41.36000061035156,0.010284737683832645,-0.964445948600769,0.0,118114,118148,2433518,118140,0,118148,STANDBY
-0.05000000074505806,-0.1899999976158142,9.819999694824219,0.0,0.0,0.0,1019.7412719726562,19.209999084472656,0.3245587646961212,0.03895197808742523,0,0,0.0,0.0,0.0,0,0,-0.00033570360392332077,-41.36000061035156,0.010193182155489922,-0.964140772819519,0.0,118214,118248,2433614,118236,0,118248,STANDBY
-0.05000000074505806,-0.18000000715255737,9.8100004196167,0.0,0.0,0.0,1019.7429809570312,19.209999084472656,0.30897992849349976,-0.036164212971925735,0,0,0.0,0.0,0.0,0,0,-0.00027466658502817154,-41.36000061035156,0.010223700664937496,-0.964262843132019,0.0,118315,118348,2433710,118332,0,118348,STANDBY
-0.03999999910593033,-0.18000000715255737,9.819999694824219,0.0,0.0,0.0,1019.7429809570312,19.209999084472656,0.30897992849349976,-0.023145096376538277,0,0,0.0,0.0,0.0,0,0,-0.00030518509447574615,-41.36000061035156,0.01025421917438507,-0.964506983757019,0.0,118415,118448,2433824,118447,0,118448,STANDBY
-0.03999999910593033,-0.1899999976158142,9.819999694824219,0.0,0.0,0.0,1019.7412719726562,19.209999084472656,0.3245587646961212,0.03503941372036934,0,0,0.0,0.0,0.0,0,0,-0.00039674062281847,-41.36000061035156,0.010284737683832645,-0.964934229850769,0.0,118515,118548,2433920,118542,0,118548,STANDBY
-0.05000000074505806,-0.18000000715255737,9.8100004196167,0.0,0.0,0.0,1019.7396850585938,19.209999084472656,0.3375411033630371,0.0639687106013298,0,0,0.0,0.0,0.0,0,0,-0.00039674062281847,-41.36000061035156,0.010223700664937496,-0.964506983757019,0.0,118615,118648,2434016,118642,0,118648,STANDBY
-0.05000000074505806,-0.18000000715255737,9.819999694824219,0.0,0.0,0.0,1019.7396850585938,19.209999084472656,0.3375411033630371,0.040939975529909134,0,0,0.0,0.0,0.0,0,0,-0.00033570360392332077,-41.36000061035156,0.010101626627147198,-0.964323878288269,0.0,118715,118748,2434112,118733,0,118748,STANDBY
-0.05000000074505806,-0.18000000715255737,9.8100004196167,0.0,0.0,0.0,1019.7379760742188,19.209999084472656,0.3505234718322754,0.0781310573220253,0,0,0.0,0.0,0.0,0,0,-0.0003662221133708954,-41.36000061035156,0.010040589608252048,-0.9636524319648743,0.0,118815,118848,2434207,118829,0,118848,STANDBY
-0.05000000074505806,-0.17000000178813934,9.819999694824219,0.0,0.0,0.0,1019.7379760742188,19.209999084472656,0.3505234718322754,0.05000388249754906,0,0,0.0,0.0,0.0,0,0,-0.0003662221133708954,-41.36000061035156,0.009949034079909325,-0.9635303616523743,0.0,118915,118948,2434322,118944,0,118948,STANDBY
-0.05000000074505806,-0.18000000715255737,9.829999923706055,0.0,0.0,0.0,1019.7379760742188,19.209999084472656,0.3505234718322754,0.032002486288547516,0,0,0.0,0.0,0.0,0,0,-0.0003662221133708954,-41.36000061035156,0.0098574785515666,-0.9632557034492493,0.0,119015,119048,2434418,119040,0,119048,STANDBY
-0.05000000074505806,-0.1899999976158142,9.819999694824219,0.0,0.0,0.0,1019.7379760742188,19.209999084472656,0.3505234718322754,0.020481592044234276,0,0,0.0,0.0,0.0,0,0,-0.00033570360392332077,-41.36000061035156,0.0099795525893569,-0.9635303616523743,0.0,119115,119148,2434513,119136,0,119148,STANDBY
-0.03999999910593033,-0.1899999976158142,9.819999694824219,0.0,0.0,0.0,1019.7402954101562,19.209999084472656,0.33234816789627075,-0.059592995792627335,0,0,0.0,0.0,0.0,0,0,-0.0003662221133708954,-41.36000061035156,0.010010071098804474,-0.9635608792304993,0.0,119215,119248,2434610,119231,0,119248,STANDBY
-0.05000000074505806,-0.18000000715255737,9.8100004196167,0.0,0.0,0.0,1019.736328125,19.209999084472656,0.3635058104991913,0.08649104833602905,0,0,0.0,0.0,0.0,0,0,-0.0004882961511611938,-41.36000061035156,0.0099795525893569,-0.9629810452461243,0.0,119315,119348,2434724,119346,0,119348,STANDBY
-0.05000000074505806,-0.1899999976158142,9.8100004196167,0.0,0.0,0.0,1019.7402954101562,19.209999084472656,0.33234816789627075,-0.04435018450021744,0,0,0.0,0.0,0.0,0,0,-0.00045777764171361923,-41.36000061035156,0.010040589608252048,-0.9628894925117493,0.0,119415,119448,2434820,119442,0,119448,STANDBY
-0.03999999910593033,-0.18000000715255737,9.8100004196167,0.0,0.0,0.0,1019.7402954101562,19.209999084472656,0.33234816789627075,-0.028384119272232056,0,0,0.0,0.0,0.0,0,0,-0.00045777764171361923,-41.36000061035156,0.010101626627147198,-0.9630420804023743,0.0,119515,119548,2434916,119537,0,119548,STANDBY
-0.05000000074505806,-0.18000000715255737,9.8100004196167,0.0,0.0,0.0,1019.741943359375,19.209999084472656,0.3167693614959717,-0.06801801919937134,0,0,0.0,0.0,0.0,0,0,-0.00039674062281847,-41.36000061035156,0.010010071098804474,-0.9628284573554993,0.0,119615,119648,2435011,119645,0,119648,STANDBY
-0.03999999910593033,-0.17000000178813934,9.8100004196167,0.0,0.0,0.0,1019.7402954101562,19.209999084472656,0.33234816789627075,0.006320646498352289,0,0,0.0,0.0,0.0,0,0,-0.0004882961511611938,-41.36000061035156,0.010040589608252048,-0.9632251858711243,0.0,119715,119748,2435107,119729,0,119748,STANDBY
-0.03999999910593033,-0.17000000178813934,9.829999923706055,0.0,0.0,0.0,1019.7402954101562,19.209999084472656,0.33234816789627075,0.0040452140383422375,0,0,0.0,0.0,0.0,0,0,-0.00045777764171361923,-41.36000061035156,0.0099795525893569,-0.9630420804023743,0.0,119816,119848,2435222,119844,0,119848,STANDBY
-0.03999999910593033,-0.1899999976158142,9.819999694824219,0.0,0.0,0.0,1019.741943359375,19.209999084472656,0.3167693614959717,-0.0472632460296154,0,0,0.0,0.0,0.0,0,0,-0.0005493331700563431,-41.36000061035156,0.009949034079909325,-0.9628894925117493,0.0,119916,119948,2435317,119940,0,119948,STANDBY
-0.029999999329447746,-0.18000000715255737,9.819999694824219,0.0,0.0,0.0,1019.741943359375,19.209999084472656,0.3167693614959717,-0.030248478055000305,0,0,0.0,0.0,0.0,0,0,-0.0006408886983990669,-41.36000061035156,0.0099795525893569,-0.9626758694648743,0.0,120016,120048,2435414,120036,0,120048,STANDBY
-0.05000000074505806,-0.1899999976158142,9.8100004196167,0.0,0.0,0.0,1019.7402954101562,19.209999084472656,0.33234816789627075,0.04295619577169418,0,0,0.0,0.0,0.0,0,0,-0.0006408886983990669,-41.36000061035156,0.0099795525893569,-0.9629200100898743,0.0,120116,120148,2435510,120131,0,120148,STANDBY
-0.03999999910593033,-0.1899999976158142,9.8100004196167,0.0,0.0,0.0,1019.7402954101562,19.209999084472656,0.33234816789627075,0.027491966262459755,0,0,0.0,0.0,0.0,0,0,-0.0006408886983990669,-41.36000061035156,0.010040589608252048,-0.9627979397773743,0.0,120216,120248,2435624,120246,0,120248,STANDBY
-0.03999999910593033,-0.1899999976158142,9.829999923706055,0.0,0.0,0.0,1019.7459106445312,19.209999084472656,0.28561171889305115,-0.16935093700885773,0,0,0.0,0.0,0.0,0,0,-0.0006714072078466415,-41.36000061035156,0.010040589608252048,-0.9628589749336243,0.0,120316,120348,2435720,120342,0,120348,STANDBY
-0.05000000074505806,-0.17000000178813934,9.819999694824219,0.0,0.0,0.0,1019.7459106445312,19.209999084472656,0.28561171889305115,-0.10838460177183151,0,0,0.0,0.0,0.0,0,0,-0.0006103701889514923,-41.36000061035156,0.0099795525893569,-0.9629810452461243,0.0,120416,120448,2435816,120438,0,120448,STANDBY
-0.05000000074505806,-0.1899999976158142,9.819999694824219,0.0,0.0,0.0,1019.74755859375,19.209999084472656,0.27262935042381287,-0.11090972274541855,0,0,0.0,0.0,0.0,0,0,-0.0004882961511611938,-41.36000061035156,0.009949034079909325,-0.9629810452461243,0.0,120516,120548,2435911,120534,0,120548,STANDBY
-0.03999999910593033,-0.18000000715255737,9.819999694824219,0.0,0.0,0.0,1019.74755859375,19.209999084472656,0.27262935042381287,-0.07098222523927689,0,0,0.0,0.0,0.0,0,0,-0.0004882961511611938,-41.36000061035156,0.010040589608252048,-0.9632862210273743,0.0,120616,120648,2436007,120644,0,120648,STANDBY
-0.05000000074505806,-0.18000000715255737,9.819999694824219,0.0,0.0,0.0,1019.74755859375,19.209999084472656,0.27262935042381287,-0.045428626239299774,0,0,0.0,0.0,0.0,0,0,-0.0005188146606087685,-41.36000061035156,0.010040589608252048,-0.9631946682929993,0.0,120716,120748,2436122,120744,0,120748,STANDBY
-0.03999999910593033,-0.18000000715255737,9.819999694824219,0.0,0.0,0.0,1019.74755859375,19.209999084472656,0.27262935042381287,-0.029074320569634438,0,0,0.0,0.0,0.0,0,0,-0.0004272591322660446,-41.36000061035156,0.010010071098804474,-0.9630115628242493,0.0,120816,120848,2436218,120840,0,120848,STANDBY
-0.05000000074505806,-0.1899999976158142,9.819999694824219,0.0,0.0,0.0,1019.7492065429688,19.209999084472656,0.259647011756897,-0.07053691893815994,0,0,0.0,0.0,0.0,0,0,-0.0004272591322660446,-41.36000061035156,0.010101626627147198,-0.9629505276679993,0.0,120916,120948,2436314,120936,0,120948,STANDBY
-0.03999999910593033,-0.1899999976158142,9.800000190734863,0.0,0.0,0.0,1019.753173828125,19.219999313354492,0.22589290142059326,-0.18016007542610168,0,0,0.0,0.0,0.0,0,0,-0.00045777764171361923,-41.36000061035156,0.010132145136594772,-0.9627979397773743,0.0,121016,121048,2436410,121031,0,121048,STANDBY
-0.03999999910593033,-0.18000000715255737,9.819999694824219,0.0,0.0,0.0,1019.753173828125,19.219999313354492,0.22589290142059326,-0.11530245840549469,0,0,0.0,0.0,0.0,0,0,-0.0004882961511611938,-41.36000061035156,0.010101626627147198,-0.9632862210273743,0.0,121116,121148,2436525,121147,0,121148,STANDBY
-0.05000000074505806,-0.18000000715255737,9.8100004196167,0.0,0.0,0.0,1019.753173828125,19.219999313354492,0.22589290142059326,-0.07379357516765594,0,0,0.0,0.0,0.0,0,0,-0.0004272591322660446,-41.36000061035156,0.010162663646042347,-0.9636524319648743,0.0,121216,121248,2436621,121242,0,121248,STANDBY
-0.05000000074505806,-0.18000000715255737,9.819999694824219,0.0,0.0,0.0,1019.7548217773438,19.219999313354492,0.21291054785251617,-0.09915730357170105,0,0,0.0,0.0,0.0,0,0,-0.00045777764171361923,-41.36000061035156,0.010101626627147198,-0.9632557034492493,0.0,121316,121348,2436716,121338,0,121348,STANDBY
-0.03999999910593033,-0.18000000715255737,9.819999694824219,0.0,0.0,0.0,1019.7548217773438,19.219999313354492,0.21291054785251617,-0.06346067786216736,0,0,0.0,0.0,0.0,0,0,-0.00045777764171361923,-41.36000061035156,0.010132145136594772,-0.9632557034492493,0.0,121416,121448,2436811,121434,0,121448,STANDBY
-0.03999999910593033,-0.18000000715255737,9.819999694824219,0.0,0.0,0.0,1019.7548217773438,19.219999313354492,0.21291054785251617,-0.040614835917949677,0,0,0.0,0.0,0.0,0,0,-0.00045777764171361923,-41.36000061035156,0.010132145136594772,-0.9632251858711243,0.0,121516,121548,2436908,121529,0,121548,STANDBY
-0.03999999910593033,-0.1899999976158142,9.819999694824219,0.0,0.0,0.0,1019.7548217773438,19.219999313354492,0.21291054785251617,-0.02599349617958069,0,0,0.0,0.0,0.0,0,0,-0.0005188146606087685,-41.36000061035156,0.010071108117699623,-0.9626453518867493,0.0,121616,121648,2437003,121646,0,121648,STANDBY
-0.05000000074505806,-0.18000000715255737,9.8100004196167,0.0,0.0,0.0,1019.7548217773438,19.219999313354492,0.21291054785251617,-0.016635838896036148,0,0,0.0,0.0,0.0,0,0,-0.0004272591322660446,-41.36000061035156,0.010040589608252048,-0.9625537991523743,0.0,121716,121748,2437117,121740,0,121748,STANDBY
-0.03999999910593033,-0.18000000715255737,9.8100004196167,0.0,0.0,0.0,1019.753173828125,19.219999313354492,0.22589290142059326,0.030896594747900963,0,0,0.0,0.0,0.0,0,0,-0.0004882961511611938,-41.36000061035156,0.0099795525893569,-0.9629505276679993,0.0,121816,121848,2437214,121835,0,121848,STANDBY
-0.05000000074505806,-0.1899999976158142,9.8100004196167,0.0,0.0,0.0,1019.7515869140625,19.219999313354492,0.23887524008750916,0.07170318067073822,0,0,0.0,0.0,0.0,0,0,-0.0004272591322660446,-41.36000061035156,0.0099795525893569,-0.9628589749336243,0.0,121916,121948,2437309,121931,0,121948,STANDBY
-0.05000000074505806,-0.20000000298023224,9.819999694824219,0.0,0.0,0.0,1019.7499389648438,19.219999313354492,0.25185760855674744,0.0978195071220398,0,0,0.0,0.0,0.0,0,0,-0.0003662221133708954,-41.36000061035156,0.010162663646042347,-0.9632557034492493,0.0,122016,122048,2437424,122046,0,122048,STANDBY
-0.05000000074505806,-0.1899999976158142,9.819999694824219,0.0,0.0,0.0,1019.7515869140625,19.219999313354492,0.23887524008750916,0.010675013065338135,0,0,0.0,0.0,0.0,0,0,-0.00033570360392332077,-41.36000061035156,0.01025421917438507,-0.9637134671211243,0.0,122116,122148,2437520,122142,0,122148,STANDBY
-0.05000000074505806,-0.1899999976158142,9.8100004196167,0.0,0.0,0.0,1019.7499389648438,19.219999313354492,0.25185760855674744,0.05876148119568825,0,0,0.0,0.0,0.0,0,0,-0.00033570360392332077,-41.36000061035156,0.010223700664937496,-0.963957667350769,0.0,122216,122248,2437615,122237,0,122248,STANDBY
-0.05000000074505806,-0.18000000715255737,9.819999694824219,0.0,0.0,0.0,1019.7522583007812,19.219999313354492,0.2336823046207428,-0.03509386628866196,0,0,0.0,0.0,0.0,0,0,-0.0004272591322660446,-41.36000061035156,0.01025421917438507,-0.963957667350769,0.0,122316,122348,2437711,122333,0,122348,STANDBY
-0.05000000074505806,-0.1899999976158142,9.8100004196167,0.0,0.0,0.0,1019.7506103515625,19.219999313354492,0.24666465818881989,0.029469339177012444,0,0,0.0,0.0,0.0,0,0,-0.0004272591322660446,-41.36000061035156,0.01025421917438507,-0.9636524319648743,0.0,122416,122448,2437826,122448,0,122448,STANDBY
-0.05000000074505806,-0.18000000715255737,9.819999694824219,0.0,0.0,0.0,1019.7489013671875,19.219999313354492,0.26224347949028015,0.06871260702610016,0,0,0.0,0.0,0.0,0,0,-0.00039674062281847,-41.36000061035156,0.010223700664937496,-0.963988184928894,0.0,122516,122548,2437921,122544,0,122548,STANDBY
-0.05000000074505806,-0.1899999976158142,9.819999694824219,0.0,0.0,0.0,1019.747314453125,19.219999313354492,0.27522581815719604,0.08551955223083496,0,0,0.0,0.0,0.0,0,0,-0.0005188146606087685,-41.36000061035156,0.010223700664937496,-0.9638660550117493,0.0,122616,122648,2438018,122645,0,122648,STANDBY
-0.03999999910593033,-0.18000000715255737,9.800000190734863,0.0,0.0,0.0,1019.747314453125,19.219999313354492,0.27522581815719604,0.054732512682676315,0,0,0.0,0.0,0.0,0,0,-0.0004272591322660446,-41.36000061035156,0.010223700664937496,-0.9636829495429993,0.0,122717,122748,2438113,122735,0,122748,STANDBY
-0.03999999910593033,-0.20000000298023224,9.829999923706055,0.0,0.0,0.0,1019.7440795898438,19.219999313354492,0.3011905252933502,0.1181158795952797,0,0,0.0,0.0,0.0,0,0,-0.0005188146606087685,-41.36000061035156,0.01025421917438507,-0.9637745022773743,0.0,122817,122848,2438209,122830,0,122848,STANDBY
-0.05000000074505806,-0.1899999976158142,9.8100004196167,0.0,0.0,0.0,1019.7423706054688,19.219999313354492,0.3141728639602661,0.1275235116481781,0,0,0.0,0.0,0.0,0,0,-0.0004882961511611938,-41.36000061035156,0.010284737683832645,-0.9635303616523743,0.0,122917,122948,2438324,122946,0,122948,STANDBY
-0.05000000074505806,-0.18000000715255737,9.8100004196167,0.0,0.0,0.0,1019.7423706054688,19.219999313354492,0.3141728639602661,0.08161505311727524,0,0,0.0,0.0,0.0,0,0,-0.00033570360392332077,-41.36000061035156,0.010284737683832645,-0.9634082913398743,0.0,123017,123048,2438419,123041,0,123048,STANDBY
-0.05000000074505806,-0.1899999976158142,9.8100004196167,0.0,0.0,0.0,1019.7446899414062,19.219999313354492,0.29599758982658386,-0.02046746015548706,0,0,0.0,0.0,0.0,0,0,-0.00033570360392332077,-41.36000061035156,0.01025421917438507,-0.9632251858711243,0.0,123117,123148,2438515,123138,0,123148,STANDBY
-0.03999999910593033,-0.1899999976158142,9.8100004196167,0.0,0.0,0.0,1019.7413940429688,19.219999313354492,0.32196229696273804,0.09075965732336044,0,0,0.0,0.0,0.0,0,0,-0.00033570360392332077,-41.36000061035156,0.01031525619328022,-0.9633472561836243,0.0,123217,123248,2438611,123233,0,123248,STANDBY
-0.03999999910593033,-0.1899999976158142,9.819999694824219,0.0,0.0,0.0,1019.7413940429688,19.219999313354492,0.32196229696273804,0.05808618292212486,0,0,0.0,0.0,0.0,0,0,-0.00039674062281847,-41.36000061035156,0.010345774702727795,-0.9635608792304993,0.0,123317,123348,2438726,123347,0,123348,STANDBY
-0.03999999910593033,-0.18000000715255737,9.8100004196167,0.0,0.0,0.0,1019.7413940429688,19.219999313354492,0.32196229696273804,0.03717515990138054,0,0,0.0,0.0,0.0,0,0,-0.0004272591322660446,-41.36000061035156,0.010284737683832645,-0.9632557034492493,0.0,123417,123448,2438821,123444,0,123448,STANDBY
-0.05000000074505806,-0.20000000298023224,9.819999694824219,0.0,0.0,0.0,1019.7413940429688,19.219999313354492,0.32196229696273804,0.023792102932929993,0,0,0.0,0.0,0.0,0,0,-0.0003662221133708954,-41.36000061035156,0.01031525619328022,-0.9635303616523743,0.0,123517,123548,2438918,123540,0,123548,STANDBY
-0.05000000074505806,-0.20000000298023224,9.8100004196167,0.0,0.0,0.0,1019.7413940429688,19.219999313354492,0.32196229696273804,0.015226947143673897,0,0,0.0,0.0,0.0,0,0,-0.00033570360392332077,-41.36000061035156,0.01037629321217537,-0.9635913968086243,0.0,123617,123648,2439013,123641,0,123648,STANDBY
-0.05000000074505806,-0.1899999976158142,9.8100004196167,0.0,0.0,0.0,1019.7413940429688,19.219999313354492,0.32196229696273804,0.009745246730744839,0,0,0.0,0.0,0.0,0,0,-0.00045777764171361923,-41.36000061035156,0.010406811721622944,-0.9636219143867493,0.0,123717,123748,2439109,123730,0,123748,STANDBY
-0.05000000074505806,-0.20000000298023224,9.8100004196167,0.0,0.0,0.0,1019.7398681640625,19.219999313354492,0.33494463562965393,0.047780442982912064,0,0,0.0,0.0,0.0,0,0,-0.00039674062281847,-41.36000061035156,0.010467848740518093,-0.9638050198554993,0.0,123817,123848,2439224,123846,0,123848,STANDBY
-0.05000000074505806,-0.1899999976158142,9.8100004196167,0.0,0.0,0.0,1019.7398681640625,19.219999313354492,0.33494463562965393,0.03057948313653469,0,0,0.0,0.0,0.0,0,0,-0.00033570360392332077,-41.36000061035156,0.010498367249965668,-0.964232325553894,0.0,123917,123948,2439319,123941,0,123948,STANDBY
-0.03999999910593033,-0.1899999976158142,9.819999694824219,0.0,0.0,0.0,1019.7398681640625,19.219999313354492,0.33494463562965393,0.01957087032496929,0,0,0.0,0.0,0.0,0,0,-0.0003662221133708954,-41.36000061035156,0.010528885759413242,-0.964018702507019,0.0,124017,124048,2439415,124037,0,124048,STANDBY
-0.03999999910593033,-0.1899999976158142,9.8100004196167,0.0,0.0,0.0,1019.7380981445312,19.219999313354492,0.3479269742965698,0.06343649327754974,0,0,0.0,0.0,0.0,0,0,-0.00039674062281847,-41.36000061035156,0.010406811721622944,-0.9638355374336243,0.0,124118,124148,2439511,124133,0,124148,STANDBY
-0.05000000074505806,-0.1899999976158142,9.819999694824219,0.0,0.0,0.0,1019.7365112304688,19.219999313354492,0.3609093427658081,0.09252883493900299,0,0,0.0,0.0,0.0,0,0,-0.0003662221133708954,-41.36000061035156,0.010284737683832645,-0.9637134671211243,0.0,124218,124248,2439607,124228,0,124248,STANDBY
-0.03999999910593033,-0.1899999976158142,9.8100004196167,0.0,0.0,0.0,1019.738525390625,19.219999313354492,0.34533050656318665,-0.003096889704465866,0,0,0.0,0.0,0.0,0,0,-0.00045777764171361923,-41.36000061035156,0.01025421917438507,-0.963896632194519,0.0,124318,124348,2439721,124344,0,124348,STANDBY
-0.05000000074505806,-0.18000000715255737,9.8100004196167,0.0,0.0,0.0,1019.738525390625,19.219999313354492,0.34533050656318665,-0.0019820095039904118,0,0,0.0,0.0,0.0,0,0,-0.00039674062281847,-41.36000061035156,0.010223700664937496,-0.9634998440742493,0.0,124418,124448,2439817,124439,0,124448,STANDBY
-0.05000000074505806,-0.1899999976158142,9.8100004196167,0.0,0.0,0.0,1019.7368774414062,19.219999313354492,0.3583128750324249,0.04027509316802025,0,0,0.0,0.0,0.0,0,0,-0.00030518509447574615,-41.36000061035156,0.01025421917438507,-0.9637745022773743,0.0,124518,124548,2439913,124534,0,124548,STANDBY
-0.05000000074505806,-0.1899999976158142,9.819999694824219,0.0,0.0,0.0,1019.7368774414062,19.219999313354492,0.3583128750324249,0.025776062160730362,0,0,0.0,0.0,0.0,0,0,-0.00030518509447574615,-41.36000061035156,0.010345774702727795,-0.964110255241394,0.0,124618,124648,2440008,124643,0,124648,STANDBY
-0.03999999910593033,-0.1899999976158142,9.8100004196167,0.0,0.0,0.0,1019.7368774414062,19.219999313354492,0.3583128750324249,0.016496680676937103,0,0,0.0,0.0,0.0,0,0,-0.00030518509447574615,-41.36000061035156,0.010345774702727795,-0.964201807975769,0.0,124718,124748,2440123,124745,0,124748,STANDBY
-0.03999999910593033,-0.1899999976158142,9.8100004196167,0.0,0.0,0.0,1019.738525390625,19.219999313354492,0.34533050656318665,-0.030985703691840172,0,0,0.0,0.0,0.0,0,0,-0.0003662221133708954,-41.36000061035156,0.01037629321217537,-0.964079737663269,0.0,124818,124848,2440219,124841,0,124848,STANDBY
-0.05000000074505806,-0.1899999976158142,9.819999694824219,0.0,0.0,0.0,1019.7424926757812,19.229999542236328,0.3141728639602661,-0.11953530460596085,0,0,0.0,0.0,0.0,0,0,-0.00039674062281847,-41.36000061035156,0.01031525619328022,-0.964018702507019,0.0,124918,124948,2440315,124937,0,124948,STANDBY
-0.03999999910593033,-0.18000000715255737,9.8100004196167,0.0,0.0,0.0,1019.7408447265625,19.229999542236328,0.3271552324295044,-0.03495901823043823,0,0,0.0,0.0,0.0,0,0,-0.0004272591322660446,-41.36000061035156,0.010223700664937496,-0.9634693264961243,0.0,125018,125048,2440411,125033,0,125048,STANDBY
-0.05000000074505806,-0.1899999976158142,9.8100004196167,0.0,0.0,0.0,1019.7374877929688,19.229999542236328,0.35311993956565857,0.08148505538702011,0,0,0.0,0.0,0.0,0,0,-0.0003662221133708954,-41.36000061035156,0.01037629321217537,-0.9636524319648743,0.0,125118,125148,2440507,125128,0,125148,STANDBY
-0.03999999910593033,-0.1899999976158142,9.8100004196167,0.0,0.0,0.0,1019.7398681640625,19.229999542236328,0.33494463562965393,-0.02055077999830246,0,0,0.0,0.0,0.0,0,0,-0.00045777764171361923,-41.36000061035156,0.010406811721622944,-0.9636524319648743,0.0,125218,125248,2440622,125243,0,125248,STANDBY
-0.05000000074505806,-0.18000000715255737,9.819999694824219,0.0,0.0,0.0,1019.73828125,19.229999542236328,0.3479269742965698,0.038776855915784836,0,0,0.0,0.0,0.0,0,0,-0.00039674062281847,-41.36000061035156,0.01031525619328022,-0.9636524319648743,0.0,125318,125348,2440717,125339,0,125348,STANDBY
-0.03999999910593033,-0.18000000715255737,9.819999694824219,0.0,0.0,0.0,1019.736572265625,19.229999542236328,0.3609093427658081,0.07674666494131088,0,0,0.0,0.0,0.0,0,0,-0.00033570360392332077,-41.36000061035156,0.01031525619328022,-0.9637745022773743,0.0,125418,125448,2440812,125434,0,125448,STANDBY
-0.03999999910593033,-0.18000000715255737,9.8100004196167,0.0,0.0,0.0,1019.7349853515625,19.229999542236328,0.373891681432724,0.09066134691238403,0,0,0.0,0.0,0.0,0,0,-0.00039674062281847,-41.36000061035156,0.010223700664937496,-0.9633472561836243,0.0,125518,125548,2440908,125531,0,125548,STANDBY
-0.05000000074505806,-0.1899999976158142,9.829999923706055,0.0,0.0,0.0,1019.7349853515625,19.229999542236328,0.373891681432724,0.05802326276898384,0,0,0.0,0.0,0.0,0,0,-0.00039674062281847,-41.36000061035156,0.01031525619328022,-0.964049220085144,0.0,125618,125648,2441023,125645,0,125648,STANDBY
-0.05000000074505806,-0.18000000715255737,9.8100004196167,0.0,0.0,0.0,1019.7332763671875,19.229999542236328,0.38947051763534546,0.08698716014623642,0,0,0.0,0.0,0.0,0,0,-0.00033570360392332077,-41.36000061035156,0.010284737683832645,-0.964293360710144,0.0,125718,125748,2441119,125741,0,125748,STANDBY
-0.05000000074505806,-0.1899999976158142,9.8100004196167,0.0,0.0,0.0,1019.7332763671875,19.229999542236328,0.38947051763534546,0.05567178130149841,0,0,0.0,0.0,0.0,0,0,-0.0003662221133708954,-41.36000061035156,0.01025421917438507,-0.9637134671211243,0.0,125818,125848,2441214,125837,0,125848,STANDBY
-0.05000000074505806,-0.1899999976158142,9.8100004196167,0.0,0.0,0.0,1019.7340087890625,19.229999542236328,0.38168108463287354,0.010703754611313343,0,0,0.0,0.0,0.0,0,0,-0.0003662221133708954,-41.36000061035156,0.010284737683832645,-0.964079737663269,0.0,125918,125948,2441310,125932,0,125948,STANDBY
-0.03999999910593033,-0.18000000715255737,9.8100004196167,0.0,0.0,0.0,1019.7307739257812,19.229999542236328,0.4076457917690277,0.10032333433628082,0,0,0.0,0.0,0.0,0,0,-0.00045777764171361923,-41.36000061035156,0.010193182155489922,-0.9635608792304993,0.0,126018,126048,2441425,126047,0,126048,STANDBY
-0.03999999910593033,-0.1899999976158142,9.8100004196167,0.0,0.0,0.0,1019.7307739257812,19.229999542236328,0.4076457917690277,0.06420693546533585,0,0,0.0,0.0,0.0,0,0,-0.0004882961511611938,-41.36000061035156,0.010223700664937496,-0.9633777737617493,0.0,126118,126148,2441521,126143,0,126148,STANDBY
-0.029999999329447746,-0.18000000715255737,9.819999694824219,0.0,0.0,0.0,1019.7307739257812,19.229999542236328,0.4076457917690277,0.041092440485954285,0,0,0.0,0.0,0.0,0,0,-0.00045777764171361923,-41.36000061035156,0.010193182155489922,-0.9628589749336243,0.0,126218,126248,2441617,126238,0,126248,STANDBY
-0.029999999329447746,-0.18000000715255737,9.8100004196167,0.0,0.0,0.0,1019.7307739257812,19.229999542236328,0.4076457917690277,0.026299163699150085,0,0,0.0,0.0,0.0,0,0,-0.0005188146606087685,-41.36000061035156,0.010162663646042347,-0.9629810452461243,0.0,126318,126348,2441712,126334,0,126348,STANDBY
-0.03999999910593033,-0.18000000715255737,9.819999694824219,0.0,0.0,0.0,1019.7307739257812,19.229999542236328,0.4076457917690277,0.01683146506547928,0,0,0.0,0.0,0.0,0,0,-0.0005188146606087685,-41.36000061035156,0.010101626627147198,-0.9630420804023743,0.0,126418,126448,2441808,126430,0,126448,STANDBY
-0.05000000074505806,-0.18000000715255737,9.819999694824219,0.0,0.0,0.0,1019.7290649414062,19.229999542236328,0.42322462797164917,0.07308748364448547,0,0,0.0,0.0,0.0,0,0,-0.0004272591322660446,-41.36000061035156,0.010132145136594772,-0.9631946682929993,0.0,126518,126548,2441923,126544,0,126548,STANDBY
-0.03999999910593033,-0.18000000715255737,9.8100004196167,0.0,0.0,0.0,1019.7329711914062,19.229999542236328,0.38947051763534546,-0.061237163841724396,0,0,0.0,0.0,0.0,0,0,-0.0004272591322660446,-41.36000061035156,0.010101626627147198,-0.9631031155586243,0.0,126618,126648,2442018,126646,0,126648,STANDBY
-0.03999999910593033,-0.1899999976158142,9.819999694824219,0.0,0.0,0.0,1019.736328125,19.229999542236328,0.3635058104991913,-0.1222788468003273,0,0,0.0,0.0,0.0,0,0,-0.00045777764171361923,-41.36000061035156,0.010101626627147198,-0.9627979397773743,0.0,126718,126748,2442115,126736,0,126748,STANDBY
-0.05000000074505806,-0.18000000715255737,9.819999694824219,0.0,0.0,0.0,1019.7346801757812,19.229999542236328,0.3764881491661072,-0.03671497851610184,0,0,0.0,0.0,0.0,0,0,-0.0004272591322660446,-41.36000061035156,0.010162663646042347,-0.9630725979804993,0.0,126818,126848,2442210,126832,0,126848,STANDBY
-0.05000000074505806,-0.1899999976158142,9.819999694824219,0.0,0.0,0.0,1019.736328125,19.229999542236328,0.3635058104991913,-0.06504107266664505,0,0,0.0,0.0,0.0,0,0,-0.00033570360392332077,-41.36000061035156,0.010132145136594772,-0.9631336331367493,0.0,126918,126948,2442324,126947,0,126948,STANDBY
-0.05000000074505806,-0.18000000715255737,9.8100004196167,0.0,0.0,0.0,1019.736328125,19.229999542236328,0.3635058104991913,-0.04162628576159477,0,0,0.0,0.0,0.0,0,0,-0.0003662221133708954,-41.36000061035156,0.010162663646042347,-0.9627063870429993,0.0,127019,127048,2442421,127042,0,127048,STANDBY
-0.05000000074505806,-0.1899999976158142,9.819999694824219,0.0,0.0,0.0,1019.7383422851562,19.239999771118164,0.3479269742965698,-0.08895616978406906,0,0,0.0,0.0,0.0,0,0,-0.00030518509447574615,-41.36000061035156,0.010223700664937496,-0.9631336331367493,0.0,127119,127148,2442516,127138,0,127148,STANDBY
-0.03999999910593033,-0.18000000715255737,9.8100004196167,0.0,0.0,0.0,1019.7383422851562,19.239999771118164,0.3479269742965698,-0.05693195015192032,0,0,0.0,0.0,0.0,0,0,-0.00033570360392332077,-41.36000061035156,0.01025421917438507,-0.9635608792304993,0.0,127219,127248,2442612,127234,0,127248,STANDBY
-0.03999999910593033,-0.18000000715255737,9.8100004196167,0.0,0.0,0.0,1019.7329711914062,19.229999542236328,0.38947051763534546,0.1297377198934555,0,0,0.0,0.0,0.0,0,0,-0.00045777764171361923,-41.36000061035156,0.010193182155489922,-0.9637745022773743,0.0,127319,127348,2442707,127330,0,127348,STANDBY
-0.03999999910593033,-0.1899999976158142,9.819999694824219,0.0,0.0,0.0,1019.735107421875,19.239999771118164,0.373891681432724,0.020716801285743713,0,0,0.0,0.0,0.0,0,0,-0.0005188146606087685,-41.36000061035156,0.010162663646042347,-0.9632251858711243,0.0,127419,127448,2442822,127444,0,127448,STANDBY
-0.03999999910593033,-0.1899999976158142,9.819999694824219,0.0,0.0,0.0,1019.735107421875,19.239999771118164,0.373891681432724,0.013258754275739193,0,0,0.0,0.0,0.0,0,0,-0.0005493331700563431,-41.36000061035156,0.010132145136594772,-0.9632862210273743,0.0,127519,127548,2442918,127540,0,127548,STANDBY
-0.03999999910593033,-0.18000000715255737,9.8100004196167,0.0,0.0,0.0,1019.7313842773438,19.229999542236328,0.40245285630226135,0.0998813658952713,0,0,0.0,0.0,0.0,0,0,-0.0005188146606087685,-41.36000061035156,0.010040589608252048,-0.9627369046211243,0.0,127619,127648,2443014,127643,0,127648,STANDBY
-0.03999999910593033,-0.1899999976158142,9.8100004196167,0.0,0.0,0.0,1019.7329711914062,19.229999542236328,0.38947051763534546,0.022380590438842773,0,0,0.0,0.0,0.0,0,0,-0.0005493331700563431,-41.36000061035156,0.010071108117699623,-0.9627674221992493,0.0,127719,127748,2443110,127731,0,127748,STANDBY
-0.03999999910593033,-0.18000000715255737,9.819999694824219,0.0,0.0,0.0,1019.729736328125,19.229999542236328,0.4180316925048828,0.10571934282779694,0,0,0.0,0.0,0.0,0,0,-0.0005188146606087685,-41.36000061035156,0.0099795525893569,-0.9625537991523743,0.0,127819,127848,2443225,127847,0,127848,STANDBY
-0.05000000074505806,-0.18000000715255737,9.8100004196167,0.0,0.0,0.0,1019.7313842773438,19.229999542236328,0.40245285630226135,0.017808103933930397,0,0,0.0,0.0,0.0,0,0,-0.0005188146606087685,-41.36000061035156,0.0099795525893569,-0.9629200100898743,0.0,127919,127948,2443320,127942,0,127948,STANDBY
-0.05000000074505806,-0.18000000715255737,9.8100004196167,0.0,0.0,0.0,1019.7313842773438,19.229999542236328,0.40245285630226135,0.011397186666727066,0,0,0.0,0.0,0.0,0,0,-0.0003662221133708954,-41.36000061035156,0.010010071098804474,-0.9628284573554993,0.0,128019,128048,2443416,128037,0,128048,STANDBY
-0.03999999910593033,-0.18000000715255737,9.819999694824219,0.0,0.0,0.0,1019.7313842773438,19.229999542236328,0.40245285630226135,0.007294199895113707,0,0,0.0,0.0,0.0,0,0,-0.00030518509447574615,-41.36000061035156,0.010071108117699623,-0.9626148343086243,0.0,128119,128148,2443511,128134,0,128148,STANDBY
-0.05000000074505806,-0.18000000715255737,9.829999923706055,0.0,0.0,0.0,1019.735107421875,19.239999771118164,0.373891681432724,-0.10957641154527664,0,0,0.0,0.0,0.0,0,0,-0.00030518509447574615,-41.36000061035156,0.010071108117699623,-0.9631641507148743,0.0,128219,128248,2443608,128229,0,128248,STANDBY
-0.03999999910593033,-0.17000000178813934,9.819999694824219,0.0,0.0,0.0,1019.735107421875,19.239999771118164,0.373891681432724,-0.0701289102435112,0,0,0.0,0.0,0.0,0,0,-0.00027466658502817154,-41.36000061035156,0.010071108117699623,-0.9630115628242493,0.0,128319,128348,2443722,128344,0,128348,STANDBY
-0.05000000074505806,-0.17000000178813934,9.819999694824219,0.0,0.0,0.0,1019.735107421875,19.239999771118164,0.373891681432724,-0.044882502406835556,0,0,0.0,0.0,0.0,0,0,-0.00030518509447574615,-41.36000061035156,0.0099795525893569,-0.9628589749336243,0.0,128419,128448,2443817,128440,0,128448,STANDBY
-0.05000000074505806,-0.17000000178813934,9.819999694824219,0.0,0.0,0.0,1019.735107421875,19.239999771118164,0.373891681432724,-0.028724802657961845,0,0,0.0,0.0,0.0,0,0,-0.00030518509447574615,-41.36000061035156,0.00991851557046175,-0.9630420804023743,0.0,128520,128548,2443914,128535,0,128548,STANDBY
-0.05000000074505806,-0.18000000715255737,9.8100004196167,0.0,0.0,0.0,1019.735107421875,19.239999771118164,0.373891681432724,-0.018383873626589775,0,0,0.0,0.0,0.0,0,0,-0.0003662221133708954,-41.36000061035156,0.009887997061014175,-0.9630420804023743,0.0,128620,128648,2444009,128645,0,128648,STANDBY
-0.05000000074505806,-0.18000000715255737,9.819999694824219,0.0,0.0,0.0,1019.7366943359375,19.239999771118164,0.3609093427658081,-0.053309161216020584,0,0,0.0,0.0,0.0,0,0,-0.00030518509447574615,-41.36000061035156,0.0099795525893569,-0.9632557034492493,0.0,128720,128748,2444124,128746,0,128748,STANDBY
-0.03999999910593033,-0.18000000715255737,9.819999694824219,0.0,0.0,0.0,1019.7334594726562,19.239999771118164,0.3868740499019623,0.04896920174360275,0,0,0.0,0.0,0.0,0,0,-0.00027466658502817154,-41.36000061035156,0.009949034079909325,-0.9632862210273743,0.0,128820,128848,2444220,128841,0,128848,STANDBY
-0.05000000074505806,-0.1899999976158142,9.8100004196167,0.0,0.0,0.0,1019.731689453125,19.239999771118164,0.3998563885688782,0.07288377732038498,0,0,0.0,0.0,0.0,0,0,-0.00039674062281847,-41.36000061035156,0.010010071098804474,-0.9633777737617493,0.0,128920,128948,2444315,128937,0,128948,STANDBY
-0.03999999910593033,-0.1899999976158142,9.8100004196167,0.0,0.0,0.0,1019.7284545898438,19.239999771118164,0.4284175634384155,0.13804137706756592,0,0,0.0,0.0,0.0,0,0,-0.00039674062281847,-41.36000061035156,0.010040589608252048,-0.9629200100898743,0.0,129020,129048,2444411,129033,0,129048,STANDBY
-0.05000000074505806,-0.18000000715255737,9.829999923706055,0.0,0.0,0.0,1019.7251586914062,19.239999771118164,0.4543822705745697,0.18181943893432617,0,0,0.0,0.0,0.0,0,0,-0.00030518509447574615,-41.36000061035156,0.010040589608252048,-0.9629810452461243,0.0,129120,129148,2444526,129148,0,129148,STANDBY
-0.03999999910593033,-0.18000000715255737,9.819999694824219,0.0,0.0,0.0,1019.7235717773438,19.239999771118164,0.4673646092414856,0.1682938039302826,0,0,0.0,0.0,0.0,0,0,-0.00033570360392332077,-41.36000061035156,0.010010071098804474,-0.9630725979804993,0.0,129220,129248,2444621,129244,0,129248,STANDBY
-0.03999999910593033,-0.18000000715255737,9.829999923706055,0.0,0.0,0.0,1019.72021484375,19.239999771118164,0.49332931637763977,0.21156686544418335,0,0,0.0,0.0,0.0,0,0,-0.00045777764171361923,-41.36000061035156,0.009949034079909325,-0.9636524319648743,0.0,129320,129348,2444718,129339,0,129348,STANDBY
-0.03999999910593033,-0.18000000715255737,9.819999694824219,0.0,0.0,0.0,1019.7259521484375,19.239999771118164,0.44918933510780334,-0.04115712642669678,0,0,0.0,0.0,0.0,0,0,-0.0004882961511611938,-41.36000061035156,0.00991851557046175,-0.9637439846992493,0.0,129420,129448,2444813,129435,0,129448,STANDBY
-0.05000000074505806,-0.1899999976158142,9.829999923706055,0.0,0.0,0.0,1019.7259521484375,19.239999771118164,0.44918933510780334,-0.026340562850236893,0,0,0.0,0.0,0.0,0,0,-0.00045777764171361923,-41.36000061035156,0.00991851557046175,-0.9631946682929993,0.0,129520,129548,2444909,129530,0,129548,STANDBY
-0.03999999910593033,-0.1899999976158142,9.819999694824219,0.0,0.0,0.0,1019.7259521484375,19.239999771118164,0.44918933510780334,-0.01685796119272709,0,0,0.0,0.0,0.0,0,0,-0.0004272591322660446,-41.36000061035156,0.009949034079909325,-0.9633472561836243,0.0,129620,129648,2445004,129647,0,129648,STANDBY
-0.05000000074505806,-0.1899999976158142,9.819999694824219,0.0,0.0,0.0,1019.7274780273438,19.239999771118164,0.43620696663856506,-0.05233267694711685,0,0,0.0,0.0,0.0,0,0,-0.00045777764171361923,-41.36000061035156,0.010101626627147198,-0.9634388089179993,0.0,129720,129748,2445119,129741,0,129748,STANDBY
-0.05000000074505806,-0.18000000715255737,9.8100004196167,0.0,0.0,0.0,1019.7291259765625,19.239999771118164,0.42322462797164917,-0.07503639906644821,0,0,0.0,0.0,0.0,0,0,-0.0004272591322660446,-41.36000061035156,0.010132145136594772,-0.9633472561836243,0.0,129820,129848,2445215,129837,0,129848,STANDBY
-0.03999999910593033,-0.1899999976158142,9.8100004196167,0.0,0.0,0.0,1019.7307739257812,19.239999771118164,0.4076457917690277,-0.09787557274103165,0,0,0.0,0.0,0.0,0,0,-0.00045777764171361923,-41.36000061035156,0.010132145136594772,-0.9635913968086243,0.0,129920,129948,2445310,129933,0,129948,STANDBY
-0.05000000074505806,-0.18000000715255737,9.800000190734863,0.0,0.0,0.0,1019.7307739257812,19.239999771118164,0.4076457917690277,-0.06264036893844604,0,0,0.0,0.0,0.0,0,0,-0.0004272591322660446,-41.36000061035156,0.010132145136594772,-0.9636219143867493,0.0,130020,130048,2445407,130029,0,130048,STANDBY
-0.03999999910593033,-0.18000000715255737,9.819999694824219,0.0,0.0,0.0,1019.7324829101562,19.239999771118164,0.3946634531021118,-0.09201919287443161,0,0,0.0,0.0,0.0,0,0,-0.0005188146606087685,-41.36000061035156,0.010101626627147198,-0.963988184928894,0.0,130120,130148,2445521,130144,0,130148,STANDBY
-0.03999999910593033,-0.1899999976158142,9.8100004196167,0.0,0.0,0.0,1019.7307739257812,19.239999771118164,0.4076457917690277,-0.006962932646274567,0,0,0.0,0.0,0.0,0,0,-0.0004882961511611938,-41.36000061035156,0.010162663646042347,-0.9634082913398743,0.0,130220,130248,2445617,130239,0,130248,STANDBY
-0.05000000074505806,-0.18000000715255737,9.819999694824219,0.0,0.0,0.0,1019.7324829101562,19.239999771118164,0.3946634531021118,-0.05638563260436058,0,0,0.0,0.0,0.0,0,0,-0.00039674062281847,-41.36000061035156,0.01025421917438507,-0.9632557034492493,0.0,130320,130348,2445713,130334,0,130348,STANDBY
-0.05000000074505806,-0.1899999976158142,9.819999694824219,0.0,0.0,0.0,1019.7324829101562,19.239999771118164,0.3946634531021118,-0.036086808890104294,0,0,0.0,0.0,0.0,0,0,-0.00033570360392332077,-41.36000061035156,0.01025421917438507,-0.9631641507148743,0.0,130420,130448,2445808,130430,0,130448,STANDBY
-0.05000000074505806,-0.18000000715255737,9.819999694824219,0.0,0.0,0.0,1019.7307739257812,19.239999771118164,0.4076457917690277,0.028833795338869095,0,0,0.0,0.0,0.0,0,0,-0.00033570360392332077,-41.36000061035156,0.010223700664937496,-0.9634998440742493,0.0,130520,130548,2445923,130545,0,130548,STANDBY
-0.05000000074505806,-0.1899999976158142,9.8100004196167,0.0,0.0,0.0,1019.7307739257812,19.239999771118164,0.4076457917690277,0.018453629687428474,0,0,0.0,0.0,0.0,0,0,-0.00033570360392332077,-41.36000061035156,0.010223700664937496,-0.9634693264961243,0.0,130620,130648,2446019,130646,0,130648,STANDBY
-0.05000000074505806,-0.1899999976158142,9.819999694824219,0.0,0.0,0.0,1019.7307739257812,19.239999771118164,0.4076457917690277,0.011810323223471642,0,0,0.0,0.0,0.0,0,0,-0.0003662221133708954,-41.36000061035156,0.010284737683832645,-0.9632557034492493,0.0,130720,130748,2446114,130737,0,130748,STANDBY
-0.05000000074505806,-0.18000000715255737,9.819999694824219,0.0,0.0,0.0,1019.7307739257812,19.239999771118164,0.4076457917690277,0.007558607496321201,0,0,0.0,0.0,0.0,0,0,-0.0003662221133708954,-41.36000061035156,0.01031525619328022,-0.9629200100898743,0.0,130820,130848,2446210,130832,0,130848,STANDBY
-0.05000000074505806,-0.1899999976158142,9.8100004196167,0.0,0.0,0.0,1019.7307739257812,19.239999771118164,0.4076457917690277,0.004837508779019117,0,0,0.0,0.0,0.0,0,0,-0.00033570360392332077,-41.36000061035156,0.010345774702727795,-0.9633167386054993,0.0,130920,130948,2446325,130947,0,130948,STANDBY
-0.05000000074505806,-0.1899999976158142,9.8100004196167,0.0,0.0,0.0,1019.7363891601562,19.239999771118164,0.3635058104991913,-0.13815192878246307,0,0,0.0,0.0,0.0,0,0,-0.00033570360392332077,-41.36000061035156,0.01037629321217537,-0.9628894925117493,0.0,131020,131048,2446420,131043,0,131048,STANDBY
-0.03999999910593033,-0.18000000715255737,9.819999694824219,0.0,0.0,0.0,1019.7363891601562,19.239999771118164,0.3635058104991913,-0.08841723948717117,0,0,0.0,0.0,0.0,0,0,-0.0003662221133708954,-41.36000061035156,0.010345774702727795,-0.9633472561836243,0.0,131120,131148,2446516,131138,0,131148,STANDBY
-0.03999999910593033,-0.18000000715255737,9.819999694824219,0.0,0.0,0.0,1019.7340698242188,19.239999771118164,0.38168108463287354,0.01611405983567238,0,0,0.0,0.0,0.0,0,0,-0.0003662221133708954,-41.36000061035156,0.010193182155489922,-0.9627674221992493,0.0,131220,131248,2446612,131234,0,131248,STANDBY
-0.03999999910593033,-0.18000000715255737,9.829999923706055,0.0,0.0,0.0,1019.7357788085938,19.239999771118164,0.36869874596595764,-0.04161635786294937,0,0,0.0,0.0,0.0,0,0,-0.0004882961511611938,-41.36000061035156,0.010101626627147198,-0.9634998440742493,0.0,131320,131348,2446707,131330,0,131348,STANDBY
-0.03999999910593033,-0.18000000715255737,9.829999923706055,0.0,0.0,0.0,1019.7396850585938,19.239999771118164,0.3375411033630371,-0.15126504004001617,0,0,0.0,0.0,0.0,0,0,-0.0005493331700563431,-41.36000061035156,0.010010071098804474,-0.9633167386054993,0.0,131421,131448,2446822,131444,0,131448,STANDBY
-0.03999999910593033,-0.1899999976158142,9.819999694824219,0.0,0.0,0.0,1019.7396850585938,19.239999771118164,0.3375411033630371,-0.09680962562561035,0,0,0.0,0.0,0.0,0,0,-0.0005493331700563431,-41.36000061035156,0.010010071098804474,-0.9632557034492493,0.0,131521,131548,2446918,131539,0,131548,STANDBY
-0.05000000074505806,-0.18000000715255737,9.819999694824219,0.0,0.0,0.0,1019.7413940429688,19.239999771118164,0.32196229696273804,-0.1242733895778656,0,0,0.0,0.0,0.0,0,0,-0.0005493331700563431,-41.36000061035156,0.010010071098804474,-0.9625537991523743,0.0,131621,131648,2447013,131647,0,131648,STANDBY
-0.03999999910593033,-0.1899999976158142,9.8100004196167,0.0,0.0,0.0,1019.7413940429688,19.239999771118164,0.32196229696273804,-0.07953497022390366,0,0,0.0,0.0,0.0,0,0,-0.0005493331700563431,-41.36000061035156,0.010101626627147198,-0.9626453518867493,0.0,131721,131748,2447109,131731,0,131748,STANDBY
-0.03999999910593033,-0.1899999976158142,9.8100004196167,0.0,0.0,0.0,1019.7413940429688,19.239999771118164,0.32196229696273804,-0.050902385264635086,0,0,0.0,0.0,0.0,0,0,-0.0006103701889514923,-41.36000061035156,0.010223700664937496,-0.9630725979804993,0.0,131821,131848,2447224,131846,0,131848,STANDBY
-0.05000000074505806,-0.18000000715255737,9.829999923706055,0.0,0.0,0.0,1019.7413940429688,19.239999771118164,0.32196229696273804,-0.032577525824308395,0,0,0.0,0.0,0.0,0,0,-0.0005493331700563431,-41.36000061035156,0.010223700664937496,-0.9628284573554993,0.0,131921,131948,2447320,131942,0,131948,STANDBY
-0.029999999329447746,-0.1899999976158142,9.8100004196167,0.0,0.0,0.0,1019.7396850585938,19.239999771118164,0.3375411033630371,0.029002565890550613,0,0,0.0,0.0,0.0,0,0,-0.0005798516795039177,-41.36000061035156,0.01025421917438507,-0.9629505276679993,0.0,132021,132048,2447416,132037,0,132048,STANDBY
-0.05000000074505806,-0.18000000715255737,9.8100004196167,0.0,0.0,0.0,1019.7413940429688,19.239999771118164,0.32196229696273804,-0.03129053860902786,0,0,0.0,0.0,0.0,0,0,-0.0005493331700563431,-41.36000061035156,0.010223700664937496,-0.9631336331367493,0.0,132121,132148,2447511,132133,0,132148,STANDBY
-0.05000000074505806,-0.18000000715255737,9.8100004196167,0.0,0.0,0.0,1019.7396850585938,19.239999771118164,0.3375411033630371,0.015285991132259369,0,0,0.0,0.0,0.0,0,0,-0.00045777764171361923,-41.36000061035156,0.010101626627147198,-0.9628284573554993,0.0,132221,132248,2447606,132229,0,132248,STANDBY
-0.05000000074505806,-0.18000000715255737,9.819999694824219,0.0,0.0,0.0,1019.7413940429688,19.239999771118164,0.32196229696273804,-0.05253218859434128,0,0,0.0,0.0,0.0,0,0,-0.00039674062281847,-41.36000061035156,0.010101626627147198,-0.9628589749336243,0.0,132321,132348,2447722,132343,0,132348,STANDBY
-0.05000000074505806,-0.18000000715255737,9.819999694824219,0.0,0.0,0.0,1019.7373657226562,19.239999771118164,0.35571640729904175,0.10139583796262741,0,0,0.0,0.0,0.0,0,0,-0.00039674062281847,-41.36000061035156,0.010101626627147198,-0.9633167386054993,0.0,132421,132448,2447817,132439,0,132448,STANDBY
-0.03999999910593033,-0.18000000715255737,9.819999694824219,0.0,0.0,0.0,1019.7413940429688,19.239999771118164,0.32196229696273804,-0.0701231062412262,0,0,0.0,0.0,0.0,0,0,-0.0003662221133708954,-41.36000061035156,0.010101626627147198,-0.9633472561836243,0.0,132521,132548,2447912,132535,0,132548,STANDBY
-0.05000000074505806,-0.1899999976158142,9.819999694824219,0.0,0.0,0.0,1019.7429809570312,19.239999771118164,0.30897992849349976,-0.09680826961994171,0,0,0.0,0.0,0.0,0,0,-0.00033570360392332077,-41.36000061035156,0.010101626627147198,-0.9631641507148743,0.0,132621,132648,2448009,132645,0,132648,STANDBY
-0.05000000074505806,-0.18000000715255737,9.819999694824219,0.0,0.0,0.0,1019.7446899414062,19.239999771118164,0.29599758982658386,-0.10350077599287033,0,0,0.0,0.0,0.0,0,0,-0.00033570360392332077,-41.36000061035156,0.010162663646042347,-0.9636219143867493,0.0,132721,132748,2448123,132745,0,132748,STANDBY
-0.03999999910593033,-0.18000000715255737,9.819999694824219,0.0,0.0,0.0,1019.7479858398438,19.239999771118164,0.2674364149570465,-0.15763626992702484,0,0,0.0,0.0,0.0,0,0,-0.0003662221133708954,-41.36000061035156,0.010101626627147198,-0.9632557034492493,0.0,132822,132848,2448219,132841,0,132848,STANDBY
-0.05000000074505806,-0.18000000715255737,9.819999694824219,0.0,0.0,0.0,1019.7462768554688,19.239999771118164,0.28301525115966797,-0.05103493854403496,0,0,0.0,0.0,0.0,0,0,-0.0003662221133708954,-41.36000061035156,0.010162663646042347,-0.9636829495429993,0.0,132922,132948,2448315,132936,0,132948,STANDBY
-0.03999999910593033,-0.18000000715255737,9.819999694824219,0.0,0.0,0.0,1019.7503051757812,19.239999771118164,0.24926112592220306,-0.14067557454109192,0,0,0.0,0.0,0.0,0,0,-0.0004272591322660446,-41.36000061035156,0.010132145136594772,-0.9634693264961243,0.0,133022,133048,2448410,133032,0,133048,STANDBY
-0.03999999910593033,-0.1899999976158142,9.819999694824219,0.0,0.0,0.0,1019.7485961914062,19.239999771118164,0.26483994722366333,-0.04018014296889305,0,0,0.0,0.0,0.0,0,0,-0.0005188146606087685,-41.36000061035156,0.010040589608252048,-0.9632251858711243,0.0,133122,133148,2448525,133147,0,133148,STANDBY
-0.03999999910593033,-0.17000000178813934,9.819999694824219,0.0,0.0,0.0,1019.7469482421875,19.239999771118164,0.2778222858905792,0.015828192234039307,0,0,0.0,0.0,0.0,0,0,-0.0005798516795039177,-41.36000061035156,0.010010071098804474,-0.9624012112617493,0.0,133222,133248,2448621,133242,0,133248,STANDBY
-0.05000000074505806,-0.18000000715255737,9.829999923706055,0.0,0.0,0.0,1019.7453002929688,19.239999771118164,0.2908046543598175,0.062059517949819565,0,0,0.0,0.0,0.0,0,0,-0.0005493331700563431,-41.36000061035156,0.010040589608252048,-0.9624317288398743,0.0,133322,133348,2448716,133339,0,133348,STANDBY
-0.05000000074505806,-0.18000000715255737,9.819999694824219,0.0,0.0,0.0,1019.7469482421875,19.239999771118164,0.2778222858905792,-0.012211382389068604,0,0,0.0,0.0,0.0,0,0,-0.00039674062281847,-41.36000061035156,0.010010071098804474,-0.9622181057929993,0.0,133422,133448,2448813,133434,0,133448,STANDBY
-0.03999999910593033,-0.17000000178813934,9.819999694824219,0.0,0.0,0.0,1019.7469482421875,19.239999771118164,0.2778222858905792,-0.007815285585820675,0,0,0.0,0.0,0.0,0,0,-0.00039674062281847,-41.36000061035156,0.00991851557046175,-0.9622181057929993,0.0,133522,133548,2448908,133529,0,133548,STANDBY
-0.03999999910593033,-0.1899999976158142,9.8100004196167,0.0,0.0,0.0,1019.7509155273438,19.25,0.2440681904554367,-0.14001816511154175,0,0,0.0,0.0,0.0,0,0,-0.00045777764171361923,-41.36000061035156,0.0099795525893569,-0.9624622464179993,0.0,133622,133648,2449022,133648,0,133648,STANDBY
-0.03999999910593033,-0.18000000715255737,9.819999694824219,0.0,0.0,0.0,1019.749267578125,19.25,0.2570505440235138,-0.0480680949985981,0,0,0.0,0.0,0.0,0,0,-0.0004882961511611938,-41.36000061035156,0.010040589608252048,-0.9631946682929993,0.0,133722,133748,2449119,133740,0,133748,STANDBY
-0.03999999910593033,-0.18000000715255737,9.819999694824219,0.0,0.0,0.0,1019.7476806640625,19.25,0.2700328826904297,0.010779902338981628,0,0,0.0,0.0,0.0,0,0,-0.00045777764171361923,-41.36000061035156,0.010071108117699623,-0.9634388089179993,0.0,133822,133848,2449214,133836,0,133848,STANDBY
-0.05000000074505806,-0.18000000715255737,9.8100004196167,0.0,0.0,0.0,1019.74609375,19.25,0.28301525115966797,0.048442717641592026,0,0,0.0,0.0,0.0,0,0,-0.0005188146606087685,-41.36000061035156,0.010071108117699623,-0.9630115628242493,0.0,133922,133948,2449309,133932,0,133948,STANDBY
-0.03999999910593033,-0.1899999976158142,9.819999694824219,0.0,0.0,0.0,1019.7516479492188,19.25,0.23887524008750916,-0.11024469137191772,0,0,0.0,0.0,0.0,0,0,-0.0005798516795039177,-41.36000061035156,0.010101626627147198,-0.9633167386054993,0.0,134022,134048,2449424,134046,0,134048,STANDBY
-0.03999999910593033,-0.18000000715255737,9.829999923706055,0.0,0.0,0.0,1019.75,19.25,0.25185760855674744,-0.029013026505708694,0,0,0.0,0.0,0.0,0,0,-0.0005798516795039177,-41.36000061035156,0.010101626627147198,-0.9634388089179993,0.0,134122,134148,2449520,134141,0,134148,STANDBY
-0.05000000074505806,-0.18000000715255737,9.819999694824219,0.0,0.0,0.0,1019.7484130859375,19.25,0.26483994722366333,0.022975146770477295,0,0,0.0,0.0,0.0,0,0,-0.0005493331700563431,-41.36000061035156,0.010132145136594772,-0.9633472561836243,0.0,134222,134248,2449615,134238,0,134248,STANDBY
-0.03999999910593033,-0.1899999976158142,9.8100004196167,0.0,0.0,0.0,1019.7484130859375,19.25,0.26483994722366333,0.01470409519970417,0,0,0.0,0.0,0.0,0,0,-0.0005798516795039177,-41.36000061035156,0.010223700664937496,-0.9633472561836243,0.0,134322,134348,2449712,134333,0,134348,STANDBY
-0.03999999910593033,-0.18000000715255737,9.819999694824219,0.0,0.0,0.0,1019.75,19.25,0.25185760855674744,-0.0425187349319458,0,0,0.0,0.0,0.0,0,0,-0.0006103701889514923,-41.36000061035156,0.010223700664937496,-0.9636524319648743,0.0,134422,134448,2449807,134429,0,134448,STANDBY
-0.03999999910593033,-0.18000000715255737,9.829999923706055,0.0,0.0,0.0,1019.7484130859375,19.25,0.26483994722366333,0.024717362597584724,0,0,0.0,0.0,0.0,0,0,-0.0005798516795039177,-41.36000061035156,0.010132145136594772,-0.9637745022773743,0.0,134522,134548,2449922,134544,0,134548,STANDBY
-0.03999999910593033,-0.1899999976158142,9.819999694824219,0.0,0.0,0.0,1019.7539672851562,19.25,0.2206999510526657,-0.16074086725711823,0,0,0.0,0.0,0.0,0,0,-0.0005493331700563431,-41.36000061035156,0.010101626627147198,-0.9638050198554993,0.0,134622,134648,2450017,134646,0,134648,STANDBY
-0.03999999910593033,-0.18000000715255737,9.829999923706055,0.0,0.0,0.0,1019.7539672851562,19.25,0.2206999510526657,-0.10287415981292725,0,0,0.0,0.0,0.0,0,0,-0.0004882961511611938,-41.36000061035156,0.010071108117699623,-0.9637134671211243,0.0,134722,134748,2450113,134735,0,134748,STANDBY
-0.03999999910593033,-0.18000000715255737,9.8100004196167,0.0,0.0,0.0,1019.7523193359375,19.25,0.2336823046207428,-0.024295931681990623,0,0,0.0,0.0,0.0,0,0,-0.0005798516795039177,-41.36000061035156,0.010010071098804474,-0.9635608792304993,0.0,134822,134848,2450208,134831,0,134848,STANDBY
-0.05000000074505806,-0.17000000178813934,9.819999694824219,0.0,0.0,0.0,1019.7539672851562,19.25,0.2206999510526657,-0.05709293112158775,0,0,0.0,0.0,0.0,0,0,-0.0005798516795039177,-41.36000061035156,0.00991851557046175,-0.964110255241394,0.0,134922,134948,2450324,134945,0,134948,STANDBY
-0.03999999910593033,-0.18000000715255737,9.819999694824219,0.0,0.0,0.0,1019.7539672851562,19.25,0.2206999510526657,-0.036539476364851,0,0,0.0,0.0,0.0,0,0,-0.0006408886983990669,-41.36000061035156,0.0098574785515666,-0.963927149772644,0.0,135022,135048,2450419,135042,0,135048,STANDBY
-0.03999999910593033,-0.18000000715255737,9.819999694824219,0.0,0.0,0.0,1019.7539672851562,19.25,0.2206999510526657,-0.023385265842080116,0,0,0.0,0.0,0.0,0,0,-0.0006714072078466415,-41.36000061035156,0.009765923023223877,-0.9636219143867493,0.0,135122,135148,2450515,135137,0,135148,STANDBY
-0.03999999910593033,-0.17000000178813934,9.829999923706055,0.0,0.0,0.0,1019.7539672851562,19.25,0.2206999510526657,-0.01496656984090805,0,0,0.0,0.0,0.0,0,0,-0.0007629627361893654,-41.36000061035156,0.009704886004328728,-0.9635608792304993,0.0,135222,135248,2450611,135233,0,135248,STANDBY
-0.03999999910593033,-0.17000000178813934,9.819999694824219,0.0,0.0,0.0,1019.7523193359375,19.25,0.2336823046207428,0.04235081002116203,0,0,0.0,0.0,0.0,0,0,-0.0007019257172942162,-41.36000061035156,0.009765923023223877,-0.964598536491394,0.0,135322,135348,2450706,135328,0,135348,STANDBY
-0.03999999910593033,-0.18000000715255737,9.819999694824219,0.0,0.0,0.0,1019.7506103515625,19.25,0.24666465818881989,0.07903393357992172,0,0,0.0,0.0,0.0,0,0,-0.0006103701889514923,-41.36000061035156,0.009735404513776302,-0.964110255241394,0.0,135422,135448,2450822,135443,0,135448,STANDBY
-0.05999999865889549,-0.17000000178813934,9.819999694824219,0.0,0.0,0.0,1019.7523193359375,19.25,0.2336823046207428,-0.0013476945459842682,0,0,0.0,0.0,0.0,0,0,-0.0004882961511611938,-41.36000061035156,0.009704886004328728,-0.9636219143867493,0.0,135522,135548,2450917,135539,0,135548,STANDBY
-0.03999999910593033,-0.18000000715255737,9.819999694824219,0.0,0.0,0.0,1019.7506103515625,19.25,0.24666465818881989,0.051066890358924866,0,0,0.0,0.0,0.0,0,0,-0.00045777764171361923,-41.36000061035156,0.009826960042119026,-0.963927149772644,0.0,135622,135648,2451012,135647,0,135648,STANDBY
-0.03999999910593033,-0.17000000178813934,9.829999923706055,0.0,0.0,0.0,1019.7490844726562,19.25,0.259647011756897,0.08359400928020477,0,0,0.0,0.0,0.0,0,0,-0.0005188146606087685,-41.36000061035156,0.009826960042119026,-0.9637439846992493,0.0,135723,135748,2451108,135730,0,135748,STANDBY
-0.03999999910593033,-0.17000000178813934,9.829999923706055,0.0,0.0,0.0,1019.7529907226562,19.260000228881836,0.22848936915397644,-0.04620428755879402,0,0,0.0,0.0,0.0,0,0,-0.0007019257172942162,-41.36000061035156,0.009613330475986004,-0.9633777737617493,0.0,135823,135848,2451223,135844,0,135848,STANDBY
-0.03999999910593033,-0.17000000178813934,9.829999923706055,0.0,0.0,0.0,1019.7546997070312,19.260000228881836,0.21550701558589935,-0.07111427932977676,0,0,0.0,0.0,0.0,0,0,-0.0007629627361893654,-41.36000061035156,0.009674367494881153,-0.9636524319648743,0.0,135923,135948,2451318,135941,0,135948,STANDBY
-0.03999999910593033,-0.18000000715255737,9.84000015258789,0.0,0.0,0.0,1019.75634765625,19.260000228881836,0.1999281942844391,-0.09536536782979965,0,0,0.0,0.0,0.0,0,0,-0.0007629627361893654,-41.36000061035156,0.009765923023223877,-0.9637439846992493,0.0,136023,136048,2451415,136036,0,136048,STANDBY
-0.03999999910593033,-0.17000000178813934,9.829999923706055,0.0,0.0,0.0,1019.7529907226562,19.260000228881836,0.22848936915397644,0.030361920595169067,0,0,0.0,0.0,0.0,0,0,-0.0007019257172942162,-41.36000061035156,0.009643848985433578,-0.9633472561836243,0.0,136123,136148,2451510,136132,0,136148,STANDBY
-0.03999999910593033,-0.17000000178813934,9.829999923706055,0.0,0.0,0.0,1019.7514038085938,19.260000228881836,0.24147172272205353,0.07136104255914688,0,0,0.0,0.0,0.0,0,0,-0.0007019257172942162,-41.36000061035156,0.009643848985433578,-0.9634998440742493,0.0,136223,136248,2451624,136247,0,136248,STANDBY
-0.03999999910593033,-0.17000000178813934,9.819999694824219,0.0,0.0,0.0,1019.7481079101562,19.260000228881836,0.2674364149570465,0.1495298445224762,0,0,0.0,0.0,0.0,0,0,-0.0007324442267417908,-41.36000061035156,0.00958281196653843,-0.9633472561836243,0.0,136323,136348,2451720,136342,0,136348,STANDBY
-0.03999999910593033,-0.18000000715255737,9.829999923706055,0.0,0.0,0.0,1019.7481079101562,19.260000228881836,0.2674364149570465,0.09569910168647766,0,0,0.0,0.0,0.0,0,0,-0.0007324442267417908,-41.36000061035156,0.009552293457090855,-0.9632557034492493,0.0,136423,136448,2451816,136437,0,136448,STANDBY
-0.029999999329447746,-0.17000000178813934,9.829999923706055,0.0,0.0,0.0,1019.749755859375,19.260000228881836,0.2544540762901306,0.009318072348833084,0,0,0.0,0.0,0.0,0,0,-0.0007324442267417908,-41.36000061035156,0.009552293457090855,-0.9630115628242493,0.0,136523,136548,2451911,136534,0,136548,STANDBY
-0.03999999910593033,-0.17000000178813934,9.829999923706055,0.0,0.0,0.0,1019.7481079101562,19.260000228881836,0.2674364149570465,0.057892922312021255,0,0,0.0,0.0,0.0,0,0,-0.0007019257172942162,-41.36000061035156,0.00952177494764328,-0.9631031155586243,0.0,136623,136650,2452007,136650,0,136650,STANDBY
-0.029999999329447746,-0.18000000715255737,9.819999694824219,0.0,0.0,0.0,1019.749755859375,19.260000228881836,0.2544540762901306,-0.014877881854772568,0,0,0.0,0.0,0.0,0,0,-0.0007019257172942162,-41.36000061035156,0.009552293457090855,-0.9637745022773743,0.0,136723,136750,2452122,136743,0,136750,STANDBY
-0.029999999329447746,-0.18000000715255737,9.819999694824219,0.0,0.0,0.0,1019.749755859375,19.260000228881836,0.2544540762901306,-0.009521844796836376,0,0,0.0,0.0,0.0,0,0,-0.0007324442267417908,-41.36000061035156,0.00958281196653843,-0.9635303616523743,0.0,136823,136850,2452217,136840,0,136850,STANDBY
-0.03999999910593033,-0.18000000715255737,9.829999923706055,0.0,0.0,0.0,1019.749755859375,19.260000228881836,0.2544540762901306,-0.006093980744481087,0,0,0.0,0.0,0.0,0,0,-0.0007629627361893654,-41.36000061035156,0.009643848985433578,-0.9632251858711243,0.0,136923,136950,2452313,136935,0,136950,STANDBY
-0.05000000074505806,-0.18000000715255737,9.829999923706055,0.0,0.0,0.0,1019.749755859375,19.260000228881836,0.2544540762901306,-0.0039001477416604757,0,0,0.0,0.0,0.0,0,0,-0.0007629627361893654,-41.36000061035156,0.009643848985433578,-0.9634693264961243,0.0,137023,137050,2452409,137030,0,137050,STANDBY
-0.03999999910593033,-0.18000000715255737,9.819999694824219,0.0,0.0,0.0,1019.7481079101562,19.260000228881836,0.2674364149570465,0.03904739022254944,0,0,0.0,0.0,0.0,0,0,-0.0005798516795039177,-41.36000061035156,0.009735404513776302,-0.9637439846992493,0.0,137123,137150,2452524,137146,0,137150,STANDBY
-0.05000000074505806,-0.18000000715255737,9.819999694824219,0.0,0.0,0.0,1019.7481079101562,19.260000228881836,0.2674364149570465,0.024990331381559372,0,0,0.0,0.0,0.0,0,0,-0.0005188146606087685,-41.36000061035156,0.009796441532671452,-0.9636219143867493,0.0,137224,137250,2452619,137241,0,137250,STANDBY
-0.05000000074505806,-0.18000000715255737,9.8100004196167,0.0,0.0,0.0,1019.7481079101562,19.260000228881836,0.2674364149570465,0.015993813052773476,0,0,0.0,0.0,0.0,0,0,-0.00045777764171361923,-41.36000061035156,0.009735404513776302,-0.9630725979804993,0.0,137324,137350,2452714,137336,0,137350,STANDBY
-0.03999999910593033,-0.17000000178813934,9.819999694824219,0.0,0.0,0.0,1019.749755859375,19.260000228881836,0.2544540762901306,-0.041693314909935,0,0,0.0,0.0,0.0,0,0,-0.00045777764171361923,-41.36000061035156,0.009765923023223877,-0.9629505276679993,0.0,137424,137450,2452810,137432,0,137450,STANDBY
-0.05000000074505806,-0.17000000178813934,9.819999694824219,0.0,0.0,0.0,1019.7481079101562,19.260000228881836,0.2674364149570465,0.025245632976293564,0,0,0.0,0.0,0.0,0,0,-0.00039674062281847,-41.36000061035156,0.009765923023223877,-0.9632251858711243,0.0,137524,137550,2452925,137546,0,137550,STANDBY
-0.03999999910593033,-0.1899999976158142,9.819999694824219,0.0,0.0,0.0,1019.7481079101562,19.260000228881836,0.2674364149570465,0.016157206147909164,0,0,0.0,0.0,0.0,0,0,-0.00045777764171361923,-41.36000061035156,0.009796441532671452,-0.9632251858711243,0.0,137624,137650,2453020,137649,0,137650,STANDBY
-0.03999999910593033,-0.18000000715255737,9.819999694824219,0.0,0.0,0.0,1019.7463989257812,19.260000228881836,0.2804187536239624,0.062269967049360275,0,0,0.0,0.0,0.0,0,0,-0.0005188146606087685,-41.36000061035156,0.00991851557046175,-0.9635303616523743,0.0,137724,137750,2453116,137738,0,137750,STANDBY
-0.03999999910593033,-0.17000000178813934,9.819999694824219,0.0,0.0,0.0,1019.744873046875,19.260000228881836,0.2934011220932007,0.08139636367559433,0,0,0.0,0.0,0.0,0,0,-0.0005188146606087685,-41.36000061035156,0.009887997061014175,-0.9632862210273743,0.0,137824,137850,2453212,137834,0,137850,STANDBY
-0.03999999910593033,-0.18000000715255737,9.819999694824219,0.0,0.0,0.0,1019.744873046875,19.260000228881836,0.2934011220932007,0.05209367349743843,0,0,0.0,0.0,0.0,0,0,-0.0005493331700563431,-41.36000061035156,0.00991851557046175,-0.9634388089179993,0.0,137924,137950,2453326,137949,0,137950,STANDBY
-0.05000000074505806,-0.17000000178813934,9.819999694824219,0.0,0.0,0.0,1019.744873046875,19.260000228881836,0.2934011220932007,0.03333995118737221,0,0,0.0,0.0,0.0,0,0,-0.0005798516795039177,-41.36000061035156,0.0099795525893569,-0.964049220085144,0.0,138024,138050,2453422,138044,0,138050,STANDBY
-0.03999999910593033,-0.17000000178813934,9.819999694824219,0.0,0.0,0.0,1019.744873046875,19.260000228881836,0.2934011220932007,0.021337568759918213,0,0,0.0,0.0,0.0,0,0,-0.0005798516795039177,-41.36000061035156,0.009949034079909325,-0.9634998440742493,0.0,138124,138150,2453518,138139,0,138150,STANDBY
-0.05000000074505806,-0.18000000715255737,9.819999694824219,0.0,0.0,0.0,1019.744873046875,19.260000228881836,0.2934011220932007,0.013656044378876686,0,0,0.0,0.0,0.0,0,0,-0.0005188146606087685,-41.36000061035156,0.00991851557046175,-0.9638660550117493,0.0,138224,138250,2453613,138235,0,138250,STANDBY
-0.05000000074505806,-0.18000000715255737,9.829999923706055,0.0,0.0,0.0,1019.7463989257812,19.260000228881836,0.2804187536239624,-0.043189603835344315,0,0,0.0,0.0,0.0,0,0,-0.00039674062281847,-41.36000061035156,0.010010071098804474,-0.963957667350769,0.0,138324,138350,2453708,138331,0,138350,STANDBY
-0.03999999910593033,-0.18000000715255737,9.829999923706055,0.0,0.0,0.0,1019.7463989257812,19.260000228881836,0.2804187536239624,-0.02764134667813778,0,0,0.0,0.0,0.0,0,0,-0.0004272591322660446,-41.36000061035156,0.009949034079909325,-0.9637745022773743,0.0,138424,138450,2453823,138445,0,138450,STANDBY
-0.05000000074505806,-0.1899999976158142,9.819999694824219,0.0,0.0,0.0,1019.7463989257812,19.260000228881836,0.2804187536239624,-0.017690462991595268,0,0,0.0,0.0,0.0,0,0,-0.0003662221133708954,-41.36000061035156,0.009949034079909325,-0.963896632194519,0.0,138524,138550,2453919,138541,0,138550,STANDBY
-0.05000000074505806,-0.18000000715255737,9.819999694824219,0.0,0.0,0.0,1019.7463989257812,19.260000228881836,0.2804187536239624,-0.011321896687150002,0,0,0.0,0.0,0.0,0,0,-0.00027466658502817154,-41.36000061035156,0.0099795525893569,-0.964323878288269,0.0,138624,138650,2454014,138648,0,138650,STANDBY
-0.03999999910593033,-0.18000000715255737,9.8100004196167,0.0,0.0,0.0,1019.7463989257812,19.260000228881836,0.2804187536239624,-0.007246013730764389,0,0,0.0,0.0,0.0,0,0,-0.00033570360392332077,-41.36000061035156,0.0099795525893569,-0.964323878288269,0.0,138724,138750,2454110,138732,0,138750,STANDBY
-0.03999999910593033,-0.18000000715255737,9.819999694824219,0.0,0.0,0.0,1019.7463989257812,19.260000228881836,0.2804187536239624,-0.00463744904845953,0,0,0.0,0.0,0.0,0,0,-0.0005493331700563431,-41.36000061035156,0.00991851557046175,-0.964262843132019,0.0,138824,138850,2454224,138847,0,138850,STANDBY
-0.029999999329447746,-0.18000000715255737,9.819999694824219,0.0,0.0,0.0,1019.744873046875,19.260000228881836,0.2934011220932007,0.038575612008571625,0,0,0.0,0.0,0.0,0,0,-0.0006103701889514923,-41.36000061035156,0.00991851557046175,-0.9637745022773743,0.0,138924,138950,2454320,138942,0,138950,STANDBY
-0.03999999910593033,-0.1899999976158142,9.819999694824219,0.0,0.0,0.0,1019.7431030273438,19.260000228881836,0.30897992849349976,0.07454057782888412,0,0,0.0,0.0,0.0,0,0,-0.0006408886983990669,-41.36000061035156,0.009949034079909325,-0.9634998440742493,0.0,139024,139051,2454416,139038,0,139051,STANDBY
-0.03999999910593033,-0.1899999976158142,9.819999694824219,0.0,0.0,0.0,1019.741455078125,19.260000228881836,0.32196229696273804,0.08924955129623413,0,0,0.0,0.0,0.0,0,0,-0.0006408886983990669,-41.36000061035156,0.010010071098804474,-0.9635303616523743,0.0,139124,139151,2454511,139133,0,139151,STANDBY
-0.05000000074505806,-0.18000000715255737,9.819999694824219,0.0,0.0,0.0,1019.7398681640625,19.260000228881836,0.33494463562965393,0.09866320341825485,0,0,0.0,0.0,0.0,0,0,-0.0005188146606087685,-41.36000061035156,0.009949034079909325,-0.9635608792304993,0.0,139224,139251,2454626,139248,0,139251,STANDBY
-0.03999999910593033,-0.18000000715255737,9.829999923706055,0.0,0.0,0.0,1019.7398681640625,19.260000228881836,0.33494463562965393,0.06314445286989212,0,0,0.0,0.0,0.0,0,0,-0.0005188146606087685,-41.36000061035156,0.010010071098804474,-0.9634082913398743,0.0,139324,139351,2454721,139343,0,139351,STANDBY
-0.05000000074505806,-0.18000000715255737,9.819999694824219,0.0,0.0,0.0,1019.7398681640625,19.260000228881836,0.33494463562965393,0.040412452071905136,0,0,0.0,0.0,0.0,0,0,-0.0004882961511611938,-41.36000061035156,0.010040589608252048,-0.9636829495429993,0.0,139424,139451,2454816,139439,0,139451,STANDBY
-0.05000000074505806,-0.17000000178813934,9.829999923706055,0.0,0.0,0.0,1019.7438354492188,19.260000228881836,0.3037869930267334,-0.09876660257577896,0,0,0.0,0.0,0.0,0,0,-0.00045777764171361923,-41.36000061035156,0.010040589608252048,-0.964049220085144,0.0,139524,139551,2454913,139534,0,139551,STANDBY
-0.05000000074505806,-0.18000000715255737,9.819999694824219,0.0,0.0,0.0,1019.7438354492188,19.260000228881836,0.3037869930267334,-0.063210628926754,0,0,0.0,0.0,0.0,0,0,-0.00045777764171361923,-41.36000061035156,0.010040589608252048,-0.964140772819519,0.0,139624,139651,2455008,139651,0,139651,STANDBY
-0.05000000074505806,-0.1899999976158142,9.819999694824219,0.0,0.0,0.0,1019.7438354492188,19.260000228881836,0.3037869930267334,-0.04045480117201805,0,0,0.0,0.0,0.0,0,0,-0.0005493331700563431,-41.36000061035156,0.010132145136594772,-0.964415431022644,0.0,139724,139751,2455122,139744,0,139751,STANDBY
-0.03999999910593033,-0.18000000715255737,9.819999694824219,0.0,0.0,0.0,1019.7421875,19.260000228881836,0.3167693614959717,0.0260383989661932,0,0,0.0,0.0,0.0,0,0,-0.0004882961511611938,-41.36000061035156,0.010101626627147198,-0.964049220085144,0.0,139824,139851,2455218,139839,0,139851,STANDBY
-0.05000000074505806,-0.18000000715255737,9.829999923706055,0.0,0.0,0.0,1019.7421875,19.260000228881836,0.3167693614959717,0.016664575785398483,0,0,0.0,0.0,0.0,0,0,-0.0005188146606087685,-41.36000061035156,0.010040589608252048,-0.9634693264961243,0.0,139924,139951,2455313,139935,0,139951,STANDBY
-0.03999999910593033,-0.17000000178813934,9.819999694824219,0.0,0.0,0.0,1019.7421875,19.260000228881836,0.3167693614959717,0.010665329173207283,0,0,0.0,0.0,0.0,0,0,-0.0005493331700563431,-41.36000061035156,0.009887997061014175,-0.9630115628242493,0.0,140024,140051,2455428,140050,0,140051,STANDBY
-0.03999999910593033,-0.18000000715255737,9.8100004196167,0.0,0.0,0.0,1019.7405395507812,19.260000228881836,0.3297517001628876,0.04755472019314766,0,0,0.0,0.0,0.0,0,0,-0.0004272591322660446,-41.36000061035156,0.00991851557046175,-0.9633472561836243,0.0,140125,140151,2455523,140145,0,140151,STANDBY
-0.03999999910593033,-0.18000000715255737,9.8100004196167,0.0,0.0,0.0,1019.7421875,19.260000228881836,0.3167693614959717,-0.0111084608361125,0,0,0.0,0.0,0.0,0,0,-0.00045777764171361923,-41.36000061035156,0.0098574785515666,-0.9629810452461243,0.0,140225,140251,2455618,140240,0,140251,STANDBY
-0.029999999329447746,-0.1899999976158142,9.829999923706055,0.0,0.0,0.0,1019.7421875,19.260000228881836,0.3167693614959717,-0.007109414786100388,0,0,0.0,0.0,0.0,0,0,-0.0005493331700563431,-41.36000061035156,0.0099795525893569,-0.9633472561836243,0.0,140325,140351,2455714,140336,0,140351,STANDBY
-0.03999999910593033,-0.1899999976158142,9.819999694824219,0.0,0.0,0.0,1019.7421875,19.260000228881836,0.3167693614959717,-0.004550025798380375,0,0,0.0,0.0,0.0,0,0,-0.0006408886983990669,-41.36000061035156,0.0099795525893569,-0.9634082913398743,0.0,140425,140451,2455829,140450,0,140451,STANDBY
-0.05000000074505806,-0.1899999976158142,9.819999694824219,0.0,0.0,0.0,1019.7421875,19.260000228881836,0.3167693614959717,-0.002912016585469246,0,0,0.0,0.0,0.0,0,0,-0.0005798516795039177,-41.36000061035156,0.0099795525893569,-0.9635608792304993,0.0,140525,140551,2455924,140547,0,140551,STANDBY
-0.05000000074505806,-0.1899999976158142,9.819999694824219,0.0,0.0,0.0,1019.7438354492188,19.260000228881836,0.3037869930267334,-0.05379316583275795,0,0,0.0,0.0,0.0,0,0,-0.0005493331700563431,-41.36000061035156,0.010071108117699623,-0.9637134671211243,0.0,140625,140651,2456019,140650,0,140651,STANDBY
-0.03999999910593033,-0.18000000715255737,9.819999694824219,0.0,0.0,0.0,1019.7421875,19.260000228881836,0.3167693614959717,0.017501845955848694,0,0,0.0,0.0,0.0,0,0,-0.0005798516795039177,-41.36000061035156,0.010040589608252048,-0.9634082913398743,0.0,140725,140751,2456116,140737,0,140751,STANDBY
-0.03999999910593033,-0.18000000715255737,9.819999694824219,0.0,0.0,0.0,1019.7421875,19.260000228881836,0.3167693614959717,0.011201181448996067,0,0,0.0,0.0,0.0,0,0,-0.0006103701889514923,-41.36000061035156,0.0099795525893569,-0.9632251858711243,0.0,140825,140851,2456211,140833,0,140851,STANDBY
-0.05000000074505806,-0.1899999976158142,9.819999694824219,0.0,0.0,0.0,1019.7421875,19.260000228881836,0.3167693614959717,0.007168756332248449,0,0,0.0,0.0,0.0,0,0,-0.0004882961511611938,-41.36000061035156,0.010040589608252048,-0.9637134671211243,0.0,140925,140951,2456326,140948,0,140951,STANDBY
-0.03999999910593033,-0.1899999976158142,9.8100004196167,0.0,0.0,0.0,1019.747802734375,19.260000228881836,0.2700328826904297,-0.14496873319149017,0,0,0.0,0.0,0.0,0,0,-0.0004882961511611938,-41.36000061035156,0.010101626627147198,-0.9636524319648743,0.0,141025,141051,2456421,141043,0,141051,STANDBY
-0.05000000074505806,-0.1899999976158142,9.819999694824219,0.0,0.0,0.0,1019.7494506835938,19.260000228881836,0.2570505440235138,-0.13432347774505615,0,0,0.0,0.0,0.0,0,0,-0.0005493331700563431,-41.36000061035156,0.010162663646042347,-0.9634082913398743,0.0,141125,141151,2456517,141138,0,141151,STANDBY
-0.03999999910593033,-0.18000000715255737,9.829999923706055,0.0,0.0,0.0,1019.7494506835938,19.260000228881836,0.2570505440235138,-0.08596702665090561,0,0,0.0,0.0,0.0,0,0,-0.0005798516795039177,-41.36000061035156,0.010040589608252048,-0.9634693264961243,0.0,141225,141251,2456612,141235,0,141251,STANDBY
-0.05000000074505806,-0.18000000715255737,9.819999694824219,0.0,0.0,0.0,1019.7494506835938,19.260000228881836,0.2570505440235138,-0.05501889809966087,0,0,0.0,0.0,0.0,0,0,-0.00033570360392332077,-41.36000061035156,0.0099795525893569,-0.9629505276679993,0.0,141325,141351,2456727,141349,0,141351,STANDBY
-0.03999999910593033,-0.18000000715255737,9.829999923706055,0.0,0.0,0.0,1019.747802734375,19.260000228881836,0.2700328826904297,0.01671725884079933,0,0,0.0,0.0,0.0,0,0,-0.00039674062281847,-41.36000061035156,0.010010071098804474,-0.9630115628242493,0.0,141425,141451,2456822,141445,0,141451,STANDBY
-0.03999999910593033,-0.18000000715255737,9.819999694824219,0.0,0.0,0.0,1019.7494506835938,19.260000228881836,0.2570505440235138,-0.04021209105849266,0,0,0.0,0.0,0.0,0,0,-0.00045777764171361923,-41.36000061035156,0.009949034079909325,-0.9627674221992493,0.0,141526,141551,2456918,141540,0,141551,STANDBY
-0.03999999910593033,-0.18000000715255737,9.819999694824219,0.0,0.0,0.0,1019.7494506835938,19.260000228881836,0.2570505440235138,-0.02573573961853981,0,0,0.0,0.0,0.0,0,0,-0.0004272591322660446,-41.36000061035156,0.00991851557046175,-0.9634693264961243,0.0,141626,141651,2457014,141651,0,141651,STANDBY
-0.05000000074505806,-0.1899999976158142,9.819999694824219,0.0,0.0,0.0,1019.747802734375,19.260000228881836,0.2700328826904297,0.035458482801914215,0,0,0.0,0.0,0.0,0,0,-0.00045777764171361923,-41.36000061035156,0.010071108117699623,-0.9634693264961243,0.0,141726,141751,2457128,141750,0,141751,STANDBY
-0.03999999910593033,-0.1899999976158142,9.819999694824219,0.0,0.0,0.0,1019.7461547851562,19.260000228881836,0.28301525115966797,0.07462290674448013,0,0,0.0,0.0,0.0,0,0,-0.0005798516795039177,-41.36000061035156,0.010101626627147198,-0.963927149772644,0.0,141826,141851,2457224,141846,0,141851,STANDBY
-0.03999999910593033,-0.18000000715255737,9.819999694824219,0.0,0.0,0.0,1019.7461547851562,19.260000228881836,0.28301525115966797,0.04775866121053696,0,0,0.0,0.0,0.0,0,0,-0.0005798516795039177,-41.36000061035156,0.010071108117699623,-0.963896632194519,0.0,141926,141952,2457319,141941,0,141952,STANDBY
-0.03999999910593033,-0.18000000715255737,9.819999694824219,0.0,0.0,0.0,1019.7461547851562,19.260000228881836,0.28301525115966797,0.030565544962882996,0,0,0.0,0.0,0.0,0,0,-0.0006103701889514923,-41.36000061035156,0.00991851557046175,-0.963957667350769,0.0,142026,142052,2457415,142036,0,142052,STANDBY
-0.03999999910593033,-0.18000000715255737,9.819999694824219,0.0,0.0,0.0,1019.7438354492188,19.260000228881836,0.3037869930267334,0.08603151887655258,0,0,0.0,0.0,0.0,0,0,-0.0006714072078466415,-41.36000061035156,0.009949034079909325,-0.964323878288269,0.0,142126,142152,2457530,142152,0,142152,STANDBY
-0.05000000074505806,-0.1899999976158142,9.819999694824219,0.0,0.0,0.0,1019.7405395507812,19.260000228881836,0.3297517001628876,0.138147234916687,0,0,0.0,0.0,0.0,0,0,-0.0005493331700563431,-41.36000061035156,0.010010071098804474,-0.963988184928894,0.0,142226,142252,2457625,142247,0,142252,STANDBY
-0.03999999910593033,-0.1899999976158142,9.819999694824219,0.0,0.0,0.0,1019.7405395507812,19.260000228881836,0.3297517001628876,0.08841423690319061,0,0,0.0,0.0,0.0,0,0,-0.0005493331700563431,-41.36000061035156,0.010101626627147198,-0.964171290397644,0.0,142326,142352,2457720,142343,0,142352,STANDBY
-0.05000000074505806,-0.18000000715255737,9.8100004196167,0.0,0.0,0.0,1019.7372436523438,19.260000228881836,0.35571640729904175,0.139672189950943,0,0,0.0,0.0,0.0,0,0,-0.00045777764171361923,-41.36000061035156,0.010040589608252048,-0.963957667350769,0.0,142426,142452,2457817,142438,0,142452,STANDBY
-0.03999999910593033,-0.17000000178813934,9.8100004196167,0.0,0.0,0.0,1019.735595703125,19.260000228881836,0.36869874596595764,0.14131955802440643,0,0,0.0,0.0,0.0,0,0,-0.00045777764171361923,-41.36000061035156,0.009949034079909325,-0.9637745022773743,0.0,142526,142552,2457912,142534,0,142552,STANDBY
-0.029999999329447746,-0.17000000178813934,9.829999923706055,0.0,0.0,0.0,1019.73388671875,19.260000228881836,0.3842775821685791,0.1527598649263382,0,0,0.0,0.0,0.0,0,0,-0.0005798516795039177,-41.36000061035156,0.0098574785515666,-0.9633472561836243,0.0,142626,142652,2458027,142652,0,142652,STANDBY
-0.03999999910593033,-0.1899999976158142,9.819999694824219,0.0,0.0,0.0,1019.7323608398438,19.260000228881836,0.3946634531021118,0.13930979371070862,0,0,0.0,0.0,0.0,0,0,-0.0006408886983990669,-41.36000061035156,0.00991851557046175,-0.9633472561836243,0.0,142726,142752,2458122,142744,0,142752,STANDBY
-0.03999999910593033,-0.18000000715255737,9.819999694824219,0.0,0.0,0.0,1019.7323608398438,19.260000228881836,0.3946634531021118,0.08915826678276062,0,0,0.0,0.0,0.0,0,0,-0.0005798516795039177,-41.36000061035156,0.009887997061014175,-0.9630725979804993,0.0,142826,142852,2458217,142839,0,142852,STANDBY
-0.03999999910593033,-0.17000000178813934,9.8100004196167,0.0,0.0,0.0,1019.7323608398438,19.260000228881836,0.3946634531021118,0.057061292231082916,0,0,0.0,0.0,0.0,0,0,-0.0006408886983990669,-41.36000061035156,0.009887997061014175,-0.9634082913398743,0.0,142926,142952,2458313,142935,0,142952,STANDBY
-0.05000000074505806,-0.1899999976158142,9.8100004196167,0.0,0.0,0.0,1019.7323608398438,19.260000228881836,0.3946634531021118,0.03651922568678856,0,0,0.0,0.0,0.0,0,0,-0.0005493331700563431,-41.36000061035156,0.0098574785515666,-0.9631031155586243,0.0,143026,143052,2458427,143049,0,143052,STANDBY
-0.05999999865889549,-0.18000000715255737,9.819999694824219,0.0,0.0,0.0,1019.7362670898438,19.260000228881836,0.3635058104991913,-0.07633215188980103,0,0,0.0,0.0,0.0,0,0,-0.0004882961511611938,-41.36000061035156,0.010071108117699623,-0.9636524319648743,0.0,143126,143152,2458523,143144,0,143152,STANDBY
-0.03999999910593033,-0.18000000715255737,9.819999694824219,0.0,0.0,0.0,1019.7346801757812,19.260000228881836,0.3764881491661072,-0.007309094071388245,0,0,0.0,0.0,0.0,0,0,-0.0004882961511611938,-41.36000061035156,0.0099795525893569,-0.9637134671211243,0.0,143226,143252,2458618,143241,0,143252,STANDBY
-0.03999999910593033,-0.18000000715255737,9.819999694824219,0.0,0.0,0.0,1019.7346801757812,19.260000228881836,0.3764881491661072,-0.004677820485085249,0,0,0.0,0.0,0.0,0,0,-0.0005188146606087685,-41.36000061035156,0.010010071098804474,-0.9635303616523743,0.0,143326,143352,2458714,143336,0,143352,STANDBY
-0.05000000074505806,-0.18000000715255737,9.8100004196167,0.0,0.0,0.0,1019.7346801757812,19.260000228881836,0.3764881491661072,-0.0029938051011413336,0,0,0.0,0.0,0.0,0,0,-0.0004882961511611938,-41.36000061035156,0.00991851557046175,-0.9630115628242493,0.0,143426,143452,2458828,143451,0,143452,STANDBY
-0.03999999910593033,-0.1899999976158142,9.819999694824219,0.0,0.0,0.0,1019.7346801757812,19.260000228881836,0.3764881491661072,-0.0019160353112965822,0,0,0.0,0.0,0.0,0,0,-0.0005493331700563431,-41.36000061035156,0.009949034079909325,-0.9627369046211243,0.0,143526,143552,2458924,143546,0,143552,STANDBY
-0.05000000074505806,-0.18000000715255737,9.8100004196167,0.0,0.0,0.0,1019.7362670898438,19.260000228881836,0.3635058104991913,-0.05315561592578888,0,0,0.0,0.0,0.0,0,0,-0.00045777764171361923,-41.36000061035156,0.0099795525893569,-0.9625843167304993,0.0,143626,143652,2459019,143650,0,143652,STANDBY
-0.05000000074505806,-0.18000000715255737,9.8100004196167,0.0,0.0,0.0,1019.7362670898438,19.260000228881836,0.3635058104991913,-0.0340195968747139,0,0,0.0,0.0,0.0,0,0,-0.0003662221133708954,-41.36000061035156,0.010101626627147198,-0.9632862210273743,0.0,143726,143752,2459115,143736,0,143752,STANDBY
-0.03999999910593033,-0.18000000715255737,9.819999694824219,0.0,0.0,0.0,1019.7379760742188,19.260000228881836,0.3505234718322754,-0.0737018957734108,0,0,0.0,0.0,0.0,0,0,-0.00039674062281847,-41.36000061035156,0.0099795525893569,-0.9631031155586243,0.0,143826,143852,2459229,143851,0,143852,STANDBY
-0.03999999910593033,-0.18000000715255737,9.8100004196167,0.0,0.0,0.0,1019.7418823242188,19.260000228881836,0.31936582922935486,-0.17179977893829346,0,0,0.0,0.0,0.0,0,0,-0.00045777764171361923,-41.36000061035156,0.009887997061014175,-0.9632251858711243,0.0,143926,143952,2459325,143947,0,143952,STANDBY
-0.05000000074505806,-0.17000000178813934,9.8100004196167,0.0,0.0,0.0,1019.7402954101562,19.260000228881836,0.33234816789627075,-0.06840838491916656,0,0,0.0,0.0,0.0,0,0,-0.00039674062281847,-41.36000061035156,0.009826960042119026,-0.9632862210273743,0.0,144026,144052,2459420,144043,0,144052,STANDBY
-0.03999999910593033,-0.18000000715255737,9.819999694824219,0.0,0.0,0.0,1019.7362670898438,19.260000228881836,0.3635058104991913,0.05592309311032295,0,0,0.0,0.0,0.0,0,0,-0.0003662221133708954,-41.36000061035156,0.009887997061014175,-0.9632862210273743,0.0,144126,144152,2459515,144138,0,144152,STANDBY
-0.05000000074505806,-0.1899999976158142,9.819999694824219,0.0,0.0,0.0,1019.7329711914062,19.260000228881836,0.38947051763534546,0.1188778430223465,0,0,0.0,0.0,0.0,0,0,-0.0004272591322660446,-41.36000061035156,0.010010071098804474,-0.9633472561836243,0.0,144226,144252,2459612,144233,0,144252,STANDBY
-0.05000000074505806,-0.18000000715255737,9.819999694824219,0.0,0.0,0.0,1019.737060546875,19.260000228881836,0.3583128750324249,-0.02362263761460781,0,0,0.0,0.0,0.0,0,0,-0.00039674062281847,-41.36000061035156,0.010040589608252048,-0.9633472561836243,0.0,144326,144352,2459726,144348,0,144352,STANDBY
-0.03999999910593033,-0.18000000715255737,9.8100004196167,0.0,0.0,0.0,1019.7313842773438,19.260000228881836,0.40245285630226135,0.14861182868480682,0,0,0.0,0.0,0.0,0,0,-0.00033570360392332077,-41.36000061035156,0.00991851557046175,-0.9633777737617493,0.0,144427,144452,2459822,144443,0,144452,STANDBY
-0.03999999910593033,-0.1899999976158142,9.829999923706055,0.0,0.0,0.0,1019.7352905273438,19.260000228881836,0.3712952136993408,-0.02951899915933609,0,0,0.0,0.0,0.0,0,0,-0.0003662221133708954,-41.36000061035156,0.010040589608252048,-0.9632251858711243,0.0,144527,144552,2459917,144539,0,144552,STANDBY
-0.03999999910593033,-0.18000000715255737,9.819999694824219,0.0,0.0,0.0,1019.7352905273438,19.260000228881836,0.3712952136993408,-0.018892159685492516,0,0,0.0,0.0,0.0,0,0,-0.0004882961511611938,-41.36000061035156,0.010040589608252048,-0.9634082913398743,0.0,144627,144652,2460012,144652,0,144652,STANDBY
-0.03999999910593033,-0.18000000715255737,9.800000190734863,0.0,0.0,0.0,1019.7352905273438,19.260000228881836,0.3712952136993408,-0.012090982869267464,0,0,0.0,0.0,0.0,0,0,-0.0005188146606087685,-41.36000061035156,0.010040589608252048,-0.9638050198554993,0.0,144727,144752,2460127,144749,0,144752,STANDBY
-0.05000000074505806,-0.18000000715255737,9.819999694824219,0.0,0.0,0.0,1019.7352905273438,19.260000228881836,0.3712952136993408,-0.007738228887319565,0,0,0.0,0.0,0.0,0,0,-0.0005493331700563431,-41.36000061035156,0.010071108117699623,-0.9637439846992493,0.0,144827,144852,2460222,144844,0,144852,STANDBY
-0.03999999910593033,-0.18000000715255737,9.819999694824219,0.0,0.0,0.0,1019.7352905273438,19.260000228881836,0.3712952136993408,-0.004952466581016779,0,0,0.0,0.0,0.0,0,0,-0.0005188146606087685,-41.36000061035156,0.010071108117699623,-0.9637439846992493,0.0,144927,144952,2460318,144940,0,144952,STANDBY
-0.03999999910593033,-0.18000000715255737,9.819999694824219,0.0,0.0,0.0,1019.7337646484375,19.260000228881836,0.3842775821685791,0.038374003022909164,0,0,0.0,0.0,0.0,0,0,-0.0005188146606087685,-41.36000061035156,0.010071108117699623,-0.9638660550117493,0.0,145027,145052,2460413,145035,0,145052,STANDBY
-0.05000000074505806,-0.18000000715255737,9.819999694824219,0.0,0.0,0.0,1019.7320556640625,19.260000228881836,0.397259920835495,0.06610284745693207,0,0,0.0,0.0,0.0,0,0,-0.00039674062281847,-41.36000061035156,0.010040589608252048,-0.964018702507019,0.0,145127,145152,2460527,145149,0,145152,STANDBY
-0.03999999910593033,-0.17000000178813934,9.819999694824219,0.0,0.0,0.0,1019.7320556640625,19.260000228881836,0.397259920835495,0.04230582341551781,0,0,0.0,0.0,0.0,0,0,-0.0004882961511611938,-41.36000061035156,0.010010071098804474,-0.964323878288269,0.0,145227,145252,2460623,145245,0,145252,STANDBY
-0.05000000074505806,-0.1899999976158142,9.8100004196167,0.0,0.0,0.0,1019.7320556640625,19.260000228881836,0.397259920835495,0.02707572840154171,0,0,0.0,0.0,0.0,0,0,-0.00045777764171361923,-41.36000061035156,0.010132145136594772,-0.964690089225769,0.0,145327,145352,2460719,145341,0,145352,STANDBY
-0.03999999910593033,-0.18000000715255737,9.819999694824219,0.0,0.0,0.0,1019.7327270507812,19.260000228881836,0.39206698536872864,-0.013829145580530167,0,0,0.0,0.0,0.0,0,0,-0.0005188146606087685,-41.36000061035156,0.010040589608252048,-0.964384913444519,0.0,145427,145452,2460814,145436,0,145452,STANDBY
-0.03999999910593033,-0.18000000715255737,9.819999694824219,0.0,0.0,0.0,1019.7327270507812,19.270000457763672,0.39206698536872864,-0.008850653655827045,0,0,0.0,0.0,0.0,0,0,-0.0005798516795039177,-41.36000061035156,0.009949034079909325,-0.964568018913269,0.0,145527,145552,2460929,145551,0,145552,STANDBY
-0.05000000074505806,-0.1899999976158142,9.819999694824219,0.0,0.0,0.0,1019.7327270507812,19.270000457763672,0.39206698536872864,-0.005664418451488018,0,0,0.0,0.0,0.0,0,0,-0.0006103701889514923,-41.36000061035156,0.009949034079909325,-0.964018702507019,0.0,145627,145652,2461024,145651,0,145652,STANDBY
-0.05000000074505806,-0.18000000715255737,9.819999694824219,0.0,0.0,0.0,1019.7310791015625,19.270000457763672,0.40504932403564453,0.04830412566661835,0,0,0.0,0.0,0.0,0,0,-0.0005798516795039177,-41.36000061035156,0.0099795525893569,-0.9638355374336243,0.0,145727,145752,2461119,145741,0,145752,STANDBY
-0.03999999910593033,-0.18000000715255737,9.819999694824219,0.0,0.0,0.0,1019.7327270507812,19.270000457763672,0.39206698536872864,-0.021014714613556862,0,0,0.0,0.0,0.0,0,0,-0.0005798516795039177,-41.36000061035156,0.010071108117699623,-0.9633472561836243,0.0,145827,145852,2461214,145837,0,145852,STANDBY
-0.05000000074505806,-0.18000000715255737,9.819999694824219,0.0,0.0,0.0,1019.734375,19.270000457763672,0.37908461689949036,-0.06537888944149017,0,0,0.0,0.0,0.0,0,0,-0.0004272591322660446,-41.36000061035156,0.010071108117699623,-0.9635303616523743,0.0,145928,145952,2461329,145951,0,145952,STANDBY
-0.05000000074505806,-0.1899999976158142,9.819999694824219,0.0,0.0,0.0,1019.7327270507812,19.270000457763672,0.39206698536872864,-0.00029891132726334035,0,0,0.0,0.0,0.0,0,0,-0.0004272591322660446,-41.36000061035156,0.010132145136594772,-0.9636829495429993,0.0,146028,146052,2461424,146046,0,146052,STANDBY
-0.03999999910593033,-0.1899999976158142,9.819999694824219,0.0,0.0,0.0,1019.7327270507812,19.270000457763672,0.39206698536872864,-0.00019130324653815478,0,0,0.0,0.0,0.0,0,0,-0.0005188146606087685,-41.36000061035156,0.010132145136594772,-0.963988184928894,0.0,146128,146152,2461520,146142,0,146152,STANDBY
-0.05000000074505806,-0.18000000715255737,9.819999694824219,0.0,0.0,0.0,1019.7310791015625,19.270000457763672,0.40504932403564453,0.04142105206847191,0,0,0.0,0.0,0.0,0,0,-0.0004882961511611938,-41.36000061035156,0.010162663646042347,-0.963957667350769,0.0,146228,146252,2461616,146238,0,146252,STANDBY
-0.05000000074505806,-0.1899999976158142,9.819999694824219,0.0,0.0,0.0,1019.7294311523438,19.270000457763672,0.4180316925048828,0.06805305927991867,0,0,0.0,0.0,0.0,0,0,-0.00045777764171361923,-41.36000061035156,0.010162663646042347,-0.9635303616523743,0.0,146328,146352,2461711,146333,0,146352,STANDBY
-0.03999999910593033,-0.18000000715255737,9.819999694824219,0.0,0.0,0.0,1019.7310791015625,19.270000457763672,0.40504932403564453,0.00201037828810513,0,0,0.0,0.0,0.0,0,0,-0.00045777764171361923,-41.36000061035156,0.01025421917438507,-0.9635913968086243,0.0,146428,146452,2461826,146447,0,146452,STANDBY
-0.05000000074505806,-0.18000000715255737,9.819999694824219,0.0,0.0,0.0,1019.7294311523438,19.270000457763672,0.4180316925048828,0.0532161146402359,0,0,0.0,0.0,0.0,0,0,-0.0004272591322660446,-41.36000061035156,0.010193182155489922,-0.9635913968086243,0.0,146528,146552,2461921,146543,0,146552,STANDBY
-0.03999999910593033,-0.17000000178813934,9.819999694824219,0.0,0.0,0.0,1019.731689453125,19.270000457763672,0.3998563885688782,-0.03864290192723274,0,0,0.0,0.0,0.0,0,0,-0.00045777764171361923,-41.36000061035156,0.010101626627147198,-0.9634998440742493,0.0,146628,146656,2462016,146656,0,146656,STANDBY
-0.05000000074505806,-0.1899999976158142,9.819999694824219,0.0,0.0,0.0,1019.731689453125,19.270000457763672,0.3998563885688782,-0.024731457233428955,0,0,0.0,0.0,0.0,0,0,-0.00039674062281847,-41.36000061035156,0.010101626627147198,-0.9636219143867493,0.0,146728,146756,2462131,146753,0,146756,STANDBY
-0.03999999910593033,-0.1899999976158142,9.819999694824219,0.0,0.0,0.0,1019.731689453125,19.270000457763672,0.3998563885688782,-0.01582813262939453,0,0,0.0,0.0,0.0,0,0,-0.00030518509447574615,-41.36000061035156,0.010162663646042347,-0.9634693264961243,0.0,146828,146856,2462227,146848,0,146856,STANDBY
-0.05000000074505806,-0.1899999976158142,9.819999694824219,0.0,0.0,0.0,1019.731689453125,19.270000457763672,0.3998563885688782,-0.01013000588864088,0,0,0.0,0.0,0.0,0,0,-0.00033570360392332077,-41.36000061035156,0.010162663646042347,-0.9632862210273743,0.0,146928,146956,2462322,146945,0,146956,STANDBY
-0.029999999329447746,-0.1899999976158142,9.819999694824219,0.0,0.0,0.0,1019.7301635742188,19.270000457763672,0.41283872723579407,0.03506028279662132,0,0,0.0,0.0,0.0,0,0,-0.00045777764171361923,-41.36000061035156,0.010101626627147198,-0.9633167386054993,0.0,147028,147056,2462417,147040,0,147056,STANDBY
-0.029999999329447746,-0.17000000178813934,9.8100004196167,0.0,0.0,0.0,1019.7301635742188,19.270000457763672,0.41283872723579407,0.02243858203291893,0,0,0.0,0.0,0.0,0,0,-0.0005493331700563431,-41.36000061035156,0.0099795525893569,-0.9637745022773743,0.0,147128,147156,2462532,147154,0,147156,STANDBY
-0.05000000074505806,-0.18000000715255737,9.819999694824219,0.0,0.0,0.0,1019.728515625,19.270000457763672,0.4284175634384155,0.06421297043561935,0,0,0.0,0.0,0.0,0,0,-0.0004882961511611938,-41.36000061035156,0.009949034079909325,-0.963927149772644,0.0,147228,147256,2462628,147250,0,147256,STANDBY
-0.05000000074505806,-0.1899999976158142,9.829999923706055,0.0,0.0,0.0,1019.7268676757812,19.270000457763672,0.4413999021053314,0.08263979107141495,0,0,0.0,0.0,0.0,0,0,-0.0005188146606087685,-41.36000061035156,0.009949034079909325,-0.9636219143867493,0.0,147328,147356,2462724,147346,0,147356,STANDBY
-0.03999999910593033,-0.18000000715255737,9.819999694824219,0.0,0.0,0.0,1019.7251586914062,19.270000457763672,0.4543822705745697,0.09443304687738419,0,0,0.0,0.0,0.0,0,0,-0.0007019257172942162,-41.36000061035156,0.009887997061014175,-0.9637134671211243,0.0,147428,147456,2462819,147441,0,147456,STANDBY
-0.03999999910593033,-0.18000000715255737,9.819999694824219,0.0,0.0,0.0,1019.7218627929688,19.270000457763672,0.4803469479084015,0.14352412521839142,0,0,0.0,0.0,0.0,0,0,-0.0007019257172942162,-41.36000061035156,0.009949034079909325,-0.9636524319648743,0.0,147528,147556,2462915,147537,0,147556,STANDBY
-0.03999999910593033,-0.18000000715255737,9.829999923706055,0.0,0.0,0.0,1019.7185668945312,19.270000457763672,0.5089081525802612,0.2061002552509308,0,0,0.0,0.0,0.0,0,0,-0.0007019257172942162,-41.36000061035156,0.009949034079909325,-0.9633167386054993,0.0,147628,147656,2463030,147652,0,147656,STANDBY
-0.03999999910593033,-0.17000000178813934,9.819999694824219,0.0,0.0,0.0,1019.7185668945312,19.270000457763672,0.5089081525802612,0.13190416991710663,0,0,0.0,0.0,0.0,0,0,-0.0006103701889514923,-41.36000061035156,0.0098574785515666,-0.9638050198554993,0.0,147728,147756,2463125,147747,0,147756,STANDBY
-0.03999999910593033,-0.18000000715255737,9.829999923706055,0.0,0.0,0.0,1019.717041015625,19.270000457763672,0.519294023513794,0.12596216797828674,0,0,0.0,0.0,0.0,0,0,-0.0005493331700563431,-41.36000061035156,0.009949034079909325,-0.964323878288269,0.0,147828,147856,2463221,147843,0,147856,STANDBY
-0.05000000074505806,-0.18000000715255737,9.819999694824219,0.0,0.0,0.0,1019.717041015625,19.270000457763672,0.519294023513794,0.08061578869819641,0,0,0.0,0.0,0.0,0,0,-0.0005798516795039177,-41.36000061035156,0.009887997061014175,-0.9633167386054993,0.0,147928,147956,2463316,147939,0,147956,STANDBY
-0.05000000074505806,-0.17000000178813934,9.819999694824219,0.0,0.0,0.0,1019.717041015625,19.270000457763672,0.519294023513794,0.05159410834312439,0,0,0.0,0.0,0.0,0,0,-0.0005493331700563431,-41.36000061035156,0.00991851557046175,-0.9634998440742493,0.0,148028,148056,2463431,148054,0,148056,STANDBY
-0.03999999910593033,-0.18000000715255737,9.819999694824219,0.0,0.0,0.0,1019.71533203125,19.270000457763672,0.534872829914093,0.0828724130988121,0,0,0.0,0.0,0.0,0,0,-0.0005188146606087685,-41.36000061035156,0.009887997061014175,-0.9635913968086243,0.0,148128,148156,2463526,148149,0,148156,STANDBY
-0.03999999910593033,-0.18000000715255737,9.819999694824219,0.0,0.0,0.0,1019.71533203125,19.270000457763672,0.534872829914093,0.0530383475124836,0,0,0.0,0.0,0.0,0,0,-0.0005188146606087685,-41.36000061035156,0.009949034079909325,-0.9635608792304993,0.0,148228,148256,2463623,148244,0,148256,STANDBY
-0.05000000074505806,-0.18000000715255737,9.8100004196167,0.0,0.0,0.0,1019.717041015625,19.270000457763672,0.519294023513794,-0.015907635912299156,0,0,0.0,0.0,0.0,0,0,-0.0005188146606087685,-41.36000061035156,0.0099795525893569,-0.9638050198554993,0.0,148328,148356,2463718,148340,0,148356,STANDBY
-0.05000000074505806,-0.1899999976158142,9.8100004196167,0.0,0.0,0.0,1019.7153930664062,19.270000457763672,0.5322763919830322,0.03136269375681877,0,0,0.0,0.0,0.0,0,0,-0.0005188146606087685,-41.36000061035156,0.0099795525893569,-0.9633167386054993,0.0,148428,148456,2463833,148455,0,148456,STANDBY
-0.05000000074505806,-0.18000000715255737,9.8100004196167,0.0,0.0,0.0,1019.7120971679688,19.270000457763672,0.5608375072479248,0.1218535453081131,0,0,0.0,0.0,0.0,0,0,-0.0004272591322660446,-41.36000061035156,0.010071108117699623,-0.9635608792304993,0.0,148528,148556,2463928,148550,0,148556,STANDBY
-0.05000000074505806,-0.1899999976158142,9.829999923706055,0.0,0.0,0.0,1019.7120971679688,19.270000457763672,0.5608375072479248,0.07798627018928528,0,0,0.0,0.0,0.0,0,0,-0.00030518509447574615,-41.36000061035156,0.01025421917438507,-0.964171290397644,0.0,148628,148656,2464023,148653,0,148656,STANDBY
-0.05000000074505806,-0.17000000178813934,9.819999694824219,0.0,0.0,0.0,1019.7144775390625,19.270000457763672,0.5426622629165649,-0.022789765149354935,0,0,0.0,0.0,0.0,0,0,-0.0003662221133708954,-41.36000061035156,0.010132145136594772,-0.964232325553894,0.0,148728,148756,2464119,148742,0,148756,STANDBY
-0.03999999910593033,-0.1899999976158142,9.8100004196167,0.0,0.0,0.0,1019.7144775390625,19.270000457763672,0.5426622629165649,-0.014585450291633606,0,0,0.0,0.0,0.0,0,0,-0.00045777764171361923,-41.36000061035156,0.010071108117699623,-0.9638355374336243,0.0,148829,148856,2464234,148856,0,148856,STANDBY
-0.05000000074505806,-0.18000000715255737,9.819999694824219,0.0,0.0,0.0,1019.7144775390625,19.270000457763672,0.5426622629165649,-0.009334689006209373,0,0,0.0,0.0,0.0,0,0,-0.0004272591322660446,-41.36000061035156,0.010101626627147198,-0.963927149772644,0.0,148929,148956,2464329,148952,0,148956,STANDBY
-0.029999999329447746,-0.18000000715255737,9.819999694824219,0.0,0.0,0.0,1019.716064453125,19.270000457763672,0.5270833969116211,-0.06828966736793518,0,0,0.0,0.0,0.0,0,0,-0.0004882961511611938,-41.36000061035156,0.010040589608252048,-0.964018702507019,0.0,149029,149056,2464424,149047,0,149056,STANDBY
-0.03999999910593033,-0.18000000715255737,9.819999694824219,0.0,0.0,0.0,1019.716064453125,19.270000457763672,0.5270833969116211,-0.04370538890361786,0,0,0.0,0.0,0.0,0,0,-0.0005493331700563431,-41.36000061035156,0.010010071098804474,-0.964384913444519,0.0,149129,149156,2464521,149142,0,149156,STANDBY
-0.05000000074505806,-0.1899999976158142,9.819999694824219,0.0,0.0,0.0,1019.7177124023438,19.270000457763672,0.5141010880470276,-0.06951483339071274,0,0,0.0,0.0,0.0,0,0,-0.00045777764171361923,-41.36000061035156,0.0099795525893569,-0.964201807975769,0.0,149229,149256,2464616,149238,0,149256,STANDBY
-0.05000000074505806,-0.18000000715255737,9.8100004196167,0.0,0.0,0.0,1019.7177124023438,19.270000457763672,0.5141010880470276,-0.04448949545621872,0,0,0.0,0.0,0.0,0,0,-0.00045777764171361923,-41.36000061035156,0.010010071098804474,-0.964140772819519,0.0,149329,149356,2464731,149353,0,149356,STANDBY
-0.03999999910593033,-0.18000000715255737,9.829999923706055,0.0,0.0,0.0,1019.7177124023438,19.270000457763672,0.5141010880470276,-0.028473278507590294,0,0,0.0,0.0,0.0,0,0,-0.0004272591322660446,-41.36000061035156,0.0099795525893569,-0.964140772819519,0.0,149429,149456,2464826,149448,0,149456,STANDBY
-0.05000000074505806,-0.1899999976158142,9.819999694824219,0.0,0.0,0.0,1019.7200927734375,19.270000457763672,0.49592578411102295,-0.09092411398887634,0,0,0.0,0.0,0.0,0,0,-0.0003662221133708954,-41.36000061035156,0.010010071098804474,-0.964018702507019,0.0,149529,149556,2464921,149543,0,149556,STANDBY
-0.03999999910593033,-0.18000000715255737,9.819999694824219,0.0,0.0,0.0,1019.7217407226562,19.280000686645508,0.48294344544410706,-0.11012078821659088,0,0,0.0,0.0,0.0,0,0,-0.00045777764171361923,-41.36000061035156,0.010010071098804474,-0.964171290397644,0.0,149629,149656,2465017,149656,0,149656,STANDBY
-0.05000000074505806,-0.18000000715255737,9.819999694824219,0.0,0.0,0.0,1019.7200927734375,19.280000686645508,0.49592578411102295,-0.01854795217514038,0,0,0.0,0.0,0.0,0,0,-0.0004272591322660446,-41.36000061035156,0.010071108117699623,-0.964415431022644,0.0,149729,149756,2465132,149754,0,149756,STANDBY
-0.029999999329447746,-0.18000000715255737,9.819999694824219,0.0,0.0,0.0,1019.7184448242188,19.280000686645508,0.5089081525802612,0.04005878418684006,0,0,0.0,0.0,0.0,0,0,-0.0004882961511611938,-41.36000061035156,0.010010071098804474,-0.9636524319648743,0.0,149829,149856,2465227,149850,0,149856,STANDBY
-0.029999999329447746,-0.18000000715255737,9.819999694824219,0.0,0.0,0.0,1019.7184448242188,19.280000686645508,0.5089081525802612,0.02563762478530407,0,0,0.0,0.0,0.0,0,0,-0.0005493331700563431,-41.36000061035156,0.00991851557046175,-0.9631641507148743,0.0,149929,149956,2465324,149945,0,149956,STANDBY
-0.03999999910593033,-0.18000000715255737,9.829999923706055,0.0,0.0,0.0,1019.7223510742188,19.280000686645508,0.4777504801750183,-0.1082226112484932,0,0,0.0,0.0,0.0,0,0,-0.0006103701889514923,-41.36000061035156,0.00991851557046175,-0.9632862210273743,0.0,150029,150056,2465419,150041,0,150056,STANDBY
-0.03999999910593033,-0.18000000715255737,9.829999923706055,0.0,0.0,0.0,1019.7207641601562,19.280000686645508,0.4907328486442566,-0.02771889604628086,0,0,0.0,0.0,0.0,0,0,-0.0006714072078466415,-41.36000061035156,0.009949034079909325,-0.9636524319648743,0.0,150129,150156,2465515,150136,0,150156,STANDBY
-0.05000000074505806,-0.18000000715255737,9.819999694824219,0.0,0.0,0.0,1019.7207641601562,19.280000686645508,0.4907328486442566,-0.017740093171596527,0,0,0.0,0.0,0.0,0,0,-0.0005798516795039177,-41.36000061035156,0.009887997061014175,-0.9637439846992493,0.0,150230,150256,2465630,150251,0,150256,STANDBY
-0.03999999910593033,-0.1899999976158142,9.8100004196167,0.0,0.0,0.0,1019.7246704101562,19.280000686645508,0.45957520604133606,-0.11105811595916748,0,0,0.0,0.0,0.0,0,0,-0.0006103701889514923,-41.36000061035156,0.00991851557046175,-0.9636219143867493,0.0,150330,150356,2465725,150347,0,150356,STANDBY
-0.05000000074505806,-0.17000000178813934,9.8100004196167,0.0,0.0,0.0,1019.7230224609375,19.280000686645508,0.47255754470825195,-0.029533714056015015,0,0,0.0,0.0,0.0,0,0,-0.0004882961511611938,-41.36000061035156,0.010010071098804474,-0.964049220085144,0.0,150430,150456,2465821,150444,0,150456,STANDBY
-0.05000000074505806,-0.18000000715255737,9.8100004196167,0.0,0.0,0.0,1019.721435546875,19.280000686645508,0.48553991317749023,0.022642001509666443,0,0,0.0,0.0,0.0,0,0,-0.0004882961511611938,-41.36000061035156,0.0099795525893569,-0.964201807975769,0.0,150530,150556,2465916,150539,0,150556,STANDBY
-0.03999999910593033,-0.18000000715255737,9.819999694824219,0.0,0.0,0.0,1019.721435546875,19.280000686645508,0.48553991317749023,0.014490881934762001,0,0,0.0,0.0,0.0,0,0,-0.0005188146606087685,-41.36000061035156,0.009949034079909325,-0.964445948600769,0.0,150630,150657,2466031,150654,0,150657,STANDBY
-0.03999999910593033,-0.1899999976158142,9.819999694824219,0.0,0.0,0.0,1019.7198486328125,19.280000686645508,0.49852225184440613,0.061203520745038986,0,0,0.0,0.0,0.0,0,0,-0.0006408886983990669,-41.36000061035156,0.010040589608252048,-0.965117335319519,0.0,150730,150757,2466127,150749,0,150757,STANDBY
-0.029999999329447746,-0.18000000715255737,9.819999694824219,0.0,0.0,0.0,1019.7198486328125,19.280000686645508,0.49852225184440613,0.03917025402188301,0,0,0.0,0.0,0.0,0,0,-0.0007629627361893654,-41.36000061035156,0.0099795525893569,-0.965086817741394,0.0,150830,150857,2466223,150845,0,150857,STANDBY
-0.05000000074505806,-0.1899999976158142,9.8100004196167,0.0,0.0,0.0,1019.7181396484375,19.280000686645508,0.511504590511322,0.07699831575155258,0,0,0.0,0.0,0.0,0,0,-0.0007324442267417908,-41.36000061035156,0.010010071098804474,-0.964781641960144,0.0,150930,150957,2466318,150940,0,150957,STANDBY
-0.05000000074505806,-0.18000000715255737,9.819999694824219,0.0,0.0,0.0,1019.72216796875,19.280000686645508,0.4777504801750183,-0.08573751151561737,0,0,0.0,0.0,0.0,0,0,-0.0006408886983990669,-41.36000061035156,0.010040589608252048,-0.9637439846992493,0.0,151030,151057,2466434,151056,0,151057,STANDBY
-0.03999999910593033,-0.18000000715255737,9.819999694824219,0.0,0.0,0.0,1019.72216796875,19.280000686645508,0.4777504801750183,-0.05487200617790222,0,0,0.0,0.0,0.0,0,0,-0.0006103701889514923,-41.36000061035156,0.009949034079909325,-0.963927149772644,0.0,151130,151157,2466529,151151,0,151157,STANDBY
-0.05000000074505806,-0.18000000715255737,9.8100004196167,0.0,0.0,0.0,1019.72216796875,19.280000686645508,0.4777504801750183,-0.03511808440089226,0,0,0.0,0.0,0.0,0,0,-0.0005493331700563431,-41.36000061035156,0.0099795525893569,-0.964079737663269,0.0,151230,151257,2466625,151246,0,151257,STANDBY
-0.03999999910593033,-0.1899999976158142,9.819999694824219,0.0,0.0,0.0,1019.720458984375,19.280000686645508,0.49332931637763977,0.027376700192689896,0,0,0.0,0.0,0.0,0,0,-0.0006408886983990669,-41.36000061035156,0.010040589608252048,-0.964201807975769,0.0,151330,151357,2466720,151343,0,151357,STANDBY
-0.03999999910593033,-0.20000000298023224,9.819999694824219,0.0,0.0,0.0,1019.7188110351562,19.280000686645508,0.5063116550445557,0.05906457453966141,0,0,0.0,0.0,0.0,0,0,-0.0006408886983990669,-41.36000061035156,0.010071108117699623,-0.964018702507019,0.0,151430,151457,2466816,151438,0,151457,STANDBY
-0.05000000074505806,-0.18000000715255737,9.819999694824219,0.0,0.0,0.0,1019.7188110351562,19.280000686645508,0.5063116550445557,0.03780132904648781,0,0,0.0,0.0,0.0,0,0,-0.0005493331700563431,-41.36000061035156,0.010101626627147198,-0.964232325553894,0.0,151530,151557,2466930,151553,0,151557,STANDBY
-0.05000000074505806,-0.18000000715255737,9.800000190734863,0.0,0.0,0.0,1019.7228393554688,19.290000915527344,0.47255754470825195,-0.09420619904994965,0,0,0.0,0.0,0.0,0,0,-0.0005493331700563431,-41.36000061035156,0.010132145136594772,-0.964629054069519,0.0,151630,151657,2467026,151656,0,151657,STANDBY
-0.05000000074505806,-0.18000000715255737,9.8100004196167,0.0,0.0,0.0,1019.72119140625,19.290000915527344,0.48553991317749023,-0.008362498134374619,0,0,0.0,0.0,0.0,0,0,-0.0004882961511611938,-41.36000061035156,0.010162663646042347,-0.965025782585144,0.0,151730,151757,2467122,151744,0,151757,STANDBY
-0.05000000074505806,-0.17000000178813934,9.819999694824219,0.0,0.0,0.0,1019.72119140625,19.290000915527344,0.48553991317749023,-0.005351999308913946,0,0,0.0,0.0,0.0,0,0,-0.0004272591322660446,-41.36000061035156,0.010132145136594772,-0.965056300163269,0.0,151830,151857,2467217,151839,0,151857,STANDBY
-0.05000000074505806,-0.1899999976158142,9.819999694824219,0.0,0.0,0.0,1019.7195434570312,19.290000915527344,0.5011187195777893,0.05888994783163071,0,0,0.0,0.0,0.0,0,0,-0.0004882961511611938,-41.36000061035156,0.010162663646042347,-0.964873194694519,0.0,151930,151957,2467332,151954,0,151957,STANDBY
-0.03999999910593033,-0.1899999976158142,9.8100004196167,0.0,0.0,0.0,1019.7178344726562,19.290000915527344,0.5141010880470276,0.08961904048919678,0,0,0.0,0.0,0.0,0,0,-0.0005798516795039177,-41.36000061035156,0.010132145136594772,-0.964476466178894,0.0,152030,152057,2467428,152049,0,152057,STANDBY
-0.05000000074505806,-0.1899999976158142,9.819999694824219,0.0,0.0,0.0,1019.7162475585938,19.290000915527344,0.5270833969116211,0.09889957308769226,0,0,0.0,0.0,0.0,0,0,-0.0004882961511611938,-41.36000061035156,0.010162663646042347,-0.964140772819519,0.0,152130,152157,2467523,152145,0,152157,STANDBY
-0.05000000074505806,-0.1899999976158142,9.819999694824219,0.0,0.0,0.0,1019.714599609375,19.290000915527344,0.5400657653808594,0.10483930259943008,0,0,0.0,0.0,0.0,0,0,-0.0004272591322660446,-41.36000061035156,0.01025421917438507,-0.9636524319648743,0.0,152230,152257,2467618,152241,0,152257,STANDBY
-0.05000000074505806,-0.18000000715255737,9.8100004196167,0.0,0.0,0.0,1019.7185668945312,19.290000915527344,0.5089081525802612,-0.03260720521211624,0,0,0.0,0.0,0.0,0,0,-0.00033570360392332077,-41.36000061035156,0.010223700664937496,-0.9638355374336243,0.0,152330,152357,2467733,152355,0,152357,STANDBY
-0.03999999910593033,-0.20000000298023224,9.819999694824219,0.0,0.0,0.0,1019.714599609375,19.290000915527344,0.5400657653808594,0.07883574813604355,0,0,0.0,0.0,0.0,0,0,-0.00039674062281847,-41.36000061035156,0.010284737683832645,-0.9633777737617493,0.0,152430,152457,2467828,152451,0,152457,STANDBY
-0.05000000074505806,-0.1899999976158142,9.819999694824219,0.0,0.0,0.0,1019.7185668945312,19.290000915527344,0.5089081525802612,-0.04924948140978813,0,0,0.0,0.0,0.0,0,0,-0.0004882961511611938,-41.36000061035156,0.010284737683832645,-0.9633777737617493,0.0,152530,152557,2467924,152546,0,152557,STANDBY
-0.05000000074505806,-0.20000000298023224,9.8100004196167,0.0,0.0,0.0,1019.7169799804688,19.290000915527344,0.5218904614448547,-0.004516519606113434,0,0,0.0,0.0,0.0,0,0,-0.0004882961511611938,-41.36000061035156,0.010345774702727795,-0.9637134671211243,0.0,152630,152657,2468020,152654,0,152657,STANDBY
-0.03999999910593033,-0.1899999976158142,9.819999694824219,0.0,0.0,0.0,1019.7185668945312,19.290000915527344,0.5089081525802612,-0.05481980741024017,0,0,0.0,0.0,0.0,0,0,-0.0006103701889514923,-41.36000061035156,0.010345774702727795,-0.9637439846992493,0.0,152730,152757,2468115,152737,0,152757,STANDBY
-0.03999999910593033,-0.18000000715255737,9.8100004196167,0.0,0.0,0.0,1019.7201538085938,19.290000915527344,0.49592578411102295,-0.08701415359973907,0,0,0.0,0.0,0.0,0,0,-0.0006103701889514923,-41.36000061035156,0.010284737683832645,-0.964690089225769,0.0,152830,152857,2468230,152852,0,152857,STANDBY
-0.03999999910593033,-0.18000000715255737,9.819999694824219,0.0,0.0,0.0,1019.7185668945312,19.290000915527344,0.5089081525802612,-0.003759589046239853,0,0,0.0,0.0,0.0,0,0,-0.0006103701889514923,-41.36000061035156,0.01025421917438507,-0.964690089225769,0.0,152930,152957,2468325,152947,0,152957,STANDBY
-0.05000000074505806,-0.18000000715255737,9.819999694824219,0.0,0.0,0.0,1019.7185668945312,19.290000915527344,0.5089081525802612,-0.002406137064099312,0,0,0.0,0.0,0.0,0,0,-0.0005493331700563431,-41.36000061035156,0.01025421917438507,-0.964781641960144,0.0,153030,153057,2468421,153042,0,153057,STANDBY
-0.03999999910593033,-0.1899999976158142,9.819999694824219,0.0,0.0,0.0,1019.7185668945312,19.290000915527344,0.5089081525802612,-0.0015399277908727527,0,0,0.0,0.0,0.0,0,0,-0.0005798516795039177,-41.36000061035156,0.010223700664937496,-0.964293360710144,0.0,153131,153157,2468516,153138,0,153157,STANDBY
-0.03999999910593033,-0.1899999976158142,9.819999694824219,0.0,0.0,0.0,1019.7185668945312,19.290000915527344,0.5089081525802612,-0.0009855538373813033,0,0,0.0,0.0,0.0,0,0,-0.0005798516795039177,-41.36000061035156,0.010193182155489922,-0.964445948600769,0.0,153231,153257,2468630,153252,0,153257,STANDBY
-0.05000000074505806,-0.18000000715255737,9.819999694824219,0.0,0.0,0.0,1019.7201538085938,19.290000915527344,0.49592578411102295,-0.042174335569143295,0,0,0.0,0.0,0.0,0,0,-0.00045777764171361923,-41.36000061035156,0.01025421917438507,-0.964934229850769,0.0,153331,153357,2468726,153348,0,153357,STANDBY
-0.029999999329447746,-0.18000000715255737,9.819999694824219,0.0,0.0,0.0,1019.7162475585938,19.290000915527344,0.5270833969116211,0.07271278649568558,0,0,0.0,0.0,0.0,0,0,-0.0005493331700563431,-41.36000061035156,0.010162663646042347,-0.965330958366394,0.0,153431,153457,2468822,153444,0,153457,STANDBY
-0.03999999910593033,-0.1899999976158142,9.819999694824219,0.0,0.0,0.0,1019.7195434570312,19.290000915527344,0.5011187195777893,-0.03655078634619713,0,0,0.0,0.0,0.0,0,0,-0.0005798516795039177,-41.36000061035156,0.010193182155489922,-0.965269923210144,0.0,153531,153558,2468917,153539,0,153558,STANDBY
-0.03999999910593033,-0.1899999976158142,9.8100004196167,0.0,0.0,0.0,1019.7171630859375,19.280000686645508,0.519294023513794,0.04930870980024338,0,0,0.0,0.0,0.0,0,0,-0.0005798516795039177,-41.36000061035156,0.010193182155489922,-0.965391993522644,0.0,153631,153658,2469031,153657,0,153658,STANDBY
-0.05000000074505806,-0.1899999976158142,9.829999923706055,0.0,0.0,0.0,1019.720458984375,19.280000686645508,0.49332931637763977,-0.07230125367641449,0,0,0.0,0.0,0.0,0,0,-0.0005493331700563431,-41.36000061035156,0.010193182155489922,-0.964842677116394,0.0,153731,153758,2469127,153749,0,153758,STANDBY
-0.03999999910593033,-0.17000000178813934,9.819999694824219,0.0,0.0,0.0,1019.720458984375,19.280000686645508,0.49332931637763977,-0.04627280309796333,0,0,0.0,0.0,0.0,0,0,-0.0004882961511611938,-41.36000061035156,0.010040589608252048,-0.964598536491394,0.0,153831,153858,2469222,153844,0,153858,STANDBY
-0.05000000074505806,-0.18000000715255737,9.819999694824219,0.0,0.0,0.0,1019.72216796875,19.280000686645508,0.4777504801750183,-0.09192994236946106,0,0,0.0,0.0,0.0,0,0,-0.00045777764171361923,-41.36000061035156,0.010101626627147198,-0.964506983757019,0.0,153931,153958,2469317,153939,0,153958,STANDBY
-0.03999999910593033,-0.18000000715255737,9.819999694824219,0.0,0.0,0.0,1019.7181396484375,19.280000686645508,0.511504590511322,0.07618127763271332,0,0,0.0,0.0,0.0,0,0,-0.0005493331700563431,-41.36000061035156,0.010040589608252048,-0.964629054069519,0.0,154031,154058,2469432,154054,0,154058,STANDBY
-0.05000000074505806,-0.18000000715255737,9.819999694824219,0.0,0.0,0.0,1019.7198486328125,19.280000686645508,0.49852225184440613,-0.003173336386680603,0,0,0.0,0.0,0.0,0,0,-0.0004882961511611938,-41.36000061035156,0.010040589608252048,-0.964659571647644,0.0,154131,154158,2469528,154150,0,154158,STANDBY
-0.03999999910593033,-0.18000000715255737,9.819999694824219,0.0,0.0,0.0,1019.7207641601562,19.280000686645508,0.4907328486442566,-0.02695702575147152,0,0,0.0,0.0,0.0,0,0,-0.0005188146606087685,-41.36000061035156,0.009949034079909325,-0.964629054069519,0.0,154231,154258,2469623,154246,0,154258,STANDBY
-0.05000000074505806,-0.18000000715255737,9.819999694824219,0.0,0.0,0.0,1019.7223510742188,19.280000686645508,0.4777504801750183,-0.058796077966690063,0,0,0.0,0.0,0.0,0,0,-0.0005493331700563431,-41.36000061035156,0.0099795525893569,-0.964751124382019,0.0,154331,154358,2469719,154341,0,154358,STANDBY
-0.05000000074505806,-0.18000000715255737,9.819999694824219,0.0,0.0,0.0,1019.7223510742188,19.280000686645508,0.4777504801750183,-0.037629492580890656,0,0,0.0,0.0,0.0,0,0,-0.00045777764171361923,-41.36000061035156,0.009949034079909325,-0.964598536491394,0.0,154431,154458,2469833,154456,0,154458,STANDBY
-0.05000000074505806,-0.1899999976158142,9.8100004196167,0.0,0.0,0.0,1019.7223510742188,19.280000686645508,0.4777504801750183,-0.02408287487924099,0,0,0.0,0.0,0.0,0,0,-0.0004272591322660446,-41.36000061035156,0.010010071098804474,-0.964537501335144,0.0,154531,154558,2469929,154551,0,154558,STANDBY
-0.03999999910593033,-0.18000000715255737,9.819999694824219,0.0,0.0,0.0,1019.723388671875,19.280000686645508,0.4699610769748688,-0.06225130334496498,0,0,0.0,0.0,0.0,0,0,-0.0004882961511611938,-41.36000061035156,0.010040589608252048,-0.964568018913269,0.0,154632,154658,2470025,154656,0,154658,STANDBY
-0.05000000074505806,-0.18000000715255737,9.819999694824219,0.0,0.0,0.0,1019.723388671875,19.280000686645508,0.4699610769748688,-0.03984083607792854,0,0,0.0,0.0,0.0,0,0,-0.0004882961511611938,-41.36000061035156,0.010040589608252048,-0.964415431022644,0.0,154732,154758,2470120,154742,0,154758,STANDBY
-0.03999999910593033,-0.1899999976158142,9.8100004196167,0.0,0.0,0.0,1019.723388671875,19.280000686645508,0.4699610769748688,-0.02549813687801361,0,0,0.0,0.0,0.0,0,0,-0.0004882961511611938,-41.36000061035156,0.010071108117699623,-0.964751124382019,0.0,154832,154858,2470235,154857,0,154858,STANDBY
-0.05000000074505806,-0.18000000715255737,9.819999694824219,0.0,0.0,0.0,1019.723388671875,19.280000686645508,0.4699610769748688,-0.016318809241056442,0,0,0.0,0.0,0.0,0,0,-0.0004882961511611938,-41.36000061035156,0.010132145136594772,-0.965025782585144,0.0,154932,154958,2470330,154952,0,154958,STANDBY
-0.05000000074505806,-0.1899999976158142,9.8100004196167,0.0,0.0,0.0,1019.7249755859375,19.280000686645508,0.4569787383079529,-0.06237339228391647,0,0,0.0,0.0,0.0,0,0,-0.0004882961511611938,-41.36000061035156,0.010162663646042347,-0.964751124382019,0.0,155032,155058,2470426,155048,0,155058,STANDBY
-0.05000000074505806,-0.1899999976158142,9.819999694824219,0.0,0.0,0.0,1019.7249755859375,19.280000686645508,0.4569787383079529,-0.03991897031664848,0,0,0.0,0.0,0.0,0,0,-0.0004882961511611938,-41.36000061035156,0.010193182155489922,-0.964323878288269,0.0,155132,155158,2470521,155144,0,155158,STANDBY
-0.05000000074505806,-0.18000000715255737,9.819999694824219,0.0,0.0,0.0,1019.7249755859375,19.280000686645508,0.4569787383079529,-0.025548143312335014,0,0,0.0,0.0,0.0,0,0,-0.00039674062281847,-41.36000061035156,0.010193182155489922,-0.964445948600769,0.0,155232,155258,2470636,155258,0,155258,STANDBY
-0.03999999910593033,-0.17000000178813934,9.829999923706055,0.0,0.0,0.0,1019.7249755859375,19.280000686645508,0.4569787383079529,-0.01635081134736538,0,0,0.0,0.0,0.0,0,0,-0.0004272591322660446,-41.36000061035156,0.010071108117699623,-0.964049220085144,0.0,155332,155358,2470731,155354,0,155358,STANDBY
-0.05000000074505806,-0.1899999976158142,9.8100004196167,0.0,0.0,0.0,1019.7266235351562,19.280000686645508,0.4413999021053314,-0.060316797345876694,0,0,0.0,0.0,0.0,0,0,-0.0003662221133708954,-41.36000061035156,0.010101626627147198,-0.9638050198554993,0.0,155432,155458,2470827,155449,0,155458,STANDBY
-0.05000000074505806,-0.1899999976158142,9.8100004196167,0.0,0.0,0.0,1019.7266235351562,19.280000686645508,0.4413999021053314,-0.03860275074839592,0,0,0.0,0.0,0.0,0,0,-0.00027466658502817154,-41.36000061035156,0.010162663646042347,-0.964140772819519,0.0,155532,155558,2470923,155545,0,155558,STANDBY
-0.03999999910593033,-0.1899999976158142,9.8100004196167,0.0,0.0,0.0,1019.7266235351562,19.280000686645508,0.4413999021053314,-0.024705760180950165,0,0,0.0,0.0,0.0,0,0,-0.00039674062281847,-41.36000061035156,0.010193182155489922,-0.964323878288269,0.0,155632,155658,2471018,155657,0,155658,STANDBY
-0.05000000074505806,-0.18000000715255737,9.819999694824219,0.0,0.0,0.0,1019.723388671875,19.280000686645508,0.4699610769748688,0.085969939827919,0,0,0.0,0.0,0.0,0,0,-0.0003662221133708954,-41.36000061035156,0.010193182155489922,-0.964293360710144,0.0,155732,155758,2471133,155755,0,155758,STANDBY
-0.05000000074505806,-0.17000000178813934,9.819999694824219,0.0,0.0,0.0,1019.7217407226562,19.280000686645508,0.48294344544410706,0.10695023834705353,0,0,0.0,0.0,0.0,0,0,-0.00033570360392332077,-41.36000061035156,0.010101626627147198,-0.964720606803894,0.0,155832,155858,2471228,155850,0,155858,STANDBY
-0.03999999910593033,-0.18000000715255737,9.819999694824219,0.0,0.0,0.0,1019.7217407226562,19.280000686645508,0.48294344544410706,0.06844815611839294,0,0,0.0,0.0,0.0,0,0,-0.00039674062281847,-41.36000061035156,0.010162663646042347,-0.965117335319519,0.0,155932,155958,2471324,155947,0,155958,STANDBY
-0.05000000074505806,-0.1899999976158142,9.8100004196167,0.0,0.0,0.0,1019.7217407226562,19.280000686645508,0.48294344544410706,0.04380682110786438,0,0,0.0,0.0,0.0,0,0,-0.0005188146606087685,-41.36000061035156,0.010193182155489922,-0.965544581413269,0.0,156032,156058,2471419,156042,0,156058,STANDBY
-0.05000000074505806,-0.18000000715255737,9.819999694824219,0.0,0.0,0.0,1019.7240600585938,19.280000686645508,0.46217167377471924,-0.055050723254680634,0,0,0.0,0.0,0.0,0,0,-0.0005188146606087685,-41.36000061035156,0.010162663646042347,-0.965636134147644,0.0,156132,156158,2471534,156156,0,156158,STANDBY
-0.03999999910593033,-0.1899999976158142,9.819999694824219,0.0,0.0,0.0,1019.7223510742188,19.280000686645508,0.4777504801750183,0.014619717374444008,0,0,0.0,0.0,0.0,0,0,-0.0005493331700563431,-41.36000061035156,0.010162663646042347,-0.965544581413269,0.0,156232,156258,2471630,156252,0,156258,STANDBY
-0.03999999910593033,-0.17000000178813934,9.819999694824219,0.0,0.0,0.0,1019.7207641601562,19.280000686645508,0.4907328486442566,0.05090019851922989,0,0,0.0,0.0,0.0,0,0,-0.0006103701889514923,-41.36000061035156,0.010101626627147198,-0.965544581413269,0.0,156332,156358,2471726,156348,0,156358,STANDBY
-0.03999999910593033,-0.1899999976158142,9.819999694824219,0.0,0.0,0.0,1019.7190551757812,19.280000686645508,0.5037152171134949,0.07411970943212509,0,0,0.0,0.0,0.0,0,0,-0.0005798516795039177,-41.36000061035156,0.010071108117699623,-0.965147852897644,0.0,156432,156459,2471821,156443,0,156459,STANDBY
-0.05000000074505806,-0.1899999976158142,9.8100004196167,0.0,0.0,0.0,1019.7190551757812,19.280000686645508,0.5037152171134949,0.04743661731481552,0,0,0.0,0.0,0.0,0,0,-0.0005188146606087685,-41.36000061035156,0.010132145136594772,-0.964568018913269,0.0,156532,156559,2471936,156558,0,156559,STANDBY
-0.05000000074505806,-0.1899999976158142,9.819999694824219,0.0,0.0,0.0,1019.7207641601562,19.280000686645508,0.4907328486442566,-0.011184143833816051,0,0,0.0,0.0,0.0,0,0,-0.0005493331700563431,-41.36000061035156,0.010223700664937496,-0.964445948600769,0.0,156632,156659,2472032,156659,0,156659,STANDBY
-0.05000000074505806,-0.1899999976158142,9.819999694824219,0.0,0.0,0.0,1019.7246704101562,19.280000686645508,0.45957520604133606,-0.10686230659484863,0,0,0.0,0.0,0.0,0,0,-0.0005188146606087685,-41.36000061035156,0.010345774702727795,-0.964506983757019,0.0,156732,156759,2472127,156749,0,156759,STANDBY
-0.05000000074505806,-0.1899999976158142,9.8100004196167,0.0,0.0,0.0,1019.7230224609375,19.280000686645508,0.47255754470825195,-0.016462527215480804,0,0,0.0,0.0,0.0,0,0,-0.0004882961511611938,-41.36000061035156,0.01037629321217537,-0.964598536491394,0.0,156832,156859,2472222,156845,0,156859,STANDBY
-0.05000000074505806,-0.18000000715255737,9.8100004196167,0.0,0.0,0.0,1019.7230224609375,19.280000686645508,0.47255754470825195,-0.010536017827689648,0,0,0.0,0.0,0.0,0,0,-0.00039674062281847,-41.36000061035156,0.010345774702727795,-0.964598536491394,0.0,156932,156959,2472317,156940,0,156959,STANDBY
-0.05000000074505806,-0.1899999976158142,9.8100004196167,0.0,0.0,0.0,1019.7254028320312,19.280000686645508,0.4517858028411865,-0.08983001857995987,0,0,0.0,0.0,0.0,0,0,-0.00030518509447574615,-41.36000061035156,0.010284737683832645,-0.964568018913269,0.0,157032,157059,2472432,157054,0,157059,STANDBY
-0.05000000074505806,-0.1899999976158142,9.819999694824219,0.0,0.0,0.0,1019.7237548828125,19.280000686645508,0.4647681415081024,-0.005561858415603638,0,0,0.0,0.0,0.0,0,0,-0.00030518509447574615,-41.36000061035156,0.010437330231070518,-0.965178370475769,0.0,157132,157159,2472528,157151,0,157159,STANDBY
-0.03999999910593033,-0.1899999976158142,9.819999694824219,0.0,0.0,0.0,1019.7237548828125,19.280000686645508,0.4647681415081024,-0.003559589385986328,0,0,0.0,0.0,0.0,0,0,-0.0004882961511611938,-41.36000061035156,0.010437330231070518,-0.965300440788269,0.0,157232,157259,2472624,157246,0,157259,STANDBY
-0.05000000074505806,-0.18000000715255737,9.819999694824219,0.0,0.0,0.0,1019.7237548828125,19.280000686645508,0.4647681415081024,-0.0022781372535973787,0,0,0.0,0.0,0.0,0,0,-0.0004882961511611938,-41.36000061035156,0.01037629321217537,-0.965269923210144,0.0,157332,157359,2472720,157341,0,157359,STANDBY
-0.05000000074505806,-0.18000000715255737,9.829999923706055,0.0,0.0,0.0,1019.72216796875,19.280000686645508,0.4777504801750183,0.04008547589182854,0,0,0.0,0.0,0.0,0,0,-0.00039674062281847,-41.36000061035156,0.01025421917438507,-0.965056300163269,0.0,157432,157459,2472835,157456,0,157459,STANDBY
-0.03999999910593033,-0.1899999976158142,9.819999694824219,0.0,0.0,0.0,1019.7277221679688,19.290000915527344,0.4336104989051819,-0.11282366514205933,0,0,0.0,0.0,0.0,0,0,-0.0004272591322660446,-41.36000061035156,0.010284737683832645,-0.965056300163269,0.0,157533,157559,2472930,157552,0,157559,STANDBY
-0.05000000074505806,-0.18000000715255737,9.8100004196167,0.0,0.0,0.0,1019.7277221679688,19.290000915527344,0.4336104989051819,-0.07220714539289474,0,0,0.0,0.0,0.0,0,0,-0.00045777764171361923,-41.36000061035156,0.010193182155489922,-0.965208888053894,0.0,157633,157659,2473025,157658,0,157659,STANDBY
-0.03999999910593033,-0.18000000715255737,9.819999694824219,0.0,0.0,0.0,1019.7245483398438,19.290000915527344,0.45957520604133606,0.047260381281375885,0,0,0.0,0.0,0.0,0,0,-0.0005188146606087685,-41.36000061035156,0.010132145136594772,-0.965147852897644,0.0,157733,157759,2473121,157744,0,157759,STANDBY
-0.05000000074505806,-0.1899999976158142,9.819999694824219,0.0,0.0,0.0,1019.7245483398438,19.290000915527344,0.45957520604133606,0.030246645212173462,0,0,0.0,0.0,0.0,0,0,-0.0005493331700563431,-41.36000061035156,0.010101626627147198,-0.965147852897644,0.0,157833,157859,2473236,157858,0,157859,STANDBY
-0.03999999910593033,-0.1899999976158142,9.819999694824219,0.0,0.0,0.0,1019.7228393554688,19.290000915527344,0.47255754470825195,0.07128720730543137,0,0,0.0,0.0,0.0,0,0,-0.0004882961511611938,-41.36000061035156,0.010132145136594772,-0.965330958366394,0.0,157933,157959,2473331,157954,0,157959,STANDBY
-0.03999999910593033,-0.1899999976158142,9.8100004196167,0.0,0.0,0.0,1019.7228393554688,19.290000915527344,0.47255754470825195,0.045623812824487686,0,0,0.0,0.0,0.0,0,0,-0.0005493331700563431,-41.36000061035156,0.010101626627147198,-0.965025782585144,0.0,158033,158059,2473427,158049,0,158059,STANDBY
-0.029999999329447746,-0.18000000715255737,9.819999694824219,0.0,0.0,0.0,1019.7228393554688,19.290000915527344,0.47255754470825195,0.02919924072921276,0,0,0.0,0.0,0.0,0,0,-0.0006103701889514923,-41.36000061035156,0.010132145136594772,-0.965269923210144,0.0,158133,158159,2473523,158145,0,158159,STANDBY
-0.05000000074505806,-0.18000000715255737,9.8100004196167,0.0,0.0,0.0,1019.7251586914062,19.290000915527344,0.4543822705745697,-0.054013580083847046,0,0,0.0,0.0,0.0,0,0,-0.0004882961511611938,-41.36000061035156,0.010101626627147198,-0.965025782585144,0.0,158233,158259,2473618,158240,0,158259,STANDBY
-0.03999999910593033,-0.1899999976158142,9.8100004196167,0.0,0.0,0.0,1019.7251586914062,19.290000915527344,0.4543822705745697,-0.03456869348883629,0,0,0.0,0.0,0.0,0,0,-0.0004882961511611938,-41.36000061035156,0.010071108117699623,-0.964812159538269,0.0,158333,158359,2473733,158355,0,158359,STANDBY
-0.05000000074505806,-0.1899999976158142,9.8100004196167,0.0,0.0,0.0,1019.7251586914062,19.290000915527344,0.4543822705745697,-0.02212396450340748,0,0,0.0,0.0,0.0,0,0,-0.0005493331700563431,-41.36000061035156,0.010162663646042347,-0.964659571647644,0.0,158433,158459,2473828,158450,0,158459,STANDBY
-0.05000000074505806,-0.18000000715255737,9.8100004196167,0.0,0.0,0.0,1019.7218627929688,19.290000915527344,0.4803469479084015,0.06892763078212738,0,0,0.0,0.0,0.0,0,0,-0.0004882961511611938,-41.36000061035156,0.010162663646042347,-0.964690089225769,0.0,158533,158559,2473924,158546,0,158559,STANDBY
-0.05000000074505806,-0.20000000298023224,9.8100004196167,0.0,0.0,0.0,1019.7218627929688,19.290000915527344,0.4803469479084015,0.04411368444561958,0,0,0.0,0.0,0.0,0,0,-0.00045777764171361923,-41.36000061035156,0.01025421917438507,-0.964476466178894,0.0,158633,158659,2474019,158658,0,158659,STANDBY
-0.05000000074505806,-0.18000000715255737,9.8100004196167,0.0,0.0,0.0,1019.725830078125,19.290000915527344,0.44918933510780334,-0.07147160172462463,0,0,0.0,0.0,0.0,0,0,-0.00030518509447574615,-41.36000061035156,0.01031525619328022,-0.964812159538269,0.0,158733,158759,2474134,158756,0,158759,STANDBY
-0.05000000074505806,-0.18000000715255737,9.819999694824219,0.0,0.0,0.0,1019.7242431640625,19.290000915527344,0.46217167377471924,-0.004198342561721802,0,0,0.0,0.0,0.0,0,0,-0.0002136295661330223,-41.36000061035156,0.01037629321217537,-0.965269923210144,0.0,158833,158859,2474229,158852,0,158859,STANDBY
-0.05000000074505806,-0.18000000715255737,9.819999694824219,0.0,0.0,0.0,1019.7224731445312,19.290000915527344,0.47515401244163513,0.04822419583797455,0,0,0.0,0.0,0.0,0,0,-0.0002136295661330223,-41.36000061035156,0.010284737683832645,-0.964873194694519,0.0,158934,158959,2474324,158947,0,158959,STANDBY
-0.03999999910593033,-0.18000000715255737,9.819999694824219,0.0,0.0,0.0,1019.720947265625,19.290000915527344,0.4881363809108734,0.08279296010732651,0,0,0.0,0.0,0.0,0,0,-0.00027466658502817154,-41.36000061035156,0.010223700664937496,-0.964506983757019,0.0,159034,159059,2474421,159043,0,159059,STANDBY
-0.03999999910593033,-0.18000000715255737,9.819999694824219,0.0,0.0,0.0,1019.720947265625,19.290000915527344,0.4881363809108734,0.05298749729990959,0,0,0.0,0.0,0.0,0,0,-0.00030518509447574615,-41.36000061035156,0.010101626627147198,-0.964232325553894,0.0,159134,159159,2474535,159157,0,159159,STANDBY
-0.05000000074505806,-0.1899999976158142,9.819999694824219,0.0,0.0,0.0,1019.720947265625,19.290000915527344,0.4881363809108734,0.03391199931502342,0,0,0.0,0.0,0.0,0,0,-0.00033570360392332077,-41.36000061035156,0.010162663646042347,-0.964781641960144,0.0,159234,159259,2474631,159253,0,159259,STANDBY
-0.03999999910593033,-0.1899999976158142,9.829999923706055,0.0,0.0,0.0,1019.720947265625,19.290000915527344,0.4881363809108734,0.021703680977225304,0,0,0.0,0.0,0.0,0,0,-0.0004272591322660446,-41.36000061035156,0.010132145136594772,-0.964903712272644,0.0,159334,159360,2474726,159348,0,159360,STANDBY
-0.05000000074505806,-0.18000000715255737,9.819999694824219,0.0,0.0,0.0,1019.724853515625,19.290000915527344,0.4569787383079529,-0.08581410348415375,0,0,0.0,0.0,0.0,0,0,-0.00045777764171361923,-41.36000061035156,0.010132145136594772,-0.964812159538269,0.0,159434,159460,2474822,159444,0,159460,STANDBY
-0.03999999910593033,-0.17000000178813934,9.819999694824219,0.0,0.0,0.0,1019.7232666015625,19.290000915527344,0.4699610769748688,-0.013377541676163673,0,0,0.0,0.0,0.0,0,0,-0.0005798516795039177,-41.36000061035156,0.010040589608252048,-0.964690089225769,0.0,159534,159560,2474937,159559,0,159560,STANDBY
-0.05000000074505806,-0.1899999976158142,9.8100004196167,0.0,0.0,0.0,1019.7232666015625,19.290000915527344,0.4699610769748688,-0.008561627008020878,0,0,0.0,0.0,0.0,0,0,-0.0004882961511611938,-41.36000061035156,0.010193182155489922,-0.965025782585144,0.0,159634,159661,2475032,159661,0,159661,STANDBY
-0.03999999910593033,-0.18000000715255737,9.819999694824219,0.0,0.0,0.0,1019.7232666015625,19.290000915527344,0.4699610769748688,-0.005479441490024328,0,0,0.0,0.0,0.0,0,0,-0.0004882961511611938,-41.36000061035156,0.010193182155489922,-0.964690089225769,0.0,159734,159761,2475127,159750,0,159761,STANDBY
-0.05000000074505806,-0.18000000715255737,9.819999694824219,0.0,0.0,0.0,1019.7232666015625,19.290000915527344,0.4699610769748688,-0.013892736285924911,0,0,0.0,0.0,0.0,0,0,-0.0003662221133708954,-41.36000061035156,0.010162663646042347,-0.964506983757019,0.0,159834,159861,2475224,159846,0,159861,STANDBY
-0.05000000074505806,-0.1899999976158142,9.8100004196167,0.0,0.0,0.0,1019.724853515625,19.290000915527344,0.4569787383079529,-0.06082070618867874,0,0,0.0,0.0,0.0,0,0,-0.0003662221133708954,-41.36000061035156,0.010162663646042347,-0.964629054069519,0.0,159934,159961,2475319,159941,0,159961,STANDBY
-0.05000000074505806,-0.20000000298023224,9.8100004196167,0.0,0.0,0.0,1019.7265014648438,19.290000915527344,0.4439963698387146,-0.09085472673177719,0,0,0.0,0.0,0.0,0,0,-0.0004272591322660446,-41.36000061035156,0.01031525619328022,-0.964690089225769,0.0,160034,160061,2475433,160056,0,160061,STANDBY
-0.05000000074505806,-0.18000000715255737,9.819999694824219,0.0,0.0,0.0,1019.7288208007812,19.299999237060547,0.42582109570503235,-0.13084812462329865,0,0,0.0,0.0,0.0,0,0,-0.0004272591322660446,-41.36000061035156,0.01025421917438507,-0.964506983757019,0.0,160134,160161,2475529,160151,0,160161,STANDBY
-0.05000000074505806,-0.1899999976158142,9.8100004196167,0.0,0.0,0.0,1019.7255249023438,19.299999237060547,0.4517858028411865,0.02011602371931076,0,0,0.0,0.0,0.0,0,0,-0.0003662221133708954,-41.36000061035156,0.010223700664937496,-0.964171290397644,0.0,160234,160261,2475625,160247,0,160261,STANDBY
-0.05000000074505806,-0.1899999976158142,9.819999694824219,0.0,0.0,0.0,1019.7255249023438,19.299999237060547,0.4517858028411865,0.012874255888164043,0,0,0.0,0.0,0.0,0,0,-0.0003662221133708954,-41.36000061035156,0.01031525619328022,-0.964598536491394,0.0,160334,160361,2475720,160343,0,160361,STANDBY
-0.03999999910593033,-0.18000000715255737,9.819999694824219,0.0,0.0,0.0,1019.7255249023438,19.299999237060547,0.4517858028411865,0.008239524438977242,0,0,0.0,0.0,0.0,0,0,-0.0004272591322660446,-41.36000061035156,0.01031525619328022,-0.964140772819519,0.0,160434,160461,2475835,160457,0,160461,STANDBY
-0.05000000074505806,-0.18000000715255737,9.819999694824219,0.0,0.0,0.0,1019.723876953125,19.299999237060547,0.4647681415081024,0.04681677743792534,0,0,0.0,0.0,0.0,0,0,-0.0004272591322660446,-41.36000061035156,0.010284737683832645,-0.964751124382019,0.0,160534,160561,2475931,160553,0,160561,STANDBY
-0.05000000074505806,-0.1899999976158142,9.819999694824219,0.0,0.0,0.0,1019.7206420898438,19.299999237060547,0.4907328486442566,0.11304980516433716,0,0,0.0,0.0,0.0,0,0,-0.00039674062281847,-41.36000061035156,0.010284737683832645,-0.964781641960144,0.0,160634,160661,2476026,160659,0,160661,STANDBY
-0.05000000074505806,-0.18000000715255737,9.819999694824219,0.0,0.0,0.0,1019.7206420898438,19.299999237060547,0.4907328486442566,0.07235188037157059,0,0,0.0,0.0,0.0,0,0,-0.0003662221133708954,-41.36000061035156,0.010132145136594772,-0.964445948600769,0.0,160734,160761,2476122,160744,0,160761,STANDBY
-0.05000000074505806,-0.18000000715255737,9.8100004196167,0.0,0.0,0.0,1019.7206420898438,19.299999237060547,0.4907328486442566,0.046305205672979355,0,0,0.0,0.0,0.0,0,0,-0.0004272591322660446,-41.36000061035156,0.010132145136594772,-0.964751124382019,0.0,160834,160861,2476236,160859,0,160861,STANDBY
-0.05000000074505806,-0.1899999976158142,9.819999694824219,0.0,0.0,0.0,1019.7206420898438,19.299999237060547,0.4907328486442566,0.02963533066213131,0,0,0.0,0.0,0.0,0,0,-0.00039674062281847,-41.36000061035156,0.010162663646042347,-0.964629054069519,0.0,160934,160961,2476333,160955,0,160961,STANDBY
-0.05000000074505806,-0.1899999976158142,9.819999694824219,0.0,0.0,0.0,1019.7189331054688,19.299999237060547,0.5037152171134949,0.07089608907699585,0,0,0.0,0.0,0.0,0,0,-0.0004272591322660446,-41.36000061035156,0.010223700664937496,-0.965025782585144,0.0,161034,161061,2476428,161050,0,161061,STANDBY
-0.03999999910593033,-0.18000000715255737,9.819999694824219,0.0,0.0,0.0,1019.7189331054688,19.299999237060547,0.5037152171134949,0.045373495668172836,0,0,0.0,0.0,0.0,0,0,-0.0005493331700563431,-41.36000061035156,0.010162663646042347,-0.964812159538269,0.0,161134,161161,2476524,161146,0,161161,STANDBY
-0.05000000074505806,-0.18000000715255737,9.8100004196167,0.0,0.0,0.0,1019.7189331054688,19.299999237060547,0.5037152171134949,0.029039038345217705,0,0,0.0,0.0,0.0,0,0,-0.0006103701889514923,-41.36000061035156,0.010132145136594772,-0.964598536491394,0.0,161234,161261,2476639,161260,0,161261,STANDBY
-0.05000000074505806,-0.20000000298023224,9.8100004196167,0.0,0.0,0.0,1019.7189331054688,19.299999237060547,0.5037152171134949,0.01858498528599739,0,0,0.0,0.0,0.0,0,0,-0.0005493331700563431,-41.36000061035156,0.010193182155489922,-0.964384913444519,0.0,161334,161361,2476734,161356,0,161361,STANDBY
-0.03999999910593033,-0.1899999976158142,9.819999694824219,0.0,0.0,0.0,1019.7189331054688,19.299999237060547,0.5037152171134949,0.011894390918314457,0,0,0.0,0.0,0.0,0,0,-0.0005188146606087685,-41.36000061035156,0.010223700664937496,-0.964262843132019,0.0,161434,161461,2476829,161452,0,161461,STANDBY
-0.03999999910593033,-0.18000000715255737,9.819999694824219,0.0,0.0,0.0,1019.7206420898438,19.299999237060547,0.4907328486442566,-0.03393116965889931,0,0,0.0,0.0,0.0,0,0,-0.0005188146606087685,-41.36000061035156,0.010132145136594772,-0.964232325553894,0.0,161534,161561,2476925,161548,0,161561,STANDBY
-0.03999999910593033,-0.17000000178813934,9.819999694824219,0.0,0.0,0.0,1019.7189331054688,19.299999237060547,0.5037152171134949,0.01982763037085533,0,0,0.0,0.0,0.0,0,0,-0.0004882961511611938,-41.36000061035156,0.010010071098804474,-0.964506983757019,0.0,161634,161661,2477021,161659,0,161661,STANDBY
-0.05000000074505806,-0.1899999976158142,9.819999694824219,0.0,0.0,0.0,1019.7189331054688,19.299999237060547,0.5037152171134949,0.012689684517681599,0,0,0.0,0.0,0.0,0,0,-0.0004882961511611938,-41.36000061035156,0.010101626627147198,-0.964690089225769,0.0,161734,161761,2477135,161758,0,161761,STANDBY
-0.05000000074505806,-0.18000000715255737,9.829999923706055,0.0,0.0,0.0,1019.7206420898438,19.299999237060547,0.4907328486442566,-0.042789850383996964,0,0,0.0,0.0,0.0,0,0,-0.0004272591322660446,-41.36000061035156,0.010132145136594772,-0.964842677116394,0.0,161835,161861,2477231,161853,0,161861,STANDBY
-0.03999999910593033,-0.18000000715255737,9.829999923706055,0.0,0.0,0.0,1019.7206420898438,19.299999237060547,0.4907328486442566,-0.02738550677895546,0,0,0.0,0.0,0.0,0,0,-0.0004882961511611938,-41.36000061035156,0.010040589608252048,-0.964476466178894,0.0,161935,161961,2477327,161948,0,161961,STANDBY
-0.03999999910593033,-0.18000000715255737,9.8100004196167,0.0,0.0,0.0,1019.7206420898438,19.299999237060547,0.4907328486442566,-0.017526725307106972,0,0,0.0,0.0,0.0,0,0,-0.0005188146606087685,-41.36000061035156,0.010010071098804474,-0.964323878288269,0.0,162035,162061,2477422,162044,0,162061,STANDBY
-0.03999999910593033,-0.1899999976158142,9.829999923706055,0.0,0.0,0.0,1019.724609375,19.299999237060547,0.45957520604133606,-0.13584767282009125,0,0,0.0,0.0,0.0,0,0,-0.0005493331700563431,-41.36000061035156,0.0099795525893569,-0.964232325553894,0.0,162135,162161,2477537,162159,0,162161,STANDBY
-0.03999999910593033,-0.18000000715255737,9.800000190734863,0.0,0.0,0.0,1019.724609375,19.299999237060547,0.45957520604133606,-0.08694251626729965,0,0,0.0,0.0,0.0,0,0,-0.0005798516795039177,-41.36000061035156,0.0099795525893569,-0.964384913444519,0.0,162235,162262,2477632,162254,0,162262,STANDBY
-0.03999999910593033,-0.1899999976158142,9.819999694824219,0.0,0.0,0.0,1019.7229614257812,19.299999237060547,0.47255754470825195,-0.0037138573825359344,0,0,0.0,0.0,0.0,0,0,-0.0006103701889514923,-41.36000061035156,0.010010071098804474,-0.964415431022644,0.0,162335,162362,2477728,162351,0,162362,STANDBY
-0.05000000074505806,-0.18000000715255737,9.819999694824219,0.0,0.0,0.0,1019.7229614257812,19.299999237060547,0.47255754470825195,-0.0023768688552081585,0,0,0.0,0.0,0.0,0,0,-0.0005493331700563431,-41.36000061035156,0.010040589608252048,-0.964445948600769,0.0,162435,162462,2477824,162446,0,162462,STANDBY
-0.05000000074505806,-0.1899999976158142,9.829999923706055,0.0,0.0,0.0,1019.7212524414062,19.299999237060547,0.48553991317749023,0.040022384375333786,0,0,0.0,0.0,0.0,0,0,-0.00045777764171361923,-41.36000061035156,0.010162663646042347,-0.964384913444519,0.0,162535,162562,2477938,162561,0,162562,STANDBY
-0.05000000074505806,-0.1899999976158142,9.819999694824219,0.0,0.0,0.0,1019.7212524414062,19.299999237060547,0.48553991317749023,0.02561432681977749,0,0,0.0,0.0,0.0,0,0,-0.0004272591322660446,-41.36000061035156,0.010162663646042347,-0.964384913444519,0.0,162635,162662,2478034,162660,0,162662,STANDBY
-0.03999999910593033,-0.18000000715255737,9.819999694824219,0.0,0.0,0.0,1019.7212524414062,19.299999237060547,0.48553991317749023,0.01639316976070404,0,0,0.0,0.0,0.0,0,0,-0.0004882961511611938,-41.36000061035156,0.010040589608252048,-0.964476466178894,0.0,162735,162762,2478130,162752,0,162762,STANDBY
-0.05000000074505806,-0.18000000715255737,9.819999694824219,0.0,0.0,0.0,1019.7212524414062,19.299999237060547,0.48553991317749023,0.010491629131138325,0,0,0.0,0.0,0.0,0,0,-0.0004272591322660446,-41.36000061035156,0.010071108117699623,-0.964415431022644,0.0,162835,162862,2478225,162847,0,162862,STANDBY
-0.05000000074505806,-0.18000000715255737,9.819999694824219,0.0,0.0,0.0,1019.7229614257812,19.299999237060547,0.47255754470825195,-0.045214831829071045,0,0,0.0,0.0,0.0,0,0,-0.0003662221133708954,-41.36000061035156,0.010040589608252048,-0.964506983757019,0.0,162935,162962,2478321,162944,0,162962,STANDBY
-0.05000000074505806,-0.18000000715255737,9.819999694824219,0.0,0.0,0.0,1019.7229614257812,19.299999237060547,0.47255754470825195,-0.02893749251961708,0,0,0.0,0.0,0.0,0,0,-0.00039674062281847,-41.36000061035156,0.010101626627147198,-0.964873194694519,0.0,163035,163062,2478436,163057,0,163062,STANDBY
-0.03999999910593033,-0.17000000178813934,9.819999694824219,0.0,0.0,0.0,1019.7229614257812,19.299999237060547,0.47255754470825195,-0.018519995734095573,0,0,0.0,0.0,0.0,0,0,-0.0003662221133708954,-41.36000061035156,0.010040589608252048,-0.964781641960144,0.0,163135,163162,2478531,163153,0,163162,STANDBY
-0.03999999910593033,-0.18000000715255737,9.819999694824219,0.0,0.0,0.0,1019.7265625,19.299999237060547,0.4439963698387146,-0.12609750032424927,0,0,0.0,0.0,0.0,0,0,-0.0004882961511611938,-41.36000061035156,0.009949034079909325,-0.964903712272644,0.0,163235,163262,2478627,163250,0,163262,STANDBY
-0.05000000074505806,-0.1899999976158142,9.819999694824219,0.0,0.0,0.0,1019.728271484375,19.299999237060547,0.4284175634384155,-0.14301761984825134,0,0,0.0,0.0,0.0,0,0,-0.0004882961511611938,-41.36000061035156,0.010010071098804474,-0.964873194694519,0.0,163336,163362,2478723,163345,0,163362,STANDBY
-0.05000000074505806,-0.18000000715255737,9.819999694824219,0.0,0.0,0.0,1019.728271484375,19.299999237060547,0.4284175634384155,-0.09153127670288086,0,0,0.0,0.0,0.0,0,0,-0.00039674062281847,-41.36000061035156,0.010040589608252048,-0.964537501335144,0.0,163436,163462,2478837,163460,0,163462,STANDBY
-0.05000000074505806,-0.18000000715255737,9.819999694824219,0.0,0.0,0.0,1019.728271484375,19.299999237060547,0.4284175634384155,-0.05858001857995987,0,0,0.0,0.0,0.0,0,0,-0.00030518509447574615,-41.36000061035156,0.010010071098804474,-0.964323878288269,0.0,163536,163562,2478934,163555,0,163562,STANDBY
-0.05000000074505806,-0.17000000178813934,9.819999694824219,0.0,0.0,0.0,1019.728271484375,19.299999237060547,0.4284175634384155,-0.03749121353030205,0,0,0.0,0.0,0.0,0,0,-0.0002441480755805969,-41.36000061035156,0.00991851557046175,-0.964354395866394,0.0,163636,163662,2479029,163660,0,163662,STANDBY
-0.05000000074505806,-0.1899999976158142,9.819999694824219,0.0,0.0,0.0,1019.728271484375,19.299999237060547,0.4284175634384155,-0.02399437688291073,0,0,0.0,0.0,0.0,0,0,-0.00027466658502817154,-41.36000061035156,0.009949034079909325,-0.964659571647644,0.0,163736,163762,2479125,163746,0,163762,STANDBY
-0.05000000074505806,-0.1899999976158142,9.8100004196167,0.0,0.0,0.0,1019.7229614257812,19.299999237060547,0.47255754470825195,0.1258915513753891,0,0,0.0,0.0,0.0,0,0,-0.00033570360392332077,-41.36000061035156,0.010071108117699623,-0.964537501335144,0.0,163836,163862,2479239,163861,0,163862,STANDBY
-0.05000000074505806,-0.18000000715255737,9.8100004196167,0.0,0.0,0.0,1019.728271484375,19.299999237060547,0.4284175634384155,-0.08560346066951752,0,0,0.0,0.0,0.0,0,0,-0.0003662221133708954,-41.36000061035156,0.010010071098804474,-0.964537501335144,0.0,163936,163962,2479335,163957,0,163962,STANDBY
-0.03999999910593033,-0.18000000715255737,9.819999694824219,0.0,0.0,0.0,1019.728271484375,19.299999237060547,0.4284175634384155,-0.05478621646761894,0,0,0.0,0.0,0.0,0,0,-0.00045777764171361923,-41.36000061035156,0.009949034079909325,-0.964140772819519,0.0,164036,164062,2479430,164052,0,164062,STANDBY
-0.05000000074505806,-0.18000000715255737,9.8100004196167,0.0,0.0,0.0,1019.7265625,19.299999237060547,0.4439963698387146,0.027252044528722763,0,0,0.0,0.0,0.0,0,0,-0.0005493331700563431,-41.36000061035156,0.009887997061014175,-0.964110255241394,0.0,164136,164162,2479526,164148,0,164162,STANDBY
-0.05000000074505806,-0.1899999976158142,9.819999694824219,0.0,0.0,0.0,1019.723388671875,19.299999237060547,0.4699610769748688,0.12130013853311539,0,0,0.0,0.0,0.0,0,0,-0.0005493331700563431,-41.36000061035156,0.00991851557046175,-0.964140772819519,0.0,164236,164262,2479622,164244,0,164262,STANDBY
-0.03999999910593033,-0.18000000715255737,9.819999694824219,0.0,0.0,0.0,1019.723388671875,19.299999237060547,0.4699610769748688,0.07763209193944931,0,0,0.0,0.0,0.0,0,0,-0.0005493331700563431,-41.36000061035156,0.010010071098804474,-0.964079737663269,0.0,164336,164362,2479736,164359,0,164362,STANDBY
-0.05000000074505806,-0.18000000715255737,9.819999694824219,0.0,0.0,0.0,1019.7217407226562,19.299999237060547,0.48294344544410706,0.09122812002897263,0,0,0.0,0.0,0.0,0,0,-0.0005188146606087685,-41.36000061035156,0.010010071098804474,-0.964079737663269,0.0,164436,164462,2479832,164454,0,164462,STANDBY
-0.03999999910593033,-0.18000000715255737,9.819999694824219,0.0,0.0,0.0,1019.7217407226562,19.299999237060547,0.48294344544410706,0.058385998010635376,0,0,0.0,0.0,0.0,0,0,-0.0005188146606087685,-41.36000061035156,0.009949034079909325,-0.964110255241394,0.0,164536,164562,2479928,164549,0,164562,STANDBY
-0.05000000074505806,-0.18000000715255737,9.8100004196167,0.0,0.0,0.0,1019.719970703125,19.299999237060547,0.49592578411102295,0.07891052216291428,0,0,0.0,0.0,0.0,0,0,-0.0004882961511611938,-41.36000061035156,0.010010071098804474,-0.963957667350769,0.0,164636,164662,2480023,164661,0,164662,STANDBY
-0.05000000074505806,-0.1899999976158142,9.819999694824219,0.0,0.0,0.0,1019.7240600585938,19.299999237060547,0.46217167377471924,-0.05751041695475578,0,0,0.0,0.0,0.0,0,0,-0.0004882961511611938,-41.36000061035156,0.010071108117699623,-0.963896632194519,0.0,164736,164762,2480138,164760,0,164762,STANDBY
-0.03999999910593033,-0.1899999976158142,9.829999923706055,0.0,0.0,0.0,1019.7223510742188,19.299999237060547,0.4777504801750183,0.01304551400244236,0,0,0.0,0.0,0.0,0,0,-0.0006103701889514923,-41.36000061035156,0.010101626627147198,-0.964201807975769,0.0,164836,164862,2480233,164855,0,164862,STANDBY
-0.03999999910593033,-0.17000000178813934,9.819999694824219,0.0,0.0,0.0,1019.7223510742188,19.299999237060547,0.4777504801750183,0.008349128998816013,0,0,0.0,0.0,0.0,0,0,-0.0006714072078466415,-41.36000061035156,0.010040589608252048,-0.964812159538269,0.0,164936,164962,2480329,164951,0,164962,STANDBY
-0.03999999910593033,-0.17000000178813934,9.819999694824219,0.0,0.0,0.0,1019.7223510742188,19.299999237060547,0.4777504801750183,0.0053434427827596664,0,0,0.0,0.0,0.0,0,0,-0.0006408886983990669,-41.36000061035156,0.009949034079909325,-0.964964747428894,0.0,165036,165062,2480424,165047,0,165062,STANDBY
-0.05000000074505806,-0.17000000178813934,9.829999923706055,0.0,0.0,0.0,1019.7207641601562,19.299999237060547,0.4907328486442566,0.05534927546977997,0,0,0.0,0.0,0.0,0,0,-0.0005188146606087685,-41.36000061035156,0.009949034079909325,-0.964934229850769,0.0,165136,165163,2480539,165161,0,165163,STANDBY
-0.05000000074505806,-0.18000000715255737,9.8100004196167,0.0,0.0,0.0,1019.7207641601562,19.299999237060547,0.4907328486442566,0.03542353957891464,0,0,0.0,0.0,0.0,0,0,-0.00039674062281847,-41.36000061035156,0.010010071098804474,-0.965422511100769,0.0,165236,165263,2480635,165257,0,165263,STANDBY
-0.05000000074505806,-0.1899999976158142,9.819999694824219,0.0,0.0,0.0,1019.7207641601562,19.299999237060547,0.4907328486442566,0.022671066224575043,0,0,0.0,0.0,0.0,0,0,-0.0003662221133708954,-41.36000061035156,0.010040589608252048,-0.965025782585144,0.0,165336,165363,2480731,165353,0,165363,STANDBY
-0.03999999910593033,-0.17000000178813934,9.819999694824219,0.0,0.0,0.0,1019.7174072265625,19.299999237060547,0.5166975259780884,0.11836819350719452,0,0,0.0,0.0,0.0,0,0,-0.00033570360392332077,-41.36000061035156,0.0099795525893569,-0.964476466178894,0.0,165436,165463,2480827,165448,0,165463,STANDBY
-0.03999999910593033,-0.1899999976158142,9.8100004196167,0.0,0.0,0.0,1019.7157592773438,19.299999237060547,0.5296798944473267,0.11729922145605087,0,0,0.0,0.0,0.0,0,0,-0.00045777764171361923,-41.36000061035156,0.010010071098804474,-0.964598536491394,0.0,165536,165563,2480922,165544,0,165563,STANDBY
-0.05000000074505806,-0.18000000715255737,9.829999923706055,0.0,0.0,0.0,1019.7181396484375,19.309999465942383,0.511504590511322,0.016910528764128685,0,0,0.0,0.0,0.0,0,0,-0.00039674062281847,-41.36000061035156,0.010071108117699623,-0.964690089225769,0.0,165636,165663,2481037,165660,0,165663,STANDBY
-0.05000000074505806,-0.18000000715255737,9.819999694824219,0.0,0.0,0.0,1019.7164916992188,19.309999465942383,0.5244869589805603,0.05236631631851196,0,0,0.0,0.0,0.0,0,0,-0.00033570360392332077,-41.36000061035156,0.010010071098804474,-0.964629054069519,0.0,165736,165763,2481133,165754,0,165763,STANDBY
-0.03999999910593033,-0.18000000715255737,9.819999694824219,0.0,0.0,0.0,1019.71484375,19.309999465942383,0.5374693274497986,0.07505802065134048,0,0,0.0,0.0,0.0,0,0,-0.0003662221133708954,-41.36000061035156,0.0099795525893569,-0.964323878288269,0.0,165836,165863,2481228,165851,0,165863,STANDBY
-0.03999999910593033,-0.17000000178813934,9.819999694824219,0.0,0.0,0.0,1019.7131958007812,19.309999465942383,0.5504516363143921,0.0999663695693016,0,0,0.0,0.0,0.0,0,0,-0.00045777764171361923,-41.36000061035156,0.0099795525893569,-0.964629054069519,0.0,165936,165963,2481324,165946,0,165963,STANDBY
-0.05000000074505806,-0.18000000715255737,9.819999694824219,0.0,0.0,0.0,1019.7115478515625,19.309999465942383,0.5660305023193359,0.12629394233226776,0,0,0.0,0.0,0.0,0,0,-0.00039674062281847,-41.36000061035156,0.009949034079909325,-0.964293360710144,0.0,166036,166063,2481438,166061,0,166063,STANDBY
-0.05000000074505806,-0.18000000715255737,9.819999694824219,0.0,0.0,0.0,1019.7098388671875,19.309999465942383,0.5790128111839294,0.13275736570358276,0,0,0.0,0.0,0.0,0,0,-0.0004272591322660446,-41.36000061035156,0.0099795525893569,-0.964354395866394,0.0,166136,166163,2481534,166157,0,166163,STANDBY
-0.03999999910593033,-0.18000000715255737,9.819999694824219,0.0,0.0,0.0,1019.708251953125,19.309999465942383,0.5919951796531677,0.13689419627189636,0,0,0.0,0.0,0.0,0,0,-0.0004272591322660446,-41.36000061035156,0.0099795525893569,-0.964476466178894,0.0,166237,166263,2481630,166252,0,166263,STANDBY
-0.05000000074505806,-0.18000000715255737,9.819999694824219,0.0,0.0,0.0,1019.708251953125,19.309999465942383,0.5919951796531677,0.08761229366064072,0,0,0.0,0.0,0.0,0,0,-0.0004272591322660446,-41.36000061035156,0.009949034079909325,-0.964110255241394,0.0,166337,166363,2481726,166348,0,166363,STANDBY
-0.05000000074505806,-0.18000000715255737,9.819999694824219,0.0,0.0,0.0,1019.708251953125,19.309999465942383,0.5919951796531677,0.056071873754262924,0,0,0.0,0.0,0.0,0,0,-0.0004272591322660446,-41.36000061035156,0.010010071098804474,-0.964079737663269,0.0,166437,166463,2481841,166463,0,166463,STANDBY
-0.03999999910593033,-0.17000000178813934,9.829999923706055,0.0,0.0,0.0,1019.7098388671875,19.309999465942383,0.5790128111839294,-0.005657580681145191,0,0,0.0,0.0,0.0,0,0,-0.0004272591322660446,-41.36000061035156,0.0099795525893569,-0.9638050198554993,0.0,166537,166563,2481936,166558,0,166563,STANDBY
-0.05000000074505806,-0.18000000715255737,9.819999694824219,0.0,0.0,0.0,1019.7098388671875,19.309999465942383,0.5790128111839294,-0.0036208517849445343,0,0,0.0,0.0,0.0,0,0,-0.00045777764171361923,-41.36000061035156,0.009949034079909325,-0.9637134671211243,0.0,166637,166665,2482032,166665,0,166665,STANDBY
-0.03999999910593033,-0.18000000715255737,9.819999694824219,0.0,0.0,0.0,1019.708251953125,19.309999465942383,0.5919951796531677,0.039226233959198,0,0,0.0,0.0,0.0,0,0,-0.00045777764171361923,-41.36000061035156,0.0099795525893569,-0.9637745022773743,0.0,166737,166765,2482127,166750,0,166765,STANDBY
-0.03999999910593033,-0.18000000715255737,9.829999923706055,0.0,0.0,0.0,1019.7115478515625,19.309999465942383,0.5660305023193359,-0.057982176542282104,0,0,0.0,0.0,0.0,0,0,-0.0005798516795039177,-41.36000061035156,0.010040589608252048,-0.964354395866394,0.0,166837,166865,2482242,166864,0,166865,STANDBY
-0.03999999910593033,-0.17000000178813934,9.829999923706055,0.0,0.0,0.0,1019.7115478515625,19.309999465942383,0.5660305023193359,-0.03710859641432762,0,0,0.0,0.0,0.0,0,0,-0.0005493331700563431,-41.36000061035156,0.010010071098804474,-0.964690089225769,0.0,166937,166965,2482337,166960,0,166965,STANDBY
-0.03999999910593033,-0.18000000715255737,9.819999694824219,0.0,0.0,0.0,1019.7098388671875,19.309999465942383,0.5790128111839294,0.028179733082652092,0,0,0.0,0.0,0.0,0,0,-0.0005493331700563431,-41.36000061035156,0.009887997061014175,-0.964812159538269,0.0,167037,167065,2482434,167056,0,167065,STANDBY
-0.029999999329447746,-0.18000000715255737,9.819999694824219,0.0,0.0,0.0,1019.7059326171875,19.299999237060547,0.6101704835891724,0.14266571402549744,0,0,0.0,0.0,0.0,0,0,-0.0006103701889514923,-41.36000061035156,0.009887997061014175,-0.964506983757019,0.0,167137,167165,2482529,167151,0,167165,STANDBY
-0.05000000074505806,-0.18000000715255737,9.819999694824219,0.0,0.0,0.0,1019.70751953125,19.299999237060547,0.5971881151199341,0.03937658667564392,0,0,0.0,0.0,0.0,0,0,-0.0005493331700563431,-41.36000061035156,0.009826960042119026,-0.964354395866394,0.0,167237,167265,2482625,167247,0,167265,STANDBY
-0.03999999910593033,-0.18000000715255737,9.819999694824219,0.0,0.0,0.0,1019.7059326171875,19.299999237060547,0.6101704835891724,0.07713048905134201,0,0,0.0,0.0,0.0,0,0,-0.0005493331700563431,-41.36000061035156,0.009826960042119026,-0.964171290397644,0.0,167337,167365,2482740,167362,0,167365,STANDBY
-0.03999999910593033,-0.18000000715255737,9.8100004196167,0.0,0.0,0.0,1019.7059326171875,19.299999237060547,0.6101704835891724,0.04936351627111435,0,0,0.0,0.0,0.0,0,0,-0.0006103701889514923,-41.36000061035156,0.009765923023223877,-0.963927149772644,0.0,167437,167465,2482835,167457,0,167465,STANDBY
-0.03999999910593033,-0.18000000715255737,9.819999694824219,0.0,0.0,0.0,1019.70751953125,19.299999237060547,0.5971881151199341,-0.009950927458703518,0,0,0.0,0.0,0.0,0,0,-0.0005798516795039177,-41.36000061035156,0.009704886004328728,-0.963988184928894,0.0,167537,167565,2482930,167553,0,167565,STANDBY
-0.05000000074505806,-0.17000000178813934,9.819999694824219,0.0,0.0,0.0,1019.709228515625,19.299999237060547,0.5842057466506958,-0.047912176698446274,0,0,0.0,0.0,0.0,0,0,-0.0005493331700563431,-41.36000061035156,0.009765923023223877,-0.964506983757019,0.0,167638,167665,2483026,167662,0,167665,STANDBY
-0.05000000074505806,-0.18000000715255737,9.819999694824219,0.0,0.0,0.0,1019.7052612304688,19.299999237060547,0.6153634190559387,0.06904076039791107,0,0,0.0,0.0,0.0,0,0,-0.0005798516795039177,-41.36000061035156,0.009796441532671452,-0.964018702507019,0.0,167738,167766,2483141,167763,0,167766,STANDBY
-0.05000000074505806,-0.18000000715255737,9.819999694824219,0.0,0.0,0.0,1019.7052612304688,19.299999237060547,0.6153634190559387,0.04418608918786049,0,0,0.0,0.0,0.0,0,0,-0.00045777764171361923,-41.36000061035156,0.0098574785515666,-0.964018702507019,0.0,167838,167866,2483236,167859,0,167866,STANDBY
-0.05000000074505806,-0.18000000715255737,9.8100004196167,0.0,0.0,0.0,1019.7052612304688,19.299999237060547,0.6153634190559387,0.028279099613428116,0,0,0.0,0.0,0.0,0,0,-0.00033570360392332077,-41.36000061035156,0.0098574785515666,-0.964110255241394,0.0,167938,167966,2483333,167955,0,167966,STANDBY
-0.05000000074505806,-0.18000000715255737,9.819999694824219,0.0,0.0,0.0,1019.7052612304688,19.299999237060547,0.6153634190559387,0.018098624423146248,0,0,0.0,0.0,0.0,0,0,-0.00033570360392332077,-41.36000061035156,0.009826960042119026,-0.9637745022773743,0.0,168038,168066,2483428,168050,0,168066,STANDBY
-0.03999999910593033,-0.17000000178813934,9.819999694824219,0.0,0.0,0.0,1019.7068481445312,19.299999237060547,0.6023810505867004,-0.040346354246139526,0,0,0.0,0.0,0.0,0,0,-0.00039674062281847,-41.36000061035156,0.0098574785515666,-0.964201807975769,0.0,168138,168166,2483543,168165,0,168166,STANDBY
-0.05000000074505806,-0.18000000715255737,9.829999923706055,0.0,0.0,0.0,1019.7068481445312,19.299999237060547,0.6023810505867004,-0.025821669027209282,0,0,0.0,0.0,0.0,0,0,-0.0005188146606087685,-41.36000061035156,0.009796441532671452,-0.964110255241394,0.0,168238,168266,2483639,168261,0,168266,STANDBY
-0.05000000074505806,-0.17000000178813934,9.819999694824219,0.0,0.0,0.0,1019.70849609375,19.299999237060547,0.5893986821174622,-0.06845534592866898,0,0,0.0,0.0,0.0,0,0,-0.00045777764171361923,-41.36000061035156,0.009765923023223877,-0.964110255241394,0.0,168338,168366,2483734,168356,0,168366,STANDBY
-0.03999999910593033,-0.18000000715255737,9.8100004196167,0.0,0.0,0.0,1019.704833984375,19.299999237060547,0.6205563545227051,0.0808192640542984,0,0,0.0,0.0,0.0,0,0,-0.00045777764171361923,-41.36000061035156,0.009887997061014175,-0.964629054069519,0.0,168438,168466,2483830,168453,0,168466,STANDBY
-0.03999999910593033,-0.1899999976158142,9.819999694824219,0.0,0.0,0.0,1019.704833984375,19.299999237060547,0.6205563545227051,0.05172433331608772,0,0,0.0,0.0,0.0,0,0,-0.0005188146606087685,-41.36000061035156,0.0099795525893569,-0.964445948600769,0.0,168538,168566,2483926,168548,0,168566,STANDBY
-0.05000000074505806,-0.18000000715255737,9.819999694824219,0.0,0.0,0.0,1019.7101440429688,19.299999237060547,0.5764163732528687,-0.1081443652510643,0,0,0.0,0.0,0.0,0,0,-0.0004882961511611938,-41.36000061035156,0.0099795525893569,-0.964537501335144,0.0,168638,168666,2484022,168663,0,168666,STANDBY
-0.05000000074505806,-0.1899999976158142,9.8100004196167,0.0,0.0,0.0,1019.7081298828125,19.299999237060547,0.5919951796531677,-0.019360214471817017,0,0,0.0,0.0,0.0,0,0,-0.0004272591322660446,-41.36000061035156,0.010010071098804474,-0.964140772819519,0.0,168738,168766,2484136,168758,0,168766,STANDBY
-0.03999999910593033,-0.18000000715255737,9.819999694824219,0.0,0.0,0.0,1019.7081298828125,19.299999237060547,0.5919951796531677,-0.01239053811877966,0,0,0.0,0.0,0.0,0,0,-0.0005798516795039177,-41.36000061035156,0.010101626627147198,-0.964293360710144,0.0,168838,168866,2484232,168854,0,168866,STANDBY
-0.03999999910593033,-0.18000000715255737,9.8100004196167,0.0,0.0,0.0,1019.7098388671875,19.299999237060547,0.5790128111839294,-0.04947352409362793,0,0,0.0,0.0,0.0,0,0,-0.0005493331700563431,-41.36000061035156,0.010010071098804474,-0.964018702507019,0.0,168938,168966,2484327,168949,0,168966,STANDBY
-0.029999999329447746,-0.18000000715255737,9.819999694824219,0.0,0.0,0.0,1019.71142578125,19.299999237060547,0.5660305023193359,-0.07320644706487656,0,0,0.0,0.0,0.0,0,0,-0.0006714072078466415,-41.36000061035156,0.00991851557046175,-0.964110255241394,0.0,169038,169066,2484442,169064,0,169066,STANDBY
-0.05000000074505806,-0.18000000715255737,9.819999694824219,0.0,0.0,0.0,1019.71142578125,19.299999237060547,0.5660305023193359,-0.046852126717567444,0,0,0.0,0.0,0.0,0,0,-0.0006408886983990669,-41.36000061035156,0.009826960042119026,-0.963957667350769,0.0,169138,169166,2484538,169160,0,169166,STANDBY
-0.03999999910593033,-0.1899999976158142,9.819999694824219,0.0,0.0,0.0,1019.713134765625,19.299999237060547,0.5530481338500977,-0.08191483467817307,0,0,0.0,0.0,0.0,0,0,-0.0006408886983990669,-41.36000061035156,0.0098574785515666,-0.9636219143867493,0.0,169238,169266,2484633,169255,0,169266,STANDBY
-0.03999999910593033,-0.1899999976158142,9.819999694824219,0.0,0.0,0.0,1019.713134765625,19.299999237060547,0.5530481338500977,-0.05242550000548363,0,0,0.0,0.0,0.0,0,0,-0.0006408886983990669,-41.36000061035156,0.0099795525893569,-0.9635608792304993,0.0,169338,169366,2484729,169352,0,169366,STANDBY
-0.05000000074505806,-0.1899999976158142,9.829999923706055,0.0,0.0,0.0,1019.713134765625,19.299999237060547,0.5530481338500977,-0.033552322536706924,0,0,0.0,0.0,0.0,0,0,-0.0005798516795039177,-41.36000061035156,0.010010071098804474,-0.9635303616523743,0.0,169438,169466,2484825,169447,0,169466,STANDBY
-0.03999999910593033,-0.1899999976158142,9.819999694824219,0.0,0.0,0.0,1019.713134765625,19.299999237060547,0.5530481338500977,-0.021473487839102745,0,0,0.0,0.0,0.0,0,0,-0.0005798516795039177,-41.36000061035156,0.010132145136594772,-0.964110255241394,0.0,169538,169566,2484939,169562,0,169566,STANDBY
-0.03999999910593033,-0.18000000715255737,9.8100004196167,0.0,0.0,0.0,1019.713134765625,19.299999237060547,0.5530481338500977,-0.013743032701313496,0,0,0.0,0.0,0.0,0,0,-0.0005798516795039177,-41.36000061035156,0.010010071098804474,-0.9636524319648743,0.0,169638,169666,2485036,169665,0,169666,STANDBY
-0.05000000074505806,-0.18000000715255737,9.819999694824219,0.0,0.0,0.0,1019.71142578125,19.299999237060547,0.5660305023193359,0.032748039811849594,0,0,0.0,0.0,0.0,0,0,-0.0006408886983990669,-41.36000061035156,0.010010071098804474,-0.9635303616523743,0.0,169738,169766,2485131,169753,0,169766,STANDBY
-0.05000000074505806,-0.17000000178813934,9.819999694824219,0.0,0.0,0.0,1019.7098388671875,19.299999237060547,0.5790128111839294,0.06250213831663132,0,0,0.0,0.0,0.0,0,0,-0.0005188146606087685,-41.36000061035156,0.0098574785515666,-0.9627369046211243,0.0,169838,169866,2485226,169848,0,169866,STANDBY
-0.05000000074505806,-0.1899999976158142,9.819999694824219,0.0,0.0,0.0,1019.7081298828125,19.299999237060547,0.5919951796531677,0.08154495060443878,0,0,0.0,0.0,0.0,0,0,-0.0005188146606087685,-41.36000061035156,0.00991851557046175,-0.9632862210273743,0.0,169938,169966,2485341,169963,0,169966,STANDBY
-0.03999999910593033,-0.1899999976158142,9.819999694824219,0.0,0.0,0.0,1019.7064819335938,19.299999237060547,0.604977548122406,0.1041182428598404,0,0,0.0,0.0,0.0,0,0,-0.0005188146606087685,-41.36000061035156,0.00991851557046175,-0.9631031155586243,0.0,170038,170066,2485437,170059,0,170066,STANDBY
-0.05000000074505806,-0.18000000715255737,9.819999694824219,0.0,0.0,0.0,1019.7064819335938,19.299999237060547,0.604977548122406,0.06663567572832108,0,0,0.0,0.0,0.0,0,0,-0.0005493331700563431,-41.36000061035156,0.0099795525893569,-0.9634693264961243,0.0,170138,170166,2485532,170155,0,170166,STANDBY
-0.05000000074505806,-0.1899999976158142,9.819999694824219,0.0,0.0,0.0,1019.7064819335938,19.299999237060547,0.604977548122406,0.04264683648943901,0,0,0.0,0.0,0.0,0,0,-0.0005493331700563431,-41.36000061035156,0.0099795525893569,-0.9632251858711243,0.0,170238,170266,2485628,170251,0,170266,STANDBY
-0.03999999910593033,-0.18000000715255737,9.8100004196167,0.0,0.0,0.0,1019.70849609375,19.299999237060547,0.5893986821174622,-0.03502148389816284,0,0,0.0,0.0,0.0,0,0,-0.0004882961511611938,-41.36000061035156,0.010010071098804474,-0.9634082913398743,0.0,170338,170366,2485743,170365,0,170366,STANDBY
-0.03999999910593033,-0.1899999976158142,9.800000190734863,0.0,0.0,0.0,1019.70849609375,19.299999237060547,0.5893986821174622,-0.022413751110434532,0,0,0.0,0.0,0.0,0,0,-0.0005798516795039177,-41.36000061035156,0.010040589608252048,-0.9637439846992493,0.0,170438,170466,2485838,170461,0,170466,STANDBY
-0.05000000074505806,-0.1899999976158142,9.819999694824219,0.0,0.0,0.0,1019.7068481445312,19.299999237060547,0.6023810505867004,0.03656644746661186,0,0,0.0,0.0,0.0,0,0,-0.0005493331700563431,-41.36000061035156,0.010101626627147198,-0.964232325553894,0.0,170539,170566,2485935,170557,0,170566,STANDBY
-0.05000000074505806,-0.18000000715255737,9.819999694824219,0.0,0.0,0.0,1019.7052612304688,19.299999237060547,0.6153634190559387,0.06494610756635666,0,0,0.0,0.0,0.0,0,0,-0.0005188146606087685,-41.36000061035156,0.010101626627147198,-0.964232325553894,0.0,170639,170667,2486030,170663,0,170667,STANDBY
-0.03999999910593033,-0.18000000715255737,9.8100004196167,0.0,0.0,0.0,1019.7052612304688,19.299999237060547,0.6153634190559387,0.041565511375665665,0,0,0.0,0.0,0.0,0,0,-0.0005188146606087685,-41.36000061035156,0.010071108117699623,-0.964659571647644,0.0,170739,170767,2486125,170747,0,170767,STANDBY
-0.03999999910593033,-0.18000000715255737,9.819999694824219,0.0,0.0,0.0,1019.7068481445312,19.299999237060547,0.6023810505867004,-0.014941650442779064,0,0,0.0,0.0,0.0,0,0,-0.0006103701889514923,-41.36000061035156,0.010162663646042347,-0.964659571647644,0.0,170839,170867,2486241,170863,0,170867,STANDBY
-0.05000000074505806,-0.18000000715255737,9.8100004196167,0.0,0.0,0.0,1019.7068481445312,19.299999237060547,0.6023810505867004,-0.009562656283378601,0,0,0.0,0.0,0.0,0,0,-0.0006408886983990669,-41.36000061035156,0.010101626627147198,-0.964690089225769,0.0,170939,170967,2486336,170958,0,170967,STANDBY
-0.05000000074505806,-0.1899999976158142,9.8100004196167,0.0,0.0,0.0,1019.7101440429688,19.299999237060547,0.5764163732528687,-0.0995929166674614,0,0,0.0,0.0,0.0,0,0,-0.0006103701889514923,-41.36000061035156,0.010162663646042347,-0.964568018913269,0.0,171039,171067,2486432,171055,0,171067,STANDBY
-0.03999999910593033,-0.17000000178813934,9.819999694824219,0.0,0.0,0.0,1019.7118530273438,19.299999237060547,0.5634340047836304,-0.11566894501447678,0,0,0.0,0.0,0.0,0,0,-0.0006103701889514923,-41.36000061035156,0.010132145136594772,-0.964659571647644,0.0,171139,171167,2486528,171150,0,171167,STANDBY
-0.03999999910593033,-0.18000000715255737,9.829999923706055,0.0,0.0,0.0,1019.7101440429688,19.299999237060547,0.5764163732528687,-0.02209865301847458,0,0,0.0,0.0,0.0,0,0,-0.0007019257172942162,-41.36000061035156,0.010162663646042347,-0.965239405632019,0.0,171239,171267,2486642,171265,0,171267,STANDBY
-0.03999999910593033,-0.20000000298023224,9.819999694824219,0.0,0.0,0.0,1019.70849609375,19.299999237060547,0.5893986821174622,0.0377860963344574,0,0,0.0,0.0,0.0,0,0,-0.0006714072078466415,-41.36000061035156,0.010193182155489922,-0.965025782585144,0.0,171339,171367,2486737,171360,0,171367,STANDBY
-0.05000000074505806,-0.1899999976158142,9.8100004196167,0.0,0.0,0.0,1019.70849609375,19.299999237060547,0.5893986821174622,0.024183101952075958,0,0,0.0,0.0,0.0,0,0,-0.0006714072078466415,-41.36000061035156,0.010162663646042347,-0.964720606803894,0.0,171439,171467,2486834,171456,0,171467,STANDBY
-0.03999999910593033,-0.18000000715255737,9.819999694824219,0.0,0.0,0.0,1019.70849609375,19.299999237060547,0.5893986821174622,0.015477185137569904,0,0,0.0,0.0,0.0,0,0,-0.0006408886983990669,-41.36000061035156,0.010101626627147198,-0.964323878288269,0.0,171539,171567,2486929,171551,0,171567,STANDBY
-0.05000000074505806,-0.18000000715255737,9.819999694824219,0.0,0.0,0.0,1019.70849609375,19.299999237060547,0.5893986821174622,0.009905398823320866,0,0,0.0,0.0,0.0,0,0,-0.0005493331700563431,-41.36000061035156,0.010040589608252048,-0.964049220085144,0.0,171639,171667,2487044,171666,0,171667,STANDBY
-0.05000000074505806,-0.18000000715255737,9.819999694824219,0.0,0.0,0.0,1019.70849609375,19.299999237060547,0.5893986821174622,0.006339455489069223,0,0,0.0,0.0,0.0,0,0,-0.0004882961511611938,-41.36000061035156,0.010040589608252048,-0.964079737663269,0.0,171739,171767,2487140,171762,0,171767,STANDBY
-0.05000000074505806,-0.18000000715255737,9.819999694824219,0.0,0.0,0.0,1019.70849609375,19.299999237060547,0.5893986821174622,0.00405725184828043,0,0,0.0,0.0,0.0,0,0,-0.00045777764171361923,-41.36000061035156,0.009949034079909325,-0.9637439846992493,0.0,171839,171867,2487235,171857,0,171867,STANDBY
-0.029999999329447746,-0.18000000715255737,9.829999923706055,0.0,0.0,0.0,1019.70849609375,19.299999237060547,0.5893986821174622,0.002596641192212701,0,0,0.0,0.0,0.0,0,0,-0.0005188146606087685,-41.36000061035156,0.00991851557046175,-0.9632557034492493,0.0,171939,171967,2487331,171954,0,171967,STANDBY
-0.03999999910593033,-0.18000000715255737,9.819999694824219,0.0,0.0,0.0,1019.7068481445312,19.299999237060547,0.6023810505867004,0.053591325879096985,0,0,0.0,0.0,0.0,0,0,-0.0005188146606087685,-41.36000061035156,0.009949034079909325,-0.9633777737617493,0.0,172040,172067,2487427,172049,0,172067,STANDBY
-0.05000000074505806,-0.18000000715255737,9.829999923706055,0.0,0.0,0.0,1019.7052612304688,19.299999237060547,0.6153634190559387,0.08622792363166809,0,0,0.0,0.0,0.0,0,0,-0.00045777764171361923,-41.36000061035156,0.010010071098804474,-0.9637134671211243,0.0,172140,172167,2487541,172164,0,172167,STANDBY
-0.05000000074505806,-0.1899999976158142,9.8100004196167,0.0,0.0,0.0,1019.7068481445312,19.299999237060547,0.6023810505867004,0.0032563991844654083,0,0,0.0,0.0,0.0,0,0,-0.00045777764171361923,-41.36000061035156,0.010071108117699623,-0.964049220085144,0.0,172240,172267,2487638,172260,0,172267,STANDBY
-0.03999999910593033,-0.18000000715255737,9.819999694824219,0.0,0.0,0.0,1019.7052612304688,19.299999237060547,0.6153634190559387,0.05401356890797615,0,0,0.0,0.0,0.0,0,0,-0.00045777764171361923,-41.36000061035156,0.010010071098804474,-0.9638050198554993,0.0,172340,172367,2487733,172355,0,172367,STANDBY
-0.05000000074505806,-0.18000000715255737,9.819999694824219,0.0,0.0,0.0,1019.7052612304688,19.299999237060547,0.6153634190559387,0.03456868603825569,0,0,0.0,0.0,0.0,0,0,-0.0005188146606087685,-41.36000061035156,0.010101626627147198,-0.964262843132019,0.0,172440,172467,2487828,172450,0,172467,STANDBY
-0.03999999910593033,-0.18000000715255737,9.829999923706055,0.0,0.0,0.0,1019.70361328125,19.299999237060547,0.6283457279205322,0.07405319809913635,0,0,0.0,0.0,0.0,0,0,-0.0004882961511611938,-41.36000061035156,0.010040589608252048,-0.963988184928894,0.0,172540,172567,2487944,172565,0,172567,STANDBY
-0.05000000074505806,-0.18000000715255737,9.819999694824219,0.0,0.0,0.0,1019.70361328125,19.299999237060547,0.6283457279205322,0.047394048422575,0,0,0.0,0.0,0.0,0,0,-0.0005493331700563431,-41.36000061035156,0.010040589608252048,-0.964598536491394,0.0,172640,172667,2488039,172665,0,172667,STANDBY
-0.05000000074505806,-0.18000000715255737,9.819999694824219,0.0,0.0,0.0,1019.7019653320312,19.299999237060547,0.6439245939254761,0.08018457144498825,0,0,0.0,0.0,0.0,0,0,-0.0004882961511611938,-41.36000061035156,0.010010071098804474,-0.964598536491394,0.0,172740,172767,2488134,172756,0,172767,STANDBY
-0.03999999910593033,-0.1899999976158142,9.819999694824219,0.0,0.0,0.0,1019.7019653320312,19.299999237060547,0.6439245939254761,0.051318127661943436,0,0,0.0,0.0,0.0,0,0,-0.0004882961511611938,-41.36000061035156,0.010101626627147198,-0.964903712272644,0.0,172840,172867,2488230,172853,0,172867,STANDBY
-0.05000000074505806,-0.1899999976158142,9.819999694824219,0.0,0.0,0.0,1019.7019653320312,19.299999237060547,0.6439245939254761,0.03284360095858574,0,0,0.0,0.0,0.0,0,0,-0.0004882961511611938,-41.36000061035156,0.010162663646042347,-0.964445948600769,0.0,172940,172967,2488326,172948,0,172967,STANDBY
-0.05000000074505806,-0.17000000178813934,9.819999694824219,0.0,0.0,0.0,1019.7003173828125,19.299999237060547,0.6569069027900696,0.06256329268217087,0,0,0.0,0.0,0.0,0,0,-0.00039674062281847,-41.36000061035156,0.010010071098804474,-0.9635608792304993,0.0,173040,173067,2488440,173063,0,173067,STANDBY
-0.05000000074505806,-0.1899999976158142,9.829999923706055,0.0,0.0,0.0,1019.6986083984375,19.299999237060547,0.6698892712593079,0.09196998178958893,0,0,0.0,0.0,0.0,0,0,-0.00039674062281847,-41.36000061035156,0.010071108117699623,-0.9636829495429993,0.0,173140,173167,2488537,173159,0,173167,STANDBY
-0.03999999910593033,-0.18000000715255737,9.829999923706055,0.0,0.0,0.0,1019.6986083984375,19.299999237060547,0.6698892712593079,0.058860789984464645,0,0,0.0,0.0,0.0,0,0,-0.0005188146606087685,-41.36000061035156,0.010071108117699623,-0.9638355374336243,0.0,173240,173267,2488632,173254,0,173267,STANDBY
-0.03999999910593033,-0.18000000715255737,9.819999694824219,0.0,0.0,0.0,1019.6986083984375,19.299999237060547,0.6698892712593079,0.03767090663313866,0,0,0.0,0.0,0.0,0,0,-0.0005493331700563431,-41.36000061035156,0.0099795525893569,-0.963896632194519,0.0,173340,173367,2488727,173349,0,173367,STANDBY
-0.03999999910593033,-0.17000000178813934,9.8100004196167,0.0,0.0,0.0,1019.6986083984375,19.299999237060547,0.6698892712593079,0.024109380319714546,0,0,0.0,0.0,0.0,0,0,-0.0006408886983990669,-41.36000061035156,0.009826960042119026,-0.9636524319648743,0.0,173440,173467,2488842,173464,0,173467,STANDBY
-0.05000000074505806,-0.18000000715255737,9.829999923706055,0.0,0.0,0.0,1019.7003173828125,19.299999237060547,0.6569069027900696,-0.036499470472335815,0,0,0.0,0.0,0.0,0,0,-0.0006408886983990669,-41.36000061035156,0.009949034079909325,-0.964262843132019,0.0,173540,173568,2488938,173560,0,173568,STANDBY
-0.03999999910593033,-0.18000000715255737,9.819999694824219,0.0,0.0,0.0,1019.7019653320312,19.299999237060547,0.6439245939254761,-0.06490305066108704,0,0,0.0,0.0,0.0,0,0,-0.0006714072078466415,-41.36000061035156,0.009887997061014175,-0.964506983757019,0.0,173640,173668,2489033,173665,0,173668,STANDBY
-0.03999999910593033,-0.18000000715255737,9.819999694824219,0.0,0.0,0.0,1019.7019653320312,19.299999237060547,0.6439245939254761,-0.04153795167803764,0,0,0.0,0.0,0.0,0,0,-0.0006714072078466415,-41.36000061035156,0.00991851557046175,-0.964537501335144,0.0,173740,173768,2489129,173752,0,173768,STANDBY
-0.03999999910593033,-0.1899999976158142,9.819999694824219,0.0,0.0,0.0,1019.699951171875,19.299999237060547,0.6595034003257751,0.023267893120646477,0,0,0.0,0.0,0.0,0,0,-0.0006714072078466415,-41.36000061035156,0.0098574785515666,-0.964293360710144,0.0,173840,173868,2489244,173867,0,173868,STANDBY
-0.03999999910593033,-0.18000000715255737,9.829999923706055,0.0,0.0,0.0,1019.6983032226562,19.299999237060547,0.6724857687950134,0.056435029953718185,0,0,0.0,0.0,0.0,0,0,-0.0007324442267417908,-41.36000061035156,0.009826960042119026,-0.964201807975769,0.0,173940,173968,2489339,173962,0,173968,STANDBY
-0.029999999329447746,-0.18000000715255737,9.819999694824219,0.0,0.0,0.0,1019.699951171875,19.299999237060547,0.6595034003257751,-0.0054251584224402905,0,0,0.0,0.0,0.0,0,0,-0.0007324442267417908,-41.36000061035156,0.009796441532671452,-0.964201807975769,0.0,174040,174068,2489435,174057,0,174068,STANDBY
-0.03999999910593033,-0.18000000715255737,9.819999694824219,0.0,0.0,0.0,1019.7033081054688,19.299999237060547,0.6309422254562378,-0.10733090341091156,0,0,0.0,0.0,0.0,0,0,-0.0007629627361893654,-41.36000061035156,0.0098574785515666,-0.964445948600769,0.0,174140,174168,2489531,174152,0,174168,STANDBY
-0.05000000074505806,-0.17000000178813934,9.819999694824219,0.0,0.0,0.0,1019.7033081054688,19.299999237060547,0.6309422254562378,-0.06869178265333176,0,0,0.0,0.0,0.0,0,0,-0.0006408886983990669,-41.36000061035156,0.009826960042119026,-0.964323878288269,0.0,174240,174268,2489646,174267,0,174268,STANDBY
-0.05000000074505806,-0.18000000715255737,9.819999694824219,0.0,0.0,0.0,1019.69921875,19.299999237060547,0.6646963357925415,0.09105369448661804,0,0,0.0,0.0,0.0,0,0,-0.0005798516795039177,-41.36000061035156,0.009796441532671452,-0.964323878288269,0.0,174340,174368,2489741,174363,0,174368,STANDBY
-0.03999999910593033,-0.1899999976158142,9.819999694824219,0.0,0.0,0.0,1019.700927734375,19.299999237060547,0.6517139673233032,0.006344892084598541,0,0,0.0,0.0,0.0,0,0,-0.0006103701889514923,-41.36000061035156,0.009887997061014175,-0.964690089225769,0.0,174440,174468,2489836,174458,0,174468,STANDBY
-0.05000000074505806,-0.1899999976158142,9.8100004196167,0.0,0.0,0.0,1019.7025146484375,19.299999237060547,0.6387316584587097,-0.047868505120277405,0,0,0.0,0.0,0.0,0,0,-0.0004882961511611938,-41.36000061035156,0.0099795525893569,-0.964445948600769,0.0,174540,174568,2489932,174554,0,174568,STANDBY
-0.03999999910593033,-0.1899999976158142,9.829999923706055,0.0,0.0,0.0,1019.7041625976562,19.299999237060547,0.6257492899894714,-0.0825653150677681,0,0,0.0,0.0,0.0,0,0,-0.00045777764171361923,-41.36000061035156,0.010010071098804474,-0.964171290397644,0.0,174640,174668,2490028,174667,0,174668,STANDBY
-0.03999999910593033,-0.18000000715255737,9.819999694824219,0.0,0.0,0.0,1019.7041625976562,19.299999237060547,0.6257492899894714,-0.052841801196336746,0,0,0.0,0.0,0.0,0,0,-0.0004882961511611938,-41.36000061035156,0.00991851557046175,-0.964049220085144,0.0,174740,174768,2490142,174765,0,174768,STANDBY
-0.029999999329447746,-0.17000000178813934,9.819999694824219,0.0,0.0,0.0,1019.705810546875,19.299999237060547,0.6127669215202332,-0.07536233961582184,0,0,0.0,0.0,0.0,0,0,-0.0004882961511611938,-41.36000061035156,0.009949034079909325,-0.964110255241394,0.0,174840,174868,2490237,174860,0,174868,STANDBY
-0.05000000074505806,-0.18000000715255737,9.819999694824219,0.0,0.0,0.0,1019.7034301757812,19.290000915527344,0.6309422254562378,0.008788666687905788,0,0,0.0,0.0,0.0,0,0,-0.0004272591322660446,-41.36000061035156,0.009949034079909325,-0.964629054069519,0.0,174941,174968,2490333,174955,0,174968,STANDBY
-0.03999999910593033,-0.18000000715255737,9.819999694824219,0.0,0.0,0.0,1019.7051391601562,19.290000915527344,0.6179598569869995,-0.03591883182525635,0,0,0.0,0.0,0.0,0,0,-0.0005188146606087685,-41.36000061035156,0.009949034079909325,-0.964415431022644,0.0,175041,175068,2490429,175051,0,175068,STANDBY
-0.03999999910593033,-0.18000000715255737,9.819999694824219,0.0,0.0,0.0,1019.706787109375,19.290000915527344,0.6023810505867004,-0.08530327677726746,0,0,0.0,0.0,0.0,0,0,-0.0005798516795039177,-41.36000061035156,0.0099795525893569,-0.964262843132019,0.0,175141,175168,2490544,175166,0,175168,STANDBY
-0.05000000074505806,-0.18000000715255737,9.819999694824219,0.0,0.0,0.0,1019.706787109375,19.290000915527344,0.6023810505867004,-0.05459409952163696,0,0,0.0,0.0,0.0,0,0,-0.0005798516795039177,-41.36000061035156,0.009887997061014175,-0.964171290397644,0.0,175241,175268,2490639,175261,0,175268,STANDBY
-0.05000000074505806,-0.17000000178813934,9.819999694824219,0.0,0.0,0.0,1019.7100219726562,19.290000915527344,0.5764163732528687,-0.13879893720149994,0,0,0.0,0.0,0.0,0,0,-0.0005188146606087685,-41.36000061035156,0.009796441532671452,-0.9636829495429993,0.0,175341,175368,2490734,175356,0,175368,STANDBY
-0.05000000074505806,-0.1899999976158142,9.819999694824219,0.0,0.0,0.0,1019.7117309570312,19.290000915527344,0.5634340047836304,-0.14076080918312073,0,0,0.0,0.0,0.0,0,0,-0.00045777764171361923,-41.36000061035156,0.009887997061014175,-0.9634388089179993,0.0,175441,175468,2490830,175453,0,175468,STANDBY
-0.03999999910593033,-0.18000000715255737,9.819999694824219,0.0,0.0,0.0,1019.71337890625,19.290000915527344,0.5504516363143921,-0.14201639592647552,0,0,0.0,0.0,0.0,0,0,-0.0005188146606087685,-41.36000061035156,0.0099795525893569,-0.9633472561836243,0.0,175541,175568,2490945,175567,0,175568,STANDBY
-0.03999999910593033,-0.18000000715255737,9.8100004196167,0.0,0.0,0.0,1019.7109985351562,19.290000915527344,0.5686269402503967,-0.018189281225204468,0,0,0.0,0.0,0.0,0,0,-0.0006103701889514923,-41.36000061035156,0.010101626627147198,-0.964079737663269,0.0,175641,175669,2491040,175669,0,175669,STANDBY
-0.03999999910593033,-0.18000000715255737,9.819999694824219,0.0,0.0,0.0,1019.7109985351562,19.290000915527344,0.5686269402503967,-0.011641140095889568,0,0,0.0,0.0,0.0,0,0,-0.0007019257172942162,-41.36000061035156,0.010132145136594772,-0.963988184928894,0.0,175741,175769,2491136,175758,0,175769,STANDBY
-0.05000000074505806,-0.17000000178813934,9.819999694824219,0.0,0.0,0.0,1019.7109985351562,19.290000915527344,0.5686269402503967,-0.007450329605489969,0,0,0.0,0.0,0.0,0,0,-0.0006408886983990669,-41.36000061035156,0.0099795525893569,-0.963927149772644,0.0,175841,175869,2491232,175854,0,175869,STANDBY
-0.05000000074505806,-0.18000000715255737,9.829999923706055,0.0,0.0,0.0,1019.7109985351562,19.290000915527344,0.5686269402503967,-0.004768210928887129,0,0,0.0,0.0,0.0,0,0,-0.0004882961511611938,-41.36000061035156,0.0099795525893569,-0.964201807975769,0.0,175941,175969,2491327,175949,0,175969,STANDBY
-0.03999999910593033,-0.18000000715255737,9.829999923706055,0.0,0.0,0.0,1019.712646484375,19.290000915527344,0.5556445717811584,-0.04459523782134056,0,0,0.0,0.0,0.0,0,0,-0.0005493331700563431,-41.36000061035156,0.00991851557046175,-0.964140772819519,0.0,176041,176069,2491442,176064,0,176069,STANDBY
-0.03999999910593033,-0.17000000178813934,9.819999694824219,0.0,0.0,0.0,1019.7159423828125,19.290000915527344,0.5296798944473267,-0.11162792891263962,0,0,0.0,0.0,0.0,0,0,-0.0004882961511611938,-41.36000061035156,0.009826960042119026,-0.964384913444519,0.0,176141,176169,2491537,176159,0,176169,STANDBY
-0.05000000074505806,-0.18000000715255737,9.8100004196167,0.0,0.0,0.0,1019.7159423828125,19.290000915527344,0.5296798944473267,-0.0714418813586235,0,0,0.0,0.0,0.0,0,0,-0.0004882961511611938,-41.36000061035156,0.009887997061014175,-0.963957667350769,0.0,176241,176269,2491633,176256,0,176269,STANDBY
-0.03999999910593033,-0.1899999976158142,9.829999923706055,0.0,0.0,0.0,1019.7159423828125,19.290000915527344,0.5296798944473267,-0.045722804963588715,0,0,0.0,0.0,0.0,0,0,-0.0005798516795039177,-41.36000061035156,0.009826960042119026,-0.964171290397644,0.0,176342,176369,2491728,176351,0,176369,STANDBY
-0.03999999910593033,-0.18000000715255737,9.819999694824219,0.0,0.0,0.0,1019.71435546875,19.290000915527344,0.5426622629165649,0.022666877135634422,0,0,0.0,0.0,0.0,0,0,-0.0006408886983990669,-41.36000061035156,0.0098574785515666,-0.964262843132019,0.0,176442,176470,2491843,176465,0,176470,STANDBY
-0.05000000074505806,-0.17000000178813934,9.819999694824219,0.0,0.0,0.0,1019.71435546875,19.290000915527344,0.5426622629165649,0.014506801962852478,0,0,0.0,0.0,0.0,0,0,-0.0005798516795039177,-41.36000061035156,0.009735404513776302,-0.964049220085144,0.0,176542,176570,2491939,176562,0,176570,STANDBY
-0.029999999329447746,-0.18000000715255737,9.819999694824219,0.0,0.0,0.0,1019.71435546875,19.290000915527344,0.5426622629165649,0.00928435381501913,0,0,0.0,0.0,0.0,0,0,-0.0007324442267417908,-41.36000061035156,0.009704886004328728,-0.964232325553894,0.0,176642,176671,2492035,176671,0,176671,STANDBY
-0.03999999910593033,-0.18000000715255737,9.819999694824219,0.0,0.0,0.0,1019.712646484375,19.290000915527344,0.5556445717811584,0.04748537763953209,0,0,0.0,0.0,0.0,0,0,-0.0006408886983990669,-41.36000061035156,0.009643848985433578,-0.9637439846992493,0.0,176742,176771,2492131,176753,0,176771,STANDBY
-0.05000000074505806,-0.18000000715255737,9.829999923706055,0.0,0.0,0.0,1019.71435546875,19.290000915527344,0.5426622629165649,-0.011152747087180614,0,0,0.0,0.0,0.0,0,0,-0.0006714072078466415,-41.36000061035156,0.009765923023223877,-0.964171290397644,0.0,176842,176871,2492246,176868,0,176871,STANDBY
-0.05000000074505806,-0.18000000715255737,9.819999694824219,0.0,0.0,0.0,1019.71435546875,19.290000915527344,0.5426622629165649,-0.007137758191674948,0,0,0.0,0.0,0.0,0,0,-0.0006408886983990669,-41.36000061035156,0.009735404513776302,-0.964171290397644,0.0,176942,176971,2492341,176963,0,176971,STANDBY
-0.03999999910593033,-0.18000000715255737,9.819999694824219,0.0,0.0,0.0,1019.7120361328125,19.290000915527344,0.5608375072479248,0.05359261855483055,0,0,0.0,0.0,0.0,0,0,-0.0006408886983990669,-41.36000061035156,0.0098574785515666,-0.964110255241394,0.0,177042,177071,2492436,177058,0,177071,STANDBY
-0.03999999910593033,-0.18000000715255737,9.8100004196167,0.0,0.0,0.0,1019.7175903320312,19.290000915527344,0.5166975259780884,-0.10694866627454758,0,0,0.0,0.0,0.0,0,0,-0.0005798516795039177,-41.36000061035156,0.009887997061014175,-0.964171290397644,0.0,177142,177171,2492532,177155,0,177171,STANDBY
-0.03999999910593033,-0.18000000715255737,9.8100004196167,0.0,0.0,0.0,1019.71533203125,19.290000915527344,0.534872829914093,-0.010286176577210426,0,0,0.0,0.0,0.0,0,0,-0.0006103701889514923,-41.36000061035156,0.00991851557046175,-0.964323878288269,0.0,177242,177271,2492647,177269,0,177271,STANDBY
-0.05000000074505806,-0.18000000715255737,9.819999694824219,0.0,0.0,0.0,1019.713623046875,19.290000915527344,0.5478551983833313,0.04534631967544556,0,0,0.0,0.0,0.0,0,0,-0.0005493331700563431,-41.36000061035156,0.00991851557046175,-0.964506983757019,0.0,177342,177371,2492742,177364,0,177371,STANDBY
-0.03999999910593033,-0.18000000715255737,9.819999694824219,0.0,0.0,0.0,1019.713623046875,19.290000915527344,0.5478551983833313,0.029021644964814186,0,0,0.0,0.0,0.0,0,0,-0.0005188146606087685,-41.36000061035156,0.009887997061014175,-0.963988184928894,0.0,177442,177471,2492837,177460,0,177471,STANDBY
-0.05000000074505806,-0.18000000715255737,9.819999694824219,0.0,0.0,0.0,1019.71533203125,19.290000915527344,0.534872829914093,-0.03335561975836754,0,0,0.0,0.0,0.0,0,0,-0.0004882961511611938,-41.36000061035156,0.009949034079909325,-0.963957667350769,0.0,177542,177571,2492933,177555,0,177571,STANDBY
-0.03999999910593033,-0.17000000178813934,9.819999694824219,0.0,0.0,0.0,1019.71533203125,19.290000915527344,0.534872829914093,-0.021347597241401672,0,0,0.0,0.0,0.0,0,0,-0.0004882961511611938,-41.36000061035156,0.00991851557046175,-0.964171290397644,0.0,177642,177671,2493029,177670,0,177671,STANDBY
-0.05000000074505806,-0.1899999976158142,9.8100004196167,0.0,0.0,0.0,1019.71533203125,19.290000915527344,0.534872829914093,-0.013662462122738361,0,0,0.0,0.0,0.0,0,0,-0.0005188146606087685,-41.36000061035156,0.0099795525893569,-0.964384913444519,0.0,177742,177771,2493143,177765,0,177771,STANDBY
-0.03999999910593033,-0.1899999976158142,9.819999694824219,0.0,0.0,0.0,1019.713623046875,19.290000915527344,0.5478551983833313,0.032799601554870605,0,0,0.0,0.0,0.0,0,0,-0.0005188146606087685,-41.36000061035156,0.010010071098804474,-0.964171290397644,0.0,177842,177871,2493238,177860,0,177871,STANDBY
-0.03999999910593033,-0.18000000715255737,9.829999923706055,0.0,0.0,0.0,1019.71533203125,19.290000915527344,0.534872829914093,-0.020551834255456924,0,0,0.0,0.0,0.0,0,0,-0.0005188146606087685,-41.36000061035156,0.010101626627147198,-0.964293360710144,0.0,177942,177971,2493334,177956,0,177971,STANDBY
-0.03999999910593033,-0.18000000715255737,9.829999923706055,0.0,0.0,0.0,1019.713623046875,19.290000915527344,0.5478551983833313,0.02839040569961071,0,0,0.0,0.0,0.0,0,0,-0.0004882961511611938,-41.36000061035156,0.010071108117699623,-0.964659571647644,0.0,178042,178071,2493449,178071,0,178071,STANDBY
-0.03999999910593033,-0.17000000178813934,9.819999694824219,0.0,0.0,0.0,1019.713623046875,19.290000915527344,0.5478551983833313,0.018169861286878586,0,0,0.0,0.0,0.0,0,0,-0.0004882961511611938,-41.36000061035156,0.010071108117699623,-0.965117335319519,0.0,178142,178171,2493544,178166,0,178171,STANDBY
-0.03999999910593033,-0.18000000715255737,9.819999694824219,0.0,0.0,0.0,1019.713623046875,19.290000915527344,0.5478551983833313,0.00124286487698555,0,0,0.0,0.0,0.0,0,0,-0.0004272591322660446,-41.36000061035156,0.010010071098804474,-0.964720606803894,0.0,178242,178271,2493639,178262,0,178271,STANDBY
-0.03999999910593033,-0.18000000715255737,9.8100004196167,0.0,0.0,0.0,1019.7169799804688,19.290000915527344,0.5218904614448547,-0.10306351631879807,0,0,0.0,0.0,0.0,0,0,-0.00039674062281847,-41.36000061035156,0.009949034079909325,-0.964415431022644,0.0,178342,178371,2493734,178357,0,178371,STANDBY
-0.05000000074505806,-0.1899999976158142,9.8100004196167,0.0,0.0,0.0,1019.7169799804688,19.290000915527344,0.5218904614448547,-0.06596065312623978,0,0,0.0,0.0,0.0,0,0,-0.00045777764171361923,-41.36000061035156,0.009949034079909325,-0.964262843132019,0.0,178442,178471,2493830,178452,0,178471,STANDBY
-0.03999999910593033,-0.17000000178813934,9.819999694824219,0.0,0.0,0.0,1019.7185668945312,19.290000915527344,0.5089081525802612,-0.0941440612077713,0,0,0.0,0.0,0.0,0,0,-0.0004272591322660446,-41.36000061035156,0.009826960042119026,-0.9638660550117493,0.0,178542,178571,2493944,178567,0,178571,STANDBY
-0.03999999910593033,-0.17000000178813934,9.8100004196167,0.0,0.0,0.0,1019.7169799804688,19.290000915527344,0.5218904614448547,-0.00832296535372734,0,0,0.0,0.0,0.0,0,0,-0.0004882961511611938,-41.36000061035156,0.009887997061014175,-0.964720606803894,0.0,178642,178671,2494040,178670,0,178671,STANDBY
-0.03999999910593033,-0.18000000715255737,9.819999694824219,0.0,0.0,0.0,1019.7169799804688,19.290000915527344,0.5218904614448547,-0.0053266980685293674,0,0,0.0,0.0,0.0,0,0,-0.0006103701889514923,-41.36000061035156,0.0098574785515666,-0.964629054069519,0.0,178742,178771,2494136,178758,0,178771,STANDBY
-0.05000000074505806,-0.18000000715255737,9.819999694824219,0.0,0.0,0.0,1019.7185668945312,19.290000915527344,0.5089081525802612,-0.044952478259801865,0,0,0.0,0.0,0.0,0,0,-0.0005798516795039177,-41.36000061035156,0.00991851557046175,-0.964781641960144,0.0,178842,178871,2494231,178853,0,178871,STANDBY
-0.05000000074505806,-0.18000000715255737,9.819999694824219,0.0,0.0,0.0,1019.7169799804688,19.290000915527344,0.5218904614448547,0.012773803435266018,0,0,0.0,0.0,0.0,0,0,-0.0006103701889514923,-41.36000061035156,0.010010071098804474,-0.964781641960144,0.0,178942,178971,2494346,178968,0,178971,STANDBY
-0.05000000074505806,-0.17000000178813934,9.829999923706055,0.0,0.0,0.0,1019.71533203125,19.290000915527344,0.534872829914093,0.049718815833330154,0,0,0.0,0.0,0.0,0,0,-0.0006103701889514923,-41.36000061035156,0.00991851557046175,-0.964873194694519,0.0,179042,179072,2494441,179063,0,179072,STANDBY
-0.03999999910593033,-0.18000000715255737,9.819999694824219,0.0,0.0,0.0,1019.71923828125,19.290000915527344,0.5011187195777893,-0.07619310915470123,0,0,0.0,0.0,0.0,0,0,-0.0006408886983990669,-41.36000061035156,0.009796441532671452,-0.964934229850769,0.0,179142,179172,2494536,179159,0,179172,STANDBY
-0.03999999910593033,-0.18000000715255737,9.819999694824219,0.0,0.0,0.0,1019.7175903320312,19.290000915527344,0.5166975259780884,0.012329768389463425,0,0,0.0,0.0,0.0,0,0,-0.0006408886983990669,-41.36000061035156,0.009826960042119026,-0.964995265007019,0.0,179243,179272,2494631,179254,0,179272,STANDBY
-0.05000000074505806,-0.1899999976158142,9.829999923706055,0.0,0.0,0.0,1019.7175903320312,19.290000915527344,0.5166975259780884,0.007891052402555943,0,0,0.0,0.0,0.0,0,0,-0.0005188146606087685,-41.36000061035156,0.009735404513776302,-0.964445948600769,0.0,179343,179372,2494746,179368,0,179372,STANDBY
-0.05000000074505806,-0.1899999976158142,9.819999694824219,0.0,0.0,0.0,1019.71923828125,19.290000915527344,0.5011187195777893,-0.05726495385169983,0,0,0.0,0.0,0.0,0,0,-0.00045777764171361923,-41.36000061035156,0.009887997061014175,-0.964720606803894,0.0,179443,179472,2494841,179464,0,179472,STANDBY
-0.03999999910593033,-0.18000000715255737,9.819999694824219,0.0,0.0,0.0,1019.7175903320312,19.290000915527344,0.5166975259780884,0.025665655732154846,0,0,0.0,0.0,0.0,0,0,-0.0004882961511611938,-41.36000061035156,0.0098574785515666,-0.964476466178894,0.0,179543,179572,2494938,179560,0,179572,STANDBY
-0.03999999910593033,-0.1899999976158142,9.819999694824219,0.0,0.0,0.0,1019.71923828125,19.290000915527344,0.5011187195777893,-0.04588920623064041,0,0,0.0,0.0,0.0,0,0,-0.0005493331700563431,-41.36000061035156,0.009887997061014175,-0.964445948600769,0.0,179643,179673,2495033,179673,0,179673,STANDBY
-0.05000000074505806,-0.18000000715255737,9.819999694824219,0.0,0.0,0.0,1019.71923828125,19.290000915527344,0.5011187195777893,-0.029369091615080833,0,0,0.0,0.0,0.0,0,0,-0.0005493331700563431,-41.36000061035156,0.009765923023223877,-0.9636829495429993,0.0,179743,179773,2495148,179770,0,179773,STANDBY
-0.03999999910593033,-0.18000000715255737,9.829999923706055,0.0,0.0,0.0,1019.71923828125,19.290000915527344,0.5011187195777893,-0.018796218559145927,0,0,0.0,0.0,0.0,0,0,-0.0005188146606087685,-41.36000061035156,0.009735404513776302,-0.9632557034492493,0.0,179843,179873,2495243,179865,0,179873,STANDBY
-0.03999999910593033,-0.18000000715255737,9.829999923706055,0.0,0.0,0.0,1019.71923828125,19.290000915527344,0.5011187195777893,-0.01202957984060049,0,0,0.0,0.0,0.0,0,0,-0.00045777764171361923,-41.36000061035156,0.009735404513776302,-0.9635608792304993,0.0,179943,179973,2495338,179960,0,179973,STANDBY
-0.03999999910593033,-0.17000000178813934,9.829999923706055,0.0,0.0,0.0,1019.720947265625,19.290000915527344,0.4881363809108734,-0.04924241825938225,0,0,0.0,0.0,0.0,0,0,-0.0004882961511611938,-41.36000061035156,0.009704886004328728,-0.9634388089179993,0.0,180043,180073,2495434,180057,0,180073,STANDBY
-0.05000000074505806,-0.1899999976158142,9.819999694824219,0.0,0.0,0.0,1019.71923828125,19.290000915527344,0.5011187195777893,0.010028335265815258,0,0,0.0,0.0,0.0,0,0,-0.0005188146606087685,-41.36000061035156,0.009796441532671452,-0.9638355374336243,0.0,180143,180173,2495549,180171,0,180173,STANDBY
-0.05000000074505806,-0.18000000715255737,9.819999694824219,0.0,0.0,0.0,1019.7175903320312,19.290000915527344,0.5166975259780884,0.05627031251788139,0,0,0.0,0.0,0.0,0,0,-0.00045777764171361923,-41.36000061035156,0.0099795525893569,-0.964445948600769,0.0,180243,180273,2495644,180267,0,180273,STANDBY
-0.03999999910593033,-0.18000000715255737,9.819999694824219,0.0,0.0,0.0,1019.7215576171875,19.290000915527344,0.48294344544410706,-0.09900331497192383,0,0,0.0,0.0,0.0,0,0,-0.0004882961511611938,-41.36000061035156,0.009949034079909325,-0.964354395866394,0.0,180343,180373,2495739,180362,0,180373,STANDBY
-0.03999999910593033,-0.18000000715255737,9.819999694824219,0.0,0.0,0.0,1019.7215576171875,19.290000915527344,0.48294344544410706,-0.06336212158203125,0,0,0.0,0.0,0.0,0,0,-0.0005188146606087685,-41.36000061035156,0.0098574785515666,-0.964293360710144,0.0,180443,180473,2495835,180457,0,180473,STANDBY
-0.03999999910593033,-0.17000000178813934,9.829999923706055,0.0,0.0,0.0,1019.7232666015625,19.290000915527344,0.4699610769748688,-0.09248123317956924,0,0,0.0,0.0,0.0,0,0,-0.0005493331700563431,-41.36000061035156,0.009826960042119026,-0.964384913444519,0.0,180543,180573,2495949,180572,0,180573,STANDBY
-0.03999999910593033,-0.18000000715255737,9.819999694824219,0.0,0.0,0.0,1019.724853515625,19.290000915527344,0.4569787383079529,-0.11111734807491302,0,0,0.0,0.0,0.0,0,0,-0.0005188146606087685,-41.36000061035156,0.009826960042119026,-0.964476466178894,0.0,180643,180673,2496045,180671,0,180673,STANDBY
-0.05000000074505806,-0.17000000178813934,9.819999694824219,0.0,0.0,0.0,1019.7232666015625,19.290000915527344,0.4699610769748688,-0.019185751676559448,0,0,0.0,0.0,0.0,0,0,-0.0005493331700563431,-41.36000061035156,0.009887997061014175,-0.964995265007019,0.0,180744,180773,2496140,180762,0,180773,STANDBY
-0.03999999910593033,-0.17000000178813934,9.819999694824219,0.0,0.0,0.0,1019.7232666015625,19.290000915527344,0.4699610769748688,-0.012278880923986435,0,0,0.0,0.0,0.0,0,0,-0.0005188146606087685,-41.36000061035156,0.0098574785515666,-0.964751124382019,0.0,180844,180873,2496236,180858,0,180873,STANDBY
-0.03999999910593033,-0.18000000715255737,9.819999694824219,0.0,0.0,0.0,1019.7232666015625,19.290000915527344,0.4699610769748688,-0.00785848405212164,0,0,0.0,0.0,0.0,0,0,-0.0005798516795039177,-41.36000061035156,0.00991851557046175,-0.964445948600769,0.0,180944,180973,2496350,180972,0,180973,STANDBY
-0.05000000074505806,-0.18000000715255737,9.819999694824219,0.0,0.0,0.0,1019.724853515625,19.290000915527344,0.4569787383079529,-0.04657291620969772,0,0,0.0,0.0,0.0,0,0,-0.0004882961511611938,-41.36000061035156,0.0099795525893569,-0.964171290397644,0.0,181044,181073,2496445,181067,0,181073,STANDBY
-0.029999999329447746,-0.17000000178813934,9.819999694824219,0.0,0.0,0.0,1019.7271728515625,19.299999237060547,0.43880343437194824,-0.0879676416516304,0,0,0.0,0.0,0.0,0,0,-0.0005493331700563431,-41.36000061035156,0.009826960042119026,-0.964293360710144,0.0,181144,181173,2496541,181164,0,181173,STANDBY
-0.03999999910593033,-0.18000000715255737,9.8100004196167,0.0,0.0,0.0,1019.7255249023438,19.299999237060547,0.4517858028411865,-0.014755713753402233,0,0,0.0,0.0,0.0,0,0,-0.0005188146606087685,-41.36000061035156,0.009887997061014175,-0.964262843132019,0.0,181244,181273,2496636,181259,0,181273,STANDBY
-0.03999999910593033,-0.18000000715255737,9.819999694824219,0.0,0.0,0.0,1019.7215576171875,19.290000915527344,0.48294344544410706,0.1151869148015976,0,0,0.0,0.0,0.0,0,0,-0.0005188146606087685,-41.36000061035156,0.0098574785515666,-0.964110255241394,0.0,181344,181373,2496732,181354,0,181373,STANDBY
-0.03999999910593033,-0.18000000715255737,9.819999694824219,0.0,0.0,0.0,1019.7255249023438,19.299999237060547,0.4517858028411865,-0.05091094225645065,0,0,0.0,0.0,0.0,0,0,-0.0005188146606087685,-41.36000061035156,0.009796441532671452,-0.963988184928894,0.0,181444,181473,2496846,181469,0,181473,STANDBY
-0.019999999552965164,-0.18000000715255737,9.819999694824219,0.0,0.0,0.0,1019.723876953125,19.299999237060547,0.4647681415081024,0.01934634894132614,0,0,0.0,0.0,0.0,0,0,-0.0006103701889514923,-41.36000061035156,0.0098574785515666,-0.964140772819519,0.0,181544,181573,2496942,181564,0,181573,STANDBY
-0.05000000074505806,-0.18000000715255737,9.8100004196167,0.0,0.0,0.0,1019.723876953125,19.299999237060547,0.4647681415081024,0.012381663545966148,0,0,0.0,0.0,0.0,0,0,-0.0006408886983990669,-41.36000061035156,0.0098574785515666,-0.9638660550117493,0.0,181644,181673,2497038,181672,0,181673,STANDBY
-0.03999999910593033,-0.1899999976158142,9.8100004196167,0.0,0.0,0.0,1019.723876953125,19.299999237060547,0.4647681415081024,0.00792426522821188,0,0,0.0,0.0,0.0,0,0,-0.0006103701889514923,-41.36000061035156,0.009949034079909325,-0.9636524319648743,0.0,181744,181773,2497133,181755,0,181773,STANDBY
-0.05000000074505806,-0.1899999976158142,9.829999923706055,0.0,0.0,0.0,1019.7222900390625,19.299999237060547,0.4777504801750183,0.04661501571536064,0,0,0.0,0.0,0.0,0,0,-0.0006714072078466415,-41.36000061035156,0.010223700664937496,-0.964415431022644,0.0,181844,181873,2497248,181870,0,181873,STANDBY
-0.03999999910593033,-0.1899999976158142,9.8100004196167,0.0,0.0,0.0,1019.7222900390625,19.299999237060547,0.4777504801750183,0.029833612963557243,0,0,0.0,0.0,0.0,0,0,-0.0006714072078466415,-41.36000061035156,0.010223700664937496,-0.964537501335144,0.0,181944,181974,2497343,181965,0,181974,STANDBY
-0.05000000074505806,-0.18000000715255737,9.819999694824219,0.0,0.0,0.0,1019.7222900390625,19.299999237060547,0.4777504801750183,0.019093511626124382,0,0,0.0,0.0,0.0,0,0,-0.0005188146606087685,-41.36000061035156,0.01025421917438507,-0.964506983757019,0.0,182044,182074,2497438,182061,0,182074,STANDBY
-0.05000000074505806,-0.17000000178813934,9.819999694824219,0.0,0.0,0.0,1019.71826171875,19.290000915527344,0.511504590511322,0.12023299932479858,0,0,0.0,0.0,0.0,0,0,-0.0004272591322660446,-41.36000061035156,0.010071108117699623,-0.964201807975769,0.0,182144,182174,2497534,182157,0,182174,STANDBY
-0.03999999910593033,-0.18000000715255737,9.8100004196167,0.0,0.0,0.0,1019.71826171875,19.290000915527344,0.511504590511322,0.0769491195678711,0,0,0.0,0.0,0.0,0,0,-0.0004882961511611938,-41.36000061035156,0.010071108117699623,-0.9638355374336243,0.0,182244,182274,2497649,182272,0,182274,STANDBY
-0.03999999910593033,-0.1899999976158142,9.819999694824219,0.0,0.0,0.0,1019.7206420898438,19.299999237060547,0.4907328486442566,-0.006836242973804474,0,0,0.0,0.0,0.0,0,0,-0.0005798516795039177,-41.36000061035156,0.010193182155489922,-0.963896632194519,0.0,182344,182374,2497744,182367,0,182374,STANDBY
-0.05000000074505806,-0.18000000715255737,9.8100004196167,0.0,0.0,0.0,1019.7166137695312,19.290000915527344,0.5244869589805603,0.13064125180244446,0,0,0.0,0.0,0.0,0,0,-0.0005188146606087685,-41.36000061035156,0.010071108117699623,-0.963957667350769,0.0,182444,182474,2497840,182462,0,182474,STANDBY
-0.03999999910593033,-0.18000000715255737,9.8100004196167,0.0,0.0,0.0,1019.7166137695312,19.290000915527344,0.5244869589805603,0.0836104080080986,0,0,0.0,0.0,0.0,0,0,-0.0005188146606087685,-41.36000061035156,0.010010071098804474,-0.9634693264961243,0.0,182544,182574,2497935,182557,0,182574,STANDBY
-0.05000000074505806,-0.18000000715255737,9.8100004196167,0.0,0.0,0.0,1019.7222900390625,19.299999237060547,0.4777504801750183,-0.13343524932861328,0,0,0.0,0.0,0.0,0,0,-0.00045777764171361923,-41.36000061035156,0.010040589608252048,-0.963957667350769,0.0,182644,182674,2498031,182674,0,182674,STANDBY
-0.05000000074505806,-0.17000000178813934,9.819999694824219,0.0,0.0,0.0,1019.7222900390625,19.299999237060547,0.4777504801750183,-0.08539856225252151,0,0,0.0,0.0,0.0,0,0,-0.00039674062281847,-41.36000061035156,0.0099795525893569,-0.963896632194519,0.0,182744,182774,2498146,182767,0,182774,STANDBY
-0.03999999910593033,-0.1899999976158142,9.8100004196167,0.0,0.0,0.0,1019.7222900390625,19.299999237060547,0.4777504801750183,-0.054655082523822784,0,0,0.0,0.0,0.0,0,0,-0.00045777764171361923,-41.36000061035156,0.010010071098804474,-0.964354395866394,0.0,182844,182874,2498241,182863,0,182874,STANDBY
-0.03999999910593033,-0.1899999976158142,9.819999694824219,0.0,0.0,0.0,1019.71826171875,19.290000915527344,0.511504590511322,0.0730338990688324,0,0,0.0,0.0,0.0,0,0,-0.00045777764171361923,-41.36000061035156,0.010101626627147198,-0.964415431022644,0.0,182944,182974,2498336,182959,0,182974,STANDBY
-0.03999999910593033,-0.18000000715255737,9.819999694824219,0.0,0.0,0.0,1019.7199096679688,19.290000915527344,0.49592578411102295,-0.0031104832887649536,0,0,0.0,0.0,0.0,0,0,-0.0004272591322660446,-41.36000061035156,0.0099795525893569,-0.9636219143867493,0.0,183044,183074,2498451,183073,0,183074,STANDBY
-0.05000000074505806,-0.18000000715255737,9.819999694824219,0.0,0.0,0.0,1019.7215576171875,19.290000915527344,0.48294344544410706,-0.04353419318795204,0,0,0.0,0.0,0.0,0,0,-0.0005188146606087685,-41.36000061035156,0.010040589608252048,-0.9638660550117493,0.0,183144,183174,2498546,183169,0,183174,STANDBY
-0.05000000074505806,-0.1899999976158142,9.819999694824219,0.0,0.0,0.0,1019.7215576171875,19.290000915527344,0.48294344544410706,-0.027861883863806725,0,0,0.0,0.0,0.0,0,0,-0.0005188146606087685,-41.36000061035156,0.010162663646042347,-0.9637134671211243,0.0,183244,183274,2498641,183264,0,183274,STANDBY
-0.03999999910593033,-0.18000000715255737,9.800000190734863,0.0,0.0,0.0,1019.7215576171875,19.290000915527344,0.48294344544410706,-0.017831606790423393,0,0,0.0,0.0,0.0,0,0,-0.0005188146606087685,-41.36000061035156,0.010132145136594772,-0.9638355374336243,0.0,183344,183374,2498738,183360,0,183374,STANDBY
-0.05000000074505806,-0.1899999976158142,9.8100004196167,0.0,0.0,0.0,1019.7215576171875,19.290000915527344,0.48294344544410706,-0.01141222845762968,0,0,0.0,0.0,0.0,0,0,-0.00045777764171361923,-41.36000061035156,0.010162663646042347,-0.964049220085144,0.0,183444,183474,2498833,183455,0,183474,STANDBY
-0.05000000074505806,-0.18000000715255737,9.8100004196167,0.0,0.0,0.0,1019.723876953125,19.299999237060547,0.4647681415081024,-0.08000504225492477,0,0,0.0,0.0,0.0,0,0,-0.00039674062281847,-41.36000061035156,0.010162663646042347,-0.964110255241394,0.0,183544,183574,2498948,183570,0,183574,STANDBY
-0.05000000074505806,-0.18000000715255737,9.8100004196167,0.0,0.0,0.0,1019.71826171875,19.290000915527344,0.511504590511322,0.13574257493019104,0,0,0.0,0.0,0.0,0,0,-0.00039674062281847,-41.36000061035156,0.01025421917438507,-0.964354395866394,0.0,183645,183674,2499043,183672,0,183674,STANDBY
-0.05000000074505806,-0.1899999976158142,9.819999694824219,0.0,0.0,0.0,1019.7166137695312,19.290000915527344,0.5244869589805603,0.13880473375320435,0,0,0.0,0.0,0.0,0,0,-0.00033570360392332077,-41.36000061035156,0.010284737683832645,-0.964018702507019,0.0,183745,183774,2499138,183760,0,183774,STANDBY
-0.05000000074505806,-0.1899999976158142,9.8100004196167,0.0,0.0,0.0,1019.7166137695312,19.290000915527344,0.5244869589805603,0.08883503079414368,0,0,0.0,0.0,0.0,0,0,-0.00033570360392332077,-41.36000061035156,0.010284737683832645,-0.9638355374336243,0.0,183845,183874,2499233,183856,0,183874,STANDBY
-0.05000000074505806,-0.18000000715255737,9.829999923706055,0.0,0.0,0.0,1019.7222900390625,19.299999237060547,0.4777504801750183,-0.09270231425762177,0,0,0.0,0.0,0.0,0,0,-0.00045777764171361923,-41.36000061035156,0.010345774702727795,-0.964537501335144,0.0,183945,183974,2499348,183970,0,183974,STANDBY
-0.05000000074505806,-0.18000000715255737,9.819999694824219,0.0,0.0,0.0,1019.7199096679688,19.290000915527344,0.49592578411102295,-0.0011685073841363192,0,0,0.0,0.0,0.0,0,0,-0.0004882961511611938,-41.36000061035156,0.01031525619328022,-0.964995265007019,0.0,184045,184074,2499444,184067,0,184074,STANDBY
-0.03999999910593033,-0.18000000715255737,9.8100004196167,0.0,0.0,0.0,1019.7215576171875,19.290000915527344,0.48294344544410706,-0.04229132831096649,0,0,0.0,0.0,0.0,0,0,-0.0004882961511611938,-41.36000061035156,0.010223700664937496,-0.964995265007019,0.0,184145,184174,2499539,184162,0,184174,STANDBY
-0.03999999910593033,-0.18000000715255737,9.819999694824219,0.0,0.0,0.0,1019.7215576171875,19.290000915527344,0.48294344544410706,-0.02706645242869854,0,0,0.0,0.0,0.0,0,0,-0.0004882961511611938,-41.36000061035156,0.010040589608252048,-0.965056300163269,0.0,184245,184274,2499635,184257,0,184274,STANDBY
-0.03999999910593033,-0.18000000715255737,9.8100004196167,0.0,0.0,0.0,1019.7215576171875,19.290000915527344,0.48294344544410706,-0.006936635822057724,0,0,0.0,0.0,0.0,0,0,-0.0004272591322660446,-41.36000061035156,0.010010071098804474,-0.964995265007019,0.0,184345,184374,2499749,184372,0,184374,STANDBY
-0.05000000074505806,-0.18000000715255737,9.8100004196167,0.0,0.0,0.0,1019.7232666015625,19.290000915527344,0.4699610769748688,-0.05636892095208168,0,0,0.0,0.0,0.0,0,0,-0.0004272591322660446,-41.36000061035156,0.010101626627147198,-0.964354395866394,0.0,184445,184474,2499845,184467,0,184474,STANDBY
-0.05000000074505806,-0.18000000715255737,9.8100004196167,0.0,0.0,0.0,1019.7175903320312,19.290000915527344,0.5166975259780884,0.150869682431221,0,0,0.0,0.0,0.0,0,0,-0.00033570360392332077,-41.36000061035156,0.010040589608252048,-0.964049220085144,0.0,184545,184574,2499941,184563,0,184574,STANDBY
-0.05000000074505806,-0.1899999976158142,9.800000190734863,0.0,0.0,0.0,1019.7175903320312,19.290000915527344,0.5166975259780884,0.09655659645795822,0,0,0.0,0.0,0.0,0,0,-0.00030518509447574615,-41.36000061035156,0.010101626627147198,-0.9636524319648743,0.0,184645,184674,2500036,184673,0,184674,STANDBY
-0.05000000074505806,-0.1899999976158142,9.829999923706055,0.0,0.0,0.0,1019.7175903320312,19.290000915527344,0.5166975259780884,0.06179622560739517,0,0,0.0,0.0,0.0,0,0,-0.0002136295661330223,-41.36000061035156,0.010132145136594772,-0.9635303616523743,0.0,184745,184774,2500151,184773,0,184774,STANDBY
-0.05999999865889549,-0.1899999976158142,9.8100004196167,0.0,0.0,0.0,1019.7159423828125,19.290000915527344,0.5296798944473267,0.09147906303405762,0,0,0.0,0.0,0.0,0,0,-0.00012207403779029846,-41.36000061035156,0.010193182155489922,-0.9634693264961243,0.0,184845,184875,2500246,184868,0,184875,STANDBY
-0.05000000074505806,-0.1899999976158142,9.8100004196167,0.0,0.0,0.0,1019.7159423828125,19.290000915527344,0.5296798944473267,0.058546602725982666,0,0,0.0,0.0,0.0,0,0,-0.00015259254723787308,-41.36000061035156,0.010223700664937496,-0.9636219143867493,0.0,184945,184975,2500341,184964,0,184975,STANDBY
-0.05000000074505806,-0.1899999976158142,9.8100004196167,0.0,0.0,0.0,1019.7175903320312,19.290000915527344,0.5166975259780884,-0.0040737539529800415,0,0,0.0,0.0,0.0,0,0,-0.0002441480755805969,-41.36000061035156,0.01031525619328022,-0.964018702507019,0.0,185046,185075,2500436,185059,0,185075,STANDBY
-0.05000000074505806,-0.18000000715255737,9.8100004196167,0.0,0.0,0.0,1019.71923828125,19.290000915527344,0.5011187195777893,-0.05245938524603844,0,0,0.0,0.0,0.0,0,0,-0.00027466658502817154,-41.36000061035156,0.010284737683832645,-0.964384913444519,0.0,185146,185175,2500551,185174,0,185175,STANDBY
-0.03999999910593033,-0.18000000715255737,9.8100004196167,0.0,0.0,0.0,1019.7169799804688,19.290000915527344,0.5218904614448547,0.03289556875824928,0,0,0.0,0.0,0.0,0,0,-0.0003662221133708954,-41.36000061035156,0.01025421917438507,-0.964537501335144,0.0,185246,185275,2500647,185270,0,185275,STANDBY
-0.05000000074505806,-0.18000000715255737,9.8100004196167,0.0,0.0,0.0,1019.7169799804688,19.290000915527344,0.5218904614448547,0.021053163334727287,0,0,0.0,0.0,0.0,0,0,-0.00033570360392332077,-41.36000061035156,0.01025421917438507,-0.964720606803894,0.0,185346,185375,2500743,185365,0,185375,STANDBY
-0.03999999910593033,-0.18000000715255737,9.829999923706055,0.0,0.0,0.0,1019.7169799804688,19.290000915527344,0.5218904614448547,0.013474024832248688,0,0,0.0,0.0,0.0,0,0,-0.00039674062281847,-41.36000061035156,0.010223700664937496,-0.964842677116394,0.0,185446,185475,2500838,185460,0,185475,STANDBY
-0.03999999910593033,-0.1899999976158142,9.8100004196167,0.0,0.0,0.0,1019.71533203125,19.290000915527344,0.534872829914093,0.06055285036563873,0,0,0.0,0.0,0.0,0,0,-0.00045777764171361923,-41.36000061035156,0.010193182155489922,-0.964842677116394,0.0,185546,185575,2500934,185556,0,185575,STANDBY
-0.05000000074505806,-0.17000000178813934,9.8100004196167,0.0,0.0,0.0,1019.7129516601562,19.290000915527344,0.5530481338500977,0.111455038189888,0,0,0.0,0.0,0.0,0,0,-0.00045777764171361923,-41.36000061035156,0.010132145136594772,-0.964629054069519,0.0,185646,185675,2501029,185673,0,185675,STANDBY
-0.05000000074505806,-0.18000000715255737,9.8100004196167,0.0,0.0,0.0,1019.7129516601562,19.290000915527344,0.5530481338500977,0.07133122533559799,0,0,0.0,0.0,0.0,0,0,-0.0003662221133708954,-41.36000061035156,0.010101626627147198,-0.964079737663269,0.0,185746,185775,2501144,185766,0,185775,STANDBY
-0.05000000074505806,-0.18000000715255737,9.819999694824219,0.0,0.0,0.0,1019.7129516601562,19.290000915527344,0.5530481338500977,0.045651983469724655,0,0,0.0,0.0,0.0,0,0,-0.00030518509447574615,-41.36000061035156,0.010010071098804474,-0.9636219143867493,0.0,185846,185875,2501239,185862,0,185875,STANDBY
-0.05000000074505806,-0.18000000715255737,9.8100004196167,0.0,0.0,0.0,1019.714599609375,19.290000915527344,0.5400657653808594,-0.012326309457421303,0,0,0.0,0.0,0.0,0,0,-0.00027466658502817154,-41.36000061035156,0.010040589608252048,-0.9635608792304993,0.0,185946,185975,2501335,185957,0,185975,STANDBY
-0.03999999910593033,-0.18000000715255737,9.8100004196167,0.0,0.0,0.0,1019.714599609375,19.290000915527344,0.5400657653808594,-0.007888837717473507,0,0,0.0,0.0,0.0,0,0,-0.00030518509447574615,-41.36000061035156,0.010071108117699623,-0.9634693264961243,0.0,186046,186075,2501449,186072,0,186075,STANDBY
-0.03999999910593033,-0.1899999976158142,9.819999694824219,0.0,0.0,0.0,1019.7106323242188,19.280000686645508,0.5712234377861023,0.09465569257736206,0,0,0.0,0.0,0.0,0,0,-0.00033570360392332077,-41.36000061035156,0.010071108117699623,-0.9634082913398743,0.0,186146,186175,2501544,186167,0,186175,STANDBY
-0.05000000074505806,-0.1899999976158142,9.8100004196167,0.0,0.0,0.0,1019.7089233398438,19.280000686645508,0.5868022441864014,0.11043182760477066,0,0,0.0,0.0,0.0,0,0,-0.00039674062281847,-41.36000061035156,0.010132145136594772,-0.9633472561836243,0.0,186246,186275,2501641,186263,0,186275,STANDBY
-0.03999999910593033,-0.1899999976158142,9.819999694824219,0.0,0.0,0.0,1019.7106323242188,19.280000686645508,0.5712234377861023,0.020824188366532326,0,0,0.0,0.0,0.0,0,0,-0.0004272591322660446,-41.36000061035156,0.010193182155489922,-0.9638660550117493,0.0,186346,186375,2501736,186358,0,186375,STANDBY
-0.03999999910593033,-0.18000000715255737,9.829999923706055,0.0,0.0,0.0,1019.7106323242188,19.280000686645508,0.5712234377861023,0.023713374510407448,0,0,0.0,0.0,0.0,0,0,-0.00039674062281847,-41.36000061035156,0.010132145136594772,-0.9638355374336243,0.0,186446,186475,2501851,186473,0,186475,STANDBY
-0.05000000074505806,-0.1899999976158142,9.8100004196167,0.0,0.0,0.0,1019.7106323242188,19.280000686645508,0.5712234377861023,0.015176559798419476,0,0,0.0,0.0,0.0,0,0,-0.00039674062281847,-41.36000061035156,0.010193182155489922,-0.9637745022773743,0.0,186546,186575,2501946,186568,0,186575,STANDBY
-0.03999999910593033,-0.18000000715255737,9.829999923706055,0.0,0.0,0.0,1019.7122802734375,19.280000686645508,0.558241069316864,-0.042216476052999496,0,0,0.0,0.0,0.0,0,0,-0.00039674062281847,-41.36000061035156,0.010071108117699623,-0.9636219143867493,0.0,186646,186676,2502041,186676,0,186676,STANDBY
-0.03999999910593033,-0.1899999976158142,9.819999694824219,0.0,0.0,0.0,1019.7139282226562,19.280000686645508,0.5452587008476257,-0.0789480209350586,0,0,0.0,0.0,0.0,0,0,-0.0003662221133708954,-41.36000061035156,0.010162663646042347,-0.9638355374336243,0.0,186746,186776,2502137,186760,0,186776,STANDBY
-0.05000000074505806,-0.18000000715255737,9.819999694824219,0.0,0.0,0.0,1019.7139282226562,19.280000686645508,0.5452587008476257,-0.050526734441518784,0,0,0.0,0.0,0.0,0,0,-0.00039674062281847,-41.36000061035156,0.010132145136594772,-0.9636524319648743,0.0,186846,186876,2502252,186874,0,186876,STANDBY
-0.05000000074505806,-0.1899999976158142,9.819999694824219,0.0,0.0,0.0,1019.7115478515625,19.280000686645508,0.5660305023193359,0.06113594025373459,0,0,0.0,0.0,0.0,0,0,-0.00039674062281847,-41.36000061035156,0.010193182155489922,-0.964140772819519,0.0,186946,186976,2502347,186970,0,186976,STANDBY
-0.03999999910593033,-0.18000000715255737,9.819999694824219,0.0,0.0,0.0,1019.7098999023438,19.280000686645508,0.5790128111839294,0.08067039400339127,0,0,0.0,0.0,0.0,0,0,-0.0004272591322660446,-41.36000061035156,0.010162663646042347,-0.964262843132019,0.0,187046,187076,2502443,187065,0,187076,STANDBY
-0.05000000074505806,-0.1899999976158142,9.8100004196167,0.0,0.0,0.0,1019.7098999023438,19.280000686645508,0.5790128111839294,0.05162905529141426,0,0,0.0,0.0,0.0,0,0,-0.00039674062281847,-41.36000061035156,0.010193182155489922,-0.963988184928894,0.0,187146,187176,2502538,187160,0,187176,STANDBY
-0.03999999910593033,-0.1899999976158142,9.8100004196167,0.0,0.0,0.0,1019.7115478515625,19.280000686645508,0.5660305023193359,-0.00850079394876957,0,0,0.0,0.0,0.0,0,0,-0.0003662221133708954,-41.36000061035156,0.010132145136594772,-0.9638050198554993,0.0,187246,187276,2502652,187275,0,187276,STANDBY
-0.03999999910593033,-0.1899999976158142,9.819999694824219,0.0,0.0,0.0,1019.7132568359375,19.280000686645508,0.5504516363143921,-0.05529288202524185,0,0,0.0,0.0,0.0,0,0,-0.0004272591322660446,-41.36000061035156,0.010193182155489922,-0.964079737663269,0.0,187346,187376,2502748,187370,0,187376,STANDBY
-0.05000000074505806,-0.18000000715255737,9.8100004196167,0.0,0.0,0.0,1019.7132568359375,19.280000686645508,0.5504516363143921,-0.035387445241212845,0,0,0.0,0.0,0.0,0,0,-0.00039674062281847,-41.36000061035156,0.010223700664937496,-0.964171290397644,0.0,187446,187476,2502843,187466,0,187476,STANDBY
-0.05000000074505806,-0.18000000715255737,9.8100004196167,0.0,0.0,0.0,1019.7156372070312,19.280000686645508,0.5322763919830322,-0.09534893929958344,0,0,0.0,0.0,0.0,0,0,-0.00030518509447574615,-41.36000061035156,0.010193182155489922,-0.964537501335144,0.0,187546,187576,2502939,187561,0,187576,STANDBY
-0.03999999910593033,-0.1899999976158142,9.8100004196167,0.0,0.0,0.0,1019.7156372070312,19.280000686645508,0.5322763919830322,-0.061023324728012085,0,0,0.0,0.0,0.0,0,0,-0.0003662221133708954,-41.36000061035156,0.010193182155489922,-0.964506983757019,0.0,187646,187676,2503034,187674,0,187676,STANDBY
-0.03999999910593033,-0.18000000715255737,9.819999694824219,0.0,0.0,0.0,1019.7132568359375,19.280000686645508,0.5504516363143921,0.033646050840616226,0,0,0.0,0.0,0.0,0,0,-0.00039674062281847,-41.36000061035156,0.010101626627147198,-0.9637745022773743,0.0,187746,187776,2503149,187771,0,187776,STANDBY
-0.05999999865889549,-0.1899999976158142,9.8100004196167,0.0,0.0,0.0,1019.7156372070312,19.280000686645508,0.5322763919830322,-0.051167502999305725,0,0,0.0,0.0,0.0,0,0,-0.00030518509447574615,-41.36000061035156,0.010101626627147198,-0.963927149772644,0.0,187846,187876,2503244,187867,0,187876,STANDBY
-0.05000000074505806,-0.18000000715255737,9.819999694824219,0.0,0.0,0.0,1019.7139282226562,19.280000686645508,0.5452587008476257,0.018163811415433884,0,0,0.0,0.0,0.0,0,0,-0.00027466658502817154,-41.36000061035156,0.010162663646042347,-0.964110255241394,0.0,187947,187976,2503340,187962,0,187976,STANDBY
-0.05000000074505806,-0.1899999976158142,9.8100004196167,0.0,0.0,0.0,1019.7122802734375,19.280000686645508,0.558241069316864,0.053168416023254395,0,0,0.0,0.0,0.0,0,0,-0.0002441480755805969,-41.36000061035156,0.010162663646042347,-0.963988184928894,0.0,188047,188076,2503436,188058,0,188076,STANDBY
-0.03999999910593033,-0.1899999976158142,9.819999694824219,0.0,0.0,0.0,1019.7122802734375,19.280000686645508,0.558241069316864,0.034027788788080215,0,0,0.0,0.0,0.0,0,0,-0.0003662221133708954,-41.36000061035156,0.010193182155489922,-0.964262843132019,0.0,188147,188176,2503549,188172,0,188176,STANDBY
-0.05000000074505806,-0.1899999976158142,9.819999694824219,0.0,0.0,0.0,1019.7106323242188,19.280000686645508,0.5712234377861023,0.06332136690616608,0,0,0.0,0.0,0.0,0,0,-0.0003662221133708954,-41.36000061035156,0.010284737683832645,-0.964232325553894,0.0,188247,188276,2503646,188268,0,188276,STANDBY
-0.029999999329447746,-0.18000000715255737,9.819999694824219,0.0,0.0,0.0,1019.7106323242188,19.280000686645508,0.5712234377861023,0.04052567481994629,0,0,0.0,0.0,0.0,0,0,-0.0004272591322660446,-41.36000061035156,0.010193182155489922,-0.964079737663269,0.0,188347,188376,2503741,188363,0,188376,STANDBY
-0.029999999329447746,-0.1899999976158142,9.819999694824219,0.0,0.0,0.0,1019.7089233398438,19.280000686645508,0.5868022441864014,0.07578861713409424,0,0,0.0,0.0,0.0,0,0,-0.0006103701889514923,-41.36000061035156,0.01025421917438507,-0.964506983757019,0.0,188447,188476,2503836,188459,0,188476,STANDBY
-0.03999999910593033,-0.18000000715255737,9.8100004196167,0.0,0.0,0.0,1019.7089233398438,19.280000686645508,0.5868022441864014,0.04850471764802933,0,0,0.0,0.0,0.0,0,0,-0.0006714072078466415,-41.36000061035156,0.010071108117699623,-0.964140772819519,0.0,188547,188576,2503951,188573,0,188576,STANDBY
-0.03999999910593033,-0.18000000715255737,9.819999694824219,0.0,0.0,0.0,1019.7089233398438,19.280000686645508,0.5868022441864014,0.031043021008372307,0,0,0.0,0.0,0.0,0,0,-0.0005798516795039177,-41.36000061035156,0.010040589608252048,-0.963896632194519,0.0,188647,188676,2504046,188675,0,188676,STANDBY
-0.05000000074505806,-0.17000000178813934,9.819999694824219,0.0,0.0,0.0,1019.7112426757812,19.290000915527344,0.5686269402503967,-0.0528336837887764,0,0,0.0,0.0,0.0,0,0,-0.0006103701889514923,-41.36000061035156,0.009949034079909325,-0.9638050198554993,0.0,188747,188776,2504142,188765,0,188776,STANDBY
-0.03999999910593033,-0.18000000715255737,9.819999694824219,0.0,0.0,0.0,1019.709716796875,19.290000915527344,0.5790128111839294,0.007729925215244293,0,0,0.0,0.0,0.0,0,0,-0.0005493331700563431,-41.36000061035156,0.0099795525893569,-0.963896632194519,0.0,188847,188876,2504238,188860,0,188876,STANDBY
-0.03999999910593033,-0.18000000715255737,9.819999694824219,0.0,0.0,0.0,1019.7080688476562,19.290000915527344,0.5919951796531677,0.05687662586569786,0,0,0.0,0.0,0.0,0,0,-0.0006103701889514923,-41.36000061035156,0.010010071098804474,-0.964598536491394,0.0,188947,188976,2504352,188975,0,188976,STANDBY
-0.03999999910593033,-0.18000000715255737,9.8100004196167,0.0,0.0,0.0,1019.7064208984375,19.290000915527344,0.6075739860534668,0.08625322580337524,0,0,0.0,0.0,0.0,0,0,-0.0006408886983990669,-41.36000061035156,0.010010071098804474,-0.964568018913269,0.0,189047,189076,2504448,189070,0,189076,STANDBY
-0.03999999910593033,-0.17000000178813934,9.819999694824219,0.0,0.0,0.0,1019.7064208984375,19.290000915527344,0.6075739860534668,0.05520206689834595,0,0,0.0,0.0,0.0,0,0,-0.0006103701889514923,-41.36000061035156,0.010010071098804474,-0.964842677116394,0.0,189147,189176,2504544,189166,0,189176,STANDBY
-0.03999999910593033,-0.18000000715255737,9.8100004196167,0.0,0.0,0.0,1019.7047119140625,19.290000915527344,0.6205563545227051,0.07687290757894516,0,0,0.0,0.0,0.0,0,0,-0.0006408886983990669,-41.36000061035156,0.0099795525893569,-0.965147852897644,0.0,189247,189276,2504639,189261,0,189276,STANDBY
-0.05000000074505806,-0.18000000715255737,9.8100004196167,0.0,0.0,0.0,1019.7080688476562,19.290000915527344,0.5919951796531677,-0.042197100818157196,0,0,0.0,0.0,0.0,0,0,-0.0005493331700563431,-41.36000061035156,0.00991851557046175,-0.965208888053894,0.0,189347,189376,2504734,189357,0,189376,STANDBY
-0.03999999910593033,-0.18000000715255737,9.8100004196167,0.0,0.0,0.0,1019.709716796875,19.290000915527344,0.5790128111839294,-0.06773515045642853,0,0,0.0,0.0,0.0,0,0,-0.0004882961511611938,-41.36000061035156,0.009887997061014175,-0.964995265007019,0.0,189448,189476,2504849,189471,0,189476,STANDBY
-0.05000000074505806,-0.17000000178813934,9.819999694824219,0.0,0.0,0.0,1019.71533203125,19.290000915527344,0.534872829914093,-0.1949843317270279,0,0,0.0,0.0,0.0,0,0,-0.00045777764171361923,-41.36000061035156,0.009887997061014175,-0.964964747428894,0.0,189548,189576,2504945,189568,0,189576,STANDBY
-0.05000000074505806,-0.18000000715255737,9.829999923706055,0.0,0.0,0.0,1019.7169799804688,19.290000915527344,0.5218904614448547,-0.17671945691108704,0,0,0.0,0.0,0.0,0,0,-0.0004272591322660446,-41.36000061035156,0.0099795525893569,-0.964842677116394,0.0,189648,189679,2505040,189679,0,189679,STANDBY
-0.03999999910593033,-0.17000000178813934,9.819999694824219,0.0,0.0,0.0,1019.7129516601562,19.290000915527344,0.5530481338500977,0.011530227959156036,0,0,0.0,0.0,0.0,0,0,-0.0004272591322660446,-41.36000061035156,0.009949034079909325,-0.964812159538269,0.0,189748,189779,2505155,189777,0,189779,STANDBY
-0.03999999910593033,-0.1899999976158142,9.819999694824219,0.0,0.0,0.0,1019.7169799804688,19.290000915527344,0.5218904614448547,-0.11725134402513504,0,0,0.0,0.0,0.0,0,0,-0.0004882961511611938,-41.36000061035156,0.009949034079909325,-0.964506983757019,0.0,189848,189879,2505250,189873,0,189879,STANDBY
-0.03999999910593033,-0.18000000715255737,9.819999694824219,0.0,0.0,0.0,1019.7169799804688,19.290000915527344,0.5218904614448547,-0.07504086196422577,0,0,0.0,0.0,0.0,0,0,-0.0005493331700563431,-41.36000061035156,0.009887997061014175,-0.964110255241394,0.0,189948,189979,2505346,189968,0,189979,STANDBY
-0.05000000074505806,-0.18000000715255737,9.819999694824219,0.0,0.0,0.0,1019.7185668945312,19.290000915527344,0.5089081525802612,-0.08956954628229141,0,0,0.0,0.0,0.0,0,0,-0.0005493331700563431,-41.36000061035156,0.009887997061014175,-0.964232325553894,0.0,190048,190080,2505441,190064,0,190080,STANDBY
-0.03999999910593033,-0.18000000715255737,9.8100004196167,0.0,0.0,0.0,1019.714599609375,19.290000915527344,0.5400657653808594,0.04237985238432884,0,0,0.0,0.0,0.0,0,0,-0.0006408886983990669,-41.36000061035156,0.0098574785515666,-0.9637134671211243,0.0,190148,190180,2505555,190178,0,190180,STANDBY
-0.03999999910593033,-0.1899999976158142,9.819999694824219,0.0,0.0,0.0,1019.7129516601562,19.290000915527344,0.5530481338500977,0.06866668909788132,0,0,0.0,0.0,0.0,0,0,-0.0006408886983990669,-41.36000061035156,0.009796441532671452,-0.9634693264961243,0.0,190248,190280,2505652,190274,0,190280,STANDBY
-0.03999999910593033,-0.18000000715255737,9.8100004196167,0.0,0.0,0.0,1019.7185668945312,19.290000915527344,0.5089081525802612,-0.09730125963687897,0,0,0.0,0.0,0.0,0,0,-0.0006408886983990669,-41.36000061035156,0.009796441532671452,-0.9633777737617493,0.0,190348,190380,2505747,190369,0,190380,STANDBY
-0.03999999910593033,-0.18000000715255737,9.8100004196167,0.0,0.0,0.0,1019.7169799804688,19.290000915527344,0.5218904614448547,-0.020729416981339455,0,0,0.0,0.0,0.0,0,0,-0.0005798516795039177,-41.36000061035156,0.0098574785515666,-0.9638050198554993,0.0,190448,190480,2505842,190465,0,190480,STANDBY
-0.03999999910593033,-0.17000000178813934,9.829999923706055,0.0,0.0,0.0,1019.7185668945312,19.290000915527344,0.5089081525802612,-0.06519605964422226,0,0,0.0,0.0,0.0,0,0,-0.0005188146606087685,-41.36000061035156,0.009796441532671452,-0.963988184928894,0.0,190548,190580,2505957,190579,0,190580,STANDBY
-0.029999999329447746,-0.17000000178813934,9.819999694824219,0.0,0.0,0.0,1019.7185668945312,19.290000915527344,0.5089081525802612,-0.04172547906637192,0,0,0.0,0.0,0.0,0,0,-0.0005493331700563431,-41.36000061035156,0.009735404513776302,-0.964079737663269,0.0,190648,190680,2506034,190675,0,190680,STANDBY
-0.05000000074505806,-0.18000000715255737,9.819999694824219,0.0,0.0,0.0,1019.7169799804688,19.290000915527344,0.5218904614448547,0.025224925950169563,0,0,0.0,0.0,0.0,0,0,-0.0005493331700563431,-41.36000061035156,0.009704886004328728,-0.964140772819519,0.0,190748,190780,2506148,190771,0,190780,STANDBY
-0.05000000074505806,-0.17000000178813934,9.819999694824219,0.0,0.0,0.0,1019.71533203125,19.290000915527344,0.534872829914093,0.06807342916727066,0,0,0.0,0.0,0.0,0,0,-0.0005188146606087685,-41.36000061035156,0.0098574785515666,-0.964781641960144,0.0,190848,190880,2506244,190866,0,190880,STANDBY
-0.03999999910593033,-0.18000000715255737,9.819999694824219,0.0,0.0,0.0,1019.713623046875,19.290000915527344,0.5478551983833313,0.09549647569656372,0,0,0.0,0.0,0.0,0,0,-0.0005188146606087685,-41.36000061035156,0.0098574785515666,-0.964751124382019,0.0,190948,190980,2506339,190961,0,190980,STANDBY
-0.029999999329447746,-0.18000000715255737,9.819999694824219,0.0,0.0,0.0,1019.713623046875,19.290000915527344,0.5478551983833313,0.0611177459359169,0,0,0.0,0.0,0.0,0,0,-0.0006103701889514923,-41.36000061035156,0.009796441532671452,-0.964293360710144,0.0,191048,191080,2506454,191076,0,191080,STANDBY
-0.03999999910593033,-0.1899999976158142,9.819999694824219,0.0,0.0,0.0,1019.7120361328125,19.290000915527344,0.5608375072479248,0.08065874874591827,0,0,0.0,0.0,0.0,0,0,-0.0006408886983990669,-41.36000061035156,0.009826960042119026,-0.964201807975769,0.0,191148,191180,2506549,191171,0,191180,STANDBY
-0.03999999910593033,-0.18000000715255737,9.819999694824219,0.0,0.0,0.0,1019.713623046875,19.290000915527344,0.5478551983833313,0.010078209452331066,0,0,0.0,0.0,0.0,0,0,-0.0006103701889514923,-41.36000061035156,0.00991851557046175,-0.964537501335144,0.0,191248,191280,2506645,191267,0,191280,STANDBY
-0.03999999910593033,-0.18000000715255737,9.819999694824219,0.0,0.0,0.0,1019.71533203125,19.290000915527344,0.534872829914093,-0.0350935272872448,0,0,0.0,0.0,0.0,0,0,-0.0007324442267417908,-41.36000061035156,0.0098574785515666,-0.964110255241394,0.0,191348,191380,2506740,191363,0,191380,STANDBY
-0.03999999910593033,-0.18000000715255737,9.8100004196167,0.0,0.0,0.0,1019.71533203125,19.290000915527344,0.534872829914093,-0.022459857165813446,0,0,0.0,0.0,0.0,0,0,-0.0007324442267417908,-41.36000061035156,0.009826960042119026,-0.964049220085144,0.0,191448,191480,2506855,191477,0,191480,STANDBY
-0.03999999910593033,-0.17000000178813934,9.829999923706055,0.0,0.0,0.0,1019.713623046875,19.290000915527344,0.5478551983833313,0.02716927044093609,0,0,0.0,0.0,0.0,0,0,-0.0006714072078466415,-41.36000061035156,0.009735404513776302,-0.964018702507019,0.0,191548,191580,2506950,191572,0,191580,STANDBY
-0.05000000074505806,-0.18000000715255737,9.819999694824219,0.0,0.0,0.0,1019.7120361328125,19.290000915527344,0.5608375072479248,0.06931757181882858,0,0,0.0,0.0,0.0,0,0,-0.0007324442267417908,-41.36000061035156,0.009765923023223877,-0.964201807975769,0.0,191648,191680,2507045,191677,0,191680,STANDBY
-0.05000000074505806,-0.18000000715255737,9.819999694824219,0.0,0.0,0.0,1019.7120361328125,19.290000915527344,0.5608375072479248,0.044363245368003845,0,0,0.0,0.0,0.0,0,0,-0.0006103701889514923,-41.36000061035156,0.009796441532671452,-0.964293360710144,0.0,191748,191780,2507142,191764,0,191780,STANDBY
-0.03999999910593033,-0.18000000715255737,9.819999694824219,0.0,0.0,0.0,1019.7159423828125,19.290000915527344,0.5296798944473267,-0.09623797237873077,0,0,0.0,0.0,0.0,0,0,-0.0006714072078466415,-41.36000061035156,0.009735404513776302,-0.964415431022644,0.0,191848,191880,2507256,191879,0,191880,STANDBY
-0.05000000074505806,-0.18000000715255737,9.819999694824219,0.0,0.0,0.0,1019.71435546875,19.290000915527344,0.5426622629165649,-0.00966283306479454,0,0,0.0,0.0,0.0,0,0,-0.0005798516795039177,-41.36000061035156,0.009796441532671452,-0.964415431022644,0.0,191948,191980,2507352,191974,0,191980,STANDBY
-0.05000000074505806,-0.18000000715255737,9.819999694824219,0.0,0.0,0.0,1019.712646484375,19.290000915527344,0.5556445717811584,0.04574502259492874,0,0,0.0,0.0,0.0,0,0,-0.00045777764171361923,-41.36000061035156,0.009887997061014175,-0.964598536491394,0.0,192048,192080,2507447,192069,0,192080,STANDBY
-0.03999999910593033,-0.18000000715255737,9.819999694824219,0.0,0.0,0.0,1019.7109985351562,19.290000915527344,0.5686269402503967,0.0708203911781311,0,0,0.0,0.0,0.0,0,0,-0.00045777764171361923,-41.36000061035156,0.00991851557046175,-0.964659571647644,0.0,192148,192180,2507542,192164,0,192180,STANDBY
-0.03999999910593033,-0.18000000715255737,9.829999923706055,0.0,0.0,0.0,1019.707763671875,19.290000915527344,0.5945916175842285,0.12841202318668365,0,0,0.0,0.0,0.0,0,0,-0.0005798516795039177,-41.36000061035156,0.009735404513776302,-0.964781641960144,0.0,192248,192280,2507657,192279,0,192280,STANDBY
-0.03999999910593033,-0.17000000178813934,9.819999694824219,0.0,0.0,0.0,1019.7117309570312,19.290000915527344,0.5634340047836304,-0.015565681271255016,0,0,0.0,0.0,0.0,0,0,-0.0004882961511611938,-41.36000061035156,0.009643848985433578,-0.964415431022644,0.0,192349,192380,2507753,192375,0,192380,STANDBY
-0.03999999910593033,-0.1899999976158142,9.819999694824219,0.0,0.0,0.0,1019.7117309570312,19.290000915527344,0.5634340047836304,-0.009962036274373531,0,0,0.0,0.0,0.0,0,0,-0.0005493331700563431,-41.36000061035156,0.009643848985433578,-0.964537501335144,0.0,192449,192480,2507848,192471,0,192480,STANDBY
-0.03999999910593033,-0.1899999976158142,9.8100004196167,0.0,0.0,0.0,1019.7100219726562,19.290000915527344,0.5764163732528687,0.0351678766310215,0,0,0.0,0.0,0.0,0,0,-0.0006103701889514923,-41.36000061035156,0.009735404513776302,-0.964598536491394,0.0,192549,192580,2507943,192566,0,192580,STANDBY
-0.03999999910593033,-0.1899999976158142,9.819999694824219,0.0,0.0,0.0,1019.7117309570312,19.290000915527344,0.5634340047836304,-0.029422031715512276,0,0,0.0,0.0,0.0,0,0,-0.0005188146606087685,-41.36000061035156,0.009826960042119026,-0.964812159538269,0.0,192649,192680,2508039,192678,0,192680,STANDBY
-0.03999999910593033,-0.1899999976158142,9.819999694824219,0.0,0.0,0.0,1019.7117309570312,19.290000915527344,0.5634340047836304,-0.018830101937055588,0,0,0.0,0.0,0.0,0,0,-0.0004882961511611938,-41.36000061035156,0.009949034079909325,-0.964751124382019,0.0,192749,192780,2508153,192776,0,192780,STANDBY
-0.03999999910593033,-0.17000000178813934,9.819999694824219,0.0,0.0,0.0,1019.7100219726562,19.290000915527344,0.5764163732528687,0.03987820819020271,0,0,0.0,0.0,0.0,0,0,-0.0005188146606087685,-41.36000061035156,0.0098574785515666,-0.964537501335144,0.0,192849,192880,2508250,192872,0,192880,STANDBY
-0.03999999910593033,-0.18000000715255737,9.819999694824219,0.0,0.0,0.0,1019.7123413085938,19.299999237060547,0.558241069316864,-0.04717916250228882,0,0,0.0,0.0,0.0,0,0,-0.0004882961511611938,-41.36000061035156,0.009826960042119026,-0.964232325553894,0.0,192949,192980,2508345,192967,0,192980,STANDBY
-0.05000000074505806,-0.1899999976158142,9.8100004196167,0.0,0.0,0.0,1019.7107543945312,19.299999237060547,0.5712234377861023,0.02173480950295925,0,0,0.0,0.0,0.0,0,0,-0.0005188146606087685,-41.36000061035156,0.009796441532671452,-0.9638660550117493,0.0,193049,193080,2508440,193063,0,193080,STANDBY
-0.03999999910593033,-0.1899999976158142,9.819999694824219,0.0,0.0,0.0,1019.7107543945312,19.299999237060547,0.5712234377861023,0.013910278677940369,0,0,0.0,0.0,0.0,0,0,-0.00045777764171361923,-41.36000061035156,0.009887997061014175,-0.963957667350769,0.0,193149,193180,2508555,193177,0,193180,STANDBY
-0.05000000074505806,-0.18000000715255737,9.819999694824219,0.0,0.0,0.0,1019.7090454101562,19.299999237060547,0.5842057466506958,0.05044597014784813,0,0,0.0,0.0,0.0,0,0,-0.0003662221133708954,-41.36000061035156,0.009887997061014175,-0.964049220085144,0.0,193249,193280,2508651,193273,0,193280,STANDBY
-0.05000000074505806,-0.18000000715255737,9.819999694824219,0.0,0.0,0.0,1019.70751953125,19.299999237060547,0.5971881151199341,0.07382900267839432,0,0,0.0,0.0,0.0,0,0,-0.00039674062281847,-41.36000061035156,0.009887997061014175,-0.9637439846992493,0.0,193349,193380,2508746,193369,0,193380,STANDBY
-0.029999999329447746,-0.18000000715255737,9.819999694824219,0.0,0.0,0.0,1019.705810546875,19.299999237060547,0.6127669215202332,0.09710274636745453,0,0,0.0,0.0,0.0,0,0,-0.00045777764171361923,-41.36000061035156,0.0098574785515666,-0.963927149772644,0.0,193449,193480,2508841,193464,0,193480,STANDBY
-0.03999999910593033,-0.17000000178813934,9.829999923706055,0.0,0.0,0.0,1019.7041625976562,19.299999237060547,0.6257492899894714,0.11407522857189178,0,0,0.0,0.0,0.0,0,0,-0.0005188146606087685,-41.36000061035156,0.0098574785515666,-0.964079737663269,0.0,193549,193580,2508956,193579,0,193580,STANDBY
-0.05000000074505806,-0.18000000715255737,9.819999694824219,0.0,0.0,0.0,1019.7064819335938,19.299999237060547,0.604977548122406,0.01692447066307068,0,0,0.0,0.0,0.0,0,0,-0.0004882961511611938,-41.36000061035156,0.0098574785515666,-0.964232325553894,0.0,193649,193680,2509033,193677,0,193680,STANDBY
-0.05000000074505806,-0.1899999976158142,9.819999694824219,0.0,0.0,0.0,1019.704833984375,19.299999237060547,0.6205563545227051,0.07192502170801163,0,0,0.0,0.0,0.0,0,0,-0.0004272591322660446,-41.36000061035156,0.0099795525893569,-0.964293360710144,0.0,193750,193780,2509148,193770,0,193780,STANDBY
-0.03999999910593033,-0.18000000715255737,9.8100004196167,0.0,0.0,0.0,1019.7033081054688,19.299999237060547,0.6309422254562378,0.08757549524307251,0,0,0.0,0.0,0.0,0,0,-0.0004272591322660446,-41.36000061035156,0.010040589608252048,-0.964415431022644,0.0,193850,193880,2509243,193865,0,193880,STANDBY
-0.05000000074505806,-0.18000000715255737,9.819999694824219,0.0,0.0,0.0,1019.7033081054688,19.299999237060547,0.6309422254562378,0.05604831501841545,0,0,0.0,0.0,0.0,0,0,-0.0004272591322660446,-41.36000061035156,0.010071108117699623,-0.964415431022644,0.0,193950,193980,2509338,193960,0,193980,STANDBY
-0.03999999910593033,-0.18000000715255737,9.819999694824219,0.0,0.0,0.0,1019.7033081054688,19.299999237060547,0.6309422254562378,0.03587092086672783,0,0,0.0,0.0,0.0,0,0,-0.00045777764171361923,-41.36000061035156,0.010040589608252048,-0.964445948600769,0.0,194050,194080,2509453,194075,0,194080,STANDBY
-0.05000000074505806,-0.17000000178813934,9.819999694824219,0.0,0.0,0.0,1019.7052612304688,19.299999237060547,0.6153634190559387,-0.026894791051745415,0,0,0.0,0.0,0.0,0,0,-0.0004272591322660446,-41.36000061035156,0.0099795525893569,-0.964842677116394,0.0,194150,194180,2509548,194170,0,194180,STANDBY
-0.03999999910593033,-0.18000000715255737,9.819999694824219,0.0,0.0,0.0,1019.7052612304688,19.299999237060547,0.6153634190559387,-0.01721266657114029,0,0,0.0,0.0,0.0,0,0,-0.00039674062281847,-41.36000061035156,0.00991851557046175,-0.964568018913269,0.0,194250,194280,2509643,194266,0,194280,STANDBY
-0.03999999910593033,-0.1899999976158142,9.829999923706055,0.0,0.0,0.0,1019.7052612304688,19.299999237060547,0.6153634190559387,-0.01101610716432333,0,0,0.0,0.0,0.0,0,0,-0.0005798516795039177,-41.36000061035156,0.010010071098804474,-0.964781641960144,0.0,194350,194380,2509740,194362,0,194380,STANDBY
-0.03999999910593033,-0.18000000715255737,9.819999694824219,0.0,0.0,0.0,1019.7019653320312,19.299999237060547,0.6439245939254761,0.08434545248746872,0,0,0.0,0.0,0.0,0,0,-0.0005188146606087685,-41.36000061035156,0.009949034079909325,-0.964293360710144,0.0,194450,194480,2509854,194477,0,194480,STANDBY
-0.05000000074505806,-0.18000000715255737,9.819999694824219,0.0,0.0,0.0,1019.7019653320312,19.299999237060547,0.6439245939254761,0.05398109182715416,0,0,0.0,0.0,0.0,0,0,-0.0005188146606087685,-41.36000061035156,0.0099795525893569,-0.964079737663269,0.0,194550,194580,2509949,194572,0,194580,STANDBY
-0.03999999910593033,-0.18000000715255737,9.819999694824219,0.0,0.0,0.0,1019.7003173828125,19.299999237060547,0.6569069027900696,0.086477130651474,0,0,0.0,0.0,0.0,0,0,-0.0005188146606087685,-41.36000061035156,0.010010071098804474,-0.964293360710144,0.0,194650,194680,2510045,194677,0,194680,STANDBY
-0.05000000074505806,-0.18000000715255737,9.819999694824219,0.0,0.0,0.0,1019.7019653320312,19.299999237060547,0.6439245939254761,0.00341612845659256,0,0,0.0,0.0,0.0,0,0,-0.0004882961511611938,-41.36000061035156,0.0099795525893569,-0.964568018913269,0.0,194750,194780,2510140,194762,0,194780,STANDBY
-0.03999999910593033,-0.18000000715255737,9.819999694824219,0.0,0.0,0.0,1019.7019653320312,19.299999237060547,0.6439245939254761,0.0021863223519176245,0,0,0.0,0.0,0.0,0,0,-0.0005493331700563431,-41.36000061035156,0.009949034079909325,-0.964537501335144,0.0,194850,194880,2510255,194877,0,194880,STANDBY
-0.03999999910593033,-0.18000000715255737,9.8100004196167,0.0,0.0,0.0,1019.7019653320312,19.299999237060547,0.6439245939254761,0.0013992463937029243,0,0,0.0,0.0,0.0,0,0,-0.0004272591322660446,-41.36000061035156,0.00991851557046175,-0.964110255241394,0.0,194950,194980,2510350,194972,0,194980,STANDBY
-0.05000000074505806,-0.18000000715255737,9.819999694824219,0.0,0.0,0.0,1019.7019653320312,19.299999237060547,0.6439245939254761,0.0008955177036114037,0,0,0.0,0.0,0.0,0,0,-0.00045777764171361923,-41.36000061035156,0.0099795525893569,-0.964629054069519,0.0,195050,195080,2510446,195068,0,195080,STANDBY
-0.05000000074505806,-0.18000000715255737,9.819999694824219,0.0,0.0,0.0,1019.7019653320312,19.299999237060547,0.6439245939254761,0.0005731313722208142,0,0,0.0,0.0,0.0,0,0,-0.00045777764171361923,-41.36000061035156,0.009887997061014175,-0.964110255241394,0.0,195150,195180,2510541,195164,0,195180,STANDBY
-0.03999999910593033,-0.17000000178813934,9.829999923706055,0.0,0.0,0.0,1019.7019653320312,19.299999237060547,0.6439245939254761,0.00036680407356470823,0,0,0.0,0.0,0.0,0,0,-0.0004272591322660446,-41.36000061035156,0.0098574785515666,-0.9636524319648743,0.0,195250,195280,2510656,195278,0,195280,STANDBY
-0.05000000074505806,-0.1899999976158142,9.8100004196167,0.0,0.0,0.0,1019.70361328125,19.299999237060547,0.6283457279205322,-0.04961761459708214,0,0,0.0,0.0,0.0,0,0,-0.0004272591322660446,-41.36000061035156,0.009949034079909325,-0.964323878288269,0.0,195350,195380,2510751,195374,0,195380,STANDBY
-0.03999999910593033,-0.17000000178813934,9.819999694824219,0.0,0.0,0.0,1019.70361328125,19.299999237060547,0.6283457279205322,-0.03175527602434158,0,0,0.0,0.0,0.0,0,0,-0.0004272591322660446,-41.36000061035156,0.0098574785515666,-0.964354395866394,0.0,195450,195480,2510846,195469,0,195480,STANDBY
-0.05000000074505806,-0.17000000178813934,9.819999694824219,0.0,0.0,0.0,1019.70361328125,19.299999237060547,0.6283457279205322,-0.02032337710261345,0,0,0.0,0.0,0.0,0,0,-0.00045777764171361923,-41.36000061035156,0.0098574785515666,-0.964720606803894,0.0,195550,195580,2510943,195565,0,195580,STANDBY
-0.05000000074505806,-0.17000000178813934,9.8100004196167,0.0,0.0,0.0,1019.7052612304688,19.299999237060547,0.6153634190559387,-0.06493619829416275,0,0,0.0,0.0,0.0,0,0,-0.00045777764171361923,-41.36000061035156,0.0098574785515666,-0.964781641960144,0.0,195650,195686,2511038,195686,0,195686,STANDBY
-0.05000000074505806,-0.17000000178813934,9.819999694824219,0.0,0.0,0.0,1019.70361328125,19.299999237060547,0.6283457279205322,0.010370064526796341,0,0,0.0,0.0,0.0,0,0,-0.0004882961511611938,-41.36000061035156,0.009796441532671452,-0.964690089225769,0.0,195750,195786,2511153,195775,0,195786,STANDBY
-0.05000000074505806,-0.18000000715255737,9.819999694824219,0.0,0.0,0.0,1019.70361328125,19.299999237060547,0.6283457279205322,0.0066368416883051395,0,0,0.0,0.0,0.0,0,0,-0.0004272591322660446,-41.36000061035156,0.009826960042119026,-0.964079737663269,0.0,195850,195886,2511248,195870,0,195886,STANDBY
-0.03999999910593033,-0.18000000715255737,9.819999694824219,0.0,0.0,0.0,1019.70361328125,19.299999237060547,0.6283457279205322,0.004247578792273998,0,0,0.0,0.0,0.0,0,0,-0.0004272591322660446,-41.36000061035156,0.009826960042119026,-0.9638355374336243,0.0,195950,195986,2511363,195985,0,195986,STANDBY
-0.03999999910593033,-0.18000000715255737,9.819999694824219,0.0,0.0,0.0,1019.7019653320312,19.299999237060547,0.6439245939254761,0.0650339126586914,0,0,0.0,0.0,0.0,0,0,-0.0005188146606087685,-41.36000061035156,0.0099795525893569,-0.964323878288269,0.0,196050,196086,2511458,196080,0,196086,STANDBY
-0.05000000074505806,-0.18000000715255737,9.819999694824219,0.0,0.0,0.0,1019.7019653320312,19.299999237060547,0.6439245939254761,0.04162170737981796,0,0,0.0,0.0,0.0,0,0,-0.0005798516795039177,-41.36000061035156,0.009949034079909325,-0.964232325553894,0.0,196150,196186,2511553,196175,0,196186,STANDBY
-0.05000000074505806,-0.18000000715255737,9.829999923706055,0.0,0.0,0.0,1019.7003173828125,19.299999237060547,0.6569069027900696,0.06818128377199173,0,0,0.0,0.0,0.0,0,0,-0.0005798516795039177,-41.36000061035156,0.00991851557046175,-0.9635913968086243,0.0,196250,196286,2511648,196271,0,196286,STANDBY
-0.05000000074505806,-0.1899999976158142,9.8100004196167,0.0,0.0,0.0,1019.7003173828125,19.299999237060547,0.6569069027900696,0.0436360202729702,0,0,0.0,0.0,0.0,0,0,-0.0004882961511611938,-41.36000061035156,0.0099795525893569,-0.9632862210273743,0.0,196350,196386,2511763,196385,0,196386,STANDBY
-0.029999999329447746,-0.18000000715255737,9.819999694824219,0.0,0.0,0.0,1019.7019653320312,19.299999237060547,0.6439245939254761,-0.013616335578262806,0,0,0.0,0.0,0.0,0,0,-0.0005188146606087685,-41.36000061035156,0.0099795525893569,-0.9631641507148743,0.0,196450,196486,2511858,196481,0,196486,STANDBY
-0.05000000074505806,-0.17000000178813934,9.819999694824219,0.0,0.0,0.0,1019.7019653320312,19.299999237060547,0.6439245939254761,-0.008714455179870129,0,0,0.0,0.0,0.0,0,0,-0.00039674062281847,-41.36000061035156,0.009949034079909325,-0.9632557034492493,0.0,196550,196586,2511953,196576,0,196586,STANDBY
-0.03999999910593033,-0.17000000178813934,9.829999923706055,0.0,0.0,0.0,1019.7042846679688,19.299999237060547,0.6231527924537659,-0.09640292823314667,0,0,0.0,0.0,0.0,0,0,-0.00039674062281847,-41.36000061035156,0.00991851557046175,-0.9637439846992493,0.0,196651,196686,2512050,196681,0,196686,STANDBY
-0.03999999910593033,-0.17000000178813934,9.829999923706055,0.0,0.0,0.0,1019.70263671875,19.299999237060547,0.6361351609230042,-0.009768404066562653,0,0,0.0,0.0,0.0,0,0,-0.0004882961511611938,-41.36000061035156,0.009887997061014175,-0.963988184928894,0.0,196751,196786,2512145,196767,0,196786,STANDBY
-0.029999999329447746,-0.18000000715255737,9.819999694824219,0.0,0.0,0.0,1019.70263671875,19.299999237060547,0.6361351609230042,-0.006251778453588486,0,0,0.0,0.0,0.0,0,0,-0.0005798516795039177,-41.36000061035156,0.00991851557046175,-0.964140772819519,0.0,196851,196886,2512260,196882,0,196886,STANDBY
-0.05000000074505806,-0.18000000715255737,9.829999923706055,0.0,0.0,0.0,1019.700927734375,19.299999237060547,0.6517139673233032,0.058314088732004166,0,0,0.0,0.0,0.0,0,0,-0.0005493331700563431,-41.36000061035156,0.0098574785515666,-0.964110255241394,0.0,196951,196986,2512355,196977,0,196986,STANDBY
-0.029999999329447746,-0.1899999976158142,9.819999694824219,0.0,0.0,0.0,1019.700927734375,19.299999237060547,0.6517139673233032,0.03732101619243622,0,0,0.0,0.0,0.0,0,0,-0.0005798516795039177,-41.36000061035156,0.00991851557046175,-0.964293360710144,0.0,197051,197086,2512450,197072,0,197086,STANDBY
-0.03999999910593033,-0.18000000715255737,9.8100004196167,0.0,0.0,0.0,1019.7033081054688,19.309999465942383,0.6309422254562378,-0.05920151621103287,0,0,0.0,0.0,0.0,0,0,-0.0006408886983990669,-41.36000061035156,0.0099795525893569,-0.963896632194519,0.0,197151,197186,2512545,197168,0,197186,STANDBY
-0.03999999910593033,-0.18000000715255737,9.819999694824219,0.0,0.0,0.0,1019.70166015625,19.309999465942383,0.6439245939254761,0.0036546082701534033,0,0,0.0,0.0,0.0,0,0,-0.0007324442267417908,-41.36000061035156,0.0099795525893569,-0.964201807975769,0.0,197251,197286,2512660,197282,0,197286,STANDBY
-0.03999999910593033,-0.17000000178813934,9.819999694824219,0.0,0.0,0.0,1019.6994018554688,19.299999237060547,0.6646963357925415,0.06880852580070496,0,0,0.0,0.0,0.0,0,0,-0.0007019257172942162,-41.36000061035156,0.010010071098804474,-0.964354395866394,0.0,197351,197386,2512755,197378,0,197386,STANDBY
-0.03999999910593033,-0.18000000715255737,9.829999923706055,0.0,0.0,0.0,1019.70166015625,19.309999465942383,0.6439245939254761,-0.02243211679160595,0,0,0.0,0.0,0.0,0,0,-0.0006714072078466415,-41.36000061035156,0.010071108117699623,-0.964537501335144,0.0,197451,197486,2512851,197474,0,197486,STANDBY
-0.03999999910593033,-0.17000000178813934,9.819999694824219,0.0,0.0,0.0,1019.70166015625,19.309999465942383,0.6439245939254761,-0.014356555417180061,0,0,0.0,0.0,0.0,0,0,-0.0006103701889514923,-41.36000061035156,0.0099795525893569,-0.964476466178894,0.0,197551,197586,2512947,197569,0,197586,STANDBY
-0.03999999910593033,-0.1899999976158142,9.819999694824219,0.0,0.0,0.0,1019.7000122070312,19.309999465942383,0.6595034003257751,0.040663983672857285,0,0,0.0,0.0,0.0,0,0,-0.0005798516795039177,-41.36000061035156,0.0099795525893569,-0.965025782585144,0.0,197651,197686,2513061,197684,0,197686,STANDBY
-0.05000000074505806,-0.1899999976158142,9.8100004196167,0.0,0.0,0.0,1019.6984252929688,19.309999465942383,0.6724857687950134,0.07795442640781403,0,0,0.0,0.0,0.0,0,0,-0.0006408886983990669,-41.36000061035156,0.010040589608252048,-0.964354395866394,0.0,197751,197786,2513157,197779,0,197786,STANDBY
-0.03999999910593033,-0.18000000715255737,9.819999694824219,0.0,0.0,0.0,1019.6967163085938,19.309999465942383,0.6854680776596069,0.10182006657123566,0,0,0.0,0.0,0.0,0,0,-0.0006714072078466415,-41.36000061035156,0.010010071098804474,-0.964506983757019,0.0,197851,197886,2513252,197874,0,197886,STANDBY
-0.03999999910593033,-0.18000000715255737,9.819999694824219,0.0,0.0,0.0,1019.695068359375,19.309999465942383,0.6984504461288452,0.11709432303905487,0,0,0.0,0.0,0.0,0,0,-0.0007019257172942162,-41.36000061035156,0.009949034079909325,-0.963896632194519,0.0,197951,197986,2513347,197969,0,197986,STANDBY
-0.03999999910593033,-0.1899999976158142,9.819999694824219,0.0,0.0,0.0,1019.6967163085938,19.309999465942383,0.6854680776596069,0.023010894656181335,0,0,0.0,0.0,0.0,0,0,-0.0006714072078466415,-41.36000061035156,0.010010071098804474,-0.964384913444519,0.0,198051,198086,2513462,198084,0,198086,STANDBY
-0.05000000074505806,-0.18000000715255737,9.819999694824219,0.0,0.0,0.0,1019.6984252929688,19.309999465942383,0.6724857687950134,-0.03720226138830185,0,0,0.0,0.0,0.0,0,0,-0.0006408886983990669,-41.36000061035156,0.010010071098804474,-0.963957667350769,0.0,198152,198187,2513557,198179,0,198187,STANDBY
-0.03999999910593033,-0.17000000178813934,9.819999694824219,0.0,0.0,0.0,1019.7000122070312,19.309999465942383,0.6595034003257751,-0.06535302847623825,0,0,0.0,0.0,0.0,0,0,-0.0006714072078466415,-41.36000061035156,0.0099795525893569,-0.963988184928894,0.0,198252,198287,2513652,198275,0,198287,STANDBY
-0.03999999910593033,-0.18000000715255737,9.819999694824219,0.0,0.0,0.0,1019.6984252929688,19.309999465942383,0.6724857687950134,-0.00028235913487151265,0,0,0.0,0.0,0.0,0,0,-0.0006103701889514923,-41.36000061035156,0.00991851557046175,-0.964018702507019,0.0,198352,198387,2513748,198371,0,198387,STANDBY
-0.05999999865889549,-0.18000000715255737,9.8100004196167,0.0,0.0,0.0,1019.6984252929688,19.309999465942383,0.6724857687950134,-0.0001807098597055301,0,0,0.0,0.0,0.0,0,0,-0.0004882961511611938,-41.36000061035156,0.010010071098804474,-0.964049220085144,0.0,198452,198487,2513862,198486,0,198487,STANDBY
-0.05000000074505806,-0.1899999976158142,9.819999694824219,0.0,0.0,0.0,1019.7023315429688,19.309999465942383,0.6387316584587097,-0.10812880843877792,0,0,0.0,0.0,0.0,0,0,-0.0005188146606087685,-41.36000061035156,0.010071108117699623,-0.9637134671211243,0.0,198552,198587,2513958,198581,0,198587,STANDBY
-0.03999999910593033,-0.1899999976158142,9.8100004196167,0.0,0.0,0.0,1019.7039794921875,19.309999465942383,0.6257492899894714,-0.12113191932439804,0,0,0.0,0.0,0.0,0,0,-0.0005188146606087685,-41.36000061035156,0.010132145136594772,-0.963957667350769,0.0,198652,198687,2514054,198680,0,198687,STANDBY
-0.05000000074505806,-0.18000000715255737,9.819999694824219,0.0,0.0,0.0,1019.7023315429688,19.309999465942383,0.6387316584587097,-0.025594957172870636,0,0,0.0,0.0,0.0,0,0,-0.0005188146606087685,-41.36000061035156,0.010101626627147198,-0.9638050198554993,0.0,198752,198787,2514149,198771,0,198787,STANDBY
-0.05000000074505806,-0.18000000715255737,9.819999694824219,0.0,0.0,0.0,1019.7008056640625,19.309999465942383,0.6517139673233032,0.035548463463783264,0,0,0.0,0.0,0.0,0,0,-0.0005493331700563431,-41.36000061035156,0.010132145136594772,-0.964018702507019,0.0,198852,198887,2514264,198886,0,198887,STANDBY
-0.03999999910593033,-0.18000000715255737,9.829999923706055,0.0,0.0,0.0,1019.7023315429688,19.309999465942383,0.6387316584587097,-0.02917821891605854,0,0,0.0,0.0,0.0,0,0,-0.0006408886983990669,-41.36000061035156,0.010193182155489922,-0.964262843132019,0.0,198952,198987,2514359,198981,0,198987,STANDBY
-0.05000000074505806,-0.17000000178813934,9.819999694824219,0.0,0.0,0.0,1019.7023315429688,19.309999465942383,0.6387316584587097,-0.018674060702323914,0,0,0.0,0.0,0.0,0,0,-0.0005798516795039177,-41.36000061035156,0.010010071098804474,-0.964079737663269,0.0,199052,199087,2514454,199076,0,199087,STANDBY
-0.05000000074505806,-0.17000000178813934,9.819999694824219,0.0,0.0,0.0,1019.7023315429688,19.309999465942383,0.6387316584587097,-0.01195139903575182,0,0,0.0,0.0,0.0,0,0,-0.0005188146606087685,-41.36000061035156,0.009949034079909325,-0.964079737663269,0.0,199152,199187,2514549,199172,0,199187,STANDBY
-0.03999999910593033,-0.18000000715255737,9.829999923706055,0.0,0.0,0.0,1019.7039794921875,19.309999465942383,0.6257492899894714,-0.04919247701764107,0,0,0.0,0.0,0.0,0,0,-0.0005188146606087685,-41.36000061035156,0.00991851557046175,-0.963927149772644,0.0,199252,199287,2514664,199286,0,199287,STANDBY
-0.03999999910593033,-0.1899999976158142,9.819999694824219,0.0,0.0,0.0,1019.7056274414062,19.309999465942383,0.6127669215202332,-0.07302676886320114,0,0,0.0,0.0,0.0,0,0,-0.0005493331700563431,-41.36000061035156,0.010010071098804474,-0.964049220085144,0.0,199352,199387,2514759,199382,0,199387,STANDBY
-0.05000000074505806,-0.17000000178813934,9.829999923706055,0.0,0.0,0.0,1019.7073364257812,19.309999465942383,0.5997846126556396,-0.08828052133321762,0,0,0.0,0.0,0.0,0,0,-0.00045777764171361923,-41.36000061035156,0.0099795525893569,-0.9637439846992493,0.0,199452,199487,2514854,199477,0,199487,STANDBY
-0.03999999910593033,-0.18000000715255737,9.819999694824219,0.0,0.0,0.0,1019.7056274414062,19.309999465942383,0.6127669215202332,-0.014956146478652954,0,0,0.0,0.0,0.0,0,0,-0.00045777764171361923,-41.36000061035156,0.0099795525893569,-0.9637745022773743,0.0,199552,199587,2514950,199572,0,199587,STANDBY
-0.05000000074505806,-0.18000000715255737,9.819999694824219,0.0,0.0,0.0,1019.7073364257812,19.309999465942383,0.5997846126556396,-0.05111532285809517,0,0,0.0,0.0,0.0,0,0,-0.00039674062281847,-41.36000061035156,0.010010071098804474,-0.9638660550117493,0.0,199652,199687,2515045,199683,0,199687,STANDBY
-0.03999999910593033,-0.18000000715255737,9.8100004196167,0.0,0.0,0.0,1019.7033081054688,19.309999465942383,0.6309422254562378,0.09191664308309555,0,0,0.0,0.0,0.0,0,0,-0.0004272591322660446,-41.36000061035156,0.0099795525893569,-0.963957667350769,0.0,199752,199787,2515160,199782,0,199787,STANDBY
-0.05000000074505806,-0.18000000715255737,9.819999694824219,0.0,0.0,0.0,1019.7056274414062,19.309999465942383,0.6127669215202332,-0.013874560594558716,0,0,0.0,0.0,0.0,0,0,-0.00045777764171361923,-41.36000061035156,0.010040589608252048,-0.964140772819519,0.0,199852,199887,2515255,199877,0,199887,STANDBY
-0.03999999910593033,-0.1899999976158142,9.819999694824219,0.0,0.0,0.0,1019.7056274414062,19.309999465942383,0.6127669215202332,-0.00887971930205822,0,0,0.0,0.0,0.0,0,0,-0.0005493331700563431,-41.36000061035156,0.010132145136594772,-0.964140772819519,0.0,199952,199987,2515350,199972,0,199987,STANDBY
-0.05000000074505806,-0.18000000715255737,9.819999694824219,0.0,0.0,0.0,1019.7073364257812,19.309999465942383,0.5997846126556396,-0.057612255215644836,0,0,0.0,0.0,0.0,0,0,-0.0005188146606087685,-41.36000061035156,0.010071108117699623,-0.963927149772644,0.0,200052,200087,2515445,200069,0,200087,STANDBY
-0.03999999910593033,-0.18000000715255737,9.8100004196167,0.0,0.0,0.0,1019.7073364257812,19.309999465942383,0.5997846126556396,-0.03687184676527977,0,0,0.0,0.0,0.0,0,0,-0.0005188146606087685,-41.36000061035156,0.010071108117699623,-0.963957667350769,0.0,200152,200187,2515560,200182,0,200187,STANDBY
-0.05999999865889549,-0.1899999976158142,9.819999694824219,0.0,0.0,0.0,1019.7073364257812,19.309999465942383,0.5997846126556396,-0.02359798364341259,0,0,0.0,0.0,0.0,0,0,-0.00039674062281847,-41.36000061035156,0.010193182155489922,-0.964110255241394,0.0,200252,200287,2515656,200279,0,200287,STANDBY
-0.05000000074505806,-0.18000000715255737,9.819999694824219,0.0,0.0,0.0,1019.7073364257812,19.309999465942383,0.5997846126556396,-0.015102709643542767,0,0,0.0,0.0,0.0,0,0,-0.00033570360392332077,-41.36000061035156,0.010132145136594772,-0.964415431022644,0.0,200352,200387,2515751,200374,0,200387,STANDBY
-0.03999999910593033,-0.18000000715255737,9.829999923706055,0.0,0.0,0.0,1019.7073364257812,19.309999465942383,0.5997846126556396,-0.009665734134614468,0,0,0.0,0.0,0.0,0,0,-0.00039674062281847,-41.36000061035156,0.010101626627147198,-0.964079737663269,0.0,200452,200487,2515847,200469,0,200487,STANDBY
-0.05000000074505806,-0.18000000715255737,9.819999694824219,0.0,0.0,0.0,1019.7056274414062,19.309999465942383,0.6127669215202332,0.03535731881856918,0,0,0.0,0.0,0.0,0,0,-0.0003662221133708954,-41.36000061035156,0.010071108117699623,-0.963988184928894,0.0,200552,200587,2515961,200584,0,200587,STANDBY
-0.03999999910593033,-0.18000000715255737,9.819999694824219,0.0,0.0,0.0,1019.7056274414062,19.309999465942383,0.6127669215202332,0.02262868545949459,0,0,0.0,0.0,0.0,0,0,-0.0003662221133708954,-41.36000061035156,0.010040589608252048,-0.964476466178894,0.0,200652,200687,2516037,200681,0,200687,STANDBY
-0.05000000074505806,-0.18000000715255737,9.829999923706055,0.0,0.0,0.0,1019.7039794921875,19.309999465942383,0.6257492899894714,0.05602594092488289,0,0,0.0,0.0,0.0,0,0,-0.0003662221133708954,-41.36000061035156,0.010040589608252048,-0.964110255241394,0.0,200752,200787,2516152,200774,0,200787,STANDBY
-0.03999999910593033,-0.18000000715255737,9.819999694824219,0.0,0.0,0.0,1019.7039794921875,19.309999465942383,0.6257492899894714,0.03585660085082054,0,0,0.0,0.0,0.0,0,0,-0.0004272591322660446,-41.36000061035156,0.010071108117699623,-0.964171290397644,0.0,200852,200887,2516247,200869,0,200887,STANDBY
-0.05000000074505806,-0.1899999976158142,9.819999694824219,0.0,0.0,0.0,1019.7056274414062,19.309999465942383,0.6127669215202332,-0.028981247916817665,0,0,0.0,0.0,0.0,0,0,-0.00039674062281847,-41.36000061035156,0.010162663646042347,-0.964537501335144,0.0,200952,200987,2516362,200984,0,200987,STANDBY
-0.03999999910593033,-0.18000000715255737,9.819999694824219,0.0,0.0,0.0,1019.709716796875,19.309999465942383,0.5790128111839294,-0.1535644382238388,0,0,0.0,0.0,0.0,0,0,-0.0005188146606087685,-41.36000061035156,0.010132145136594772,-0.964140772819519,0.0,201053,201088,2516457,201080,0,201088,STANDBY
-0.05000000074505806,-0.1899999976158142,9.8100004196167,0.0,0.0,0.0,1019.7112426757812,19.309999465942383,0.5686269402503967,-0.13982471823692322,0,0,0.0,0.0,0.0,0,0,-0.0005798516795039177,-41.36000061035156,0.010223700664937496,-0.964506983757019,0.0,201153,201188,2516552,201175,0,201188,STANDBY
-0.03999999910593033,-0.17000000178813934,9.829999923706055,0.0,0.0,0.0,1019.709716796875,19.309999465942383,0.5790128111839294,-0.047944337129592896,0,0,0.0,0.0,0.0,0,0,-0.0005493331700563431,-41.36000061035156,0.010071108117699623,-0.964506983757019,0.0,201253,201288,2516648,201271,0,201288,STANDBY
-0.029999999329447746,-0.1899999976158142,9.819999694824219,0.0,0.0,0.0,1019.7079467773438,19.309999465942383,0.5945916175842285,0.019167805090546608,0,0,0.0,0.0,0.0,0,0,-0.0006714072078466415,-41.36000061035156,0.010010071098804474,-0.964506983757019,0.0,201353,201388,2516762,201385,0,201388,STANDBY
-0.029999999329447746,-0.18000000715255737,9.8100004196167,0.0,0.0,0.0,1019.709716796875,19.309999465942383,0.5790128111839294,-0.037584785372018814,0,0,0.0,0.0,0.0,0,0,-0.0006714072078466415,-41.36000061035156,0.009949034079909325,-0.963927149772644,0.0,201453,201488,2516858,201481,0,201488,STANDBY
-0.03999999910593033,-0.18000000715255737,9.819999694824219,0.0,0.0,0.0,1019.706298828125,19.309999465942383,0.6075739860534668,0.06734149903059006,0,0,0.0,0.0,0.0,0,0,-0.0006408886983990669,-41.36000061035156,0.009887997061014175,-0.964018702507019,0.0,201553,201588,2516954,201576,0,201588,STANDBY
-0.03999999910593033,-0.18000000715255737,9.8100004196167,0.0,0.0,0.0,1019.7047119140625,19.309999465942383,0.6205563545227051,0.08464213460683823,0,0,0.0,0.0,0.0,0,0,-0.0006408886983990669,-41.36000061035156,0.009887997061014175,-0.964171290397644,0.0,201653,201688,2517049,201681,0,201688,STANDBY
-0.03999999910593033,-0.18000000715255737,9.829999923706055,0.0,0.0,0.0,1019.705322265625,19.309999465942383,0.6153634190559387,0.02301333099603653,0,0,0.0,0.0,0.0,0,0,-0.0006408886983990669,-41.36000061035156,0.0098574785515666,-0.964079737663269,0.0,201753,201788,2517164,201786,0,201788,STANDBY
-0.05000000074505806,-0.18000000715255737,9.819999694824219,0.0,0.0,0.0,1019.705322265625,19.309999465942383,0.6153634190559387,0.01472853310406208,0,0,0.0,0.0,0.0,0,0,-0.0006408886983990669,-41.36000061035156,0.0098574785515666,-0.9636524319648743,0.0,201853,201888,2517259,201881,0,201888,STANDBY
-0.03999999910593033,-0.1899999976158142,9.819999694824219,0.0,0.0,0.0,1019.705322265625,19.309999465942383,0.6153634190559387,0.00942626129835844,0,0,0.0,0.0,0.0,0,0,-0.0006408886983990669,-41.36000061035156,0.00991851557046175,-0.9637439846992493,0.0,201953,201988,2517354,201976,0,201988,STANDBY
-0.05000000074505806,-0.18000000715255737,9.819999694824219,0.0,0.0,0.0,1019.7037353515625,19.309999465942383,0.6283457279205322,0.05796204134821892,0,0,0.0,0.0,0.0,0,0,-0.0005798516795039177,-41.36000061035156,0.00991851557046175,-0.9634693264961243,0.0,202053,202088,2517449,202072,0,202088,STANDBY
-0.05000000074505806,-0.1899999976158142,9.819999694824219,0.0,0.0,0.0,1019.7037353515625,19.309999465942383,0.6283457279205322,0.03709570690989494,0,0,0.0,0.0,0.0,0,0,-0.0006103701889514923,-41.36000061035156,0.0099795525893569,-0.9636524319648743,0.0,202153,202188,2517564,202186,0,202188,STANDBY
-0.05000000074505806,-0.1899999976158142,9.829999923706055,0.0,0.0,0.0,1019.705322265625,19.309999465942383,0.6153634190559387,-0.028187982738018036,0,0,0.0,0.0,0.0,0,0,-0.0005493331700563431,-41.36000061035156,0.010040589608252048,-0.9637439846992493,0.0,202253,202288,2517659,202281,0,202288,STANDBY
-0.03999999910593033,-0.18000000715255737,9.819999694824219,0.0,0.0,0.0,1019.7073364257812,19.31999969482422,0.5997846126556396,-0.06789249181747437,0,0,0.0,0.0,0.0,0,0,-0.0006408886983990669,-41.36000061035156,0.0099795525893569,-0.9637134671211243,0.0,202353,202388,2517754,202378,0,202388,STANDBY
-0.03999999910593033,-0.18000000715255737,9.8100004196167,0.0,0.0,0.0,1019.7073364257812,19.31999969482422,0.5997846126556396,-0.04345119744539261,0,0,0.0,0.0,0.0,0,0,-0.0006408886983990669,-41.36000061035156,0.010010071098804474,-0.963988184928894,0.0,202454,202488,2517850,202473,0,202488,STANDBY
-0.05000000074505806,-0.18000000715255737,9.8100004196167,0.0,0.0,0.0,1019.7073364257812,19.31999969482422,0.5997846126556396,-0.027808768674731255,0,0,0.0,0.0,0.0,0,0,-0.0004882961511611938,-41.36000061035156,0.00991851557046175,-0.9634693264961243,0.0,202554,202588,2517964,202587,0,202588,STANDBY
-0.05000000074505806,-0.18000000715255737,9.8100004196167,0.0,0.0,0.0,1019.705810546875,19.31999969482422,0.6127669215202332,0.02374577708542347,0,0,0.0,0.0,0.0,0,0,-0.00045777764171361923,-41.36000061035156,0.0099795525893569,-0.9635303616523743,0.0,202654,202688,2518041,202683,0,202688,STANDBY
-0.03999999910593033,-0.17000000178813934,9.8100004196167,0.0,0.0,0.0,1019.7073364257812,19.31999969482422,0.5997846126556396,-0.02634609118103981,0,0,0.0,0.0,0.0,0,0,-0.0004882961511611938,-41.36000061035156,0.010010071098804474,-0.9634082913398743,0.0,202754,202788,2518155,202777,0,202788,STANDBY
-0.05000000074505806,-0.18000000715255737,9.8100004196167,0.0,0.0,0.0,1019.7073364257812,19.31999969482422,0.5997846126556396,-0.01686149835586548,0,0,0.0,0.0,0.0,0,0,-0.00039674062281847,-41.36000061035156,0.010040589608252048,-0.9635608792304993,0.0,202854,202888,2518250,202873,0,202888,STANDBY
-0.03999999910593033,-0.1899999976158142,9.8100004196167,0.0,0.0,0.0,1019.7073364257812,19.31999969482422,0.5997846126556396,-0.010791359469294548,0,0,0.0,0.0,0.0,0,0,-0.0004882961511611938,-41.36000061035156,0.010132145136594772,-0.964201807975769,0.0,202954,202988,2518365,202987,0,202988,STANDBY
-0.03999999910593033,-0.18000000715255737,9.819999694824219,0.0,0.0,0.0,1019.709716796875,19.31999969482422,0.5790128111839294,-0.0899936780333519,0,0,0.0,0.0,0.0,0,0,-0.0004882961511611938,-41.36000061035156,0.010162663646042347,-0.964232325553894,0.0,203054,203088,2518461,203083,0,203088,STANDBY
-0.05000000074505806,-0.18000000715255737,9.8100004196167,0.0,0.0,0.0,1019.7081298828125,19.31999969482422,0.5919951796531677,-0.0056664831936359406,0,0,0.0,0.0,0.0,0,0,-0.00039674062281847,-41.36000061035156,0.010223700664937496,-0.964568018913269,0.0,203154,203188,2518556,203179,0,203188,STANDBY
-0.05000000074505806,-0.18000000715255737,9.819999694824219,0.0,0.0,0.0,1019.7081298828125,19.31999969482422,0.5919951796531677,-0.003626549383625388,0,0,0.0,0.0,0.0,0,0,-0.0004882961511611938,-41.36000061035156,0.010193182155489922,-0.964079737663269,0.0,203254,203288,2518651,203274,0,203288,STANDBY
-0.03999999910593033,-0.1899999976158142,9.8100004196167,0.0,0.0,0.0,1019.7064208984375,19.31999969482422,0.6075739860534668,0.047531187534332275,0,0,0.0,0.0,0.0,0,0,-0.0005188146606087685,-41.36000061035156,0.010132145136594772,-0.963957667350769,0.0,203354,203388,2518765,203388,0,203388,STANDBY
-0.05000000074505806,-0.18000000715255737,9.819999694824219,0.0,0.0,0.0,1019.704833984375,19.31999969482422,0.6205563545227051,0.07196354120969772,0,0,0.0,0.0,0.0,0,0,-0.0004882961511611938,-41.36000061035156,0.010162663646042347,-0.964293360710144,0.0,203454,203488,2518861,203484,0,203488,STANDBY
-0.05000000074505806,-0.18000000715255737,9.819999694824219,0.0,0.0,0.0,1019.704833984375,19.31999969482422,0.6205563545227051,0.04605666920542717,0,0,0.0,0.0,0.0,0,0,-0.0003662221133708954,-41.36000061035156,0.010132145136594772,-0.964018702507019,0.0,203554,203588,2518957,203579,0,203588,STANDBY
-0.05000000074505806,-0.18000000715255737,9.8100004196167,0.0,0.0,0.0,1019.703125,19.31999969482422,0.6335387229919434,0.07101985067129135,0,0,0.0,0.0,0.0,0,0,-0.00039674062281847,-41.36000061035156,0.010010071098804474,-0.9632862210273743,0.0,203654,203688,2519052,203681,0,203688,STANDBY
-0.05000000074505806,-0.18000000715255737,9.819999694824219,0.0,0.0,0.0,1019.7054443359375,19.31999969482422,0.6153634190559387,-0.012708268128335476,0,0,0.0,0.0,0.0,0,0,-0.00045777764171361923,-41.36000061035156,0.010101626627147198,-0.9636524319648743,0.0,203754,203788,2519147,203769,0,203788,STANDBY
-0.05000000074505806,-0.20000000298023224,9.8100004196167,0.0,0.0,0.0,1019.703857421875,19.31999969482422,0.6283457279205322,0.04379594326019287,0,0,0.0,0.0,0.0,0,0,-0.0003662221133708954,-41.36000061035156,0.010162663646042347,-0.964171290397644,0.0,203854,203888,2519262,203884,0,203888,STANDBY
-0.03999999910593033,-0.1899999976158142,9.8100004196167,0.0,0.0,0.0,1019.703857421875,19.31999969482422,0.6283457279205322,0.02802940271794796,0,0,0.0,0.0,0.0,0,0,-0.00039674062281847,-41.36000061035156,0.010071108117699623,-0.9637745022773743,0.0,203954,203988,2519357,203979,0,203988,STANDBY
-0.05000000074505806,-0.18000000715255737,9.8100004196167,0.0,0.0,0.0,1019.7054443359375,19.31999969482422,0.6153634190559387,-0.033990416675806046,0,0,0.0,0.0,0.0,0,0,-0.0003662221133708954,-41.36000061035156,0.010040589608252048,-0.9638050198554993,0.0,204054,204088,2519452,204075,0,204088,STANDBY
-0.03999999910593033,-0.18000000715255737,9.819999694824219,0.0,0.0,0.0,1019.7054443359375,19.31999969482422,0.6153634190559387,-0.021753868088126183,0,0,0.0,0.0,0.0,0,0,-0.0004882961511611938,-41.36000061035156,0.010071108117699623,-0.963927149772644,0.0,204154,204188,2519547,204170,0,204188,STANDBY
-0.05000000074505806,-0.1899999976158142,9.819999694824219,0.0,0.0,0.0,1019.7054443359375,19.31999969482422,0.6153634190559387,-0.013922475278377533,0,0,0.0,0.0,0.0,0,0,-0.00045777764171361923,-41.36000061035156,0.010132145136594772,-0.963896632194519,0.0,204254,204288,2519662,204284,0,204288,STANDBY
-0.05000000074505806,-0.1899999976158142,9.8100004196167,0.0,0.0,0.0,1019.7054443359375,19.31999969482422,0.6153634190559387,-0.00891038402915001,0,0,0.0,0.0,0.0,0,0,-0.00045777764171361923,-41.36000061035156,0.010193182155489922,-0.964232325553894,0.0,204354,204388,2519757,204380,0,204388,STANDBY
-0.05000000074505806,-0.18000000715255737,9.819999694824219,0.0,0.0,0.0,1019.7054443359375,19.31999969482422,0.6153634190559387,-0.005702645983546972,0,0,0.0,0.0,0.0,0,0,-0.0004272591322660446,-41.36000061035156,0.010162663646042347,-0.964262843132019,0.0,204454,204488,2519853,204475,0,204488,STANDBY
-0.05000000074505806,-0.18000000715255737,9.819999694824219,0.0,0.0,0.0,1019.7014770507812,19.31999969482422,0.6465210318565369,0.09605466574430466,0,0,0.0,0.0,0.0,0,0,-0.00039674062281847,-41.36000061035156,0.010101626627147198,-0.964018702507019,0.0,204554,204588,2519948,204570,0,204588,STANDBY
-0.05000000074505806,-0.1899999976158142,9.819999694824219,0.0,0.0,0.0,1019.6998291015625,19.31999969482422,0.6595034003257751,0.10301857441663742,0,0,0.0,0.0,0.0,0,0,-0.0003662221133708954,-41.36000061035156,0.010193182155489922,-0.9638355374336243,0.0,204654,204688,2520062,204685,0,204688,STANDBY
-0.05000000074505806,-0.1899999976158142,9.819999694824219,0.0,0.0,0.0,1019.6998291015625,19.31999969482422,0.6595034003257751,0.06593188643455505,0,0,0.0,0.0,0.0,0,0,-0.0004272591322660446,-41.36000061035156,0.010223700664937496,-0.964232325553894,0.0,204754,204788,2520158,204780,0,204788,STANDBY
-0.05000000074505806,-0.1899999976158142,9.819999694824219,0.0,0.0,0.0,1019.6983032226562,19.31999969482422,0.6724857687950134,0.0837399885058403,0,0,0.0,0.0,0.0,0,0,-0.00045777764171361923,-41.36000061035156,0.01031525619328022,-0.964384913444519,0.0,204854,204888,2520253,204875,0,204888,STANDBY
-0.03999999910593033,-0.18000000715255737,9.819999694824219,0.0,0.0,0.0,1019.696533203125,19.31999969482422,0.6880645751953125,0.11590881645679474,0,0,0.0,0.0,0.0,0,0,-0.0004882961511611938,-41.36000061035156,0.010284737683832645,-0.964445948600769,0.0,204954,204988,2520348,204971,0,204988,STANDBY
-0.03999999910593033,-0.17000000178813934,9.8100004196167,0.0,0.0,0.0,1019.6983032226562,19.31999969482422,0.6724857687950134,0.01186642050743103,0,0,0.0,0.0,0.0,0,0,-0.0004882961511611938,-41.36000061035156,0.010162663646042347,-0.964537501335144,0.0,205054,205088,2520463,205085,0,205088,STANDBY
-0.03999999910593033,-0.18000000715255737,9.829999923706055,0.0,0.0,0.0,1019.6983032226562,19.31999969482422,0.6724857687950134,0.007594509515911341,0,0,0.0,0.0,0.0,0,0,-0.0004882961511611938,-41.36000061035156,0.010101626627147198,-0.964384913444519,0.0,205154,205188,2520558,205181,0,205188,STANDBY
-0.05000000074505806,-0.18000000715255737,9.829999923706055,0.0,0.0,0.0,1019.6942138671875,19.31999969482422,0.7062398791313171,0.13987693190574646,0,0,0.0,0.0,0.0,0,0,-0.00039674062281847,-41.36000061035156,0.010101626627147198,-0.964079737663269,0.0,205254,205288,2520653,205276,0,205288,STANDBY
-0.03999999910593033,-0.18000000715255737,9.819999694824219,0.0,0.0,0.0,1019.6959228515625,19.31999969482422,0.6932575106620789,0.03860998898744583,0,0,0.0,0.0,0.0,0,0,-0.00045777764171361923,-41.36000061035156,0.010071108117699623,-0.964354395866394,0.0,205355,205388,2520750,205372,0,205388,STANDBY
-0.05000000074505806,-0.18000000715255737,9.819999694824219,0.0,0.0,0.0,1019.697509765625,19.31999969482422,0.6802751421928406,-0.016833186149597168,0,0,0.0,0.0,0.0,0,0,-0.00033570360392332077,-41.36000061035156,0.010010071098804474,-0.963927149772644,0.0,205455,205488,2520863,205487,0,205488,STANDBY
-0.05000000074505806,-0.18000000715255737,9.819999694824219,0.0,0.0,0.0,1019.697509765625,19.31999969482422,0.6802751421928406,-0.01077323965728283,0,0,0.0,0.0,0.0,0,0,-0.00033570360392332077,-41.36000061035156,0.010040589608252048,-0.964262843132019,0.0,205555,205588,2520960,205582,0,205588,STANDBY
-0.03999999910593033,-0.1899999976158142,9.819999694824219,0.0,0.0,0.0,1019.6959228515625,19.31999969482422,0.6932575106620789,0.03464870527386665,0,0,0.0,0.0,0.0,0,0,-0.0003662221133708954,-41.36000061035156,0.010040589608252048,-0.963927149772644,0.0,205655,205688,2521055,205682,0,205688,STANDBY
-0.03999999910593033,-0.17000000178813934,9.819999694824219,0.0,0.0,0.0,1019.697509765625,19.31999969482422,0.6802751421928406,-0.019368408247828484,0,0,0.0,0.0,0.0,0,0,-0.00039674062281847,-41.36000061035156,0.010040589608252048,-0.964171290397644,0.0,205755,205788,2521150,205772,0,205788,STANDBY
-0.03999999910593033,-0.1899999976158142,9.829999923706055,0.0,0.0,0.0,1019.69384765625,19.309999465942383,0.7088363170623779,0.07899998128414154,0,0,0.0,0.0,0.0,0,0,-0.00039674062281847,-41.36000061035156,0.010040589608252048,-0.964140772819519,0.0,205855,205888,2521265,205887,0,205888,STANDBY
-0.05000000074505806,-0.18000000715255737,9.829999923706055,0.0,0.0,0.0,1019.6954956054688,19.309999465942383,0.6958539485931396,-0.0013694800436496735,0,0,0.0,0.0,0.0,0,0,-0.0004272591322660446,-41.36000061035156,0.010071108117699623,-0.9632862210273743,0.0,205955,205988,2521360,205982,0,205988,STANDBY
-0.05000000074505806,-0.18000000715255737,9.8100004196167,0.0,0.0,0.0,1019.69384765625,19.309999465942383,0.7088363170623779,0.0510530062019825,0,0,0.0,0.0,0.0,0,0,-0.0004272591322660446,-41.36000061035156,0.010101626627147198,-0.9636829495429993,0.0,206055,206088,2521455,206077,0,206088,STANDBY
-0.05000000074505806,-0.17000000178813934,9.8100004196167,0.0,0.0,0.0,1019.6954956054688,19.309999465942383,0.6958539485931396,-0.01925554871559143,0,0,0.0,0.0,0.0,0,0,-0.0003662221133708954,-41.36000061035156,0.010101626627147198,-0.9637439846992493,0.0,206155,206188,2521551,206174,0,206188,STANDBY
-0.05000000074505806,-0.17000000178813934,9.819999694824219,0.0,0.0,0.0,1019.6954956054688,19.309999465942383,0.6958539485931396,-0.012323551811277866,0,0,0.0,0.0,0.0,0,0,-0.0003662221133708954,-41.36000061035156,0.010010071098804474,-0.964140772819519,0.0,206255,206288,2521665,206287,0,206288,STANDBY
-0.05000000074505806,-0.18000000715255737,9.819999694824219,0.0,0.0,0.0,1019.6972045898438,19.309999465942383,0.6828716397285461,-0.059816308319568634,0,0,0.0,0.0,0.0,0,0,-0.0003662221133708954,-41.36000061035156,0.010010071098804474,-0.963988184928894,0.0,206355,206388,2521760,206383,0,206388,STANDBY
-0.05000000074505806,-0.17000000178813934,9.829999923706055,0.0,0.0,0.0,1019.69873046875,19.309999465942383,0.6698892712593079,-0.07982601970434189,0,0,0.0,0.0,0.0,0,0,-0.0003662221133708954,-41.36000061035156,0.010071108117699623,-0.964598536491394,0.0,206455,206488,2521856,206479,0,206488,STANDBY
-0.05000000074505806,-0.18000000715255737,9.819999694824219,0.0,0.0,0.0,1019.69482421875,19.309999465942383,0.7010469436645508,0.04861589893698692,0,0,0.0,0.0,0.0,0,0,-0.00039674062281847,-41.36000061035156,0.010010071098804474,-0.964293360710144,0.0,206555,206588,2521952,206574,0,206588,STANDBY
-0.03999999910593033,-0.18000000715255737,9.819999694824219,0.0,0.0,0.0,1019.69482421875,19.309999465942383,0.7010469436645508,0.03111417591571808,0,0,0.0,0.0,0.0,0,0,-0.00039674062281847,-41.36000061035156,0.0099795525893569,-0.964445948600769,0.0,206655,206688,2522047,206685,0,206688,STANDBY
-0.03999999910593033,-0.18000000715255737,9.8100004196167,0.0,0.0,0.0,1019.69482421875,19.309999465942383,0.7010469436645508,0.019913073629140854,0,0,0.0,0.0,0.0,0,0,-0.0004882961511611938,-41.36000061035156,0.010071108117699623,-0.964690089225769,0.0,206755,206788,2522161,206783,0,206788,STANDBY
-0.03999999910593033,-0.18000000715255737,9.819999694824219,0.0,0.0,0.0,1019.69482421875,19.309999465942383,0.7010469436645508,0.012744367122650146,0,0,0.0,0.0,0.0,0,0,-0.0005188146606087685,-41.36000061035156,0.0099795525893569,-0.964873194694519,0.0,206856,206888,2522256,206879,0,206888,STANDBY
-0.03999999910593033,-0.18000000715255737,9.819999694824219,0.0,0.0,0.0,1019.6964111328125,19.309999465942383,0.6880645751953125,-0.04377307742834091,0,0,0.0,0.0,0.0,0,0,-0.0006103701889514923,-41.36000061035156,0.0099795525893569,-0.964995265007019,0.0,206956,206988,2522351,206974,0,206988,STANDBY
-0.03999999910593033,-0.18000000715255737,9.819999694824219,0.0,0.0,0.0,1019.6964111328125,19.309999465942383,0.6880645751953125,-0.0280147697776556,0,0,0.0,0.0,0.0,0,0,-0.0005188146606087685,-41.36000061035156,0.009887997061014175,-0.964568018913269,0.0,207056,207088,2522447,207070,0,207088,STANDBY
-0.03999999910593033,-0.18000000715255737,9.829999923706055,0.0,0.0,0.0,1019.6964111328125,19.309999465942383,0.6880645751953125,-0.017929453402757645,0,0,0.0,0.0,0.0,0,0,-0.0005493331700563431,-41.36000061035156,0.00991851557046175,-0.964720606803894,0.0,207156,207188,2522562,207184,0,207188,STANDBY
-0.05000000074505806,-0.18000000715255737,9.8100004196167,0.0,0.0,0.0,1019.69482421875,19.309999465942383,0.7010469436645508,0.040454622358083725,0,0,0.0,0.0,0.0,0,0,-0.0005493331700563431,-41.36000061035156,0.009887997061014175,-0.964598536491394,0.0,207256,207288,2522657,207280,0,207288,STANDBY
-0.05000000074505806,-0.17000000178813934,9.819999694824219,0.0,0.0,0.0,1019.69482421875,19.309999465942383,0.7010469436645508,0.025890959426760674,0,0,0.0,0.0,0.0,0,0,-0.0005188146606087685,-41.36000061035156,0.009826960042119026,-0.964384913444519,0.0,207356,207388,2522753,207375,0,207388,STANDBY
-0.03999999910593033,-0.1899999976158142,9.819999694824219,0.0,0.0,0.0,1019.6964111328125,19.309999465942383,0.6880645751953125,-0.024973364546895027,0,0,0.0,0.0,0.0,0,0,-0.0005493331700563431,-41.36000061035156,0.009949034079909325,-0.964598536491394,0.0,207456,207488,2522848,207470,0,207488,STANDBY
-0.029999999329447746,-0.18000000715255737,9.819999694824219,0.0,0.0,0.0,1019.6964111328125,19.309999465942383,0.6880645751953125,-0.01598295383155346,0,0,0.0,0.0,0.0,0,0,-0.0005188146606087685,-41.36000061035156,0.010040589608252048,-0.964964747428894,0.0,207556,207588,2522962,207585,0,207588,STANDBY
-0.05000000074505806,-0.18000000715255737,9.800000190734863,0.0,0.0,0.0,1019.6964111328125,19.309999465942383,0.6880645751953125,-0.01022909115999937,0,0,0.0,0.0,0.0,0,0,-0.0005188146606087685,-41.36000061035156,0.0099795525893569,-0.964476466178894,0.0,207656,207688,2523058,207684,0,207688,STANDBY
-0.03999999910593033,-0.18000000715255737,9.8100004196167,0.0,0.0,0.0,1019.6964111328125,19.309999465942383,0.6880645751953125,-0.0065466188825666904,0,0,0.0,0.0,0.0,0,0,-0.0006408886983990669,-41.36000061035156,0.009949034079909325,-0.964506983757019,0.0,207756,207788,2523154,207776,0,207788,STANDBY
-0.05000000074505806,-0.18000000715255737,9.819999694824219,0.0,0.0,0.0,1019.69482421875,19.309999465942383,0.7010469436645508,0.037353742867708206,0,0,0.0,0.0,0.0,0,0,-0.0006103701889514923,-41.36000061035156,0.009949034079909325,-0.964384913444519,0.0,207856,207888,2523249,207872,0,207888,STANDBY
-0.05000000074505806,-0.18000000715255737,9.8100004196167,0.0,0.0,0.0,1019.69873046875,19.309999465942383,0.6698892712593079,-0.10072429478168488,0,0,0.0,0.0,0.0,0,0,-0.0005493331700563431,-41.36000061035156,0.010071108117699623,-0.964415431022644,0.0,207956,207988,2523364,207986,0,207988,STANDBY
-0.05000000074505806,-0.18000000715255737,9.829999923706055,0.0,0.0,0.0,1019.69482421875,19.309999465942383,0.7010469436645508,0.06016714125871658,0,0,0.0,0.0,0.0,0,0,-0.00045777764171361923,-41.36000061035156,0.010010071098804474,-0.964262843132019,0.0,208056,208088,2523459,208081,0,208088,STANDBY
-0.05000000074505806,-0.18000000715255737,9.8100004196167,0.0,0.0,0.0,1019.69482421875,19.309999465942383,0.7010469436645508,0.038506969809532166,0,0,0.0,0.0,0.0,0,0,-0.00045777764171361923,-41.36000061035156,0.0099795525893569,-0.964171290397644,0.0,208156,208188,2523554,208177,0,208188,STANDBY
-0.03999999910593033,-0.1899999976158142,9.819999694824219,0.0,0.0,0.0,1019.700439453125,19.309999465942383,0.6543104648590088,-0.1623014509677887,0,0,0.0,0.0,0.0,0,0,-0.0004272591322660446,-41.36000061035156,0.010071108117699623,-0.964110255241394,0.0,208256,208288,2523650,208272,0,208288,STANDBY
-0.03999999910593033,-0.1899999976158142,9.819999694824219,0.0,0.0,0.0,1019.69873046875,19.309999465942383,0.6698892712593079,-0.04155770689249039,0,0,0.0,0.0,0.0,0,0,-0.00045777764171361923,-41.36000061035156,0.010132145136594772,-0.964262843132019,0.0,208356,208388,2523764,208387,0,208388,STANDBY
-0.05000000074505806,-0.1899999976158142,9.829999923706055,0.0,0.0,0.0,1019.69873046875,19.309999465942383,0.6698892712593079,-0.026596933603286743,0,0,0.0,0.0,0.0,0,0,-0.00045777764171361923,-41.36000061035156,0.010162663646042347,-0.964018702507019,0.0,208456,208488,2523859,208482,0,208488,STANDBY
-0.05000000074505806,-0.1899999976158142,9.819999694824219,0.0,0.0,0.0,1019.69873046875,19.309999465942383,0.6698892712593079,-0.017022037878632545,0,0,0.0,0.0,0.0,0,0,-0.0005188146606087685,-41.36000061035156,0.010223700664937496,-0.964201807975769,0.0,208556,208588,2523955,208578,0,208588,STANDBY
-0.05000000074505806,-0.20000000298023224,9.8100004196167,0.0,0.0,0.0,1019.69873046875,19.309999465942383,0.6698892712593079,-0.010894103907048702,0,0,0.0,0.0,0.0,0,0,-0.0005188146606087685,-41.36000061035156,0.010284737683832645,-0.964140772819519,0.0,208656,208688,2524050,208681,0,208688,STANDBY
-0.03999999910593033,-0.18000000715255737,9.8100004196167,0.0,0.0,0.0,1019.69873046875,19.309999465942383,0.6698892712593079,-0.006972226779907942,0,0,0.0,0.0,0.0,0,0,-0.0005798516795039177,-41.36000061035156,0.010162663646042347,-0.964171290397644,0.0,208756,208788,2524165,208787,0,208788,STANDBY
-0.05000000074505806,-0.18000000715255737,9.829999923706055,0.0,0.0,0.0,1019.69873046875,19.309999465942383,0.6698892712593079,-0.004462225362658501,0,0,0.0,0.0,0.0,0,0,-0.0004882961511611938,-41.36000061035156,0.010193182155489922,-0.964171290397644,0.0,208856,208888,2524260,208883,0,208888,STANDBY
-0.05000000074505806,-0.18000000715255737,9.829999923706055,0.0,0.0,0.0,1019.69873046875,19.309999465942383,0.6698892712593079,0.009607218205928802,0,0,0.0,0.0,0.0,0,0,-0.00039674062281847,-41.36000061035156,0.010223700664937496,-0.964323878288269,0.0,208956,208988,2524356,208978,0,208988,STANDBY
-0.03999999910593033,-0.18000000715255737,9.8100004196167,0.0,0.0,0.0,1019.700439453125,19.309999465942383,0.6543104648590088,-0.05616660416126251,0,0,0.0,0.0,0.0,0,0,-0.00039674062281847,-41.36000061035156,0.010101626627147198,-0.963957667350769,0.0,209056,209088,2524451,209074,0,209088,STANDBY
-0.05000000074505806,-0.18000000715255737,9.819999694824219,0.0,0.0,0.0,1019.700439453125,19.309999465942383,0.6543104648590088,-0.03594662994146347,0,0,0.0,0.0,0.0,0,0,-0.00039674062281847,-41.36000061035156,0.010101626627147198,-0.963927149772644,0.0,209156,209188,2524566,209188,0,209188,STANDBY
-0.05000000074505806,-0.1899999976158142,9.8100004196167,0.0,0.0,0.0,1019.700439453125,19.309999465942383,0.6543104648590088,-0.02300584316253662,0,0,0.0,0.0,0.0,0,0,-0.00039674062281847,-41.36000061035156,0.010101626627147198,-0.9631946682929993,0.0,209256,209288,2524661,209284,0,209288,STANDBY
-0.05000000074505806,-0.18000000715255737,9.829999923706055,0.0,0.0,0.0,1019.69873046875,19.309999465942383,0.6698892712593079,0.04759148508310318,0,0,0.0,0.0,0.0,0,0,-0.00045777764171361923,-41.36000061035156,0.010132145136594772,-0.9634082913398743,0.0,209356,209388,2524756,209379,0,209388,STANDBY
-0.05000000074505806,-0.1899999976158142,9.819999694824219,0.0,0.0,0.0,1019.69873046875,19.309999465942383,0.6698892712593079,0.03045855276286602,0,0,0.0,0.0,0.0,0,0,-0.00039674062281847,-41.36000061035156,0.010071108117699623,-0.9635303616523743,0.0,209456,209488,2524852,209474,0,209488,STANDBY
-0.05000000074505806,-0.20000000298023224,9.8100004196167,0.0,0.0,0.0,1019.7008056640625,19.31999969482422,0.6517139673233032,-0.038667500019073486,0,0,0.0,0.0,0.0,0,0,-0.00033570360392332077,-41.36000061035156,0.010193182155489922,-0.9635303616523743,0.0,209556,209588,2524948,209570,0,209588,STANDBY
-0.03999999910593033,-0.18000000715255737,9.8100004196167,0.0,0.0,0.0,1019.7008056640625,19.31999969482422,0.6517139673233032,-0.024747200310230255,0,0,0.0,0.0,0.0,0,0,-0.0003662221133708954,-41.36000061035156,0.010132145136594772,-0.9633472561836243,0.0,209656,209688,2525043,209685,0,209688,STANDBY
-0.05000000074505806,-0.1899999976158142,9.819999694824219,0.0,0.0,0.0,1019.7008056640625,19.31999969482422,0.6517139673233032,-0.01583820953965187,0,0,0.0,0.0,0.0,0,0,-0.0004272591322660446,-41.36000061035156,0.010162663646042347,-0.963927149772644,0.0,209757,209788,2525158,209780,0,209788,STANDBY
-0.05000000074505806,-0.20000000298023224,9.819999694824219,0.0,0.0,0.0,1019.69921875,19.31999969482422,0.6646963357925415,0.03140712529420853,0,0,0.0,0.0,0.0,0,0,-0.0004272591322660446,-41.36000061035156,0.01025421917438507,-0.9636829495429993,0.0,209857,209888,2525253,209875,0,209888,STANDBY
-0.03999999910593033,-0.18000000715255737,9.819999694824219,0.0,0.0,0.0,1019.69921875,19.31999969482422,0.6646963357925415,0.020100561901926994,0,0,0.0,0.0,0.0,0,0,-0.0004272591322660446,-41.36000061035156,0.010132145136594772,-0.9636829495429993,0.0,209957,209988,2525348,209971,0,209988,STANDBY
-0.03999999910593033,-0.18000000715255737,9.819999694824219,0.0,0.0,0.0,1019.697509765625,19.31999969482422,0.6802751421928406,0.0751795843243599,0,0,0.0,0.0,0.0,0,0,-0.0004882961511611938,-41.36000061035156,0.010101626627147198,-0.963896632194519,0.0,210057,210088,2525463,210085,0,210088,STANDBY
-0.03999999910593033,-0.18000000715255737,9.819999694824219,0.0,0.0,0.0,1019.6959228515625,19.31999969482422,0.6932575106620789,0.10004441440105438,0,0,0.0,0.0,0.0,0,0,-0.0005188146606087685,-41.36000061035156,0.010040589608252048,-0.9636219143867493,0.0,210157,210188,2525558,210181,0,210188,STANDBY
-0.03999999910593033,-0.1899999976158142,9.8100004196167,0.0,0.0,0.0,1019.6959228515625,19.31999969482422,0.6932575106620789,0.06402842700481415,0,0,0.0,0.0,0.0,0,0,-0.0005493331700563431,-41.36000061035156,0.010101626627147198,-0.964049220085144,0.0,210257,210288,2525654,210277,0,210288,STANDBY
-0.03999999910593033,-0.17000000178813934,9.819999694824219,0.0,0.0,0.0,1019.6942138671875,19.31999969482422,0.7062398791313171,0.09290766716003418,0,0,0.0,0.0,0.0,0,0,-0.0004882961511611938,-41.36000061035156,0.010010071098804474,-0.964201807975769,0.0,210357,210388,2525749,210372,0,210388,STANDBY
-0.029999999329447746,-0.18000000715255737,9.819999694824219,0.0,0.0,0.0,1019.6942138671875,19.31999969482422,0.7062398791313171,0.05946090817451477,0,0,0.0,0.0,0.0,0,0,-0.0005798516795039177,-41.36000061035156,0.009949034079909325,-0.964232325553894,0.0,210457,210488,2525863,210486,0,210488,STANDBY
-0.05000000074505806,-0.18000000715255737,9.819999694824219,0.0,0.0,0.0,1019.6942138671875,19.31999969482422,0.7062398791313171,0.03805498406291008,0,0,0.0,0.0,0.0,0,0,-0.0005493331700563431,-41.36000061035156,0.00991851557046175,-0.963927149772644,0.0,210557,210588,2525960,210582,0,210588,STANDBY
-0.03999999910593033,-0.1899999976158142,9.819999694824219,0.0,0.0,0.0,1019.6942138671875,19.31999969482422,0.7062398791313171,0.024355189874768257,0,0,0.0,0.0,0.0,0,0,-0.0005188146606087685,-41.36000061035156,0.010040589608252048,-0.9638660550117493,0.0,210657,210688,2526055,210681,0,210688,STANDBY
-0.05000000074505806,-0.17000000178813934,9.819999694824219,0.0,0.0,0.0,1019.696533203125,19.31999969482422,0.6880645751953125,-0.04257364943623543,0,0,0.0,0.0,0.0,0,0,-0.0004272591322660446,-41.36000061035156,0.0099795525893569,-0.964171290397644,0.0,210757,210788,2526150,210772,0,210788,STANDBY
-0.03999999910593033,-0.18000000715255737,9.819999694824219,0.0,0.0,0.0,1019.696533203125,19.31999969482422,0.6880645751953125,-0.02724713645875454,0,0,0.0,0.0,0.0,0,0,-0.00045777764171361923,-41.36000061035156,0.00991851557046175,-0.964049220085144,0.0,210857,210888,2526265,210887,0,210888,STANDBY
-0.05000000074505806,-0.18000000715255737,9.819999694824219,0.0,0.0,0.0,1019.696533203125,19.31999969482422,0.6880645751953125,-0.017438167706131935,0,0,0.0,0.0,0.0,0,0,-0.0005188146606087685,-41.36000061035156,0.00991851557046175,-0.964049220085144,0.0,210957,210988,2526360,210982,0,210988,STANDBY
-0.05000000074505806,-0.18000000715255737,9.819999694824219,0.0,0.0,0.0,1019.6949462890625,19.31999969482422,0.7010469436645508,0.040769048035144806,0,0,0.0,0.0,0.0,0,0,-0.0004272591322660446,-41.36000061035156,0.009887997061014175,-0.964171290397644,0.0,211057,211088,2526455,211078,0,211088,STANDBY
-0.03999999910593033,-0.17000000178813934,9.819999694824219,0.0,0.0,0.0,1019.6949462890625,19.31999969482422,0.7010469436645508,0.02609219215810299,0,0,0.0,0.0,0.0,0,0,-0.0004882961511611938,-41.36000061035156,0.009826960042119026,-0.963927149772644,0.0,211158,211188,2526551,211174,0,211188,STANDBY
-0.05000000074505806,-0.18000000715255737,9.819999694824219,0.0,0.0,0.0,1019.6932983398438,19.31999969482422,0.7140292525291443,0.0686282366514206,0,0,0.0,0.0,0.0,0,0,-0.0005188146606087685,-41.36000061035156,0.0098574785515666,-0.964537501335144,0.0,211258,211288,2526647,211269,0,211288,STANDBY
-0.05000000074505806,-0.18000000715255737,9.8100004196167,0.0,0.0,0.0,1019.6932983398438,19.31999969482422,0.7140292525291443,0.043922074139118195,0,0,0.0,0.0,0.0,0,0,-0.0004882961511611938,-41.36000061035156,0.009949034079909325,-0.964232325553894,0.0,211358,211388,2526761,211384,0,211388,STANDBY
-0.05000000074505806,-0.18000000715255737,9.819999694824219,0.0,0.0,0.0,1019.697265625,19.31999969482422,0.6802751421928406,-0.10690630972385406,0,0,0.0,0.0,0.0,0,0,-0.00039674062281847,-41.36000061035156,0.0099795525893569,-0.964140772819519,0.0,211458,211488,2526857,211479,0,211488,STANDBY
-0.05000000074505806,-0.18000000715255737,9.8100004196167,0.0,0.0,0.0,1019.6956176757812,19.31999969482422,0.6932575106620789,-0.026876462623476982,0,0,0.0,0.0,0.0,0,0,-0.0003662221133708954,-41.36000061035156,0.010010071098804474,-0.964049220085144,0.0,211558,211588,2526952,211574,0,211588,STANDBY
-0.03999999910593033,-0.1899999976158142,9.8100004196167,0.0,0.0,0.0,1019.697265625,19.31999969482422,0.6802751421928406,-0.05874451622366905,0,0,0.0,0.0,0.0,0,0,-0.00045777764171361923,-41.36000061035156,0.0099795525893569,-0.9635913968086243,0.0,211658,211688,2527047,211684,0,211688,STANDBY
-0.03999999910593033,-0.18000000715255737,9.819999694824219,0.0,0.0,0.0,1019.6932983398438,19.31999969482422,0.7140292525291443,0.07041666656732559,0,0,0.0,0.0,0.0,0,0,-0.0003662221133708954,-41.36000061035156,0.010071108117699623,-0.964018702507019,0.0,211758,211788,2527162,211784,0,211788,STANDBY
-0.05000000074505806,-0.18000000715255737,9.8100004196167,0.0,0.0,0.0,1019.696533203125,19.31999969482422,0.6880645751953125,-0.0380203016102314,0,0,0.0,0.0,0.0,0,0,-0.0003662221133708954,-41.36000061035156,0.010071108117699623,-0.9637134671211243,0.0,211858,211888,2527257,211879,0,211888,STANDBY
-0.03999999910593033,-0.18000000715255737,9.819999694824219,0.0,0.0,0.0,1019.6983032226562,19.31999969482422,0.6724857687950134,-0.07418517768383026,0,0,0.0,0.0,0.0,0,0,-0.00039674062281847,-41.36000061035156,0.010040589608252048,-0.964140772819519,0.0,211958,211988,2527352,211975,0,211988,STANDBY
-0.03999999910593033,-0.1899999976158142,9.829999923706055,0.0,0.0,0.0,1019.7022094726562,19.31999969482422,0.6413280963897705,-0.14718306064605713,0,0,0.0,0.0,0.0,0,0,-0.00045777764171361923,-41.36000061035156,0.010071108117699623,-0.9638355374336243,0.0,212058,212088,2527449,212071,0,212088,STANDBY
-0.03999999910593033,-0.1899999976158142,9.8100004196167,0.0,0.0,0.0,1019.696533203125,19.31999969482422,0.6880645751953125,0.09274875372648239,0,0,0.0,0.0,0.0,0,0,-0.0004882961511611938,-41.36000061035156,0.010101626627147198,-0.9638355374336243,0.0,212158,212188,2527562,212186,0,212188,STANDBY
-0.03999999910593033,-0.18000000715255737,9.8100004196167,0.0,0.0,0.0,1019.696533203125,19.31999969482422,0.6880645751953125,0.05935920402407646,0,0,0.0,0.0,0.0,0,0,-0.0005188146606087685,-41.36000061035156,0.010071108117699623,-0.9634082913398743,0.0,212258,212288,2527657,212281,0,212288,STANDBY
-0.03999999910593033,-0.18000000715255737,9.819999694824219,0.0,0.0,0.0,1019.696533203125,19.31999969482422,0.6880645751953125,0.037989892065525055,0,0,0.0,0.0,0.0,0,0,-0.0004882961511611938,-41.36000061035156,0.0099795525893569,-0.963896632194519,0.0,212358,212388,2527754,212376,0,212388,STANDBY
-0.03999999910593033,-0.17000000178813934,9.819999694824219,0.0,0.0,0.0,1019.6949462890625,19.31999969482422,0.7010469436645508,0.07624300569295883,0,0,0.0,0.0,0.0,0,0,-0.0005493331700563431,-41.36000061035156,0.00991851557046175,-0.963988184928894,0.0,212458,212488,2527849,212471,0,212488,STANDBY
-0.03999999910593033,-0.18000000715255737,9.829999923706055,0.0,0.0,0.0,1019.69091796875,19.31999969482422,0.7322045564651489,0.14849989116191864,0,0,0.0,0.0,0.0,0,0,-0.0005493331700563431,-41.36000061035156,0.00991851557046175,-0.964323878288269,0.0,212558,212588,2527964,212586,0,212588,STANDBY
-0.03999999910593033,-0.18000000715255737,9.829999923706055,0.0,0.0,0.0,1019.69091796875,19.31999969482422,0.7322045564651489,0.09503993391990662,0,0,0.0,0.0,0.0,0,0,-0.0006103701889514923,-41.36000061035156,0.00991851557046175,-0.964629054069519,0.0,212658,212688,2528059,212684,0,212688,STANDBY
-0.03999999910593033,-0.1899999976158142,9.8100004196167,0.0,0.0,0.0,1019.6925659179688,19.31999969482422,0.7192221879959106,0.01928197778761387,0,0,0.0,0.0,0.0,0,0,-0.0006408886983990669,-41.36000061035156,0.0099795525893569,-0.964323878288269,0.0,212758,212788,2528155,212777,0,212788,STANDBY
-0.05000000074505806,-0.1899999976158142,9.819999694824219,0.0,0.0,0.0,1019.6925659179688,19.31999969482422,0.7192221879959106,0.012340466491878033,0,0,0.0,0.0,0.0,0,0,-0.0005188146606087685,-41.36000061035156,0.010040589608252048,-0.964354395866394,0.0,212858,212888,2528250,212873,0,212888,STANDBY
-0.05000000074505806,-0.18000000715255737,9.8100004196167,0.0,0.0,0.0,1019.6942138671875,19.31999969482422,0.7062398791313171,-0.03364549204707146,0,0,0.0,0.0,0.0,0,0,-0.0004882961511611938,-41.36000061035156,0.010132145136594772,-0.964506983757019,0.0,212958,212988,2528365,212987,0,212988,STANDBY
-0.05000000074505806,-0.1899999976158142,9.8100004196167,0.0,0.0,0.0,1019.6921997070312,19.309999465942383,0.7218186855316162,0.028319066390395164,0,0,0.0,0.0,0.0,0,0,-0.0004272591322660446,-41.36000061035156,0.010101626627147198,-0.964476466178894,0.0,213058,213088,2528460,213083,0,213088,STANDBY
-0.05000000074505806,-0.1899999976158142,9.819999694824219,0.0,0.0,0.0,1019.6921997070312,19.309999465942383,0.7218186855316162,0.018124204128980637,0,0,0.0,0.0,0.0,0,0,-0.0004272591322660446,-41.36000061035156,0.010101626627147198,-0.964262843132019,0.0,213158,213188,2528556,213178,0,213188,STANDBY
-0.03999999910593033,-0.1899999976158142,9.8100004196167,0.0,0.0,0.0,1019.69384765625,19.309999465942383,0.7088363170623779,-0.040329981595277786,0,0,0.0,0.0,0.0,0,0,-0.00045777764171361923,-41.36000061035156,0.010193182155489922,-0.964354395866394,0.0,213258,213288,2528651,213273,0,213288,STANDBY
-0.05000000074505806,-0.1899999976158142,9.829999923706055,0.0,0.0,0.0,1019.69384765625,19.309999465942383,0.7088363170623779,-0.02581118978559971,0,0,0.0,0.0,0.0,0,0,-0.0004272591322660446,-41.36000061035156,0.010162663646042347,-0.964659571647644,0.0,213358,213388,2528747,213369,0,213388,STANDBY
-0.05000000074505806,-0.18000000715255737,9.819999694824219,0.0,0.0,0.0,1019.6954956054688,19.309999465942383,0.6958539485931396,-0.06844863295555115,0,0,0.0,0.0,0.0,0,0,-0.00033570360392332077,-41.36000061035156,0.010101626627147198,-0.964873194694519,0.0,213458,213488,2528861,213484,0,213488,STANDBY
-0.05000000074505806,-0.17000000178813934,9.819999694824219,0.0,0.0,0.0,1019.6954956054688,19.309999465942383,0.6958539485931396,-0.043807126581668854,0,0,0.0,0.0,0.0,0,0,-0.00027466658502817154,-41.36000061035156,0.010010071098804474,-0.964781641960144,0.0,213558,213588,2528957,213579,0,213588,STANDBY
-0.05000000074505806,-0.1899999976158142,9.8100004196167,0.0,0.0,0.0,1019.6972045898438,19.309999465942383,0.6828716397285461,-0.06957995146512985,0,0,0.0,0.0,0.0,0,0,-0.00027466658502817154,-41.36000061035156,0.010071108117699623,-0.964690089225769,0.0,213658,213688,2529052,213683,0,213688,STANDBY
-0.05000000074505806,-0.18000000715255737,9.8100004196167,0.0,0.0,0.0,1019.6972045898438,19.309999465942383,0.6828716397285461,-0.04453117027878761,0,0,0.0,0.0,0.0,0,0,-0.00027466658502817154,-41.36000061035156,0.010162663646042347,-0.964781641960144,0.0,213758,213788,2529147,213771,0,213788,STANDBY
-0.05000000074505806,-0.18000000715255737,9.819999694824219,0.0,0.0,0.0,1019.6972045898438,19.309999465942383,0.6828716397285461,-0.028499949723482132,0,0,0.0,0.0,0.0,0,0,-0.0002441480755805969,-41.36000061035156,0.010101626627147198,-0.964079737663269,0.0,213858,213888,2529262,213884,0,213888,STANDBY
-0.03999999910593033,-0.18000000715255737,9.819999694824219,0.0,0.0,0.0,1019.7008056640625,19.31999969482422,0.6517139673233032,-0.11794451624155045,0,0,0.0,0.0,0.0,0,0,-0.00030518509447574615,-41.36000061035156,0.010040589608252048,-0.9638660550117493,0.0,213958,213988,2529357,213981,0,213988,STANDBY
-0.03999999910593033,-0.18000000715255737,9.829999923706055,0.0,0.0,0.0,1019.7040405273438,19.31999969482422,0.6257492899894714,-0.16793912649154663,0,0,0.0,0.0,0.0,0,0,-0.0003662221133708954,-41.36000061035156,0.010071108117699623,-0.964262843132019,0.0,214059,214088,2529454,214076,0,214088,STANDBY
-0.029999999329447746,-0.1599999964237213,9.819999694824219,0.0,0.0,0.0,1019.705810546875,19.31999969482422,0.6127669215202332,-0.1594105064868927,0,0,0.0,0.0,0.0,0,0,-0.0004882961511611938,-41.36000061035156,0.009949034079909325,-0.964018702507019,0.0,214159,214188,2529549,214171,0,214188,STANDBY
-0.05000000074505806,-0.18000000715255737,9.819999694824219,0.0,0.0,0.0,1019.7040405273438,19.31999969482422,0.6257492899894714,-0.05009325593709946,0,0,0.0,0.0,0.0,0,0,-0.0004272591322660446,-41.36000061035156,0.009949034079909325,-0.9636829495429993,0.0,214259,214288,2529664,214286,0,214288,STANDBY
-0.03999999910593033,-0.18000000715255737,9.819999694824219,0.0,0.0,0.0,1019.7025146484375,19.31999969482422,0.6387316584587097,0.019869789481163025,0,0,0.0,0.0,0.0,0,0,-0.00045777764171361923,-41.36000061035156,0.0099795525893569,-0.9630115628242493,0.0,214359,214388,2529759,214381,0,214388,STANDBY
-0.05000000074505806,-0.1899999976158142,9.8100004196167,0.0,0.0,0.0,1019.7008056640625,19.31999969482422,0.6517139673233032,0.06464590132236481,0,0,0.0,0.0,0.0,0,0,-0.0003662221133708954,-41.36000061035156,0.010010071098804474,-0.9629810452461243,0.0,214459,214488,2529854,214476,0,214488,STANDBY
-0.05000000074505806,-0.18000000715255737,9.819999694824219,0.0,0.0,0.0,1019.7008056640625,19.31999969482422,0.6517139673233032,0.04137337952852249,0,0,0.0,0.0,0.0,0,0,-0.00027466658502817154,-41.36000061035156,0.010010071098804474,-0.9632862210273743,0.0,214559,214588,2529949,214573,0,214588,STANDBY
-0.05000000074505806,-0.1899999976158142,9.8100004196167,0.0,0.0,0.0,1019.7008056640625,19.31999969482422,0.6517139673233032,0.02647896483540535,0,0,0.0,0.0,0.0,0,0,-0.00027466658502817154,-41.36000061035156,0.010132145136594772,-0.9636219143867493,0.0,214659,214688,2530064,214687,0,214688,STANDBY
-0.03999999910593033,-0.18000000715255737,9.819999694824219,0.0,0.0,0.0,1019.703125,19.31999969482422,0.6335387229919434,-0.041214246302843094,0,0,0.0,0.0,0.0,0,0,-0.0003662221133708954,-41.36000061035156,0.010132145136594772,-0.963927149772644,0.0,214759,214788,2530160,214782,0,214788,STANDBY
-0.03999999910593033,-0.18000000715255737,9.819999694824219,0.0,0.0,0.0,1019.69921875,19.31999969482422,0.6646963357925415,0.07332724332809448,0,0,0.0,0.0,0.0,0,0,-0.00039674062281847,-41.36000061035156,0.010071108117699623,-0.9637439846992493,0.0,214859,214888,2530255,214878,0,214888,STANDBY
-0.03999999910593033,-0.1899999976158142,9.8100004196167,0.0,0.0,0.0,1019.703125,19.31999969482422,0.6335387229919434,-0.05277492478489876,0,0,0.0,0.0,0.0,0,0,-0.0004272591322660446,-41.36000061035156,0.010101626627147198,-0.9638660550117493,0.0,214959,214988,2530351,214973,0,214988,STANDBY
-0.05000000074505806,-0.1899999976158142,9.8100004196167,0.0,0.0,0.0,1019.7014770507812,19.31999969482422,0.6465210318565369,0.01815328374505043,0,0,0.0,0.0,0.0,0,0,-0.00039674062281847,-41.36000061035156,0.010132145136594772,-0.963957667350769,0.0,215059,215088,2530446,215069,0,215088,STANDBY
-0.05000000074505806,-0.20000000298023224,9.8100004196167,0.0,0.0,0.0,1019.7014770507812,19.31999969482422,0.6465210318565369,0.011618101969361305,0,0,0.0,0.0,0.0,0,0,-0.00027466658502817154,-41.36000061035156,0.010132145136594772,-0.963927149772644,0.0,215159,215188,2530561,215184,0,215188,STANDBY
-0.03999999910593033,-0.18000000715255737,9.8100004196167,0.0,0.0,0.0,1019.697509765625,19.31999969482422,0.6802751421928406,0.14245203137397766,0,0,0.0,0.0,0.0,0,0,-0.00033570360392332077,-41.36000061035156,0.010162663646042347,-0.9637439846992493,0.0,215259,215288,2530656,215279,0,215288,STANDBY
-0.05000000074505806,-0.18000000715255737,9.819999694824219,0.0,0.0,0.0,1019.697509765625,19.31999969482422,0.6802751421928406,0.09116930514574051,0,0,0.0,0.0,0.0,0,0,-0.0003662221133708954,-41.36000061035156,0.010132145136594772,-0.9638660550117493,0.0,215359,215388,2530752,215374,0,215388,STANDBY
-0.03999999910593033,-0.1899999976158142,9.819999694824219,0.0,0.0,0.0,1019.697509765625,19.31999969482422,0.6802751421928406,0.05834835767745972,0,0,0.0,0.0,0.0,0,0,-0.00033570360392332077,-41.36000061035156,0.010040589608252048,-0.9635913968086243,0.0,215459,215488,2530847,215471,0,215488,STANDBY
-0.05000000074505806,-0.1899999976158142,9.819999694824219,0.0,0.0,0.0,1019.7014770507812,19.31999969482422,0.6465210318565369,-0.09767349064350128,0,0,0.0,0.0,0.0,0,0,-0.00045777764171361923,-41.36000061035156,0.010101626627147198,-0.9638050198554993,0.0,215560,215588,2530962,215584,0,215588,STANDBY
-0.05000000074505806,-0.18000000715255737,9.819999694824219,0.0,0.0,0.0,1019.697509765625,19.31999969482422,0.6802751421928406,0.04550212249159813,0,0,0.0,0.0,0.0,0,0,-0.00045777764171361923,-41.36000061035156,0.010132145136594772,-0.9638355374336243,0.0,215660,215688,2531057,215685,0,215688,STANDBY
-0.03999999910593033,-0.18000000715255737,9.819999694824219,0.0,0.0,0.0,1019.69921875,19.31999969482422,0.6646963357925415,-0.020730821415781975,0,0,0.0,0.0,0.0,0,0,-0.0004882961511611938,-41.36000061035156,0.01025421917438507,-0.964293360710144,0.0,215760,215788,2531153,215776,0,215788,STANDBY
-0.05000000074505806,-0.1899999976158142,9.8100004196167,0.0,0.0,0.0,1019.7008056640625,19.31999969482422,0.6517139673233032,-0.05481130629777908,0,0,0.0,0.0,0.0,0,0,-0.0004272591322660446,-41.36000061035156,0.010345774702727795,-0.964384913444519,0.0,215860,215888,2531249,215871,0,215888,STANDBY
-0.05000000074505806,-0.18000000715255737,9.819999694824219,0.0,0.0,0.0,1019.69921875,19.31999969482422,0.6646963357925415,0.006464341189712286,0,0,0.0,0.0,0.0,0,0,-0.0004272591322660446,-41.36000061035156,0.01025421917438507,-0.9634693264961243,0.0,215960,215988,2531363,215986,0,215988,STANDBY
-0.05000000074505806,-0.18000000715255737,9.819999694824219,0.0,0.0,0.0,1019.6972045898438,19.309999465942383,0.6828716397285461,0.07683839648962021,0,0,0.0,0.0,0.0,0,0,-0.00039674062281847,-41.36000061035156,0.010101626627147198,-0.9634082913398743,0.0,216060,216088,2531459,216081,0,216088,STANDBY
-0.03999999910593033,-0.18000000715255737,9.819999694824219,0.0,0.0,0.0,1019.6972045898438,19.309999465942383,0.6828716397285461,0.049176573753356934,0,0,0.0,0.0,0.0,0,0,-0.00030518509447574615,-41.36000061035156,0.010010071098804474,-0.9633472561836243,0.0,216160,216188,2531554,216177,0,216188,STANDBY
-0.05000000074505806,-0.18000000715255737,9.8100004196167,0.0,0.0,0.0,1019.69873046875,19.309999465942383,0.6698892712593079,-0.0204564668238163,0,0,0.0,0.0,0.0,0,0,-0.00030518509447574615,-41.36000061035156,0.010071108117699623,-0.9635608792304993,0.0,216260,216288,2531650,216272,0,216288,STANDBY
-0.05000000074505806,-0.1899999976158142,9.819999694824219,0.0,0.0,0.0,1019.700439453125,19.309999465942383,0.6543104648590088,-0.07540736347436905,0,0,0.0,0.0,0.0,0,0,-0.00030518509447574615,-41.36000061035156,0.010223700664937496,-0.9638355374336243,0.0,216360,216388,2531765,216387,0,216388,STANDBY
-0.05000000074505806,-0.1899999976158142,9.819999694824219,0.0,0.0,0.0,1019.7020874023438,19.309999465942383,0.6413280963897705,-0.1001901924610138,0,0,0.0,0.0,0.0,0,0,-0.00030518509447574615,-41.36000061035156,0.01025421917438507,-0.964140772819519,0.0,216460,216488,2531860,216482,0,216488,STANDBY
-0.05000000074505806,-0.18000000715255737,9.819999694824219,0.0,0.0,0.0,1019.6981201171875,19.309999465942383,0.6750822067260742,0.07089471817016602,0,0,0.0,0.0,0.0,0,0,-0.00030518509447574615,-41.36000061035156,0.010223700664937496,-0.964293360710144,0.0,216560,216588,2531955,216578,0,216588,STANDBY
-0.05000000074505806,-0.18000000715255737,9.819999694824219,0.0,0.0,0.0,1019.6964111328125,19.309999465942383,0.6880645751953125,0.08691620081663132,0,0,0.0,0.0,0.0,0,0,-0.00033570360392332077,-41.36000061035156,0.010132145136594772,-0.963957667350769,0.0,216660,216688,2532050,216685,0,216688,STANDBY
-0.03999999910593033,-0.18000000715255737,9.819999694824219,0.0,0.0,0.0,1019.6964111328125,19.309999465942383,0.6880645751953125,0.05562637001276016,0,0,0.0,0.0,0.0,0,0,-0.0003662221133708954,-41.36000061035156,0.010040589608252048,-0.964140772819519,0.0,216760,216788,2532165,216787,0,216788,STANDBY
-0.03999999910593033,-0.17000000178813934,9.819999694824219,0.0,0.0,0.0,1019.6964111328125,19.309999465942383,0.6880645751953125,0.03560087829828262,0,0,0.0,0.0,0.0,0,0,-0.0004272591322660446,-41.36000061035156,0.0099795525893569,-0.964476466178894,0.0,216860,216888,2532261,216884,0,216888,STANDBY
-0.05000000074505806,-0.18000000715255737,9.819999694824219,0.0,0.0,0.0,1019.69482421875,19.309999465942383,0.7010469436645508,0.0643281415104866,0,0,0.0,0.0,0.0,0,0,-0.0004272591322660446,-41.36000061035156,0.009949034079909325,-0.964476466178894,0.0,216960,216988,2532357,216979,0,216988,STANDBY
-0.03999999910593033,-0.1899999976158142,9.8100004196167,0.0,0.0,0.0,1019.69482421875,19.309999465942383,0.7010469436645508,0.04117001220583916,0,0,0.0,0.0,0.0,0,0,-0.00045777764171361923,-41.36000061035156,0.009949034079909325,-0.964171290397644,0.0,217060,217088,2532452,217074,0,217088,STANDBY
-0.05000000074505806,-0.18000000715255737,9.819999694824219,0.0,0.0,0.0,1019.6931762695312,19.309999465942383,0.7140292525291443,0.07827804237604141,0,0,0.0,0.0,0.0,0,0,-0.00045777764171361923,-41.36000061035156,0.010101626627147198,-0.963988184928894,0.0,217160,217188,2532548,217170,0,217188,STANDBY
-0.05000000074505806,-0.18000000715255737,9.819999694824219,0.0,0.0,0.0,1019.6915893554688,19.309999465942383,0.7270116209983826,0.10202742367982864,0,0,0.0,0.0,0.0,0,0,-0.0004272591322660446,-41.36000061035156,0.010132145136594772,-0.963988184928894,0.0,217260,217288,2532663,217285,0,217288,STANDBY
-0.05000000074505806,-0.17000000178813934,9.819999694824219,0.0,0.0,0.0,1019.6931762695312,19.309999465942383,0.7140292525291443,0.013368077576160431,0,0,0.0,0.0,0.0,0,0,-0.0004272591322660446,-41.36000061035156,0.010040589608252048,-0.9633777737617493,0.0,217360,217388,2532758,217380,0,217388,STANDBY
-0.03999999910593033,-0.18000000715255737,9.819999694824219,0.0,0.0,0.0,1019.6931762695312,19.309999465942383,0.7140292525291443,0.008555569685995579,0,0,0.0,0.0,0.0,0,0,-0.00045777764171361923,-41.36000061035156,0.0099795525893569,-0.9627979397773743,0.0,217460,217488,2532853,217476,0,217488,STANDBY
-0.05000000074505806,-0.18000000715255737,9.819999694824219,0.0,0.0,0.0,1019.69482421875,19.309999465942383,0.7010469436645508,-0.04645366966724396,0,0,0.0,0.0,0.0,0,0,-0.00039674062281847,-41.36000061035156,0.010071108117699623,-0.9631641507148743,0.0,217560,217588,2532948,217572,0,217588,STANDBY
-0.03999999910593033,-0.18000000715255737,9.819999694824219,0.0,0.0,0.0,1019.6931762695312,19.309999465942383,0.7140292525291443,0.01181303896009922,0,0,0.0,0.0,0.0,0,0,-0.0003662221133708954,-41.36000061035156,0.010040589608252048,-0.9632251858711243,0.0,217660,217688,2533063,217686,0,217688,STANDBY
-0.05000000074505806,-0.18000000715255737,9.819999694824219,0.0,0.0,0.0,1019.6931762695312,19.309999465942383,0.7140292525291443,0.0075603448785841465,0,0,0.0,0.0,0.0,0,0,-0.00039674062281847,-41.36000061035156,0.010040589608252048,-0.9635608792304993,0.0,217760,217788,2533159,217782,0,217788,STANDBY
-0.03999999910593033,-0.18000000715255737,9.829999923706055,0.0,0.0,0.0,1019.69482421875,19.309999465942383,0.7010469436645508,-0.03670476749539375,0,0,0.0,0.0,0.0,0,0,-0.00045777764171361923,-41.36000061035156,0.010071108117699623,-0.9638355374336243,0.0,217860,217888,2533255,217877,0,217888,STANDBY
-0.03999999910593033,-0.1899999976158142,9.819999694824219,0.0,0.0,0.0,1019.69482421875,19.309999465942383,0.7010469436645508,-0.02349105291068554,0,0,0.0,0.0,0.0,0,0,-0.0005493331700563431,-41.36000061035156,0.010101626627147198,-0.964262843132019,0.0,217960,217988,2533350,217972,0,217988,STANDBY
-0.03999999910593033,-0.18000000715255737,9.819999694824219,0.0,0.0,0.0,1019.6931762695312,19.309999465942383,0.7140292525291443,0.026509111747145653,0,0,0.0,0.0,0.0,0,0,-0.0006408886983990669,-41.36000061035156,0.010040589608252048,-0.964049220085144,0.0,218060,218088,2533465,218087,0,218088,STANDBY
-0.05000000074505806,-0.18000000715255737,9.819999694824219,0.0,0.0,0.0,1019.69482421875,19.309999465942383,0.7010469436645508,-0.03496340289711952,0,0,0.0,0.0,0.0,0,0,-0.0005493331700563431,-41.36000061035156,0.010010071098804474,-0.964415431022644,0.0,218160,218188,2533561,218183,0,218188,STANDBY
-0.03999999910593033,-0.18000000715255737,9.829999923706055,0.0,0.0,0.0,1019.69482421875,19.309999465942383,0.7010469436645508,-0.02237657830119133,0,0,0.0,0.0,0.0,0,0,-0.0005493331700563431,-41.36000061035156,0.0099795525893569,-0.964751124382019,0.0,218260,218288,2533656,218278,0,218288,STANDBY
-0.05000000074505806,-0.18000000715255737,9.819999694824219,0.0,0.0,0.0,1019.6931762695312,19.309999465942383,0.7140292525291443,0.037608224898576736,0,0,0.0,0.0,0.0,0,0,-0.0005188146606087685,-41.36000061035156,0.0099795525893569,-0.964568018913269,0.0,218360,218388,2533751,218374,0,218388,STANDBY
-0.03999999910593033,-0.1899999976158142,9.819999694824219,0.0,0.0,0.0,1019.6908569335938,19.309999465942383,0.7322045564651489,0.09677048027515411,0,0,0.0,0.0,0.0,0,0,-0.0005188146606087685,-41.36000061035156,0.010071108117699623,-0.964354395866394,0.0,218461,218488,2533847,218469,0,218488,STANDBY
-0.03999999910593033,-0.20000000298023224,9.819999694824219,0.0,0.0,0.0,1019.689208984375,19.309999465942383,0.7451869249343872,0.11386258155107498,0,0,0.0,0.0,0.0,0,0,-0.0006408886983990669,-41.36000061035156,0.010162663646042347,-0.964110255241394,0.0,218561,218588,2533961,218584,0,218588,STANDBY
-0.05000000074505806,-0.1899999976158142,9.819999694824219,0.0,0.0,0.0,1019.6908569335938,19.309999465942383,0.7322045564651489,0.0313284769654274,0,0,0.0,0.0,0.0,0,0,-0.0006103701889514923,-41.36000061035156,0.010223700664937496,-0.964201807975769,0.0,218661,218688,2534056,218686,0,218688,STANDBY
-0.03999999910593033,-0.18000000715255737,9.8100004196167,0.0,0.0,0.0,1019.6908569335938,19.309999465942383,0.7322045564651489,0.020050225779414177,0,0,0.0,0.0,0.0,0,0,-0.0005188146606087685,-41.36000061035156,0.01025421917438507,-0.964384913444519,0.0,218761,218788,2534152,218775,0,218788,STANDBY
-0.03999999910593033,-0.18000000715255737,9.819999694824219,0.0,0.0,0.0,1019.6908569335938,19.309999465942383,0.7322045564651489,0.01283214520663023,0,0,0.0,0.0,0.0,0,0,-0.0005798516795039177,-41.36000061035156,0.010193182155489922,-0.964232325553894,0.0,218861,218888,2534248,218870,0,218888,STANDBY
-0.05000000074505806,-0.18000000715255737,9.8100004196167,0.0,0.0,0.0,1019.6925048828125,19.309999465942383,0.7192221879959106,-0.0333310067653656,0,0,0.0,0.0,0.0,0,0,-0.0004882961511611938,-41.36000061035156,0.01025421917438507,-0.9637439846992493,0.0,218961,218988,2534362,218985,0,218988,STANDBY
-0.029999999329447746,-0.18000000715255737,9.819999694824219,0.0,0.0,0.0,1019.690185546875,19.309999465942383,0.7373974919319153,0.03682912513613701,0,0,0.0,0.0,0.0,0,0,-0.0005188146606087685,-41.36000061035156,0.010132145136594772,-0.9638050198554993,0.0,219061,219088,2534458,219080,0,219088,STANDBY
-0.03999999910593033,-0.18000000715255737,9.819999694824219,0.0,0.0,0.0,1019.690185546875,19.309999465942383,0.7373974919319153,0.02357064001262188,0,0,0.0,0.0,0.0,0,0,-0.0005493331700563431,-41.36000061035156,0.010010071098804474,-0.9636524319648743,0.0,219161,219188,2534553,219175,0,219188,STANDBY
-0.03999999910593033,-0.18000000715255737,9.819999694824219,0.0,0.0,0.0,1019.69189453125,19.309999465942383,0.724415123462677,-0.03684426471590996,0,0,0.0,0.0,0.0,0,0,-0.0006103701889514923,-41.36000061035156,0.009949034079909325,-0.9637134671211243,0.0,219261,219288,2534648,219272,0,219288,STANDBY
-0.03999999910593033,-0.18000000715255737,9.819999694824219,0.0,0.0,0.0,1019.69189453125,19.309999465942383,0.724415123462677,-0.02358032949268818,0,0,0.0,0.0,0.0,0,0,-0.0006408886983990669,-41.36000061035156,0.0098574785515666,-0.9638660550117493,0.0,219361,219388,2534763,219385,0,219388,STANDBY
-0.03999999910593033,-0.1899999976158142,9.819999694824219,0.0,0.0,0.0,1019.69189453125,19.309999465942383,0.724415123462677,-0.015091411769390106,0,0,0.0,0.0,0.0,0,0,-0.0006714072078466415,-41.36000061035156,0.00991851557046175,-0.964171290397644,0.0,219461,219488,2534858,219482,0,219488,STANDBY
-0.03999999910593033,-0.18000000715255737,9.819999694824219,0.0,0.0,0.0,1019.69189453125,19.309999465942383,0.724415123462677,-0.009658503346145153,0,0,0.0,0.0,0.0,0,0,-0.0006714072078466415,-41.36000061035156,0.0099795525893569,-0.964171290397644,0.0,219561,219588,2534955,219577,0,219588,STANDBY
-0.05000000074505806,-0.17000000178813934,9.819999694824219,0.0,0.0,0.0,1019.69189453125,19.309999465942383,0.724415123462677,-0.006181442644447088,0,0,0.0,0.0,0.0,0,0,-0.0005798516795039177,-41.36000061035156,0.009949034079909325,-0.964323878288269,0.0,219661,219688,2535050,219685,0,219688,STANDBY
-0.05000000074505806,-0.18000000715255737,9.829999923706055,0.0,0.0,0.0,1019.6941528320312,19.309999465942383,0.7062398791313171,-0.06211690232157707,0,0,0.0,0.0,0.0,0,0,-0.0005188146606087685,-41.36000061035156,0.00991851557046175,-0.964323878288269,0.0,219761,219788,2535164,219787,0,219788,STANDBY
-0.05000000074505806,-0.1899999976158142,9.819999694824219,0.0,0.0,0.0,1019.6941528320312,19.309999465942383,0.7062398791313171,-0.03975481912493706,0,0,0.0,0.0,0.0,0,0,-0.00045777764171361923,-41.36000061035156,0.0099795525893569,-0.964323878288269,0.0,219862,219888,2535260,219882,0,219888,STANDBY
-0.03999999910593033,-0.18000000715255737,9.819999694824219,0.0,0.0,0.0,1019.6941528320312,19.309999465942383,0.7062398791313171,-0.02544308640062809,0,0,0.0,0.0,0.0,0,0,-0.00045777764171361923,-41.36000061035156,0.009949034079909325,-0.964201807975769,0.0,219962,219988,2535355,219977,0,219988,STANDBY
-0.05000000074505806,-0.17000000178813934,9.829999923706055,0.0,0.0,0.0,1019.6941528320312,19.309999465942383,0.7062398791313171,-0.01628357730805874,0,0,0.0,0.0,0.0,0,0,-0.0004882961511611938,-41.36000061035156,0.00991851557046175,-0.963988184928894,0.0,220062,220088,2535450,220072,0,220088,STANDBY
-0.029999999329447746,-0.17000000178813934,9.829999923706055,0.0,0.0,0.0,1019.6908569335938,19.309999465942383,0.7322045564651489,0.08305136859416962,0,0,0.0,0.0,0.0,0,0,-0.0005493331700563431,-41.36000061035156,0.009796441532671452,-0.964384913444519,0.0,220162,220188,2535565,220187,0,220188,STANDBY
-0.03999999910593033,-0.18000000715255737,9.819999694824219,0.0,0.0,0.0,1019.6908569335938,19.309999465942383,0.7322045564651489,0.05315287783741951,0,0,0.0,0.0,0.0,0,0,-0.0006714072078466415,-41.36000061035156,0.009765923023223877,-0.964629054069519,0.0,220262,220288,2535660,220283,0,220288,STANDBY
-0.05000000074505806,-0.18000000715255737,9.8100004196167,0.0,0.0,0.0,1019.69482421875,19.309999465942383,0.7010469436645508,-0.09061260521411896,0,0,0.0,0.0,0.0,0,0,-0.0006408886983990669,-41.36000061035156,0.009796441532671452,-0.964476466178894,0.0,220362,220388,2535756,220379,0,220388,STANDBY
-0.05000000074505806,-0.18000000715255737,9.829999923706055,0.0,0.0,0.0,1019.69482421875,19.309999465942383,0.7010469436645508,-0.05799207091331482,0,0,0.0,0.0,0.0,0,0,-0.0005493331700563431,-41.36000061035156,0.009887997061014175,-0.964354395866394,0.0,220462,220488,2535852,220474,0,220488,STANDBY
-0.05000000074505806,-0.1899999976158142,9.819999694824219,0.0,0.0,0.0,1019.69482421875,19.309999465942383,0.7010469436645508,-0.03711492940783501,0,0,0.0,0.0,0.0,0,0,-0.0005798516795039177,-41.36000061035156,0.009949034079909325,-0.963988184928894,0.0,220562,220588,2535947,220569,0,220588,STANDBY
-0.03999999910593033,-0.1899999976158142,9.819999694824219,0.0,0.0,0.0,1019.69482421875,19.309999465942383,0.7010469436645508,-0.023753555491566658,0,0,0.0,0.0,0.0,0,0,-0.0005493331700563431,-41.36000061035156,0.009949034079909325,-0.964537501335144,0.0,220662,220688,2536061,220688,0,220688,STANDBY
-0.05000000074505806,-0.1899999976158142,9.819999694824219,0.0,0.0,0.0,1019.69482421875,19.309999465942383,0.7010469436645508,-0.015202276408672333,0,0,0.0,0.0,0.0,0,0,-0.0005493331700563431,-41.36000061035156,0.010010071098804474,-0.964964747428894,0.0,220762,220788,2536157,220779,0,220788,STANDBY
-0.03999999910593033,-0.18000000715255737,9.819999694824219,0.0,0.0,0.0,1019.6931762695312,19.309999465942383,0.7140292525291443,0.031813930720090866,0,0,0.0,0.0,0.0,0,0,-0.0005493331700563431,-41.36000061035156,0.010040589608252048,-0.964903712272644,0.0,220862,220888,2536252,220875,0,220888,STANDBY
-0.03999999910593033,-0.1899999976158142,9.819999694824219,0.0,0.0,0.0,1019.6931762695312,19.309999465942383,0.7140292525291443,0.0203609149903059,0,0,0.0,0.0,0.0,0,0,-0.0007019257172942162,-41.36000061035156,0.010101626627147198,-0.964751124382019,0.0,220962,220988,2536348,220971,0,220988,STANDBY
-0.03999999910593033,-0.18000000715255737,9.819999694824219,0.0,0.0,0.0,1019.6915893554688,19.309999465942383,0.7270116209983826,0.05457456782460213,0,0,0.0,0.0,0.0,0,0,-0.0007019257172942162,-41.36000061035156,0.010040589608252048,-0.964964747428894,0.0,221062,221088,2536462,221085,0,221088,STANDBY
-0.05000000074505806,-0.18000000715255737,9.8100004196167,0.0,0.0,0.0,1019.6954956054688,19.309999465942383,0.6958539485931396,-0.06477683037519455,0,0,0.0,0.0,0.0,0,0,-0.0006103701889514923,-41.36000061035156,0.010071108117699623,-0.964476466178894,0.0,221162,221188,2536558,221180,0,221188,STANDBY
-0.05000000074505806,-0.17000000178813934,9.819999694824219,0.0,0.0,0.0,1019.6915893554688,19.309999465942383,0.7270116209983826,0.08317351341247559,0,0,0.0,0.0,0.0,0,0,-0.0005493331700563431,-41.36000061035156,0.010040589608252048,-0.964506983757019,0.0,221262,221288,2536653,221276,0,221288,STANDBY
-0.03999999910593033,-0.18000000715255737,9.819999694824219,0.0,0.0,0.0,1019.6915893554688,19.309999465942383,0.7270116209983826,0.053231049329042435,0,0,0.0,0.0,0.0,0,0,-0.0005798516795039177,-41.36000061035156,0.009949034079909325,-0.964629054069519,0.0,221362,221388,2536749,221371,0,221388,STANDBY
-0.05000000074505806,-0.17000000178813934,9.819999694824219,0.0,0.0,0.0,1019.6931762695312,19.309999465942383,0.7140292525291443,-0.01786160096526146,0,0,0.0,0.0,0.0,0,0,-0.0004882961511611938,-41.36000061035156,0.009826960042119026,-0.964079737663269,0.0,221462,221488,2536863,221486,0,221488,STANDBY
-0.05000000074505806,-0.18000000715255737,9.8100004196167,0.0,0.0,0.0,1019.69482421875,19.309999465942383,0.7010469436645508,-0.06336066126823425,0,0,0.0,0.0,0.0,0,0,-0.0004882961511611938,-41.36000061035156,0.0098574785515666,-0.963988184928894,0.0,221562,221588,2536958,221581,0,221588,STANDBY
-0.03999999910593033,-0.18000000715255737,9.829999923706055,0.0,0.0,0.0,1019.6964111328125,19.309999465942383,0.6880645751953125,-0.09248030185699463,0,0,0.0,0.0,0.0,0,0,-0.0005798516795039177,-41.36000061035156,0.009796441532671452,-0.964079737663269,0.0,221662,221688,2537054,221687,0,221688,STANDBY
-0.03999999910593033,-0.18000000715255737,9.819999694824219,0.0,0.0,0.0,1019.6981201171875,19.309999465942383,0.6750822067260742,-0.10073097050189972,0,0,0.0,0.0,0.0,0,0,-0.0006408886983990669,-41.36000061035156,0.009826960042119026,-0.964445948600769,0.0,221762,221788,2537150,221772,0,221788,STANDBY
-0.03999999910593033,-0.18000000715255737,9.829999923706055,0.0,0.0,0.0,1019.6981201171875,19.309999465942383,0.6750822067260742,-0.06446782499551773,0,0,0.0,0.0,0.0,0,0,-0.0006408886983990669,-41.36000061035156,0.009765923023223877,-0.964629054069519,0.0,221862,221888,2537265,221887,0,221888,STANDBY
-0.03999999910593033,-0.18000000715255737,9.829999923706055,0.0,0.0,0.0,1019.6974487304688,19.309999465942383,0.6802751421928406,-0.024642014876008034,0,0,0.0,0.0,0.0,0,0,-0.0006103701889514923,-41.36000061035156,0.009735404513776302,-0.964323878288269,0.0,221962,221988,2537360,221982,0,221988,STANDBY
-0.05000000074505806,-0.18000000715255737,9.829999923706055,0.0,0.0,0.0,1019.6990356445312,19.309999465942383,0.6672928333282471,-0.057314276695251465,0,0,0.0,0.0,0.0,0,0,-0.0005798516795039177,-41.36000061035156,0.009796441532671452,-0.964110255241394,0.0,222062,222088,2537455,222077,0,222088,STANDBY
-0.05000000074505806,-0.18000000715255737,9.819999694824219,0.0,0.0,0.0,1019.7008056640625,19.309999465942383,0.6517139673233032,-0.08653350919485092,0,0,0.0,0.0,0.0,0,0,-0.0006103701889514923,-41.36000061035156,0.0098574785515666,-0.9638355374336243,0.0,222162,222188,2537550,222174,0,222188,STANDBY
-0.05000000074505806,-0.17000000178813934,9.829999923706055,0.0,0.0,0.0,1019.6984252929688,19.309999465942383,0.6724857687950134,0.03809160739183426,0,0,0.0,0.0,0.0,0,0,-0.0005493331700563431,-41.36000061035156,0.009796441532671452,-0.9636524319648743,0.0,222262,222288,2537665,222287,0,222288,STANDBY
-0.05000000074505806,-0.1899999976158142,9.819999694824219,0.0,0.0,0.0,1019.7000122070312,19.309999465942383,0.6595034003257751,-0.027550844475626945,0,0,0.0,0.0,0.0,0,0,-0.0005188146606087685,-41.36000061035156,0.009887997061014175,-0.964140772819519,0.0,222362,222388,2537760,222384,0,222388,STANDBY
-0.05000000074505806,-0.1899999976158142,9.819999694824219,0.0,0.0,0.0,1019.7000122070312,19.309999465942383,0.6595034003257751,-0.017632542178034782,0,0,0.0,0.0,0.0,0,0,-0.0004272591322660446,-41.36000061035156,0.0098574785515666,-0.9637745022773743,0.0,222462,222488,2537856,222479,0,222488,STANDBY
-0.03999999910593033,-0.18000000715255737,9.8100004196167,0.0,0.0,0.0,1019.7000122070312,19.309999465942383,0.6595034003257751,-0.011284827254712582,0,0,0.0,0.0,0.0,0,0,-0.00039674062281847,-41.36000061035156,0.0098574785515666,-0.9638660550117493,0.0,222562,222588,2537952,222574,0,222588,STANDBY
-0.03999999910593033,-0.18000000715255737,9.829999923706055,0.0,0.0,0.0,1019.70166015625,19.309999465942383,0.6439245939254761,-0.06953751295804977,0,0,0.0,0.0,0.0,0,0,-0.00039674062281847,-41.36000061035156,0.0098574785515666,-0.9634693264961243,0.0,222662,222689,2538047,222689,0,222689,STANDBY
-0.05000000074505806,-0.18000000715255737,9.819999694824219,0.0,0.0,0.0,1019.6976318359375,19.299999237060547,0.6776787042617798,0.06350914388895035,0,0,0.0,0.0,0.0,0,0,-0.00039674062281847,-41.36000061035156,0.0098574785515666,-0.9631641507148743,0.0,222763,222789,2538162,222784,0,222789,STANDBY
-0.05000000074505806,-0.18000000715255737,9.8100004196167,0.0,0.0,0.0,1019.6976318359375,19.299999237060547,0.6776787042617798,0.04064585268497467,0,0,0.0,0.0,0.0,0,0,-0.0004272591322660446,-41.36000061035156,0.00991851557046175,-0.9638050198554993,0.0,222863,222889,2538257,222879,0,222889,STANDBY
-0.03999999910593033,-0.17000000178813934,9.8100004196167,0.0,0.0,0.0,1019.6994018554688,19.299999237060547,0.6646963357925415,-0.015530231408774853,0,0,0.0,0.0,0.0,0,0,-0.0004272591322660446,-41.36000061035156,0.009826960042119026,-0.964079737663269,0.0,222963,222989,2538352,222974,0,222989,STANDBY
-0.029999999329447746,-0.18000000715255737,9.819999694824219,0.0,0.0,0.0,1019.6976318359375,19.299999237060547,0.6776787042617798,0.031604230403900146,0,0,0.0,0.0,0.0,0,0,-0.0005188146606087685,-41.36000061035156,0.009735404513776302,-0.963927149772644,0.0,223063,223089,2538447,223070,0,223089,STANDBY
-0.03999999910593033,-0.18000000715255737,9.829999923706055,0.0,0.0,0.0,1019.6961059570312,19.299999237060547,0.6906610131263733,0.06177009269595146,0,0,0.0,0.0,0.0,0,0,-0.0006103701889514923,-41.36000061035156,0.009796441532671452,-0.964171290397644,0.0,223163,223190,2538562,223184,0,223190,STANDBY
-0.05000000074505806,-0.18000000715255737,9.819999694824219,0.0,0.0,0.0,1019.6976318359375,19.299999237060547,0.6776787042617798,-0.012396372854709625,0,0,0.0,0.0,0.0,0,0,-0.0005493331700563431,-41.36000061035156,0.0098574785515666,-0.9638050198554993,0.0,223263,223290,2538657,223281,0,223290,STANDBY
-0.03999999910593033,-0.17000000178813934,9.8100004196167,0.0,0.0,0.0,1019.6976318359375,19.299999237060547,0.6776787042617798,-0.007933679036796093,0,0,0.0,0.0,0.0,0,0,-0.0005493331700563431,-41.36000061035156,0.009826960042119026,-0.9635608792304993,0.0,223363,223390,2538754,223376,0,223390,STANDBY
-0.03999999910593033,-0.18000000715255737,9.819999694824219,0.0,0.0,0.0,1019.6976318359375,19.299999237060547,0.6776787042617798,-0.00507755484431982,0,0,0.0,0.0,0.0,0,0,-0.0006103701889514923,-41.36000061035156,0.009765923023223877,-0.9636219143867493,0.0,223463,223490,2538849,223471,0,223490,STANDBY
-0.03999999910593033,-0.17000000178813934,9.829999923706055,0.0,0.0,0.0,1019.6976318359375,19.299999237060547,0.6776787042617798,-0.0032496352214366198,0,0,0.0,0.0,0.0,0,0,-0.0006714072078466415,-41.36000061035156,0.009765923023223877,-0.9637134671211243,0.0,223563,223590,2538963,223586,0,223590,STANDBY
-0.05000000074505806,-0.1899999976158142,9.819999694824219,0.0,0.0,0.0,1019.6961059570312,19.299999237060547,0.6906610131263733,0.04984946921467781,0,0,0.0,0.0,0.0,0,0,-0.0006408886983990669,-41.36000061035156,0.009796441532671452,-0.9635303616523743,0.0,223663,223690,2539059,223687,0,223690,STANDBY
-0.05000000074505806,-0.17000000178813934,9.8100004196167,0.0,0.0,0.0,1019.6961059570312,19.299999237060547,0.6906610131263733,0.03190366178750992,0,0,0.0,0.0,0.0,0,0,-0.0005798516795039177,-41.36000061035156,0.009796441532671452,-0.964140772819519,0.0,223763,223790,2539155,223777,0,223790,STANDBY
-0.05000000074505806,-0.18000000715255737,9.819999694824219,0.0,0.0,0.0,1019.6961059570312,19.299999237060547,0.6906610131263733,0.02041834406554699,0,0,0.0,0.0,0.0,0,0,-0.0005188146606087685,-41.36000061035156,0.009826960042119026,-0.9636219143867493,0.0,223863,223890,2539250,223873,0,223890,STANDBY
-0.03999999910593033,-0.17000000178813934,9.819999694824219,0.0,0.0,0.0,1019.6943969726562,19.299999237060547,0.7036433815956116,0.05461132153868675,0,0,0.0,0.0,0.0,0,0,-0.0005188146606087685,-41.36000061035156,0.009796441532671452,-0.9637439846992493,0.0,223963,223990,2539365,223987,0,223990,STANDBY
-0.029999999329447746,-0.18000000715255737,9.819999694824219,0.0,0.0,0.0,1019.6943969726562,19.299999237060547,0.7036433815956116,0.03495124727487564,0,0,0.0,0.0,0.0,0,0,-0.0005798516795039177,-41.36000061035156,0.009704886004328728,-0.9635608792304993,0.0,224063,224090,2539460,224082,0,224090,STANDBY
-0.029999999329447746,-0.17000000178813934,9.819999694824219,0.0,0.0,0.0,1019.6927490234375,19.299999237060547,0.7166257500648499,0.06391238421201706,0,0,0.0,0.0,0.0,0,0,-0.0006408886983990669,-41.36000061035156,0.009643848985433578,-0.9636219143867493,0.0,224163,224190,2539555,224179,0,224190,STANDBY
-0.05000000074505806,-0.18000000715255737,9.819999694824219,0.0,0.0,0.0,1019.6927490234375,19.299999237060547,0.7166257500648499,0.04090392589569092,0,0,0.0,0.0,0.0,0,0,-0.0006408886983990669,-41.36000061035156,0.009613330475986004,-0.9632862210273743,0.0,224264,224290,2539652,224274,0,224290,STANDBY
-0.03999999910593033,-0.1899999976158142,9.819999694824219,0.0,0.0,0.0,1019.6927490234375,19.299999237060547,0.7166257500648499,0.0261785127222538,0,0,0.0,0.0,0.0,0,0,-0.0006408886983990669,-41.36000061035156,0.009796441532671452,-0.963896632194519,0.0,224364,224390,2539766,224389,0,224390,STANDBY
-0.03999999910593033,-0.17000000178813934,9.819999694824219,0.0,0.0,0.0,1019.6967163085938,19.309999465942383,0.6854680776596069,-0.10787644237279892,0,0,0.0,0.0,0.0,0,0,-0.0005188146606087685,-41.36000061035156,0.0098574785515666,-0.964018702507019,0.0,224464,224490,2539862,224484,0,224490,STANDBY
-0.03999999910593033,-0.18000000715255737,9.819999694824219,0.0,0.0,0.0,1019.6984252929688,19.309999465942383,0.6724857687950134,-0.12097015976905823,0,0,0.0,0.0,0.0,0,0,-0.00045777764171361923,-41.36000061035156,0.009765923023223877,-0.964293360710144,0.0,224564,224590,2539957,224579,0,224590,STANDBY
-0.03999999910593033,-0.1899999976158142,9.819999694824219,0.0,0.0,0.0,1019.6984252929688,19.309999465942383,0.6724857687950134,-0.0774209052324295,0,0,0.0,0.0,0.0,0,0,-0.0005798516795039177,-41.36000061035156,0.009887997061014175,-0.964598536491394,0.0,224664,224690,2540052,224689,0,224690,STANDBY
-0.03999999910593033,-0.18000000715255737,9.819999694824219,0.0,0.0,0.0,1019.6984252929688,19.309999465942383,0.6724857687950134,-0.04954938217997551,0,0,0.0,0.0,0.0,0,0,-0.0005798516795039177,-41.36000061035156,0.009949034079909325,-0.964445948600769,0.0,224764,224790,2540167,224789,0,224790,STANDBY
-0.05000000074505806,-0.17000000178813934,9.819999694824219,0.0,0.0,0.0,1019.6984252929688,19.309999465942383,0.6724857687950134,-0.031711604446172714,0,0,0.0,0.0,0.0,0,0,-0.0006103701889514923,-41.36000061035156,0.009949034079909325,-0.964415431022644,0.0,224864,224890,2540262,224885,0,224890,STANDBY
-0.03999999910593033,-0.18000000715255737,9.829999923706055,0.0,0.0,0.0,1019.6984252929688,19.309999465942383,0.6724857687950134,-0.02029542811214924,0,0,0.0,0.0,0.0,0,0,-0.0006714072078466415,-41.36000061035156,0.009826960042119026,-0.964018702507019,0.0,224964,224990,2540358,224980,0,224990,STANDBY
-0.05000000074505806,-0.18000000715255737,9.819999694824219,0.0,0.0,0.0,1019.6984252929688,19.309999465942383,0.6724857687950134,-0.012989073991775513,0,0,0.0,0.0,0.0,0,0,-0.0006103701889514923,-41.36000061035156,0.0098574785515666,-0.964201807975769,0.0,225064,225090,2540453,225076,0,225090,STANDBY
-0.019999999552965164,-0.18000000715255737,9.819999694824219,0.0,0.0,0.0,1019.6984252929688,19.309999465942383,0.6724857687950134,-0.008313007652759552,0,0,0.0,0.0,0.0,0,0,-0.0006408886983990669,-41.36000061035156,0.0098574785515666,-0.964171290397644,0.0,225164,225190,2540549,225171,0,225190,STANDBY
-0.05000000074505806,-0.1899999976158142,9.8100004196167,0.0,0.0,0.0,1019.6984252929688,19.309999465942383,0.6724857687950134,0.005065567791461945,0,0,0.0,0.0,0.0,0,0,-0.0006408886983990669,-41.36000061035156,0.009887997061014175,-0.964323878288269,0.0,225264,225290,2540663,225286,0,225290,STANDBY
-0.05000000074505806,-0.18000000715255737,9.819999694824219,0.0,0.0,0.0,1019.6984252929688,19.309999465942383,0.6724857687950134,0.0032419634517282248,0,0,0.0,0.0,0.0,0,0,-0.0005493331700563431,-41.36000061035156,0.010010071098804474,-0.964476466178894,0.0,225364,225390,2540759,225381,0,225390,STANDBY
-0.03999999910593033,-0.18000000715255737,9.800000190734863,0.0,0.0,0.0,1019.6984252929688,19.309999465942383,0.6724857687950134,0.0020748567767441273,0,0,0.0,0.0,0.0,0,0,-0.0005493331700563431,-41.36000061035156,0.0099795525893569,-0.964445948600769,0.0,225464,225490,2540854,225476,0,225490,STANDBY
-0.05000000074505806,-0.18000000715255737,9.819999694824219,0.0,0.0,0.0,1019.7000122070312,19.309999465942383,0.6595034003257751,-0.05060156434774399,0,0,0.0,0.0,0.0,0,0,-0.00045777764171361923,-41.36000061035156,0.010010071098804474,-0.964201807975769,0.0,225564,225590,2540949,225571,0,225590,STANDBY
-0.05000000074505806,-0.18000000715255737,9.829999923706055,0.0,0.0,0.0,1019.7000122070312,19.309999465942383,0.6595034003257751,-0.032385002821683884,0,0,0.0,0.0,0.0,0,0,-0.00039674062281847,-41.36000061035156,0.0099795525893569,-0.964171290397644,0.0,225664,225690,2541064,225688,0,225690,STANDBY
-0.03999999910593033,-0.1899999976158142,9.829999923706055,0.0,0.0,0.0,1019.7000122070312,19.309999465942383,0.6595034003257751,-0.020726403221488,0,0,0.0,0.0,0.0,0,0,-0.0005493331700563431,-41.36000061035156,0.010071108117699623,-0.964354395866394,0.0,225764,225790,2541159,225781,0,225790,STANDBY
-0.03999999910593033,-0.18000000715255737,9.819999694824219,0.0,0.0,0.0,1019.7000122070312,19.309999465942383,0.6595034003257751,-0.013264899142086506,0,0,0.0,0.0,0.0,0,0,-0.0006408886983990669,-41.36000061035156,0.010071108117699623,-0.964049220085144,0.0,225864,225890,2541254,225876,0,225890,STANDBY
-0.05000000074505806,-0.18000000715255737,9.819999694824219,0.0,0.0,0.0,1019.70166015625,19.309999465942383,0.6439245939254761,-0.05834171921014786,0,0,0.0,0.0,0.0,0,0,-0.0006103701889514923,-41.36000061035156,0.010040589608252048,-0.9636524319648743,0.0,225964,225990,2541350,225973,0,225990,STANDBY
-0.05000000074505806,-0.1899999976158142,9.819999694824219,0.0,0.0,0.0,1019.70166015625,19.309999465942383,0.6439245939254761,-0.03733870014548302,0,0,0.0,0.0,0.0,0,0,-0.0005493331700563431,-41.36000061035156,0.010101626627147198,-0.964110255241394,0.0,226064,226091,2541464,226087,0,226091,STANDBY
-0.03999999910593033,-0.1899999976158142,9.829999923706055,0.0,0.0,0.0,1019.7033081054688,19.309999465942383,0.6309422254562378,-0.0654403492808342,0,0,0.0,0.0,0.0,0,0,-0.0005493331700563431,-41.36000061035156,0.010040589608252048,-0.9637134671211243,0.0,226164,226191,2541560,226183,0,226191,STANDBY
-0.03999999910593033,-0.18000000715255737,9.819999694824219,0.0,0.0,0.0,1019.7033081054688,19.309999465942383,0.6309422254562378,-0.041881825774908066,0,0,0.0,0.0,0.0,0,0,-0.0005798516795039177,-41.36000061035156,0.010040589608252048,-0.9637745022773743,0.0,226264,226291,2541656,226278,0,226291,STANDBY
-0.03999999910593033,-0.18000000715255737,9.819999694824219,0.0,0.0,0.0,1019.7050170898438,19.309999465942383,0.6179598569869995,-0.06834795325994492,0,0,0.0,0.0,0.0,0,0,-0.0006103701889514923,-41.36000061035156,0.0099795525893569,-0.9636524319648743,0.0,226364,226391,2541751,226373,0,226391,STANDBY
-0.05000000074505806,-0.18000000715255737,9.8100004196167,0.0,0.0,0.0,1019.70654296875,19.309999465942383,0.604977548122406,-0.09567192196846008,0,0,0.0,0.0,0.0,0,0,-0.0005493331700563431,-41.36000061035156,0.010010071098804474,-0.9633472561836243,0.0,226464,226491,2541865,226488,0,226491,STANDBY
-0.03999999910593033,-0.18000000715255737,9.819999694824219,0.0,0.0,0.0,1019.7050170898438,19.309999465942383,0.6179598569869995,-0.009300798177719116,0,0,0.0,0.0,0.0,0,0,-0.0004882961511611938,-41.36000061035156,0.010040589608252048,-0.9635913968086243,0.0,226564,226591,2541961,226583,0,226591,STANDBY
-0.05000000074505806,-0.1899999976158142,9.8100004196167,0.0,0.0,0.0,1019.7050170898438,19.309999465942383,0.6179598569869995,-0.005952510982751846,0,0,0.0,0.0,0.0,0,0,-0.0004272591322660446,-41.36000061035156,0.010132145136594772,-0.9634998440742493,0.0,226664,226691,2542056,226689,0,226691,STANDBY
-0.05000000074505806,-0.18000000715255737,9.829999923706055,0.0,0.0,0.0,1019.7050170898438,19.309999465942383,0.6179598569869995,-0.003809607122093439,0,0,0.0,0.0,0.0,0,0,-0.0003662221133708954,-41.36000061035156,0.010132145136594772,-0.9633167386054993,0.0,226764,226791,2542152,226775,0,226791,STANDBY
-0.03999999910593033,-0.1899999976158142,9.8100004196167,0.0,0.0,0.0,1019.7050170898438,19.309999465942383,0.6179598569869995,-0.0024381487164646387,0,0,0.0,0.0,0.0,0,0,-0.00045777764171361923,-41.36000061035156,0.010193182155489922,-0.9636524319648743,0.0,226864,226891,2542266,226889,0,226891,STANDBY
-0.05000000074505806,-0.1899999976158142,9.819999694824219,0.0,0.0,0.0,1019.7050170898438,19.309999465942383,0.6179598569869995,-0.0015604152576997876,0,0,0.0,0.0,0.0,0,0,-0.00045777764171361923,-41.36000061035156,0.010193182155489922,-0.9638355374336243,0.0,226964,226991,2542362,226984,0,226991,STANDBY
-0.03999999910593033,-0.18000000715255737,9.829999923706055,0.0,0.0,0.0,1019.7050170898438,19.309999465942383,0.6179598569869995,-0.0009986658114939928,0,0,0.0,0.0,0.0,0,0,-0.0005188146606087685,-41.36000061035156,0.010193182155489922,-0.9637134671211243,0.0,227064,227091,2542457,227080,0,227091,STANDBY
-0.03999999910593033,-0.18000000715255737,9.819999694824219,0.0,0.0,0.0,1019.7050170898438,19.309999465942383,0.6179598569869995,-0.0006391461356543005,0,0,0.0,0.0,0.0,0,0,-0.0004882961511611938,-41.36000061035156,0.010101626627147198,-0.963896632194519,0.0,227165,227191,2542553,227175,0,227191,STANDBY
-0.05000000074505806,-0.18000000715255737,9.8100004196167,0.0,0.0,0.0,1019.7033081054688,19.309999465942383,0.6309422254562378,0.04113452509045601,0,0,0.0,0.0,0.0,0,0,-0.00045777764171361923,-41.36000061035156,0.010010071098804474,-0.964049220085144,0.0,227265,227291,2542667,227290,0,227291,STANDBY
-0.05000000074505806,-0.18000000715255737,9.819999694824219,0.0,0.0,0.0,1019.7050170898438,19.309999465942383,0.6179598569869995,-0.015217483043670654,0,0,0.0,0.0,0.0,0,0,-0.0003662221133708954,-41.36000061035156,0.010010071098804474,-0.964201807975769,0.0,227365,227391,2542763,227385,0,227391,STANDBY
-0.03999999910593033,-0.18000000715255737,9.819999694824219,0.0,0.0,0.0,1019.7050170898438,19.309999465942383,0.6179598569869995,-0.00973918940871954,0,0,0.0,0.0,0.0,0,0,-0.0003662221133708954,-41.36000061035156,0.010010071098804474,-0.964079737663269,0.0,227465,227491,2542858,227481,0,227491,STANDBY
-0.05000000074505806,-0.18000000715255737,9.8100004196167,0.0,0.0,0.0,1019.7033081054688,19.309999465942383,0.6309422254562378,0.04569639265537262,0,0,0.0,0.0,0.0,0,0,-0.00039674062281847,-41.36000061035156,0.010040589608252048,-0.9637134671211243,0.0,227565,227591,2542954,227576,0,227591,STANDBY
-0.03999999910593033,-0.17000000178813934,9.819999694824219,0.0,0.0,0.0,1019.7050170898438,19.309999465942383,0.6179598569869995,-0.022683780640363693,0,0,0.0,0.0,0.0,0,0,-0.00039674062281847,-41.36000061035156,0.010010071098804474,-0.9634388089179993,0.0,227665,227692,2543068,227690,0,227692,STANDBY
-0.03999999910593033,-0.18000000715255737,9.819999694824219,0.0,0.0,0.0,1019.7050170898438,19.309999465942383,0.6179598569869995,-0.014517620205879211,0,0,0.0,0.0,0.0,0,0,-0.0004272591322660446,-41.36000061035156,0.009887997061014175,-0.9633777737617493,0.0,227765,227792,2543164,227786,0,227792,STANDBY
-0.05000000074505806,-0.1899999976158142,9.819999694824219,0.0,0.0,0.0,1019.7050170898438,19.309999465942383,0.6179598569869995,-0.009291277267038822,0,0,0.0,0.0,0.0,0,0,-0.0004272591322660446,-41.36000061035156,0.00991851557046175,-0.9634388089179993,0.0,227865,227892,2543259,227881,0,227892,STANDBY
-0.05000000074505806,-0.18000000715255737,9.819999694824219,0.0,0.0,0.0,1019.7050170898438,19.309999465942383,0.6179598569869995,-0.0059464178048074245,0,0,0.0,0.0,0.0,0,0,-0.0003662221133708954,-41.36000061035156,0.0099795525893569,-0.9633167386054993,0.0,227965,227992,2543354,227977,0,227992,STANDBY
-0.03999999910593033,-0.18000000715255737,9.819999694824219,0.0,0.0,0.0,1019.7050170898438,19.309999465942383,0.6179598569869995,-0.0038057074416428804,0,0,0.0,0.0,0.0,0,0,-0.00033570360392332077,-41.36000061035156,0.0099795525893569,-0.9634998440742493,0.0,228065,228092,2543469,228091,0,228092,STANDBY
-0.03999999910593033,-0.18000000715255737,9.829999923706055,0.0,0.0,0.0,1019.70654296875,19.309999465942383,0.604977548122406,-0.043979041278362274,0,0,0.0,0.0,0.0,0,0,-0.0004272591322660446,-41.36000061035156,0.0099795525893569,-0.964018702507019,0.0,228165,228192,2543564,228188,0,228192,STANDBY
-0.05000000074505806,-0.1899999976158142,9.8100004196167,0.0,0.0,0.0,1019.7050170898438,19.309999465942383,0.6179598569869995,0.013396802358329296,0,0,0.0,0.0,0.0,0,0,-0.00039674062281847,-41.36000061035156,0.010071108117699623,-0.964171290397644,0.0,228265,228292,2543661,228283,0,228292,STANDBY
-0.03999999910593033,-0.18000000715255737,9.819999694824219,0.0,0.0,0.0,1019.7050170898438,19.309999465942383,0.6179598569869995,0.008573953993618488,0,0,0.0,0.0,0.0,0,0,-0.0004272591322660446,-41.36000061035156,0.010101626627147198,-0.964293360710144,0.0,228365,228392,2543756,228378,0,228392,STANDBY
-0.03999999910593033,-0.18000000715255737,9.819999694824219,0.0,0.0,0.0,1019.70654296875,19.309999465942383,0.604977548122406,-0.046441905200481415,0,0,0.0,0.0,0.0,0,0,-0.00039674062281847,-41.36000061035156,0.010010071098804474,-0.964323878288269,0.0,228465,228492,2543851,228473,0,228492,STANDBY
-0.03999999910593033,-0.1899999976158142,9.819999694824219,0.0,0.0,0.0,1019.70263671875,19.299999237060547,0.6361351609230042,0.0924639031291008,0,0,0.0,0.0,0.0,0,0,-0.00039674062281847,-41.36000061035156,0.010132145136594772,-0.964354395866394,0.0,228566,228592,2543966,228588,0,228592,STANDBY
-0.03999999910593033,-0.18000000715255737,9.819999694824219,0.0,0.0,0.0,1019.70654296875,19.309999465942383,0.604977548122406,-0.06545355170965195,0,0,0.0,0.0,0.0,0,0,-0.0004272591322660446,-41.36000061035156,0.010010071098804474,-0.9638355374336243,0.0,228666,228692,2544061,228690,0,228692,STANDBY
-0.05000000074505806,-0.1899999976158142,9.819999694824219,0.0,0.0,0.0,1019.70654296875,19.309999465942383,0.604977548122406,-0.04189027473330498,0,0,0.0,0.0,0.0,0,0,-0.00045777764171361923,-41.36000061035156,0.010040589608252048,-0.9634082913398743,0.0,228766,228792,2544156,228779,0,228792,STANDBY
-0.05000000074505806,-0.18000000715255737,9.819999694824219,0.0,0.0,0.0,1019.708251953125,19.309999465942383,0.5919951796531677,-0.07873924821615219,0,0,0.0,0.0,0.0,0,0,-0.0004882961511611938,-41.36000061035156,0.010040589608252048,-0.9634998440742493,0.0,228866,228892,2544251,228874,0,228892,STANDBY
-0.05000000074505806,-0.18000000715255737,9.8100004196167,0.0,0.0,0.0,1019.70263671875,19.299999237060547,0.6361351609230042,0.09085481613874435,0,0,0.0,0.0,0.0,0,0,-0.0004272591322660446,-41.36000061035156,0.0099795525893569,-0.9637134671211243,0.0,228966,228992,2544366,228988,0,228992,STANDBY
-0.05000000074505806,-0.18000000715255737,9.8100004196167,0.0,0.0,0.0,1019.700927734375,19.299999237060547,0.6517139673233032,0.10799926519393921,0,0,0.0,0.0,0.0,0,0,-0.0004272591322660446,-41.36000061035156,0.010040589608252048,-0.964079737663269,0.0,229066,229092,2544461,229084,0,229092,STANDBY
-0.05000000074505806,-0.18000000715255737,9.819999694824219,0.0,0.0,0.0,1019.7050170898438,19.309999465942383,0.6179598569869995,-0.038893621414899826,0,0,0.0,0.0,0.0,0,0,-0.00045777764171361923,-41.36000061035156,0.010010071098804474,-0.9636524319648743,0.0,229166,229192,2544557,229180,0,229192,STANDBY
-0.05000000074505806,-0.17000000178813934,9.819999694824219,0.0,0.0,0.0,1019.7050170898438,19.309999465942383,0.6179598569869995,-0.024891918525099754,0,0,0.0,0.0,0.0,0,0,-0.0004882961511611938,-41.36000061035156,0.010010071098804474,-0.9638355374336243,0.0,229266,229292,2544653,229275,0,229292,STANDBY
-0.03999999910593033,-0.1899999976158142,9.819999694824219,0.0,0.0,0.0,1019.6976318359375,19.299999237060547,0.6776787042617798,0.1855553835630417,0,0,0.0,0.0,0.0,0,0,-0.0004882961511611938,-41.36000061035156,0.009949034079909325,-0.964110255241394,0.0,229366,229392,2544766,229390,0,229392,STANDBY
-0.03999999910593033,-0.20000000298023224,9.800000190734863,0.0,0.0,0.0,1019.7000122070312,19.309999465942383,0.6595034003257751,0.046054236590862274,0,0,0.0,0.0,0.0,0,0,-0.0005798516795039177,-41.36000061035156,0.010040589608252048,-0.964079737663269,0.0,229466,229492,2544863,229485,0,229492,STANDBY
-0.05000000074505806,-0.1899999976158142,9.8100004196167,0.0,0.0,0.0,1019.7000122070312,19.309999465942383,0.6595034003257751,0.029474711045622826,0,0,0.0,0.0,0.0,0,0,-0.00045777764171361923,-41.36000061035156,0.010071108117699623,-0.963896632194519,0.0,229566,229592,2544958,229580,0,229592,STANDBY
-0.05000000074505806,-0.18000000715255737,9.819999694824219,0.0,0.0,0.0,1019.7000122070312,19.309999465942383,0.6595034003257751,0.018863815814256668,0,0,0.0,0.0,0.0,0,0,-0.0003662221133708954,-41.36000061035156,0.009949034079909325,-0.9634082913398743,0.0,229666,229694,2545072,229694,0,229694,STANDBY
-0.05000000074505806,-0.1899999976158142,9.8100004196167,0.0,0.0,0.0,1019.7000122070312,19.309999465942383,0.6595034003257751,0.012072842568159103,0,0,0.0,0.0,0.0,0,0,-0.00030518509447574615,-41.36000061035156,0.009949034079909325,-0.9632862210273743,0.0,229766,229794,2545168,229790,0,229794,STANDBY
-0.05000000074505806,-0.18000000715255737,9.819999694824219,0.0,0.0,0.0,1019.7000122070312,19.309999465942383,0.6595034003257751,0.007726619485765696,0,0,0.0,0.0,0.0,0,0,-0.00033570360392332077,-41.36000061035156,0.010071108117699623,-0.9631336331367493,0.0,229866,229894,2545263,229885,0,229894,STANDBY
-0.029999999329447746,-0.1899999976158142,9.8100004196167,0.0,0.0,0.0,1019.6984252929688,19.309999465942383,0.6724857687950134,0.04648861661553383,0,0,0.0,0.0,0.0,0,0,-0.00045777764171361923,-41.36000061035156,0.010193182155489922,-0.963896632194519,0.0,229966,229994,2545358,229981,0,229994,STANDBY
-0.05000000074505806,-0.17000000178813934,9.819999694824219,0.0,0.0,0.0,1019.6984252929688,19.309999465942383,0.6724857687950134,0.029752716422080994,0,0,0.0,0.0,0.0,0,0,-0.0005188146606087685,-41.36000061035156,0.010040589608252048,-0.9634082913398743,0.0,230066,230094,2545454,230077,0,230094,STANDBY
-0.05000000074505806,-0.18000000715255737,9.819999694824219,0.0,0.0,0.0,1019.6984252929688,19.309999465942383,0.6724857687950134,0.019041739404201508,0,0,0.0,0.0,0.0,0,0,-0.0004882961511611938,-41.36000061035156,0.010101626627147198,-0.9635303616523743,0.0,230166,230194,2545568,230191,0,230194,STANDBY
-0.03999999910593033,-0.18000000715255737,9.800000190734863,0.0,0.0,0.0,1019.7023315429688,19.309999465942383,0.6387316584587097,-0.09582643955945969,0,0,0.0,0.0,0.0,0,0,-0.00045777764171361923,-41.36000061035156,0.010162663646042347,-0.964354395866394,0.0,230266,230294,2545664,230287,0,230294,STANDBY
-0.05000000074505806,-0.1899999976158142,9.8100004196167,0.0,0.0,0.0,1019.7039794921875,19.309999465942383,0.6257492899894714,-0.11325839906930923,0,0,0.0,0.0,0.0,0,0,-0.0004882961511611938,-41.36000061035156,0.010162663646042347,-0.964445948600769,0.0,230366,230394,2545759,230382,0,230394,STANDBY
-0.05000000074505806,-0.17000000178813934,9.819999694824219,0.0,0.0,0.0,1019.7039794921875,19.309999465942383,0.6257492899894714,-0.07248537987470627,0,0,0.0,0.0,0.0,0,0,-0.00045777764171361923,-41.36000061035156,0.010071108117699623,-0.964171290397644,0.0,230466,230494,2545854,230477,0,230494,STANDBY
-0.03999999910593033,-0.18000000715255737,9.819999694824219,0.0,0.0,0.0,1019.7039794921875,19.309999465942383,0.6257492899894714,-0.04639064520597458,0,0,0.0,0.0,0.0,0,0,-0.00045777764171361923,-41.36000061035156,0.0099795525893569,-0.964018702507019,0.0,230566,230594,2545969,230591,0,230594,STANDBY
-0.05000000074505806,-0.1899999976158142,9.819999694824219,0.0,0.0,0.0,1019.7039794921875,19.309999465942383,0.6257492899894714,-0.029690012335777283,0,0,0.0,0.0,0.0,0,0,-0.00045777764171361923,-41.36000061035156,0.010040589608252048,-0.964110255241394,0.0,230666,230694,2546064,230691,0,230694,STANDBY
-0.05000000074505806,-0.18000000715255737,9.8100004196167,0.0,0.0,0.0,1019.7039794921875,19.309999465942383,0.6257492899894714,-0.019001608714461327,0,0,0.0,0.0,0.0,0,0,-0.00045777764171361923,-41.36000061035156,0.010162663646042347,-0.964506983757019,0.0,230766,230794,2546159,230781,0,230794,STANDBY
-0.05000000074505806,-0.18000000715255737,9.8100004196167,0.0,0.0,0.0,1019.7056274414062,19.309999465942383,0.6127669215202332,-0.06409050524234772,0,0,0.0,0.0,0.0,0,0,-0.0005493331700563431,-41.36000061035156,0.010193182155489922,-0.964537501335144,0.0,230866,230894,2546254,230877,0,230894,STANDBY
-0.03999999910593033,-0.18000000715255737,9.819999694824219,0.0,0.0,0.0,1019.7073364257812,19.309999465942383,0.5997846126556396,-0.08256131410598755,0,0,0.0,0.0,0.0,0,0,-0.0005493331700563431,-41.36000061035156,0.010162663646042347,-0.964781641960144,0.0,230966,230994,2546369,230991,0,230994,STANDBY
-0.03999999910593033,-0.18000000715255737,9.8100004196167,0.0,0.0,0.0,1019.7073364257812,19.309999465942383,0.5997846126556396,-0.052839245647192,0,0,0.0,0.0,0.0,0,0,-0.0005798516795039177,-41.36000061035156,0.010223700664937496,-0.964781641960144,0.0,231066,231094,2546464,231087,0,231094,STANDBY
-0.03999999910593033,-0.17000000178813934,9.8100004196167,0.0,0.0,0.0,1019.7073364257812,19.309999465942383,0.5997846126556396,-0.033817119896411896,0,0,0.0,0.0,0.0,0,0,-0.0005493331700563431,-41.36000061035156,0.010132145136594772,-0.964537501335144,0.0,231166,231194,2546560,231182,0,231194,STANDBY
-0.05000000074505806,-0.1899999976158142,9.819999694824219,0.0,0.0,0.0,1019.709716796875,19.309999465942383,0.5790128111839294,-0.0881127268075943,0,0,0.0,0.0,0.0,0,0,-0.0004272591322660446,-41.36000061035156,0.010101626627147198,-0.964659571647644,0.0,231266,231294,2546655,231277,0,231294,STANDBY
-0.05000000074505806,-0.18000000715255737,9.819999694824219,0.0,0.0,0.0,1019.709716796875,19.309999465942383,0.5790128111839294,-0.05639214441180229,0,0,0.0,0.0,0.0,0,0,-0.0004272591322660446,-41.36000061035156,0.010101626627147198,-0.964476466178894,0.0,231366,231394,2546769,231392,0,231394,STANDBY
-0.05000000074505806,-0.18000000715255737,9.819999694824219,0.0,0.0,0.0,1019.709716796875,19.309999465942383,0.5790128111839294,-0.04733215272426605,0,0,0.0,0.0,0.0,0,0,-0.00045777764171361923,-41.36000061035156,0.010101626627147198,-0.964781641960144,0.0,231467,231494,2546865,231487,0,231494,STANDBY
-0.03999999910593033,-0.18000000715255737,9.819999694824219,0.0,0.0,0.0,1019.709716796875,19.309999465942383,0.5790128111839294,-0.030292579904198647,0,0,0.0,0.0,0.0,0,0,-0.0004882961511611938,-41.36000061035156,0.010040589608252048,-0.964690089225769,0.0,231567,231595,2546960,231582,0,231595,STANDBY
-0.05000000074505806,-0.18000000715255737,9.8100004196167,0.0,0.0,0.0,1019.709716796875,19.309999465942383,0.5790128111839294,-0.019387250766158104,0,0,0.0,0.0,0.0,0,0,-0.0004272591322660446,-41.36000061035156,0.010010071098804474,-0.964445948600769,0.0,231667,231695,2547055,231693,0,231695,STANDBY
-0.029999999329447746,-0.18000000715255737,9.819999694824219,0.0,0.0,0.0,1019.709716796875,19.309999465942383,0.5790128111839294,-0.01240784116089344,0,0,0.0,0.0,0.0,0,0,-0.0005493331700563431,-41.36000061035156,0.009949034079909325,-0.964201807975769,0.0,231767,231795,2547170,231792,0,231795,STANDBY
-0.05000000074505806,-0.18000000715255737,9.8100004196167,0.0,0.0,0.0,1019.713623046875,19.309999465942383,0.5478551983833313,-0.13257147371768951,0,0,0.0,0.0,0.0,0,0,-0.0005798516795039177,-41.36000061035156,0.009949034079909325,-0.964201807975769,0.0,231867,231895,2547265,231887,0,231895,STANDBY
-0.03999999910593033,-0.18000000715255737,9.829999923706055,0.0,0.0,0.0,1019.7119750976562,19.309999465942383,0.5608375072479248,-0.04330235719680786,0,0,0.0,0.0,0.0,0,0,-0.0005493331700563431,-41.36000061035156,0.0099795525893569,-0.964354395866394,0.0,231967,231995,2547360,231983,0,231995,STANDBY
-0.05000000074505806,-0.1899999976158142,9.829999923706055,0.0,0.0,0.0,1019.7119750976562,19.309999465942383,0.5608375072479248,-0.027713511139154434,0,0,0.0,0.0,0.0,0,0,-0.0005493331700563431,-41.36000061035156,0.010071108117699623,-0.964720606803894,0.0,232067,232095,2547456,232079,0,232095,STANDBY
-0.05000000074505806,-0.18000000715255737,9.829999923706055,0.0,0.0,0.0,1019.7103271484375,19.309999465942383,0.5738198757171631,0.02380693145096302,0,0,0.0,0.0,0.0,0,0,-0.0005493331700563431,-41.36000061035156,0.010132145136594772,-0.965147852897644,0.0,232167,232195,2547570,232193,0,232195,STANDBY
-0.03999999910593033,-0.17000000178813934,9.819999694824219,0.0,0.0,0.0,1019.7119750976562,19.309999465942383,0.5608375072479248,-0.02630714140832424,0,0,0.0,0.0,0.0,0,0,-0.0006103701889514923,-41.36000061035156,0.010010071098804474,-0.965330958366394,0.0,232267,232295,2547665,232289,0,232295,STANDBY
-0.05000000074505806,-0.17000000178813934,9.819999694824219,0.0,0.0,0.0,1019.7119750976562,19.309999465942383,0.5608375072479248,-0.01683657057583332,0,0,0.0,0.0,0.0,0,0,-0.00045777764171361923,-41.36000061035156,0.009887997061014175,-0.964720606803894,0.0,232367,232395,2547761,232384,0,232395,STANDBY
-0.03999999910593033,-0.18000000715255737,9.819999694824219,0.0,0.0,0.0,1019.7086791992188,19.309999465942383,0.5893986821174622,0.09308339655399323,0,0,0.0,0.0,0.0,0,0,-0.0004882961511611938,-41.36000061035156,0.009887997061014175,-0.964445948600769,0.0,232467,232495,2547857,232479,0,232495,STANDBY
-0.05000000074505806,-0.18000000715255737,9.819999694824219,0.0,0.0,0.0,1019.7103271484375,19.309999465942383,0.5738198757171631,-0.002741847187280655,0,0,0.0,0.0,0.0,0,0,-0.0004882961511611938,-41.36000061035156,0.009949034079909325,-0.964781641960144,0.0,232567,232595,2547971,232594,0,232595,STANDBY
-0.05000000074505806,-0.18000000715255737,9.819999694824219,0.0,0.0,0.0,1019.7103271484375,19.309999465942383,0.5738198757171631,-0.0017547821626067162,0,0,0.0,0.0,0.0,0,0,-0.0004272591322660446,-41.36000061035156,0.009949034079909325,-0.964262843132019,0.0,232667,232695,2548066,232693,0,232695,STANDBY
-0.05000000074505806,-0.18000000715255737,9.819999694824219,0.0,0.0,0.0,1019.7086791992188,19.309999465942383,0.5893986821174622,0.061192166060209274,0,0,0.0,0.0,0.0,0,0,-0.00045777764171361923,-41.36000061035156,0.009949034079909325,-0.964171290397644,0.0,232767,232795,2548161,232784,0,232795,STANDBY
-0.05000000074505806,-0.18000000715255737,9.8100004196167,0.0,0.0,0.0,1019.70703125,19.309999465942383,0.6023810505867004,0.09109246730804443,0,0,0.0,0.0,0.0,0,0,-0.0004882961511611938,-41.36000061035156,0.0099795525893569,-0.964506983757019,0.0,232867,232895,2548257,232880,0,232895,STANDBY
-0.03999999910593033,-0.17000000178813934,9.819999694824219,0.0,0.0,0.0,1019.70703125,19.309999465942383,0.6023810505867004,0.05829918012022972,0,0,0.0,0.0,0.0,0,0,-0.00045777764171361923,-41.36000061035156,0.009887997061014175,-0.964568018913269,0.0,232968,232995,2548371,232994,0,232995,STANDBY
-0.03999999910593033,-0.18000000715255737,9.819999694824219,0.0,0.0,0.0,1019.70703125,19.309999465942383,0.6023810505867004,0.03731147572398186,0,0,0.0,0.0,0.0,0,0,-0.0004882961511611938,-41.36000061035156,0.009796441532671452,-0.963896632194519,0.0,233068,233095,2548466,233090,0,233095,STANDBY
-0.03999999910593033,-0.18000000715255737,9.819999694824219,0.0,0.0,0.0,1019.710693359375,19.31999969482422,0.5712234377861023,-0.07582502067089081,0,0,0.0,0.0,0.0,0,0,-0.0006103701889514923,-41.36000061035156,0.0098574785515666,-0.9637134671211243,0.0,233168,233195,2548562,233185,0,233195,STANDBY
-0.05000000074505806,-0.18000000715255737,9.819999694824219,0.0,0.0,0.0,1019.710693359375,19.31999969482422,0.5712234377861023,-0.04852801188826561,0,0,0.0,0.0,0.0,0,0,-0.0007019257172942162,-41.36000061035156,0.009887997061014175,-0.9635913968086243,0.0,233268,233295,2548658,233280,0,233295,STANDBY
-0.03999999910593033,-0.18000000715255737,9.8100004196167,0.0,0.0,0.0,1019.7090454101562,19.31999969482422,0.5842057466506958,0.010485461913049221,0,0,0.0,0.0,0.0,0,0,-0.0007019257172942162,-41.36000061035156,0.009949034079909325,-0.963957667350769,0.0,233368,233395,2548753,233375,0,233395,STANDBY
-0.03999999910593033,-0.18000000715255737,9.8100004196167,0.0,0.0,0.0,1019.7090454101562,19.31999969482422,0.5842057466506958,0.006710695568472147,0,0,0.0,0.0,0.0,0,0,-0.0007019257172942162,-41.36000061035156,0.0099795525893569,-0.964079737663269,0.0,233468,233495,2548868,233490,0,233495,STANDBY
-0.05000000074505806,-0.18000000715255737,9.8100004196167,0.0,0.0,0.0,1019.7090454101562,19.31999969482422,0.5842057466506958,0.004294845275580883,0,0,0.0,0.0,0.0,0,0,-0.0006408886983990669,-41.36000061035156,0.0099795525893569,-0.964323878288269,0.0,233568,233595,2548963,233585,0,233595,STANDBY
-0.03999999910593033,-0.18000000715255737,9.819999694824219,0.0,0.0,0.0,1019.7090454101562,19.31999969482422,0.5842057466506958,0.002748701022937894,0,0,0.0,0.0,0.0,0,0,-0.0005188146606087685,-41.36000061035156,0.0099795525893569,-0.964079737663269,0.0,233668,233695,2549058,233693,0,233695,STANDBY
-0.03999999910593033,-0.1899999976158142,9.819999694824219,0.0,0.0,0.0,1019.7090454101562,19.31999969482422,0.5842057466506958,0.001759168691933155,0,0,0.0,0.0,0.0,0,0,-0.0006408886983990669,-41.36000061035156,0.0099795525893569,-0.964262843132019,0.0,233768,233795,2549153,233776,0,233795,STANDBY
-0.03999999910593033,-0.17000000178813934,9.829999923706055,0.0,0.0,0.0,1019.7073364257812,19.31999969482422,0.5997846126556396,0.06344132870435715,0,0,0.0,0.0,0.0,0,0,-0.0006103701889514923,-41.36000061035156,0.010010071098804474,-0.964812159538269,0.0,233868,233895,2549268,233890,0,233895,STANDBY
-0.03999999910593033,-0.18000000715255737,9.819999694824219,0.0,0.0,0.0,1019.705810546875,19.31999969482422,0.6127669215202332,0.09253168851137161,0,0,0.0,0.0,0.0,0,0,-0.0005798516795039177,-41.36000061035156,0.009949034079909325,-0.964842677116394,0.0,233968,233995,2549363,233987,0,233995,STANDBY
-0.05000000074505806,-0.18000000715255737,9.819999694824219,0.0,0.0,0.0,1019.705810546875,19.31999969482422,0.6127669215202332,0.05922028422355652,0,0,0.0,0.0,0.0,0,0,-0.0005493331700563431,-41.36000061035156,0.00991851557046175,-0.964568018913269,0.0,234068,234095,2549459,234082,0,234095,STANDBY
-0.05000000074505806,-0.1899999976158142,9.819999694824219,0.0,0.0,0.0,1019.7040405273438,19.31999969482422,0.6257492899894714,0.07944456487894058,0,0,0.0,0.0,0.0,0,0,-0.00045777764171361923,-41.36000061035156,0.009949034079909325,-0.964751124382019,0.0,234168,234195,2549555,234177,0,234195,STANDBY
-0.03999999910593033,-0.17000000178813934,9.819999694824219,0.0,0.0,0.0,1019.7040405273438,19.31999969482422,0.6257492899894714,0.05084452033042908,0,0,0.0,0.0,0.0,0,0,-0.0005188146606087685,-41.36000061035156,0.0099795525893569,-0.964812159538269,0.0,234268,234295,2549669,234292,0,234295,STANDBY
-0.03999999910593033,-0.18000000715255737,9.819999694824219,0.0,0.0,0.0,1019.7040405273438,19.31999969482422,0.6257492899894714,0.032540496438741684,0,0,0.0,0.0,0.0,0,0,-0.0005493331700563431,-41.36000061035156,0.0099795525893569,-0.964903712272644,0.0,234368,234395,2549765,234387,0,234395,STANDBY
-0.03999999910593033,-0.17000000178813934,9.819999694824219,0.0,0.0,0.0,1019.705810546875,19.31999969482422,0.6127669215202332,-0.020717661827802658,0,0,0.0,0.0,0.0,0,0,-0.0005798516795039177,-41.36000061035156,0.00991851557046175,-0.964873194694519,0.0,234468,234496,2549860,234482,0,234496,STANDBY
-0.029999999329447746,-0.18000000715255737,9.819999694824219,0.0,0.0,0.0,1019.705810546875,19.31999969482422,0.6127669215202332,-0.013259303756058216,0,0,0.0,0.0,0.0,0,0,-0.0007324442267417908,-41.36000061035156,0.0098574785515666,-0.965025782585144,0.0,234568,234596,2549955,234577,0,234596,STANDBY
-0.03999999910593033,-0.18000000715255737,9.829999923706055,0.0,0.0,0.0,1019.705810546875,19.31999969482422,0.6127669215202332,-0.008485954254865646,0,0,0.0,0.0,0.0,0,0,-0.0007019257172942162,-41.36000061035156,0.0098574785515666,-0.964903712272644,0.0,234668,234696,2550070,234692,0,234696,STANDBY
-0.03999999910593033,-0.18000000715255737,9.829999923706055,0.0,0.0,0.0,1019.705810546875,19.31999969482422,0.6127669215202332,-0.005431010853499174,0,0,0.0,0.0,0.0,0,0,-0.0006714072078466415,-41.36000061035156,0.009887997061014175,-0.964995265007019,0.0,234768,234796,2550165,234788,0,234796,STANDBY
-0.03999999910593033,-0.17000000178813934,9.829999923706055,0.0,0.0,0.0,1019.705810546875,19.31999969482422,0.6127669215202332,-0.003475847188383341,0,0,0.0,0.0,0.0,0,0,-0.0007019257172942162,-41.36000061035156,0.009826960042119026,-0.965086817741394,0.0,234868,234896,2550260,234884,0,234896,STANDBY
-0.05000000074505806,-0.1899999976158142,9.819999694824219,0.0,0.0,0.0,1019.705810546875,19.31999969482422,0.6127669215202332,-0.002224542200565338,0,0,0.0,0.0,0.0,0,0,-0.0007324442267417908,-41.36000061035156,0.00991851557046175,-0.965086817741394,0.0,234968,234996,2550356,234979,0,234996,STANDBY
-0.05000000074505806,-0.1899999976158142,9.819999694824219,0.0,0.0,0.0,1019.705810546875,19.31999969482422,0.6127669215202332,-0.0014237071154639125,0,0,0.0,0.0,0.0,0,0,-0.0007019257172942162,-41.36000061035156,0.0099795525893569,-0.964781641960144,0.0,235068,235096,2550470,235094,0,235096,STANDBY
-0.029999999329447746,-0.18000000715255737,9.819999694824219,0.0,0.0,0.0,1019.7040405273438,19.31999969482422,0.6257492899894714,0.04063240811228752,0,0,0.0,0.0,0.0,0,0,-0.0006408886983990669,-41.36000061035156,0.010071108117699623,-0.965330958366394,0.0,235168,235196,2550565,235189,0,235196,STANDBY
-0.03999999910593033,-0.18000000715255737,9.819999694824219,0.0,0.0,0.0,1019.7040405273438,19.31999969482422,0.6257492899894714,0.026004740968346596,0,0,0.0,0.0,0.0,0,0,-0.0007019257172942162,-41.36000061035156,0.009949034079909325,-0.965330958366394,0.0,235268,235296,2550662,235284,0,235296,STANDBY
-0.03999999910593033,-0.17000000178813934,9.8100004196167,0.0,0.0,0.0,1019.7040405273438,19.31999969482422,0.6257492899894714,0.016643034294247627,0,0,0.0,0.0,0.0,0,0,-0.0005798516795039177,-41.36000061035156,0.009887997061014175,-0.965605616569519,0.0,235368,235396,2550757,235379,0,235396,STANDBY
-0.03999999910593033,-0.17000000178813934,9.8100004196167,0.0,0.0,0.0,1019.7040405273438,19.31999969482422,0.6257492899894714,0.01065154280513525,0,0,0.0,0.0,0.0,0,0,-0.0004882961511611938,-41.36000061035156,0.009826960042119026,-0.964873194694519,0.0,235468,235496,2550872,235494,0,235496,STANDBY
-0.05000000074505806,-0.18000000715255737,9.819999694824219,0.0,0.0,0.0,1019.7040405273438,19.31999969482422,0.6257492899894714,0.006816987879574299,0,0,0.0,0.0,0.0,0,0,-0.0004882961511611938,-41.36000061035156,0.00991851557046175,-0.964903712272644,0.0,235568,235596,2550967,235589,0,235596,STANDBY
-0.029999999329447746,-0.18000000715255737,9.819999694824219,0.0,0.0,0.0,1019.7040405273438,19.31999969482422,0.6257492899894714,0.004362872336059809,0,0,0.0,0.0,0.0,0,0,-0.0005798516795039177,-41.36000061035156,0.0098574785515666,-0.964506983757019,0.0,235668,235696,2551062,235693,0,235696,STANDBY
-0.029999999329447746,-0.1899999976158142,9.819999694824219,0.0,0.0,0.0,1019.7040405273438,19.31999969482422,0.6257492899894714,0.0027922382578253746,0,0,0.0,0.0,0.0,0,0,-0.0006714072078466415,-41.36000061035156,0.009887997061014175,-0.964445948600769,0.0,235768,235796,2551157,235780,0,235796,STANDBY
-0.03999999910593033,-0.1899999976158142,9.819999694824219,0.0,0.0,0.0,1019.7025146484375,19.31999969482422,0.6387316584587097,0.0537165068089962,0,0,0.0,0.0,0.0,0,0,-0.0007019257172942162,-41.36000061035156,0.009826960042119026,-0.964262843132019,0.0,235869,235896,2551272,235894,0,235896,STANDBY
-0.03999999910593033,-0.18000000715255737,9.819999694824219,0.0,0.0,0.0,1019.7025146484375,19.31999969482422,0.6387316584587097,0.03437856584787369,0,0,0.0,0.0,0.0,0,0,-0.0006714072078466415,-41.36000061035156,0.009796441532671452,-0.964171290397644,0.0,235969,235996,2551367,235990,0,235996,STANDBY
-0.05000000074505806,-0.17000000178813934,9.819999694824219,0.0,0.0,0.0,1019.7025146484375,19.31999969482422,0.6387316584587097,0.022002283483743668,0,0,0.0,0.0,0.0,0,0,-0.0006408886983990669,-41.36000061035156,0.0098574785515666,-0.964568018913269,0.0,236069,236096,2551462,236086,0,236096,STANDBY
-0.05000000074505806,-0.18000000715255737,9.8100004196167,0.0,0.0,0.0,1019.7025146484375,19.31999969482422,0.6387316584587097,0.014081462286412716,0,0,0.0,0.0,0.0,0,0,-0.0005493331700563431,-41.36000061035156,0.00991851557046175,-0.964873194694519,0.0,236169,236196,2551558,236181,0,236196,STANDBY
-0.05000000074505806,-0.18000000715255737,9.819999694824219,0.0,0.0,0.0,1019.7040405273438,19.31999969482422,0.6257492899894714,-0.03253144398331642,0,0,0.0,0.0,0.0,0,0,-0.0004272591322660446,-41.36000061035156,0.00991851557046175,-0.964690089225769,0.0,236269,236296,2551672,236296,0,236296,STANDBY
-0.05000000074505806,-0.18000000715255737,9.819999694824219,0.0,0.0,0.0,1019.705810546875,19.31999969482422,0.6127669215202332,-0.062363702803850174,0,0,0.0,0.0,0.0,0,0,-0.00039674062281847,-41.36000061035156,0.010040589608252048,-0.964659571647644,0.0,236369,236396,2551768,236391,0,236396,STANDBY
-0.05000000074505806,-0.18000000715255737,9.819999694824219,0.0,0.0,0.0,1019.709716796875,19.31999969482422,0.5790128111839294,-0.14792592823505402,0,0,0.0,0.0,0.0,0,0,-0.00033570360392332077,-41.36000061035156,0.010101626627147198,-0.964384913444519,0.0,236469,236496,2551864,236486,0,236496,STANDBY
-0.05000000074505806,-0.18000000715255737,9.819999694824219,0.0,0.0,0.0,1019.709716796875,19.31999969482422,0.5790128111839294,-0.09467259794473648,0,0,0.0,0.0,0.0,0,0,-0.00033570360392332077,-41.36000061035156,0.010040589608252048,-0.964598536491394,0.0,236569,236596,2551959,236581,0,236596,STANDBY
-0.03999999910593033,-0.1899999976158142,9.819999694824219,0.0,0.0,0.0,1019.7081298828125,19.31999969482422,0.5919951796531677,-0.008660990744829178,0,0,0.0,0.0,0.0,0,0,-0.00039674062281847,-41.36000061035156,0.010040589608252048,-0.964415431022644,0.0,236669,236696,2552054,236694,0,236696,STANDBY
-0.05000000074505806,-0.18000000715255737,9.829999923706055,0.0,0.0,0.0,1019.7064208984375,19.31999969482422,0.6075739860534668,0.05677219107747078,0,0,0.0,0.0,0.0,0,0,-0.00045777764171361923,-41.36000061035156,0.01025421917438507,-0.965178370475769,0.0,236769,236796,2552169,236791,0,236796,STANDBY
-0.05000000074505806,-0.18000000715255737,9.819999694824219,0.0,0.0,0.0,1019.704833984375,19.31999969482422,0.6205563545227051,0.08826367557048798,0,0,0.0,0.0,0.0,0,0,-0.0004272591322660446,-41.36000061035156,0.01031525619328022,-0.965117335319519,0.0,236869,236896,2552264,236887,0,236896,STANDBY
-0.029999999329447746,-0.1899999976158142,9.819999694824219,0.0,0.0,0.0,1019.704833984375,19.31999969482422,0.6205563545227051,0.056488752365112305,0,0,0.0,0.0,0.0,0,0,-0.0004882961511611938,-41.36000061035156,0.010284737683832645,-0.964751124382019,0.0,236969,236996,2552359,236982,0,236996,STANDBY
-0.03999999910593033,-0.1899999976158142,9.8100004196167,0.0,0.0,0.0,1019.708740234375,19.31999969482422,0.5868022441864014,-0.0988636389374733,0,0,0.0,0.0,0.0,0,0,-0.0005798516795039177,-41.36000061035156,0.01037629321217537,-0.964659571647644,0.0,237069,237096,2552455,237077,0,237096,STANDBY
-0.05000000074505806,-0.1899999976158142,9.819999694824219,0.0,0.0,0.0,1019.7103881835938,19.31999969482422,0.5738198757171631,-0.10481631755828857,0,0,0.0,0.0,0.0,0,0,-0.0004882961511611938,-41.36000061035156,0.010406811721622944,-0.965086817741394,0.0,237169,237196,2552569,237192,0,237196,STANDBY
-0.029999999329447746,-0.18000000715255737,9.819999694824219,0.0,0.0,0.0,1019.7103881835938,19.31999969482422,0.5738198757171631,-0.06708244979381561,0,0,0.0,0.0,0.0,0,0,-0.0005798516795039177,-41.36000061035156,0.010284737683832645,-0.964568018913269,0.0,237270,237296,2552665,237287,0,237296,STANDBY
-0.03999999910593033,-0.18000000715255737,9.819999694824219,0.0,0.0,0.0,1019.7120361328125,19.31999969482422,0.5608375072479248,-0.08447635173797607,0,0,0.0,0.0,0.0,0,0,-0.0005493331700563431,-41.36000061035156,0.01025421917438507,-0.964354395866394,0.0,237370,237396,2552760,237382,0,237396,STANDBY
-0.03999999910593033,-0.18000000715255737,9.819999694824219,0.0,0.0,0.0,1019.7120361328125,19.31999969482422,0.5608375072479248,-0.05406486615538597,0,0,0.0,0.0,0.0,0,0,-0.0006103701889514923,-41.36000061035156,0.01025421917438507,-0.964598536491394,0.0,237470,237496,2552855,237478,0,237496,STANDBY
-0.03999999910593033,-0.18000000715255737,9.819999694824219,0.0,0.0,0.0,1019.7103881835938,19.31999969482422,0.5738198757171631,0.01732795685529709,0,0,0.0,0.0,0.0,0,0,-0.0005798516795039177,-41.36000061035156,0.010162663646042347,-0.964476466178894,0.0,237570,237596,2552970,237592,0,237596,STANDBY
-0.05000000074505806,-0.1899999976158142,9.8100004196167,0.0,0.0,0.0,1019.7103881835938,19.31999969482422,0.5738198757171631,0.01108989305794239,0,0,0.0,0.0,0.0,0,0,-0.0006103701889514923,-41.36000061035156,0.010223700664937496,-0.964537501335144,0.0,237670,237696,2553065,237694,0,237696,STANDBY
-0.03999999910593033,-0.1899999976158142,9.8100004196167,0.0,0.0,0.0,1019.7120361328125,19.31999969482422,0.5608375072479248,-0.04483194276690483,0,0,0.0,0.0,0.0,0,0,-0.0006408886983990669,-41.36000061035156,0.010193182155489922,-0.964537501335144,0.0,237770,237796,2553160,237784,0,237796,STANDBY
-0.05000000074505806,-0.18000000715255737,9.829999923706055,0.0,0.0,0.0,1019.7103881835938,19.31999969482422,0.5738198757171631,0.02323702909052372,0,0,0.0,0.0,0.0,0,0,-0.0005798516795039177,-41.36000061035156,0.010101626627147198,-0.964201807975769,0.0,237870,237896,2553255,237879,0,237896,STANDBY
-0.05000000074505806,-0.17000000178813934,9.8100004196167,0.0,0.0,0.0,1019.71435546875,19.31999969482422,0.5426622629165649,-0.10975874960422516,0,0,0.0,0.0,0.0,0,0,-0.0004272591322660446,-41.36000061035156,0.0099795525893569,-0.9638050198554993,0.0,237970,237996,2553370,237992,0,237996,STANDBY
-0.05000000074505806,-0.1899999976158142,9.819999694824219,0.0,0.0,0.0,1019.71435546875,19.31999969482422,0.5426622629165649,-0.07024560123682022,0,0,0.0,0.0,0.0,0,0,-0.00039674062281847,-41.36000061035156,0.010162663646042347,-0.964781641960144,0.0,238070,238096,2553465,238088,0,238096,STANDBY
-0.05000000074505806,-0.17000000178813934,9.819999694824219,0.0,0.0,0.0,1019.71435546875,19.31999969482422,0.5426622629165649,-0.04495718702673912,0,0,0.0,0.0,0.0,0,0,-0.0004272591322660446,-41.36000061035156,0.010132145136594772,-0.964690089225769,0.0,238170,238196,2553561,238183,0,238196,STANDBY
-0.03999999910593033,-0.18000000715255737,9.829999923706055,0.0,0.0,0.0,1019.716064453125,19.31999969482422,0.5270833969116211,-0.07862497866153717,0,0,0.0,0.0,0.0,0,0,-0.0004272591322660446,-41.36000061035156,0.010101626627147198,-0.964415431022644,0.0,238270,238296,2553656,238278,0,238296,STANDBY
-0.029999999329447746,-0.18000000715255737,9.800000190734863,0.0,0.0,0.0,1019.71435546875,19.31999969482422,0.5426622629165649,-0.00046761633711867034,0,0,0.0,0.0,0.0,0,0,-0.0005798516795039177,-41.36000061035156,0.010010071098804474,-0.9638355374336243,0.0,238370,238396,2553771,238393,0,238396,STANDBY
-0.05000000074505806,-0.17000000178813934,9.819999694824219,0.0,0.0,0.0,1019.71435546875,19.31999969482422,0.5426622629165649,-0.000299274455755949,0,0,0.0,0.0,0.0,0,0,-0.0004882961511611938,-41.36000061035156,0.0099795525893569,-0.963927149772644,0.0,238470,238496,2553866,238488,0,238496,STANDBY
-0.03999999910593033,-0.18000000715255737,9.829999923706055,0.0,0.0,0.0,1019.708740234375,19.31999969482422,0.5868022441864014,0.17636838555335999,0,0,0.0,0.0,0.0,0,0,-0.0004272591322660446,-41.36000061035156,0.009887997061014175,-0.9634082913398743,0.0,238570,238596,2553961,238583,0,238596,STANDBY
-0.05000000074505806,-0.18000000715255737,9.819999694824219,0.0,0.0,0.0,1019.7127075195312,19.31999969482422,0.5556445717811584,-0.011754915118217468,0,0,0.0,0.0,0.0,0,0,-0.00033570360392332077,-41.36000061035156,0.009887997061014175,-0.9636219143867493,0.0,238670,238696,2554056,238695,0,238696,STANDBY
-0.05000000074505806,-0.18000000715255737,9.819999694824219,0.0,0.0,0.0,1019.7127075195312,19.31999969482422,0.5556445717811584,-0.007523145526647568,0,0,0.0,0.0,0.0,0,0,-0.00030518509447574615,-41.36000061035156,0.009949034079909325,-0.9630725979804993,0.0,238770,238796,2554171,238793,0,238796,STANDBY
-0.03999999910593033,-0.1899999976158142,9.8100004196167,0.0,0.0,0.0,1019.71435546875,19.31999969482422,0.5426622629165649,-0.0567440502345562,0,0,0.0,0.0,0.0,0,0,-0.0004272591322660446,-41.36000061035156,0.009887997061014175,-0.9631946682929993,0.0,238870,238896,2554266,238888,0,238896,STANDBY
-0.05000000074505806,-0.18000000715255737,9.819999694824219,0.0,0.0,0.0,1019.71435546875,19.31999969482422,0.5426622629165649,-0.036316193640232086,0,0,0.0,0.0,0.0,0,0,-0.0004272591322660446,-41.36000061035156,0.009949034079909325,-0.9634998440742493,0.0,238970,238996,2554361,238984,0,238996,STANDBY
-0.05000000074505806,-0.18000000715255737,9.819999694824219,0.0,0.0,0.0,1019.7127075195312,19.31999969482422,0.5556445717811584,0.028686869889497757,0,0,0.0,0.0,0.0,0,0,-0.00039674062281847,-41.36000061035156,0.009949034079909325,-0.9637745022773743,0.0,239070,239096,2554457,239079,0,239096,STANDBY
-0.03999999910593033,-0.18000000715255737,9.819999694824219,0.0,0.0,0.0,1019.71435546875,19.31999969482422,0.5426622629165649,-0.0231837909668684,0,0,0.0,0.0,0.0,0,0,-0.0004272591322660446,-41.36000061035156,0.0099795525893569,-0.9638355374336243,0.0,239170,239196,2554571,239194,0,239196,STANDBY
-0.05000000074505806,-0.1899999976158142,9.819999694824219,0.0,0.0,0.0,1019.71435546875,19.31999969482422,0.5426622629165649,-0.014837627299129963,0,0,0.0,0.0,0.0,0,0,-0.0005493331700563431,-41.36000061035156,0.010040589608252048,-0.9638355374336243,0.0,239270,239296,2554667,239289,0,239296,STANDBY
-0.03999999910593033,-0.17000000178813934,9.829999923706055,0.0,0.0,0.0,1019.71435546875,19.31999969482422,0.5426622629165649,-0.009496081620454788,0,0,0.0,0.0,0.0,0,0,-0.0005493331700563431,-41.36000061035156,0.0099795525893569,-0.963957667350769,0.0,239370,239396,2554762,239384,0,239396,STANDBY
-0.03999999910593033,-0.18000000715255737,9.819999694824219,0.0,0.0,0.0,1019.71435546875,19.31999969482422,0.5426622629165649,-0.006077492143958807,0,0,0.0,0.0,0.0,0,0,-0.0004882961511611938,-41.36000061035156,0.0099795525893569,-0.964690089225769,0.0,239470,239496,2554857,239480,0,239496,STANDBY
-0.05000000074505806,-0.18000000715255737,9.8100004196167,0.0,0.0,0.0,1019.71435546875,19.31999969482422,0.5426622629165649,-0.0038895949255675077,0,0,0.0,0.0,0.0,0,0,-0.00045777764171361923,-41.36000061035156,0.0099795525893569,-0.964262843132019,0.0,239570,239596,2554972,239594,0,239596,STANDBY
-0.05000000074505806,-0.18000000715255737,9.819999694824219,0.0,0.0,0.0,1019.7103881835938,19.31999969482422,0.5738198757171631,0.12214110791683197,0,0,0.0,0.0,0.0,0,0,-0.0004272591322660446,-41.36000061035156,0.0099795525893569,-0.964476466178894,0.0,239670,239697,2555067,239697,0,239697,STANDBY
-0.03999999910593033,-0.18000000715255737,9.819999694824219,0.0,0.0,0.0,1019.7103881835938,19.31999969482422,0.5738198757171631,0.07817031443119049,0,0,0.0,0.0,0.0,0,0,-0.00039674062281847,-41.36000061035156,0.010010071098804474,-0.964659571647644,0.0,239770,239797,2555162,239784,0,239797,STANDBY
-0.03999999910593033,-0.18000000715255737,9.819999694824219,0.0,0.0,0.0,1019.7120361328125,19.31999969482422,0.5608375072479248,-0.0019004680216312408,0,0,0.0,0.0,0.0,0,0,-0.0004882961511611938,-41.36000061035156,0.0099795525893569,-0.964537501335144,0.0,239870,239897,2555257,239881,0,239897,STANDBY
-0.03999999910593033,-0.17000000178813934,9.819999694824219,0.0,0.0,0.0,1019.7120361328125,19.31999969482422,0.5608375072479248,-0.0012162995990365744,0,0,0.0,0.0,0.0,0,0,-0.00045777764171361923,-41.36000061035156,0.009949034079909325,-0.964598536491394,0.0,239970,239997,2555372,239994,0,239997,STANDBY
-0.05000000074505806,-0.18000000715255737,9.819999694824219,0.0,0.0,0.0,1019.7137451171875,19.31999969482422,0.5478551983833313,-0.05270766839385033,0,0,0.0,0.0,0.0,0,0,-0.0003662221133708954,-41.36000061035156,0.0099795525893569,-0.964537501335144,0.0,240070,240097,2555467,240091,0,240097,STANDBY
-0.03999999910593033,-0.17000000178813934,9.819999694824219,0.0,0.0,0.0,1019.7137451171875,19.31999969482422,0.5478551983833313,-0.033732909709215164,0,0,0.0,0.0,0.0,0,0,-0.0004882961511611938,-41.36000061035156,0.009887997061014175,-0.964415431022644,0.0,240171,240197,2555563,240186,0,240197,STANDBY
-0.05000000074505806,-0.18000000715255737,9.819999694824219,0.0,0.0,0.0,1019.7137451171875,19.31999969482422,0.5478551983833313,-0.021589063107967377,0,0,0.0,0.0,0.0,0,0,-0.0004882961511611938,-41.36000061035156,0.009826960042119026,-0.964354395866394,0.0,240271,240297,2555659,240281,0,240297,STANDBY
-0.05000000074505806,-0.1899999976158142,9.84000015258789,0.0,0.0,0.0,1019.71533203125,19.31999969482422,0.534872829914093,-0.0553605817258358,0,0,0.0,0.0,0.0,0,0,-0.0005188146606087685,-41.36000061035156,0.010010071098804474,-0.964537501335144,0.0,240371,240397,2555772,240396,0,240397,STANDBY
-0.03999999910593033,-0.18000000715255737,9.819999694824219,0.0,0.0,0.0,1019.717041015625,19.31999969482422,0.519294023513794,-0.08528295904397964,0,0,0.0,0.0,0.0,0,0,-0.0005188146606087685,-41.36000061035156,0.00991851557046175,-0.963927149772644,0.0,240471,240497,2555868,240491,0,240497,STANDBY
-0.03999999910593033,-0.18000000715255737,9.819999694824219,0.0,0.0,0.0,1019.717041015625,19.31999969482422,0.519294023513794,-0.05458109453320503,0,0,0.0,0.0,0.0,0,0,-0.0004882961511611938,-41.36000061035156,0.00991851557046175,-0.964140772819519,0.0,240571,240598,2555964,240586,0,240598,STANDBY
-0.05000000074505806,-0.18000000715255737,9.829999923706055,0.0,0.0,0.0,1019.7203369140625,19.31999969482422,0.49332931637763977,-0.1304820328950882,0,0,0.0,0.0,0.0,0,0,-0.00045777764171361923,-41.36000061035156,0.009887997061014175,-0.964018702507019,0.0,240671,240698,2556059,240696,0,240698,STANDBY
-0.03999999910593033,-0.17000000178813934,9.819999694824219,0.0,0.0,0.0,1019.7203369140625,19.31999969482422,0.49332931637763977,-0.08350850641727448,0,0,0.0,0.0,0.0,0,0,-0.0004272591322660446,-41.36000061035156,0.00991851557046175,-0.964445948600769,0.0,240771,240798,2556173,240795,0,240798,STANDBY
-0.05000000074505806,-0.18000000715255737,9.8100004196167,0.0,0.0,0.0,1019.7203369140625,19.31999969482422,0.49332931637763977,-0.053445447236299515,0,0,0.0,0.0,0.0,0,0,-0.00045777764171361923,-41.36000061035156,0.00991851557046175,-0.964476466178894,0.0,240871,240898,2556268,240890,0,240898,STANDBY
-0.05000000074505806,-0.18000000715255737,9.819999694824219,0.0,0.0,0.0,1019.7162475585938,19.31999969482422,0.5270833969116211,0.10081122815608978,0,0,0.0,0.0,0.0,0,0,-0.0004272591322660446,-41.36000061035156,0.009949034079909325,-0.964171290397644,0.0,240971,240998,2556363,240986,0,240998,STANDBY
-0.05000000074505806,-0.1899999976158142,9.829999923706055,0.0,0.0,0.0,1019.7179565429688,19.31999969482422,0.511504590511322,0.0022039636969566345,0,0,0.0,0.0,0.0,0,0,-0.0004272591322660446,-41.36000061035156,0.0099795525893569,-0.964262843132019,0.0,241071,241098,2556459,241082,0,241098,STANDBY
-0.05000000074505806,-0.1899999976158142,9.819999694824219,0.0,0.0,0.0,1019.7179565429688,19.31999969482422,0.511504590511322,0.0014105368172749877,0,0,0.0,0.0,0.0,0,0,-0.0004272591322660446,-41.36000061035156,0.010071108117699623,-0.964781641960144,0.0,241171,241198,2556573,241196,0,241198,STANDBY
-0.05000000074505806,-0.18000000715255737,9.8100004196167,0.0,0.0,0.0,1019.7196044921875,19.31999969482422,0.49852225184440613,-0.04064074158668518,0,0,0.0,0.0,0.0,0,0,-0.00039674062281847,-41.36000061035156,0.010132145136594772,-0.964903712272644,0.0,241271,241298,2556668,241292,0,241298,STANDBY
-0.03999999910593033,-0.1899999976158142,9.829999923706055,0.0,0.0,0.0,1019.7196044921875,19.31999969482422,0.49852225184440613,-0.026010075584053993,0,0,0.0,0.0,0.0,0,0,-0.0004272591322660446,-41.36000061035156,0.010071108117699623,-0.964873194694519,0.0,241371,241398,2556764,241387,0,241398,STANDBY
-0.03999999910593033,-0.1899999976158142,9.8100004196167,0.0,0.0,0.0,1019.7196044921875,19.31999969482422,0.49852225184440613,-0.016646450385451317,0,0,0.0,0.0,0.0,0,0,-0.0005188146606087685,-41.36000061035156,0.010132145136594772,-0.964720606803894,0.0,241471,241498,2556859,241482,0,241498,STANDBY
-0.03999999910593033,-0.17000000178813934,9.8100004196167,0.0,0.0,0.0,1019.7196044921875,19.31999969482422,0.49852225184440613,-0.010653728619217873,0,0,0.0,0.0,0.0,0,0,-0.0003662221133708954,-41.36000061035156,0.0099795525893569,-0.964537501335144,0.0,241571,241598,2556974,241597,0,241598,STANDBY
-0.05000000074505806,-0.18000000715255737,9.8100004196167,0.0,0.0,0.0,1019.7196044921875,19.31999969482422,0.49852225184440613,-0.006818386260420084,0,0,0.0,0.0,0.0,0,0,-0.00033570360392332077,-41.36000061035156,0.0099795525893569,-0.964690089225769,0.0,241672,241698,2557070,241698,0,241698,STANDBY
-0.03999999910593033,-0.18000000715255737,9.8100004196167,0.0,0.0,0.0,1019.721923828125,19.31999969482422,0.4803469479084015,-0.07706498354673386,0,0,0.0,0.0,0.0,0,0,-0.00033570360392332077,-41.36000061035156,0.010010071098804474,-0.965178370475769,0.0,241772,241798,2557165,241787,0,241798,STANDBY
-0.05000000074505806,-0.18000000715255737,9.819999694824219,0.0,0.0,0.0,1019.7203369140625,19.31999969482422,0.49332931637763977,0.0026078857481479645,0,0,0.0,0.0,0.0,0,0,-0.00039674062281847,-41.36000061035156,0.010040589608252048,-0.965300440788269,0.0,241872,241898,2557260,241883,0,241898,STANDBY
-0.029999999329447746,-0.1899999976158142,9.8100004196167,0.0,0.0,0.0,1019.7185668945312,19.31999969482422,0.5089081525802612,0.06398439407348633,0,0,0.0,0.0,0.0,0,0,-0.00039674062281847,-41.36000061035156,0.009949034079909325,-0.964903712272644,0.0,241972,241998,2557375,241997,0,241998,STANDBY
-0.05000000074505806,-0.18000000715255737,9.819999694824219,0.0,0.0,0.0,1019.717041015625,19.31999969482422,0.519294023513794,0.08249349892139435,0,0,0.0,0.0,0.0,0,0,-0.0003662221133708954,-41.36000061035156,0.010010071098804474,-0.964629054069519,0.0,242072,242098,2557470,242093,0,242098,STANDBY
-0.05000000074505806,-0.1899999976158142,9.8100004196167,0.0,0.0,0.0,1019.7137451171875,19.31999969482422,0.5478551983833313,0.16704054176807404,0,0,0.0,0.0,0.0,0,0,-0.0003662221133708954,-41.36000061035156,0.010071108117699623,-0.964568018913269,0.0,242172,242198,2557565,242188,0,242198,STANDBY
-0.05000000074505806,-0.18000000715255737,9.8100004196167,0.0,0.0,0.0,1019.7120361328125,19.31999969482422,0.5608375072479248,0.1484493464231491,0,0,0.0,0.0,0.0,0,0,-0.0003662221133708954,-41.36000061035156,0.010223700664937496,-0.964842677116394,0.0,242272,242298,2557661,242283,0,242298,STANDBY
-0.05000000074505806,-0.18000000715255737,9.819999694824219,0.0,0.0,0.0,1019.7120361328125,19.31999969482422,0.5608375072479248,0.09500758349895477,0,0,0.0,0.0,0.0,0,0,-0.0003662221133708954,-41.36000061035156,0.010132145136594772,-0.964354395866394,0.0,242372,242398,2557756,242378,0,242398,STANDBY
-0.03999999910593033,-0.18000000715255737,9.8100004196167,0.0,0.0,0.0,1019.71435546875,19.31999969482422,0.5426622629165649,0.0026440739165991545,0,0,0.0,0.0,0.0,0,0,-0.00039674062281847,-41.36000061035156,0.010132145136594772,-0.964445948600769,0.0,242472,242498,2557870,242493,0,242498,STANDBY
-0.05000000074505806,-0.1899999976158142,9.819999694824219,0.0,0.0,0.0,1019.71435546875,19.31999969482422,0.5426622629165649,0.001692207413725555,0,0,0.0,0.0,0.0,0,0,-0.0003662221133708954,-41.36000061035156,0.010223700664937496,-0.964873194694519,0.0,242572,242598,2557966,242588,0,242598,STANDBY
-0.03999999910593033,-0.1899999976158142,9.819999694824219,0.0,0.0,0.0,1019.7103881835938,19.31999969482422,0.5738198757171631,0.12571346759796143,0,0,0.0,0.0,0.0,0,0,-0.0004882961511611938,-41.36000061035156,0.010223700664937496,-0.965208888053894,0.0,242672,242699,2558061,242699,0,242699,STANDBY
-0.03999999910593033,-0.18000000715255737,9.819999694824219,0.0,0.0,0.0,1019.71435546875,19.31999969482422,0.5426622629165649,-0.04417382925748825,0,0,0.0,0.0,0.0,0,0,-0.0004882961511611938,-41.36000061035156,0.010101626627147198,-0.964751124382019,0.0,242772,242799,2558175,242798,0,242799,STANDBY
-0.05000000074505806,-0.18000000715255737,9.819999694824219,0.0,0.0,0.0,1019.7127075195312,19.31999969482422,0.5556445717811584,0.023657983168959618,0,0,0.0,0.0,0.0,0,0,-0.0004882961511611938,-41.36000061035156,0.010040589608252048,-0.964964747428894,0.0,242872,242899,2558270,242893,0,242899,STANDBY
-0.05000000074505806,-0.18000000715255737,9.819999694824219,0.0,0.0,0.0,1019.7127075195312,19.31999969482422,0.5556445717811584,0.015141109935939312,0,0,0.0,0.0,0.0,0,0,-0.00039674062281847,-41.36000061035156,0.010010071098804474,-0.964842677116394,0.0,242972,242999,2558366,242989,0,242999,STANDBY
-0.05000000074505806,-0.18000000715255737,9.819999694824219,0.0,0.0,0.0,1019.7111206054688,19.31999969482422,0.5686269402503967,0.06161978468298912,0,0,0.0,0.0,0.0,0,0,-0.0003662221133708954,-41.36000061035156,0.0099795525893569,-0.964659571647644,0.0,243072,243099,2558461,243084,0,243099,STANDBY
-0.05000000074505806,-0.18000000715255737,9.819999694824219,0.0,0.0,0.0,1019.70947265625,19.31999969482422,0.581609308719635,0.09136614203453064,0,0,0.0,0.0,0.0,0,0,-0.00033570360392332077,-41.36000061035156,0.010101626627147198,-0.964781641960144,0.0,243172,243200,2558576,243198,0,243200,STANDBY
-0.03999999910593033,-0.1899999976158142,9.819999694824219,0.0,0.0,0.0,1019.70947265625,19.31999969482422,0.581609308719635,0.058474332094192505,0,0,0.0,0.0,0.0,0,0,-0.0004272591322660446,-41.36000061035156,0.010101626627147198,-0.964537501335144,0.0,243272,243300,2558671,243294,0,243300,STANDBY
-0.03999999910593033,-0.17000000178813934,9.819999694824219,0.0,0.0,0.0,1019.70947265625,19.31999969482422,0.581609308719635,0.037423573434352875,0,0,0.0,0.0,0.0,0,0,-0.0003662221133708954,-41.36000061035156,0.010071108117699623,-0.964140772819519,0.0,243372,243400,2558767,243389,0,243400,STANDBY
-0.03999999910593033,-0.1899999976158142,9.819999694824219,0.0,0.0,0.0,1019.70947265625,19.31999969482422,0.581609308719635,0.0239510890096426,0,0,0.0,0.0,0.0,0,0,-0.0004272591322660446,-41.36000061035156,0.010040589608252048,-0.964018702507019,0.0,243472,243500,2558862,243484,0,243500,STANDBY
-0.05000000074505806,-0.18000000715255737,9.819999694824219,0.0,0.0,0.0,1019.7111206054688,19.31999969482422,0.5686269402503967,-0.026214880868792534,0,0,0.0,0.0,0.0,0,0,-0.00039674062281847,-41.36000061035156,0.010040589608252048,-0.963957667350769,0.0,243572,243600,2558977,243599,0,243600,STANDBY
-0.05000000074505806,-0.1899999976158142,9.8100004196167,0.0,0.0,0.0,1019.7072143554688,19.31999969482422,0.5997846126556396,0.08292702585458755,0,0,0.0,0.0,0.0,0,0,-0.00033570360392332077,-41.36000061035156,0.010132145136594772,-0.964262843132019,0.0,243672,243700,2559072,243696,0,243700,STANDBY
-0.05000000074505806,-0.1899999976158142,9.819999694824219,0.0,0.0,0.0,1019.70947265625,19.31999969482422,0.581609308719635,-0.019627917557954788,0,0,0.0,0.0,0.0,0,0,-0.0002136295661330223,-41.36000061035156,0.010193182155489922,-0.963957667350769,0.0,243772,243800,2559167,243789,0,243800,STANDBY
-0.03999999910593033,-0.1899999976158142,9.8100004196167,0.0,0.0,0.0,1019.7078247070312,19.31999969482422,0.5945916175842285,0.03936736658215523,0,0,0.0,0.0,0.0,0,0,-0.0002441480755805969,-41.36000061035156,0.01031525619328022,-0.964842677116394,0.0,243872,243900,2559262,243886,0,243900,STANDBY
-0.03999999910593033,-0.18000000715255737,9.819999694824219,0.0,0.0,0.0,1019.7078247070312,19.31999969482422,0.5945916175842285,0.02519511617720127,0,0,0.0,0.0,0.0,0,0,-0.0003662221133708954,-41.36000061035156,0.010223700664937496,-0.964873194694519,0.0,243972,244000,2559377,243999,0,244000,STANDBY
-0.05000000074505806,-0.1899999976158142,9.819999694824219,0.0,0.0,0.0,1019.7078247070312,19.31999969482422,0.5945916175842285,0.016124874353408813,0,0,0.0,0.0,0.0,0,0,-0.00039674062281847,-41.36000061035156,0.01025421917438507,-0.964812159538269,0.0,244072,244100,2559472,244096,0,244100,STANDBY
-0.05000000074505806,-0.1899999976158142,9.819999694824219,0.0,0.0,0.0,1019.70947265625,19.31999969482422,0.581609308719635,-0.04160931706428528,0,0,0.0,0.0,0.0,0,0,-0.0004272591322660446,-41.36000061035156,0.01025421917438507,-0.964598536491394,0.0,244172,244200,2559567,244191,0,244200,STANDBY
-0.05000000074505806,-0.1899999976158142,9.819999694824219,0.0,0.0,0.0,1019.70947265625,19.31999969482422,0.581609308719635,-0.026629963889718056,0,0,0.0,0.0,0.0,0,0,-0.00039674062281847,-41.36000061035156,0.01025421917438507,-0.964903712272644,0.0,244272,244300,2559664,244286,0,244300,STANDBY
-0.03999999910593033,-0.17000000178813934,9.819999694824219,0.0,0.0,0.0,1019.7111206054688,19.31999969482422,0.5686269402503967,-0.05858675763010979,0,0,0.0,0.0,0.0,0,0,-0.0004272591322660446,-41.36000061035156,0.010162663646042347,-0.964720606803894,0.0,244372,244400,2559759,244381,0,244400,STANDBY
-0.05000000074505806,-0.18000000715255737,9.819999694824219,0.0,0.0,0.0,1019.7111206054688,19.31999969482422,0.5686269402503967,-0.03749552741646767,0,0,0.0,0.0,0.0,0,0,-0.00045777764171361923,-41.36000061035156,0.010193182155489922,-0.964812159538269,0.0,244472,244500,2559874,244496,0,244500,STANDBY
-0.03999999910593033,-0.18000000715255737,9.819999694824219,0.0,0.0,0.0,1019.7111206054688,19.31999969482422,0.5686269402503967,-0.023997139185667038,0,0,0.0,0.0,0.0,0,0,-0.0005188146606087685,-41.36000061035156,0.010132145136594772,-0.964903712272644,0.0,244573,244600,2559969,244591,0,244600,STANDBY
-0.03999999910593033,-0.1899999976158142,9.819999694824219,0.0,0.0,0.0,1019.7111206054688,19.31999969482422,0.5686269402503967,-0.015358169563114643,0,0,0.0,0.0,0.0,0,0,-0.0006103701889514923,-41.36000061035156,0.010101626627147198,-0.965117335319519,0.0,244673,244700,2560064,244698,0,244700,STANDBY
-0.05000000074505806,-0.18000000715255737,9.819999694824219,0.0,0.0,0.0,1019.70947265625,19.31999969482422,0.581609308719635,0.03171434998512268,0,0,0.0,0.0,0.0,0,0,-0.00039674062281847,-41.36000061035156,0.010071108117699623,-0.964751124382019,0.0,244773,244800,2560159,244782,0,244800,STANDBY
-0.05999999865889549,-0.18000000715255737,9.819999694824219,0.0,0.0,0.0,1019.7078247070312,19.31999969482422,0.5945916175842285,0.07222642004489899,0,0,0.0,0.0,0.0,0,0,-0.00027466658502817154,-41.36000061035156,0.010040589608252048,-0.964629054069519,0.0,244873,244900,2560274,244896,0,244900,STANDBY
-0.05000000074505806,-0.20000000298023224,9.819999694824219,0.0,0.0,0.0,1019.7061767578125,19.31999969482422,0.6075739860534668,0.09815438091754913,0,0,0.0,0.0,0.0,0,0,-0.00030518509447574615,-41.36000061035156,0.010193182155489922,-0.964415431022644,0.0,244973,245000,2560369,244993,0,245000,STANDBY
-0.03999999910593033,-0.18000000715255737,9.819999694824219,0.0,0.0,0.0,1019.7045288085938,19.31999969482422,0.6231527924537659,0.12513403594493866,0,0,0.0,0.0,0.0,0,0,-0.00045777764171361923,-41.36000061035156,0.010193182155489922,-0.964201807975769,0.0,245073,245100,2560464,245088,0,245100,STANDBY
-0.05000000074505806,-0.1899999976158142,9.819999694824219,0.0,0.0,0.0,1019.7101440429688,19.329999923706055,0.5764163732528687,-0.10685989260673523,0,0,0.0,0.0,0.0,0,0,-0.00033570360392332077,-41.36000061035156,0.010284737683832645,-0.964232325553894,0.0,245173,245200,2560561,245183,0,245200,STANDBY
-0.05000000074505806,-0.18000000715255737,9.819999694824219,0.0,0.0,0.0,1019.7101440429688,19.329999923706055,0.5764163732528687,-0.06839033216238022,0,0,0.0,0.0,0.0,0,0,-0.00033570360392332077,-41.36000061035156,0.010162663646042347,-0.9638355374336243,0.0,245273,245300,2560674,245298,0,245300,STANDBY
-0.03999999910593033,-0.18000000715255737,9.819999694824219,0.0,0.0,0.0,1019.7101440429688,19.329999923706055,0.5764163732528687,-0.04376981407403946,0,0,0.0,0.0,0.0,0,0,-0.0004272591322660446,-41.36000061035156,0.010162663646042347,-0.963896632194519,0.0,245373,245400,2560771,245393,0,245400,STANDBY
-0.05000000074505806,-0.1899999976158142,9.819999694824219,0.0,0.0,0.0,1019.7117919921875,19.329999923706055,0.5634340047836304,-0.06955625861883163,0,0,0.0,0.0,0.0,0,0,-0.00045777764171361923,-41.36000061035156,0.010132145136594772,-0.963957667350769,0.0,245473,245500,2560866,245488,0,245500,STANDBY
-0.05000000074505806,-0.18000000715255737,9.8100004196167,0.0,0.0,0.0,1019.7101440429688,19.329999923706055,0.5764163732528687,-0.0029724270571023226,0,0,0.0,0.0,0.0,0,0,-0.00045777764171361923,-41.36000061035156,0.010193182155489922,-0.964506983757019,0.0,245573,245600,2560961,245583,0,245600,STANDBY
-0.05000000074505806,-0.1899999976158142,9.800000190734863,0.0,0.0,0.0,1019.7101440429688,19.329999923706055,0.5764163732528687,-0.001902353367768228,0,0,0.0,0.0,0.0,0,0,-0.00039674062281847,-41.36000061035156,0.010193182155489922,-0.964873194694519,0.0,245673,245700,2561056,245698,0,245700,STANDBY
-0.05000000074505806,-0.17000000178813934,9.819999694824219,0.0,0.0,0.0,1019.7051391601562,19.329999923706055,0.6179598569869995,0.1545705795288086,0,0,0.0,0.0,0.0,0,0,-0.00039674062281847,-41.36000061035156,0.010101626627147198,-0.964079737663269,0.0,245773,245800,2561171,245793,0,245800,STANDBY
-0.05000000074505806,-0.18000000715255737,9.819999694824219,0.0,0.0,0.0,1019.7051391601562,19.329999923706055,0.6179598569869995,0.09892517328262329,0,0,0.0,0.0,0.0,0,0,-0.00033570360392332077,-41.36000061035156,0.010010071098804474,-0.964018702507019,0.0,245873,245900,2561266,245889,0,245900,STANDBY
-0.05000000074505806,-0.18000000715255737,9.819999694824219,0.0,0.0,0.0,1019.70751953125,19.329999923706055,0.5971881151199341,-0.01814570277929306,0,0,0.0,0.0,0.0,0,0,-0.00027466658502817154,-41.36000061035156,0.009949034079909325,-0.964476466178894,0.0,245974,246000,2561361,245984,0,246000,STANDBY
-0.029999999329447746,-0.18000000715255737,9.819999694824219,0.0,0.0,0.0,1019.7059326171875,19.329999923706055,0.6101704835891724,0.040316224098205566,0,0,0.0,0.0,0.0,0,0,-0.00039674062281847,-41.36000061035156,0.010040589608252048,-0.964629054069519,0.0,246074,246100,2561476,246098,0,246100,STANDBY
-0.03999999910593033,-0.18000000715255737,9.819999694824219,0.0,0.0,0.0,1019.7025756835938,19.329999923706055,0.6387316584587097,0.140047088265419,0,0,0.0,0.0,0.0,0,0,-0.00045777764171361923,-41.36000061035156,0.010101626627147198,-0.964445948600769,0.0,246174,246200,2561571,246194,0,246200,STANDBY
-0.03999999910593033,-0.18000000715255737,9.829999923706055,0.0,0.0,0.0,1019.700927734375,19.329999923706055,0.6517139673233032,0.1311735361814499,0,0,0.0,0.0,0.0,0,0,-0.0004882961511611938,-41.36000061035156,0.010101626627147198,-0.964598536491394,0.0,246274,246300,2561667,246290,0,246300,STANDBY
-0.03999999910593033,-0.18000000715255737,9.8100004196167,0.0,0.0,0.0,1019.7025756835938,19.329999923706055,0.6387316584587097,0.042407672852277756,0,0,0.0,0.0,0.0,0,0,-0.0004882961511611938,-41.36000061035156,0.010101626627147198,-0.964690089225769,0.0,246374,246400,2561762,246385,0,246400,STANDBY
-0.05000000074505806,-0.17000000178813934,9.819999694824219,0.0,0.0,0.0,1019.700927734375,19.329999923706055,0.6517139673233032,0.06868430227041245,0,0,0.0,0.0,0.0,0,0,-0.0004882961511611938,-41.36000061035156,0.0099795525893569,-0.964720606803894,0.0,246474,246500,2561858,246480,0,246500,STANDBY
-0.03999999910593033,-0.18000000715255737,9.819999694824219,0.0,0.0,0.0,1019.6994018554688,19.329999923706055,0.6646963357925415,0.0855015367269516,0,0,0.0,0.0,0.0,0,0,-0.00045777764171361923,-41.36000061035156,0.010040589608252048,-0.964293360710144,0.0,246574,246600,2561972,246595,0,246600,STANDBY
-0.05000000074505806,-0.18000000715255737,9.819999694824219,0.0,0.0,0.0,1019.700927734375,19.329999923706055,0.6517139673233032,0.01317740697413683,0,0,0.0,0.0,0.0,0,0,-0.0003662221133708954,-41.36000061035156,0.010071108117699623,-0.964445948600769,0.0,246674,246700,2562068,246699,0,246700,STANDBY
-0.03999999910593033,-0.18000000715255737,9.8100004196167,0.0,0.0,0.0,1019.6994018554688,19.329999923706055,0.6646963357925415,0.06036301702260971,0,0,0.0,0.0,0.0,0,0,-0.0003662221133708954,-41.36000061035156,0.010132145136594772,-0.964934229850769,0.0,246774,246800,2562163,246786,0,246800,STANDBY
-0.05000000074505806,-0.18000000715255737,9.829999923706055,0.0,0.0,0.0,1019.7033081054688,19.329999923706055,0.6309422254562378,-0.09638410806655884,0,0,0.0,0.0,0.0,0,0,-0.0004882961511611938,-41.36000061035156,0.010162663646042347,-0.964415431022644,0.0,246874,246900,2562258,246881,0,246900,STANDBY
-0.05000000074505806,-0.1899999976158142,9.819999694824219,0.0,0.0,0.0,1019.7015380859375,19.329999923706055,0.6465210318565369,0.0006293952465057373,0,0,0.0,0.0,0.0,0,0,-0.0003662221133708954,-41.36000061035156,0.010162663646042347,-0.964384913444519,0.0,246974,247000,2562373,246995,0,247000,STANDBY
-0.05000000074505806,-0.18000000715255737,9.8100004196167,0.0,0.0,0.0,1019.7033081054688,19.329999923706055,0.6309422254562378,-0.0619124136865139,0,0,0.0,0.0,0.0,0,0,-0.00033570360392332077,-41.36000061035156,0.010162663646042347,-0.964537501335144,0.0,247074,247100,2562468,247091,0,247100,STANDBY
-0.05000000074505806,-0.1899999976158142,9.8100004196167,0.0,0.0,0.0,1019.7033081054688,19.329999923706055,0.6309422254562378,-0.03962394595146179,0,0,0.0,0.0,0.0,0,0,-0.0003662221133708954,-41.36000061035156,0.010132145136594772,-0.964232325553894,0.0,247174,247200,2562564,247187,0,247200,STANDBY
-0.03999999910593033,-0.1899999976158142,9.819999694824219,0.0,0.0,0.0,1019.7048950195312,19.329999923706055,0.6179598569869995,-0.07728879898786545,0,0,0.0,0.0,0.0,0,0,-0.00039674062281847,-41.36000061035156,0.010132145136594772,-0.964384913444519,0.0,247274,247300,2562659,247282,0,247300,STANDBY
-0.05000000074505806,-0.18000000715255737,9.819999694824219,0.0,0.0,0.0,1019.70654296875,19.329999923706055,0.604977548122406,-0.09100822359323502,0,0,0.0,0.0,0.0,0,0,-0.0003662221133708954,-41.36000061035156,0.010101626627147198,-0.964171290397644,0.0,247374,247400,2562774,247397,0,247400,STANDBY
-0.05000000074505806,-0.17000000178813934,9.829999923706055,0.0,0.0,0.0,1019.708251953125,19.329999923706055,0.5919951796531677,-0.0997888445854187,0,0,0.0,0.0,0.0,0,0,-0.0003662221133708954,-41.36000061035156,0.010040589608252048,-0.964476466178894,0.0,247474,247500,2562870,247492,0,247500,STANDBY
-0.03999999910593033,-0.18000000715255737,9.819999694824219,0.0,0.0,0.0,1019.708251953125,19.329999923706055,0.5919951796531677,-0.06386486440896988,0,0,0.0,0.0,0.0,0,0,-0.0003662221133708954,-41.36000061035156,0.0099795525893569,-0.9634693264961243,0.0,247574,247600,2562965,247587,0,247600,STANDBY
-0.05000000074505806,-0.18000000715255737,9.8100004196167,0.0,0.0,0.0,1019.70654296875,19.329999923706055,0.604977548122406,0.0006700665107928216,0,0,0.0,0.0,0.0,0,0,-0.00030518509447574615,-41.36000061035156,0.010071108117699623,-0.9632557034492493,0.0,247674,247700,2563060,247699,0,247700,STANDBY
-0.03999999910593033,-0.1899999976158142,9.819999694824219,0.0,0.0,0.0,1019.7098388671875,19.329999923706055,0.5790128111839294,-0.0930442065000534,0,0,0.0,0.0,0.0,0,0,-0.00027466658502817154,-41.36000061035156,0.01025421917438507,-0.964110255241394,0.0,247774,247800,2563175,247797,0,247800,STANDBY
-0.03999999910593033,-0.1899999976158142,9.819999694824219,0.0,0.0,0.0,1019.7098388671875,19.329999923706055,0.5790128111839294,-0.05954829603433609,0,0,0.0,0.0,0.0,0,0,-0.00039674062281847,-41.36000061035156,0.010162663646042347,-0.9636524319648743,0.0,247874,247900,2563270,247892,0,247900,STANDBY
-0.05000000074505806,-0.1899999976158142,9.8100004196167,0.0,0.0,0.0,1019.7114868164062,19.329999923706055,0.5660305023193359,-0.09004014730453491,0,0,0.0,0.0,0.0,0,0,-0.0004272591322660446,-41.36000061035156,0.010193182155489922,-0.9636829495429993,0.0,247974,248000,2563365,247988,0,248000,STANDBY
-0.05000000074505806,-0.18000000715255737,9.8100004196167,0.0,0.0,0.0,1019.7114868164062,19.329999923706055,0.5660305023193359,-0.05762569233775139,0,0,0.0,0.0,0.0,0,0,-0.0003662221133708954,-41.36000061035156,0.010284737683832645,-0.963957667350769,0.0,248074,248100,2563461,248083,0,248100,STANDBY
-0.05000000074505806,-0.17000000178813934,9.8100004196167,0.0,0.0,0.0,1019.7059326171875,19.329999923706055,0.6101704835891724,0.13967947661876678,0,0,0.0,0.0,0.0,0,0,-0.0002441480755805969,-41.36000061035156,0.010284737683832645,-0.964476466178894,0.0,248174,248200,2563575,248198,0,248200,STANDBY
-0.05000000074505806,-0.17000000178813934,9.819999694824219,0.0,0.0,0.0,1019.7098388671875,19.329999923706055,0.5790128111839294,-0.035235822200775146,0,0,0.0,0.0,0.0,0,0,-0.0002441480755805969,-41.36000061035156,0.010162663646042347,-0.964537501335144,0.0,248274,248300,2563671,248293,0,248300,STANDBY
-0.03999999910593033,-0.18000000715255737,9.819999694824219,0.0,0.0,0.0,1019.708251953125,19.329999923706055,0.5919951796531677,0.018992653116583824,0,0,0.0,0.0,0.0,0,0,-0.00027466658502817154,-41.36000061035156,0.010101626627147198,-0.964659571647644,0.0,248374,248400,2563766,248388,0,248400,STANDBY
-0.05000000074505806,-0.1899999976158142,9.8100004196167,0.0,0.0,0.0,1019.708251953125,19.329999923706055,0.5919951796531677,0.01215529814362526,0,0,0.0,0.0,0.0,0,0,-0.00033570360392332077,-41.36000061035156,0.010132145136594772,-0.964598536491394,0.0,248474,248500,2563861,248483,0,248500,STANDBY
-0.05000000074505806,-0.1899999976158142,9.819999694824219,0.0,0.0,0.0,1019.7098388671875,19.329999923706055,0.5790128111839294,-0.03376419097185135,0,0,0.0,0.0,0.0,0,0,-0.0003662221133708954,-41.36000061035156,0.010193182155489922,-0.964354395866394,0.0,248574,248600,2563976,248598,0,248600,STANDBY
-0.03999999910593033,-0.18000000715255737,9.819999694824219,0.0,0.0,0.0,1019.713134765625,19.329999923706055,0.5530481338500977,-0.10469605028629303,0,0,0.0,0.0,0.0,0,0,-0.00039674062281847,-41.36000061035156,0.010193182155489922,-0.964079737663269,0.0,248674,248700,2564071,248699,0,248700,STANDBY
-0.05000000074505806,-0.1899999976158142,9.819999694824219,0.0,0.0,0.0,1019.713134765625,19.329999923706055,0.5530481338500977,-0.06700547784566879,0,0,0.0,0.0,0.0,0,0,-0.0004272591322660446,-41.36000061035156,0.010132145136594772,-0.964506983757019,0.0,248774,248800,2564166,248788,0,248800,STANDBY
-0.03999999910593033,-0.1899999976158142,9.819999694824219,0.0,0.0,0.0,1019.70751953125,19.329999923706055,0.5971881151199341,0.13021445274353027,0,0,0.0,0.0,0.0,0,0,-0.0004882961511611938,-41.36000061035156,0.010162663646042347,-0.964720606803894,0.0,248875,248900,2564261,248884,0,248900,STANDBY
-0.05000000074505806,-0.1899999976158142,9.819999694824219,0.0,0.0,0.0,1019.7091674804688,19.329999923706055,0.5842057466506958,0.031407780945301056,0,0,0.0,0.0,0.0,0,0,-0.00039674062281847,-41.36000061035156,0.010223700664937496,-0.965147852897644,0.0,248975,249000,2564376,248998,0,249000,STANDBY
-0.03999999910593033,-0.18000000715255737,9.819999694824219,0.0,0.0,0.0,1019.7107543945312,19.329999923706055,0.5712234377861023,-0.03182825446128845,0,0,0.0,0.0,0.0,0,0,-0.0003662221133708954,-41.36000061035156,0.010101626627147198,-0.964445948600769,0.0,249075,249100,2564471,249095,0,249100,STANDBY
-0.03999999910593033,-0.18000000715255737,9.819999694824219,0.0,0.0,0.0,1019.71484375,19.329999923706055,0.5374693274497986,-0.1553865224123001,0,0,0.0,0.0,0.0,0,0,-0.00039674062281847,-41.36000061035156,0.010101626627147198,-0.964629054069519,0.0,249175,249200,2564568,249190,0,249200,STANDBY
-0.05000000074505806,-0.18000000715255737,9.8100004196167,0.0,0.0,0.0,1019.71484375,19.329999923706055,0.5374693274497986,-0.09944737702608109,0,0,0.0,0.0,0.0,0,0,-0.00039674062281847,-41.36000061035156,0.009949034079909325,-0.9636829495429993,0.0,249275,249300,2564663,249285,0,249300,STANDBY
-0.05000000074505806,-0.1899999976158142,9.800000190734863,0.0,0.0,0.0,1019.71484375,19.329999923706055,0.5374693274497986,-0.06364632397890091,0,0,0.0,0.0,0.0,0,0,-0.0003662221133708954,-41.36000061035156,0.010040589608252048,-0.9637745022773743,0.0,249375,249400,2564758,249379,0,249400,STANDBY
-0.05000000074505806,-0.18000000715255737,9.8100004196167,0.0,0.0,0.0,1019.713134765625,19.329999923706055,0.5530481338500977,0.009118533693253994,0,0,0.0,0.0,0.0,0,0,-0.00039674062281847,-41.36000061035156,0.010040589608252048,-0.9638050198554993,0.0,249475,249500,2564873,249495,0,249500,STANDBY
-0.03999999910593033,-0.17000000178813934,9.819999694824219,0.0,0.0,0.0,1019.7114868164062,19.329999923706055,0.5660305023193359,0.04737944155931473,0,0,0.0,0.0,0.0,0,0,-0.00033570360392332077,-41.36000061035156,0.009949034079909325,-0.9636524319648743,0.0,249575,249600,2564968,249590,0,249600,STANDBY
-0.03999999910593033,-0.1899999976158142,9.819999694824219,0.0,0.0,0.0,1019.7114868164062,19.329999923706055,0.5660305023193359,0.03032284416258335,0,0,0.0,0.0,0.0,0,0,-0.0004272591322660446,-41.36000061035156,0.010010071098804474,-0.963988184928894,0.0,249675,249703,2565063,249703,0,249703,STANDBY
-0.03999999910593033,-0.17000000178813934,9.819999694824219,0.0,0.0,0.0,1019.7114868164062,19.329999923706055,0.5660305023193359,0.019406622275710106,0,0,0.0,0.0,0.0,0,0,-0.00045777764171361923,-41.36000061035156,0.010040589608252048,-0.964171290397644,0.0,249775,249803,2565178,249800,0,249803,STANDBY
-0.03999999910593033,-0.17000000178813934,9.819999694824219,0.0,0.0,0.0,1019.7098388671875,19.329999923706055,0.5790128111839294,0.0747353658080101,0,0,0.0,0.0,0.0,0,0,-0.00045777764171361923,-41.36000061035156,0.009949034079909325,-0.9638050198554993,0.0,249875,249903,2565273,249896,0,249903,STANDBY
-0.03999999910593033,-0.1899999976158142,9.8100004196167,0.0,0.0,0.0,1019.713623046875,19.329999923706055,0.5478551983833313,-0.07679980993270874,0,0,0.0,0.0,0.0,0,0,-0.0004882961511611938,-41.36000061035156,0.010071108117699623,-0.964568018913269,0.0,249975,250003,2565368,249992,0,250003,STANDBY
-0.05000000074505806,-0.18000000715255737,9.819999694824219,0.0,0.0,0.0,1019.713623046875,19.329999923706055,0.5478551983833313,-0.04915187880396843,0,0,0.0,0.0,0.0,0,0,-0.0005188146606087685,-41.36000061035156,0.010071108117699623,-0.964537501335144,0.0,250075,250103,2565465,250087,0,250103,STANDBY
-0.05000000074505806,-0.18000000715255737,9.819999694824219,0.0,0.0,0.0,1019.708251953125,19.329999923706055,0.5919951796531677,0.14510272443294525,0,0,0.0,0.0,0.0,0,0,-0.0004882961511611938,-41.36000061035156,0.010010071098804474,-0.964476466178894,0.0,250175,250203,2565578,250202,0,250203,STANDBY
-0.03999999910593033,-0.18000000715255737,9.8100004196167,0.0,0.0,0.0,1019.708251953125,19.329999923706055,0.5919951796531677,0.09286575019359589,0,0,0.0,0.0,0.0,0,0,-0.00045777764171361923,-41.36000061035156,0.010132145136594772,-0.965086817741394,0.0,250275,250303,2565673,250297,0,250303,STANDBY
-0.05000000074505806,-0.1899999976158142,9.8100004196167,0.0,0.0,0.0,1019.710205078125,19.329999923706055,0.5764163732528687,-0.014081619679927826,0,0,0.0,0.0,0.0,0,0,-0.00039674062281847,-41.36000061035156,0.010162663646042347,-0.964445948600769,0.0,250376,250403,2565769,250392,0,250403,STANDBY
-0.05000000074505806,-0.18000000715255737,9.819999694824219,0.0,0.0,0.0,1019.70654296875,19.329999923706055,0.604977548122406,0.08238352835178375,0,0,0.0,0.0,0.0,0,0,-0.0004272591322660446,-41.36000061035156,0.010101626627147198,-0.964018702507019,0.0,250476,250503,2565864,250487,0,250503,STANDBY
-0.03999999910593033,-0.18000000715255737,9.829999923706055,0.0,0.0,0.0,1019.70654296875,19.329999923706055,0.604977548122406,0.05272546038031578,0,0,0.0,0.0,0.0,0,0,-0.0005188146606087685,-41.36000061035156,0.010101626627147198,-0.964262843132019,0.0,250576,250603,2565979,250601,0,250603,STANDBY
-0.05000000074505806,-0.18000000715255737,9.819999694824219,0.0,0.0,0.0,1019.7048950195312,19.329999923706055,0.6179598569869995,0.07528769224882126,0,0,0.0,0.0,0.0,0,0,-0.0005188146606087685,-41.36000061035156,0.010071108117699623,-0.964201807975769,0.0,250676,250703,2566074,250701,0,250703,STANDBY
-0.05000000074505806,-0.18000000715255737,9.819999694824219,0.0,0.0,0.0,1019.7048950195312,19.329999923706055,0.6179598569869995,0.048184122890233994,0,0,0.0,0.0,0.0,0,0,-0.0006103701889514923,-41.36000061035156,0.010101626627147198,-0.964171290397644,0.0,250776,250803,2566169,250791,0,250803,STANDBY
-0.05000000074505806,-0.17000000178813934,9.819999694824219,0.0,0.0,0.0,1019.7048950195312,19.329999923706055,0.6179598569869995,0.020451948046684265,0,0,0.0,0.0,0.0,0,0,-0.0005493331700563431,-41.36000061035156,0.010071108117699623,-0.964506983757019,0.0,250876,250903,2566264,250888,0,250903,STANDBY
-0.03999999910593033,-0.18000000715255737,9.829999923706055,0.0,0.0,0.0,1019.7048950195312,19.329999923706055,0.6179598569869995,0.013089247047901154,0,0,0.0,0.0,0.0,0,0,-0.0005188146606087685,-41.36000061035156,0.01025421917438507,-0.965361475944519,0.0,250976,251003,2566379,251001,0,251003,STANDBY
-0.03999999910593033,-0.18000000715255737,9.819999694824219,0.0,0.0,0.0,1019.7048950195312,19.329999923706055,0.6179598569869995,0.008377118967473507,0,0,0.0,0.0,0.0,0,0,-0.0005493331700563431,-41.36000061035156,0.010193182155489922,-0.964812159538269,0.0,251076,251103,2566474,251097,0,251103,STANDBY
-0.03999999910593033,-0.1899999976158142,9.819999694824219,0.0,0.0,0.0,1019.7048950195312,19.329999923706055,0.6179598569869995,0.005361356306821108,0,0,0.0,0.0,0.0,0,0,-0.0005493331700563431,-41.36000061035156,0.010101626627147198,-0.964171290397644,0.0,251176,251203,2566569,251192,0,251203,STANDBY
-0.03999999910593033,-0.17000000178813934,9.819999694824219,0.0,0.0,0.0,1019.7033081054688,19.329999923706055,0.6309422254562378,0.055360741913318634,0,0,0.0,0.0,0.0,0,0,-0.0005493331700563431,-41.36000061035156,0.010010071098804474,-0.9637745022773743,0.0,251276,251303,2566665,251287,0,251303,STANDBY
-0.05000000074505806,-0.18000000715255737,9.8100004196167,0.0,0.0,0.0,1019.7048950195312,19.329999923706055,0.6179598569869995,-0.01649859920144081,0,0,0.0,0.0,0.0,0,0,-0.00045777764171361923,-41.36000061035156,0.0099795525893569,-0.9638355374336243,0.0,251376,251403,2566779,251402,0,251403,STANDBY
-0.03999999910593033,-0.18000000715255737,9.819999694824219,0.0,0.0,0.0,1019.70654296875,19.329999923706055,0.604977548122406,-0.05210249498486519,0,0,0.0,0.0,0.0,0,0,-0.0004882961511611938,-41.36000061035156,0.009949034079909325,-0.963896632194519,0.0,251476,251503,2566875,251497,0,251503,STANDBY
-0.05000000074505806,-0.1899999976158142,9.819999694824219,0.0,0.0,0.0,1019.70654296875,19.329999923706055,0.604977548122406,-0.033345598727464676,0,0,0.0,0.0,0.0,0,0,-0.00039674062281847,-41.36000061035156,0.00991851557046175,-0.9636524319648743,0.0,251576,251603,2566970,251592,0,251603,STANDBY
-0.05000000074505806,-0.18000000715255737,9.8100004196167,0.0,0.0,0.0,1019.708251953125,19.329999923706055,0.5919951796531677,-0.06288476288318634,0,0,0.0,0.0,0.0,0,0,-0.00045777764171361923,-41.36000061035156,0.010040589608252048,-0.9636829495429993,0.0,251676,251703,2567065,251702,0,251703,STANDBY
-0.05000000074505806,-0.18000000715255737,9.829999923706055,0.0,0.0,0.0,1019.708251953125,19.329999923706055,0.5919951796531677,-0.04024624824523926,0,0,0.0,0.0,0.0,0,0,-0.00033570360392332077,-41.36000061035156,0.010010071098804474,-0.9637134671211243,0.0,251776,251803,2567180,251802,0,251803,STANDBY
-0.05000000074505806,-0.18000000715255737,9.819999694824219,0.0,0.0,0.0,1019.7098388671875,19.329999923706055,0.5790128111839294,-0.0673011764883995,0,0,0.0,0.0,0.0,0,0,-0.00033570360392332077,-41.36000061035156,0.010040589608252048,-0.964201807975769,0.0,251876,251904,2567275,251897,0,251904,STANDBY
-0.03999999910593033,-0.17000000178813934,9.829999923706055,0.0,0.0,0.0,1019.7098388671875,19.329999923706055,0.5790128111839294,-0.04307275637984276,0,0,0.0,0.0,0.0,0,0,-0.0003662221133708954,-41.36000061035156,0.009949034079909325,-0.964415431022644,0.0,251976,252004,2567370,251993,0,252004,STANDBY
-0.05000000074505806,-0.18000000715255737,9.819999694824219,0.0,0.0,0.0,1019.7098388671875,19.329999923706055,0.5790128111839294,-0.027566565200686455,0,0,0.0,0.0,0.0,0,0,-0.0003662221133708954,-41.36000061035156,0.009949034079909325,-0.964354395866394,0.0,252076,252104,2567465,252088,0,252104,STANDBY
-0.03999999910593033,-0.1899999976158142,9.829999923706055,0.0,0.0,0.0,1019.7114868164062,19.329999923706055,0.5660305023193359,-0.0695718377828598,0,0,0.0,0.0,0.0,0,0,-0.0004272591322660446,-41.36000061035156,0.010040589608252048,-0.964415431022644,0.0,252176,252204,2567580,252203,0,252204,STANDBY
-0.05000000074505806,-0.18000000715255737,9.819999694824219,0.0,0.0,0.0,1019.7114868164062,19.329999923706055,0.5660305023193359,-0.04452597722411156,0,0,0.0,0.0,0.0,0,0,-0.00039674062281847,-41.36000061035156,0.010010071098804474,-0.964171290397644,0.0,252276,252304,2567675,252298,0,252304,STANDBY
-0.03999999910593033,-0.18000000715255737,9.819999694824219,0.0,0.0,0.0,1019.713134765625,19.329999923706055,0.5530481338500977,-0.08042609691619873,0,0,0.0,0.0,0.0,0,0,-0.0004272591322660446,-41.36000061035156,0.010040589608252048,-0.963927149772644,0.0,252376,252404,2567771,252394,0,252404,STANDBY
-0.03999999910593033,-0.18000000715255737,9.819999694824219,0.0,0.0,0.0,1019.7098388671875,19.329999923706055,0.5790128111839294,0.031614262610673904,0,0,0.0,0.0,0.0,0,0,-0.00045777764171361923,-41.36000061035156,0.010040589608252048,-0.9638050198554993,0.0,252476,252504,2567866,252489,0,252504,STANDBY
-0.05000000074505806,-0.1899999976158142,9.819999694824219,0.0,0.0,0.0,1019.70751953125,19.329999923706055,0.5971881151199341,0.07839410752058029,0,0,0.0,0.0,0.0,0,0,-0.0004882961511611938,-41.36000061035156,0.010162663646042347,-0.964323878288269,0.0,252576,252604,2567981,252603,0,252604,STANDBY
-0.03999999910593033,-0.17000000178813934,9.819999694824219,0.0,0.0,0.0,1019.70751953125,19.329999923706055,0.5971881151199341,0.05017222836613655,0,0,0.0,0.0,0.0,0,0,-0.0005493331700563431,-41.36000061035156,0.010193182155489922,-0.964934229850769,0.0,252676,252704,2568076,252702,0,252704,STANDBY
-0.03999999910593033,-0.18000000715255737,9.8100004196167,0.0,0.0,0.0,1019.7098388671875,19.329999923706055,0.5790128111839294,-0.02605074644088745,0,0,0.0,0.0,0.0,0,0,-0.0005798516795039177,-41.36000061035156,0.010101626627147198,-0.964537501335144,0.0,252776,252804,2568171,252794,0,252804,STANDBY
-0.05000000074505806,-0.18000000715255737,9.819999694824219,0.0,0.0,0.0,1019.7098388671875,19.329999923706055,0.5790128111839294,-0.01667247898876667,0,0,0.0,0.0,0.0,0,0,-0.0004882961511611938,-41.36000061035156,0.010040589608252048,-0.964201807975769,0.0,252876,252904,2568266,252890,0,252904,STANDBY
-0.05000000074505806,-0.17000000178813934,9.819999694824219,0.0,0.0,0.0,1019.708251953125,19.329999923706055,0.5919951796531677,0.030873192474246025,0,0,0.0,0.0,0.0,0,0,-0.0003662221133708954,-41.36000061035156,0.009949034079909325,-0.964049220085144,0.0,252976,253004,2568381,253003,0,253004,STANDBY
-0.03999999910593033,-0.17000000178813934,9.829999923706055,0.0,0.0,0.0,1019.708251953125,19.329999923706055,0.5919951796531677,0.019758842885494232,0,0,0.0,0.0,0.0,0,0,-0.0004882961511611938,-41.36000061035156,0.0098574785515666,-0.964171290397644,0.0,253076,253104,2568476,253099,0,253104,STANDBY
-0.029999999329447746,-0.1899999976158142,9.829999923706055,0.0,0.0,0.0,1019.708251953125,19.329999923706055,0.5919951796531677,0.012645660899579525,0,0,0.0,0.0,0.0,0,0,-0.0005493331700563431,-41.36000061035156,0.009887997061014175,-0.964232325553894,0.0,253176,253204,2568571,253195,0,253204,STANDBY
-0.03999999910593033,-0.18000000715255737,9.8100004196167,0.0,0.0,0.0,1019.708251953125,19.329999923706055,0.5919951796531677,0.008093222975730896,0,0,0.0,0.0,0.0,0,0,-0.0005493331700563431,-41.36000061035156,0.00991851557046175,-0.9638660550117493,0.0,253277,253304,2568667,253290,0,253304,STANDBY
-0.05000000074505806,-0.18000000715255737,9.8100004196167,0.0,0.0,0.0,1019.7098388671875,19.329999923706055,0.5790128111839294,-0.04674981161952019,0,0,0.0,0.0,0.0,0,0,-0.0004882961511611938,-41.36000061035156,0.009887997061014175,-0.964232325553894,0.0,253377,253404,2568762,253385,0,253404,STANDBY
-0.05000000074505806,-0.17000000178813934,9.8100004196167,0.0,0.0,0.0,1019.708251953125,19.329999923706055,0.5919951796531677,0.01162369828671217,0,0,0.0,0.0,0.0,0,0,-0.0004882961511611938,-41.36000061035156,0.009887997061014175,-0.964110255241394,0.0,253477,253504,2568877,253499,0,253504,STANDBY
-0.03999999910593033,-0.17000000178813934,9.819999694824219,0.0,0.0,0.0,1019.708251953125,19.329999923706055,0.5919951796531677,0.0074391672387719154,0,0,0.0,0.0,0.0,0,0,-0.0005188146606087685,-41.36000061035156,0.0098574785515666,-0.964201807975769,0.0,253577,253604,2568972,253594,0,253604,STANDBY
-0.03999999910593033,-0.17000000178813934,9.819999694824219,0.0,0.0,0.0,1019.708251953125,19.329999923706055,0.5919951796531677,0.004761067219078541,0,0,0.0,0.0,0.0,0,0,-0.0005493331700563431,-41.36000061035156,0.009826960042119026,-0.963896632194519,0.0,253677,253704,2569067,253702,0,253704,STANDBY
-0.03999999910593033,-0.1899999976158142,9.829999923706055,0.0,0.0,0.0,1019.708251953125,19.329999923706055,0.5919951796531677,0.0030470832716673613,0,0,0.0,0.0,0.0,0,0,-0.0005798516795039177,-41.36000061035156,0.00991851557046175,-0.964079737663269,0.0,253777,253804,2569162,253786,0,253804,STANDBY
-0.03999999910593033,-0.17000000178813934,9.819999694824219,0.0,0.0,0.0,1019.708251953125,19.329999923706055,0.5919951796531677,0.0019501334754750133,0,0,0.0,0.0,0.0,0,0,-0.0006408886983990669,-41.36000061035156,0.00991851557046175,-0.964323878288269,0.0,253877,253904,2569277,253900,0,253904,STANDBY
-0.03999999910593033,-0.18000000715255737,9.819999694824219,0.0,0.0,0.0,1019.708251953125,19.329999923706055,0.5919951796531677,0.001248085405677557,0,0,0.0,0.0,0.0,0,0,-0.0006103701889514923,-41.36000061035156,0.00991851557046175,-0.964232325553894,0.0,253977,254004,2569372,253996,0,254004,STANDBY
-0.03999999910593033,-0.18000000715255737,9.8100004196167,0.0,0.0,0.0,1019.7098388671875,19.329999923706055,0.5790128111839294,-0.05113070085644722,0,0,0.0,0.0,0.0,0,0,-0.0006408886983990669,-41.36000061035156,0.0099795525893569,-0.964232325553894,0.0,254077,254104,2569468,254091,0,254104,STANDBY
-0.03999999910593033,-0.17000000178813934,9.819999694824219,0.0,0.0,0.0,1019.708251953125,19.329999923706055,0.5919951796531677,0.01920582354068756,0,0,0.0,0.0,0.0,0,0,-0.0005798516795039177,-41.36000061035156,0.009949034079909325,-0.964140772819519,0.0,254177,254204,2569564,254186,0,254204,STANDBY
-0.05000000074505806,-0.17000000178813934,9.819999694824219,0.0,0.0,0.0,1019.708251953125,19.329999923706055,0.5919951796531677,0.01229172758758068,0,0,0.0,0.0,0.0,0,0,-0.0004882961511611938,-41.36000061035156,0.009949034079909325,-0.964140772819519,0.0,254277,254304,2569678,254301,0,254304,STANDBY
-0.03999999910593033,-0.1899999976158142,9.8100004196167,0.0,0.0,0.0,1019.708251953125,19.329999923706055,0.5919951796531677,0.007866705767810345,0,0,0.0,0.0,0.0,0,0,-0.0004882961511611938,-41.36000061035156,0.009887997061014175,-0.9637134671211243,0.0,254377,254404,2569774,254396,0,254404,STANDBY
-0.05000000074505806,-0.1899999976158142,9.8100004196167,0.0,0.0,0.0,1019.7098388671875,19.329999923706055,0.5790128111839294,-0.03650888800621033,0,0,0.0,0.0,0.0,0,0,-0.0004882961511611938,-41.36000061035156,0.0099795525893569,-0.964201807975769,0.0,254477,254504,2569869,254491,0,254504,STANDBY
-0.05000000074505806,-0.1899999976158142,9.819999694824219,0.0,0.0,0.0,1019.70751953125,19.329999923706055,0.5971881151199341,0.034795284271240234,0,0,0.0,0.0,0.0,0,0,-0.00045777764171361923,-41.36000061035156,0.010071108117699623,-0.964171290397644,0.0,254577,254604,2569964,254586,0,254604,STANDBY
-0.03999999910593033,-0.18000000715255737,9.819999694824219,0.0,0.0,0.0,1019.7091674804688,19.329999923706055,0.5842057466506958,-0.019274597987532616,0,0,0.0,0.0,0.0,0,0,-0.0005188146606087685,-41.36000061035156,0.010071108117699623,-0.964445948600769,0.0,254678,254704,2570079,254702,0,254704,STANDBY
-0.03999999910593033,-0.17000000178813934,9.819999694824219,0.0,0.0,0.0,1019.7107543945312,19.329999923706055,0.5712234377861023,-0.05387913063168526,0,0,0.0,0.0,0.0,0,0,-0.0005188146606087685,-41.36000061035156,0.0099795525893569,-0.964445948600769,0.0,254778,254804,2570174,254796,0,254804,STANDBY
-0.05000000074505806,-0.18000000715255737,9.819999694824219,0.0,0.0,0.0,1019.7107543945312,19.329999923706055,0.5712234377861023,-0.03448264300823212,0,0,0.0,0.0,0.0,0,0,-0.0004882961511611938,-41.36000061035156,0.009949034079909325,-0.964506983757019,0.0,254878,254904,2570269,254892,0,254904,STANDBY
-0.03999999910593033,-0.18000000715255737,9.8100004196167,0.0,0.0,0.0,1019.7107543945312,19.329999923706055,0.5712234377861023,-0.022068893536925316,0,0,0.0,0.0,0.0,0,0,-0.00045777764171361923,-41.36000061035156,0.00991851557046175,-0.964049220085144,0.0,254978,255004,2570364,254987,0,255004,STANDBY
-0.05000000074505806,-0.18000000715255737,9.8100004196167,0.0,0.0,0.0,1019.7125244140625,19.329999923706055,0.558241069316864,-0.06605356931686401,0,0,0.0,0.0,0.0,0,0,-0.00039674062281847,-41.36000061035156,0.009887997061014175,-0.964140772819519,0.0,255078,255104,2570478,255101,0,255104,STANDBY
-0.05000000074505806,-0.18000000715255737,9.819999694824219,0.0,0.0,0.0,1019.7107543945312,19.329999923706055,0.5712234377861023,0.009655188769102097,0,0,0.0,0.0,0.0,0,0,-0.00033570360392332077,-41.36000061035156,0.00991851557046175,-0.964293360710144,0.0,255178,255204,2570574,255197,0,255204,STANDBY
-0.03999999910593033,-0.18000000715255737,9.819999694824219,0.0,0.0,0.0,1019.7107543945312,19.329999923706055,0.5712234377861023,0.006179321091622114,0,0,0.0,0.0,0.0,0,0,-0.00033570360392332077,-41.36000061035156,0.00991851557046175,-0.964232325553894,0.0,255278,255304,2570670,255292,0,255304,STANDBY
-0.03999999910593033,-0.1899999976158142,9.8100004196167,0.0,0.0,0.0,1019.7107543945312,19.329999923706055,0.5712234377861023,0.003954765852540731,0,0,0.0,0.0,0.0,0,0,-0.00039674062281847,-41.36000061035156,0.0099795525893569,-0.964842677116394,0.0,255378,255404,2570765,255387,0,255404,STANDBY
-0.05000000074505806,-0.18000000715255737,9.819999694824219,0.0,0.0,0.0,1019.7091674804688,19.329999923706055,0.5842057466506958,0.05446028709411621,0,0,0.0,0.0,0.0,0,0,-0.00030518509447574615,-41.36000061035156,0.010071108117699623,-0.964537501335144,0.0,255478,255504,2570880,255502,0,255504,STANDBY
-0.03999999910593033,-0.17000000178813934,9.819999694824219,0.0,0.0,0.0,1019.7091674804688,19.329999923706055,0.5842057466506958,0.03485458716750145,0,0,0.0,0.0,0.0,0,0,-0.0003662221133708954,-41.36000061035156,0.010040589608252048,-0.964903712272644,0.0,255578,255604,2570975,255597,0,255604,STANDBY
-0.03999999910593033,-0.17000000178813934,9.819999694824219,0.0,0.0,0.0,1019.7091674804688,19.329999923706055,0.5842057466506958,0.022306935861706734,0,0,0.0,0.0,0.0,0,0,-0.00045777764171361923,-41.36000061035156,0.009949034079909325,-0.964842677116394,0.0,255678,255704,2571070,255703,0,255704,STANDBY
-0.05000000074505806,-0.18000000715255737,9.819999694824219,0.0,0.0,0.0,1019.7091674804688,19.329999923706055,0.5842057466506958,0.01427643932402134,0,0,0.0,0.0,0.0,0,0,-0.00039674062281847,-41.36000061035156,0.0099795525893569,-0.964964747428894,0.0,255778,255804,2571165,255788,0,255804,STANDBY
-0.03999999910593033,-0.17000000178813934,9.819999694824219,0.0,0.0,0.0,1019.7091674804688,19.329999923706055,0.5842057466506958,0.009136921726167202,0,0,0.0,0.0,0.0,0,0,-0.00039674062281847,-41.36000061035156,0.009887997061014175,-0.964781641960144,0.0,255878,255904,2571280,255902,0,255904,STANDBY
-0.029999999329447746,-0.18000000715255737,9.819999694824219,0.0,0.0,0.0,1019.7107543945312,19.329999923706055,0.5712234377861023,-0.03569575771689415,0,0,0.0,0.0,0.0,0,0,-0.0005188146606087685,-41.36000061035156,0.00991851557046175,-0.964842677116394,0.0,255978,256004,2571374,255997,0,256004,STANDBY
-0.029999999329447746,-0.18000000715255737,9.819999694824219,0.0,0.0,0.0,1019.7107543945312,19.329999923706055,0.5712234377861023,-0.022845285013318062,0,0,0.0,0.0,0.0,0,0,-0.0005798516795039177,-41.36000061035156,0.010010071098804474,-0.965025782585144,0.0,256078,256104,2571470,256093,0,256104,STANDBY
-0.05000000074505806,-0.17000000178813934,9.819999694824219,0.0,0.0,0.0,1019.7091674804688,19.329999923706055,0.5842057466506958,0.03730825334787369,0,0,0.0,0.0,0.0,0,0,-0.0006103701889514923,-41.36000061035156,0.009949034079909325,-0.964781641960144,0.0,256178,256204,2571566,256188,0,256204,STANDBY
-0.05000000074505806,-0.18000000715255737,9.8100004196167,0.0,0.0,0.0,1019.7051391601562,19.329999923706055,0.6179598569869995,0.15889371931552887,0,0,0.0,0.0,0.0,0,0,-0.00045777764171361923,-41.36000061035156,0.0099795525893569,-0.964781641960144,0.0,256278,256304,2571679,256303,0,256304,STANDBY
-0.03999999910593033,-0.18000000715255737,9.8100004196167,0.0,0.0,0.0,1019.7091674804688,19.329999923706055,0.5842057466506958,-0.033324457705020905,0,0,0.0,0.0,0.0,0,0,-0.00045777764171361923,-41.36000061035156,0.010040589608252048,-0.964568018913269,0.0,256378,256404,2571774,256398,0,256404,STANDBY
-0.05000000074505806,-0.1899999976158142,9.8100004196167,0.0,0.0,0.0,1019.7051391601562,19.329999923706055,0.6179598569869995,0.11368878930807114,0,0,0.0,0.0,0.0,0,0,-0.00039674062281847,-41.36000061035156,0.010071108117699623,-0.964110255241394,0.0,256478,256504,2571871,256493,0,256504,STANDBY
-0.03999999910593033,-0.18000000715255737,9.819999694824219,0.0,0.0,0.0,1019.7068481445312,19.329999923706055,0.6023810505867004,0.02290864661335945,0,0,0.0,0.0,0.0,0,0,-0.0004272591322660446,-41.36000061035156,0.010223700664937496,-0.9635913968086243,0.0,256578,256604,2571966,256588,0,256604,STANDBY
-0.05000000074505806,-0.18000000715255737,9.819999694824219,0.0,0.0,0.0,1019.70849609375,19.329999923706055,0.5893986821174622,-0.026882046833634377,0,0,0.0,0.0,0.0,0,0,-0.00039674062281847,-41.36000061035156,0.010193182155489922,-0.964018702507019,0.0,256678,256705,2572080,256703,0,256705,STANDBY
-0.03999999910593033,-0.17000000178813934,9.819999694824219,0.0,0.0,0.0,1019.70849609375,19.329999923706055,0.5893986821174622,-0.017204510048031807,0,0,0.0,0.0,0.0,0,0,-0.00039674062281847,-41.36000061035156,0.010010071098804474,-0.9638355374336243,0.0,256778,256805,2572175,256798,0,256805,STANDBY
-0.05000000074505806,-0.1899999976158142,9.8100004196167,0.0,0.0,0.0,1019.70849609375,19.329999923706055,0.5893986821174622,-0.01101088710129261,0,0,0.0,0.0,0.0,0,0,-0.00039674062281847,-41.36000061035156,0.010132145136594772,-0.964354395866394,0.0,256878,256905,2572270,256893,0,256905,STANDBY
-0.03999999910593033,-0.1899999976158142,9.8100004196167,0.0,0.0,0.0,1019.70849609375,19.329999923706055,0.5893986821174622,-0.0070469677448272705,0,0,0.0,0.0,0.0,0,0,-0.0005188146606087685,-41.36000061035156,0.010162663646042347,-0.964293360710144,0.0,256978,257005,2572366,256989,0,257005,STANDBY
-0.05000000074505806,-0.18000000715255737,9.8100004196167,0.0,0.0,0.0,1019.7125244140625,19.329999923706055,0.558241069316864,-0.12914051115512848,0,0,0.0,0.0,0.0,0,0,-0.00045777764171361923,-41.36000061035156,0.010193182155489922,-0.964079737663269,0.0,257078,257105,2572480,257103,0,257105,STANDBY
-0.05000000074505806,-0.1899999976158142,9.819999694824219,0.0,0.0,0.0,1019.7107543945312,19.329999923706055,0.5712234377861023,-0.030720457434654236,0,0,0.0,0.0,0.0,0,0,-0.00045777764171361923,-41.36000061035156,0.010223700664937496,-0.964018702507019,0.0,257178,257205,2572575,257199,0,257205,STANDBY
-0.05000000074505806,-0.1899999976158142,9.819999694824219,0.0,0.0,0.0,1019.7107543945312,19.329999923706055,0.5712234377861023,-0.01966109313070774,0,0,0.0,0.0,0.0,0,0,-0.00045777764171361923,-41.36000061035156,0.01025421917438507,-0.963957667350769,0.0,257278,257305,2572670,257294,0,257305,STANDBY
-0.05000000074505806,-0.1899999976158142,9.819999694824219,0.0,0.0,0.0,1019.7125244140625,19.329999923706055,0.558241069316864,-0.06451257318258286,0,0,0.0,0.0,0.0,0,0,-0.0004882961511611938,-41.36000061035156,0.01031525619328022,-0.964018702507019,0.0,257378,257405,2572767,257389,0,257405,STANDBY
-0.03999999910593033,-0.1899999976158142,9.819999694824219,0.0,0.0,0.0,1019.7125244140625,19.329999923706055,0.558241069316864,-0.04128804802894592,0,0,0.0,0.0,0.0,0,0,-0.0006103701889514923,-41.36000061035156,0.010345774702727795,-0.964323878288269,0.0,257478,257505,2572880,257504,0,257505,STANDBY
-0.03999999910593033,-0.18000000715255737,9.819999694824219,0.0,0.0,0.0,1019.7125244140625,19.329999923706055,0.558241069316864,-0.026424352079629898,0,0,0.0,0.0,0.0,0,0,-0.0005493331700563431,-41.36000061035156,0.01031525619328022,-0.964384913444519,0.0,257579,257605,2572976,257599,0,257605,STANDBY
-0.05000000074505806,-0.18000000715255737,9.819999694824219,0.0,0.0,0.0,1019.7125244140625,19.329999923706055,0.558241069316864,-0.016911586746573448,0,0,0.0,0.0,0.0,0,0,-0.0004882961511611938,-41.36000061035156,0.010162663646042347,-0.963927149772644,0.0,257679,257705,2573071,257703,0,257705,STANDBY
-0.03999999910593033,-0.18000000715255737,9.819999694824219,0.0,0.0,0.0,1019.7125244140625,19.329999923706055,0.558241069316864,-0.010823416523635387,0,0,0.0,0.0,0.0,0,0,-0.0004882961511611938,-41.36000061035156,0.010132145136594772,-0.964110255241394,0.0,257779,257805,2573166,257789,0,257805,STANDBY
-0.05000000074505806,-0.1899999976158142,9.819999694824219,0.0,0.0,0.0,1019.7140502929688,19.329999923706055,0.5452587008476257,-0.04847056791186333,0,0,0.0,0.0,0.0,0,0,-0.00039674062281847,-41.36000061035156,0.010223700664937496,-0.964781641960144,0.0,257879,257905,2573281,257903,0,257905,STANDBY
-0.03999999910593033,-0.18000000715255737,9.819999694824219,0.0,0.0,0.0,1019.7140502929688,19.329999923706055,0.5452587008476257,-0.03102116286754608,0,0,0.0,0.0,0.0,0,0,-0.0004272591322660446,-41.36000061035156,0.010132145136594772,-0.964415431022644,0.0,257979,258006,2573376,257998,0,258006,STANDBY
-0.05000000074505806,-0.18000000715255737,9.819999694824219,0.0,0.0,0.0,1019.7140502929688,19.329999923706055,0.5452587008476257,-0.01985354535281658,0,0,0.0,0.0,0.0,0,0,-0.00039674062281847,-41.36000061035156,0.010040589608252048,-0.963896632194519,0.0,258079,258106,2573471,258094,0,258106,STANDBY
-0.05000000074505806,-0.18000000715255737,9.819999694824219,0.0,0.0,0.0,1019.7125244140625,19.329999923706055,0.558241069316864,0.03922320529818535,0,0,0.0,0.0,0.0,0,0,-0.00030518509447574615,-41.36000061035156,0.010071108117699623,-0.9638355374336243,0.0,258179,258206,2573566,258190,0,258206,STANDBY
-0.03999999910593033,-0.17000000178813934,9.8100004196167,0.0,0.0,0.0,1019.7164306640625,19.329999923706055,0.5244869589805603,-0.10991358757019043,0,0,0.0,0.0,0.0,0,0,-0.00033570360392332077,-41.36000061035156,0.009949034079909325,-0.9633472561836243,0.0,258279,258306,2573681,258304,0,258306,STANDBY
-0.05000000074505806,-0.1899999976158142,9.819999694824219,0.0,0.0,0.0,1019.7181396484375,19.329999923706055,0.511504590511322,-0.12227417528629303,0,0,0.0,0.0,0.0,0,0,-0.0003662221133708954,-41.36000061035156,0.010101626627147198,-0.964537501335144,0.0,258379,258406,2573776,258399,0,258406,STANDBY
-0.05000000074505806,-0.18000000715255737,9.819999694824219,0.0,0.0,0.0,1019.7181396484375,19.329999923706055,0.511504590511322,-0.07825547456741333,0,0,0.0,0.0,0.0,0,0,-0.00039674062281847,-41.36000061035156,0.010101626627147198,-0.964476466178894,0.0,258479,258506,2573872,258494,0,258506,STANDBY
-0.03999999910593033,-0.18000000715255737,9.819999694824219,0.0,0.0,0.0,1019.7181396484375,19.329999923706055,0.511504590511322,-0.05008350685238838,0,0,0.0,0.0,0.0,0,0,-0.0005188146606087685,-41.36000061035156,0.010101626627147198,-0.964964747428894,0.0,258579,258606,2573967,258589,0,258606,STANDBY
-0.05000000074505806,-0.1899999976158142,9.819999694824219,0.0,0.0,0.0,1019.7181396484375,19.329999923706055,0.511504590511322,-0.032053444534540176,0,0,0.0,0.0,0.0,0,0,-0.0005188146606087685,-41.36000061035156,0.010162663646042347,-0.964964747428894,0.0,258679,258706,2574062,258704,0,258706,STANDBY
-0.05000000074505806,-0.18000000715255737,9.8100004196167,0.0,0.0,0.0,1019.7164306640625,19.329999923706055,0.5244869589805603,0.02102937363088131,0,0,0.0,0.0,0.0,0,0,-0.00045777764171361923,-41.36000061035156,0.010132145136594772,-0.964293360710144,0.0,258779,258806,2574177,258799,0,258806,STANDBY
-0.05000000074505806,-0.18000000715255737,9.819999694824219,0.0,0.0,0.0,1019.71484375,19.329999923706055,0.5374693274497986,0.05500238016247749,0,0,0.0,0.0,0.0,0,0,-0.00045777764171361923,-41.36000061035156,0.010193182155489922,-0.964506983757019,0.0,258879,258906,2574272,258894,0,258906,STANDBY
-0.03999999910593033,-0.18000000715255737,9.819999694824219,0.0,0.0,0.0,1019.71484375,19.329999923706055,0.5374693274497986,0.03520152345299721,0,0,0.0,0.0,0.0,0,0,-0.0005188146606087685,-41.36000061035156,0.010223700664937496,-0.964506983757019,0.0,258979,259006,2574367,258990,0,259006,STANDBY
-0.05000000074505806,-0.18000000715255737,9.8100004196167,0.0,0.0,0.0,1019.713134765625,19.329999923706055,0.5530481338500977,0.0848442018032074,0,0,0.0,0.0,0.0,0,0,-0.0003662221133708954,-41.36000061035156,0.010193182155489922,-0.964415431022644,0.0,259080,259106,2574481,259104,0,259106,STANDBY
-0.05000000074505806,-0.18000000715255737,9.8100004196167,0.0,0.0,0.0,1019.7151489257812,19.329999923706055,0.534872829914093,-0.018400926142930984,0,0,0.0,0.0,0.0,0,0,-0.0003662221133708954,-41.36000061035156,0.010193182155489922,-0.964110255241394,0.0,259180,259206,2574576,259200,0,259206,STANDBY
-0.029999999329447746,-0.18000000715255737,9.819999694824219,0.0,0.0,0.0,1019.7151489257812,19.329999923706055,0.534872829914093,-0.011776592582464218,0,0,0.0,0.0,0.0,0,0,-0.0004272591322660446,-41.36000061035156,0.010193182155489922,-0.9636524319648743,0.0,259280,259306,2574671,259295,0,259306,STANDBY
-0.029999999329447746,-0.1899999976158142,9.819999694824219,0.0,0.0,0.0,1019.713623046875,19.329999923706055,0.5478551983833313,0.044392455369234085,0,0,0.0,0.0,0.0,0,0,-0.0006103701889514923,-41.36000061035156,0.010132145136594772,-0.963957667350769,0.0,259380,259406,2574767,259390,0,259406,STANDBY
-0.03999999910593033,-0.18000000715255737,9.829999923706055,0.0,0.0,0.0,1019.7118530273438,19.329999923706055,0.5634340047836304,0.09072639793157578,0,0,0.0,0.0,0.0,0,0,-0.0006408886983990669,-41.36000061035156,0.009949034079909325,-0.9634693264961243,0.0,259480,259506,2574881,259505,0,259506,STANDBY
-0.03999999910593033,-0.17000000178813934,9.819999694824219,0.0,0.0,0.0,1019.7118530273438,19.329999923706055,0.5634340047836304,0.05806489661335945,0,0,0.0,0.0,0.0,0,0,-0.0006408886983990669,-41.36000061035156,0.009887997061014175,-0.9635303616523743,0.0,259580,259606,2574977,259600,0,259606,STANDBY
-0.029999999329447746,-0.18000000715255737,9.819999694824219,0.0,0.0,0.0,1019.7118530273438,19.329999923706055,0.5634340047836304,0.037161536514759064,0,0,0.0,0.0,0.0,0,0,-0.0007019257172942162,-41.36000061035156,0.00991851557046175,-0.9632862210273743,0.0,259680,259707,2575072,259707,0,259707,STANDBY
-0.05000000074505806,-0.18000000715255737,9.819999694824219,0.0,0.0,0.0,1019.710205078125,19.329999923706055,0.5764163732528687,0.06532696634531021,0,0,0.0,0.0,0.0,0,0,-0.0005798516795039177,-41.36000061035156,0.009949034079909325,-0.9633472561836243,0.0,259780,259807,2575167,259790,0,259807,STANDBY
-0.03999999910593033,-0.18000000715255737,9.819999694824219,0.0,0.0,0.0,1019.710205078125,19.329999923706055,0.5764163732528687,0.04180925711989403,0,0,0.0,0.0,0.0,0,0,-0.0005188146606087685,-41.36000061035156,0.0099795525893569,-0.964049220085144,0.0,259880,259907,2575282,259905,0,259907,STANDBY
-0.05000000074505806,-0.1899999976158142,9.819999694824219,0.0,0.0,0.0,1019.7086181640625,19.329999923706055,0.5893986821174622,0.06830131262540817,0,0,0.0,0.0,0.0,0,0,-0.00045777764171361923,-41.36000061035156,0.010071108117699623,-0.964354395866394,0.0,259980,260007,2575377,260000,0,260007,STANDBY
-0.05000000074505806,-0.18000000715255737,9.819999694824219,0.0,0.0,0.0,1019.7086181640625,19.329999923706055,0.5893986821174622,0.04371283948421478,0,0,0.0,0.0,0.0,0,0,-0.00045777764171361923,-41.36000061035156,0.010132145136594772,-0.964598536491394,0.0,260080,260107,2575472,260096,0,260107,STANDBY
-0.03999999910593033,-0.18000000715255737,9.8100004196167,0.0,0.0,0.0,1019.7086181640625,19.329999923706055,0.5893986821174622,0.02797621861100197,0,0,0.0,0.0,0.0,0,0,-0.0004882961511611938,-41.36000061035156,0.010162663646042347,-0.964690089225769,0.0,260180,260207,2575567,260191,0,260207,STANDBY
-0.05000000074505806,-0.1899999976158142,9.819999694824219,0.0,0.0,0.0,1019.7086181640625,19.329999923706055,0.5893986821174622,0.01790478080511093,0,0,0.0,0.0,0.0,0,0,-0.00033570360392332077,-41.36000061035156,0.010193182155489922,-0.964629054069519,0.0,260280,260307,2575682,260304,0,260307,STANDBY
-0.05000000074505806,-0.18000000715255737,9.8100004196167,0.0,0.0,0.0,1019.710205078125,19.329999923706055,0.5764163732528687,-0.0404701754450798,0,0,0.0,0.0,0.0,0,0,-0.00030518509447574615,-41.36000061035156,0.010101626627147198,-0.964293360710144,0.0,260380,260407,2575777,260400,0,260407,STANDBY
-0.03999999910593033,-0.18000000715255737,9.819999694824219,0.0,0.0,0.0,1019.713623046875,19.329999923706055,0.5478551983833313,-0.14014561474323273,0,0,0.0,0.0,0.0,0,0,-0.00039674062281847,-41.36000061035156,0.010040589608252048,-0.964232325553894,0.0,260480,260507,2575873,260495,0,260507,STANDBY
-0.05000000074505806,-0.17000000178813934,9.8100004196167,0.0,0.0,0.0,1019.7151489257812,19.329999923706055,0.534872829914093,-0.1416226625442505,0,0,0.0,0.0,0.0,0,0,-0.00030518509447574615,-41.36000061035156,0.010071108117699623,-0.9637134671211243,0.0,260580,260608,2575968,260590,0,260608,STANDBY
-0.05000000074505806,-0.1899999976158142,9.8100004196167,0.0,0.0,0.0,1019.7151489257812,19.329999923706055,0.534872829914093,-0.09063851088285446,0,0,0.0,0.0,0.0,0,0,-0.00027466658502817154,-41.36000061035156,0.010101626627147198,-0.9634998440742493,0.0,260680,260708,2576063,260708,0,260708,STANDBY
-0.03999999910593033,-0.17000000178813934,9.819999694824219,0.0,0.0,0.0,1019.7151489257812,19.329999923706055,0.534872829914093,-0.058008648455142975,0,0,0.0,0.0,0.0,0,0,-0.00033570360392332077,-41.36000061035156,0.010132145136594772,-0.9635303616523743,0.0,260780,260808,2576178,260800,0,260808,STANDBY
-0.03999999910593033,-0.17000000178813934,9.819999694824219,0.0,0.0,0.0,1019.7151489257812,19.329999923706055,0.534872829914093,-0.037125539034605026,0,0,0.0,0.0,0.0,0,0,-0.0003662221133708954,-41.36000061035156,0.0099795525893569,-0.9637439846992493,0.0,260880,260908,2576273,260895,0,260908,STANDBY
-0.05000000074505806,-0.18000000715255737,9.8100004196167,0.0,0.0,0.0,1019.7151489257812,19.329999923706055,0.534872829914093,-0.023760346695780754,0,0,0.0,0.0,0.0,0,0,-0.00039674062281847,-41.36000061035156,0.010010071098804474,-0.9636219143867493,0.0,260980,261008,2576368,260990,0,261008,STANDBY
-0.03999999910593033,-0.1899999976158142,9.819999694824219,0.0,0.0,0.0,1019.713623046875,19.329999923706055,0.5478551983833313,0.036722853779792786,0,0,0.0,0.0,0.0,0,0,-0.0004882961511611938,-41.36000061035156,0.010040589608252048,-0.9632557034492493,0.0,261080,261108,2576482,261105,0,261108,STANDBY
-0.05000000074505806,-0.1899999976158142,9.8100004196167,0.0,0.0,0.0,1019.713623046875,19.329999923706055,0.5478551983833313,0.02350262738764286,0,0,0.0,0.0,0.0,0,0,-0.0004882961511611938,-41.36000061035156,0.010071108117699623,-0.9634388089179993,0.0,261180,261208,2576578,261200,0,261208,STANDBY
-0.05000000074505806,-0.18000000715255737,9.819999694824219,0.0,0.0,0.0,1019.713623046875,19.329999923706055,0.5478551983833313,0.015041681937873363,0,0,0.0,0.0,0.0,0,0,-0.00033570360392332077,-41.36000061035156,0.010040589608252048,-0.9634082913398743,0.0,261280,261308,2576673,261296,0,261308,STANDBY
-0.05000000074505806,-0.18000000715255737,9.819999694824219,0.0,0.0,0.0,1019.713623046875,19.329999923706055,0.5478551983833313,0.009626677259802818,0,0,0.0,0.0,0.0,0,0,-0.00027466658502817154,-41.36000061035156,0.010101626627147198,-0.9634082913398743,0.0,261380,261408,2576769,261391,0,261408,STANDBY
-0.05000000074505806,-0.17000000178813934,9.819999694824219,0.0,0.0,0.0,1019.7151489257812,19.329999923706055,0.534872829914093,-0.04576839879155159,0,0,0.0,0.0,0.0,0,0,-0.00039674062281847,-41.36000061035156,0.010071108117699623,-0.9635913968086243,0.0,261480,261508,2576883,261506,0,261508,STANDBY
-0.03999999910593033,-0.18000000715255737,9.8100004196167,0.0,0.0,0.0,1019.7151489257812,19.329999923706055,0.534872829914093,-0.029291776940226555,0,0,0.0,0.0,0.0,0,0,-0.0004882961511611938,-41.36000061035156,0.010132145136594772,-0.964140772819519,0.0,261580,261608,2576978,261601,0,261608,STANDBY
-0.05000000074505806,-0.1899999976158142,9.8100004196167,0.0,0.0,0.0,1019.7168579101562,19.329999923706055,0.5218904614448547,-0.060290317982435226,0,0,0.0,0.0,0.0,0,0,-0.0004272591322660446,-41.36000061035156,0.010132145136594772,-0.964110255241394,0.0,261680,261708,2577074,261708,0,261708,STANDBY
-0.03999999910593033,-0.18000000715255737,9.819999694824219,0.0,0.0,0.0,1019.7168579101562,19.329999923706055,0.5218904614448547,-0.03858580440282822,0,0,0.0,0.0,0.0,0,0,-0.0005493331700563431,-41.36000061035156,0.010223700664937496,-0.964293360710144,0.0,261780,261808,2577169,261791,0,261808,STANDBY
-0.03999999910593033,-0.17000000178813934,9.8100004196167,0.0,0.0,0.0,1019.7168579101562,19.329999923706055,0.5218904614448547,-0.024694915860891342,0,0,0.0,0.0,0.0,0,0,-0.0005798516795039177,-41.36000061035156,0.010132145136594772,-0.964171290397644,0.0,261880,261908,2577283,261906,0,261908,STANDBY
-0.03999999910593033,-0.18000000715255737,9.829999923706055,0.0,0.0,0.0,1019.7184448242188,19.329999923706055,0.5089081525802612,-0.0565335638821125,0,0,0.0,0.0,0.0,0,0,-0.0006408886983990669,-41.36000061035156,0.010040589608252048,-0.964018702507019,0.0,261981,262008,2577379,262001,0,262008,STANDBY
-0.03999999910593033,-0.18000000715255737,9.829999923706055,0.0,0.0,0.0,1019.7201538085938,19.329999923706055,0.49592578411102295,-0.07772506773471832,0,0,0.0,0.0,0.0,0,0,-0.0005798516795039177,-41.36000061035156,0.009949034079909325,-0.964049220085144,0.0,262081,262108,2577474,262096,0,262108,STANDBY
-0.05000000074505806,-0.1899999976158142,9.819999694824219,0.0,0.0,0.0,1019.7201538085938,19.329999923706055,0.49592578411102295,-0.04974404349923134,0,0,0.0,0.0,0.0,0,0,-0.0005798516795039177,-41.36000061035156,0.0099795525893569,-0.9634388089179993,0.0,262181,262208,2577569,262192,0,262208,STANDBY
-0.05000000074505806,-0.18000000715255737,9.819999694824219,0.0,0.0,0.0,1019.7201538085938,19.329999923706055,0.49592578411102295,-0.031836189329624176,0,0,0.0,0.0,0.0,0,0,-0.0004882961511611938,-41.36000061035156,0.010010071098804474,-0.9635303616523743,0.0,262281,262308,2577683,262306,0,262308,STANDBY
-0.03999999910593033,-0.17000000178813934,9.819999694824219,0.0,0.0,0.0,1019.7201538085938,19.329999923706055,0.49592578411102295,-0.02037516050040722,0,0,0.0,0.0,0.0,0,0,-0.00045777764171361923,-41.36000061035156,0.0099795525893569,-0.9634998440742493,0.0,262381,262408,2577778,262402,0,262408,STANDBY
-0.03999999910593033,-0.18000000715255737,9.819999694824219,0.0,0.0,0.0,1019.7240600585938,19.34000015258789,0.46217167377471924,-0.1480565369129181,0,0,0.0,0.0,0.0,0,0,-0.0004882961511611938,-41.36000061035156,0.0099795525893569,-0.9636829495429993,0.0,262481,262508,2577873,262497,0,262508,STANDBY
-0.03999999910593033,-0.17000000178813934,9.829999923706055,0.0,0.0,0.0,1019.7184448242188,19.329999923706055,0.5089081525802612,0.0921897292137146,0,0,0.0,0.0,0.0,0,0,-0.0005493331700563431,-41.36000061035156,0.0099795525893569,-0.9637439846992493,0.0,262581,262608,2577970,262592,0,262608,STANDBY
-0.05000000074505806,-0.1899999976158142,9.800000190734863,0.0,0.0,0.0,1019.7201538085938,19.329999923706055,0.49592578411102295,0.01745784841477871,0,0,0.0,0.0,0.0,0,0,-0.0005493331700563431,-41.36000061035156,0.0099795525893569,-0.964110255241394,0.0,262681,262712,2578065,262712,0,262712,STANDBY
-0.05999999865889549,-0.1899999976158142,9.819999694824219,0.0,0.0,0.0,1019.7224731445312,19.34000015258789,0.47515401244163513,-0.0552966482937336,0,0,0.0,0.0,0.0,0,0,-0.00030518509447574615,-41.36000061035156,0.010040589608252048,-0.964262843132019,0.0,262781,262812,2578179,262801,0,262812,STANDBY
-0.05000000074505806,-0.1899999976158142,9.8100004196167,0.0,0.0,0.0,1019.7207641601562,19.34000015258789,0.4907328486442566,0.014462420716881752,0,0,0.0,0.0,0.0,0,0,-0.00027466658502817154,-41.36000061035156,0.010132145136594772,-0.964354395866394,0.0,262881,262912,2578274,262896,0,262912,STANDBY
-0.05000000074505806,-0.1899999976158142,9.819999694824219,0.0,0.0,0.0,1019.7168579101562,19.329999923706055,0.5218904614448547,0.10896030813455582,0,0,0.0,0.0,0.0,0,0,-0.00033570360392332077,-41.36000061035156,0.01025421917438507,-0.964751124382019,0.0,262981,263012,2578388,263011,0,263012,STANDBY
-0.05000000074505806,-0.1899999976158142,9.819999694824219,0.0,0.0,0.0,1019.7151489257812,19.329999923706055,0.534872829914093,0.11127817630767822,0,0,0.0,0.0,0.0,0,0,-0.00030518509447574615,-41.36000061035156,0.010284737683832645,-0.964995265007019,0.0,263081,263112,2578484,263106,0,263112,STANDBY
-0.05999999865889549,-0.1899999976158142,9.819999694824219,0.0,0.0,0.0,1019.713623046875,19.329999923706055,0.5478551983833313,0.12314750999212265,0,0,0.0,0.0,0.0,0,0,-0.0002136295661330223,-41.36000061035156,0.010284737683832645,-0.964354395866394,0.0,263181,263212,2578579,263201,0,263212,STANDBY
-0.05000000074505806,-0.18000000715255737,9.819999694824219,0.0,0.0,0.0,1019.7158813476562,19.34000015258789,0.5296798944473267,0.006113193929195404,0,0,0.0,0.0,0.0,0,0,-0.0002136295661330223,-41.36000061035156,0.01031525619328022,-0.964659571647644,0.0,263281,263312,2578674,263297,0,263312,STANDBY
-0.03999999910593033,-0.1899999976158142,9.8100004196167,0.0,0.0,0.0,1019.7142333984375,19.34000015258789,0.5426622629165649,0.05482369288802147,0,0,0.0,0.0,0.0,0,0,-0.0003662221133708954,-41.36000061035156,0.010132145136594772,-0.964262843132019,0.0,263382,263412,2578789,263411,0,263412,STANDBY
-0.05000000074505806,-0.1899999976158142,9.819999694824219,0.0,0.0,0.0,1019.7142333984375,19.34000015258789,0.5426622629165649,0.035087164491415024,0,0,0.0,0.0,0.0,0,0,-0.00039674062281847,-41.36000061035156,0.010132145136594772,-0.964049220085144,0.0,263482,263512,2578884,263506,0,263512,STANDBY
-0.03999999910593033,-0.18000000715255737,9.8100004196167,0.0,0.0,0.0,1019.7142333984375,19.34000015258789,0.5426622629165649,0.022455787286162376,0,0,0.0,0.0,0.0,0,0,-0.0004882961511611938,-41.36000061035156,0.010101626627147198,-0.9635913968086243,0.0,263582,263612,2578979,263602,0,263612,STANDBY
-0.05000000074505806,-0.18000000715255737,9.819999694824219,0.0,0.0,0.0,1019.7142333984375,19.34000015258789,0.5426622629165649,0.014371703378856182,0,0,0.0,0.0,0.0,0,0,-0.00039674062281847,-41.36000061035156,0.010132145136594772,-0.9637134671211243,0.0,263682,263712,2579075,263709,0,263712,STANDBY
-0.05000000074505806,-0.1899999976158142,9.819999694824219,0.0,0.0,0.0,1019.7142333984375,19.34000015258789,0.5426622629165649,0.00919788982719183,0,0,0.0,0.0,0.0,0,0,-0.0003662221133708954,-41.36000061035156,0.01025421917438507,-0.964293360710144,0.0,263782,263812,2579170,263792,0,263812,STANDBY
-0.05000000074505806,-0.1899999976158142,9.8100004196167,0.0,0.0,0.0,1019.7109375,19.34000015258789,0.5712234377861023,0.09728240966796875,0,0,0.0,0.0,0.0,0,0,-0.00033570360392332077,-41.36000061035156,0.010345774702727795,-0.964506983757019,0.0,263882,263912,2579283,263907,0,263912,STANDBY
-0.05000000074505806,-0.1899999976158142,9.8100004196167,0.0,0.0,0.0,1019.7092895507812,19.34000015258789,0.5842057466506958,0.10380413383245468,0,0,0.0,0.0,0.0,0,0,-0.00039674062281847,-41.36000061035156,0.01031525619328022,-0.964293360710144,0.0,263982,264012,2579379,264002,0,264012,STANDBY
-0.05000000074505806,-0.18000000715255737,9.819999694824219,0.0,0.0,0.0,1019.7149047851562,19.34000015258789,0.5374693274497986,-0.0831218957901001,0,0,0.0,0.0,0.0,0,0,-0.00030518509447574615,-41.36000061035156,0.01037629321217537,-0.964171290397644,0.0,264082,264112,2579474,264097,0,264112,STANDBY
-0.05999999865889549,-0.18000000715255737,9.8100004196167,0.0,0.0,0.0,1019.7132568359375,19.34000015258789,0.5504516363143921,-0.01165462750941515,0,0,0.0,0.0,0.0,0,0,-0.0002136295661330223,-41.36000061035156,0.010406811721622944,-0.964415431022644,0.0,264182,264212,2579589,264211,0,264212,STANDBY
-0.05000000074505806,-0.1899999976158142,9.819999694824219,0.0,0.0,0.0,1019.7149047851562,19.34000015258789,0.5374693274497986,-0.05938819795846939,0,0,0.0,0.0,0.0,0,0,-0.0002136295661330223,-41.36000061035156,0.010498367249965668,-0.964964747428894,0.0,264282,264312,2579684,264306,0,264312,STANDBY
-0.05000000074505806,-0.18000000715255737,9.819999694824219,0.0,0.0,0.0,1019.716552734375,19.34000015258789,0.5244869589805603,-0.08993792533874512,0,0,0.0,0.0,0.0,0,0,-0.00030518509447574615,-41.36000061035156,0.010437330231070518,-0.965269923210144,0.0,264382,264412,2579779,264401,0,264412,STANDBY
-0.05000000074505806,-0.1899999976158142,9.8100004196167,0.0,0.0,0.0,1019.716552734375,19.34000015258789,0.5244869589805603,-0.0575602725148201,0,0,0.0,0.0,0.0,0,0,-0.00033570360392332077,-41.36000061035156,0.010437330231070518,-0.965300440788269,0.0,264482,264512,2579874,264497,0,264512,STANDBY
-0.05000000074505806,-0.1899999976158142,9.819999694824219,0.0,0.0,0.0,1019.716552734375,19.34000015258789,0.5244869589805603,-0.03683857619762421,0,0,0.0,0.0,0.0,0,0,-0.00030518509447574615,-41.36000061035156,0.010406811721622944,-0.964812159538269,0.0,264582,264612,2579989,264611,0,264612,STANDBY
-0.03999999910593033,-0.18000000715255737,9.819999694824219,0.0,0.0,0.0,1019.716552734375,19.34000015258789,0.5244869589805603,-0.02357668988406658,0,0,0.0,0.0,0.0,0,0,-0.00030518509447574615,-41.36000061035156,0.010406811721622944,-0.964842677116394,0.0,264682,264712,2580065,264710,0,264712,STANDBY
-0.029999999329447746,-0.18000000715255737,9.819999694824219,0.0,0.0,0.0,1019.7149047851562,19.34000015258789,0.5374693274497986,0.026454497128725052,0,0,0.0,0.0,0.0,0,0,-0.0003662221133708954,-41.36000061035156,0.01031525619328022,-0.965025782585144,0.0,264782,264812,2580179,264802,0,264812,STANDBY
-0.05000000074505806,-0.1899999976158142,9.8100004196167,0.0,0.0,0.0,1019.7109375,19.34000015258789,0.5712234377861023,0.12494403123855591,0,0,0.0,0.0,0.0,0,0,-0.0004272591322660446,-41.36000061035156,0.01031525619328022,-0.965269923210144,0.0,264882,264912,2580275,264897,0,264912,STANDBY
-0.05000000074505806,-0.18000000715255737,9.819999694824219,0.0,0.0,0.0,1019.7125854492188,19.34000015258789,0.5556445717811584,0.030111808329820633,0,0,0.0,0.0,0.0,0,0,-0.0003662221133708954,-41.36000061035156,0.010193182155489922,-0.964781641960144,0.0,264982,265012,2580370,264992,0,265012,STANDBY
-0.03999999910593033,-0.18000000715255737,9.8100004196167,0.0,0.0,0.0,1019.7125854492188,19.34000015258789,0.5556445717811584,0.01927155815064907,0,0,0.0,0.0,0.0,0,0,-0.0004272591322660446,-41.36000061035156,0.010132145136594772,-0.965025782585144,0.0,265082,265112,2580484,265107,0,265112,STANDBY
-0.029999999329447746,-0.18000000715255737,9.819999694824219,0.0,0.0,0.0,1019.7142333984375,19.34000015258789,0.5426622629165649,-0.03959543630480766,0,0,0.0,0.0,0.0,0,0,-0.0004882961511611938,-41.36000061035156,0.010040589608252048,-0.964751124382019,0.0,265182,265212,2580579,265202,0,265212,STANDBY
-0.03999999910593033,-0.17000000178813934,9.8100004196167,0.0,0.0,0.0,1019.7118530273438,19.329999923706055,0.5634340047836304,0.05774588882923126,0,0,0.0,0.0,0.0,0,0,-0.0004882961511611938,-41.36000061035156,0.0099795525893569,-0.964476466178894,0.0,265282,265312,2580674,265297,0,265312,STANDBY
-0.05000000074505806,-0.18000000715255737,9.819999694824219,0.0,0.0,0.0,1019.7118530273438,19.329999923706055,0.5634340047836304,0.03695736825466156,0,0,0.0,0.0,0.0,0,0,-0.00039674062281847,-41.36000061035156,0.00991851557046175,-0.964079737663269,0.0,265382,265412,2580789,265412,0,265412,STANDBY
-0.05000000074505806,-0.18000000715255737,9.819999694824219,0.0,0.0,0.0,1019.7118530273438,19.329999923706055,0.5634340047836304,0.023652715608477592,0,0,0.0,0.0,0.0,0,0,-0.0003662221133708954,-41.36000061035156,0.009949034079909325,-0.9637439846992493,0.0,265482,265512,2580884,265507,0,265512,STANDBY
-0.03999999910593033,-0.18000000715255737,9.819999694824219,0.0,0.0,0.0,1019.713623046875,19.329999923706055,0.5478551983833313,-0.04717748612165451,0,0,0.0,0.0,0.0,0,0,-0.0003662221133708954,-41.36000061035156,0.009949034079909325,-0.9638355374336243,0.0,265582,265612,2580979,265603,0,265612,STANDBY
-0.03999999910593033,-0.18000000715255737,9.819999694824219,0.0,0.0,0.0,1019.708251953125,19.329999923706055,0.5919951796531677,0.14636632800102234,0,0,0.0,0.0,0.0,0,0,-0.0003662221133708954,-41.36000061035156,0.0099795525893569,-0.963927149772644,0.0,265682,265712,2581074,265711,0,265712,STANDBY
-0.05000000074505806,-0.18000000715255737,9.8100004196167,0.0,0.0,0.0,1019.7098388671875,19.329999923706055,0.5790128111839294,0.05213087424635887,0,0,0.0,0.0,0.0,0,0,-0.0004272591322660446,-41.36000061035156,0.0099795525893569,-0.964293360710144,0.0,265782,265812,2581189,265811,0,265812,STANDBY
-0.03999999910593033,-0.18000000715255737,9.819999694824219,0.0,0.0,0.0,1019.7114868164062,19.329999923706055,0.5660305023193359,-0.00817962922155857,0,0,0.0,0.0,0.0,0,0,-0.0004272591322660446,-41.36000061035156,0.010010071098804474,-0.964201807975769,0.0,265882,265912,2581284,265907,0,265912,STANDBY
-0.05000000074505806,-0.17000000178813934,9.819999694824219,0.0,0.0,0.0,1019.7114868164062,19.329999923706055,0.5660305023193359,-0.005234962794929743,0,0,0.0,0.0,0.0,0,0,-0.00033570360392332077,-41.36000061035156,0.0099795525893569,-0.964079737663269,0.0,265982,266012,2581380,266002,0,266012,STANDBY
-0.03999999910593033,-0.18000000715255737,9.819999694824219,0.0,0.0,0.0,1019.7091674804688,19.329999923706055,0.5842057466506958,0.054810404777526855,0,0,0.0,0.0,0.0,0,0,-0.0003662221133708954,-41.36000061035156,0.009949034079909325,-0.9637745022773743,0.0,266082,266112,2581475,266098,0,266112,STANDBY
-0.05000000074505806,-0.18000000715255737,9.819999694824219,0.0,0.0,0.0,1019.7091674804688,19.329999923706055,0.5842057466506958,0.035078659653663635,0,0,0.0,0.0,0.0,0,0,-0.0003662221133708954,-41.36000061035156,0.010010071098804474,-0.964049220085144,0.0,266182,266212,2581570,266193,0,266212,STANDBY
-0.03999999910593033,-0.1899999976158142,9.8100004196167,0.0,0.0,0.0,1019.7091674804688,19.329999923706055,0.5842057466506958,0.022450342774391174,0,0,0.0,0.0,0.0,0,0,-0.00045777764171361923,-41.36000061035156,0.010040589608252048,-0.964720606803894,0.0,266283,266312,2581685,266307,0,266312,STANDBY
-0.03999999910593033,-0.18000000715255737,9.8100004196167,0.0,0.0,0.0,1019.7107543945312,19.329999923706055,0.5712234377861023,-0.03756101429462433,0,0,0.0,0.0,0.0,0,0,-0.0005493331700563431,-41.36000061035156,0.010132145136594772,-0.964720606803894,0.0,266383,266412,2581780,266402,0,266412,STANDBY
-0.03999999910593033,-0.1899999976158142,9.829999923706055,0.0,0.0,0.0,1019.7107543945312,19.329999923706055,0.5712234377861023,-0.024039050564169884,0,0,0.0,0.0,0.0,0,0,-0.0005493331700563431,-41.36000061035156,0.010132145136594772,-0.964720606803894,0.0,266483,266512,2581875,266498,0,266512,STANDBY
-0.03999999910593033,-0.1899999976158142,9.819999694824219,0.0,0.0,0.0,1019.7107543945312,19.329999923706055,0.5712234377861023,-0.015384993515908718,0,0,0.0,0.0,0.0,0,0,-0.0006408886983990669,-41.36000061035156,0.010162663646042347,-0.964720606803894,0.0,266583,266612,2581970,266594,0,266612,STANDBY
-0.03999999910593033,-0.18000000715255737,9.8100004196167,0.0,0.0,0.0,1019.7125244140625,19.329999923706055,0.558241069316864,-0.061775870621204376,0,0,0.0,0.0,0.0,0,0,-0.0006714072078466415,-41.36000061035156,0.010101626627147198,-0.964293360710144,0.0,266683,266712,2582066,266711,0,266712,STANDBY
-0.03999999910593033,-0.18000000715255737,9.819999694824219,0.0,0.0,0.0,1019.7125244140625,19.329999923706055,0.558241069316864,-0.03953655809164047,0,0,0.0,0.0,0.0,0,0,-0.0006408886983990669,-41.36000061035156,0.010010071098804474,-0.9638050198554993,0.0,266783,266812,2582180,266803,0,266812,STANDBY
-0.05000000074505806,-0.17000000178813934,9.8100004196167,0.0,0.0,0.0,1019.7125244140625,19.329999923706055,0.558241069316864,-0.025303397327661514,0,0,0.0,0.0,0.0,0,0,-0.0006103701889514923,-41.36000061035156,0.010010071098804474,-0.963988184928894,0.0,266883,266912,2582276,266898,0,266912,STANDBY
-0.029999999329447746,-0.18000000715255737,9.819999694824219,0.0,0.0,0.0,1019.7140502929688,19.329999923706055,0.5452587008476257,-0.05773775652050972,0,0,0.0,0.0,0.0,0,0,-0.0006714072078466415,-41.36000061035156,0.00991851557046175,-0.964232325553894,0.0,266983,267012,2582371,266993,0,267012,STANDBY
-0.05000000074505806,-0.17000000178813934,9.819999694824219,0.0,0.0,0.0,1019.7140502929688,19.329999923706055,0.5452587008476257,-0.03695216402411461,0,0,0.0,0.0,0.0,0,0,-0.0005798516795039177,-41.36000061035156,0.0098574785515666,-0.964232325553894,0.0,267083,267112,2582486,267108,0,267112,STANDBY
-0.05000000074505806,-0.18000000715255737,9.819999694824219,0.0,0.0,0.0,1019.7140502929688,19.329999923706055,0.5452587008476257,-0.023649385198950768,0,0,0.0,0.0,0.0,0,0,-0.0004882961511611938,-41.36000061035156,0.009887997061014175,-0.964445948600769,0.0,267183,267212,2582581,267203,0,267212,STANDBY
-0.03999999910593033,-0.17000000178813934,9.829999923706055,0.0,0.0,0.0,1019.7157592773438,19.329999923706055,0.5296798944473267,-0.06498779356479645,0,0,0.0,0.0,0.0,0,0,-0.0005493331700563431,-41.36000061035156,0.009887997061014175,-0.964903712272644,0.0,267283,267312,2582676,267298,0,267312,STANDBY
-0.03999999910593033,-0.18000000715255737,9.829999923706055,0.0,0.0,0.0,1019.7157592773438,19.329999923706055,0.5296798944473267,-0.04159219190478325,0,0,0.0,0.0,0.0,0,0,-0.0006408886983990669,-41.36000061035156,0.0098574785515666,-0.964842677116394,0.0,267383,267412,2582771,267394,0,267412,STANDBY
-0.05000000074505806,-0.17000000178813934,9.819999694824219,0.0,0.0,0.0,1019.7157592773438,19.329999923706055,0.5296798944473267,-0.02661900222301483,0,0,0.0,0.0,0.0,0,0,-0.0006103701889514923,-41.36000061035156,0.009887997061014175,-0.964842677116394,0.0,267483,267512,2582886,267508,0,267512,STANDBY
-0.03999999910593033,-0.18000000715255737,9.819999694824219,0.0,0.0,0.0,1019.7157592773438,19.329999923706055,0.5296798944473267,-0.017036162316799164,0,0,0.0,0.0,0.0,0,0,-0.0006408886983990669,-41.36000061035156,0.009796441532671452,-0.964262843132019,0.0,267583,267612,2582981,267603,0,267612,STANDBY
-0.029999999329447746,-0.18000000715255737,9.829999923706055,0.0,0.0,0.0,1019.7157592773438,19.329999923706055,0.5296798944473267,-0.010903144255280495,0,0,0.0,0.0,0.0,0,0,-0.0008545182645320892,-41.36000061035156,0.0098574785515666,-0.964690089225769,0.0,267683,267712,2583076,267711,0,267712,STANDBY
-0.03999999910593033,-0.18000000715255737,9.8100004196167,0.0,0.0,0.0,1019.7174072265625,19.329999923706055,0.5166975259780884,-0.04770701006054878,0,0,0.0,0.0,0.0,0,0,-0.00079348124563694,-41.36000061035156,0.0098574785515666,-0.964629054069519,0.0,267784,267812,2583172,267794,0,267812,STANDBY
-0.03999999910593033,-0.17000000178813934,9.8100004196167,0.0,0.0,0.0,1019.7174072265625,19.329999923706055,0.5166975259780884,-0.030532488599419594,0,0,0.0,0.0,0.0,0,0,-0.0007629627361893654,-41.36000061035156,0.009765923023223877,-0.964293360710144,0.0,267884,267912,2583285,267909,0,267912,STANDBY
-0.05000000074505806,-0.18000000715255737,9.829999923706055,0.0,0.0,0.0,1019.7174072265625,19.329999923706055,0.5166975259780884,-0.01954079233109951,0,0,0.0,0.0,0.0,0,0,-0.0006714072078466415,-41.36000061035156,0.009735404513776302,-0.964140772819519,0.0,267984,268012,2583380,268004,0,268012,STANDBY
-0.05000000074505806,-0.18000000715255737,9.819999694824219,0.0,0.0,0.0,1019.7157592773438,19.329999923706055,0.5296798944473267,0.029037469998002052,0,0,0.0,0.0,0.0,0,0,-0.0005493331700563431,-41.36000061035156,0.00991851557046175,-0.965025782585144,0.0,268084,268112,2583477,268099,0,268112,STANDBY
-0.05000000074505806,-0.18000000715255737,9.819999694824219,0.0,0.0,0.0,1019.7174072265625,19.329999923706055,0.5166975259780884,-0.022959597408771515,0,0,0.0,0.0,0.0,0,0,-0.0004882961511611938,-41.36000061035156,0.0098574785515666,-0.964842677116394,0.0,268184,268212,2583572,268194,0,268212,STANDBY
-0.029999999329447746,-0.18000000715255737,9.819999694824219,0.0,0.0,0.0,1019.7157592773438,19.329999923706055,0.5296798944473267,0.02684943750500679,0,0,0.0,0.0,0.0,0,0,-0.00045777764171361923,-41.36000061035156,0.009887997061014175,-0.964964747428894,0.0,268284,268312,2583686,268309,0,268312,STANDBY
-0.03999999910593033,-0.18000000715255737,9.819999694824219,0.0,0.0,0.0,1019.721435546875,19.329999923706055,0.48553991317749023,-0.15937627851963043,0,0,0.0,0.0,0.0,0,0,-0.0005188146606087685,-41.36000061035156,0.009887997061014175,-0.963927149772644,0.0,268384,268412,2583781,268404,0,268412,STANDBY
-0.029999999329447746,-0.18000000715255737,9.829999923706055,0.0,0.0,0.0,1019.721435546875,19.329999923706055,0.48553991317749023,-0.10200082510709763,0,0,0.0,0.0,0.0,0,0,-0.0006714072078466415,-41.36000061035156,0.009949034079909325,-0.964293360710144,0.0,268484,268512,2583877,268499,0,268512,STANDBY
-0.05000000074505806,-0.18000000715255737,9.819999694824219,0.0,0.0,0.0,1019.7229614257812,19.329999923706055,0.47255754470825195,-0.11721000075340271,0,0,0.0,0.0,0.0,0,0,-0.0006103701889514923,-41.36000061035156,0.0099795525893569,-0.964476466178894,0.0,268584,268612,2583972,268595,0,268612,STANDBY
-0.05000000074505806,-0.18000000715255737,9.8100004196167,0.0,0.0,0.0,1019.7229614257812,19.329999923706055,0.47255754470825195,-0.07501440495252609,0,0,0.0,0.0,0.0,0,0,-0.0005798516795039177,-41.36000061035156,0.009949034079909325,-0.964171290397644,0.0,268684,268712,2584068,268711,0,268712,STANDBY
-0.05000000074505806,-0.1899999976158142,9.819999694824219,0.0,0.0,0.0,1019.7229614257812,19.329999923706055,0.47255754470825195,-0.04800922051072121,0,0,0.0,0.0,0.0,0,0,-0.00045777764171361923,-41.36000061035156,0.009949034079909325,-0.964110255241394,0.0,268784,268812,2584182,268805,0,268812,STANDBY
-0.05000000074505806,-0.18000000715255737,9.819999694824219,0.0,0.0,0.0,1019.721435546875,19.329999923706055,0.48553991317749023,0.010817676782608032,0,0,0.0,0.0,0.0,0,0,-0.0004882961511611938,-41.36000061035156,0.0099795525893569,-0.964140772819519,0.0,268884,268912,2584278,268900,0,268912,STANDBY
-0.03999999910593033,-0.18000000715255737,9.819999694824219,0.0,0.0,0.0,1019.721435546875,19.329999923706055,0.48553991317749023,0.006923313718289137,0,0,0.0,0.0,0.0,0,0,-0.0004882961511611938,-41.36000061035156,0.00991851557046175,-0.964171290397644,0.0,268984,269012,2584373,268995,0,269012,STANDBY
-0.03999999910593033,-0.17000000178813934,9.819999694824219,0.0,0.0,0.0,1019.7196655273438,19.329999923706055,0.49852225184440613,0.045974403619766235,0,0,0.0,0.0,0.0,0,0,-0.0005188146606087685,-41.36000061035156,0.009887997061014175,-0.964232325553894,0.0,269084,269112,2584487,269110,0,269112,STANDBY
-0.05000000074505806,-0.18000000715255737,9.8100004196167,0.0,0.0,0.0,1019.7196655273438,19.329999923706055,0.49852225184440613,0.02942361868917942,0,0,0.0,0.0,0.0,0,0,-0.0005188146606087685,-41.36000061035156,0.00991851557046175,-0.964262843132019,0.0,269184,269212,2584583,269205,0,269212,STANDBY
-0.03999999910593033,-0.17000000178813934,9.819999694824219,0.0,0.0,0.0,1019.7181396484375,19.329999923706055,0.511504590511322,0.06037459895014763,0,0,0.0,0.0,0.0,0,0,-0.0004882961511611938,-41.36000061035156,0.009949034079909325,-0.964506983757019,0.0,269284,269312,2584678,269300,0,269312,STANDBY
-0.03999999910593033,-0.18000000715255737,9.819999694824219,0.0,0.0,0.0,1019.7164306640625,19.329999923706055,0.5244869589805603,0.09056922048330307,0,0,0.0,0.0,0.0,0,0,-0.00045777764171361923,-41.36000061035156,0.00991851557046175,-0.964842677116394,0.0,269384,269412,2584773,269396,0,269412,STANDBY
-0.03999999910593033,-0.18000000715255737,9.819999694824219,0.0,0.0,0.0,1019.7201538085938,19.329999923706055,0.49592578411102295,-0.05628039687871933,0,0,0.0,0.0,0.0,0,0,-0.0005798516795039177,-41.36000061035156,0.00991851557046175,-0.964690089225769,0.0,269484,269512,2584888,269510,0,269512,STANDBY
-0.03999999910593033,-0.17000000178813934,9.819999694824219,0.0,0.0,0.0,1019.7184448242188,19.329999923706055,0.5089081525802612,0.015910018235445023,0,0,0.0,0.0,0.0,0,0,-0.0005493331700563431,-41.36000061035156,0.009949034079909325,-0.964751124382019,0.0,269584,269612,2584983,269605,0,269612,STANDBY
-0.05000000074505806,-0.18000000715255737,9.819999694824219,0.0,0.0,0.0,1019.7168579101562,19.329999923706055,0.5218904614448547,0.06211164593696594,0,0,0.0,0.0,0.0,0,0,-0.0006103701889514923,-41.36000061035156,0.00991851557046175,-0.964415431022644,0.0,269684,269715,2585078,269715,0,269715,STANDBY
-0.03999999910593033,-0.18000000715255737,9.829999923706055,0.0,0.0,0.0,1019.7168579101562,19.329999923706055,0.5218904614448547,0.039751455187797546,0,0,0.0,0.0,0.0,0,0,-0.0005798516795039177,-41.36000061035156,0.009887997061014175,-0.964140772819519,0.0,269784,269815,2585174,269796,0,269815,STANDBY
-0.03999999910593033,-0.1899999976158142,9.829999923706055,0.0,0.0,0.0,1019.7168579101562,19.329999923706055,0.5218904614448547,0.02544093132019043,0,0,0.0,0.0,0.0,0,0,-0.0005798516795039177,-41.36000061035156,0.009949034079909325,-0.964323878288269,0.0,269884,269915,2585288,269911,0,269915,STANDBY
-0.03999999910593033,-0.18000000715255737,9.819999694824219,0.0,0.0,0.0,1019.7207641601562,19.34000015258789,0.4907328486442566,-0.08342216908931732,0,0,0.0,0.0,0.0,0,0,-0.0007019257172942162,-41.36000061035156,0.010071108117699623,-0.965056300163269,0.0,269984,270015,2585383,270006,0,270015,STANDBY
-0.05000000074505806,-0.17000000178813934,9.819999694824219,0.0,0.0,0.0,1019.7224731445312,19.34000015258789,0.47515401244163513,-0.10324247181415558,0,0,0.0,0.0,0.0,0,0,-0.0005493331700563431,-41.36000061035156,0.010040589608252048,-0.964903712272644,0.0,270084,270115,2585479,270101,0,270115,STANDBY
-0.05000000074505806,-0.17000000178813934,9.819999694824219,0.0,0.0,0.0,1019.7224731445312,19.34000015258789,0.47515401244163513,-0.06607518345117569,0,0,0.0,0.0,0.0,0,0,-0.00045777764171361923,-41.36000061035156,0.009949034079909325,-0.964537501335144,0.0,270184,270215,2585574,270196,0,270215,STANDBY
-0.05000000074505806,-0.18000000715255737,9.819999694824219,0.0,0.0,0.0,1019.7184448242188,19.329999923706055,0.5089081525802612,0.06572513282299042,0,0,0.0,0.0,0.0,0,0,-0.0003662221133708954,-41.36000061035156,0.009949034079909325,-0.964384913444519,0.0,270284,270315,2585688,270311,0,270315,STANDBY
-0.03999999910593033,-0.18000000715255737,9.829999923706055,0.0,0.0,0.0,1019.7224731445312,19.34000015258789,0.47515401244163513,-0.06594916433095932,0,0,0.0,0.0,0.0,0,0,-0.0004272591322660446,-41.36000061035156,0.0099795525893569,-0.964690089225769,0.0,270384,270415,2585783,270406,0,270415,STANDBY
-0.05000000074505806,-0.17000000178813934,9.819999694824219,0.0,0.0,0.0,1019.7224731445312,19.34000015258789,0.47515401244163513,-0.04220746457576752,0,0,0.0,0.0,0.0,0,0,-0.0004882961511611938,-41.36000061035156,0.00991851557046175,-0.964781641960144,0.0,270484,270515,2585878,270501,0,270515,STANDBY
-0.03999999910593033,-0.17000000178813934,9.819999694824219,0.0,0.0,0.0,1019.7224731445312,19.34000015258789,0.47515401244163513,-0.0270127784460783,0,0,0.0,0.0,0.0,0,0,-0.0005188146606087685,-41.36000061035156,0.009826960042119026,-0.964781641960144,0.0,270584,270615,2585974,270597,0,270615,STANDBY
-0.03999999910593033,-0.18000000715255737,9.819999694824219,0.0,0.0,0.0,1019.7207641601562,19.34000015258789,0.4907328486442566,0.04502716660499573,0,0,0.0,0.0,0.0,0,0,-0.0005798516795039177,-41.36000061035156,0.009796441532671452,-0.964568018913269,0.0,270685,270715,2586070,270712,0,270715,STANDBY
-0.03999999910593033,-0.17000000178813934,9.819999694824219,0.0,0.0,0.0,1019.7191162109375,19.34000015258789,0.5037152171134949,0.0807468593120575,0,0,0.0,0.0,0.0,0,0,-0.0006103701889514923,-41.36000061035156,0.009826960042119026,-0.964506983757019,0.0,270785,270815,2586183,270807,0,270815,STANDBY
-0.05000000074505806,-0.18000000715255737,9.829999923706055,0.0,0.0,0.0,1019.717529296875,19.34000015258789,0.5166975259780884,0.09322138130664825,0,0,0.0,0.0,0.0,0,0,-0.0005188146606087685,-41.36000061035156,0.009765923023223877,-0.964445948600769,0.0,270885,270915,2586278,270902,0,270915,STANDBY
-0.05000000074505806,-0.1899999976158142,9.819999694824219,0.0,0.0,0.0,1019.7191162109375,19.34000015258789,0.5037152171134949,0.018118297681212425,0,0,0.0,0.0,0.0,0,0,-0.0004272591322660446,-41.36000061035156,0.0098574785515666,-0.964506983757019,0.0,270985,271015,2586375,270997,0,271015,STANDBY
-0.03999999910593033,-0.18000000715255737,9.8100004196167,0.0,0.0,0.0,1019.7207641601562,19.34000015258789,0.4907328486442566,-0.02994786761701107,0,0,0.0,0.0,0.0,0,0,-0.00045777764171361923,-41.36000061035156,0.00991851557046175,-0.964201807975769,0.0,271085,271115,2586488,271112,0,271115,STANDBY
-0.03999999910593033,-0.18000000715255737,9.819999694824219,0.0,0.0,0.0,1019.7191162109375,19.34000015258789,0.5037152171134949,0.02237694524228573,0,0,0.0,0.0,0.0,0,0,-0.00045777764171361923,-41.36000061035156,0.010040589608252048,-0.964354395866394,0.0,271185,271215,2586584,271207,0,271215,STANDBY
-0.03999999910593033,-0.18000000715255737,9.829999923706055,0.0,0.0,0.0,1019.717529296875,19.34000015258789,0.5166975259780884,0.05586463212966919,0,0,0.0,0.0,0.0,0,0,-0.00045777764171361923,-41.36000061035156,0.0099795525893569,-0.964537501335144,0.0,271285,271315,2586680,271302,0,271315,STANDBY
-0.05000000074505806,-0.18000000715255737,9.819999694824219,0.0,0.0,0.0,1019.7158813476562,19.34000015258789,0.5296798944473267,0.08768284320831299,0,0,0.0,0.0,0.0,0,0,-0.00045777764171361923,-41.36000061035156,0.009949034079909325,-0.964781641960144,0.0,271385,271415,2586775,271397,0,271415,STANDBY
-0.05000000074505806,-0.18000000715255737,9.819999694824219,0.0,0.0,0.0,1019.7142333984375,19.34000015258789,0.5426622629165649,0.1080465018749237,0,0,0.0,0.0,0.0,0,0,-0.0004272591322660446,-41.36000061035156,0.010040589608252048,-0.964323878288269,0.0,271485,271515,2586889,271512,0,271515,STANDBY
-0.05000000074505806,-0.18000000715255737,9.819999694824219,0.0,0.0,0.0,1019.7142333984375,19.34000015258789,0.5426622629165649,0.06914976239204407,0,0,0.0,0.0,0.0,0,0,-0.0005188146606087685,-41.36000061035156,0.0099795525893569,-0.964232325553894,0.0,271585,271616,2586984,271607,0,271616,STANDBY
-0.03999999910593033,-0.1899999976158142,9.819999694824219,0.0,0.0,0.0,1019.7142333984375,19.34000015258789,0.5426622629165649,0.04425584897398949,0,0,0.0,0.0,0.0,0,0,-0.0005493331700563431,-41.36000061035156,0.009949034079909325,-0.964171290397644,0.0,271685,271716,2587080,271714,0,271716,STANDBY
-0.03999999910593033,-0.1899999976158142,9.819999694824219,0.0,0.0,0.0,1019.7125854492188,19.34000015258789,0.5556445717811584,0.08025297522544861,0,0,0.0,0.0,0.0,0,0,-0.0005493331700563431,-41.36000061035156,0.010040589608252048,-0.964537501335144,0.0,271785,271816,2587174,271798,0,271816,STANDBY
-0.03999999910593033,-0.1899999976158142,9.819999694824219,0.0,0.0,0.0,1019.7125854492188,19.34000015258789,0.5556445717811584,0.05136190727353096,0,0,0.0,0.0,0.0,0,0,-0.0005493331700563431,-41.36000061035156,0.010101626627147198,-0.964445948600769,0.0,271885,271916,2587289,271912,0,271916,STANDBY
-0.05000000074505806,-0.18000000715255737,9.819999694824219,0.0,0.0,0.0,1019.7142333984375,19.34000015258789,0.5426622629165649,-0.008671767078340054,0,0,0.0,0.0,0.0,0,0,-0.0004882961511611938,-41.36000061035156,0.010071108117699623,-0.964476466178894,0.0,271985,272016,2587384,272008,0,272016,STANDBY
-0.05000000074505806,-0.18000000715255737,9.8100004196167,0.0,0.0,0.0,1019.7142333984375,19.34000015258789,0.5426622629165649,-0.005549931433051825,0,0,0.0,0.0,0.0,0,0,-0.00045777764171361923,-41.36000061035156,0.010040589608252048,-0.964506983757019,0.0,272086,272116,2587480,272103,0,272116,STANDBY
-0.03999999910593033,-0.18000000715255737,9.8100004196167,0.0,0.0,0.0,1019.7125854492188,19.34000015258789,0.5556445717811584,0.03799143061041832,0,0,0.0,0.0,0.0,0,0,-0.0005188146606087685,-41.36000061035156,0.010010071098804474,-0.964049220085144,0.0,272186,272216,2587575,272198,0,272216,STANDBY
-0.05000000074505806,-0.1899999976158142,9.8100004196167,0.0,0.0,0.0,1019.7109375,19.34000015258789,0.5712234377861023,0.07416688650846481,0,0,0.0,0.0,0.0,0,0,-0.0005493331700563431,-41.36000061035156,0.010040589608252048,-0.9637439846992493,0.0,272286,272316,2587689,272312,0,272316,STANDBY
-0.03999999910593033,-0.18000000715255737,9.819999694824219,0.0,0.0,0.0,1019.7125854492188,19.34000015258789,0.5556445717811584,-0.014848653227090836,0,0,0.0,0.0,0.0,0,0,-0.0005798516795039177,-41.36000061035156,0.010040589608252048,-0.9636829495429993,0.0,272386,272416,2587785,272407,0,272416,STANDBY
-0.029999999329447746,-0.17000000178813934,9.819999694824219,0.0,0.0,0.0,1019.7125854492188,19.34000015258789,0.5556445717811584,-0.00950313825160265,0,0,0.0,0.0,0.0,0,0,-0.0007324442267417908,-41.36000061035156,0.009949034079909325,-0.9637745022773743,0.0,272486,272516,2587880,272502,0,272516,STANDBY
-0.05000000074505806,-0.17000000178813934,9.829999923706055,0.0,0.0,0.0,1019.7125854492188,19.34000015258789,0.5556445717811584,-0.006082008592784405,0,0,0.0,0.0,0.0,0,0,-0.0006103701889514923,-41.36000061035156,0.009949034079909325,-0.963896632194519,0.0,272586,272616,2587975,272598,0,272616,STANDBY
-0.05000000074505806,-0.17000000178813934,9.829999923706055,0.0,0.0,0.0,1019.7142333984375,19.34000015258789,0.5426622629165649,-0.05582172051072121,0,0,0.0,0.0,0.0,0,0,-0.0005493331700563431,-41.36000061035156,0.0099795525893569,-0.963988184928894,0.0,272686,272716,2588070,272716,0,272716,STANDBY
-0.03999999910593033,-0.18000000715255737,9.819999694824219,0.0,0.0,0.0,1019.7142333984375,19.34000015258789,0.5426622629165649,-0.035725902765989304,0,0,0.0,0.0,0.0,0,0,-0.0005798516795039177,-41.36000061035156,0.009887997061014175,-0.9638355374336243,0.0,272786,272816,2588185,272807,0,272816,STANDBY
-0.03999999910593033,-0.1899999976158142,9.819999694824219,0.0,0.0,0.0,1019.7125854492188,19.34000015258789,0.5556445717811584,0.018678810447454453,0,0,0.0,0.0,0.0,0,0,-0.0005798516795039177,-41.36000061035156,0.009949034079909325,-0.964323878288269,0.0,272886,272916,2588280,272903,0,272916,STANDBY
-0.03999999910593033,-0.18000000715255737,9.819999694824219,0.0,0.0,0.0,1019.7125854492188,19.34000015258789,0.5556445717811584,0.011954438872635365,0,0,0.0,0.0,0.0,0,0,-0.0005798516795039177,-41.36000061035156,0.009949034079909325,-0.964506983757019,0.0,272986,273016,2588376,272998,0,273016,STANDBY
-0.029999999329447746,-0.18000000715255737,9.8100004196167,0.0,0.0,0.0,1019.7125854492188,19.34000015258789,0.5556445717811584,0.007650841027498245,0,0,0.0,0.0,0.0,0,0,-0.0006103701889514923,-41.36000061035156,0.00991851557046175,-0.964293360710144,0.0,273086,273116,2588489,273113,0,273116,STANDBY
-0.03999999910593033,-0.18000000715255737,9.819999694824219,0.0,0.0,0.0,1019.7109375,19.34000015258789,0.5712234377861023,0.054748911410570145,0,0,0.0,0.0,0.0,0,0,-0.0005798516795039177,-41.36000061035156,0.009949034079909325,-0.964568018913269,0.0,273186,273216,2588584,273208,0,273216,STANDBY
-0.03999999910593033,-0.18000000715255737,9.829999923706055,0.0,0.0,0.0,1019.7109375,19.34000015258789,0.5712234377861023,0.035039301961660385,0,0,0.0,0.0,0.0,0,0,-0.0005493331700563431,-41.36000061035156,0.009949034079909325,-0.964629054069519,0.0,273286,273316,2588681,273303,0,273316,STANDBY
-0.03999999910593033,-0.18000000715255737,9.8100004196167,0.0,0.0,0.0,1019.7109375,19.34000015258789,0.5712234377861023,0.022425154224038124,0,0,0.0,0.0,0.0,0,0,-0.0005798516795039177,-41.36000061035156,0.0099795525893569,-0.964506983757019,0.0,273386,273416,2588776,273398,0,273416,STANDBY
-0.05000000074505806,-0.18000000715255737,9.8100004196167,0.0,0.0,0.0,1019.7109375,19.34000015258789,0.5712234377861023,0.014352099969983101,0,0,0.0,0.0,0.0,0,0,-0.0005798516795039177,-41.36000061035156,0.010101626627147198,-0.964323878288269,0.0,273486,273516,2588890,273513,0,273516,STANDBY
-0.03999999910593033,-0.18000000715255737,9.8100004196167,0.0,0.0,0.0,1019.7109375,19.34000015258789,0.5712234377861023,0.009185343980789185,0,0,0.0,0.0,0.0,0,0,-0.0005493331700563431,-41.36000061035156,0.010223700664937496,-0.964903712272644,0.0,273586,273616,2588985,273608,0,273616,STANDBY
-0.03999999910593033,-0.18000000715255737,9.819999694824219,0.0,0.0,0.0,1019.7149047851562,19.34000015258789,0.5374693274497986,-0.1291378140449524,0,0,0.0,0.0,0.0,0,0,-0.0005798516795039177,-41.36000061035156,0.010193182155489922,-0.964964747428894,0.0,273686,273716,2589080,273714,0,273716,STANDBY
-0.03999999910593033,-0.18000000715255737,9.819999694824219,0.0,0.0,0.0,1019.7149047851562,19.34000015258789,0.5374693274497986,-0.08264820277690887,0,0,0.0,0.0,0.0,0,0,-0.0006408886983990669,-41.36000061035156,0.010132145136594772,-0.964781641960144,0.0,273786,273816,2589176,273799,0,273816,STANDBY
-0.03999999910593033,-0.18000000715255737,9.8100004196167,0.0,0.0,0.0,1019.7149047851562,19.34000015258789,0.5374693274497986,-0.052894849330186844,0,0,0.0,0.0,0.0,0,0,-0.0006714072078466415,-41.36000061035156,0.010162663646042347,-0.964659571647644,0.0,273886,273916,2589290,273913,0,273916,STANDBY
-0.05000000074505806,-0.18000000715255737,9.819999694824219,0.0,0.0,0.0,1019.7132568359375,19.34000015258789,0.5504516363143921,0.007690683007240295,0,0,0.0,0.0,0.0,0,0,-0.0006103701889514923,-41.36000061035156,0.010162663646042347,-0.964812159538269,0.0,273986,274016,2589385,274009,0,274016,STANDBY
-0.03999999910593033,-0.18000000715255737,9.8100004196167,0.0,0.0,0.0,1019.7132568359375,19.34000015258789,0.5504516363143921,0.004922037478536367,0,0,0.0,0.0,0.0,0,0,-0.0005493331700563431,-41.36000061035156,0.010101626627147198,-0.964781641960144,0.0,274086,274116,2589481,274104,0,274116,STANDBY
-0.05000000074505806,-0.18000000715255737,9.8100004196167,0.0,0.0,0.0,1019.7149047851562,19.34000015258789,0.5374693274497986,-0.038393285125494,0,0,0.0,0.0,0.0,0,0,-0.0005188146606087685,-41.36000061035156,0.010071108117699623,-0.964751124382019,0.0,274186,274216,2589577,274199,0,274216,STANDBY
-0.03999999910593033,-0.18000000715255737,9.819999694824219,0.0,0.0,0.0,1019.7149047851562,19.34000015258789,0.5374693274497986,-0.024571703746914864,0,0,0.0,0.0,0.0,0,0,-0.0004882961511611938,-41.36000061035156,0.010101626627147198,-0.965269923210144,0.0,274286,274316,2589690,274314,0,274316,STANDBY
-0.03999999910593033,-0.18000000715255737,9.8100004196167,0.0,0.0,0.0,1019.7132568359375,19.34000015258789,0.5504516363143921,0.025817496702075005,0,0,0.0,0.0,0.0,0,0,-0.0005493331700563431,-41.36000061035156,0.010040589608252048,-0.964934229850769,0.0,274386,274416,2589786,274409,0,274416,STANDBY
-0.05000000074505806,-0.18000000715255737,9.819999694824219,0.0,0.0,0.0,1019.7132568359375,19.34000015258789,0.5504516363143921,0.016523199155926704,0,0,0.0,0.0,0.0,0,0,-0.0005188146606087685,-41.36000061035156,0.0099795525893569,-0.965056300163269,0.0,274486,274516,2589881,274504,0,274516,STANDBY
-0.03999999910593033,-0.18000000715255737,9.8100004196167,0.0,0.0,0.0,1019.7115478515625,19.34000015258789,0.5660305023193359,0.07289031147956848,0,0,0.0,0.0,0.0,0,0,-0.0005188146606087685,-41.36000061035156,0.010010071098804474,-0.964690089225769,0.0,274586,274616,2589976,274599,0,274616,STANDBY
-0.03999999910593033,-0.18000000715255737,9.819999694824219,0.0,0.0,0.0,1019.7171630859375,19.34000015258789,0.519294023513794,-0.1402961164712906,0,0,0.0,0.0,0.0,0,0,-0.0005188146606087685,-41.36000061035156,0.00991851557046175,-0.964079737663269,0.0,274686,274716,2590071,274714,0,274716,STANDBY
-0.03999999910593033,-0.1899999976158142,9.8100004196167,0.0,0.0,0.0,1019.7171630859375,19.34000015258789,0.519294023513794,-0.08978951722383499,0,0,0.0,0.0,0.0,0,0,-0.0005493331700563431,-41.36000061035156,0.0099795525893569,-0.964232325553894,0.0,274786,274816,2590186,274809,0,274816,STANDBY
-0.05000000074505806,-0.18000000715255737,9.8100004196167,0.0,0.0,0.0,1019.7171630859375,19.34000015258789,0.519294023513794,-0.057465292513370514,0,0,0.0,0.0,0.0,0,0,-0.0004882961511611938,-41.36000061035156,0.010040589608252048,-0.964690089225769,0.0,274886,274916,2590281,274904,0,274916,STANDBY
-0.05000000074505806,-0.18000000715255737,9.829999923706055,0.0,0.0,0.0,1019.7156372070312,19.34000015258789,0.5322763919830322,0.0047657908871769905,0,0,0.0,0.0,0.0,0,0,-0.0005188146606087685,-41.36000061035156,0.010162663646042347,-0.965239405632019,0.0,274987,275016,2590376,275000,0,275016,STANDBY
-0.05000000074505806,-0.18000000715255737,9.819999694824219,0.0,0.0,0.0,1019.7171630859375,19.34000015258789,0.519294023513794,-0.03849347308278084,0,0,0.0,0.0,0.0,0,0,-0.00039674062281847,-41.36000061035156,0.010162663646042347,-0.965147852897644,0.0,275087,275116,2590491,275113,0,275116,STANDBY
-0.05000000074505806,-0.1899999976158142,9.8100004196167,0.0,0.0,0.0,1019.7171630859375,19.34000015258789,0.519294023513794,-0.02463582344353199,0,0,0.0,0.0,0.0,0,0,-0.0004272591322660446,-41.36000061035156,0.010162663646042347,-0.964995265007019,0.0,275187,275216,2590586,275209,0,275216,STANDBY
-0.05000000074505806,-0.18000000715255737,9.8100004196167,0.0,0.0,0.0,1019.7171630859375,19.34000015258789,0.519294023513794,-0.01576692797243595,0,0,0.0,0.0,0.0,0,0,-0.0003662221133708954,-41.36000061035156,0.010132145136594772,-0.965208888053894,0.0,275287,275316,2590682,275304,0,275316,STANDBY
-0.03999999910593033,-0.1899999976158142,9.8100004196167,0.0,0.0,0.0,1019.7156372070312,19.34000015258789,0.5322763919830322,0.03145274519920349,0,0,0.0,0.0,0.0,0,0,-0.00039674062281847,-41.36000061035156,0.010101626627147198,-0.965117335319519,0.0,275387,275416,2590777,275399,0,275416,STANDBY
-0.03999999910593033,-0.18000000715255737,9.819999694824219,0.0,0.0,0.0,1019.7156372070312,19.34000015258789,0.5322763919830322,0.02012975700199604,0,0,0.0,0.0,0.0,0,0,-0.0004882961511611938,-41.36000061035156,0.010132145136594772,-0.965330958366394,0.0,275487,275516,2590891,275514,0,275516,STANDBY
-0.03999999910593033,-0.18000000715255737,9.829999923706055,0.0,0.0,0.0,1019.7195434570312,19.34000015258789,0.5011187195777893,-0.11174764484167099,0,0,0.0,0.0,0.0,0,0,-0.0005493331700563431,-41.36000061035156,0.010040589608252048,-0.964812159538269,0.0,275587,275616,2590987,275609,0,275616,STANDBY
-0.05000000074505806,-0.20000000298023224,9.8100004196167,0.0,0.0,0.0,1019.7212524414062,19.34000015258789,0.48553991317749023,-0.13383372128009796,0,0,0.0,0.0,0.0,0,0,-0.0005798516795039177,-41.36000061035156,0.010132145136594772,-0.965117335319519,0.0,275687,275716,2591081,275716,0,275716,STANDBY
-0.05000000074505806,-0.20000000298023224,9.8100004196167,0.0,0.0,0.0,1019.7212524414062,19.34000015258789,0.48553991317749023,-0.08565358817577362,0,0,0.0,0.0,0.0,0,0,-0.0005798516795039177,-41.36000061035156,0.010223700664937496,-0.965239405632019,0.0,275787,275816,2591177,275800,0,275816,STANDBY
-0.03999999910593033,-0.18000000715255737,9.819999694824219,0.0,0.0,0.0,1019.7212524414062,19.34000015258789,0.48553991317749023,-0.054818298667669296,0,0,0.0,0.0,0.0,0,0,-0.0005798516795039177,-41.36000061035156,0.010101626627147198,-0.964995265007019,0.0,275887,275916,2591291,275914,0,275916,STANDBY
-0.05000000074505806,-0.18000000715255737,9.819999694824219,0.0,0.0,0.0,1019.7195434570312,19.34000015258789,0.5011187195777893,0.014768469147384167,0,0,0.0,0.0,0.0,0,0,-0.0005798516795039177,-41.36000061035156,0.010101626627147198,-0.965208888053894,0.0,275987,276016,2591386,276009,0,276016,STANDBY
-0.05000000074505806,-0.18000000715255737,9.829999923706055,0.0,0.0,0.0,1019.7212524414062,19.34000015258789,0.48553991317749023,-0.04040035977959633,0,0,0.0,0.0,0.0,0,0,-0.0005493331700563431,-41.36000061035156,0.010101626627147198,-0.965117335319519,0.0,276087,276116,2591481,276105,0,276116,STANDBY
-0.05000000074505806,-0.18000000715255737,9.8100004196167,0.0,0.0,0.0,1019.7212524414062,19.34000015258789,0.48553991317749023,-0.025856230407953262,0,0,0.0,0.0,0.0,0,0,-0.0005798516795039177,-41.36000061035156,0.010071108117699623,-0.964720606803894,0.0,276187,276216,2591577,276200,0,276216,STANDBY
-0.03999999910593033,-0.17000000178813934,9.819999694824219,0.0,0.0,0.0,1019.7212524414062,19.34000015258789,0.48553991317749023,-0.01654798910021782,0,0,0.0,0.0,0.0,0,0,-0.0005493331700563431,-41.36000061035156,0.010071108117699623,-0.964476466178894,0.0,276287,276316,2591691,276314,0,276316,STANDBY
-0.05000000074505806,-0.18000000715255737,9.819999694824219,0.0,0.0,0.0,1019.7195434570312,19.34000015258789,0.5011187195777893,0.03926146775484085,0,0,0.0,0.0,0.0,0,0,-0.0005188146606087685,-41.36000061035156,0.010040589608252048,-0.964384913444519,0.0,276387,276416,2591787,276409,0,276416,STANDBY
-0.05000000074505806,-0.18000000715255737,9.819999694824219,0.0,0.0,0.0,1019.7235717773438,19.350000381469727,0.4673646092414856,-0.10988910496234894,0,0,0.0,0.0,0.0,0,0,-0.00039674062281847,-41.36000061035156,0.010071108117699623,-0.964506983757019,0.0,276488,276516,2591882,276505,0,276516,STANDBY
-0.05000000074505806,-0.1899999976158142,9.819999694824219,0.0,0.0,0.0,1019.72021484375,19.350000381469727,0.49332931637763977,0.033529795706272125,0,0,0.0,0.0,0.0,0,0,-0.00033570360392332077,-41.36000061035156,0.010101626627147198,-0.964201807975769,0.0,276588,276616,2591977,276600,0,276616,STANDBY
-0.03999999910593033,-0.17000000178813934,9.819999694824219,0.0,0.0,0.0,1019.7185668945312,19.350000381469727,0.5089081525802612,0.08377441763877869,0,0,0.0,0.0,0.0,0,0,-0.00039674062281847,-41.36000061035156,0.0099795525893569,-0.9637134671211243,0.0,276688,276716,2592072,276716,0,276716,STANDBY
-0.05000000074505806,-0.18000000715255737,9.829999923706055,0.0,0.0,0.0,1019.7185668945312,19.350000381469727,0.5089081525802612,0.05361562967300415,0,0,0.0,0.0,0.0,0,0,-0.0004272591322660446,-41.36000061035156,0.010101626627147198,-0.964110255241394,0.0,276788,276816,2592187,276809,0,276816,STANDBY
-0.05000000074505806,-0.17000000178813934,9.819999694824219,0.0,0.0,0.0,1019.717041015625,19.350000381469727,0.519294023513794,0.0758574903011322,0,0,0.0,0.0,0.0,0,0,-0.00039674062281847,-41.36000061035156,0.010040589608252048,-0.964018702507019,0.0,276888,276916,2592282,276904,0,276916,STANDBY
-0.05000000074505806,-0.1899999976158142,9.829999923706055,0.0,0.0,0.0,1019.717041015625,19.350000381469727,0.519294023513794,0.04854879528284073,0,0,0.0,0.0,0.0,0,0,-0.0003662221133708954,-41.36000061035156,0.010010071098804474,-0.9636219143867493,0.0,276988,277016,2592377,277000,0,277016,STANDBY
-0.05000000074505806,-0.1899999976158142,9.8100004196167,0.0,0.0,0.0,1019.720947265625,19.350000381469727,0.4881363809108734,-0.06863322108983994,0,0,0.0,0.0,0.0,0,0,-0.00030518509447574615,-41.36000061035156,0.010040589608252048,-0.9630420804023743,0.0,277088,277116,2592491,277114,0,277116,STANDBY
-0.03999999910593033,-0.18000000715255737,9.819999694824219,0.0,0.0,0.0,1019.720947265625,19.350000381469727,0.4881363809108734,-0.04392526298761368,0,0,0.0,0.0,0.0,0,0,-0.0004272591322660446,-41.36000061035156,0.010101626627147198,-0.9634082913398743,0.0,277188,277216,2592587,277210,0,277216,STANDBY
-0.03999999910593033,-0.1899999976158142,9.8100004196167,0.0,0.0,0.0,1019.720947265625,19.350000381469727,0.4881363809108734,-0.028112171217799187,0,0,0.0,0.0,0.0,0,0,-0.0004882961511611938,-41.36000061035156,0.010132145136594772,-0.9635913968086243,0.0,277288,277316,2592683,277305,0,277316,STANDBY
-0.029999999329447746,-0.18000000715255737,9.819999694824219,0.0,0.0,0.0,1019.71533203125,19.350000381469727,0.534872829914093,0.13156484067440033,0,0,0.0,0.0,0.0,0,0,-0.0005798516795039177,-41.36000061035156,0.010132145136594772,-0.964049220085144,0.0,277388,277416,2592778,277400,0,277416,STANDBY
-0.05000000074505806,-0.18000000715255737,9.8100004196167,0.0,0.0,0.0,1019.717041015625,19.350000381469727,0.519294023513794,0.021886274218559265,0,0,0.0,0.0,0.0,0,0,-0.0004882961511611938,-41.36000061035156,0.010071108117699623,-0.9637439846992493,0.0,277488,277516,2592891,277515,0,277516,STANDBY
-0.03999999910593033,-0.18000000715255737,9.819999694824219,0.0,0.0,0.0,1019.720947265625,19.350000381469727,0.4881363809108734,-0.11062335222959518,0,0,0.0,0.0,0.0,0,0,-0.00045777764171361923,-41.36000061035156,0.010071108117699623,-0.9635913968086243,0.0,277588,277616,2592987,277610,0,277616,STANDBY
-0.03999999910593033,-0.1899999976158142,9.800000190734863,0.0,0.0,0.0,1019.720947265625,19.350000381469727,0.4881363809108734,-0.07079894840717316,0,0,0.0,0.0,0.0,0,0,-0.0004882961511611938,-41.36000061035156,0.010010071098804474,-0.9631946682929993,0.0,277688,277716,2593082,277715,0,277716,STANDBY
-0.05000000074505806,-0.1899999976158142,9.819999694824219,0.0,0.0,0.0,1019.720947265625,19.350000381469727,0.4881363809108734,-0.045311328023672104,0,0,0.0,0.0,0.0,0,0,-0.0004272591322660446,-41.36000061035156,0.010071108117699623,-0.9634693264961243,0.0,277788,277816,2593177,277800,0,277816,STANDBY
-0.05000000074505806,-0.18000000715255737,9.829999923706055,0.0,0.0,0.0,1019.71923828125,19.350000381469727,0.5011187195777893,0.022930102422833443,0,0,0.0,0.0,0.0,0,0,-0.0004272591322660446,-41.36000061035156,0.010101626627147198,-0.963927149772644,0.0,277888,277916,2593292,277915,0,277916,STANDBY
-0.029999999329447746,-0.18000000715255737,9.819999694824219,0.0,0.0,0.0,1019.71923828125,19.350000381469727,0.5011187195777893,0.014675266109406948,0,0,0.0,0.0,0.0,0,0,-0.0004882961511611938,-41.36000061035156,0.010101626627147198,-0.964568018913269,0.0,277988,278016,2593387,278010,0,278016,STANDBY
-0.03999999910593033,-0.18000000715255737,9.819999694824219,0.0,0.0,0.0,1019.7176513671875,19.350000381469727,0.5141010880470276,0.05093575268983841,0,0,0.0,0.0,0.0,0,0,-0.0005798516795039177,-41.36000061035156,0.010040589608252048,-0.964629054069519,0.0,278088,278116,2593482,278106,0,278116,STANDBY
-0.05000000074505806,-0.1899999976158142,9.829999923706055,0.0,0.0,0.0,1019.7176513671875,19.350000381469727,0.5141010880470276,0.03259888291358948,0,0,0.0,0.0,0.0,0,0,-0.0005188146606087685,-41.36000061035156,0.010101626627147198,-0.964629054069519,0.0,278188,278216,2593577,278201,0,278216,STANDBY
-0.03999999910593033,-0.18000000715255737,9.829999923706055,0.0,0.0,0.0,1019.7176513671875,19.350000381469727,0.5141010880470276,0.020863285288214684,0,0,0.0,0.0,0.0,0,0,-0.0005798516795039177,-41.36000061035156,0.010071108117699623,-0.964506983757019,0.0,278288,278316,2593692,278315,0,278316,STANDBY
-0.05000000074505806,-0.1899999976158142,9.8100004196167,0.0,0.0,0.0,1019.7160034179688,19.350000381469727,0.5296798944473267,0.06320468336343765,0,0,0.0,0.0,0.0,0,0,-0.0005493331700563431,-41.36000061035156,0.010040589608252048,-0.963957667350769,0.0,278388,278416,2593787,278410,0,278416,STANDBY
-0.05000000074505806,-0.1899999976158142,9.8100004196167,0.0,0.0,0.0,1019.7160034179688,19.350000381469727,0.5296798944473267,0.05291404575109482,0,0,0.0,0.0,0.0,0,0,-0.0005493331700563431,-41.36000061035156,0.010193182155489922,-0.964354395866394,0.0,278488,278516,2593883,278505,0,278516,STANDBY
-0.05000000074505806,-0.1899999976158142,9.8100004196167,0.0,0.0,0.0,1019.7160034179688,19.350000381469727,0.5296798944473267,0.03386498987674713,0,0,0.0,0.0,0.0,0,0,-0.0005188146606087685,-41.36000061035156,0.010162663646042347,-0.964262843132019,0.0,278588,278616,2593978,278600,0,278616,STANDBY
-0.05000000074505806,-0.18000000715255737,9.819999694824219,0.0,0.0,0.0,1019.7176513671875,19.350000381469727,0.5141010880470276,-0.040641628205776215,0,0,0.0,0.0,0.0,0,0,-0.0004882961511611938,-41.36000061035156,0.010193182155489922,-0.9638660550117493,0.0,278688,278716,2594073,278716,0,278716,STANDBY
-0.03999999910593033,-0.18000000715255737,9.819999694824219,0.0,0.0,0.0,1019.7215576171875,19.350000381469727,0.48294344544410706,-0.15064121782779694,0,0,0.0,0.0,0.0,0,0,-0.0005188146606087685,-41.36000061035156,0.010071108117699623,-0.9636524319648743,0.0,278788,278816,2594188,278810,0,278816,STANDBY
-0.05000000074505806,-0.18000000715255737,9.819999694824219,0.0,0.0,0.0,1019.7215576171875,19.350000381469727,0.48294344544410706,-0.09641038626432419,0,0,0.0,0.0,0.0,0,0,-0.00039674062281847,-41.36000061035156,0.010132145136594772,-0.9634693264961243,0.0,278888,278916,2594283,278905,0,278916,STANDBY
-0.05000000074505806,-0.1899999976158142,9.819999694824219,0.0,0.0,0.0,1019.719970703125,19.350000381469727,0.49592578411102295,-0.009773295372724533,0,0,0.0,0.0,0.0,0,0,-0.00030518509447574615,-41.36000061035156,0.010162663646042347,-0.9634693264961243,0.0,278988,279016,2594378,279001,0,279016,STANDBY
-0.03999999910593033,-0.18000000715255737,9.819999694824219,0.0,0.0,0.0,1019.7183837890625,19.350000381469727,0.5089081525802612,0.035288672894239426,0,0,0.0,0.0,0.0,0,0,-0.00027466658502817154,-41.36000061035156,0.010132145136594772,-0.9636219143867493,0.0,279088,279116,2594492,279115,0,279116,STANDBY
-0.03999999910593033,-0.18000000715255737,9.8100004196167,0.0,0.0,0.0,1019.7167358398438,19.350000381469727,0.5218904614448547,0.06412813812494278,0,0,0.0,0.0,0.0,0,0,-0.00030518509447574615,-41.36000061035156,0.010040589608252048,-0.9637439846992493,0.0,279188,279216,2594587,279211,0,279216,STANDBY
-0.05000000074505806,-0.18000000715255737,9.819999694824219,0.0,0.0,0.0,1019.7150268554688,19.350000381469727,0.5374693274497986,0.09089437872171402,0,0,0.0,0.0,0.0,0,0,-0.0003662221133708954,-41.36000061035156,0.010101626627147198,-0.964232325553894,0.0,279288,279316,2594683,279306,0,279316,STANDBY
-0.05000000074505806,-0.1899999976158142,9.819999694824219,0.0,0.0,0.0,1019.7150268554688,19.350000381469727,0.5374693274497986,0.058172404766082764,0,0,0.0,0.0,0.0,0,0,-0.00027466658502817154,-41.36000061035156,0.010132145136594772,-0.964232325553894,0.0,279389,279416,2594779,279401,0,279416,STANDBY
-0.05000000074505806,-0.18000000715255737,9.819999694824219,0.0,0.0,0.0,1019.7134399414062,19.350000381469727,0.5504516363143921,0.07877372950315475,0,0,0.0,0.0,0.0,0,0,-0.0002441480755805969,-41.36000061035156,0.0099795525893569,-0.9636219143867493,0.0,279489,279516,2594892,279516,0,279516,STANDBY
-0.03999999910593033,-0.18000000715255737,9.8100004196167,0.0,0.0,0.0,1019.7157592773438,19.350000381469727,0.5296798944473267,-0.0056684911251068115,0,0,0.0,0.0,0.0,0,0,-0.00027466658502817154,-41.36000061035156,0.010040589608252048,-0.964384913444519,0.0,279589,279616,2594988,279611,0,279616,STANDBY
-0.03999999910593033,-0.18000000715255737,9.829999923706055,0.0,0.0,0.0,1019.7140502929688,19.350000381469727,0.5452587008476257,0.05868739262223244,0,0,0.0,0.0,0.0,0,0,-0.00033570360392332077,-41.36000061035156,0.00991851557046175,-0.964140772819519,0.0,279689,279718,2595083,279718,0,279718,STANDBY
-0.03999999910593033,-0.18000000715255737,9.829999923706055,0.0,0.0,0.0,1019.71240234375,19.350000381469727,0.558241069316864,0.0894894078373909,0,0,0.0,0.0,0.0,0,0,-0.0004882961511611938,-41.36000061035156,0.009887997061014175,-0.964323878288269,0.0,279789,279818,2595178,279801,0,279818,STANDBY
-0.05000000074505806,-0.18000000715255737,9.819999694824219,0.0,0.0,0.0,1019.71240234375,19.350000381469727,0.558241069316864,0.057273220270872116,0,0,0.0,0.0,0.0,0,0,-0.0004272591322660446,-41.36000061035156,0.009887997061014175,-0.963957667350769,0.0,279889,279918,2595293,279915,0,279918,STANDBY
-0.05000000074505806,-0.1899999976158142,9.819999694824219,0.0,0.0,0.0,1019.7107543945312,19.350000381469727,0.5712234377861023,0.08858433365821838,0,0,0.0,0.0,0.0,0,0,-0.0004882961511611938,-41.36000061035156,0.009887997061014175,-0.9637134671211243,0.0,279989,280018,2595388,280011,0,280018,STANDBY
-0.03999999910593033,-0.18000000715255737,9.84000015258789,0.0,0.0,0.0,1019.70751953125,19.350000381469727,0.5971881151199341,0.1397809535264969,0,0,0.0,0.0,0.0,0,0,-0.0004882961511611938,-41.36000061035156,0.00991851557046175,-0.9638355374336243,0.0,280089,280118,2595483,280107,0,280118,STANDBY
-0.03999999910593033,-0.18000000715255737,9.829999923706055,0.0,0.0,0.0,1019.70751953125,19.350000381469727,0.5971881151199341,0.08945981413125992,0,0,0.0,0.0,0.0,0,0,-0.00045777764171361923,-41.36000061035156,0.009887997061014175,-0.9633777737617493,0.0,280189,280218,2595578,280201,0,280218,STANDBY
-0.05000000074505806,-0.18000000715255737,9.819999694824219,0.0,0.0,0.0,1019.7091674804688,19.350000381469727,0.5842057466506958,0.015710705891251564,0,0,0.0,0.0,0.0,0,0,-0.0004272591322660446,-41.36000061035156,0.009887997061014175,-0.9631336331367493,0.0,280289,280318,2595693,280315,0,280318,STANDBY
-0.029999999329447746,-0.18000000715255737,9.8100004196167,0.0,0.0,0.0,1019.7091674804688,19.350000381469727,0.5842057466506958,0.01005485188215971,0,0,0.0,0.0,0.0,0,0,-0.0004882961511611938,-41.36000061035156,0.0098574785515666,-0.9634998440742493,0.0,280389,280418,2595788,280411,0,280418,STANDBY
-0.05000000074505806,-0.1899999976158142,9.829999923706055,0.0,0.0,0.0,1019.7091674804688,19.350000381469727,0.5842057466506958,0.006435105111449957,0,0,0.0,0.0,0.0,0,0,-0.0005493331700563431,-41.36000061035156,0.010071108117699623,-0.964110255241394,0.0,280489,280518,2595884,280506,0,280518,STANDBY
-0.03999999910593033,-0.18000000715255737,9.829999923706055,0.0,0.0,0.0,1019.7128295898438,19.360000610351562,0.5556445717811584,-0.08727729320526123,0,0,0.0,0.0,0.0,0,0,-0.0005493331700563431,-41.36000061035156,0.0099795525893569,-0.964140772819519,0.0,280589,280619,2595979,280601,0,280619,STANDBY
-0.03999999910593033,-0.17000000178813934,9.829999923706055,0.0,0.0,0.0,1019.7128295898438,19.360000610351562,0.5556445717811584,-0.05585746839642525,0,0,0.0,0.0,0.0,0,0,-0.00045777764171361923,-41.36000061035156,0.009887997061014175,-0.963927149772644,0.0,280689,280719,2596074,280717,0,280719,STANDBY
-0.05000000074505806,-0.1899999976158142,9.829999923706055,0.0,0.0,0.0,1019.7128295898438,19.360000610351562,0.5556445717811584,-0.03574877977371216,0,0,0.0,0.0,0.0,0,0,-0.0003662221133708954,-41.36000061035156,0.009887997061014175,-0.9638050198554993,0.0,280790,280819,2596188,280811,0,280819,STANDBY
-0.03999999910593033,-0.18000000715255737,9.819999694824219,0.0,0.0,0.0,1019.7128295898438,19.360000610351562,0.5556445717811584,-0.02287921868264675,0,0,0.0,0.0,0.0,0,0,-0.00039674062281847,-41.36000061035156,0.009887997061014175,-0.964079737663269,0.0,280890,280919,2596284,280906,0,280919,STANDBY
-0.03999999910593033,-0.18000000715255737,9.8100004196167,0.0,0.0,0.0,1019.7128295898438,19.360000610351562,0.5556445717811584,-0.014642700552940369,0,0,0.0,0.0,0.0,0,0,-0.0005188146606087685,-41.36000061035156,0.009796441532671452,-0.9638050198554993,0.0,280990,281019,2596379,281001,0,281019,STANDBY
-0.029999999329447746,-0.17000000178813934,9.819999694824219,0.0,0.0,0.0,1019.7167358398438,19.360000610351562,0.5218904614448547,-0.11738448590040207,0,0,0.0,0.0,0.0,0,0,-0.0006103701889514923,-41.36000061035156,0.009704886004328728,-0.9634693264961243,0.0,281090,281119,2596494,281116,0,281119,STANDBY
-0.03999999910593033,-0.17000000178813934,9.829999923706055,0.0,0.0,0.0,1019.7167358398438,19.360000610351562,0.5218904614448547,-0.07512607425451279,0,0,0.0,0.0,0.0,0,0,-0.0006714072078466415,-41.36000061035156,0.009643848985433578,-0.9633167386054993,0.0,281190,281219,2596589,281211,0,281219,STANDBY
-0.05000000074505806,-0.1899999976158142,9.819999694824219,0.0,0.0,0.0,1019.7151489257812,19.360000610351562,0.534872829914093,-0.006537109613418579,0,0,0.0,0.0,0.0,0,0,-0.0006103701889514923,-41.36000061035156,0.009826960042119026,-0.9634082913398743,0.0,281290,281319,2596684,281307,0,281319,STANDBY
-0.03999999910593033,-0.1899999976158142,9.819999694824219,0.0,0.0,0.0,1019.7151489257812,19.360000610351562,0.534872829914093,-0.004183750133961439,0,0,0.0,0.0,0.0,0,0,-0.0006714072078466415,-41.36000061035156,0.0098574785515666,-0.9634693264961243,0.0,281390,281419,2596780,281402,0,281419,STANDBY
-0.03999999910593033,-0.1899999976158142,9.819999694824219,0.0,0.0,0.0,1019.7135009765625,19.360000610351562,0.5504516363143921,0.04717458039522171,0,0,0.0,0.0,0.0,0,0,-0.0007324442267417908,-41.36000061035156,0.009949034079909325,-0.9634693264961243,0.0,281490,281519,2596894,281517,0,281519,STANDBY
-0.03999999910593033,-0.18000000715255737,9.819999694824219,0.0,0.0,0.0,1019.7118530273438,19.360000610351562,0.5634340047836304,0.08212120831012726,0,0,0.0,0.0,0.0,0,0,-0.0007629627361893654,-41.36000061035156,0.0099795525893569,-0.9634082913398743,0.0,281590,281619,2596989,281612,0,281619,STANDBY
-0.03999999910593033,-0.1899999976158142,9.819999694824219,0.0,0.0,0.0,1019.7101440429688,19.360000610351562,0.5764163732528687,0.10448704659938812,0,0,0.0,0.0,0.0,0,0,-0.0006408886983990669,-41.36000061035156,0.010071108117699623,-0.9638050198554993,0.0,281690,281719,2597085,281718,0,281719,STANDBY
-0.05000000074505806,-0.1899999976158142,9.819999694824219,0.0,0.0,0.0,1019.7142333984375,19.360000610351562,0.5426622629165649,-0.06814473122358322,0,0,0.0,0.0,0.0,0,0,-0.0005798516795039177,-41.36000061035156,0.010071108117699623,-0.9638355374336243,0.0,281790,281819,2597180,281803,0,281819,STANDBY
-0.05000000074505806,-0.18000000715255737,9.819999694824219,0.0,0.0,0.0,1019.7142333984375,19.360000610351562,0.5426622629165649,-0.04361262917518616,0,0,0.0,0.0,0.0,0,0,-0.0004272591322660446,-41.36000061035156,0.0099795525893569,-0.9625843167304993,0.0,281890,281919,2597295,281917,0,281919,STANDBY
-0.03999999910593033,-0.18000000715255737,9.8100004196167,0.0,0.0,0.0,1019.7125244140625,19.360000610351562,0.558241069316864,0.03440314158797264,0,0,0.0,0.0,0.0,0,0,-0.0004272591322660446,-41.36000061035156,0.010040589608252048,-0.9631336331367493,0.0,281990,282019,2597390,282012,0,282019,STANDBY
-0.05000000074505806,-0.1899999976158142,9.8100004196167,0.0,0.0,0.0,1019.7125244140625,19.360000610351562,0.558241069316864,0.022018011659383774,0,0,0.0,0.0,0.0,0,0,-0.0004882961511611938,-41.36000061035156,0.010101626627147198,-0.9631031155586243,0.0,282090,282119,2597485,282107,0,282119,STANDBY
-0.03999999910593033,-0.18000000715255737,9.819999694824219,0.0,0.0,0.0,1019.7125244140625,19.360000610351562,0.558241069316864,0.01409152802079916,0,0,0.0,0.0,0.0,0,0,-0.0004882961511611938,-41.36000061035156,0.010132145136594772,-0.9634082913398743,0.0,282190,282219,2597580,282203,0,282219,STANDBY
-0.05000000074505806,-0.18000000715255737,9.819999694824219,0.0,0.0,0.0,1019.7125244140625,19.360000610351562,0.558241069316864,0.009018578566610813,0,0,0.0,0.0,0.0,0,0,-0.00045777764171361923,-41.36000061035156,0.010101626627147198,-0.9636219143867493,0.0,282290,282319,2597694,282317,0,282319,STANDBY
-0.029999999329447746,-0.18000000715255737,9.819999694824219,0.0,0.0,0.0,1019.7142333984375,19.360000610351562,0.5426622629165649,-0.04408029094338417,0,0,0.0,0.0,0.0,0,0,-0.0006103701889514923,-41.36000061035156,0.010071108117699623,-0.9638050198554993,0.0,282390,282419,2597790,282413,0,282419,STANDBY
-0.03999999910593033,-0.18000000715255737,9.819999694824219,0.0,0.0,0.0,1019.7125244140625,19.360000610351562,0.558241069316864,0.02164079248905182,0,0,0.0,0.0,0.0,0,0,-0.0006103701889514923,-41.36000061035156,0.010040589608252048,-0.9637745022773743,0.0,282490,282519,2597885,282508,0,282519,STANDBY
-0.03999999910593033,-0.1899999976158142,9.8100004196167,0.0,0.0,0.0,1019.7109375,19.360000610351562,0.5712234377861023,0.05539368465542793,0,0,0.0,0.0,0.0,0,0,-0.0005798516795039177,-41.36000061035156,0.010040589608252048,-0.964262843132019,0.0,282590,282619,2597981,282603,0,282619,STANDBY
-0.05000000074505806,-0.1899999976158142,9.819999694824219,0.0,0.0,0.0,1019.7075805664062,19.360000610351562,0.5971881151199341,0.13931067287921906,0,0,0.0,0.0,0.0,0,0,-0.0005798516795039177,-41.36000061035156,0.010071108117699623,-0.964262843132019,0.0,282690,282720,2598076,282720,0,282720,STANDBY
-0.05000000074505806,-0.18000000715255737,9.819999694824219,0.0,0.0,0.0,1019.7075805664062,19.360000610351562,0.5971881151199341,0.08915883302688599,0,0,0.0,0.0,0.0,0,0,-0.0004882961511611938,-41.36000061035156,0.010162663646042347,-0.964262843132019,0.0,282790,282820,2598191,282813,0,282820,STANDBY
-0.05000000074505806,-0.18000000715255737,9.819999694824219,0.0,0.0,0.0,1019.7132568359375,19.360000610351562,0.5504516363143921,-0.1298842579126358,0,0,0.0,0.0,0.0,0,0,-0.00033570360392332077,-41.36000061035156,0.010193182155489922,-0.964201807975769,0.0,282890,282920,2598286,282908,0,282920,STANDBY
-0.05000000074505806,-0.18000000715255737,9.819999694824219,0.0,0.0,0.0,1019.71484375,19.360000610351562,0.5374693274497986,-0.13505515456199646,0,0,0.0,0.0,0.0,0,0,-0.00033570360392332077,-41.36000061035156,0.010223700664937496,-0.964629054069519,0.0,282990,283020,2598381,283004,0,283020,STANDBY
-0.05000000074505806,-0.18000000715255737,9.819999694824219,0.0,0.0,0.0,1019.7164916992188,19.360000610351562,0.5244869589805603,-0.138364776968956,0,0,0.0,0.0,0.0,0,0,-0.00033570360392332077,-41.36000061035156,0.010193182155489922,-0.964598536491394,0.0,283090,283120,2598496,283118,0,283120,STANDBY
-0.05000000074505806,-0.18000000715255737,9.8100004196167,0.0,0.0,0.0,1019.7164916992188,19.360000610351562,0.5244869589805603,-0.08855345845222473,0,0,0.0,0.0,0.0,0,0,-0.00030518509447574615,-41.36000061035156,0.010193182155489922,-0.964659571647644,0.0,283190,283220,2598591,283213,0,283220,STANDBY
-0.05000000074505806,-0.17000000178813934,9.819999694824219,0.0,0.0,0.0,1019.71484375,19.360000610351562,0.5374693274497986,-0.015130633488297462,0,0,0.0,0.0,0.0,0,0,-0.00039674062281847,-41.36000061035156,0.010162663646042347,-0.964720606803894,0.0,283290,283320,2598686,283309,0,283320,STANDBY
-0.05000000074505806,-0.18000000715255737,9.819999694824219,0.0,0.0,0.0,1019.71484375,19.360000610351562,0.5374693274497986,-0.009683605283498764,0,0,0.0,0.0,0.0,0,0,-0.00039674062281847,-41.36000061035156,0.010101626627147198,-0.964751124382019,0.0,283390,283420,2598781,283405,0,283420,STANDBY
-0.05000000074505806,-0.18000000715255737,9.8100004196167,0.0,0.0,0.0,1019.7164916992188,19.360000610351562,0.5244869589805603,-0.047741085290908813,0,0,0.0,0.0,0.0,0,0,-0.00027466658502817154,-41.36000061035156,0.010071108117699623,-0.965269923210144,0.0,283490,283520,2598896,283520,0,283520,STANDBY
-0.03999999910593033,-0.18000000715255737,9.8100004196167,0.0,0.0,0.0,1019.71484375,19.360000610351562,0.5374693274497986,0.021375179290771484,0,0,0.0,0.0,0.0,0,0,-0.00033570360392332077,-41.36000061035156,0.009949034079909325,-0.964781641960144,0.0,283590,283620,2598991,283615,0,283620,STANDBY
-0.05000000074505806,-0.18000000715255737,9.8100004196167,0.0,0.0,0.0,1019.71484375,19.360000610351562,0.5374693274497986,0.013680115342140198,0,0,0.0,0.0,0.0,0,0,-0.00030518509447574615,-41.36000061035156,0.009887997061014175,-0.964537501335144,0.0,283691,283720,2599087,283718,0,283720,STANDBY
-0.029999999329447746,-0.18000000715255737,9.819999694824219,0.0,0.0,0.0,1019.71484375,19.360000610351562,0.5374693274497986,0.00875527411699295,0,0,0.0,0.0,0.0,0,0,-0.00039674062281847,-41.36000061035156,0.0098574785515666,-0.964171290397644,0.0,283791,283820,2599183,283805,0,283820,STANDBY
-0.03999999910593033,-0.18000000715255737,9.819999694824219,0.0,0.0,0.0,1019.7132568359375,19.360000610351562,0.5504516363143921,0.05753261223435402,0,0,0.0,0.0,0.0,0,0,-0.00045777764171361923,-41.36000061035156,0.009796441532671452,-0.9635303616523743,0.0,283891,283920,2599278,283900,0,283920,STANDBY
-0.03999999910593033,-0.18000000715255737,9.819999694824219,0.0,0.0,0.0,1019.7185668945312,19.3700008392334,0.5089081525802612,-0.12935306131839752,0,0,0.0,0.0,0.0,0,0,-0.0004272591322660446,-41.36000061035156,0.00991851557046175,-0.964110255241394,0.0,283991,284020,2599393,284015,0,284020,STANDBY
-0.03999999910593033,-0.18000000715255737,9.829999923706055,0.0,0.0,0.0,1019.7185668945312,19.3700008392334,0.5089081525802612,-0.0827859565615654,0,0,0.0,0.0,0.0,0,0,-0.0005798516795039177,-41.36000061035156,0.00991851557046175,-0.9637745022773743,0.0,284091,284120,2599488,284110,0,284120,STANDBY
-0.05000000074505806,-0.18000000715255737,9.819999694824219,0.0,0.0,0.0,1019.7168579101562,19.3700008392334,0.5218904614448547,-0.011439627967774868,0,0,0.0,0.0,0.0,0,0,-0.0006103701889514923,-41.36000061035156,0.009887997061014175,-0.963988184928894,0.0,284191,284220,2599583,284207,0,284220,STANDBY
-0.05000000074505806,-0.17000000178813934,9.819999694824219,0.0,0.0,0.0,1019.7152099609375,19.3700008392334,0.534872829914093,0.03422221541404724,0,0,0.0,0.0,0.0,0,0,-0.0005798516795039177,-41.36000061035156,0.0098574785515666,-0.964079737663269,0.0,284291,284320,2599678,284302,0,284320,STANDBY
-0.05000000074505806,-0.18000000715255737,9.819999694824219,0.0,0.0,0.0,1019.713623046875,19.3700008392334,0.5478551983833313,0.0634457990527153,0,0,0.0,0.0,0.0,0,0,-0.00045777764171361923,-41.36000061035156,0.00991851557046175,-0.964140772819519,0.0,284391,284420,2599793,284417,0,284420,STANDBY
-0.05000000074505806,-0.17000000178813934,9.829999923706055,0.0,0.0,0.0,1019.713623046875,19.3700008392334,0.5478551983833313,0.04060531407594681,0,0,0.0,0.0,0.0,0,0,-0.0004882961511611938,-41.36000061035156,0.009887997061014175,-0.963988184928894,0.0,284491,284520,2599888,284512,0,284520,STANDBY
-0.03999999910593033,-0.1899999976158142,9.829999923706055,0.0,0.0,0.0,1019.7120361328125,19.3700008392334,0.5608375072479248,0.0675307884812355,0,0,0.0,0.0,0.0,0,0,-0.0005493331700563431,-41.36000061035156,0.009949034079909325,-0.964384913444519,0.0,284591,284620,2599984,284607,0,284620,STANDBY
-0.05000000074505806,-0.18000000715255737,9.819999694824219,0.0,0.0,0.0,1019.7120361328125,19.3700008392334,0.5608375072479248,0.043219707906246185,0,0,0.0,0.0,0.0,0,0,-0.0004882961511611938,-41.36000061035156,0.0099795525893569,-0.964568018913269,0.0,284691,284720,2600079,284719,0,284720,STANDBY
-0.03999999910593033,-0.18000000715255737,9.829999923706055,0.0,0.0,0.0,1019.713623046875,19.3700008392334,0.5478551983833313,-0.0242686215788126,0,0,0.0,0.0,0.0,0,0,-0.0005493331700563431,-41.36000061035156,0.0099795525893569,-0.964659571647644,0.0,284791,284820,2600194,284817,0,284820,STANDBY
-0.03999999910593033,-0.1599999964237213,9.819999694824219,0.0,0.0,0.0,1019.713623046875,19.3700008392334,0.5478551983833313,-0.015531918965280056,0,0,0.0,0.0,0.0,0,0,-0.0005798516795039177,-41.36000061035156,0.009887997061014175,-0.964598536491394,0.0,284891,284920,2600289,284912,0,284920,STANDBY
-0.03999999910593033,-0.17000000178813934,9.8100004196167,0.0,0.0,0.0,1019.713623046875,19.3700008392334,0.5478551983833313,-0.009940428659319878,0,0,0.0,0.0,0.0,0,0,-0.0005188146606087685,-41.36000061035156,0.009796441532671452,-0.964354395866394,0.0,284991,285020,2600385,285007,0,285020,STANDBY
-0.05000000074505806,-0.18000000715255737,9.819999694824219,0.0,0.0,0.0,1019.7159423828125,19.3700008392334,0.5296798944473267,-0.07906308770179749,0,0,0.0,0.0,0.0,0,0,-0.0005188146606087685,-41.36000061035156,0.009826960042119026,-0.964171290397644,0.0,285091,285120,2600480,285104,0,285120,STANDBY
-0.03999999910593033,-0.18000000715255737,9.819999694824219,0.0,0.0,0.0,1019.7159423828125,19.3700008392334,0.5296798944473267,-0.05060037970542908,0,0,0.0,0.0,0.0,0,0,-0.0004882961511611938,-41.36000061035156,0.009765923023223877,-0.9637134671211243,0.0,285192,285220,2600595,285217,0,285220,STANDBY
-0.05000000074505806,-0.18000000715255737,9.819999694824219,0.0,0.0,0.0,1019.7142944335938,19.3700008392334,0.5426622629165649,0.009159335866570473,0,0,0.0,0.0,0.0,0,0,-0.0004272591322660446,-41.36000061035156,0.009826960042119026,-0.9638660550117493,0.0,285292,285320,2600690,285313,0,285320,STANDBY
-0.03999999910593033,-0.1899999976158142,9.819999694824219,0.0,0.0,0.0,1019.7142944335938,19.3700008392334,0.5426622629165649,0.005861974786967039,0,0,0.0,0.0,0.0,0,0,-0.0004882961511611938,-41.36000061035156,0.00991851557046175,-0.964110255241394,0.0,285392,285420,2600785,285409,0,285420,STANDBY
-0.03999999910593033,-0.18000000715255737,9.829999923706055,0.0,0.0,0.0,1019.7142944335938,19.3700008392334,0.5426622629165649,0.0037516639567911625,0,0,0.0,0.0,0.0,0,0,-0.0005493331700563431,-41.36000061035156,0.009887997061014175,-0.964171290397644,0.0,285492,285520,2600881,285504,0,285520,STANDBY
-0.03999999910593033,-0.17000000178813934,9.819999694824219,0.0,0.0,0.0,1019.7142944335938,19.3700008392334,0.5426622629165649,0.0024010648485273123,0,0,0.0,0.0,0.0,0,0,-0.0005798516795039177,-41.36000061035156,0.0098574785515666,-0.964690089225769,0.0,285592,285620,2600995,285618,0,285620,STANDBY
-0.05000000074505806,-0.17000000178813934,9.819999694824219,0.0,0.0,0.0,1019.712646484375,19.3700008392334,0.5556445717811584,0.04308007284998894,0,0,0.0,0.0,0.0,0,0,-0.0005188146606087685,-41.36000061035156,0.009796441532671452,-0.964476466178894,0.0,285692,285722,2601091,285722,0,285722,STANDBY
-0.05000000074505806,-0.18000000715255737,9.819999694824219,0.0,0.0,0.0,1019.712646484375,19.3700008392334,0.5556445717811584,0.027571246027946472,0,0,0.0,0.0,0.0,0,0,-0.00039674062281847,-41.36000061035156,0.009826960042119026,-0.964445948600769,0.0,285792,285822,2601186,285809,0,285822,STANDBY
-0.03999999910593033,-0.1899999976158142,9.819999694824219,0.0,0.0,0.0,1019.7109985351562,19.3700008392334,0.5686269402503967,0.06957507133483887,0,0,0.0,0.0,0.0,0,0,-0.0004272591322660446,-41.36000061035156,0.009887997061014175,-0.964140772819519,0.0,285892,285922,2601282,285904,0,285922,STANDBY
-0.05000000074505806,-0.18000000715255737,9.819999694824219,0.0,0.0,0.0,1019.7109985351562,19.3700008392334,0.5686269402503967,0.0445280484855175,0,0,0.0,0.0,0.0,0,0,-0.0003662221133708954,-41.36000061035156,0.0099795525893569,-0.964720606803894,0.0,285992,286022,2601396,286019,0,286022,STANDBY
-0.03999999910593033,-0.1899999976158142,9.829999923706055,0.0,0.0,0.0,1019.7093505859375,19.3700008392334,0.581609308719635,0.08042742311954498,0,0,0.0,0.0,0.0,0,0,-0.00045777764171361923,-41.36000061035156,0.010040589608252048,-0.964201807975769,0.0,286092,286123,2601492,286114,0,286123,STANDBY
-0.03999999910593033,-0.1899999976158142,9.819999694824219,0.0,0.0,0.0,1019.7076416015625,19.3700008392334,0.5971881151199341,0.10132572799921036,0,0,0.0,0.0,0.0,0,0,-0.0004882961511611938,-41.36000061035156,0.010101626627147198,-0.964476466178894,0.0,286192,286223,2601587,286211,0,286223,STANDBY
-0.05000000074505806,-0.18000000715255737,9.829999923706055,0.0,0.0,0.0,1019.704345703125,19.3700008392334,0.6231527924537659,0.1479354351758957,0,0,0.0,0.0,0.0,0,0,-0.0004882961511611938,-41.36000061035156,0.010010071098804474,-0.964140772819519,0.0,286292,286323,2601682,286306,0,286323,STANDBY
-0.05000000074505806,-0.18000000715255737,9.819999694824219,0.0,0.0,0.0,1019.704345703125,19.3700008392334,0.6231527924537659,0.09467868506908417,0,0,0.0,0.0,0.0,0,0,-0.0004882961511611938,-41.36000061035156,0.009949034079909325,-0.9635913968086243,0.0,286392,286423,2601797,286419,0,286423,STANDBY
-0.03999999910593033,-0.18000000715255737,9.8100004196167,0.0,0.0,0.0,1019.7028198242188,19.3700008392334,0.6361351609230042,0.10213794559240341,0,0,0.0,0.0,0.0,0,0,-0.0005188146606087685,-41.36000061035156,0.00991851557046175,-0.9632862210273743,0.0,286492,286523,2601892,286516,0,286523,STANDBY
-0.05000000074505806,-0.18000000715255737,9.8100004196167,0.0,0.0,0.0,1019.7067260742188,19.3700008392334,0.604977548122406,-0.03433607146143913,0,0,0.0,0.0,0.0,0,0,-0.0005188146606087685,-41.36000061035156,0.009949034079909325,-0.9633167386054993,0.0,286592,286623,2601988,286611,0,286623,STANDBY
-0.05000000074505806,-0.18000000715255737,9.819999694824219,0.0,0.0,0.0,1019.705078125,19.3700008392334,0.6179598569869995,0.029954148456454277,0,0,0.0,0.0,0.0,0,0,-0.0004882961511611938,-41.36000061035156,0.010040589608252048,-0.9638660550117493,0.0,286692,286723,2602083,286721,0,286723,STANDBY
-0.05000000074505806,-0.18000000715255737,9.819999694824219,0.0,0.0,0.0,1019.7067260742188,19.3700008392334,0.604977548122406,-0.03275857865810394,0,0,0.0,0.0,0.0,0,0,-0.0003662221133708954,-41.36000061035156,0.0099795525893569,-0.9635913968086243,0.0,286792,286823,2602198,286821,0,286823,STANDBY
-0.05000000074505806,-0.18000000715255737,9.819999694824219,0.0,0.0,0.0,1019.705078125,19.3700008392334,0.6179598569869995,0.03096374310553074,0,0,0.0,0.0,0.0,0,0,-0.00030518509447574615,-41.36000061035156,0.0099795525893569,-0.9637745022773743,0.0,286892,286923,2602293,286916,0,286923,STANDBY
-0.05000000074505806,-0.18000000715255737,9.819999694824219,0.0,0.0,0.0,1019.7067260742188,19.3700008392334,0.604977548122406,-0.03211243823170662,0,0,0.0,0.0,0.0,0,0,-0.0003662221133708954,-41.36000061035156,0.0099795525893569,-0.9637439846992493,0.0,286992,287023,2602388,287011,0,287023,STANDBY
-0.03999999910593033,-0.1899999976158142,9.819999694824219,0.0,0.0,0.0,1019.705078125,19.3700008392334,0.6179598569869995,0.03137727454304695,0,0,0.0,0.0,0.0,0,0,-0.00033570360392332077,-41.36000061035156,0.0099795525893569,-0.9637439846992493,0.0,287092,287123,2602484,287107,0,287123,STANDBY
-0.05000000074505806,-0.1899999976158142,9.8100004196167,0.0,0.0,0.0,1019.7073974609375,19.3700008392334,0.5997846126556396,-0.05261952057480812,0,0,0.0,0.0,0.0,0,0,-0.00039674062281847,-41.36000061035156,0.010071108117699623,-0.9637134671211243,0.0,287192,287223,2602598,287221,0,287223,STANDBY
-0.05000000074505806,-0.1899999976158142,9.819999694824219,0.0,0.0,0.0,1019.7073974609375,19.3700008392334,0.5997846126556396,-0.03367649391293526,0,0,0.0,0.0,0.0,0,0,-0.0004882961511611938,-41.36000061035156,0.010193182155489922,-0.963896632194519,0.0,287292,287323,2602694,287316,0,287323,STANDBY
-0.03999999910593033,-0.18000000715255737,9.819999694824219,0.0,0.0,0.0,1019.7073974609375,19.3700008392334,0.5997846126556396,-0.021552955731749535,0,0,0.0,0.0,0.0,0,0,-0.0005188146606087685,-41.36000061035156,0.010162663646042347,-0.964201807975769,0.0,287392,287423,2602789,287412,0,287423,STANDBY
-0.05000000074505806,-0.1899999976158142,9.829999923706055,0.0,0.0,0.0,1019.705810546875,19.3700008392334,0.6127669215202332,0.027749497443437576,0,0,0.0,0.0,0.0,0,0,-0.0004882961511611938,-41.36000061035156,0.010193182155489922,-0.964354395866394,0.0,287492,287523,2602885,287507,0,287523,STANDBY
-0.05000000074505806,-0.1899999976158142,9.819999694824219,0.0,0.0,0.0,1019.705810546875,19.3700008392334,0.6127669215202332,0.01775967888534069,0,0,0.0,0.0,0.0,0,0,-0.0005188146606087685,-41.36000061035156,0.010193182155489922,-0.964232325553894,0.0,287592,287623,2602999,287622,0,287623,STANDBY
-0.03999999910593033,-0.18000000715255737,9.819999694824219,0.0,0.0,0.0,1019.7073974609375,19.3700008392334,0.5997846126556396,-0.030177194625139236,0,0,0.0,0.0,0.0,0,0,-0.0005798516795039177,-41.36000061035156,0.010223700664937496,-0.964384913444519,0.0,287692,287723,2603095,287721,0,287723,STANDBY
-0.05000000074505806,-0.1899999976158142,9.829999923706055,0.0,0.0,0.0,1019.7073974609375,19.3700008392334,0.5997846126556396,-0.019313406199216843,0,0,0.0,0.0,0.0,0,0,-0.0006103701889514923,-41.36000061035156,0.010193182155489922,-0.964537501335144,0.0,287792,287823,2603190,287813,0,287823,STANDBY
-0.05000000074505806,-0.18000000715255737,9.819999694824219,0.0,0.0,0.0,1019.7073974609375,19.3700008392334,0.5997846126556396,-0.012360580265522003,0,0,0.0,0.0,0.0,0,0,-0.0005188146606087685,-41.36000061035156,0.010101626627147198,-0.9637439846992493,0.0,287892,287923,2603285,287908,0,287923,STANDBY
-0.05000000074505806,-0.1899999976158142,9.829999923706055,0.0,0.0,0.0,1019.7073974609375,19.3700008392334,0.5997846126556396,-0.00791077222675085,0,0,0.0,0.0,0.0,0,0,-0.00045777764171361923,-41.36000061035156,0.010101626627147198,-0.9636219143867493,0.0,287992,288023,2603400,288023,0,288023,STANDBY
-0.05000000074505806,-0.18000000715255737,9.829999923706055,0.0,0.0,0.0,1019.7073974609375,19.3700008392334,0.5997846126556396,-0.005062894430011511,0,0,0.0,0.0,0.0,0,0,-0.00039674062281847,-41.36000061035156,0.010071108117699623,-0.963927149772644,0.0,288093,288123,2603495,288118,0,288123,STANDBY
-0.05999999865889549,-0.17000000178813934,9.8100004196167,0.0,0.0,0.0,1019.705810546875,19.3700008392334,0.6127669215202332,0.04868898168206215,0,0,0.0,0.0,0.0,0,0,-0.00030518509447574615,-41.36000061035156,0.010071108117699623,-0.963927149772644,0.0,288193,288223,2603590,288214,0,288223,STANDBY
-0.03999999910593033,-0.18000000715255737,9.8100004196167,0.0,0.0,0.0,1019.705810546875,19.3700008392334,0.6127669215202332,0.031160948798060417,0,0,0.0,0.0,0.0,0,0,-0.00030518509447574615,-41.36000061035156,0.010101626627147198,-0.963988184928894,0.0,288293,288323,2603685,288309,0,288323,STANDBY
-0.03999999910593033,-0.18000000715255737,9.8100004196167,0.0,0.0,0.0,1019.7081298828125,19.3799991607666,0.5919951796531677,-0.04652656614780426,0,0,0.0,0.0,0.0,0,0,-0.00027466658502817154,-41.36000061035156,0.010071108117699623,-0.963896632194519,0.0,288393,288423,2603782,288404,0,288423,STANDBY
-0.05000000074505806,-0.18000000715255737,9.8100004196167,0.0,0.0,0.0,1019.7025146484375,19.3700008392334,0.6387316584587097,0.11977972835302353,0,0,0.0,0.0,0.0,0,0,-0.00027466658502817154,-41.36000061035156,0.010010071098804474,-0.9636524319648743,0.0,288493,288523,2603895,288519,0,288523,STANDBY
-0.05000000074505806,-0.18000000715255737,9.819999694824219,0.0,0.0,0.0,1019.7041625976562,19.3700008392334,0.6257492899894714,0.035115450620651245,0,0,0.0,0.0,0.0,0,0,-0.0002136295661330223,-41.36000061035156,0.010071108117699623,-0.963896632194519,0.0,288593,288623,2603992,288614,0,288623,STANDBY
-0.03999999910593033,-0.1899999976158142,9.819999694824219,0.0,0.0,0.0,1019.705810546875,19.3700008392334,0.6127669215202332,-0.019069692119956017,0,0,0.0,0.0,0.0,0,0,-0.0002441480755805969,-41.36000061035156,0.010040589608252048,-0.9634388089179993,0.0,288693,288723,2604087,288720,0,288723,STANDBY
-0.03999999910593033,-0.17000000178813934,9.8100004196167,0.0,0.0,0.0,1019.7081298828125,19.3799991607666,0.5919951796531677,-0.07867418229579926,0,0,0.0,0.0,0.0,0,0,-0.00030518509447574615,-41.36000061035156,0.009949034079909325,-0.9632862210273743,0.0,288793,288823,2604182,288805,0,288823,STANDBY
-0.05999999865889549,-0.18000000715255737,9.8100004196167,0.0,0.0,0.0,1019.7097778320312,19.3799991607666,0.5790128111839294,-0.10228095203638077,0,0,0.0,0.0,0.0,0,0,-0.0002136295661330223,-41.36000061035156,0.0099795525893569,-0.9635913968086243,0.0,288893,288923,2604297,288919,0,288923,STANDBY
-0.05000000074505806,-0.1899999976158142,9.800000190734863,0.0,0.0,0.0,1019.7097778320312,19.3799991607666,0.5790128111839294,-0.06545981019735336,0,0,0.0,0.0,0.0,0,0,-0.0001831110566854477,-41.36000061035156,0.010101626627147198,-0.964201807975769,0.0,288993,289024,2604392,289014,0,289024,STANDBY
-0.03999999910593033,-0.18000000715255737,9.819999694824219,0.0,0.0,0.0,1019.7097778320312,19.3799991607666,0.5790128111839294,-0.041894279420375824,0,0,0.0,0.0,0.0,0,0,-0.00027466658502817154,-41.36000061035156,0.010071108117699623,-0.964293360710144,0.0,289093,289124,2604487,289110,0,289124,STANDBY
-0.03999999910593033,-0.18000000715255737,9.819999694824219,0.0,0.0,0.0,1019.7097778320312,19.3799991607666,0.5790128111839294,-0.026812339201569557,0,0,0.0,0.0,0.0,0,0,-0.0003662221133708954,-41.36000061035156,0.010101626627147198,-0.964476466178894,0.0,289193,289224,2604582,289206,0,289224,STANDBY
-0.05000000074505806,-0.20000000298023224,9.819999694824219,0.0,0.0,0.0,1019.7097778320312,19.3799991607666,0.5790128111839294,-0.017159897834062576,0,0,0.0,0.0,0.0,0,0,-0.00039674062281847,-41.36000061035156,0.010223700664937496,-0.964171290397644,0.0,289293,289324,2604697,289319,0,289324,STANDBY
-0.05000000074505806,-0.18000000715255737,9.819999694824219,0.0,0.0,0.0,1019.7081298828125,19.3799991607666,0.5919951796531677,0.03056124411523342,0,0,0.0,0.0,0.0,0,0,-0.00039674062281847,-41.36000061035156,0.010284737683832645,-0.964720606803894,0.0,289393,289424,2604792,289415,0,289424,STANDBY
-0.05000000074505806,-0.18000000715255737,9.819999694824219,0.0,0.0,0.0,1019.7081298828125,19.3799991607666,0.5919951796531677,0.01955919712781906,0,0,0.0,0.0,0.0,0,0,-0.00039674062281847,-41.36000061035156,0.010193182155489922,-0.964903712272644,0.0,289494,289524,2604888,289510,0,289524,STANDBY
-0.03999999910593033,-0.18000000715255737,9.819999694824219,0.0,0.0,0.0,1019.7081298828125,19.3799991607666,0.5919951796531677,0.012517886236310005,0,0,0.0,0.0,0.0,0,0,-0.00045777764171361923,-41.36000061035156,0.010071108117699623,-0.964659571647644,0.0,289594,289624,2604983,289606,0,289624,STANDBY
-0.05000000074505806,-0.1899999976158142,9.819999694824219,0.0,0.0,0.0,1019.7081298828125,19.3799991607666,0.5919951796531677,0.008011448197066784,0,0,0.0,0.0,0.0,0,0,-0.0004272591322660446,-41.36000061035156,0.010071108117699623,-0.964354395866394,0.0,289694,289724,2605078,289724,0,289724,STANDBY
-0.03999999910593033,-0.18000000715255737,9.819999694824219,0.0,0.0,0.0,1019.7081298828125,19.3799991607666,0.5919951796531677,0.005127327051013708,0,0,0.0,0.0,0.0,0,0,-0.0004272591322660446,-41.36000061035156,0.010132145136594772,-0.964232325553894,0.0,289794,289824,2605192,289815,0,289824,STANDBY
-0.03999999910593033,-0.18000000715255737,9.819999694824219,0.0,0.0,0.0,1019.7081298828125,19.3799991607666,0.5919951796531677,0.0032814894802868366,0,0,0.0,0.0,0.0,0,0,-0.0005493331700563431,-41.36000061035156,0.010040589608252048,-0.9638050198554993,0.0,289894,289924,2605288,289910,0,289924,STANDBY
-0.03999999910593033,-0.17000000178813934,9.819999694824219,0.0,0.0,0.0,1019.7064208984375,19.3799991607666,0.6075739860534668,0.06441538035869598,0,0,0.0,0.0,0.0,0,0,-0.0005188146606087685,-41.36000061035156,0.010040589608252048,-0.964354395866394,0.0,289994,290024,2605383,290006,0,290024,STANDBY
-0.05000000074505806,-0.1899999976158142,9.819999694824219,0.0,0.0,0.0,1019.7081298828125,19.3799991607666,0.5919951796531677,-0.021089378744363785,0,0,0.0,0.0,0.0,0,0,-0.0005188146606087685,-41.36000061035156,0.010071108117699623,-0.964232325553894,0.0,290094,290124,2605497,290120,0,290124,STANDBY
-0.05000000074505806,-0.1899999976158142,9.819999694824219,0.0,0.0,0.0,1019.7081298828125,19.3799991607666,0.5919951796531677,-0.013497202657163143,0,0,0.0,0.0,0.0,0,0,-0.00045777764171361923,-41.36000061035156,0.010132145136594772,-0.964171290397644,0.0,290194,290224,2605592,290215,0,290224,STANDBY
-0.03999999910593033,-0.18000000715255737,9.819999694824219,0.0,0.0,0.0,1019.7081298828125,19.3799991607666,0.5919951796531677,-0.008638209663331509,0,0,0.0,0.0,0.0,0,0,-0.00045777764171361923,-41.36000061035156,0.010162663646042347,-0.964079737663269,0.0,290294,290324,2605688,290311,0,290324,STANDBY
-0.05000000074505806,-0.17000000178813934,9.819999694824219,0.0,0.0,0.0,1019.7081298828125,19.3799991607666,0.5919951796531677,-0.005528454203158617,0,0,0.0,0.0,0.0,0,0,-0.00039674062281847,-41.36000061035156,0.010071108117699623,-0.963896632194519,0.0,290394,290424,2605784,290406,0,290424,STANDBY
-0.03999999910593033,-0.17000000178813934,9.819999694824219,0.0,0.0,0.0,1019.7064208984375,19.3799991607666,0.6075739860534668,0.046313971281051636,0,0,0.0,0.0,0.0,0,0,-0.00039674062281847,-41.36000061035156,0.009887997061014175,-0.963957667350769,0.0,290494,290524,2605897,290521,0,290524,STANDBY
-0.03999999910593033,-0.1899999976158142,9.819999694824219,0.0,0.0,0.0,1019.7081298828125,19.3799991607666,0.5919951796531677,-0.02021123841404915,0,0,0.0,0.0,0.0,0,0,-0.00045777764171361923,-41.36000061035156,0.009949034079909325,-0.963988184928894,0.0,290594,290624,2605993,290616,0,290624,STANDBY
-0.05000000074505806,-0.18000000715255737,9.819999694824219,0.0,0.0,0.0,1019.7041625976562,19.3700008392334,0.6257492899894714,0.09507796168327332,0,0,0.0,0.0,0.0,0,0,-0.00045777764171361923,-41.36000061035156,0.010010071098804474,-0.964262843132019,0.0,290694,290724,2606089,290721,0,290724,STANDBY
-0.05000000074505806,-0.18000000715255737,9.8100004196167,0.0,0.0,0.0,1019.7081298828125,19.3799991607666,0.5919951796531677,-0.047163255512714386,0,0,0.0,0.0,0.0,0,0,-0.00039674062281847,-41.36000061035156,0.010071108117699623,-0.964354395866394,0.0,290794,290824,2606184,290806,0,290824,STANDBY
-0.05000000074505806,-0.18000000715255737,9.819999694824219,0.0,0.0,0.0,1019.7041625976562,19.3700008392334,0.6257492899894714,0.10483195632696152,0,0,0.0,0.0,0.0,0,0,-0.0003662221133708954,-41.36000061035156,0.010101626627147198,-0.964323878288269,0.0,290894,290924,2606299,290921,0,290924,STANDBY
-0.03999999910593033,-0.18000000715255737,9.819999694824219,0.0,0.0,0.0,1019.7081298828125,19.3799991607666,0.5919951796531677,-0.06792398542165756,0,0,0.0,0.0,0.0,0,0,-0.0004272591322660446,-41.36000061035156,0.010101626627147198,-0.964110255241394,0.0,290994,291024,2606394,291016,0,291024,STANDBY
-0.05000000074505806,-0.18000000715255737,9.8100004196167,0.0,0.0,0.0,1019.7081298828125,19.3799991607666,0.5919951796531677,-0.04347135126590729,0,0,0.0,0.0,0.0,0,0,-0.00039674062281847,-41.36000061035156,0.010071108117699623,-0.9637134671211243,0.0,291094,291124,2606489,291112,0,291124,STANDBY
-0.03999999910593033,-0.1899999976158142,9.829999923706055,0.0,0.0,0.0,1019.7097778320312,19.3799991607666,0.5790128111839294,-0.0797511413693428,0,0,0.0,0.0,0.0,0,0,-0.0004272591322660446,-41.36000061035156,0.010101626627147198,-0.9637745022773743,0.0,291194,291224,2606584,291208,0,291224,STANDBY
-0.03999999910593033,-0.18000000715255737,9.819999694824219,0.0,0.0,0.0,1019.7073974609375,19.3700008392334,0.5997846126556396,0.032046470791101456,0,0,0.0,0.0,0.0,0,0,-0.0004882961511611938,-41.36000061035156,0.010040589608252048,-0.964079737663269,0.0,291294,291324,2606699,291322,0,291324,STANDBY
-0.05000000074505806,-0.18000000715255737,9.819999694824219,0.0,0.0,0.0,1019.7090454101562,19.3700008392334,0.5842057466506958,-0.02934262715280056,0,0,0.0,0.0,0.0,0,0,-0.00045777764171361923,-41.36000061035156,0.010162663646042347,-0.964476466178894,0.0,291394,291424,2606794,291418,0,291424,STANDBY
-0.05000000074505806,-0.18000000715255737,9.819999694824219,0.0,0.0,0.0,1019.7090454101562,19.3700008392334,0.5842057466506958,-0.01877928338944912,0,0,0.0,0.0,0.0,0,0,-0.00039674062281847,-41.36000061035156,0.010071108117699623,-0.964598536491394,0.0,291494,291524,2606889,291513,0,291524,STANDBY
-0.05000000074505806,-0.1899999976158142,9.8100004196167,0.0,0.0,0.0,1019.7090454101562,19.3700008392334,0.5842057466506958,-0.01201874203979969,0,0,0.0,0.0,0.0,0,0,-0.00033570360392332077,-41.36000061035156,0.010132145136594772,-0.964293360710144,0.0,291594,291624,2606985,291608,0,291624,STANDBY
-0.05000000074505806,-0.18000000715255737,9.8100004196167,0.0,0.0,0.0,1019.7090454101562,19.3700008392334,0.5842057466506958,-0.007691995240747929,0,0,0.0,0.0,0.0,0,0,-0.00033570360392332077,-41.36000061035156,0.010132145136594772,-0.964476466178894,0.0,291694,291724,2607080,291723,0,291724,STANDBY
-0.05000000074505806,-0.18000000715255737,9.819999694824219,0.0,0.0,0.0,1019.7090454101562,19.3700008392334,0.5842057466506958,-0.004922877065837383,0,0,0.0,0.0,0.0,0,0,-0.00033570360392332077,-41.36000061035156,0.010071108117699623,-0.964201807975769,0.0,291794,291824,2607195,291818,0,291824,STANDBY
-0.029999999329447746,-0.18000000715255737,9.819999694824219,0.0,0.0,0.0,1019.7090454101562,19.3700008392334,0.5842057466506958,-0.0031506416853517294,0,0,0.0,0.0,0.0,0,0,-0.00045777764171361923,-41.36000061035156,0.010101626627147198,-0.964293360710144,0.0,291894,291924,2607290,291913,0,291924,STANDBY
-0.03999999910593033,-0.18000000715255737,9.819999694824219,0.0,0.0,0.0,1019.713134765625,19.3799991607666,0.5530481338500977,-0.12664686143398285,0,0,0.0,0.0,0.0,0,0,-0.0005188146606087685,-41.36000061035156,0.010071108117699623,-0.964537501335144,0.0,291994,292024,2607386,292008,0,292024,STANDBY
-0.05000000074505806,-0.18000000715255737,9.8100004196167,0.0,0.0,0.0,1019.713134765625,19.3799991607666,0.5530481338500977,-0.08105399459600449,0,0,0.0,0.0,0.0,0,0,-0.0004882961511611938,-41.36000061035156,0.010101626627147198,-0.964293360710144,0.0,292094,292124,2607500,292123,0,292124,STANDBY
-0.03999999910593033,-0.18000000715255737,9.819999694824219,0.0,0.0,0.0,1019.71142578125,19.3799991607666,0.5660305023193359,5.4914504289627075e-05,0,0,0.0,0.0,0.0,0,0,-0.00045777764171361923,-41.36000061035156,0.010071108117699623,-0.964049220085144,0.0,292194,292224,2607595,292218,0,292224,STANDBY
-0.05000000074505806,-0.18000000715255737,9.829999923706055,0.0,0.0,0.0,1019.71142578125,19.3799991607666,0.5660305023193359,3.514528361847624e-05,0,0,0.0,0.0,0.0,0,0,-0.0004272591322660446,-41.36000061035156,0.010071108117699623,-0.964415431022644,0.0,292294,292324,2607690,292314,0,292324,STANDBY
-0.029999999329447746,-0.18000000715255737,9.819999694824219,0.0,0.0,0.0,1019.7097778320312,19.3799991607666,0.5790128111839294,0.04156588017940521,0,0,0.0,0.0,0.0,0,0,-0.0005493331700563431,-41.36000061035156,0.010101626627147198,-0.964842677116394,0.0,292395,292424,2607787,292409,0,292424,STANDBY
-0.03999999910593033,-0.1899999976158142,9.819999694824219,0.0,0.0,0.0,1019.7097778320312,19.3799991607666,0.5790128111839294,0.026602163910865784,0,0,0.0,0.0,0.0,0,0,-0.0006408886983990669,-41.36000061035156,0.010071108117699623,-0.964690089225769,0.0,292495,292524,2607882,292505,0,292524,STANDBY
-0.05000000074505806,-0.1899999976158142,9.8100004196167,0.0,0.0,0.0,1019.7097778320312,19.3799991607666,0.5790128111839294,0.017025386914610863,0,0,0.0,0.0,0.0,0,0,-0.0005493331700563431,-41.36000061035156,0.010162663646042347,-0.964140772819519,0.0,292595,292624,2607996,292620,0,292624,STANDBY
-0.05000000074505806,-0.1899999976158142,9.819999694824219,0.0,0.0,0.0,1019.71142578125,19.3799991607666,0.5660305023193359,-0.030647141858935356,0,0,0.0,0.0,0.0,0,0,-0.0005798516795039177,-41.36000061035156,0.010223700664937496,-0.964384913444519,0.0,292695,292725,2608092,292725,0,292725,STANDBY
-0.05000000074505806,-0.1899999976158142,9.819999694824219,0.0,0.0,0.0,1019.71142578125,19.3799991607666,0.5660305023193359,-0.009228277951478958,0,0,0.0,0.0,0.0,0,0,-0.0005188146606087685,-41.36000061035156,0.01025421917438507,-0.964049220085144,0.0,292795,292825,2608187,292810,0,292825,STANDBY
-0.03999999910593033,-0.17000000178813934,9.8100004196167,0.0,0.0,0.0,1019.7097778320312,19.3799991607666,0.5790128111839294,0.046023137867450714,0,0,0.0,0.0,0.0,0,0,-0.0005188146606087685,-41.36000061035156,0.010010071098804474,-0.9636219143867493,0.0,292895,292925,2608282,292905,0,292925,STANDBY
-0.05000000074505806,-0.18000000715255737,9.819999694824219,0.0,0.0,0.0,1019.71142578125,19.3799991607666,0.5660305023193359,-0.02247442491352558,0,0,0.0,0.0,0.0,0,0,-0.0004882961511611938,-41.36000061035156,0.0099795525893569,-0.9636524319648743,0.0,292995,293025,2608397,293020,0,293025,STANDBY
-0.05000000074505806,-0.18000000715255737,9.829999923706055,0.0,0.0,0.0,1019.7097778320312,19.3799991607666,0.5790128111839294,0.03754560276865959,0,0,0.0,0.0,0.0,0,0,-0.0004882961511611938,-41.36000061035156,0.009949034079909325,-0.9636524319648743,0.0,293095,293125,2608493,293115,0,293125,STANDBY
-0.05000000074505806,-0.18000000715255737,9.819999694824219,0.0,0.0,0.0,1019.7097778320312,19.3799991607666,0.5790128111839294,0.024029185995459557,0,0,0.0,0.0,0.0,0,0,-0.0003662221133708954,-41.36000061035156,0.0099795525893569,-0.964049220085144,0.0,293195,293225,2608588,293211,0,293225,STANDBY
-0.05000000074505806,-0.18000000715255737,9.819999694824219,0.0,0.0,0.0,1019.71142578125,19.3799991607666,0.5660305023193359,-0.036550555378198624,0,0,0.0,0.0,0.0,0,0,-0.00033570360392332077,-41.36000061035156,0.010010071098804474,-0.964445948600769,0.0,293295,293325,2608684,293307,0,293325,STANDBY
-0.05000000074505806,-0.18000000715255737,9.819999694824219,0.0,0.0,0.0,1019.7097778320312,19.3799991607666,0.5790128111839294,0.01815103366971016,0,0,0.0,0.0,0.0,0,0,-0.00033570360392332077,-41.36000061035156,0.010010071098804474,-0.964140772819519,0.0,293395,293425,2608798,293422,0,293425,STANDBY
-0.03999999910593033,-0.1899999976158142,9.8100004196167,0.0,0.0,0.0,1019.7097778320312,19.3799991607666,0.5790128111839294,0.011616661213338375,0,0,0.0,0.0,0.0,0,0,-0.0004882961511611938,-41.36000061035156,0.010071108117699623,-0.964232325553894,0.0,293495,293525,2608893,293517,0,293525,STANDBY
-0.03999999910593033,-0.18000000715255737,9.8100004196167,0.0,0.0,0.0,1019.7097778320312,19.3799991607666,0.5790128111839294,0.007434663362801075,0,0,0.0,0.0,0.0,0,0,-0.0004882961511611938,-41.36000061035156,0.010101626627147198,-0.963927149772644,0.0,293595,293625,2608989,293612,0,293625,STANDBY
-0.05000000074505806,-0.1899999976158142,9.819999694824219,0.0,0.0,0.0,1019.7097778320312,19.3799991607666,0.5790128111839294,0.004758184775710106,0,0,0.0,0.0,0.0,0,0,-0.00045777764171361923,-41.36000061035156,0.010162663646042347,-0.9635303616523743,0.0,293695,293725,2609085,293723,0,293725,STANDBY
-0.03999999910593033,-0.17000000178813934,9.819999694824219,0.0,0.0,0.0,1019.7097778320312,19.3799991607666,0.5790128111839294,0.003045238321647048,0,0,0.0,0.0,0.0,0,0,-0.0004882961511611938,-41.36000061035156,0.010162663646042347,-0.964079737663269,0.0,293795,293825,2609199,293822,0,293825,STANDBY
-0.029999999329447746,-0.1899999976158142,9.8100004196167,0.0,0.0,0.0,1019.71142578125,19.3799991607666,0.5660305023193359,-0.0499802827835083,0,0,0.0,0.0,0.0,0,0,-0.0006103701889514923,-41.36000061035156,0.010162663646042347,-0.964323878288269,0.0,293896,293925,2609295,293917,0,293925,STANDBY
-0.029999999329447746,-0.1899999976158142,9.819999694824219,0.0,0.0,0.0,1019.71142578125,19.3799991607666,0.5660305023193359,-0.03198738023638725,0,0,0.0,0.0,0.0,0,0,-0.0006714072078466415,-41.36000061035156,0.010193182155489922,-0.964262843132019,0.0,293996,294025,2609390,294012,0,294025,STANDBY
-0.05000000074505806,-0.1899999976158142,9.819999694824219,0.0,0.0,0.0,1019.7097778320312,19.3799991607666,0.5790128111839294,0.031457312405109406,0,0,0.0,0.0,0.0,0,0,-0.0007019257172942162,-41.36000061035156,0.010162663646042347,-0.964262843132019,0.0,294096,294125,2609485,294109,0,294125,STANDBY
-0.05000000074505806,-0.1899999976158142,9.8100004196167,0.0,0.0,0.0,1019.71142578125,19.3799991607666,0.5660305023193359,-0.03179655224084854,0,0,0.0,0.0,0.0,0,0,-0.0006103701889514923,-41.36000061035156,0.01025421917438507,-0.964415431022644,0.0,294196,294225,2609600,294223,0,294225,STANDBY
-0.05000000074505806,-0.18000000715255737,9.819999694824219,0.0,0.0,0.0,1019.71142578125,19.3799991607666,0.5660305023193359,-0.020349793136119843,0,0,0.0,0.0,0.0,0,0,-0.0005188146606087685,-41.36000061035156,0.010132145136594772,-0.964354395866394,0.0,294296,294325,2609695,294318,0,294325,STANDBY
-0.05000000074505806,-0.1899999976158142,9.8100004196167,0.0,0.0,0.0,1019.71142578125,19.3799991607666,0.5660305023193359,-0.013023868203163147,0,0,0.0,0.0,0.0,0,0,-0.00045777764171361923,-41.36000061035156,0.010132145136594772,-0.963927149772644,0.0,294396,294425,2609790,294414,0,294425,STANDBY
-0.05000000074505806,-0.1899999976158142,9.819999694824219,0.0,0.0,0.0,1019.7073974609375,19.3700008392334,0.5997846126556396,0.09967788308858871,0,0,0.0,0.0,0.0,0,0,-0.00039674062281847,-41.36000061035156,0.010162663646042347,-0.964110255241394,0.0,294496,294525,2609886,294509,0,294525,STANDBY
-0.03999999910593033,-0.17000000178813934,9.819999694824219,0.0,0.0,0.0,1019.7090454101562,19.3700008392334,0.5842057466506958,0.013941473327577114,0,0,0.0,0.0,0.0,0,0,-0.00039674062281847,-41.36000061035156,0.010162663646042347,-0.964476466178894,0.0,294596,294625,2610000,294624,0,294625,STANDBY
-0.05000000074505806,-0.17000000178813934,9.819999694824219,0.0,0.0,0.0,1019.7107543945312,19.3700008392334,0.5712234377861023,-0.03262084349989891,0,0,0.0,0.0,0.0,0,0,-0.00045777764171361923,-41.36000061035156,0.010101626627147198,-0.964506983757019,0.0,294696,294725,2610096,294721,0,294725,STANDBY
-0.05000000074505806,-0.18000000715255737,9.819999694824219,0.0,0.0,0.0,1019.7123413085938,19.3700008392334,0.558241069316864,-0.06242091581225395,0,0,0.0,0.0,0.0,0,0,-0.00039674062281847,-41.36000061035156,0.010193182155489922,-0.9616992473602295,0.0,294796,294825,2610191,294814,0,294825,STANDBY
-0.05000000074505806,-0.18000000715255737,9.819999694824219,0.0,0.0,0.0,1019.7123413085938,19.3700008392334,0.558241069316864,-0.039949387311935425,0,0,0.0,0.0,0.0,0,0,-0.00030518509447574615,-41.36000061035156,0.010162663646042347,-0.9617602825164795,0.0,294896,294925,2610286,294909,0,294925,STANDBY
-0.05000000074505806,-0.1899999976158142,9.819999694824219,0.0,0.0,0.0,1019.7100219726562,19.3700008392334,0.5764163732528687,0.04713360592722893,0,0,0.0,0.0,0.0,0,0,-0.00033570360392332077,-41.36000061035156,0.010223700664937496,-0.9621570706367493,0.0,294996,295025,2610401,295024,0,295025,STANDBY
-0.03999999910593033,-0.18000000715255737,9.8100004196167,0.0,0.0,0.0,1019.7100219726562,19.3700008392334,0.5764163732528687,0.03016550838947296,0,0,0.0,0.0,0.0,0,0,-0.00033570360392332077,-41.36000061035156,0.010132145136594772,-0.9626453518867493,0.0,295096,295126,2610497,295119,0,295126,STANDBY
-0.05000000074505806,-0.18000000715255737,9.819999694824219,0.0,0.0,0.0,1019.7139892578125,19.3700008392334,0.5452587008476257,-0.10532476007938385,0,0,0.0,0.0,0.0,0,0,-0.00033570360392332077,-41.36000061035156,0.010162663646042347,-0.9631336331367493,0.0,295196,295226,2610592,295215,0,295226,STANDBY
-0.05000000074505806,-0.17000000178813934,9.819999694824219,0.0,0.0,0.0,1019.7139892578125,19.3700008392334,0.5452587008476257,-0.06740784645080566,0,0,0.0,0.0,0.0,0,0,-0.00030518509447574615,-41.36000061035156,0.010193182155489922,-0.9637439846992493,0.0,295296,295326,2610688,295311,0,295326,STANDBY
-0.03999999910593033,-0.18000000715255737,9.829999923706055,0.0,0.0,0.0,1019.7139892578125,19.3700008392334,0.5452587008476257,-0.04314102232456207,0,0,0.0,0.0,0.0,0,0,-0.0003662221133708954,-41.36000061035156,0.010132145136594772,-0.964171290397644,0.0,295396,295426,2610802,295425,0,295426,STANDBY
-0.03999999910593033,-0.17000000178813934,9.819999694824219,0.0,0.0,0.0,1019.7139892578125,19.3700008392334,0.5452587008476257,-0.027610255405306816,0,0,0.0,0.0,0.0,0,0,-0.0003662221133708954,-41.36000061035156,0.011535996571183205,-0.9696340560913086,0.0,295496,295526,2610897,295521,0,295526,STANDBY
-0.03999999910593033,-0.1899999976158142,9.829999923706055,0.0,0.0,0.0,1019.7156372070312,19.3700008392334,0.5322763919830322,-0.05921395495533943,0,0,0.0,0.0,0.0,0,0,-0.00045777764171361923,-41.36000061035156,0.011078218929469585,-0.9680166244506836,0.0,295596,295626,2610993,295616,0,295626,STANDBY
-0.03999999910593033,-0.1899999976158142,9.8100004196167,0.0,0.0,0.0,1019.7156372070312,19.3700008392334,0.5322763919830322,-0.037896931171417236,0,0,0.0,0.0,0.0,0,0,-0.0005798516795039177,-41.36000061035156,0.010834070853888988,-0.9672231078147888,0.0,295696,295726,2611089,295723,0,295726,STANDBY
-0.03999999910593033,-0.1899999976158142,9.819999694824219,0.0,0.0,0.0,1019.7156372070312,19.3700008392334,0.5322763919830322,-0.02425403706729412,0,0,0.0,0.0,0.0,0,0,-0.0006408886983990669,-41.36000061035156,0.010620441287755966,-0.9668568968772888,0.0,295796,295826,2611184,295806,0,295826,STANDBY
-0.05000000074505806,-0.18000000715255737,9.819999694824219,0.0,0.0,0.0,1019.7084350585938,19.3700008392334,0.5893986821174622,0.17765459418296814,0,0,0.0,0.0,0.0,0,0,-0.0006103701889514923,-41.36000061035156,0.010345774702727795,-0.965758204460144,0.0,295896,295926,2611299,295921,0,295926,STANDBY
-0.029999999329447746,-0.1899999976158142,9.819999694824219,0.0,0.0,0.0,1019.7123413085938,19.3700008392334,0.558241069316864,-0.010931499302387238,0,0,0.0,0.0,0.0,0,0,-0.0007019257172942162,-41.36000061035156,0.010284737683832645,-0.965269923210144,0.0,295996,296026,2611394,296016,0,296026,STANDBY
-0.03999999910593033,-0.1899999976158142,9.8100004196167,0.0,0.0,0.0,1019.7084350585938,19.3700008392334,0.5893986821174622,0.11763428896665573,0,0,0.0,0.0,0.0,0,0,-0.0007019257172942162,-41.36000061035156,0.010284737683832645,-0.964140772819519,0.0,296096,296126,2611489,296113,0,296126,STANDBY
-0.05000000074505806,-0.18000000715255737,9.819999694824219,0.0,0.0,0.0,1019.7067260742188,19.3700008392334,0.604977548122406,0.13760140538215637,0,0,0.0,0.0,0.0,0,0,-0.0006408886983990669,-41.36000061035156,0.010284737683832645,-0.9637134671211243,0.0,296196,296226,2611585,296208,0,296226,STANDBY
-0.05000000074505806,-0.17000000178813934,9.819999694824219,0.0,0.0,0.0,1019.7067260742188,19.3700008392334,0.604977548122406,0.08806490153074265,0,0,0.0,0.0,0.0,0,0,-0.0007019257172942162,-41.36000061035156,0.010193182155489922,-0.9637439846992493,0.0,296296,296326,2611699,296323,0,296326,STANDBY
-0.05000000074505806,-0.18000000715255737,9.819999694824219,0.0,0.0,0.0,1019.7084350585938,19.3700008392334,0.5893986821174622,-0.005953926593065262,0,0,0.0,0.0,0.0,0,0,-0.0006408886983990669,-41.36000061035156,0.010101626627147198,-0.9638660550117493,0.0,296396,296426,2611794,296418,0,296426,STANDBY
-0.03999999910593033,-0.18000000715255737,9.8100004196167,0.0,0.0,0.0,1019.7067260742188,19.3700008392334,0.604977548122406,0.046041857451200485,0,0,0.0,0.0,0.0,0,0,-0.0006408886983990669,-41.36000061035156,0.010101626627147198,-0.964171290397644,0.0,296496,296526,2611890,296513,0,296526,STANDBY
-0.03999999910593033,-0.1899999976158142,9.819999694824219,0.0,0.0,0.0,1019.705078125,19.3700008392334,0.6179598569869995,0.07101017981767654,0,0,0.0,0.0,0.0,0,0,-0.0006103701889514923,-41.36000061035156,0.010071108117699623,-0.964049220085144,0.0,296596,296626,2611985,296608,0,296626,STANDBY
-0.03999999910593033,-0.1899999976158142,9.819999694824219,0.0,0.0,0.0,1019.705078125,19.3700008392334,0.6179598569869995,0.04544651508331299,0,0,0.0,0.0,0.0,0,0,-0.0005798516795039177,-41.36000061035156,0.010071108117699623,-0.964201807975769,0.0,296696,296726,2612100,296722,0,296726,STANDBY
-0.05000000074505806,-0.18000000715255737,9.8100004196167,0.0,0.0,0.0,1019.7034301757812,19.3700008392334,0.6309422254562378,0.0698147639632225,0,0,0.0,0.0,0.0,0,0,-0.0004882961511611938,-41.36000061035156,0.010132145136594772,-0.9637745022773743,0.0,296797,296826,2612195,296818,0,296826,STANDBY
-0.03999999910593033,-0.18000000715255737,9.819999694824219,0.0,0.0,0.0,1019.701904296875,19.3700008392334,0.6439245939254761,0.09661092609167099,0,0,0.0,0.0,0.0,0,0,-0.0004272591322660446,-41.36000061035156,0.010010071098804474,-0.9634998440742493,0.0,296897,296926,2612291,296913,0,296926,STANDBY
-0.05000000074505806,-0.18000000715255737,9.819999694824219,0.0,0.0,0.0,1019.7001342773438,19.3700008392334,0.6569069027900696,0.11376023292541504,0,0,0.0,0.0,0.0,0,0,-0.00045777764171361923,-41.36000061035156,0.010101626627147198,-0.964232325553894,0.0,296997,297026,2612386,297009,0,297026,STANDBY
-0.05000000074505806,-0.18000000715255737,9.819999694824219,0.0,0.0,0.0,1019.7001342773438,19.3700008392334,0.6569069027900696,0.07280655205249786,0,0,0.0,0.0,0.0,0,0,-0.0003662221133708954,-41.36000061035156,0.010010071098804474,-0.964384913444519,0.0,297097,297126,2612500,297123,0,297126,STANDBY
-0.05000000074505806,-0.18000000715255737,9.819999694824219,0.0,0.0,0.0,1019.698486328125,19.3700008392334,0.6724857687950134,0.1089116632938385,0,0,0.0,0.0,0.0,0,0,-0.0003662221133708954,-41.36000061035156,0.010040589608252048,-0.964568018913269,0.0,297197,297226,2612595,297219,0,297226,STANDBY
-0.03999999910593033,-0.17000000178813934,9.819999694824219,0.0,0.0,0.0,1019.698486328125,19.3700008392334,0.6724857687950134,0.06970346719026566,0,0,0.0,0.0,0.0,0,0,-0.0004272591322660446,-41.36000061035156,0.0099795525893569,-0.964751124382019,0.0,297297,297326,2612690,297314,0,297326,STANDBY
-0.029999999329447746,-0.18000000715255737,9.819999694824219,0.0,0.0,0.0,1019.7008666992188,19.3700008392334,0.6517139673233032,-0.038476984947919846,0,0,0.0,0.0,0.0,0,0,-0.0005493331700563431,-41.36000061035156,0.0098574785515666,-0.964232325553894,0.0,297397,297426,2612787,297409,0,297426,STANDBY
-0.05000000074505806,-0.18000000715255737,9.8100004196167,0.0,0.0,0.0,1019.7008666992188,19.3700008392334,0.6517139673233032,-0.024625269696116447,0,0,0.0,0.0,0.0,0,0,-0.0005493331700563431,-41.36000061035156,0.009887997061014175,-0.9638050198554993,0.0,297497,297526,2612900,297524,0,297526,STANDBY
-0.03999999910593033,-0.18000000715255737,9.819999694824219,0.0,0.0,0.0,1019.7008666992188,19.3700008392334,0.6517139673233032,-0.01576017402112484,0,0,0.0,0.0,0.0,0,0,-0.0005493331700563431,-41.36000061035156,0.0099795525893569,-0.964079737663269,0.0,297597,297626,2612997,297619,0,297626,STANDBY
-0.05000000074505806,-0.1899999976158142,9.829999923706055,0.0,0.0,0.0,1019.7008666992188,19.3700008392334,0.6517139673233032,-0.010086512193083763,0,0,0.0,0.0,0.0,0,0,-0.0005493331700563431,-41.36000061035156,0.00991851557046175,-0.964354395866394,0.0,297697,297726,2613092,297721,0,297726,STANDBY
-0.029999999329447746,-0.18000000715255737,9.819999694824219,0.0,0.0,0.0,1019.69921875,19.3700008392334,0.6646963357925415,0.03508821129798889,0,0,0.0,0.0,0.0,0,0,-0.0005188146606087685,-41.36000061035156,0.0099795525893569,-0.964903712272644,0.0,297797,297826,2613187,297810,0,297826,STANDBY
-0.03999999910593033,-0.1899999976158142,9.819999694824219,0.0,0.0,0.0,1019.69921875,19.3700008392334,0.6646963357925415,0.02245645597577095,0,0,0.0,0.0,0.0,0,0,-0.0005188146606087685,-41.36000061035156,0.009949034079909325,-0.964842677116394,0.0,297897,297926,2613302,297925,0,297926,STANDBY
-0.03999999910593033,-0.18000000715255737,9.8100004196167,0.0,0.0,0.0,1019.69921875,19.3700008392334,0.6646963357925415,0.01437213271856308,0,0,0.0,0.0,0.0,0,0,-0.0005188146606087685,-41.36000061035156,0.009949034079909325,-0.964842677116394,0.0,297997,298027,2613397,298020,0,298027,STANDBY
-0.05000000074505806,-0.1899999976158142,9.819999694824219,0.0,0.0,0.0,1019.7008666992188,19.3700008392334,0.6517139673233032,-0.042731307446956635,0,0,0.0,0.0,0.0,0,0,-0.0005188146606087685,-41.36000061035156,0.009949034079909325,-0.964964747428894,0.0,298097,298127,2613492,298116,0,298127,STANDBY
-0.03999999910593033,-0.18000000715255737,9.819999694824219,0.0,0.0,0.0,1019.7008666992188,19.3700008392334,0.6517139673233032,-0.02734803967177868,0,0,0.0,0.0,0.0,0,0,-0.0005798516795039177,-41.36000061035156,0.010071108117699623,-0.965269923210144,0.0,298198,298227,2613588,298211,0,298227,STANDBY
-0.05000000074505806,-0.18000000715255737,9.829999923706055,0.0,0.0,0.0,1019.7008666992188,19.3700008392334,0.6517139673233032,-0.017502745613455772,0,0,0.0,0.0,0.0,0,0,-0.0005493331700563431,-41.36000061035156,0.010010071098804474,-0.965361475944519,0.0,298298,298327,2613702,298326,0,298327,STANDBY
-0.05000000074505806,-0.18000000715255737,9.8100004196167,0.0,0.0,0.0,1019.7008666992188,19.3700008392334,0.6517139673233032,-0.01120175700634718,0,0,0.0,0.0,0.0,0,0,-0.0005798516795039177,-41.36000061035156,0.010071108117699623,-0.965544581413269,0.0,298398,298427,2613797,298421,0,298427,STANDBY
-0.03999999910593033,-0.18000000715255737,9.819999694824219,0.0,0.0,0.0,1019.69921875,19.3700008392334,0.6646963357925415,0.034374456852674484,0,0,0.0,0.0,0.0,0,0,-0.0005493331700563431,-41.36000061035156,0.010101626627147198,-0.965208888053894,0.0,298498,298527,2613894,298516,0,298527,STANDBY
-0.03999999910593033,-0.18000000715255737,9.829999923706055,0.0,0.0,0.0,1019.69921875,19.3700008392334,0.6646963357925415,0.021999653428792953,0,0,0.0,0.0,0.0,0,0,-0.0004882961511611938,-41.36000061035156,0.010071108117699623,-0.965208888053894,0.0,298598,298627,2613989,298612,0,298627,STANDBY
-0.05000000074505806,-0.18000000715255737,9.8100004196167,0.0,0.0,0.0,1019.697509765625,19.3700008392334,0.6802751421928406,0.06393196433782578,0,0,0.0,0.0,0.0,0,0,-0.0005188146606087685,-41.36000061035156,0.010071108117699623,-0.964659571647644,0.0,298698,298727,2614104,298726,0,298727,STANDBY
-0.03999999910593033,-0.18000000715255737,9.8100004196167,0.0,0.0,0.0,1019.69921875,19.3700008392334,0.6646963357925415,-0.008935722522437572,0,0,0.0,0.0,0.0,0,0,-0.0004882961511611938,-41.36000061035156,0.010040589608252048,-0.964537501335144,0.0,298798,298827,2614199,298821,0,298827,STANDBY
-0.05000000074505806,-0.18000000715255737,9.819999694824219,0.0,0.0,0.0,1019.69921875,19.3700008392334,0.6646963357925415,-0.005718862637877464,0,0,0.0,0.0,0.0,0,0,-0.0005188146606087685,-41.36000061035156,0.010071108117699623,-0.964598536491394,0.0,298898,298927,2614294,298917,0,298927,STANDBY
-0.05000000074505806,-0.18000000715255737,9.819999694824219,0.0,0.0,0.0,1019.7008666992188,19.3700008392334,0.6517139673233032,-0.055589545518159866,0,0,0.0,0.0,0.0,0,0,-0.0004272591322660446,-41.36000061035156,0.010101626627147198,-0.964232325553894,0.0,298998,299027,2614389,299013,0,299027,STANDBY
-0.05000000074505806,-0.1899999976158142,9.8100004196167,0.0,0.0,0.0,1019.7064208984375,19.3799991607666,0.6075739860534668,-0.21213723719120026,0,0,0.0,0.0,0.0,0,0,-0.00039674062281847,-41.36000061035156,0.010040589608252048,-0.964476466178894,0.0,299098,299127,2614504,299127,0,299127,STANDBY
-0.05000000074505806,-0.17000000178813934,9.819999694824219,0.0,0.0,0.0,1019.7064208984375,19.3799991607666,0.6075739860534668,-0.1357678323984146,0,0,0.0,0.0,0.0,0,0,-0.00039674062281847,-41.36000061035156,0.010040589608252048,-0.964384913444519,0.0,299198,299227,2614599,299223,0,299227,STANDBY
-0.03999999910593033,-0.18000000715255737,9.8100004196167,0.0,0.0,0.0,1019.7064208984375,19.3799991607666,0.6075739860534668,-0.08689141273498535,0,0,0.0,0.0,0.0,0,0,-0.0004272591322660446,-41.36000061035156,0.010040589608252048,-0.964598536491394,0.0,299298,299327,2614694,299318,0,299327,STANDBY
-0.05000000074505806,-0.17000000178813934,9.8100004196167,0.0,0.0,0.0,1019.7064208984375,19.3799991607666,0.6075739860534668,-0.05561050772666931,0,0,0.0,0.0,0.0,0,0,-0.0004272591322660446,-41.36000061035156,0.009949034079909325,-0.964323878288269,0.0,299398,299427,2614790,299413,0,299427,STANDBY
-0.05000000074505806,-0.1899999976158142,9.8100004196167,0.0,0.0,0.0,1019.7064208984375,19.3799991607666,0.6075739860534668,-0.035590726882219315,0,0,0.0,0.0,0.0,0,0,-0.00045777764171361923,-41.36000061035156,0.010010071098804474,-0.964415431022644,0.0,299498,299527,2614886,299508,0,299527,STANDBY
-0.05000000074505806,-0.18000000715255737,9.819999694824219,0.0,0.0,0.0,1019.704833984375,19.3799991607666,0.6205563545227051,0.018765514716506004,0,0,0.0,0.0,0.0,0,0,-0.0004272591322660446,-41.36000061035156,0.010101626627147198,-0.964629054069519,0.0,299598,299627,2615000,299623,0,299627,STANDBY
-0.05000000074505806,-0.1899999976158142,9.819999694824219,0.0,0.0,0.0,1019.704833984375,19.3799991607666,0.6205563545227051,0.012009929865598679,0,0,0.0,0.0,0.0,0,0,-0.00039674062281847,-41.36000061035156,0.010162663646042347,-0.964690089225769,0.0,299698,299727,2615095,299722,0,299727,STANDBY
-0.05000000074505806,-0.18000000715255737,9.8100004196167,0.0,0.0,0.0,1019.704833984375,19.3799991607666,0.6205563545227051,0.007686355151236057,0,0,0.0,0.0,0.0,0,0,-0.00045777764171361923,-41.36000061035156,0.010162663646042347,-0.964568018913269,0.0,299798,299827,2615191,299813,0,299827,STANDBY
-0.05000000074505806,-0.18000000715255737,9.819999694824219,0.0,0.0,0.0,1019.704833984375,19.3799991607666,0.6205563545227051,0.004919267725199461,0,0,0.0,0.0,0.0,0,0,-0.0005188146606087685,-41.36000061035156,0.010193182155489922,-0.964903712272644,0.0,299898,299927,2615286,299909,0,299927,STANDBY
-0.05000000074505806,-0.1899999976158142,9.819999694824219,0.0,0.0,0.0,1019.7072143554688,19.3799991607666,0.5997846126556396,-0.05293535441160202,0,0,0.0,0.0,0.0,0,0,-0.0005493331700563431,-41.36000061035156,0.010193182155489922,-0.964659571647644,0.0,299998,300027,2615401,300024,0,300027,STANDBY
-0.03999999910593033,-0.18000000715255737,9.819999694824219,0.0,0.0,0.0,1019.7072143554688,19.3799991607666,0.5997846126556396,-0.0338786281645298,0,0,0.0,0.0,0.0,0,0,-0.0005188146606087685,-41.36000061035156,0.010193182155489922,-0.964690089225769,0.0,300098,300127,2615496,300120,0,300127,STANDBY
-0.05000000074505806,-0.18000000715255737,9.819999694824219,0.0,0.0,0.0,1019.70556640625,19.3799991607666,0.6127669215202332,0.03024691343307495,0,0,0.0,0.0,0.0,0,0,-0.0004272591322660446,-41.36000061035156,0.010193182155489922,-0.964690089225769,0.0,300198,300227,2615591,300215,0,300227,STANDBY
-0.029999999329447746,-0.18000000715255737,9.800000190734863,0.0,0.0,0.0,1019.70556640625,19.3799991607666,0.6127669215202332,0.01935802586376667,0,0,0.0,0.0,0.0,0,0,-0.0005493331700563431,-41.36000061035156,0.010132145136594772,-0.964568018913269,0.0,300298,300327,2615687,300310,0,300327,STANDBY
-0.03999999910593033,-0.18000000715255737,9.829999923706055,0.0,0.0,0.0,1019.70556640625,19.3799991607666,0.6127669215202332,0.012389137409627438,0,0,0.0,0.0,0.0,0,0,-0.00045777764171361923,-41.36000061035156,0.0099795525893569,-0.964293360710144,0.0,300398,300427,2615801,300425,0,300427,STANDBY
-0.03999999910593033,-0.18000000715255737,9.819999694824219,0.0,0.0,0.0,1019.7039184570312,19.3799991607666,0.6257492899894714,0.059858523309230804,0,0,0.0,0.0,0.0,0,0,-0.0006103701889514923,-41.36000061035156,0.010132145136594772,-0.965208888053894,0.0,300498,300527,2615897,300520,0,300527,STANDBY
-0.05000000074505806,-0.18000000715255737,9.819999694824219,0.0,0.0,0.0,1019.7039184570312,19.3799991607666,0.6257492899894714,0.038309454917907715,0,0,0.0,0.0,0.0,0,0,-0.0005493331700563431,-41.36000061035156,0.010071108117699623,-0.965422511100769,0.0,300598,300627,2615992,300615,0,300627,STANDBY
-0.03999999910593033,-0.18000000715255737,9.8100004196167,0.0,0.0,0.0,1019.7039184570312,19.3799991607666,0.6257492899894714,0.024518052116036415,0,0,0.0,0.0,0.0,0,0,-0.0005493331700563431,-41.36000061035156,0.010010071098804474,-0.965697169303894,0.0,300698,300727,2616088,300723,0,300727,STANDBY
-0.029999999329447746,-0.1899999976158142,9.8100004196167,0.0,0.0,0.0,1019.7039184570312,19.3799991607666,0.6257492899894714,0.01569155417382717,0,0,0.0,0.0,0.0,0,0,-0.0006408886983990669,-41.36000061035156,0.010132145136594772,-0.965391993522644,0.0,300798,300827,2616202,300825,0,300827,STANDBY
-0.03999999910593033,-0.18000000715255737,9.819999694824219,0.0,0.0,0.0,1019.6983032226562,19.3799991607666,0.6724857687950134,0.15959933400154114,0,0,0.0,0.0,0.0,0,0,-0.0005798516795039177,-41.36000061035156,0.010101626627147198,-0.965178370475769,0.0,300898,300928,2616297,300920,0,300928,STANDBY
-0.05000000074505806,-0.18000000715255737,9.819999694824219,0.0,0.0,0.0,1019.6998291015625,19.3799991607666,0.6595034003257751,0.06059999391436577,0,0,0.0,0.0,0.0,0,0,-0.0005798516795039177,-41.36000061035156,0.010101626627147198,-0.965056300163269,0.0,300998,301028,2616393,301016,0,301028,STANDBY
-0.029999999329447746,-0.17000000178813934,9.8100004196167,0.0,0.0,0.0,1019.6998291015625,19.3799991607666,0.6595034003257751,0.03878399729728699,0,0,0.0,0.0,0.0,0,0,-0.0005798516795039177,-41.36000061035156,0.009949034079909325,-0.964964747428894,0.0,301099,301128,2616488,301112,0,301128,STANDBY
-0.05000000074505806,-0.1899999976158142,9.819999694824219,0.0,0.0,0.0,1019.6998291015625,19.3799991607666,0.6595034003257751,0.024821758270263672,0,0,0.0,0.0,0.0,0,0,-0.0005188146606087685,-41.36000061035156,0.010040589608252048,-0.963927149772644,0.0,301199,301228,2616603,301225,0,301228,STANDBY
-0.05000000074505806,-0.17000000178813934,9.8100004196167,0.0,0.0,0.0,1019.6998291015625,19.3799991607666,0.6595034003257751,0.01588592492043972,0,0,0.0,0.0,0.0,0,0,-0.00039674062281847,-41.36000061035156,0.010010071098804474,-0.964018702507019,0.0,301299,301328,2616698,301322,0,301328,STANDBY
-0.05000000074505806,-0.18000000715255737,9.8100004196167,0.0,0.0,0.0,1019.6998291015625,19.3799991607666,0.6595034003257751,0.01016699243336916,0,0,0.0,0.0,0.0,0,0,-0.0004272591322660446,-41.36000061035156,0.010040589608252048,-0.964079737663269,0.0,301399,301428,2616794,301417,0,301428,STANDBY
-0.05000000074505806,-0.18000000715255737,9.8100004196167,0.0,0.0,0.0,1019.697509765625,19.3700008392334,0.6802751421928406,0.08959384262561798,0,0,0.0,0.0,0.0,0,0,-0.00030518509447574615,-41.36000061035156,0.010101626627147198,-0.964293360710144,0.0,301499,301528,2616889,301512,0,301528,STANDBY
-0.05000000074505806,-0.1899999976158142,9.8100004196167,0.0,0.0,0.0,1019.69921875,19.3700008392334,0.6646963357925415,0.00748788146302104,0,0,0.0,0.0,0.0,0,0,-0.00027466658502817154,-41.36000061035156,0.010193182155489922,-0.964232325553894,0.0,301599,301628,2617004,301627,0,301628,STANDBY
-0.05000000074505806,-0.18000000715255737,9.8100004196167,0.0,0.0,0.0,1019.69921875,19.3700008392334,0.6646963357925415,0.004792244639247656,0,0,0.0,0.0,0.0,0,0,-0.00027466658502817154,-41.36000061035156,0.010223700664937496,-0.964384913444519,0.0,301699,301728,2617099,301724,0,301728,STANDBY
-0.03999999910593033,-0.1899999976158142,9.8100004196167,0.0,0.0,0.0,1019.7008666992188,19.3700008392334,0.6517139673233032,-0.03847654163837433,0,0,0.0,0.0,0.0,0,0,-0.00039674062281847,-41.36000061035156,0.010284737683832645,-0.964323878288269,0.0,301799,301828,2617194,301817,0,301828,STANDBY
-0.05000000074505806,-0.1899999976158142,9.819999694824219,0.0,0.0,0.0,1019.7008666992188,19.3700008392334,0.6517139673233032,-0.024624986574053764,0,0,0.0,0.0,0.0,0,0,-0.00033570360392332077,-41.36000061035156,0.010284737683832645,-0.964629054069519,0.0,301899,301928,2617289,301913,0,301928,STANDBY
-0.05000000074505806,-0.20000000298023224,9.8100004196167,0.0,0.0,0.0,1019.7008666992188,19.3700008392334,0.6517139673233032,-0.015759991481900215,0,0,0.0,0.0,0.0,0,0,-0.00030518509447574615,-41.36000061035156,0.010284737683832645,-0.964262843132019,0.0,301999,302028,2617404,302027,0,302028,STANDBY
-0.029999999329447746,-0.17000000178813934,9.829999923706055,0.0,0.0,0.0,1019.6968994140625,19.3700008392334,0.6854680776596069,0.10831260681152344,0,0,0.0,0.0,0.0,0,0,-0.0003662221133708954,-41.36000061035156,0.010223700664937496,-0.964415431022644,0.0,302099,302128,2617500,302123,0,302128,STANDBY
-0.03999999910593033,-0.18000000715255737,9.8100004196167,0.0,0.0,0.0,1019.698486328125,19.3700008392334,0.6724857687950134,0.017390839755535126,0,0,0.0,0.0,0.0,0,0,-0.00033570360392332077,-41.36000061035156,0.010162663646042347,-0.964262843132019,0.0,302199,302228,2617595,302218,0,302228,STANDBY
-0.03999999910593033,-0.18000000715255737,9.819999694824219,0.0,0.0,0.0,1019.6968994140625,19.3700008392334,0.6854680776596069,0.06305937469005585,0,0,0.0,0.0,0.0,0,0,-0.0003662221133708954,-41.36000061035156,0.010193182155489922,-0.964384913444519,0.0,302299,302328,2617691,302314,0,302328,STANDBY
-0.05000000074505806,-0.1899999976158142,9.819999694824219,0.0,0.0,0.0,1019.698486328125,19.3700008392334,0.6724857687950134,-0.011571232229471207,0,0,0.0,0.0,0.0,0,0,-0.0003662221133708954,-41.36000061035156,0.010193182155489922,-0.964171290397644,0.0,302399,302428,2617786,302409,0,302428,STANDBY
-0.05000000074505806,-0.1899999976158142,9.8100004196167,0.0,0.0,0.0,1019.6968994140625,19.3700008392334,0.6854680776596069,0.04452364519238472,0,0,0.0,0.0,0.0,0,0,-0.0003662221133708954,-41.36000061035156,0.010223700664937496,-0.964201807975769,0.0,302499,302528,2617901,302524,0,302528,STANDBY
-0.05000000074505806,-0.1899999976158142,9.8100004196167,0.0,0.0,0.0,1019.6968994140625,19.3700008392334,0.6854680776596069,0.02849513292312622,0,0,0.0,0.0,0.0,0,0,-0.0003662221133708954,-41.36000061035156,0.010345774702727795,-0.964690089225769,0.0,302600,302628,2617997,302619,0,302628,STANDBY
-0.03999999910593033,-0.18000000715255737,9.819999694824219,0.0,0.0,0.0,1019.6968994140625,19.3700008392334,0.6854680776596069,0.018236886709928513,0,0,0.0,0.0,0.0,0,0,-0.0003662221133708954,-41.36000061035156,0.010284737683832645,-0.964751124382019,0.0,302700,302728,2618092,302728,0,302728,STANDBY
-0.03999999910593033,-0.18000000715255737,9.8100004196167,0.0,0.0,0.0,1019.7008666992188,19.3700008392334,0.6517139673233032,-0.09634154289960861,0,0,0.0,0.0,0.0,0,0,-0.0004272591322660446,-41.36000061035156,0.010193182155489922,-0.964659571647644,0.0,302800,302828,2618187,302811,0,302828,STANDBY
-0.03999999910593033,-0.18000000715255737,9.819999694824219,0.0,0.0,0.0,1019.7008666992188,19.3700008392334,0.6517139673233032,-0.0616585910320282,0,0,0.0,0.0,0.0,0,0,-0.00045777764171361923,-41.36000061035156,0.010162663646042347,-0.964537501335144,0.0,302900,302928,2618302,302925,0,302928,STANDBY
-0.029999999329447746,-0.18000000715255737,9.819999694824219,0.0,0.0,0.0,1019.7025146484375,19.3700008392334,0.6387316584587097,-0.08100488781929016,0,0,0.0,0.0,0.0,0,0,-0.00045777764171361923,-41.36000061035156,0.010132145136594772,-0.965208888053894,0.0,303000,303028,2618398,303021,0,303028,STANDBY
-0.05000000074505806,-0.18000000715255737,9.8100004196167,0.0,0.0,0.0,1019.7025146484375,19.3700008392334,0.6387316584587097,-0.05184313282370567,0,0,0.0,0.0,0.0,0,0,-0.00045777764171361923,-41.36000061035156,0.010040589608252048,-0.964934229850769,0.0,303100,303128,2618493,303116,0,303128,STANDBY
-0.03999999910593033,-0.17000000178813934,9.819999694824219,0.0,0.0,0.0,1019.698486328125,19.3700008392334,0.6724857687950134,0.10183683037757874,0,0,0.0,0.0,0.0,0,0,-0.00045777764171361923,-41.36000061035156,0.009949034079909325,-0.964720606803894,0.0,303200,303228,2618589,303212,0,303228,STANDBY
-0.05000000074505806,-0.1899999976158142,9.8100004196167,0.0,0.0,0.0,1019.698486328125,19.3700008392334,0.6724857687950134,0.06517557799816132,0,0,0.0,0.0,0.0,0,0,-0.0005188146606087685,-41.36000061035156,0.010071108117699623,-0.964232325553894,0.0,303300,303328,2618703,303327,0,303328,STANDBY
-0.03999999910593033,-0.18000000715255737,9.819999694824219,0.0,0.0,0.0,1019.7001342773438,19.3700008392334,0.6569069027900696,-0.02060309424996376,0,0,0.0,0.0,0.0,0,0,-0.0005188146606087685,-41.36000061035156,0.009949034079909325,-0.964476466178894,0.0,303400,303428,2618799,303422,0,303428,STANDBY
-0.029999999329447746,-0.18000000715255737,9.8100004196167,0.0,0.0,0.0,1019.701904296875,19.3700008392334,0.6439245939254761,-0.06511521339416504,0,0,0.0,0.0,0.0,0,0,-0.00045777764171361923,-41.36000061035156,0.0099795525893569,-0.964476466178894,0.0,303500,303528,2618894,303517,0,303528,STANDBY
-0.05000000074505806,-0.1899999976158142,9.819999694824219,0.0,0.0,0.0,1019.7001342773438,19.3700008392334,0.6569069027900696,-0.0001303494063904509,0,0,0.0,0.0,0.0,0,0,-0.0004272591322660446,-41.36000061035156,0.009949034079909325,-0.964506983757019,0.0,303600,303628,2618990,303612,0,303628,STANDBY
-0.03999999910593033,-0.1599999964237213,9.819999694824219,0.0,0.0,0.0,1019.701904296875,19.3700008392334,0.6439245939254761,-0.041626811027526855,0,0,0.0,0.0,0.0,0,0,-0.0003662221133708954,-41.36000061035156,0.009949034079909325,-0.964537501335144,0.0,303700,303728,2619105,303727,0,303728,STANDBY
-0.029999999329447746,-0.18000000715255737,9.829999923706055,0.0,0.0,0.0,1019.6978149414062,19.3700008392334,0.6776787042617798,0.08137199282646179,0,0,0.0,0.0,0.0,0,0,-0.00045777764171361923,-41.36000061035156,0.009765923023223877,-0.964354395866394,0.0,303800,303828,2619200,303823,0,303828,STANDBY
-0.05000000074505806,-0.17000000178813934,9.819999694824219,0.0,0.0,0.0,1019.6978149414062,19.3700008392334,0.6776787042617798,0.05207807570695877,0,0,0.0,0.0,0.0,0,0,-0.00045777764171361923,-41.36000061035156,0.009826960042119026,-0.964506983757019,0.0,303900,303928,2619295,303919,0,303928,STANDBY
-0.05000000074505806,-0.18000000715255737,9.819999694824219,0.0,0.0,0.0,1019.6978149414062,19.3700008392334,0.6776787042617798,0.03332997113466263,0,0,0.0,0.0,0.0,0,0,-0.0005188146606087685,-41.36000061035156,0.009826960042119026,-0.965025782585144,0.0,304000,304028,2619390,304014,0,304028,STANDBY
-0.03999999910593033,-0.17000000178813934,9.819999694824219,0.0,0.0,0.0,1019.6939086914062,19.3700008392334,0.7088363170623779,0.14596162736415863,0,0,0.0,0.0,0.0,0,0,-0.0004882961511611938,-41.36000061035156,0.0098574785515666,-0.964781641960144,0.0,304100,304128,2619487,304109,0,304128,STANDBY
-0.03999999910593033,-0.18000000715255737,9.8100004196167,0.0,0.0,0.0,1019.6954956054688,19.3700008392334,0.6958539485931396,0.041485972702503204,0,0,0.0,0.0,0.0,0,0,-0.00039674062281847,-41.36000061035156,0.00991851557046175,-0.965117335319519,0.0,304200,304228,2619600,304224,0,304228,STANDBY
-0.03999999910593033,-0.18000000715255737,9.819999694824219,0.0,0.0,0.0,1019.6954956054688,19.3700008392334,0.6958539485931396,0.0265510231256485,0,0,0.0,0.0,0.0,0,0,-0.00039674062281847,-41.36000061035156,0.00991851557046175,-0.964903712272644,0.0,304300,304328,2619696,304319,0,304328,STANDBY
-0.029999999329447746,-0.1899999976158142,9.819999694824219,0.0,0.0,0.0,1019.6972045898438,19.3700008392334,0.6828716397285461,-0.0349365770816803,0,0,0.0,0.0,0.0,0,0,-0.00045777764171361923,-41.36000061035156,0.0099795525893569,-0.965239405632019,0.0,304400,304428,2619792,304414,0,304428,STANDBY
-0.07999999821186066,-0.20999999344348907,9.819999694824219,0.0,0.0,0.0,1019.6951293945312,19.360000610351562,0.6984504461288452,0.03995581716299057,0,0,0.0,0.0,0.0,0,0,-0.0005493331700563431,-41.36000061035156,0.010193182155489922,-0.965483546257019,0.0,304500,304528,2619887,304509,0,304528,STANDBY
-0.05999999865889549,-0.18000000715255737,9.819999694824219,0.0,0.0,0.0,1019.6984252929688,19.360000610351562,0.6724857687950134,-0.07828698307275772,0,0,0.0,0.0,0.0,0,0,-0.0006103701889514923,-41.36000061035156,0.010071108117699623,-0.965147852897644,0.0,304600,304628,2620002,304624,0,304628,STANDBY
-0.009999999776482582,-0.1899999976158142,9.8100004196167,0.0,0.0,0.0,1019.6951293945312,19.360000610351562,0.6984504461288452,0.03298329934477806,0,0,0.0,0.0,0.0,0,0,-0.0005798516795039177,-41.36000061035156,0.010162663646042347,-0.965178370475769,0.0,304700,304728,2620097,304726,0,304728,STANDBY
-0.07000000029802322,-0.17000000178813934,9.829999923706055,0.0,0.0,0.0,1019.6951293945312,19.360000610351562,0.6984504461288452,0.021109310910105705,0,0,0.0,0.0,0.0,0,0,-0.0003662221133708954,-41.36000061035156,0.010162663646042347,-0.964690089225769,0.0,304800,304828,2620192,304816,0,304828,STANDBY
-0.029999999329447746,-0.1899999976158142,9.819999694824219,0.0,0.0,0.0,1019.69677734375,19.360000610351562,0.6854680776596069,-0.02803361974656582,0,0,0.0,0.0,0.0,0,0,-0.0007019257172942162,-41.36000061035156,0.010193182155489922,-0.965086817741394,0.0,304900,304928,2620288,304911,0,304928,STANDBY
-0.09000000357627869,-0.17000000178813934,9.829999923706055,0.0,0.0,0.0,1019.6951293945312,19.360000610351562,0.6984504461288452,0.023602062836289406,0,0,0.0,0.0,0.0,0,0,-0.0005493331700563431,-41.36000061035156,0.009643848985433578,-0.964049220085144,0.0,305000,305028,2620402,305026,0,305028,STANDBY
0.0,-0.20000000298023224,9.819999694824219,0.0,0.0,0.0,1019.6951293945312,19.360000610351562,0.6984504461288452,0.015105321072041988,0,0,0.0,0.0,0.0,0,0,-0.0007324442267417908,-41.36000061035156,0.010284737683832645,-0.964323878288269,0.0,305100,305128,2620497,305121,0,305128,STANDBY
-0.05999999865889549,-0.1599999964237213,9.829999923706055,0.0,0.0,0.0,1019.6951293945312,19.360000610351562,0.6984504461288452,0.009667405858635902,0,0,0.0,0.0,0.0,0,0,-0.0005188146606087685,-41.36000061035156,0.009949034079909325,-0.964415431022644,0.0,305200,305228,2620594,305216,0,305228,STANDBY
-0.07000000029802322,-0.20000000298023224,9.8100004196167,0.0,0.0,0.0,1019.6934204101562,19.360000610351562,0.7114328145980835,0.058116614818573,0,0,0.0,0.0,0.0,0,0,-0.0006408886983990669,-41.36000061035156,0.010162663646042347,-0.964506983757019,0.0,305300,305328,2620689,305311,0,305328,STANDBY
-0.029999999329447746,-0.17000000178813934,9.819999694824219,0.0,0.0,0.0,1019.69189453125,19.360000610351562,0.724415123462677,0.08912387490272522,0,0,0.0,0.0,0.0,0,0,-0.0007324442267417908,-41.36000061035156,0.010071108117699623,-0.964873194694519,0.0,305400,305428,2620803,305426,0,305428,STANDBY
-0.03999999910593033,-0.20999999344348907,9.8100004196167,0.0,0.0,0.0,1019.69189453125,19.360000610351562,0.724415123462677,0.057039279490709305,0,0,0.0,0.0,0.0,0,0,-0.0006103701889514923,-41.36000061035156,0.010284737683832645,-0.964995265007019,0.0,305501,305528,2620899,305521,0,305528,STANDBY
-0.07000000029802322,-0.17000000178813934,9.819999694824219,0.0,0.0,0.0,1019.690185546875,19.360000610351562,0.7373974919319153,0.0884346142411232,0,0,0.0,0.0,0.0,0,0,-0.0006103701889514923,-41.36000061035156,0.01031525619328022,-0.965422511100769,0.0,305601,305628,2620994,305616,0,305628,STANDBY
-0.05000000074505806,-0.1899999976158142,9.819999694824219,0.0,0.0,0.0,1019.690185546875,19.360000610351562,0.7373974919319153,0.056598156690597534,0,0,0.0,0.0,0.0,0,0,-0.0007019257172942162,-41.36000061035156,0.010223700664937496,-0.965361475944519,0.0,305701,305728,2621089,305728,0,305728,STANDBY
-0.03999999910593033,-0.18000000715255737,9.8100004196167,0.0,0.0,0.0,1019.69189453125,19.360000610351562,0.724415123462677,-0.005320757627487183,0,0,0.0,0.0,0.0,0,0,-0.0005493331700563431,-41.36000061035156,0.010193182155489922,-0.965758204460144,0.0,305801,305828,2621204,305826,0,305828,STANDBY
-0.05999999865889549,-0.1899999976158142,9.829999923706055,0.0,0.0,0.0,1019.69189453125,19.360000610351562,0.724415123462677,-0.003405284835025668,0,0,0.0,0.0,0.0,0,0,-0.00039674062281847,-41.36000061035156,0.010681478306651115,-0.9696035385131836,0.0,305901,305928,2621299,305923,0,305928,STANDBY
-0.05000000074505806,-0.18000000715255737,9.819999694824219,0.0,0.0,0.0,1019.69189453125,19.360000610351562,0.724415123462677,-0.0021793823689222336,0,0,0.0,0.0,0.0,0,0,-0.0004882961511611938,-41.36000061035156,0.010437330231070518,-0.9684133529663086,0.0,306001,306028,2621394,306018,0,306028,STANDBY
-0.03999999910593033,-0.1899999976158142,9.819999694824219,0.0,0.0,0.0,1019.6934204101562,19.360000610351562,0.7114328145980835,-0.05332404002547264,0,0,0.0,0.0,0.0,0,0,-0.0005493331700563431,-41.36000061035156,0.010284737683832645,-0.9673451781272888,0.0,306101,306128,2621490,306113,0,306128,STANDBY
-0.05000000074505806,-0.18000000715255737,9.819999694824219,0.0,0.0,0.0,1019.6934204101562,19.360000610351562,0.7114328145980835,-0.03412738814949989,0,0,0.0,0.0,0.0,0,0,-0.0004272591322660446,-41.36000061035156,0.010193182155489922,-0.9667043089866638,0.0,306201,306228,2621585,306208,0,306228,STANDBY
-0.05000000074505806,-0.1899999976158142,9.819999694824219,0.0,0.0,0.0,1019.69189453125,19.360000610351562,0.724415123462677,0.030087705701589584,0,0,0.0,0.0,0.0,0,0,-0.00039674062281847,-41.36000061035156,0.01025421917438507,-0.9665822386741638,0.0,306301,306328,2621700,306323,0,306328,STANDBY
-0.03999999910593033,-0.18000000715255737,9.819999694824219,0.0,0.0,0.0,1019.690185546875,19.360000610351562,0.7373974919319153,0.07118560373783112,0,0,0.0,0.0,0.0,0,0,-0.0005493331700563431,-41.36000061035156,0.010193182155489922,-0.9662465453147888,0.0,306401,306428,2621795,306418,0,306428,STANDBY
-0.03999999910593033,-0.18000000715255737,9.819999694824219,0.0,0.0,0.0,1019.690185546875,19.360000610351562,0.7373974919319153,0.04555878788232803,0,0,0.0,0.0,0.0,0,0,-0.0005493331700563431,-41.36000061035156,0.010040589608252048,-0.965727686882019,0.0,306501,306528,2621891,306513,0,306528,STANDBY
-0.05000000074505806,-0.1899999976158142,9.819999694824219,0.0,0.0,0.0,1019.6885986328125,19.360000610351562,0.7503798604011536,0.08108709752559662,0,0,0.0,0.0,0.0,0,0,-0.0005798516795039177,-41.36000061035156,0.010132145136594772,-0.9661244750022888,0.0,306601,306628,2621986,306609,0,306628,STANDBY
-0.07000000029802322,-0.18000000715255737,9.819999694824219,0.0,0.0,0.0,1019.6868896484375,19.360000610351562,0.7659586668014526,0.10174792259931564,0,0,0.0,0.0,0.0,0,0,-0.0005798516795039177,-41.36000061035156,0.010162663646042347,-0.965605616569519,0.0,306701,306728,2622100,306725,0,306728,STANDBY
-0.029999999329447746,-0.1899999976158142,9.819999694824219,0.0,0.0,0.0,1019.6852416992188,19.360000610351562,0.7789410352706909,0.10666225105524063,0,0,0.0,0.0,0.0,0,0,-0.0005188146606087685,-41.36000061035156,0.009949034079909325,-0.965727686882019,0.0,306801,306828,2622195,306819,0,306828,STANDBY
-0.029999999329447746,-0.2199999988079071,9.819999694824219,0.0,0.0,0.0,1019.6868896484375,19.360000610351562,0.7659586668014526,0.026720261201262474,0,0,0.0,0.0,0.0,0,0,-0.0007019257172942162,-41.36000061035156,0.01065095979720354,-0.965544581413269,0.0,306902,306928,2622291,306914,0,306928,STANDBY
-0.07000000029802322,-0.17000000178813934,9.819999694824219,0.0,0.0,0.0,1019.6868896484375,19.360000610351562,0.7659586668014526,0.017100967466831207,0,0,0.0,0.0,0.0,0,0,-0.0008545182645320892,-41.36000061035156,0.01025421917438507,-0.965208888053894,0.0,307002,307028,2622387,307009,0,307028,STANDBY
0.029999999329447746,-0.23000000417232513,9.8100004196167,0.0,0.0,0.0,1019.6868896484375,19.360000610351562,0.7659586668014526,0.010944618843495846,0,0,0.0,0.0,0.0,0,0,-0.0007324442267417908,-41.36000061035156,0.009674367494881153,-0.964934229850769,0.0,307102,307128,2622500,307124,0,307128,STANDBY
-0.10999999940395355,-0.12999999523162842,9.829999923706055,0.0,0.0,0.0,1019.6906127929688,19.3700008392334,0.7348010540008545,-0.0926998034119606,0,0,0.0,0.0,0.0,0,0,-3.0518509447574615e-05,-41.36000061035156,0.0099795525893569,-0.963927149772644,0.0,307202,307228,2622597,307219,0,307228,STANDBY
-0.10999999940395355,-0.20999999344348907,9.829999923706055,0.0,0.0,0.0,1019.6906127929688,19.3700008392334,0.7348010540008545,-0.059327878057956696,0,0,0.0,0.0,0.0,0,0,9.155552834272385e-05,-41.36000061035156,0.009643848985433578,-0.9629810452461243,0.0,307302,307328,2622691,307314,0,307328,STANDBY
0.029999999329447746,-0.20000000298023224,9.8100004196167,0.0,0.0,0.0,1019.6921997070312,19.3700008392334,0.7218186855316162,-0.08989931643009186,0,0,0.0,0.0,0.0,0,0,-0.00027466658502817154,-41.36000061035156,0.010223700664937496,-0.9620044827461243,0.0,307402,307428,2622787,307409,0,307428,STANDBY
-0.10999999940395355,-0.20999999344348907,9.819999694824219,0.0,0.0,0.0,1019.6921997070312,19.3700008392334,0.7218186855316162,-0.0575355663895607,0,0,0.0,0.0,0.0,0,0,-3.0518509447574615e-05,-41.36000061035156,0.010467848740518093,-0.9606921672821045,0.0,307502,307528,2622901,307524,0,307528,STANDBY
-0.07999999821186066,-0.27000001072883606,9.819999694824219,0.0,0.0,0.0,1019.6921997070312,19.3700008392334,0.7218186855316162,-0.036822762340307236,0,0,0.0,0.0,0.0,0,0,-0.0008545182645320892,-41.36000061035156,0.011474959552288055,-0.9597765803337097,0.0,307602,307628,2622996,307619,0,307628,STANDBY
