imu_ax,imu_ay,imu_az,imu_gx,imu_gy,imu_gz,baro_pressure_hPa,baro_temperature_C,baro_altitude_m,baro_climbRate_mps,gps_latE7,gps_lonE7,gps_altitude_m,gps_speed_mps,gps_heading_deg,gps_sats,gps_fix,roll_deg,filterRoll_deg,pitch_deg,yaw_deg,veltotal_cmps,velimu_cmps,servoDeg1_deg,servoDeg2_deg,baroTimeMs,gpsTimeMs,aTimeMs,aRxTimeMs,state,timeMs,stateStr
0.0,0.0,0.0,0.0,0.0,0.0,1006.1873168945312,23.600000381469727,-0.18175290524959564,0.0,0,0,0.0,0.0,0.0,0,0,0.0,0.0,0.0,0.0,0.0,0.0,100.0,100.0,4386,4386,2270,4386,0,4386,STANDBY
0.5099999904632568,-0.10999999940395355,9.649999618530273,0.0,0.0,0.0,1004.9190063476562,22.81999969482422,6.046010971069336,0.0,0,0,0.0,0.0,0.0,0,0,0.012939848005771637,0.0,0.043153174221515656,-0.9410077333450317,0.0,0.0,100.0,100.0,4486,4486,4959,4480,0,4486,STANDBY
0.47999998927116394,-0.11999999731779099,9.65999984741211,0.0,0.0,0.0,1004.5917358398438,22.6200008392334,11.531187057495117,35.13882064819336,0,0,0.0,0.0,0.0,0,0,0.005737479776144028,0.0,0.032868433743715286,-0.9483932256698608,0.0,0.0,100.0,100.0,4586,4586,5057,4578,0,4586,STANDBY
0.49000000953674316,-0.09000000357627869,9.640000343322754,0.0,0.0,0.0,1004.5524291992188,22.610000610351562,12.873137474060059,39.87276077270508,0,0,0.0,0.0,0.0,0,0,-0.00030518509447574615,0.0,0.024170659482479095,-0.9544664025306702,0.0,0.0,100.0,100.0,4686,4686,5155,4676,0,4686,STANDBY
0.49000000953674316,-0.10000000149011612,9.65999984741211,0.0,0.0,0.0,1006.09130859375,23.540000915527344,3.709199905395508,-19.81051254272461,0,0,0.0,0.0,0.0,0,0,-0.0054322946816682816,0.0,0.016022218391299248,-0.9591357111930847,0.0,0.0,100.0,100.0,4786,4786,5254,4774,0,4786,STANDBY
0.4699999988079071,-0.09000000357627869,9.670000076293945,0.0,0.0,0.0,1006.1613159179688,23.600000381469727,0.7820304036140442,-52.23008728027344,0,0,0.0,0.0,0.0,0,0,-0.00958281196653843,0.0,0.009338663890957832,-0.9629200100898743,0.0,0.0,100.0,100.0,4886,4886,5352,4873,0,4886,STANDBY
0.49000000953674316,-0.10999999940395355,9.65999984741211,0.0,0.0,0.0,1006.2098999023438,23.610000610351562,-0.06370195746421814,-28.29710578918457,0,0,0.0,0.0,0.0,0,0,-0.012909329496324062,0.0,0.0032959990203380585,-0.9659718871116638,0.0,0.0,100.0,100.0,4986,4986,5450,4971,0,4986,STANDBY
0.5099999904632568,-0.10000000149011612,9.65999984741211,0.0,0.0,0.0,1006.1864013671875,23.610000610351562,-0.1277155578136444,-9.378110885620117,0,0,0.0,0.0,0.0,0,0,-0.0157475508749485,0.0,-0.0019226660951972008,-0.9683828353881836,0.0,0.0,100.0,100.0,5086,5086,5549,5069,0,5086,STANDBY
0.5400000214576721,-0.20000000298023224,9.65999984741211,0.0,0.0,0.0,1006.1661987304688,23.610000610351562,-0.02293487824499607,-1.8026260137557983,0,0,0.0,0.0,0.0,0,0,-0.017883846536278725,0.0,-0.005584887228906155,-0.9707327485084534,0.0,0.0,100.0,100.0,5186,5186,5664,5184,0,5186,STANDBY
0.550000011920929,0.019999999552965164,9.65999984741211,0.0,0.0,0.0,1006.187255859375,23.610000610351562,-0.15730376541614532,-0.4408540725708008,0,0,0.0,0.0,0.0,0,0,-0.019501328468322754,0.0,-0.011993774212896824,-0.9721976518630981,0.0,0.0,100.0,100.0,5286,5286,5763,5283,0,5286,STANDBY
0.46000000834465027,-0.14000000059604645,9.65999984741211,0.0,0.0,0.0,1006.1998291015625,23.610000610351562,-0.26219984889030457,-1.0150905847549438,0,0,0.0,0.0,0.0,0,0,-0.021027253940701485,0.0,-0.012939848005771637,-0.9735099077224731,0.0,0.0,100.0,100.0,5386,5386,5861,5382,0,5386,STANDBY
0.4699999988079071,-0.05999999865889549,9.649999618530273,0.0,0.0,0.0,1005.036376953125,22.899999618530273,5.025366306304932,15.287239074707031,0,0,0.0,0.0,0.0,0,0,-0.02209540084004402,0.0,-0.016327403485774994,-0.9743949770927429,0.0,0.0,100.0,100.0,5486,5486,5959,5479,0,5486,STANDBY
0.47999998927116394,-0.05999999865889549,9.649999618530273,0.0,0.0,0.0,1004.6155395507812,22.649999618530273,11.022542953491211,47.230194091796875,0,0,0.0,0.0,0.0,0,0,-0.022827845066785812,0.0,-0.01913510635495186,-0.9752189517021179,0.0,0.0,100.0,100.0,5586,5586,6057,5577,0,5586,STANDBY
0.4699999988079071,-0.009999999776482582,9.65999984741211,0.0,0.0,0.0,1004.6031494140625,22.649999618530273,12.529937744140625,44.838905334472656,0,0,0.0,0.0,0.0,0,0,-0.023194067180156708,0.0,-0.022370068356394768,-0.9758293628692627,0.0,0.0,100.0,100.0,5686,5686,6156,5676,0,5686,STANDBY
0.49000000953674316,-0.05999999865889549,9.65999984741211,0.0,0.0,0.0,1005.9920043945312,23.510000228881836,4.8317742347717285,-11.2613525390625,0,0,0.0,0.0,0.0,0,0,-0.02371288277208805,0.0,-0.024048585444688797,-0.9763786792755127,0.0,0.0,100.0,100.0,5786,5786,6254,5775,0,5786,STANDBY
0.46000000834465027,-0.05999999865889549,9.65999984741211,0.0,0.0,0.0,1006.1637573242188,23.610000610351562,1.0417685508728027,-48.03202819824219,0,0,0.0,0.0,0.0,0,0,-0.024018067866563797,0.0,-0.02529984526336193,-0.9768669605255127,0.0,0.0,100.0,100.0,5886,5886,6352,5873,0,5886,STANDBY
0.47999998927116394,-0.3100000023841858,9.640000343322754,0.0,0.0,0.0,1006.1727905273438,23.6200008392334,0.15226492285728455,-32.01264953613281,0,0,0.0,0.0,0.0,0,0,-0.02468947507441044,0.0,-0.025543993338942528,-0.9771416187286377,0.0,0.0,100.0,100.0,5986,5986,6451,5971,0,5986,STANDBY
0.5,-0.07999999821186066,9.649999618530273,0.0,0.0,0.0,1006.1795043945312,23.6200008392334,-0.07212936878204346,-11.232278823852539,0,0,0.0,0.0,0.0,0,0,-0.025147251784801483,0.0,-0.025757621973752975,-0.9774773120880127,0.0,0.0,100.0,100.0,6086,6086,6565,6085,0,6086,STANDBY
0.44999998807907104,-0.05999999865889549,9.65999984741211,0.0,0.0,0.0,1006.1685791015625,23.610000610351562,-0.05973284691572189,-3.048635244369507,0,0,0.0,0.0,0.0,0,0,-0.025208288803696632,0.0,-0.02682577073574066,-0.9777520298957825,0.0,0.0,100.0,100.0,6187,6187,6664,6184,0,6187,STANDBY
0.49000000953674316,-0.05999999865889549,9.65999984741211,0.0,0.0,0.0,1006.1746215820312,23.6200008392334,-0.08578372001647949,-0.6253986358642578,0,0,0.0,0.0,0.0,0,0,-0.02542191930115223,0.0,-0.02771080657839775,-0.9779351353645325,0.0,0.0,100.0,100.0,6287,6287,6762,6282,0,6287,STANDBY
0.47999998927116394,-0.07000000029802322,9.670000076293945,0.0,0.0,0.0,1006.1737670898438,23.6200008392334,-0.058356478810310364,-0.032081134617328644,0,0,0.0,0.0,0.0,0,0,-0.02545243687927723,0.0,-0.028382213786244392,-0.9781182408332825,0.0,0.0,100.0,100.0,6410,6410,6877,6410,0,6410,STANDBY
0.4699999988079071,-0.05999999865889549,9.65999984741211,0.0,0.0,0.0,1004.7921752929688,22.770000457763672,7.844361305236816,25.30058479309082,0,0,0.0,0.0,0.0,0,0,-0.02545243687927723,0.0,-0.028992583975195885,-0.9781487584114075,0.0,0.0,100.0,100.0,6510,6510,6975,6496,0,6510,STANDBY
0.47999998927116394,-0.07000000029802322,9.65999984741211,0.0,0.0,0.0,1004.5895385742188,22.65999984741211,11.858437538146973,51.116214752197266,0,0,0.0,0.0,0.0,0,0,-0.02539139986038208,0.0,-0.029145177453756332,-0.9783013463020325,0.0,0.0,100.0,100.0,6610,6610,7073,6594,0,6610,STANDBY
0.44999998807907104,-0.23999999463558197,9.65999984741211,0.0,0.0,0.0,1004.5786743164062,22.639999389648438,12.816878318786621,33.774261474609375,0,0,0.0,0.0,0.0,0,0,-0.025696584954857826,0.0,-0.028107548132538795,-0.9784234166145325,0.0,0.0,100.0,100.0,6710,6710,7188,6709,0,6710,STANDBY
0.47999998927116394,-0.07000000029802322,9.65999984741211,0.0,0.0,0.0,1006.108642578125,23.579999923706055,3.324298858642578,-24.585693359375,0,0,0.0,0.0,0.0,0,0,-0.025757621973752975,0.0,-0.028015991672873497,-0.9784844517707825,0.0,0.0,100.0,100.0,6810,6810,7286,6807,0,6810,STANDBY
0.46000000834465027,-0.05999999865889549,9.65999984741211,0.0,0.0,0.0,1006.1785278320312,23.6200008392334,0.626044511795044,-53.665863037109375,0,0,0.0,0.0,0.0,0,0,-0.025818658992648125,0.0,-0.02862636186182499,-0.9784234166145325,0.0,0.0,100.0,100.0,6910,6910,7385,6905,0,6910,STANDBY
0.4699999988079071,-0.05999999865889549,9.649999618530273,0.0,0.0,0.0,1006.1726684570312,23.6299991607666,0.07065130770206451,-26.243202209472656,0,0,0.0,0.0,0.0,0,0,-0.025788141414523125,0.0,-0.029053620994091034,-0.9783623814582825,0.0,0.0,100.0,100.0,7010,7010,7484,7005,0,7010,STANDBY
0.46000000834465027,-0.05999999865889549,9.649999618530273,0.0,0.0,0.0,1006.1860961914062,23.6299991607666,-0.1017942726612091,-8.231935501098633,0,0,0.0,0.0,0.0,0,0,-0.025605030357837677,0.0,-0.028992583975195885,-0.9784539341926575,0.0,0.0,100.0,100.0,7110,7110,7582,7102,0,7110,STANDBY
0.46000000834465027,-0.18000000715255737,9.65999984741211,0.0,0.0,0.0,1006.16455078125,23.6200008392334,-0.03546514734625816,-2.0234806537628174,0,0,0.0,0.0,0.0,0,0,-0.025910215452313423,0.0,-0.028077028691768646,-0.9783318638801575,0.0,0.0,100.0,100.0,7211,7211,7681,7201,0,7211,STANDBY
0.47999998927116394,-0.07999999821186066,9.65999984741211,0.0,0.0,0.0,1006.1746215820312,23.6200008392334,-0.06287597119808197,-0.24072858691215515,0,0,0.0,0.0,0.0,0,0,-0.025940733030438423,0.0,-0.027954954653978348,-0.9783318638801575,0.0,0.0,100.0,100.0,7311,7311,7779,7300,0,7311,STANDBY
0.4699999988079071,-0.07000000029802322,9.640000343322754,0.0,0.0,0.0,1006.16455078125,23.6200008392334,-0.04943348467350006,-0.11727667599916458,0,0,0.0,0.0,0.0,0,0,-0.025879696011543274,0.0,-0.028077028691768646,-0.9783013463020325,0.0,0.0,100.0,100.0,7412,7412,7876,7410,0,7412,STANDBY
0.47999998927116394,-0.07000000029802322,9.649999618530273,0.0,0.0,0.0,1004.7418823242188,22.75,8.107431411743164,28.804609298706055,0,0,0.0,0.0,0.0,0,0,-0.025910215452313423,0.0,-0.028260139748454094,-0.9782097935676575,0.0,0.0,100.0,100.0,7512,7512,7975,7495,0,7512,STANDBY
0.47999998927116394,-0.23999999463558197,9.640000343322754,0.0,0.0,0.0,1004.5154418945312,22.610000610351562,12.371973037719727,54.991607666015625,0,0,0.0,0.0,0.0,0,0,-0.02618488110601902,0.0,-0.0277413260191679,-0.9781182408332825,0.0,0.0,100.0,100.0,7612,7612,8090,7611,0,7612,STANDBY
0.4399999976158142,-0.1599999964237213,9.649999618530273,0.0,0.0,0.0,1004.523681640625,22.6200008392334,13.28002643585205,35.47097396850586,0,0,0.0,0.0,0.0,0,0,-0.02624591812491417,0.0,-0.02700888179242611,-0.9780266880989075,0.0,0.0,100.0,100.0,7712,7712,8188,7708,0,7712,STANDBY
0.4699999988079071,-0.07000000029802322,9.65999984741211,0.0,0.0,0.0,1006.1148681640625,23.600000381469727,3.7925944328308105,-23.603303909301758,0,0,0.0,0.0,0.0,0,0,-0.02609332650899887,0.0,-0.026551103219389915,-0.9780877232551575,0.0,0.0,100.0,100.0,7812,7812,8286,7806,0,7812,STANDBY
0.46000000834465027,-0.09000000357627869,9.649999618530273,0.0,0.0,0.0,1006.18359375,23.639999389648438,0.6620383858680725,-55.201866149902344,0,0,0.0,0.0,0.0,0,0,-0.026001770049333572,0.0,-0.026703696697950363,-0.9779656529426575,0.0,0.0,100.0,100.0,7912,7912,8384,7905,0,7912,STANDBY
0.4300000071525574,0.0,9.640000343322754,0.0,0.0,0.0,1006.18359375,23.639999389648438,0.02938608080148697,-29.319351196289062,0,0,0.0,0.0,0.0,0,0,-0.025879696011543274,0.0,-0.02706991881132126,-0.9778435826301575,0.0,0.0,100.0,100.0,8012,8012,8482,8003,0,8012,STANDBY
0.5099999904632568,-0.03999999910593033,9.670000076293945,0.0,0.0,0.0,1006.2037353515625,23.639999389648438,-0.21197105944156647,-9.400093078613281,0,0,0.0,0.0,0.0,0,0,-0.025818658992648125,0.0,-0.0278939176350832,-0.9776909947395325,0.0,0.0,100.0,100.0,8112,8112,8581,8101,0,8112,STANDBY
0.4699999988079071,-0.15000000596046448,9.670000076293945,0.0,0.0,0.0,1006.197021484375,23.639999389648438,-0.23714008927345276,-2.854387044906616,0,0,0.0,0.0,0.0,0,0,-0.02615436352789402,0.0,-0.02606280706822872,-0.9775689244270325,0.0,0.0,100.0,100.0,8212,8212,8679,8200,0,8212,STANDBY
0.4699999988079071,-0.05999999865889549,9.670000076293945,0.0,0.0,0.0,1006.180908203125,23.6299991607666,-0.18240118026733398,-0.5633264780044556,0,0,0.0,0.0,0.0,0,0,-0.02612384408712387,0.0,-0.02612384408712387,-0.9774773120880127,0.0,0.0,100.0,100.0,8312,8312,8777,8298,0,8312,STANDBY
0.47999998927116394,-0.05999999865889549,9.649999618530273,0.0,0.0,0.0,1006.1802978515625,23.6299991607666,-0.15062734484672546,-0.04919831454753876,0,0,0.0,0.0,0.0,0,0,-0.02606280706822872,0.0,-0.02624591812491417,-0.9774162769317627,0.0,0.0,100.0,100.0,8363,8412,8876,8410,0,8412,STANDBY
0.4699999988079071,-0.07000000029802322,9.65999984741211,0.0,0.0,0.0,1005.4000854492188,23.139999389648438,3.3741321563720703,10.828764915466309,0,0,0.0,0.0,0.0,0,0,-0.025971252471208572,0.0,-0.02627643756568432,-0.9773552417755127,0.0,0.0,100.0,100.0,8463,8512,8990,8511,0,8512,STANDBY
0.47999998927116394,-0.07000000029802322,9.649999618530273,0.0,0.0,0.0,1004.6521606445312,22.68000030517578,10.24168586730957,42.0916748046875,0,0,0.0,0.0,0.0,0,0,-0.026001770049333572,0.0,-0.02630695514380932,-0.9772942066192627,0.0,0.0,100.0,100.0,8563,8612,9089,8609,0,8612,STANDBY
0.4699999988079071,-0.05999999865889549,9.640000343322754,0.0,0.0,0.0,1004.60546875,22.649999618530273,12.332115173339844,47.88478088378906,0,0,0.0,0.0,0.0,0,0,-0.025940733030438423,0.0,-0.026337474584579468,-0.9771721363067627,0.0,0.0,100.0,100.0,8663,8712,9188,8709,0,8712,STANDBY
0.4699999988079071,-0.05999999865889549,9.65999984741211,0.0,0.0,0.0,1005.7843627929688,23.3700008392334,7.430767059326172,5.423346519470215,0,0,0.0,0.0,0.0,0,0,-0.025788141414523125,0.0,-0.02624591812491417,-0.9770805835723877,0.0,0.0,100.0,100.0,8763,8812,9286,8807,0,8812,STANDBY
0.4699999988079071,-0.05999999865889549,9.649999618530273,0.0,0.0,0.0,1006.1527099609375,23.610000610351562,1.643751859664917,-40.99399185180664,0,0,0.0,0.0,0.0,0,0,-0.025788141414523125,0.0,-0.026001770049333572,-0.9770500659942627,0.0,0.0,100.0,100.0,8863,8912,9384,8905,0,8912,STANDBY
0.4699999988079071,-0.05999999865889549,9.65999984741211,0.0,0.0,0.0,1006.1626586914062,23.610000610351562,0.34071406722068787,-42.16240692138672,0,0,0.0,0.0,0.0,0,0,-0.025757621973752975,0.0,-0.025818658992648125,-0.9769585132598877,0.0,0.0,100.0,100.0,8963,9012,9483,9004,0,9012,STANDBY
0.4699999988079071,-0.07000000029802322,9.649999618530273,0.0,0.0,0.0,1006.1646118164062,23.610000610351562,0.09270036965608597,-15.390565872192383,0,0,0.0,0.0,0.0,0,0,-0.025666067376732826,0.0,-0.025574510917067528,-0.9768669605255127,0.0,0.0,100.0,100.0,9063,9112,9582,9103,0,9112,STANDBY
0.4399999976158142,-0.25999999046325684,9.649999618530273,0.0,0.0,0.0,1006.1781005859375,23.610000610351562,-0.03385213389992714,-4.39462423324585,0,0,0.0,0.0,0.0,0,0,-0.025910215452313423,0.0,-0.02383495680987835,-0.9767754077911377,0.0,0.0,100.0,100.0,9163,9212,9680,9201,0,9212,STANDBY
0.5,-0.07000000029802322,9.649999618530273,0.0,0.0,0.0,1006.1720581054688,23.600000381469727,-0.06783315539360046,-1.4940450191497803,0,0,0.0,0.0,0.0,0,0,-0.02618488110601902,0.0,-0.02386547438800335,-0.9765617847442627,0.0,0.0,100.0,100.0,9268,9312,9779,9299,0,9312,STANDBY
0.46000000834465027,-0.07000000029802322,9.640000343322754,0.0,0.0,0.0,1006.1781005859375,23.600000381469727,-0.09527835249900818,-0.5786392688751221,0,0,0.0,0.0,0.0,0,0,-0.02606280706822872,0.0,-0.02383495680987835,-0.9765312671661377,0.0,0.0,100.0,100.0,9368,9412,9877,9412,0,9412,STANDBY
0.4699999988079071,-0.07000000029802322,9.649999618530273,0.0,0.0,0.0,1005.3828125,23.100000381469727,3.4908740520477295,10.52637767791748,0,0,0.0,0.0,0.0,0,0,-0.02606280706822872,0.0,-0.0238959938287735,-0.9764397144317627,0.0,0.0,100.0,100.0,9468,9512,9976,9496,0,9512,STANDBY
0.49000000953674316,-0.07000000029802322,9.640000343322754,0.0,0.0,0.0,1004.6414794921875,22.649999618530273,10.39549446105957,42.54813003540039,0,0,0.0,0.0,0.0,0,0,-0.026001770049333572,0.0,-0.024048585444688797,-0.9762566089630127,0.0,0.0,100.0,100.0,9568,9612,10091,9612,0,9612,STANDBY
0.4699999988079071,-0.07000000029802322,9.640000343322754,0.0,0.0,0.0,1004.5907592773438,22.6200008392334,12.46251106262207,48.06565475463867,0,0,0.0,0.0,0.0,0,0,-0.025940733030438423,0.0,-0.0238044373691082,-0.9762260913848877,0.0,0.0,100.0,100.0,9668,9712,10189,9710,0,9712,STANDBY
0.47999998927116394,-0.1599999964237213,9.640000343322754,0.0,0.0,0.0,1005.768310546875,23.329999923706055,7.553637504577637,5.21604061126709,0,0,0.0,0.0,0.0,0,0,-0.025971252471208572,0.0,-0.023529771715402603,-0.9760429859161377,0.0,0.0,100.0,100.0,9768,9812,10288,9808,0,9812,STANDBY
0.4399999976158142,-0.09000000357627869,9.640000343322754,0.0,0.0,0.0,1006.161865234375,23.549999237060547,1.6122961044311523,-40.6148567199707,0,0,0.0,0.0,0.0,0,0,-0.02618488110601902,0.0,-0.022400585934519768,-0.9758903980255127,0.0,0.0,100.0,100.0,9873,9912,10387,9908,0,9912,STANDBY
0.47999998927116394,-0.07000000029802322,9.649999618530273,0.0,0.0,0.0,1006.1806030273438,23.549999237060547,0.2566578984260559,-41.976104736328125,0,0,0.0,0.0,0.0,0,0,-0.02609332650899887,0.0,-0.022370068356394768,-0.9757988452911377,0.0,0.0,100.0,100.0,9973,10012,10485,10006,0,10012,STANDBY
0.46000000834465027,-0.07000000029802322,9.630000114440918,0.0,0.0,0.0,1006.17822265625,23.540000915527344,-0.019286897033452988,-15.763790130615234,0,0,0.0,0.0,0.0,0,0,-0.025971252471208572,0.0,-0.02224799431860447,-0.9757988452911377,0.0,0.0,100.0,100.0,10073,10112,10584,10104,0,10112,STANDBY
0.4699999988079071,-0.07000000029802322,9.630000114440918,0.0,0.0,0.0,1006.1671752929688,23.540000915527344,-0.017614956945180893,-4.236361503601074,0,0,0.0,0.0,0.0,0,0,-0.026001770049333572,0.0,-0.022400585934519768,-0.9756157398223877,0.0,0.0,100.0,100.0,10173,10212,10682,10203,0,10212,STANDBY
0.46000000834465027,-0.1599999964237213,9.619999885559082,0.0,0.0,0.0,1006.1687622070312,23.530000686645508,-0.05769044905900955,-1.009682536125183,0,0,0.0,0.0,0.0,0,0,-0.02609332650899887,0.0,-0.02130191959440708,-0.9754936099052429,0.0,0.0,100.0,100.0,10273,10312,10781,10301,0,10312,STANDBY
0.4699999988079071,-0.05999999865889549,9.640000343322754,0.0,0.0,0.0,1006.1681518554688,23.540000915527344,0.012880293652415276,0.01887354999780655,0,0,0.0,0.0,0.0,0,0,-0.02615436352789402,0.0,-0.021210364997386932,-0.9754325747489929,0.0,0.0,100.0,100.0,10373,10412,10880,10412,0,10412,STANDBY
0.4699999988079071,-0.05999999865889549,9.640000343322754,0.0,0.0,0.0,1005.3701782226562,23.040000915527344,3.609741449356079,11.131457328796387,0,0,0.0,0.0,0.0,0,0,-0.025971252471208572,0.0,-0.021118808537721634,-0.9754325747489929,0.0,0.0,100.0,100.0,10473,10512,10978,10499,0,10512,STANDBY
0.4699999988079071,-0.1599999964237213,9.640000343322754,0.0,0.0,0.0,1004.640869140625,22.59000015258789,10.46354866027832,42.53193283081055,0,0,0.0,0.0,0.0,0,0,-0.026001770049333572,0.0,-0.020813623443245888,-0.9754020571708679,0.0,0.0,100.0,100.0,10573,10612,11076,10597,0,10612,STANDBY
0.47999998927116394,-0.07999999821186066,9.630000114440918,0.0,0.0,0.0,1004.5917358398438,22.559999465942383,12.43409252166748,47.190269470214844,0,0,0.0,0.0,0.0,0,0,-0.02609332650899887,0.0,-0.020264290273189545,-0.9753105044364929,0.0,0.0,100.0,100.0,10674,10712,11174,10695,0,10712,STANDBY
0.46000000834465027,-0.05999999865889549,9.640000343322754,0.0,0.0,0.0,1005.9579467773438,23.399999618530273,6.735888957977295,2.3786067962646484,0,0,0.0,0.0,0.0,0,0,-0.026001770049333572,0.0,-0.02066103182733059,-0.9751273989677429,0.0,0.0,100.0,100.0,10774,10812,11289,10810,0,10812,STANDBY
0.4699999988079071,-0.15000000596046448,9.630000114440918,0.0,0.0,0.0,1006.1592407226562,23.510000228881836,1.4685513973236084,-42.804298400878906,0,0,0.0,0.0,0.0,0,0,-0.02609332650899887,0.0,-0.020050661638379097,-0.9750358462333679,0.0,0.0,100.0,100.0,10874,10912,11388,10908,0,10912,STANDBY
0.4699999988079071,-0.05999999865889549,9.640000343322754,0.0,0.0,0.0,1006.1673583984375,23.520000457763672,0.28495755791664124,-40.86773681640625,0,0,0.0,0.0,0.0,0,0,-0.02606280706822872,0.0,-0.019989624619483948,-0.9750053286552429,0.0,0.0,100.0,100.0,10974,11012,11487,11008,0,11012,STANDBY
0.47999998927116394,-0.11999999731779099,9.640000343322754,0.0,0.0,0.0,1006.178466796875,23.520000457763672,0.015076350420713425,-14.53528118133545,0,0,0.0,0.0,0.0,0,0,-0.02603228949010372,0.0,-0.020020142197608948,-0.9749137759208679,0.0,0.0,100.0,100.0,11074,11112,11585,11106,0,11112,STANDBY
0.46000000834465027,-0.07000000029802322,9.649999618530273,0.0,0.0,0.0,1006.1986694335938,23.510000228881836,-0.1560327559709549,-4.443774223327637,0,0,0.0,0.0,0.0,0,0,-0.026001770049333572,0.0,-0.019287697970867157,-0.9750053286552429,0.0,0.0,100.0,100.0,11174,11212,11683,11204,0,11212,STANDBY
0.44999998807907104,-0.11999999731779099,9.65999984741211,0.0,0.0,0.0,1006.1760864257812,23.510000228881836,-0.0968589037656784,-1.3757688999176025,0,0,0.0,0.0,0.0,0,0,-0.025879696011543274,0.0,-0.019196143373847008,-0.9750053286552429,0.0,0.0,100.0,100.0,11274,11312,11782,11302,0,11312,STANDBY
0.44999998807907104,-0.07999999821186066,9.65999984741211,0.0,0.0,0.0,1006.19384765625,23.510000228881836,-0.19440829753875732,-0.49851489067077637,0,0,0.0,0.0,0.0,0,0,-0.025971252471208572,0.0,-0.01837214268743992,-0.9749137759208679,0.0,0.0,100.0,100.0,11374,11412,11880,11411,0,11412,STANDBY
0.46000000834465027,-0.09000000357627869,9.640000343322754,0.0,0.0,0.0,1005.3194580078125,22.979999542236328,3.7939701080322266,11.60627555847168,0,0,0.0,0.0,0.0,0,0,-0.025971252471208572,0.0,-0.018768884241580963,-0.9747917056083679,0.0,0.0,100.0,100.0,11474,11512,11979,11499,0,11512,STANDBY
0.4300000071525574,-0.11999999731779099,9.649999618530273,0.0,0.0,0.0,1004.66015625,22.56999969482422,10.405888557434082,43.379634857177734,0,0,0.0,0.0,0.0,0,0,-0.025910215452313423,0.0,-0.01837214268743992,-0.9747306704521179,0.0,0.0,100.0,100.0,11574,11612,12078,11598,0,11612,STANDBY
0.5099999904632568,-0.2199999988079071,9.630000114440918,0.0,0.0,0.0,1004.6185913085938,22.549999237060547,12.259902954101562,46.437408447265625,0,0,0.0,0.0,0.0,0,0,-0.02624591812491417,0.0,-0.01730399578809738,-0.9746696352958679,0.0,0.0,100.0,100.0,11674,11712,12176,11696,0,11712,STANDBY
0.5,0.03999999910593033,9.649999618530273,0.0,0.0,0.0,1005.7640380859375,23.260000228881836,7.520391941070557,4.426424026489258,0,0,0.0,0.0,0.0,0,0,-0.025666067376732826,0.0,-0.018829921260476112,-0.9746391177177429,0.0,0.0,100.0,100.0,11774,11812,12291,11810,0,11812,STANDBY
0.5400000214576721,0.0,9.65999984741211,0.0,0.0,0.0,1006.161865234375,23.489999771118164,1.6447640657424927,-40.78045654296875,0,0,0.0,0.0,0.0,0,0,-0.02539139986038208,0.0,-0.01913510635495186,-0.9746086001396179,0.0,0.0,100.0,100.0,11874,11912,12389,11910,0,11912,STANDBY
0.38999998569488525,0.0,9.65999984741211,0.0,0.0,0.0,1006.1609497070312,23.5,0.3454888164997101,-42.38438415527344,0,0,0.0,0.0,0.0,0,0,-0.02523880824446678,0.0,-0.019348734989762306,-0.9746086001396179,0.0,0.0,100.0,100.0,11974,12012,12487,12008,0,12012,STANDBY
0.7200000286102295,-0.10000000149011612,9.649999618530273,0.0,0.0,0.0,1006.157470703125,23.5,0.1250845491886139,-15.423650741577148,0,0,0.0,0.0,0.0,0,0,-0.02551347389817238,0.0,-0.01907406933605671,-0.9746086001396179,0.0,0.0,100.0,100.0,12075,12112,12587,12107,0,12112,STANDBY
0.4300000071525574,-0.05000000074505806,9.670000076293945,0.0,0.0,0.0,1006.1339721679688,23.5,0.18048818409442902,-3.7240076065063477,0,0,0.0,0.0,0.0,0,0,-0.025116734206676483,0.0,-0.01895199529826641,-0.9745475649833679,0.0,0.0,100.0,100.0,12175,12212,12685,12206,0,12212,STANDBY
0.4399999976158142,-0.20999999344348907,9.65999984741211,0.0,0.0,0.0,1006.1348266601562,23.5,0.2324070930480957,-0.2619270384311676,0,0,0.0,0.0,0.0,0,0,-0.025635547935962677,0.0,-0.019440291449427605,-0.9744865298271179,0.0,0.0,100.0,100.0,12275,12312,12783,12304,0,12312,STANDBY
0.5099999904632568,-0.1899999976158142,9.670000076293945,0.0,0.0,0.0,1006.1171875,23.5,0.3280329704284668,0.5923464894294739,0,0,0.0,0.0,0.0,0,0,-0.025696584954857826,0.0,-0.019379254430532455,-0.9745475649833679,0.0,0.0,100.0,100.0,12375,12412,12881,12410,0,12412,STANDBY
0.5,0.019999999552965164,9.65999984741211,0.0,0.0,0.0,1004.9910888671875,22.780000686645508,5.441139221191406,15.783510208129883,0,0,0.0,0.0,0.0,0,0,-0.025666067376732826,0.0,-0.01913510635495186,-0.9745475649833679,0.0,0.0,100.0,100.0,12475,12512,12980,12500,0,12512,STANDBY
0.44999998807907104,0.0,9.680000305175781,0.0,0.0,0.0,1004.6343994140625,22.559999465942383,11.064752578735352,45.43797302246094,0,0,0.0,0.0,0.0,0,0,-0.026337474584579468,0.0,-0.020020142197608948,-0.9744254946708679,0.0,0.0,100.0,100.0,12575,12612,13079,12599,0,12612,STANDBY
0.47999998927116394,-0.029999999329447746,9.65999984741211,0.0,0.0,0.0,1004.5767211914062,22.520000457763672,12.646231651306152,43.083595275878906,0,0,0.0,0.0,0.0,0,0,-0.02545243687927723,0.0,-0.019653920084238052,-0.9743034243583679,0.0,0.0,100.0,100.0,12675,12712,13177,12698,0,12712,STANDBY
0.5299999713897705,-0.07000000029802322,9.649999618530273,0.0,0.0,0.0,1005.7999877929688,23.280000686645508,7.071455955505371,-1.6413211822509766,0,0,0.0,0.0,0.0,0,0,-0.02630695514380932,0.0,-0.01895199529826641,-0.9743644595146179,0.0,0.0,100.0,100.0,12775,12812,13276,12796,0,12812,STANDBY
0.4099999964237213,-0.10000000149011612,9.65999984741211,0.0,0.0,0.0,1006.1620483398438,23.469999313354492,1.5210806131362915,-44.1348762512207,0,0,0.0,0.0,0.0,0,0,-0.02526932582259178,0.0,-0.01904354989528656,-0.9743339419364929,0.0,0.0,100.0,100.0,12875,12912,13390,12910,0,12912,STANDBY
0.5099999904632568,-0.07000000029802322,9.65999984741211,0.0,0.0,0.0,1006.1749877929688,23.469999313354492,0.24204251170158386,-41.22607421875,0,0,0.0,0.0,0.0,0,0,-0.02551347389817238,0.0,-0.018646810203790665,-0.9742423892021179,0.0,0.0,100.0,100.0,12975,13012,13489,13009,0,13012,STANDBY
0.46000000834465027,-0.12999999523162842,9.65999984741211,0.0,0.0,0.0,1006.1715698242188,23.469999313354492,-0.014249383471906185,-15.17451286315918,0,0,0.0,0.0,0.0,0,0,-0.025818658992648125,0.0,-0.016815699636936188,-0.9740287661552429,0.0,0.0,100.0,100.0,13075,13112,13587,13108,0,13112,STANDBY
0.5099999904632568,-0.75,9.539999961853027,0.0,0.0,0.0,1006.1607055664062,23.459999084472656,0.04117010533809662,-3.7413740158081055,0,0,0.0,0.0,0.0,0,0,-0.026673177257180214,0.0,-0.018494216725230217,-0.9739066958427429,0.0,0.0,100.0,100.0,13175,13212,13685,13206,0,13212,STANDBY
0.8999999761581421,0.15000000596046448,9.6899995803833,0.0,0.0,0.0,1006.1607055664062,23.459999084472656,0.03954002633690834,-0.430906742811203,0,0,0.0,0.0,0.0,0,0,-0.02682577073574066,0.0,-0.01672414317727089,-0.9736625552177429,0.0,0.0,100.0,100.0,13275,13312,13784,13304,0,13312,STANDBY
0.4300000071525574,-0.3199999928474426,9.640000343322754,0.0,0.0,0.0,1006.1799926757812,23.450000762939453,-0.07439211755990982,-0.4876919984817505,0,0,0.0,0.0,0.0,0,0,-0.026367992162704468,0.0,-0.015625476837158203,-0.9736930727958679,0.0,0.0,100.0,100.0,13375,13414,13883,13414,0,13414,STANDBY
0.4399999976158142,-0.25999999046325684,9.65999984741211,0.0,0.0,0.0,1005.3543090820312,22.940000534057617,3.631483316421509,10.527434349060059,0,0,0.0,0.0,0.0,0,0,-0.026367992162704468,0.0,-0.016174810007214546,-0.9735404253005981,0.0,0.0,100.0,100.0,13475,13514,13981,13502,0,13514,STANDBY
0.4399999976158142,0.019999999552965164,9.65999984741211,0.0,0.0,0.0,1004.56591796875,22.459999084472656,11.139424324035645,45.489715576171875,0,0,0.0,0.0,0.0,0,0,-0.025727104395627975,0.0,-0.015594958327710629,-0.9735404253005981,0.0,0.0,100.0,100.0,13576,13614,14081,13601,0,13614,STANDBY
0.5799999833106995,-0.17000000178813934,9.670000076293945,0.0,0.0,0.0,1004.5650024414062,22.469999313354492,12.842716217041016,49.71610641479492,0,0,0.0,0.0,0.0,0,0,-0.02624591812491417,0.0,-0.01422162540256977,-0.9734183549880981,0.0,0.0,100.0,100.0,13676,13714,14179,13700,0,13714,STANDBY
0.4699999988079071,-0.10000000149011612,9.65999984741211,0.0,0.0,0.0,1005.9824829101562,23.329999923706055,5.043486595153809,-9.459983825683594,0,0,0.0,0.0,0.0,0,0,-0.02630695514380932,0.0,-0.014313180930912495,-0.9733573198318481,0.0,0.0,100.0,100.0,13776,13814,14277,13798,0,13814,STANDBY
0.5099999904632568,0.019999999552965164,9.65999984741211,0.0,0.0,0.0,1006.1651611328125,23.440000534057617,1.1160577535629272,-48.61542510986328,0,0,0.0,0.0,0.0,0,0,-0.025574510917067528,0.0,-0.016876736655831337,-0.9732352495193481,0.0,0.0,100.0,100.0,13876,13914,14393,13913,0,13914,STANDBY
0.4300000071525574,-0.3499999940395355,9.649999618530273,0.0,0.0,0.0,1006.153564453125,23.43000030517578,0.2829812169075012,-32.68683624267578,0,0,0.0,0.0,0.0,0,0,-0.02621540054678917,0.0,-0.014435254968702793,-0.9730521440505981,0.0,0.0,100.0,100.0,13976,14014,14491,14012,0,14014,STANDBY
0.5299999713897705,-0.28999999165534973,9.65999984741211,0.0,0.0,0.0,1006.1710815429688,23.43000030517578,0.009749341756105423,-11.422811508178711,0,0,0.0,0.0,0.0,0,0,-0.025940733030438423,0.0,-0.0159916989505291,-0.9729605913162231,0.0,0.0,100.0,100.0,14076,14114,14589,14110,0,14114,STANDBY
0.5600000023841858,-0.15000000596046448,9.670000076293945,0.0,0.0,0.0,1006.1629028320312,23.420000076293945,0.03153505176305771,-3.1382665634155273,0,0,0.0,0.0,0.0,0,0,-0.025849178433418274,0.0,-0.0158696249127388,-0.9729300737380981,0.0,0.0,100.0,100.0,14176,14214,14689,14210,0,14214,STANDBY
0.49000000953674316,-0.15000000596046448,9.649999618530273,0.0,0.0,0.0,1006.15283203125,23.420000076293945,0.08485766500234604,-0.30118995904922485,0,0,0.0,0.0,0.0,0,0,-0.025543993338942528,0.0,-0.0158391073346138,-0.9728995561599731,0.0,0.0,100.0,100.0,14276,14314,14787,14308,0,14314,STANDBY
0.47999998927116394,-0.14000000059604645,9.65999984741211,0.0,0.0,0.0,1006.1442260742188,23.420000076293945,0.13421307504177094,0.30897054076194763,0,0,0.0,0.0,0.0,0,0,-0.025696584954857826,0.0,-0.015381328761577606,-0.9729911088943481,0.0,0.0,100.0,100.0,14376,14414,14870,14411,0,14414,STANDBY
0.5099999904632568,-0.14000000059604645,9.649999618530273,0.0,0.0,0.0,1005.3018188476562,22.899999618530273,3.988041639328003,11.877839088439941,0,0,0.0,0.0,0.0,0,0,-0.025635547935962677,0.0,-0.015320291742682457,-0.9729605913162231,0.0,0.0,100.0,100.0,14476,14514,14985,14505,0,14514,STANDBY
0.5199999809265137,-0.05000000074505806,9.649999618530273,0.0,0.0,0.0,1004.5211791992188,22.40999984741211,11.50759220123291,46.72236633300781,0,0,0.0,0.0,0.0,0,0,-0.025543993338942528,0.0,-0.015289773233234882,-0.9729300737380981,0.0,0.0,100.0,100.0,14576,14614,15084,14605,0,14614,STANDBY
0.5099999904632568,-0.18000000715255737,9.65999984741211,0.0,0.0,0.0,1004.498779296875,22.389999389648438,13.287209510803223,50.46006774902344,0,0,0.0,0.0,0.0,0,0,-0.025879696011543274,0.0,-0.014984588138759136,-0.9728385210037231,0.0,0.0,100.0,100.0,14676,14714,15182,14703,0,14714,STANDBY
0.41999998688697815,-0.07000000029802322,9.640000343322754,0.0,0.0,0.0,1005.9445190429688,23.280000686645508,5.403828144073486,-9.301521301269531,0,0,0.0,0.0,0.0,0,0,-0.025879696011543274,0.0,-0.015045625157654285,-0.9728080034255981,0.0,0.0,100.0,100.0,14776,14814,15282,14802,0,14814,STANDBY
0.5,-0.09000000357627869,9.670000076293945,0.0,0.0,0.0,1006.1515502929688,23.399999618530273,1.3153386116027832,-49.34364318847656,0,0,0.0,0.0,0.0,0,0,-0.025788141414523125,0.0,-0.01474044006317854,-0.9727469682693481,0.0,0.0,100.0,100.0,14876,14914,15380,14901,0,14914,STANDBY
0.44999998807907104,-0.05000000074505806,9.65999984741211,0.0,0.0,0.0,1006.1554565429688,23.399999618530273,0.32890501618385315,-34.105224609375,0,0,0.0,0.0,0.0,0,0,-0.025727104395627975,0.0,-0.01501510664820671,-0.9727469682693481,0.0,0.0,100.0,100.0,14976,15014,15479,14999,0,15014,STANDBY
0.5899999737739563,-0.05000000074505806,9.600000381469727,0.0,0.0,0.0,1006.1722412109375,23.399999618530273,0.02875971421599388,-12.492302894592285,0,0,0.0,0.0,0.0,0,0,-0.025849178433418274,0.0,-0.014862514100968838,-0.9726859331130981,0.0,0.0,100.0,100.0,15076,15114,15578,15097,0,15114,STANDBY
0.5400000214576721,-0.07000000029802322,9.649999618530273,0.0,0.0,0.0,1006.178466796875,23.399999618530273,-0.06829239428043365,-3.963942050933838,0,0,0.0,0.0,0.0,0,0,-0.025696584954857826,0.0,-0.014984588138759136,-0.9725333452224731,0.0,0.0,100.0,100.0,15176,15214,15692,15213,0,15214,STANDBY
0.5199999809265137,-0.10000000149011612,9.65999984741211,0.0,0.0,0.0,1006.1741943359375,23.389999389648438,-0.07437889277935028,-1.1958338022232056,0,0,0.0,0.0,0.0,0,0,-0.025757621973752975,0.0,-0.014893032610416412,-0.9724723100662231,0.0,0.0,100.0,100.0,15276,15314,15792,15311,0,15314,STANDBY
0.699999988079071,-0.1599999964237213,9.65999984741211,0.0,0.0,0.0,1006.1757202148438,23.389999389648438,-0.07361212372779846,-0.25956010818481445,0,0,0.0,0.0,0.0,0,0,-0.025940733030438423,0.0,-0.014038514345884323,-0.9724112749099731,0.0,0.0,100.0,100.0,15376,15414,15874,15411,0,15414,STANDBY
0.5099999904632568,-0.15000000596046448,9.649999618530273,0.0,0.0,0.0,1005.35205078125,22.860000610351562,3.6596312522888184,11.174765586853027,0,0,0.0,0.0,0.0,0,0,-0.025605030357837677,0.0,-0.01467940304428339,-0.9724112749099731,0.0,0.0,100.0,100.0,15476,15514,15988,15509,0,15514,STANDBY
0.6100000143051147,-0.14000000059604645,9.59000015258789,0.0,0.0,0.0,1004.5159301757812,22.350000381469727,11.19610595703125,45.576908111572266,0,0,0.0,0.0,0.0,0,0,-0.02615436352789402,0.0,-0.013580736704170704,-0.9723502397537231,0.0,0.0,100.0,100.0,15576,15614,16088,15608,0,15614,STANDBY
0.38999998569488525,0.1599999964237213,9.600000381469727,0.0,0.0,0.0,1004.475341796875,22.309999465942383,13.328666687011719,51.47779083251953,0,0,0.0,0.0,0.0,0,0,-0.025910215452313423,0.0,-0.013519699685275555,-0.9723197221755981,0.0,0.0,100.0,100.0,15676,15714,16186,15707,0,15714,STANDBY
0.5299999713897705,0.0,9.630000114440918,0.0,0.0,0.0,1005.9628295898438,23.209999084472656,5.3139729499816895,-7.597165107727051,0,0,0.0,0.0,0.0,0,0,-0.025849178433418274,0.0,-0.014496291987597942,-0.9721671342849731,0.0,0.0,100.0,100.0,15776,15814,16285,15805,0,15814,STANDBY
0.4699999988079071,-0.029999999329447746,9.649999618530273,0.0,0.0,0.0,1006.1757202148438,23.329999923706055,1.0901458263397217,-50.00312423706055,0,0,0.0,0.0,0.0,0,0,-0.025208288803696632,0.0,-0.01593066193163395,-0.9720755815505981,0.0,0.0,100.0,100.0,15876,15915,16384,15904,0,15915,STANDBY
0.5299999713897705,-0.15000000596046448,9.630000114440918,0.0,0.0,0.0,1006.16650390625,23.329999923706055,0.21697014570236206,-34.41583251953125,0,0,0.0,0.0,0.0,0,0,-0.026001770049333572,0.0,-0.01303140353411436,-0.9719840288162231,0.0,0.0,100.0,100.0,15976,16015,16482,16003,0,16015,STANDBY
0.5099999904632568,-0.2800000011920929,9.630000114440918,0.0,0.0,0.0,1006.1564331054688,23.329999923706055,0.08292244374752045,-11.450238227844238,0,0,0.0,0.0,0.0,0,0,-0.026001770049333572,0.0,-0.013061922043561935,-0.9718619585037231,0.0,0.0,100.0,100.0,16076,16115,16581,16102,0,16115,STANDBY
0.3799999952316284,-0.05000000074505806,9.640000343322754,0.0,0.0,0.0,1006.1598510742188,23.31999969482422,0.032357633113861084,-2.9657628536224365,0,0,0.0,0.0,0.0,0,0,-0.02609332650899887,0.0,-0.012329477816820145,-0.9718619585037231,0.0,0.0,100.0,100.0,16176,16215,16679,16200,0,16215,STANDBY
0.7699999809265137,0.20999999344348907,9.75,0.0,0.0,0.0,1006.1556396484375,23.31999969482422,0.08116848021745682,-0.49207746982574463,0,0,0.0,0.0,0.0,0,0,-0.02700888179242611,0.0,-0.012421033345162868,-0.9717093706130981,0.0,0.0,100.0,100.0,16276,16315,16779,16300,0,16315,STANDBY
0.49000000953674316,-0.009999999776482582,9.640000343322754,0.0,0.0,0.0,1006.1799926757812,23.31999969482422,-0.050539325922727585,-0.30095168948173523,0,0,0.0,0.0,0.0,0,0,-0.02551347389817238,0.0,-0.013275551609694958,-0.9717093706130981,0.0,0.0,100.0,100.0,16376,16415,16893,16414,0,16415,STANDBY
0.4300000071525574,-0.3799999952316284,9.649999618530273,0.0,0.0,0.0,1005.3407592773438,22.809999465942383,3.7182838916778564,10.656943321228027,0,0,0.0,0.0,0.0,0,0,-0.025818658992648125,0.0,-0.012054811231791973,-0.9717093706130981,0.0,0.0,100.0,100.0,16477,16515,16993,16514,0,16515,STANDBY
0.49000000953674316,-0.07999999821186066,9.649999618530273,0.0,0.0,0.0,1004.51708984375,22.309999465942383,11.173995018005371,44.983543395996094,0,0,0.0,0.0,0.0,0,0,-0.026001770049333572,0.0,-0.011871700175106525,-0.9716177582740784,0.0,0.0,100.0,100.0,16577,16615,17091,16612,0,16615,STANDBY
0.4399999976158142,-0.15000000596046448,9.630000114440918,0.0,0.0,0.0,1004.4952392578125,22.290000915527344,13.19230842590332,50.658607482910156,0,0,0.0,0.0,0.0,0,0,-0.025849178433418274,0.0,-0.01150547806173563,-0.9715262055397034,0.0,0.0,100.0,100.0,16677,16715,17190,16711,0,16715,STANDBY
0.44999998807907104,-0.019999999552965164,9.65999984741211,0.0,0.0,0.0,1005.9412231445312,23.200000762939453,7.1739678382873535,2.6590356826782227,0,0,0.0,0.0,0.0,0,0,-0.025757621973752975,0.0,-0.011261329986155033,-0.9714956879615784,0.0,0.0,100.0,100.0,16777,16815,17289,16809,0,16815,STANDBY
0.4699999988079071,-0.10000000149011612,9.640000343322754,0.0,0.0,0.0,1006.1656494140625,23.329999923706055,1.5381977558135986,-45.41605758666992,0,0,0.0,0.0,0.0,0,0,-0.025910215452313423,0.0,-0.011291848495602608,-0.9714651703834534,0.0,0.0,100.0,100.0,16877,16915,17388,16909,0,16915,STANDBY
0.3700000047683716,-0.10000000149011612,9.649999618530273,0.0,0.0,0.0,1006.1755981445312,23.34000015258789,0.2593609094619751,-43.612266540527344,0,0,0.0,0.0,0.0,0,0,-0.025696584954857826,0.0,-0.011261329986155033,-0.9714041352272034,0.0,0.0,100.0,100.0,16977,17015,17487,17007,0,17015,STANDBY
0.47999998927116394,-0.10999999940395355,9.649999618530273,0.0,0.0,0.0,1006.16064453125,23.329999923706055,0.06251698732376099,-15.401082992553711,0,0,0.0,0.0,0.0,0,0,-0.025910215452313423,0.0,-0.010803552344441414,-0.9714041352272034,0.0,0.0,100.0,100.0,17077,17115,17586,17106,0,17115,STANDBY
0.49000000953674316,-0.05999999865889549,9.65999984741211,0.0,0.0,0.0,1006.1673583984375,23.329999923706055,-0.0074759358540177345,-4.075260639190674,0,0,0.0,0.0,0.0,0,0,-0.02603228949010372,0.0,-0.010925626382231712,-0.9712515473365784,0.0,0.0,100.0,100.0,17177,17215,17685,17206,0,17215,STANDBY
0.550000011920929,-0.05999999865889549,9.649999618530273,0.0,0.0,0.0,1006.1716918945312,23.329999923706055,-0.04164232313632965,-1.1051840782165527,0,0,0.0,0.0,0.0,0,0,-0.02606280706822872,0.0,-0.011017181910574436,-0.9711599946022034,0.0,0.0,100.0,100.0,17277,17315,17783,17304,0,17315,STANDBY
0.5400000214576721,-0.14000000059604645,9.640000343322754,0.0,0.0,0.0,1006.1707763671875,23.329999923706055,-0.036708131432533264,-0.29678064584732056,0,0,0.0,0.0,0.0,0,0,-0.025910215452313423,0.0,-0.010559404268860817,-0.9711599946022034,0.0,0.0,100.0,100.0,17377,17415,17883,17413,0,17415,STANDBY
0.4699999988079071,-0.07999999821186066,9.649999618530273,0.0,0.0,0.0,1005.3217163085938,22.799999237060547,3.7836334705352783,11.350865364074707,0,0,0.0,0.0,0.0,0,0,-0.025940733030438423,0.0,-0.010498367249965668,-0.9712210297584534,0.0,0.0,100.0,100.0,17477,17515,17982,17502,0,17515,STANDBY
0.3799999952316284,-0.3499999940395355,9.630000114440918,0.0,0.0,0.0,1004.5429077148438,22.329999923706055,11.109971046447754,45.28867721557617,0,0,0.0,0.0,0.0,0,0,-0.026337474584579468,0.0,-0.0098574785515666,-0.9710379242897034,0.0,0.0,100.0,100.0,17577,17615,18080,17601,0,17615,STANDBY
0.5600000023841858,-0.1899999976158142,9.630000114440918,0.0,0.0,0.0,1004.4857177734375,22.309999465942383,13.270524978637695,50.890777587890625,0,0,0.0,0.0,0.0,0,0,-0.026642659679055214,0.0,-0.0098574785515666,-0.9710684418678284,0.0,0.0,100.0,100.0,17677,17715,18179,17699,0,17715,STANDBY
0.4699999988079071,-0.05000000074505806,9.65999984741211,0.0,0.0,0.0,1005.9420166015625,23.219999313354492,7.1778106689453125,2.779921531677246,0,0,0.0,0.0,0.0,0,0,-0.02609332650899887,0.0,-0.009552293457090855,-0.9711599946022034,0.0,0.0,100.0,100.0,17777,17815,18278,17799,0,17815,STANDBY
0.5,-0.11999999731779099,9.649999618530273,0.0,0.0,0.0,1006.1697387695312,23.34000015258789,1.5466159582138062,-45.445892333984375,0,0,0.0,0.0,0.0,0,0,-0.02609332650899887,0.0,-0.009826960042119026,-0.9710379242897034,0.0,0.0,100.0,100.0,17878,17915,18393,17913,0,17915,STANDBY
0.47999998927116394,-0.11999999731779099,9.640000343322754,0.0,0.0,0.0,1006.16064453125,23.34000015258789,0.3463206887245178,-43.16081237792969,0,0,0.0,0.0,0.0,0,0,-0.025971252471208572,0.0,-0.00946073792874813,-0.9709768891334534,0.0,0.0,100.0,100.0,17978,18015,18492,18012,0,18015,STANDBY
0.5,-0.05000000074505806,9.640000343322754,0.0,0.0,0.0,1006.1864624023438,23.350000381469727,-0.033404313027858734,-15.633598327636719,0,0,0.0,0.0,0.0,0,0,-0.026001770049333572,0.0,-0.009674367494881153,-0.9709158539772034,0.0,0.0,100.0,100.0,18078,18115,18590,18111,0,18115,STANDBY
0.3799999952316284,-0.07999999821186066,9.649999618530273,0.0,0.0,0.0,1006.166259765625,23.350000381469727,-0.018617259338498116,-4.500810623168945,0,0,0.0,0.0,0.0,0,0,-0.025574510917067528,0.0,-0.00906399730592966,-0.9709463715553284,0.0,0.0,100.0,100.0,18178,18215,18690,18209,0,18215,STANDBY
0.5099999904632568,-0.07000000029802322,9.649999618530273,0.0,0.0,0.0,1006.174560546875,23.350000381469727,-0.025405079126358032,-0.8195105791091919,0,0,0.0,0.0,0.0,0,0,-0.026001770049333572,0.0,-0.009430219419300556,-0.9707937836647034,0.0,0.0,100.0,100.0,18278,18315,18788,18309,0,18315,STANDBY
0.5099999904632568,-0.09000000357627869,9.65999984741211,0.0,0.0,0.0,1006.174560546875,23.350000381469727,-0.04413052648305893,-0.16906848549842834,0,0,0.0,0.0,0.0,0,0,-0.02624591812491417,0.0,-0.009308145381510258,-0.9707937836647034,0.0,0.0,100.0,100.0,18378,18415,18871,18411,0,18415,STANDBY
0.5299999713897705,-0.10999999940395355,9.649999618530273,0.0,0.0,0.0,1005.0338134765625,22.649999618530273,5.111938953399658,15.283806800842285,0,0,0.0,0.0,0.0,0,0,-0.02603228949010372,0.0,-0.009247108362615108,-0.9707327485084534,0.0,0.0,100.0,100.0,18478,18515,18985,18506,0,18515,STANDBY
0.4300000071525574,-0.20000000298023224,9.630000114440918,0.0,0.0,0.0,1004.5259399414062,22.350000381469727,11.55181884765625,48.21247863769531,0,0,0.0,0.0,0.0,0,0,-0.02603228949010372,0.0,-0.008758812211453915,-0.9706106781959534,0.0,0.0,100.0,100.0,18578,18615,19085,18605,0,18615,STANDBY
0.3700000047683716,-0.2199999988079071,9.65999984741211,0.0,0.0,0.0,1004.5244750976562,22.34000015258789,13.06867504119873,46.64057159423828,0,0,0.0,0.0,0.0,0,0,-0.025727104395627975,0.0,-0.008545182645320892,-0.9704580903053284,0.0,0.0,100.0,100.0,18678,18715,19183,18704,0,18715,STANDBY
0.5099999904632568,-0.20000000298023224,9.630000114440918,0.0,0.0,0.0,1005.7619018554688,23.110000610351562,7.831686973571777,1.3287544250488281,0,0,0.0,0.0,0.0,0,0,-0.025849178433418274,0.0,-0.008819849230349064,-0.9704580903053284,0.0,0.0,100.0,100.0,18778,18816,19281,18802,0,18816,STANDBY
0.36000001430511475,-0.1899999976158142,9.65999984741211,0.0,0.0,0.0,1006.1854858398438,23.360000610351562,1.5388619899749756,-45.03117370605469,0,0,0.0,0.0,0.0,0,0,-0.025666067376732826,0.0,-0.008484145626425743,-0.9704580903053284,0.0,0.0,100.0,100.0,18878,18916,19380,18900,0,18916,STANDBY
0.5099999904632568,-0.07000000029802322,9.640000343322754,0.0,0.0,0.0,1006.173828125,23.360000610351562,0.22307991981506348,-45.339359283447266,0,0,0.0,0.0,0.0,0,0,-0.02612384408712387,0.0,-0.008301034569740295,-0.9704275727272034,0.0,0.0,100.0,100.0,18978,19016,19495,19015,0,19016,STANDBY
0.47999998927116394,-0.05000000074505806,9.649999618530273,0.0,0.0,0.0,1006.1777954101562,23.360000610351562,-0.0492209866642952,-16.344829559326172,0,0,0.0,0.0,0.0,0,0,-0.02603228949010372,0.0,-0.008362071588635445,-0.9703360199928284,0.0,0.0,100.0,100.0,19078,19116,19594,19115,0,19116,STANDBY
0.47999998927116394,-0.15000000596046448,9.649999618530273,0.0,0.0,0.0,1006.173828125,23.360000610351562,-0.0856543481349945,-4.36466646194458,0,0,0.0,0.0,0.0,0,0,-0.02618488110601902,0.0,-0.00833155307918787,-0.9702749848365784,0.0,0.0,100.0,100.0,19178,19216,19692,19213,0,19216,STANDBY
0.44999998807907104,-0.2199999988079071,9.649999618530273,0.0,0.0,0.0,1006.1710815429688,23.360000610351562,-0.05847309157252312,-0.8345546722412109,0,0,0.0,0.0,0.0,0,0,-0.02603228949010372,0.0,-0.0079348124563694,-0.9703055024147034,0.0,0.0,100.0,100.0,19278,19316,19790,19311,0,19316,STANDBY
0.47999998927116394,-0.07999999821186066,9.649999618530273,0.0,0.0,0.0,1006.1604614257812,23.360000610351562,0.016934579238295555,0.2840578258037567,0,0,0.0,0.0,0.0,0,0,-0.02615436352789402,0.0,-0.007507553324103355,-0.9703360199928284,0.0,0.0,100.0,100.0,19378,19417,19872,19410,0,19417,STANDBY
0.5600000023841858,0.23000000417232513,9.670000076293945,0.0,0.0,0.0,1004.9185791015625,22.579999923706055,5.632835865020752,17.147356033325195,0,0,0.0,0.0,0.0,0,0,-0.025757621973752975,0.0,-0.009308145381510258,-0.9703665375709534,0.0,0.0,100.0,100.0,19478,19517,19988,19508,0,19517,STANDBY
0.3199999928474426,-0.23000000417232513,9.649999618530273,0.0,0.0,0.0,1004.5784301757812,22.3799991607666,11.473438262939453,48.535400390625,0,0,0.0,0.0,0.0,0,0,-0.025543993338942528,0.0,-0.0079348124563694,-0.9703055024147034,0.0,0.0,100.0,100.0,19578,19617,20086,19607,0,19617,STANDBY
0.5600000023841858,-0.07000000029802322,9.640000343322754,0.0,0.0,0.0,1004.6133422851562,22.40999984741211,12.529777526855469,43.158226013183594,0,0,0.0,0.0,0.0,0,0,-0.025788141414523125,0.0,-0.007904293946921825,-0.9703360199928284,0.0,0.0,100.0,100.0,19678,19717,20185,19705,0,19717,STANDBY
0.41999998688697815,-0.05999999865889549,9.649999618530273,0.0,0.0,0.0,1005.9668579101562,23.239999771118164,5.135560989379883,-12.219161987304688,0,0,0.0,0.0,0.0,0,0,-0.02548295632004738,0.0,-0.008484145626425743,-0.9701834321022034,0.0,0.0,100.0,100.0,19778,19817,20284,19805,0,19817,STANDBY
0.5099999904632568,-0.11999999731779099,9.649999618530273,0.0,0.0,0.0,1006.1517944335938,23.3700008392334,1.1516252756118774,-47.82841873168945,0,0,0.0,0.0,0.0,0,0,-0.025635547935962677,0.0,-0.008697775192558765,-0.9701223969459534,0.0,0.0,100.0,100.0,19878,19917,20382,19903,0,19917,STANDBY
0.44999998807907104,-0.07999999821186066,9.670000076293945,0.0,0.0,0.0,1006.1699829101562,23.3700008392334,0.19778823852539062,-33.176998138427734,0,0,0.0,0.0,0.0,0,0,-0.025635547935962677,0.0,-0.008056886494159698,-0.9700308442115784,0.0,0.0,100.0,100.0,19978,20017,20482,20002,0,20017,STANDBY
0.47999998927116394,-0.07999999821186066,9.649999618530273,0.0,0.0,0.0,1006.1751708984375,23.3799991607666,-0.023639298975467682,-11.678731918334961,0,0,0.0,0.0,0.0,0,0,-0.025574510917067528,0.0,-0.00839259009808302,-0.9699698090553284,0.0,0.0,100.0,100.0,20078,20117,20580,20101,0,20117,STANDBY
0.4699999988079071,-0.15000000596046448,9.649999618530273,0.0,0.0,0.0,1006.171875,23.3799991607666,-0.05905318260192871,-3.301182746887207,0,0,0.0,0.0,0.0,0,0,-0.025666067376732826,0.0,-0.008056886494159698,-0.9698172211647034,0.0,0.0,100.0,100.0,20178,20217,20696,20216,0,20217,STANDBY
0.4699999988079071,-0.07000000029802322,9.649999618530273,0.0,0.0,0.0,1006.1666259765625,23.3799991607666,0.0022509125992655754,-0.488106369972229,0,0,0.0,0.0,0.0,0,0,-0.025666067376732826,0.0,-0.00827051606029272,-0.9697256088256836,0.0,0.0,100.0,100.0,20278,20317,20794,20315,0,20317,STANDBY
0.4699999988079071,-0.14000000059604645,9.65999984741211,0.0,0.0,0.0,1006.1593627929688,23.3799991607666,0.03737112134695053,0.3159811496734619,0,0,0.0,0.0,0.0,0,0,-0.025635547935962677,0.0,-0.007904293946921825,-0.9697256088256836,0.0,0.0,100.0,100.0,20378,20417,20893,20414,0,20417,STANDBY
0.47999998927116394,-0.07999999821186066,9.65999984741211,0.0,0.0,0.0,1005.3959350585938,22.889999389648438,3.473322868347168,10.397599220275879,0,0,0.0,0.0,0.0,0,0,-0.025696584954857826,0.0,-0.008026367984712124,-0.9696645736694336,0.0,0.0,100.0,100.0,20478,20517,20992,20512,0,20517,STANDBY
0.4699999988079071,-0.10000000149011612,9.649999618530273,0.0,0.0,0.0,1004.60986328125,22.420000076293945,10.747454643249512,43.61796188354492,0,0,0.0,0.0,0.0,0,0,-0.025757621973752975,0.0,-0.007599108852446079,-0.9696950912475586,0.0,0.0,100.0,100.0,20578,20617,21091,20612,0,20617,STANDBY
0.4699999988079071,-0.10999999940395355,9.649999618530273,0.0,0.0,0.0,1004.5650024414062,22.389999389648438,12.686227798461914,49.13561248779297,0,0,0.0,0.0,0.0,0,0,-0.025666067376732826,0.0,-0.007599108852446079,-0.9696645736694336,0.0,0.0,100.0,100.0,20678,20717,21190,20710,0,20717,STANDBY
0.4699999988079071,-0.09000000357627869,9.65999984741211,0.0,0.0,0.0,1005.9715576171875,23.270000457763672,5.043001174926758,-7.911931991577148,0,0,0.0,0.0,0.0,0,0,-0.025574510917067528,0.0,-0.00753807183355093,-0.9696340560913086,0.0,0.0,100.0,100.0,20779,20817,21288,20809,0,20817,STANDBY
0.47999998927116394,-0.09000000357627869,9.65999984741211,0.0,0.0,0.0,1006.1708374023438,23.3799991607666,1.0771161317825317,-47.39482879638672,0,0,0.0,0.0,0.0,0,0,-0.025727104395627975,0.0,-0.0076601458713412285,-0.9694814682006836,0.0,0.0,100.0,100.0,20879,20917,21388,20909,0,20917,STANDBY
0.4699999988079071,-0.10000000149011612,9.65999984741211,0.0,0.0,0.0,1006.1574096679688,23.3799991607666,0.2875196635723114,-32.235965728759766,0,0,0.0,0.0,0.0,0,0,-0.025757621973752975,0.0,-0.00753807183355093,-0.9694204330444336,0.0,0.0,100.0,100.0,20979,21017,21486,21007,0,21017,STANDBY
0.4699999988079071,-0.07000000029802322,9.65999984741211,0.0,0.0,0.0,1006.1766357421875,23.389999389648438,0.00874049961566925,-11.143336296081543,0,0,0.0,0.0,0.0,0,0,-0.025696584954857826,0.0,-0.0074159977957606316,-0.9694204330444336,0.0,0.0,100.0,100.0,21079,21117,21585,21106,0,21117,STANDBY
0.46000000834465027,0.05000000074505806,9.670000076293945,0.0,0.0,0.0,1006.1757202148438,23.389999389648438,-0.05163944140076637,-3.480154037475586,0,0,0.0,0.0,0.0,0,0,-0.02529984526336193,0.0,-0.006897183135151863,-0.9694814682006836,0.0,0.0,100.0,100.0,21179,21217,21684,21204,0,21217,STANDBY
0.5,-0.05000000074505806,9.649999618530273,0.0,0.0,0.0,1006.1766357421875,23.389999389648438,-0.05479820445179939,-0.916877269744873,0,0,0.0,0.0,0.0,0,0,-0.025757621973752975,0.0,-0.006836146116256714,-0.9693899154663086,0.0,0.0,100.0,100.0,21279,21317,21783,21304,0,21317,STANDBY
0.6200000047683716,-0.10999999940395355,9.65999984741211,0.0,0.0,0.0,1006.1607055664062,23.389999389648438,0.007896543480455875,0.007878705859184265,0,0,0.0,0.0,0.0,0,0,-0.025666067376732826,0.0,-0.0070192571729421616,-0.9694509506225586,0.0,0.0,100.0,100.0,21379,21417,21882,21412,0,21417,STANDBY
0.4300000071525574,-0.07999999821186066,9.65999984741211,0.0,0.0,0.0,1005.428466796875,22.90999984741211,3.2995574474334717,9.961097717285156,0,0,0.0,0.0,0.0,0,0,-0.025543993338942528,0.0,-0.007049775682389736,-0.9693899154663086,0.0,0.0,100.0,100.0,21479,21517,21981,21501,0,21517,STANDBY
0.4099999964237213,-0.10000000149011612,9.649999618530273,0.0,0.0,0.0,1004.642333984375,22.450000762939453,10.54075813293457,42.920867919921875,0,0,0.0,0.0,0.0,0,0,-0.025208288803696632,0.0,-0.006775109097361565,-0.9693593978881836,0.0,0.0,100.0,100.0,21579,21617,22096,21616,0,21617,STANDBY
0.5099999904632568,0.12999999523162842,9.619999885559082,0.0,0.0,0.0,1004.6140747070312,22.43000030517578,12.320058822631836,48.131813049316406,0,0,0.0,0.0,0.0,0,0,-0.02533036284148693,0.0,-0.0074159977957606316,-0.9693288803100586,0.0,0.0,100.0,100.0,21679,21718,22195,21715,0,21718,STANDBY
0.550000011920929,-0.029999999329447746,9.65999984741211,0.0,0.0,0.0,1006.001708984375,23.280000686645508,4.804910659790039,-8.366043090820312,0,0,0.0,0.0,0.0,0,0,-0.02536088228225708,0.0,-0.00714133121073246,-0.9693288803100586,0.0,0.0,100.0,100.0,21779,21818,22294,21814,0,21818,STANDBY
0.44999998807907104,0.029999999329447746,9.649999618530273,0.0,0.0,0.0,1006.1808471679688,23.389999389648438,0.9645688533782959,-46.733154296875,0,0,0.0,0.0,0.0,0,0,-0.02539139986038208,0.0,-0.0066225165501236916,-0.9692983627319336,0.0,0.0,100.0,100.0,21879,21918,22392,21913,0,21918,STANDBY
0.46000000834465027,-0.09000000357627869,9.65999984741211,0.0,0.0,0.0,1006.182373046875,23.399999618530273,0.10664276033639908,-31.9111328125,0,0,0.0,0.0,0.0,0,0,-0.025849178433418274,0.0,-0.006530961021780968,-0.9692678451538086,0.0,0.0,100.0,100.0,21979,22018,22492,22011,0,22018,STANDBY
0.44999998807907104,-0.1899999976158142,9.65999984741211,0.0,0.0,0.0,1006.1884155273438,23.40999984741211,-0.10721572488546371,-11.087831497192383,0,0,0.0,0.0,0.0,0,0,-0.02618488110601902,0.0,-0.007110812701284885,-0.9691457748413086,0.0,0.0,100.0,100.0,22079,22118,22590,22111,0,22118,STANDBY
0.4399999976158142,-0.18000000715255737,9.65999984741211,0.0,0.0,0.0,1006.1707153320312,23.399999618530273,-0.053556889295578,-2.8265607357025146,0,0,0.0,0.0,0.0,0,0,-0.025971252471208572,0.0,-0.006500442512333393,-0.9691457748413086,0.0,0.0,100.0,100.0,22179,22218,22689,22209,0,22218,STANDBY
0.3799999952316284,-0.25,9.649999618530273,0.0,0.0,0.0,1006.1797485351562,23.40999984741211,-0.08553272485733032,-0.43608853220939636,0,0,0.0,0.0,0.0,0,0,-0.025818658992648125,0.0,-0.005981627851724625,-0.9692068099975586,0.0,0.0,100.0,100.0,22280,22318,22788,22308,0,22318,STANDBY
0.4300000071525574,-0.17000000178813934,9.649999618530273,0.0,0.0,0.0,1006.1620483398438,23.40999984741211,-0.009180443361401558,0.07434342801570892,0,0,0.0,0.0,0.0,0,0,-0.025879696011543274,0.0,-0.005920590832829475,-0.9691762924194336,0.0,0.0,100.0,100.0,22380,22418,22870,22412,0,22418,STANDBY
0.5199999809265137,-0.10999999940395355,9.65999984741211,0.0,0.0,0.0,1005.4190673828125,22.940000534057617,3.3389410972595215,10.216741561889648,0,0,0.0,0.0,0.0,0,0,-0.025849178433418274,0.0,-0.005767998285591602,-0.9690847396850586,0.0,0.0,100.0,100.0,22480,22518,22985,22506,0,22518,STANDBY
0.3400000035762787,0.07999999821186066,9.649999618530273,0.0,0.0,0.0,1004.6364135742188,22.469999313354492,10.383077621459961,42.07743453979492,0,0,0.0,0.0,0.0,0,0,-0.024994660168886185,0.0,-0.00595110934227705,-0.9690542221069336,0.0,0.0,100.0,100.0,22580,22618,23084,22604,0,22618,STANDBY
0.5299999713897705,-0.009999999776482582,9.670000076293945,0.0,0.0,0.0,1004.613525390625,22.459999084472656,12.286487579345703,47.69007873535156,0,0,0.0,0.0,0.0,0,0,-0.025574510917067528,0.0,-0.005890072323381901,-0.9691762924194336,0.0,0.0,100.0,100.0,22680,22718,23183,22704,0,22718,STANDBY
0.5400000214576721,-0.10000000149011612,9.649999618530273,0.0,0.0,0.0,1005.9986572265625,23.299999237060547,4.827673435211182,-7.376131057739258,0,0,0.0,0.0,0.0,0,0,-0.025177771225571632,0.0,-0.0060731833800673485,-0.9690237045288086,0.0,0.0,100.0,100.0,22780,22818,23281,22802,0,22818,STANDBY
0.46000000834465027,-0.18000000715255737,9.65999984741211,0.0,0.0,0.0,1006.1806030273438,23.420000076293945,0.9559686779975891,-46.43326187133789,0,0,0.0,0.0,0.0,0,0,-0.02533036284148693,0.0,-0.005645924247801304,-0.9688711166381836,0.0,0.0,100.0,100.0,22880,22918,23397,22917,0,22918,STANDBY
0.4300000071525574,-0.10000000149011612,9.640000343322754,0.0,0.0,0.0,1006.1930541992188,23.43000030517578,0.04992096126079559,-32.149810791015625,0,0,0.0,0.0,0.0,0,0,-0.02533036284148693,0.0,-0.005706961266696453,-0.9688100814819336,0.0,0.0,100.0,100.0,22980,23018,23495,23016,0,23018,STANDBY
0.49000000953674316,-0.05000000074505806,9.640000343322754,0.0,0.0,0.0,1006.1804809570312,23.43000030517578,-0.12141519784927368,-11.249144554138184,0,0,0.0,0.0,0.0,0,0,-0.02545243687927723,0.0,-0.0058290353044867516,-0.9687795639038086,0.0,0.0,100.0,100.0,23080,23118,23595,23114,0,23118,STANDBY
0.47999998927116394,-0.07000000029802322,9.649999618530273,0.0,0.0,0.0,1006.1652221679688,23.43000030517578,-0.038438744843006134,-2.6433019638061523,0,0,0.0,0.0,0.0,0,0,-0.02542191930115223,0.0,-0.00595110934227705,-0.9687490463256836,0.0,0.0,100.0,100.0,23180,23218,23693,23214,0,23218,STANDBY
0.4699999988079071,-0.07999999821186066,9.640000343322754,0.0,0.0,0.0,1006.1720581054688,23.43000030517578,-0.07518820464611053,-0.25998735427856445,0,0,0.0,0.0,0.0,0,0,-0.025635547935962677,0.0,-0.0052797021344304085,-0.9687490463256836,0.0,0.0,100.0,100.0,23280,23318,23791,23312,0,23318,STANDBY
0.44999998807907104,-0.05000000074505806,9.640000343322754,0.0,0.0,0.0,1006.2040405273438,23.43000030517578,-0.21001280844211578,-0.5416395664215088,0,0,0.0,0.0,0.0,0,0,-0.02545243687927723,0.0,-0.005737479776144028,-0.9687185287475586,0.0,0.0,100.0,100.0,23380,23418,23874,23415,0,23418,STANDBY
0.4399999976158142,-0.07000000029802322,9.649999618530273,0.0,0.0,0.0,1005.4031372070312,22.950000762939453,3.3633921146392822,10.095300674438477,0,0,0.0,0.0,0.0,0,0,-0.02536088228225708,0.0,-0.006164738908410072,-0.9687185287475586,0.0,0.0,100.0,100.0,23480,23518,23990,23510,0,23518,STANDBY
0.49000000953674316,-0.07000000029802322,9.65999984741211,0.0,0.0,0.0,1004.6109619140625,22.469999313354492,10.58724308013916,43.53424072265625,0,0,0.0,0.0,0.0,0,0,-0.025208288803696632,0.0,-0.00634784996509552,-0.9687795639038086,0.0,0.0,100.0,100.0,23580,23618,24088,23609,0,23618,STANDBY
0.47999998927116394,-0.17000000178813934,9.649999618530273,0.0,0.0,0.0,1004.5875244140625,22.459999084472656,12.501482009887695,48.884864807128906,0,0,0.0,0.0,0.0,0,0,-0.02526932582259178,0.0,-0.006317331455647945,-0.9687490463256836,0.0,0.0,100.0,100.0,23680,23718,24187,23708,0,23718,STANDBY
0.44999998807907104,-0.09000000357627869,9.65999984741211,0.0,0.0,0.0,1005.96484375,23.31999969482422,5.09420108795166,-6.9343976974487305,0,0,0.0,0.0,0.0,0,0,-0.025574510917067528,0.0,-0.0054322946816682816,-0.9686574935913086,0.0,0.0,100.0,100.0,23780,23818,24287,23806,0,23818,STANDBY
0.49000000953674316,-0.05999999865889549,9.65999984741211,0.0,0.0,0.0,1006.1676025390625,23.440000534057617,1.0580661296844482,-46.8423957824707,0,0,0.0,0.0,0.0,0,0,-0.02545243687927723,0.0,-0.0056764427572488785,-0.9687185287475586,0.0,0.0,100.0,100.0,23880,23918,24385,23906,0,23918,STANDBY
0.46000000834465027,-0.07000000029802322,9.65999984741211,0.0,0.0,0.0,1006.1895141601562,23.450000762939453,0.05945683270692825,-33.30597686767578,0,0,0.0,0.0,0.0,0,0,-0.02533036284148693,0.0,-0.005859553813934326,-0.9687795639038086,0.0,0.0,100.0,100.0,23980,24018,24484,24005,0,24018,STANDBY
0.5099999904632568,0.20000000298023224,9.670000076293945,0.0,0.0,0.0,1006.19677734375,23.450000762939453,-0.16418242454528809,-11.904680252075195,0,0,0.0,0.0,0.0,0,0,-0.025147251784801483,0.0,-0.0062257759273052216,-0.9689321517944336,0.0,0.0,100.0,100.0,24080,24118,24584,24103,0,24118,STANDBY
0.4699999988079071,-0.11999999731779099,9.65999984741211,0.0,0.0,0.0,1006.1726684570312,23.450000762939453,-0.10993367433547974,-3.062652349472046,0,0,0.0,0.0,0.0,0,0,-0.025666067376732826,0.0,-0.004425183869898319,-0.9689321517944336,0.0,0.0,100.0,100.0,24180,24218,24682,24203,0,24218,STANDBY
0.46000000834465027,-0.10000000149011612,9.649999618530273,0.0,0.0,0.0,1006.1943969726562,23.459999084472656,-0.18963003158569336,-0.6646926999092102,0,0,0.0,0.0,0.0,0,0,-0.02548295632004738,0.0,-0.004516739398241043,-0.9690237045288086,0.0,0.0,100.0,100.0,24280,24318,24798,24317,0,24318,STANDBY
0.4699999988079071,-0.029999999329447746,9.670000076293945,0.0,0.0,0.0,1006.1726684570312,23.450000762939453,-0.1305098533630371,-0.22294916212558746,0,0,0.0,0.0,0.0,0,0,-0.025574510917067528,0.0,-0.004394665360450745,-0.9690847396850586,0.0,0.0,100.0,100.0,24380,24418,24896,24417,0,24418,STANDBY
0.47999998927116394,-0.07999999821186066,9.649999618530273,0.0,0.0,0.0,1005.25439453125,22.8799991607666,4.097233772277832,12.88921070098877,0,0,0.0,0.0,0.0,0,0,-0.024994660168886185,0.0,-0.0064699240028858185,-0.9691762924194336,0.0,0.0,100.0,100.0,24480,24518,24995,24515,0,24518,STANDBY
0.4300000071525574,-0.38999998569488525,9.649999618530273,0.0,0.0,0.0,1004.6242065429688,22.5,10.706713676452637,44.740882873535156,0,0,0.0,0.0,0.0,0,0,-0.02536088228225708,0.0,-0.0040894802659749985,-0.9692373275756836,0.0,0.0,100.0,100.0,24580,24619,25094,24614,0,24619,STANDBY
0.5199999809265137,-0.23999999463558197,9.649999618530273,0.0,0.0,0.0,1004.594970703125,22.489999771118164,12.474836349487305,46.65353775024414,0,0,0.0,0.0,0.0,0,0,-0.025147251784801483,0.0,-0.006134220398962498,-0.9694204330444336,0.0,0.0,100.0,100.0,24680,24719,25193,24713,0,24719,STANDBY
0.41999998688697815,-0.029999999329447746,9.649999618530273,0.0,0.0,0.0,1005.9823608398438,23.34000015258789,6.61025857925415,0.6758966445922852,0,0,0.0,0.0,0.0,0,0,-0.025055697187781334,0.0,-0.006256294436752796,-0.9694204330444336,0.0,0.0,100.0,100.0,24780,24819,25291,24812,0,24819,STANDBY
0.5199999809265137,0.009999999776482582,9.640000343322754,0.0,0.0,0.0,1006.1698608398438,23.450000762939453,1.3931291103363037,-43.639801025390625,0,0,0.0,0.0,0.0,0,0,-0.025147251784801483,0.0,-0.006317331455647945,-0.9694204330444336,0.0,0.0,100.0,100.0,24880,24919,25391,24911,0,24919,STANDBY
0.4300000071525574,-0.019999999552965164,9.649999618530273,0.0,0.0,0.0,1006.1857299804688,23.459999084472656,0.12002398073673248,-41.30029296875,0,0,0.0,0.0,0.0,0,0,-0.025025177747011185,0.0,-0.006256294436752796,-0.9693899154663086,0.0,0.0,100.0,100.0,24980,25019,25490,25010,0,25019,STANDBY
0.4699999988079071,-0.05000000074505806,9.640000343322754,0.0,0.0,0.0,1006.2059326171875,23.459999084472656,-0.2073262482881546,-15.2431640625,0,0,0.0,0.0,0.0,0,0,-0.024994660168886185,0.0,-0.006286812946200371,-0.9694509506225586,0.0,0.0,100.0,100.0,25080,25119,25588,25109,0,25119,STANDBY
0.4099999964237213,-0.17000000178813934,9.649999618530273,0.0,0.0,0.0,1006.1851806640625,23.459999084472656,-0.18864518404006958,-4.179328918457031,0,0,0.0,0.0,0.0,0,0,-0.024750512093305588,0.0,-0.005706961266696453,-0.9694509506225586,0.0,0.0,100.0,100.0,25181,25219,25688,25208,0,25219,STANDBY
0.4300000071525574,-0.10999999940395355,9.640000343322754,0.0,0.0,0.0,1006.1865844726562,23.459999084472656,-0.18414822220802307,-0.7653564810752869,0,0,0.0,0.0,0.0,0,0,-0.02468947507441044,0.0,-0.0056764427572488785,-0.9694814682006836,0.0,0.0,100.0,100.0,25281,25319,25787,25307,0,25319,STANDBY
0.5,-0.10999999940395355,9.640000343322754,0.0,0.0,0.0,1006.1865844726562,23.459999084472656,-0.17552608251571655,-0.032882846891880035,0,0,0.0,0.0,0.0,0,0,-0.02459791861474514,0.0,-0.005890072323381901,-0.9694509506225586,0.0,0.0,100.0,100.0,25381,25419,25869,25411,0,25419,STANDBY
0.46000000834465027,0.0,9.640000343322754,0.0,0.0,0.0,1004.9862670898438,22.739999771118164,5.261125564575195,16.330791473388672,0,0,0.0,0.0,0.0,0,0,-0.02465895563364029,0.0,-0.006317331455647945,-0.9695119857788086,0.0,0.0,100.0,100.0,25481,25519,25985,25505,0,25519,STANDBY
0.49000000953674316,0.03999999910593033,9.630000114440918,0.0,0.0,0.0,1004.6322631835938,22.520000457763672,11.013233184814453,47.21502685546875,0,0,0.0,0.0,0.0,0,0,-0.024994660168886185,0.0,-0.006653035059571266,-0.9694204330444336,0.0,0.0,100.0,100.0,25581,25619,26084,25604,0,25619,STANDBY
0.5099999904632568,-0.20000000298023224,9.720000267028809,0.0,0.0,0.0,1004.622314453125,22.510000228881836,12.371538162231445,43.44451141357422,0,0,0.0,0.0,0.0,0,0,-0.024781029671430588,0.0,-0.0068666646257042885,-0.9694509506225586,0.0,0.0,100.0,100.0,25681,25719,26182,25702,0,25719,STANDBY
0.44999998807907104,-0.07999999821186066,9.649999618530273,0.0,0.0,0.0,1006.0106201171875,23.270000457763672,5.848392963409424,-5.648008346557617,0,0,0.0,0.0,0.0,0,0,-0.024994660168886185,0.0,-0.006439405493438244,-0.9694509506225586,0.0,0.0,100.0,100.0,25781,25819,26298,25818,0,25819,STANDBY
0.49000000953674316,-0.15000000596046448,9.65999984741211,0.0,0.0,0.0,1006.1582641601562,23.459999084472656,1.2815502882003784,-45.17456817626953,0,0,0.0,0.0,0.0,0,0,-0.025025177747011185,0.0,-0.00595110934227705,-0.9695119857788086,0.0,0.0,100.0,100.0,25881,25919,26396,25917,0,25919,STANDBY
0.6800000071525574,0.27000001072883606,9.609999656677246,0.0,0.0,0.0,1006.1842041015625,23.469999313354492,0.14426958560943604,-37.449195861816406,0,0,0.0,0.0,0.0,0,0,-0.025086214765906334,0.0,-0.007354960776865482,-0.9694509506225586,0.0,0.0,100.0,100.0,25981,26019,26496,26015,0,26019,STANDBY
0.46000000834465027,0.009999999776482582,9.649999618530273,0.0,0.0,0.0,1006.1832885742188,23.459999084472656,-0.05332719907164574,-13.251523971557617,0,0,0.0,0.0,0.0,0,0,-0.025116734206676483,0.0,-0.006591998040676117,-0.9694814682006836,0.0,0.0,100.0,100.0,26081,26119,26594,26115,0,26119,STANDBY
0.38999998569488525,-0.10000000149011612,9.680000305175781,0.0,0.0,0.0,1006.1885375976562,23.459999084472656,-0.1576031744480133,-3.7775416374206543,0,0,0.0,0.0,0.0,0,0,-0.02447584457695484,0.0,-0.007049775682389736,-0.9695425033569336,0.0,0.0,100.0,100.0,26181,26219,26692,26213,0,26219,STANDBY
0.27000001072883606,0.07000000029802322,9.640000343322754,0.0,0.0,0.0,1006.1529541015625,23.459999084472656,-0.008066058158874512,-0.7173179388046265,0,0,0.0,0.0,0.0,0,0,-0.02459791861474514,0.0,-0.007110812701284885,-0.9694814682006836,0.0,0.0,100.0,100.0,26281,26319,26791,26312,0,26319,STANDBY
0.4099999964237213,-0.05999999865889549,9.65999984741211,0.0,0.0,0.0,1006.1631469726562,23.459999084472656,0.025214124470949173,0.6089250445365906,0,0,0.0,0.0,0.0,0,0,-0.024414807558059692,0.0,-0.00714133121073246,-0.9695119857788086,0.0,0.0,100.0,100.0,26381,26419,26873,26413,0,26419,STANDBY
0.41999998688697815,-0.07000000029802322,9.649999618530273,0.0,0.0,0.0,1004.997314453125,22.729999542236328,5.297919273376465,16.196361541748047,0,0,0.0,0.0,0.0,0,0,-0.02465895563364029,0.0,-0.00674459058791399,-0.9695425033569336,0.0,0.0,100.0,100.0,26481,26519,26989,26510,0,26519,STANDBY
0.5600000023841858,-0.15000000596046448,9.649999618530273,0.0,0.0,0.0,1004.6314086914062,22.520000457763672,11.004404067993164,46.120086669921875,0,0,0.0,0.0,0.0,0,0,-0.02551347389817238,0.0,-0.004425183869898319,-0.9694814682006836,0.0,0.0,100.0,100.0,26582,26619,27087,26608,0,26619,STANDBY
0.4099999964237213,-0.07000000029802322,9.649999618530273,0.0,0.0,0.0,1004.576416015625,22.489999771118164,12.660501480102539,43.82298278808594,0,0,0.0,0.0,0.0,0,0,-0.02539139986038208,0.0,-0.004791405983269215,-0.9693899154663086,0.0,0.0,100.0,100.0,26682,26719,27187,26707,0,26719,STANDBY
0.5199999809265137,-0.05999999865889549,9.670000076293945,0.0,0.0,0.0,1005.9829711914062,23.34000015258789,4.9812397956848145,-10.776390075683594,0,0,0.0,0.0,0.0,0,0,-0.02536088228225708,0.0,-0.005127109587192535,-0.9694204330444336,0.0,0.0,100.0,100.0,26782,26819,27286,26807,0,26819,STANDBY
0.4399999976158142,-0.05999999865889549,9.65999984741211,0.0,0.0,0.0,1006.1698608398438,23.450000762939453,1.0009181499481201,-48.522117614746094,0,0,0.0,0.0,0.0,0,0,-0.025177771225571632,0.0,-0.005523850210011005,-0.9693288803100586,0.0,0.0,100.0,100.0,26882,26919,27385,26905,0,26919,STANDBY
0.49000000953674316,-0.03999999910593033,9.65999984741211,0.0,0.0,0.0,1006.1766357421875,23.450000762939453,0.1319970190525055,-32.89675521850586,0,0,0.0,0.0,0.0,0,0,-0.025055697187781334,0.0,-0.006530961021780968,-0.9692068099975586,0.0,0.0,100.0,100.0,26982,27019,27484,27004,0,27019,STANDBY
0.4699999988079071,-0.05999999865889549,9.649999618530273,0.0,0.0,0.0,1006.1592407226562,23.450000762939453,0.06314489245414734,-10.710813522338867,0,0,0.0,0.0,0.0,0,0,-0.024933623149991035,0.0,-0.0064699240028858185,-0.9692373275756836,0.0,0.0,100.0,100.0,27082,27119,27582,27103,0,27119,STANDBY
0.46000000834465027,-0.07000000029802322,9.640000343322754,0.0,0.0,0.0,1006.1631469726562,23.450000762939453,-0.0053495001047849655,-2.65958571434021,0,0,0.0,0.0,0.0,0,0,-0.024964140728116035,0.0,-0.006439405493438244,-0.9692068099975586,0.0,0.0,100.0,100.0,27182,27219,27698,27218,0,27219,STANDBY
0.47999998927116394,-0.07000000029802322,9.649999618530273,0.0,0.0,0.0,1006.1631469726562,23.450000762939453,0.05146928131580353,-0.44218945503234863,0,0,0.0,0.0,0.0,0,0,-0.025086214765906334,0.0,-0.006408886983990669,-0.9690847396850586,0.0,0.0,100.0,100.0,27282,27319,27797,27317,0,27319,STANDBY
0.5,-0.11999999731779099,9.640000343322754,0.0,0.0,0.0,1006.155029296875,23.450000762939453,0.10010460764169693,0.427810937166214,0,0,0.0,0.0,0.0,0,0,-0.025635547935962677,0.0,-0.004730368964374065,-0.9688711166381836,0.0,0.0,100.0,100.0,27382,27419,27895,27417,0,27419,STANDBY
0.46000000834465027,0.07999999821186066,9.640000343322754,0.0,0.0,0.0,1004.969970703125,22.969999313354492,5.443109512329102,16.195781707763672,0,0,0.0,0.0,0.0,0,0,-0.02523880824446678,0.0,-0.0058290353044867516,-0.9687185287475586,0.0,0.0,100.0,100.0,27482,27520,27995,27514,0,27520,STANDBY
0.41999998688697815,-0.41999998688697815,9.619999885559082,0.0,0.0,0.0,1004.593994140625,22.5,11.230735778808594,46.787872314453125,0,0,0.0,0.0,0.0,0,0,-0.025543993338942528,0.0,-0.004394665360450745,-0.9686880111694336,0.0,0.0,100.0,100.0,27582,27620,28093,27614,0,27620,STANDBY
0.699999988079071,0.11999999731779099,9.65999984741211,0.0,0.0,0.0,1004.6051025390625,22.489999771118164,12.543464660644531,43.3077507019043,0,0,0.0,0.0,0.0,0,0,-0.02533036284148693,0.0,-0.005249183624982834,-0.9685964584350586,0.0,0.0,100.0,100.0,27682,27720,28192,27713,0,27720,STANDBY
0.27000001072883606,-0.30000001192092896,9.619999885559082,0.0,0.0,0.0,1005.9639282226562,23.329999923706055,5.061360836029053,-11.465072631835938,0,0,0.0,0.0,0.0,0,0,-0.025116734206676483,0.0,-0.0040894802659749985,-0.9685964584350586,0.0,0.0,100.0,100.0,27782,27820,28292,27811,0,27820,STANDBY
0.6700000166893005,-0.20000000298023224,9.619999885559082,0.0,0.0,0.0,1006.185302734375,23.440000534057617,0.9463822841644287,-48.43807601928711,0,0,0.0,0.0,0.0,0,0,-0.02545243687927723,0.0,-0.004608294926583767,-0.9685354232788086,0.0,0.0,100.0,100.0,27882,27920,28390,27911,0,27920,STANDBY
0.3700000047683716,-0.12999999523162842,9.649999618530273,0.0,0.0,0.0,1006.1785888671875,23.440000534057617,0.09567686915397644,-33.287994384765625,0,0,0.0,0.0,0.0,0,0,-0.02536088228225708,0.0,-0.004211554303765297,-0.9684743881225586,0.0,0.0,100.0,100.0,27982,28020,28489,28009,0,28020,STANDBY
0.4300000071525574,-0.11999999731779099,9.640000343322754,0.0,0.0,0.0,1006.1593627929688,23.43000030517578,0.06592927873134613,-10.635196685791016,0,0,0.0,0.0,0.0,0,0,-0.025208288803696632,0.0,-0.004211554303765297,-0.9683828353881836,0.0,0.0,100.0,100.0,28082,28120,28588,28108,0,28120,STANDBY
0.25999999046325684,-0.05000000074505806,9.670000076293945,0.0,0.0,0.0,1006.1771850585938,23.43000030517578,-0.05633857846260071,-2.578284740447998,0,0,0.0,0.0,0.0,0,0,-0.025879696011543274,0.0,-0.004303109832108021,-0.9684133529663086,0.0,0.0,100.0,100.0,28182,28220,28687,28208,0,28220,STANDBY
0.5799999833106995,-0.03999999910593033,9.65999984741211,0.0,0.0,0.0,1006.17626953125,23.43000030517578,-0.08181184530258179,-1.0440847873687744,0,0,0.0,0.0,0.0,0,0,-0.02603228949010372,0.0,-0.004669331945478916,-0.9682607650756836,0.0,0.0,100.0,100.0,28282,28320,28786,28306,0,28320,STANDBY
0.4300000071525574,0.019999999552965164,9.670000076293945,0.0,0.0,0.0,1006.1593627929688,23.43000030517578,0.013279525563120842,0.006576016545295715,0,0,0.0,0.0,0.0,0,0,-0.025818658992648125,0.0,-0.004181035794317722,-0.9681997299194336,0.0,0.0,100.0,100.0,28382,28420,28868,28410,0,28420,STANDBY
0.5299999713897705,-0.23000000417232513,9.609999656677246,0.0,0.0,0.0,1005.4193725585938,22.969999313354492,3.3986122608184814,10.572457313537598,0,0,0.0,0.0,0.0,0,0,-0.02624591812491417,0.0,-0.0039674062281847,-0.9681081771850586,0.0,0.0,100.0,100.0,28482,28520,28984,28504,0,28520,STANDBY
0.5299999713897705,-0.03999999910593033,9.670000076293945,0.0,0.0,0.0,1004.6459350585938,22.5,10.530969619750977,42.989837646484375,0,0,0.0,0.0,0.0,0,0,-0.025940733030438423,0.0,-0.0033875545486807823,-0.9681386947631836,0.0,0.0,100.0,100.0,28582,28620,29099,28619,0,28620,STANDBY
0.5099999904632568,-0.15000000596046448,9.680000305175781,0.0,0.0,0.0,1004.603271484375,22.489999771118164,12.33321475982666,47.637046813964844,0,0,0.0,0.0,0.0,0,0,-0.026490066200494766,0.0,-0.004028443247079849,-0.9681997299194336,0.0,0.0,100.0,100.0,28682,28720,29198,28719,0,28720,STANDBY
0.3700000047683716,-0.07000000029802322,9.649999618530273,0.0,0.0,0.0,1005.9472045898438,23.31999969482422,5.11889123916626,-7.311217308044434,0,0,0.0,0.0,0.0,0,0,-0.026001770049333572,0.0,-0.004028443247079849,-0.9680776596069336,0.0,0.0,100.0,100.0,28782,28820,29297,28817,0,28820,STANDBY
0.5600000023841858,-0.10999999940395355,9.649999618530273,0.0,0.0,0.0,1006.1559448242188,23.440000534057617,1.2376459836959839,-45.270477294921875,0,0,0.0,0.0,0.0,0,0,-0.025910215452313423,0.0,-0.0036927396431565285,-0.9680166244506836,0.0,0.0,100.0,100.0,28882,28920,29395,28916,0,28920,STANDBY
0.44999998807907104,-0.09000000357627869,9.65999984741211,0.0,0.0,0.0,1006.17333984375,23.440000534057617,0.21992003917694092,-32.26224136352539,0,0,0.0,0.0,0.0,0,0,-0.025696584954857826,0.0,-0.003723258152604103,-0.9680166244506836,0.0,0.0,100.0,100.0,28982,29020,29495,29016,0,29020,STANDBY
0.49000000953674316,-0.07999999821186066,9.65999984741211,0.0,0.0,0.0,1006.1727294921875,23.440000534057617,-0.014159400016069412,-12.046073913574219,0,0,0.0,0.0,0.0,0,0,-0.025696584954857826,0.0,-0.0037537766620516777,-0.9680166244506836,0.0,0.0,100.0,100.0,29082,29120,29594,29114,0,29120,STANDBY
0.4699999988079071,-0.10000000149011612,9.649999618530273,0.0,0.0,0.0,1006.1727294921875,23.440000534057617,-0.03071441873908043,-3.3552498817443848,0,0,0.0,0.0,0.0,0,0,-0.025574510917067528,0.0,-0.003936887718737125,-0.9679250717163086,0.0,0.0,100.0,100.0,29182,29220,29693,29213,0,29220,STANDBY
0.44999998807907104,-0.09000000357627869,9.649999618530273,0.0,0.0,0.0,1006.1785888671875,23.440000534057617,-0.051417723298072815,-0.6794236302375793,0,0,0.0,0.0,0.0,0,0,-0.025543993338942528,0.0,-0.0037537766620516777,-0.9679250717163086,0.0,0.0,100.0,100.0,29282,29320,29792,29313,0,29320,STANDBY
0.46000000834465027,-0.09000000357627869,9.649999618530273,0.0,0.0,0.0,1006.1618041992188,23.440000534057617,-0.017552383244037628,-0.17502467334270477,0,0,0.0,0.0,0.0,0,0,-0.02539139986038208,0.0,-0.003723258152604103,-0.9679555892944336,0.0,0.0,100.0,100.0,29382,29420,29875,29412,0,29420,STANDBY
0.44999998807907104,-0.07999999821186066,9.630000114440918,0.0,0.0,0.0,1005.4027099609375,22.959999084472656,3.4500625133514404,10.378159523010254,0,0,0.0,0.0,0.0,0,0,-0.025940733030438423,0.0,-0.004303109832108021,-0.9678945541381836,0.0,0.0,100.0,100.0,29483,29520,29990,29510,0,29520,STANDBY
0.44999998807907104,-0.23000000417232513,9.649999618530273,0.0,0.0,0.0,1004.5884399414062,22.479999542236328,10.878410339355469,44.170005798339844,0,0,0.0,0.0,0.0,0,0,-0.025757621973752975,0.0,-0.0036927396431565285,-0.9677724242210388,0.0,0.0,100.0,100.0,29583,29620,30089,29609,0,29620,STANDBY
0.46000000834465027,-0.11999999731779099,9.649999618530273,0.0,0.0,0.0,1004.5692749023438,22.459999084472656,12.644556045532227,49.017311096191406,0,0,0.0,0.0,0.0,0,0,-0.025666067376732826,0.0,-0.0034485915675759315,-0.9678945541381836,0.0,0.0,100.0,100.0,29683,29720,30188,29709,0,29720,STANDBY
0.49000000953674316,-0.029999999329447746,9.649999618530273,0.0,0.0,0.0,1005.958251953125,23.309999465942383,5.141595363616943,-8.104177474975586,0,0,0.0,0.0,0.0,0,0,-0.025696584954857826,0.0,-0.0031128879636526108,-0.9678640365600586,0.0,0.0,100.0,100.0,29783,29820,30287,29807,0,29820,STANDBY
0.46000000834465027,-0.15000000596046448,9.65999984741211,0.0,0.0,0.0,1006.1609497070312,23.43000030517578,1.1435648202896118,-47.2225341796875,0,0,0.0,0.0,0.0,0,0,-0.025574510917067528,0.0,-0.0030518509447574615,-0.9678335189819336,0.0,0.0,100.0,100.0,29883,29920,30387,29906,0,29920,STANDBY
0.4699999988079071,-0.09000000357627869,9.649999618530273,0.0,0.0,0.0,1006.1671752929688,23.420000076293945,0.2339281588792801,-32.83329772949219,0,0,0.0,0.0,0.0,0,0,-0.02548295632004738,0.0,-0.0034485915675759315,-0.9677724242210388,0.0,0.0,100.0,100.0,29983,30020,30485,30006,0,30020,STANDBY
0.4699999988079071,-0.09000000357627869,9.649999618530273,0.0,0.0,0.0,1006.177978515625,23.420000076293945,-0.03545694798231125,-11.72500228881836,0,0,0.0,0.0,0.0,0,0,-0.02533036284148693,0.0,-0.00277718435972929,-0.9678335189819336,0.0,0.0,100.0,100.0,30083,30120,30584,30104,0,30120,STANDBY
0.47999998927116394,-0.07999999821186066,9.649999618530273,0.0,0.0,0.0,1006.1849975585938,23.40999984741211,-0.10471643507480621,-3.5817294120788574,0,0,0.0,0.0,0.0,0,0,-0.025116734206676483,0.0,-0.002868739888072014,-0.9679555892944336,0.0,0.0,100.0,100.0,30183,30220,30683,30203,0,30220,STANDBY
0.46000000834465027,-0.07999999821186066,9.65999984741211,0.0,0.0,0.0,1006.176513671875,23.399999618530273,-0.1021759957075119,-0.9663838744163513,0,0,0.0,0.0,0.0,0,0,-0.024994660168886185,0.0,-0.0032959990203380585,-0.9680471420288086,0.0,0.0,100.0,100.0,30283,30320,30798,30319,0,30320,STANDBY
0.4699999988079071,-0.07000000029802322,9.649999618530273,0.0,0.0,0.0,1006.1640625,23.389999389648438,0.0005874335765838623,0.186954066157341,0,0,0.0,0.0,0.0,0,0,-0.024964140728116035,0.0,-0.0035401470959186554,-0.9681386947631836,0.0,0.0,100.0,100.0,30383,30420,30898,30418,0,30420,STANDBY
0.49000000953674316,-0.15000000596046448,9.649999618530273,0.0,0.0,0.0,1005.38330078125,22.90999984741211,3.543560743331909,11.092534065246582,0,0,0.0,0.0,0.0,0,0,-0.025086214765906334,0.0,-0.0036317026242613792,-0.9681386947631836,0.0,0.0,100.0,100.0,30483,30520,30997,30517,0,30520,STANDBY
0.4399999976158142,-0.07999999821186066,9.640000343322754,0.0,0.0,0.0,1004.6404418945312,22.450000762939453,10.376387596130371,42.14714813232422,0,0,0.0,0.0,0.0,0,0,-0.025208288803696632,0.0,-0.0027161473408341408,-0.9681692123413086,0.0,0.0,100.0,100.0,30583,30620,31095,30616,0,30620,STANDBY
0.49000000953674316,-0.07000000029802322,9.649999618530273,0.0,0.0,0.0,1004.6021728515625,22.43000030517578,12.33718490600586,47.12604522705078,0,0,0.0,0.0,0.0,0,0,-0.025116734206676483,0.0,-0.003326517529785633,-0.9680776596069336,0.0,0.0,100.0,100.0,30683,30720,31195,30715,0,30720,STANDBY
0.46000000834465027,-0.09000000357627869,9.680000305175781,0.0,0.0,0.0,1005.9823608398438,23.280000686645508,4.918624401092529,-7.16060733795166,0,0,0.0,0.0,0.0,0,0,-0.024750512093305588,0.0,-0.004425183869898319,-0.9681997299194336,0.0,0.0,100.0,100.0,30783,30820,31294,30815,0,30820,STANDBY
0.4399999976158142,-0.10999999940395355,9.640000343322754,0.0,0.0,0.0,1006.155517578125,23.389999389648438,1.155606985092163,-45.72615051269531,0,0,0.0,0.0,0.0,0,0,-0.025635547935962677,0.0,-0.001739555038511753,-0.9681692123413086,0.0,0.0,100.0,100.0,30883,30920,31393,30913,0,30920,STANDBY
0.5199999809265137,0.18000000715255737,9.640000343322754,0.0,0.0,0.0,1006.1798706054688,23.399999618530273,0.1606082022190094,-31.764507293701172,0,0,0.0,0.0,0.0,0,0,-0.02523880824446678,0.0,-0.0032349620014429092,-0.9681692123413086,0.0,0.0,100.0,100.0,30984,31020,31492,31012,0,31020,STANDBY
0.4099999964237213,-0.05000000074505806,9.649999618530273,0.0,0.0,0.0,1006.1520385742188,23.399999618530273,0.06579692661762238,-11.268867492675781,0,0,0.0,0.0,0.0,0,0,-0.02447584457695484,0.0,-0.005340739153325558,-0.9682302474975586,0.0,0.0,100.0,100.0,31084,31120,31591,31111,0,31120,STANDBY
0.5400000214576721,-0.27000001072883606,9.65999984741211,0.0,0.0,0.0,1006.1698608398438,23.399999618530273,0.0010425727814435959,-2.829084873199463,0,0,0.0,0.0,0.0,0,0,-0.024903103709220886,0.0,-0.004730368964374065,-0.9682302474975586,0.0,0.0,100.0,100.0,31184,31220,31690,31210,0,31220,STANDBY
0.4000000059604645,0.07999999821186066,9.65999984741211,0.0,0.0,0.0,1006.1908569335938,23.399999618530273,-0.15259113907814026,-1.2179745435714722,0,0,0.0,0.0,0.0,0,0,-0.024872586131095886,0.0,-0.003723258152604103,-0.9682302474975586,0.0,0.0,100.0,100.0,31284,31320,31789,31309,0,31320,STANDBY
0.47999998927116394,-0.1899999976158142,9.65999984741211,0.0,0.0,0.0,1006.1832885742188,23.399999618530273,-0.14043179154396057,-0.8366214632987976,0,0,0.0,0.0,0.0,0,0,-0.02523880824446678,0.0,-0.0024414807558059692,-0.9682302474975586,0.0,0.0,100.0,100.0,31384,31420,31870,31412,0,31420,STANDBY
0.4099999964237213,-0.019999999552965164,9.649999618530273,0.0,0.0,0.0,1005.0114135742188,22.690000534057617,5.166839599609375,15.748037338256836,0,0,0.0,0.0,0.0,0,0,-0.025116734206676483,0.0,-0.003265480510890484,-0.9682302474975586,0.0,0.0,100.0,100.0,31484,31520,31986,31507,0,31520,STANDBY
0.49000000953674316,-0.07000000029802322,9.65999984741211,0.0,0.0,0.0,1004.593994140625,22.43000030517578,11.209491729736328,47.616153717041016,0,0,0.0,0.0,0.0,0,0,-0.025177771225571632,0.0,-0.0037537766620516777,-0.9682607650756836,0.0,0.0,100.0,100.0,31584,31620,32086,31605,0,31620,STANDBY
0.47999998927116394,-0.12999999523162842,9.65999984741211,0.0,0.0,0.0,1004.5662231445312,22.420000076293945,12.723310470581055,45.053855895996094,0,0,0.0,0.0,0.0,0,0,-0.025086214765906334,0.0,-0.003662221133708954,-0.9682912826538086,0.0,0.0,100.0,100.0,31684,31720,32184,31705,0,31720,STANDBY
0.4300000071525574,-0.09000000357627869,9.649999618530273,0.0,0.0,0.0,1005.9915771484375,23.280000686645508,6.51377010345459,-2.499876022338867,0,0,0.0,0.0,0.0,0,0,-0.02533036284148693,0.0,-0.0025635547935962677,-0.9682302474975586,0.0,0.0,100.0,100.0,31784,31820,32300,31820,0,31820,STANDBY
0.47999998927116394,-0.07999999821186066,9.649999618530273,0.0,0.0,0.0,1006.16845703125,23.389999389648438,1.369663119316101,-45.357608795166016,0,0,0.0,0.0,0.0,0,0,-0.02536088228225708,0.0,-0.0031434064731001854,-0.9681692123413086,0.0,0.0,100.0,100.0,31884,31920,32399,31919,0,31920,STANDBY
0.47999998927116394,-0.07000000029802322,9.65999984741211,0.0,0.0,0.0,1006.2001342773438,23.389999389648438,0.10613252222537994,-41.042354583740234,0,0,0.0,0.0,0.0,0,0,-0.025208288803696632,0.0,-0.0032959990203380585,-0.9682607650756836,0.0,0.0,100.0,100.0,31984,32020,32498,32018,0,32020,STANDBY
0.46000000834465027,-0.11999999731779099,9.649999618530273,0.0,0.0,0.0,1006.2034912109375,23.389999389648438,-0.2231345772743225,-15.17373275756836,0,0,0.0,0.0,0.0,0,0,-0.025177771225571632,0.0,-0.003265480510890484,-0.9683523178100586,0.0,0.0,100.0,100.0,32084,32120,32596,32117,0,32120,STANDBY
0.46000000834465027,-0.09000000357627869,9.670000076293945,0.0,0.0,0.0,1006.1925048828125,23.389999389648438,-0.23226042091846466,-4.436753273010254,0,0,0.0,0.0,0.0,0,0,-0.02529984526336193,0.0,-0.0025025177747011185,-0.9682912826538086,0.0,0.0,100.0,100.0,32184,32220,32696,32216,0,32220,STANDBY
0.47999998927116394,-0.07999999821186066,9.640000343322754,0.0,0.0,0.0,1006.1953125,23.389999389648438,-0.24838897585868835,-0.9443844556808472,0,0,0.0,0.0,0.0,0,0,-0.025208288803696632,0.0,-0.00277718435972929,-0.9682912826538086,0.0,0.0,100.0,100.0,32284,32320,32795,32315,0,32320,STANDBY
0.46000000834465027,-0.07000000029802322,9.640000343322754,0.0,0.0,0.0,1006.1978149414062,23.3799991607666,-0.24351508915424347,-0.15394742786884308,0,0,0.0,0.0,0.0,0,0,-0.025147251784801483,0.0,-0.0031128879636526108,-0.9682607650756836,0.0,0.0,100.0,100.0,32384,32420,32894,32414,0,32420,STANDBY
0.4699999988079071,-0.20000000298023224,9.619999885559082,0.0,0.0,0.0,1005.0465698242188,22.690000534057617,5.013012886047363,15.894017219543457,0,0,0.0,0.0,0.0,0,0,-0.02533036284148693,0.0,-0.002685628831386566,-0.9681997299194336,0.0,0.0,100.0,100.0,32484,32520,32993,32514,0,32520,STANDBY
0.47999998927116394,-0.07000000029802322,9.640000343322754,0.0,0.0,0.0,1004.6701049804688,22.450000762939453,10.693944931030273,46.04861831665039,0,0,0.0,0.0,0.0,0,0,-0.02536088228225708,0.0,-0.0025940733030438423,-0.9682607650756836,0.0,0.0,100.0,100.0,32584,32620,33092,32613,0,32620,STANDBY
0.44999998807907104,-0.07000000029802322,9.640000343322754,0.0,0.0,0.0,1004.6356811523438,22.440000534057617,12.220413208007812,43.24006652832031,0,0,0.0,0.0,0.0,0,0,-0.025208288803696632,0.0,-0.002929776906967163,-0.9682912826538086,0.0,0.0,100.0,100.0,32684,32720,33191,32712,0,32720,STANDBY
0.4699999988079071,-0.18000000715255737,9.640000343322754,0.0,0.0,0.0,1006.0474853515625,23.309999465942383,4.8801984786987305,-9.369279861450195,0,0,0.0,0.0,0.0,0,0,-0.02539139986038208,0.0,-0.002685628831386566,-0.9682912826538086,0.0,0.0,100.0,100.0,32784,32820,33291,32811,0,32820,STANDBY
0.49000000953674316,-0.07000000029802322,9.640000343322754,0.0,0.0,0.0,1006.1660766601562,23.3799991607666,0.9840987920761108,-46.66389465332031,0,0,0.0,0.0,0.0,0,0,-0.02536088228225708,0.0,-0.0025635547935962677,-0.9684133529663086,0.0,0.0,100.0,100.0,32884,32920,33389,32910,0,32920,STANDBY
0.46000000834465027,-0.07999999821186066,9.640000343322754,0.0,0.0,0.0,1006.1760864257812,23.3799991607666,0.10445691645145416,-32.971221923828125,0,0,0.0,0.0,0.0,0,0,-0.02523880824446678,0.0,-0.0029602954164147377,-0.9684133529663086,0.0,0.0,100.0,100.0,32984,33020,33488,33009,0,33020,STANDBY
0.5,-0.10000000149011612,9.630000114440918,0.0,0.0,0.0,1006.1685180664062,23.3799991607666,-0.05096442997455597,-11.110288619995117,0,0,0.0,0.0,0.0,0,0,-0.02545243687927723,0.0,-0.0025025177747011185,-0.9684133529663086,0.0,0.0,100.0,100.0,33084,33120,33588,33107,0,33120,STANDBY
0.44999998807907104,-0.07999999821186066,9.640000343322754,0.0,0.0,0.0,1006.1651611328125,23.3799991607666,0.009244104847311974,-2.4542789459228516,0,0,0.0,0.0,0.0,0,0,-0.02526932582259178,0.0,-0.002685628831386566,-0.9684743881225586,0.0,0.0,100.0,100.0,33184,33220,33687,33207,0,33220,STANDBY
0.4699999988079071,-0.12999999523162842,9.630000114440918,0.0,0.0,0.0,1006.1743774414062,23.3799991607666,-0.06510401517152786,-0.40426206588745117,0,0,0.0,0.0,0.0,0,0,-0.02536088228225708,0.0,-0.0024414807558059692,-0.9684743881225586,0.0,0.0,100.0,100.0,33284,33320,33785,33306,0,33320,STANDBY
0.4699999988079071,-0.07999999821186066,9.649999618530273,0.0,0.0,0.0,1006.1997680664062,23.3700008392334,-0.20111607015132904,-0.8302093744277954,0,0,0.0,0.0,0.0,0,0,-0.02529984526336193,0.0,-0.0028382213786244392,-0.9684133529663086,0.0,0.0,100.0,100.0,33384,33420,33885,33416,0,33420,STANDBY
0.4699999988079071,-0.11999999731779099,9.649999618530273,0.0,0.0,0.0,1005.01806640625,22.6299991607666,5.136129379272461,15.35727310180664,0,0,0.0,0.0,0.0,0,0,-0.02542191930115223,0.0,-0.0027466658502817154,-0.9683218002319336,0.0,0.0,100.0,100.0,33484,33520,33983,33504,0,33520,STANDBY
0.49000000953674316,-0.27000001072883606,9.609999656677246,0.0,0.0,0.0,1004.6101684570312,22.3799991607666,11.053827285766602,47.00779724121094,0,0,0.0,0.0,0.0,0,0,-0.02523880824446678,0.0,-0.0021668141707777977,-0.9681997299194336,0.0,0.0,100.0,100.0,33584,33620,34099,33619,0,33620,STANDBY
0.8399999737739563,-0.3499999940395355,9.649999618530273,0.0,0.0,0.0,1004.6029663085938,22.3700008392334,12.466869354248047,44.0429573059082,0,0,0.0,0.0,0.0,0,0,-0.027283547446131706,0.0,-0.0015564439818263054,-0.9681081771850586,0.0,0.0,100.0,100.0,33684,33720,34198,33718,0,33720,STANDBY
0.7900000214576721,-0.1599999964237213,9.470000267028809,0.0,0.0,0.0,1005.9830322265625,23.209999084472656,4.985085487365723,-10.742910385131836,0,0,0.0,0.0,0.0,0,0,-0.026459548622369766,0.0,-0.0032044434919953346,-0.9680471420288086,0.0,0.0,100.0,100.0,33784,33820,34296,33817,0,33820,STANDBY
0.949999988079071,0.05000000074505806,9.390000343322754,0.0,0.0,-19.5,1006.1990356445312,23.34000015258789,0.8555350303649902,-47.985355377197266,0,0,0.0,0.0,0.0,0,0,-0.02859584428369999,2.680000066757202,-0.003662221133708954,-0.9731131792068481,0.0,0.0,100.0,100.0,33885,33920,34396,33915,0,33920,STANDBY
0.3199999928474426,-0.25999999046325684,9.5600004196167,0.0,0.0,-38.400001525878906,1006.1875610351562,23.329999923706055,0.012874849140644073,-33.25035095214844,0,0,0.0,0.0,0.0,0,0,-0.029114658012986183,5.71999979019165,-0.003814813680946827,-0.9777520298957825,0.0,0.0,100.0,100.0,33985,34020,34494,34014,0,34020,STANDBY
0.699999988079071,-0.03999999910593033,9.390000343322754,0.0,0.0,-28.799999237060547,1006.17236328125,23.329999923706055,-0.053229931741952896,-10.789609909057617,0,0,0.0,0.0,0.0,0,0,-0.030610065907239914,9.40999984741211,-0.005615405738353729,-0.982177197933197,0.0,0.0,100.0,100.0,34085,34120,34592,34112,0,34120,STANDBY
-0.029999999329447746,-0.46000000834465027,9.789999961853027,0.0,0.0,0.0,1006.1842041015625,23.329999923706055,-0.12088237702846527,-2.522376775741577,0,0,0.0,0.0,0.0,0,0,-0.021668141707777977,10.300000190734863,-0.01031525619328022,-0.981810986995697,0.0,0.0,100.0,100.0,34185,34220,34691,34211,0,34220,STANDBY
-0.7200000286102295,0.27000001072883606,10.0,0.0,0.0,0.0,1006.1900024414062,23.329999923706055,-0.19498886168003082,-0.9936240911483765,0,0,0.0,0.0,0.0,0,0,-0.02072206884622574,10.300000190734863,-0.016327403485774994,-0.9801934957504272,0.0,0.0,100.0,100.0,34285,34320,34789,34310,0,34320,STANDBY
1.6100000143051147,-0.7200000286102295,9.720000267028809,0.0,0.0,-16.700000762939453,1006.1865844726562,23.34000015258789,-0.20985263586044312,-0.6326793432235718,0,0,0.0,0.0,0.0,0,0,-0.028901029378175735,11.210000038146973,-0.013794366270303726,-0.9805597066879272,0.0,0.0,100.0,100.0,34385,34420,34872,34416,0,34420,STANDBY
1.5199999809265137,0.2800000011920929,13.789999961853027,26.299999237060547,0.0,-17.0,1005.1056518554688,22.670000076293945,4.707655906677246,14.568943977355957,0,0,0.0,0.0,0.0,0,0,-0.03466902673244476,13.579999923706055,-0.023957030847668648,-0.983367383480072,0.0,0.0,100.0,100.0,34485,34520,34993,34513,0,34520,STANDBY
2.190000057220459,1.7899999618530273,11.210000038146973,45.0,-25.100000381469727,-25.0,1004.7530517578125,22.459999084472656,10.075809478759766,43.27791213989258,0,0,0.0,0.0,0.0,0,0,-0.04501480236649513,15.600000381469727,-0.06259346008300781,-0.9836115837097168,0.0,0.0,100.0,100.0,34585,34620,35086,34607,0,34620,STANDBY
5.0,4.659999847412109,11.199999809265137,43.70000076293945,-31.299999237060547,0.0,1004.7076416015625,22.450000762939453,11.608343124389648,41.21104431152344,0,0,0.0,0.0,0.0,0,0,-0.08111819624900818,17.600000381469727,-0.12976470589637756,-0.9771111011505127,0.0,0.0,100.0,100.0,34685,34720,35195,34716,0,34720,STANDBY
-3.0299999713897705,-1.4700000286102295,6.409999847412109,22.600000381469727,-27.0,0.0,1005.9751586914062,23.239999771118164,4.712626934051514,-9.021956443786621,0,0,0.0,0.0,0.0,0,0,-0.08673360198736191,17.8799991607666,-0.1514633595943451,-0.9742118716239929,0.0,0.0,100.0,100.0,34785,34820,35293,34813,0,34820,STANDBY
0.5699999928474426,1.909999966621399,6.460000038146973,16.5,-47.400001525878906,0.0,1006.1571655273438,23.34000015258789,1.0494155883789062,-43.74849319458008,0,0,0.0,0.0,0.0,0,0,-0.07837153226137161,18.040000915527344,-0.13299965858459473,-0.9783318638801575,0.0,0.0,100.0,100.0,34885,34920,35384,34904,0,34920,STANDBY
7.840000152587891,6.260000228881836,12.289999961853027,18.700000762939453,0.0,0.0,1006.1539916992188,23.329999923706055,0.2756268382072449,-29.979724884033203,0,0,0.0,0.0,0.0,0,0,-0.10211493074893951,18.040000915527344,-0.1576586216688156,-0.9726248979568481,0.0,0.0,100.0,100.0,34985,35020,35488,35008,0,35020,STANDBY
-9.609999656677246,-5.369999885559082,1.7999999523162842,0.0,0.0,-16.399999618530273,1006.1529541015625,23.34000015258789,0.15035191178321838,-9.94476318359375,0,0,0.0,0.0,0.0,0,0,-0.06033509224653244,19.809999465942383,-0.13217566907405853,-0.981872022151947,0.0,0.0,100.0,100.0,35085,35120,35584,35104,0,35120,STANDBY
14.279999732971191,7.960000038146973,11.640000343322754,0.0,0.0,0.0,1006.1414184570312,23.329999923706055,0.21752193570137024,-2.072749137878418,0,0,0.0,0.0,0.0,0,0,-0.02383495680987835,21.020000457763672,-0.09964293241500854,-0.9881283044815063,0.0,0.0,100.0,100.0,35185,35220,35693,35213,0,35220,STANDBY
6.71999979019165,6.179999828338623,5.869999885559082,19.0,47.599998474121094,0.0,1006.138671875,23.329999923706055,0.20477616786956787,-0.19541499018669128,0,0,0.0,0.0,0.0,0,0,-0.009155552834272385,20.770000457763672,-0.11301004141569138,-0.9863277077674866,0.0,0.0,100.0,100.0,35286,35320,35795,35315,0,35320,STANDBY
-10.1899995803833,-4.590000152587891,8.75,0.0,0.0,0.0,1006.1521606445312,23.329999923706055,0.13757550716400146,-0.35320910811424255,0,0,0.0,0.0,0.0,0,0,0.02301095612347126,20.75,-0.11185033619403839,-0.9858699440956116,0.0,0.0,100.0,100.0,35386,35420,35874,35412,0,35420,STANDBY
8.539999961853027,4.880000114440918,9.40999984741211,-19.600000381469727,0.0,0.0,1004.947021484375,22.81999969482422,5.590932846069336,16.05900001525879,0,0,0.0,0.0,0.0,0,0,-0.001037629321217537,20.75,-0.09582812339067459,-0.9875789880752563,0.0,0.0,100.0,100.0,35486,35520,35994,35514,0,35520,STANDBY
10.020000457763672,6.789999961853027,4.380000114440918,17.799999237060547,25.200000762939453,0.0,1004.95703125,22.600000381469727,9.502799987792969,41.19090270996094,0,0,0.0,0.0,0.0,0,0,0.009887997061014175,19.219999313354492,-0.09222693741321564,-0.9860225319862366,0.0,0.0,100.0,100.0,35586,35620,36096,35615,0,35620,STANDBY
-11.65999984741211,-3.8299999237060547,12.369999885559082,0.0,-35.70000076293945,0.0,1005.565673828125,22.969999313354492,5.948657035827637,16.096866607666016,0,0,0.0,0.0,0.0,0,0,-0.0042420728132128716,19.219999313354492,-0.1274452954530716,-0.981719434261322,0.0,0.0,100.0,100.0,35686,35720,36189,35708,0,35720,STANDBY
9.239999771118164,4.46999979019165,9.050000190734863,0.0,-15.399999618530273,0.0,1006.0145263671875,23.239999771118164,2.966470241546631,-21.679725646972656,0,0,0.0,0.0,0.0,0,0,-0.040009766817092896,19.540000915527344,-0.12515640258789062,-0.981841504573822,0.0,0.0,100.0,100.0,35786,35820,36294,35815,0,35820,STANDBY
10.539999961853027,7.75,5.820000171661377,17.5,57.70000076293945,0.0,1006.1314086914062,23.31999969482422,0.8848938941955566,-25.32396697998047,0,0,0.0,0.0,0.0,0,0,-0.010742515325546265,19.309999465942383,-0.12326426059007645,-0.982329785823822,0.0,0.0,100.0,100.0,35886,35920,36396,35915,0,35920,STANDBY
-11.779999732971191,-3.6600000858306885,10.279999732971191,0.0,0.0,0.0,1006.1381225585938,23.31999969482422,0.3884015679359436,-17.168092727661133,0,0,0.0,0.0,0.0,0,0,0.018616290763020515,18.989999771118164,-0.1353190690279007,-0.9802240133285522,0.0,0.0,100.0,100.0,35986,36020,36491,36012,0,36020,STANDBY
10.859999656677246,5.599999904632568,12.220000267028809,0.0,0.0,0.0,1006.1280517578125,23.31999969482422,0.30528420209884644,-6.073238849639893,0,0,0.0,0.0,0.0,0,0,0.0016479995101690292,19.100000381469727,-0.12833033502101898,-0.981597363948822,0.0,0.0,100.0,100.0,36086,36120,36597,36117,0,36120,STANDBY
6.670000076293945,5.380000114440918,8.819999694824219,0.0,36.20000076293945,0.0,1006.1554565429688,23.34000015258789,0.14171992242336273,-2.1601319313049316,0,0,0.0,0.0,0.0,0,0,0.0099795525893569,18.959999084472656,-0.13272500038146973,-0.9802850484848022,0.0,0.0,100.0,100.0,36186,36220,36686,36207,0,36220,STANDBY
-1.2699999809265137,0.75,9.34000015258789,0.0,0.0,0.0,1006.1428833007812,23.34000015258789,0.16122211515903473,-0.9829895496368408,0,0,0.0,0.0,0.0,0,0,0.017059847712516785,18.719999313354492,-0.1273842602968216,-0.9800714254379272,0.0,0.0,100.0,100.0,36286,36320,36787,36306,0,36320,STANDBY
2.549999952316284,1.7699999809265137,5.980000019073486,0.0,0.0,0.0,1006.1285400390625,23.34000015258789,0.2480701208114624,0.12167951464653015,0,0,0.0,0.0,0.0,0,0,0.017944883555173874,18.719999313354492,-0.11297952383756638,-0.9813226461410522,0.0,0.0,100.0,100.0,36386,36420,36881,36414,0,36420,STANDBY
4.139999866485596,3.7300000190734863,1.4700000286102295,0.0,-15.300000190734863,30.899999618530273,1005.4696044921875,22.920000076293945,3.296854019165039,9.650019645690918,0,0,0.0,0.0,0.0,0,0,0.014954069629311562,17.649999618530273,-0.11346781998872757,-0.9798272848129272,0.0,0.0,100.0,100.0,36486,36520,36997,36516,0,36520,STANDBY
-0.7799999713897705,2.009999990463257,21.149999618530273,21.100000381469727,-61.79999923706055,21.299999237060547,1004.9879760742188,22.6200008392334,8.512723922729492,34.58770751953125,0,0,0.0,0.0,0.0,0,0,-0.02212592028081417,16.049999237060547,-0.14395581185817719,-0.9733573198318481,0.0,0.0,100.0,100.0,36586,36620,37089,36610,0,36620,STANDBY
6.230000019073486,2.140000104904175,9.880000114440918,-17.100000381469727,30.299999237060547,0.0,1005.43701171875,22.790000915527344,7.421994209289551,28.51758575439453,0,0,0.0,0.0,0.0,0,0,-0.048036135733127594,15.90999984741211,-0.14670246839523315,-0.9719840288162231,0.0,0.0,100.0,100.0,36686,36720,37193,36713,0,36720,STANDBY
3.4800000190734863,3.690000057220459,-1.899999976158142,0.0,0.0,15.300000190734863,1006.0501708984375,23.290000915527344,2.807199716567993,-14.927389144897461,0,0,0.0,0.0,0.0,0,0,-0.032135989516973495,15.5,-0.13296914100646973,-0.9732962846755981,0.0,0.0,100.0,100.0,36786,36820,37298,36817,0,36820,STANDBY
2.890000104904175,1.7100000381469727,19.110000610351562,15.300000190734863,-54.29999923706055,0.0,1006.12841796875,23.350000381469727,0.8174399137496948,-31.459095001220703,0,0,0.0,0.0,0.0,0,0,-0.0636616125702858,15.380000114440918,-0.14084291458129883,-0.9710684418678284,0.0,0.0,100.0,100.0,36886,36920,37390,36910,0,36920,STANDBY
6.320000171661377,2.2100000381469727,10.079999923706055,0.0,19.200000762939453,0.0,1006.1361083984375,23.350000381469727,0.3980908989906311,-17.645444869995117,0,0,0.0,0.0,0.0,0,0,-0.08847315609455109,15.479999542236328,-0.14419995248317719,-0.9690237045288086,0.0,0.0,100.0,100.0,36986,37020,37493,37013,0,37020,STANDBY
-6.880000114440918,0.2199999988079071,1.8600000143051147,0.0,27.799999237060547,0.0,1006.1342163085938,23.350000381469727,0.2754719853401184,-5.8220672607421875,0,0,0.0,0.0,0.0,0,0,-0.06112857535481453,13.369999885559082,-0.13672292232513428,-0.9684133529663086,0.0,0.0,100.0,100.0,37086,37120,37597,37117,0,37120,STANDBY
15.510000228881836,7.050000190734863,14.319999694824219,24.700000762939453,-31.700000762939453,0.0,1006.15185546875,23.360000610351562,0.15396210551261902,-2.1245193481445312,0,0,0.0,0.0,0.0,0,0,-0.07336650043725967,14.279999732971191,-0.14691610634326935,-0.9678640365600586,0.0,0.0,100.0,100.0,37186,37220,37687,37207,0,37220,STANDBY
1.7799999713897705,1.8799999952316284,6.550000190734863,20.0,0.0,0.0,1006.1282958984375,23.360000610351562,0.24867063760757446,-0.5641523003578186,0,0,0.0,0.0,0.0,0,0,-0.08374278992414474,14.170000076293945,-0.17725150287151337,-0.9617908000946045,0.0,0.0,100.0,100.0,37286,37320,37790,37311,0,37320,STANDBY
-10.789999961853027,-3.119999885559082,8.6899995803833,-20.299999237060547,-28.299999237060547,0.0,1006.1258544921875,23.360000610351562,0.29919499158859253,0.4166450798511505,0,0,0.0,0.0,0.0,0,0,-0.07480086386203766,14.289999961853027,-0.16251106560230255,-0.9658803343772888,0.0,0.0,100.0,100.0,37386,37422,37879,37422,0,37422,STANDBY
21.8799991607666,8.65999984741211,9.229999542236328,0.0,0.0,0.0,1005.7798461914062,23.139999389648438,1.9294871091842651,5.379469394683838,0,0,0.0,0.0,0.0,0,0,-0.08871730417013168,14.680000305175781,-0.143559068441391,-0.9692678451538086,0.0,0.0,100.0,100.0,37486,37522,37988,37509,0,37522,STANDBY
-3.6500000953674316,0.5400000214576721,8.680000305175781,17.299999237060547,35.900001525878906,0.0,1005.001708984375,22.649999618530273,7.335798263549805,27.14349365234375,0,0,0.0,0.0,0.0,0,0,-0.05240027979016304,13.600000381469727,-0.1498458832502365,-0.9696035385131836,0.0,0.0,100.0,100.0,37586,37622,38096,37617,0,37622,STANDBY
-4.010000228881836,-0.6299999952316284,9.729999542236328,0.0,-56.70000076293945,-29.0,1004.9157104492188,22.610000610351562,9.583233833312988,37.264610290527344,0,0,0.0,0.0,0.0,0,0,-0.05740531533956528,15.09000015258789,-0.14453566074371338,-0.9725943803787231,0.0,0.0,100.0,100.0,37686,37722,38201,37721,0,37722,STANDBY
21.93000030517578,8.3100004196167,6.239999771118164,0.0,0.0,19.200000762939453,1005.9568481445312,23.229999542236328,4.605147838592529,2.038787841796875,0,0,0.0,0.0,0.0,0,0,-0.08676411956548691,15.350000381469727,-0.14590899646282196,-0.9707327485084534,0.0,0.0,100.0,100.0,37786,37822,38290,37811,0,37822,STANDBY
-8.0600004196167,0.07000000029802322,6.570000171661377,0.0,45.900001525878906,0.0,1006.1403198242188,23.350000381469727,1.1928060054779053,-32.4134407043457,0,0,0.0,0.0,0.0,0,0,-0.0394299142062664,13.800000190734863,-0.14416943490505219,-0.9721366167068481,0.0,0.0,100.0,100.0,37886,37922,38398,37919,0,37922,STANDBY
5.829999923706055,1.440000057220459,10.520000457763672,17.600000381469727,-60.599998474121094,0.0,1006.1475830078125,23.350000381469727,0.3622855544090271,-26.92510223388672,0,0,0.0,0.0,0.0,0,0,-0.05478072538971901,15.180000305175781,-0.13269448280334473,-0.9750968813896179,0.0,0.0,100.0,100.0,37986,38022,38493,38012,0,38022,STANDBY
6.739999771118164,4.150000095367432,7.619999885559082,0.0,42.29999923706055,0.0,1006.15625,23.350000381469727,0.14769327640533447,-10.03610610961914,0,0,0.0,0.0,0.0,0,0,-0.06921598315238953,13.300000190734863,-0.1422772854566574,-0.9701529145240784,0.0,0.0,100.0,100.0,38086,38122,38597,38117,0,38122,STANDBY
1.809999942779541,1.7000000476837158,8.569999694824219,-16.0,34.099998474121094,0.0,1006.1671752929688,23.350000381469727,0.03419206291437149,-3.2163543701171875,0,0,0.0,0.0,0.0,0,0,-0.04364147037267685,12.869999885559082,-0.1349833607673645,-0.9722281694412231,0.0,0.0,100.0,100.0,38187,38222,38696,38217,0,38222,STANDBY
3.369999885559082,1.2200000286102295,9.680000305175781,0.0,0.0,0.0,1006.1629638671875,23.350000381469727,0.025560056790709496,-1.1236882209777832,0,0,0.0,0.0,0.0,0,0,-0.05893124267458916,12.869999885559082,-0.12030396610498428,-0.9725943803787231,0.0,0.0,100.0,100.0,38287,38322,38796,38317,0,38322,STANDBY
3.109999895095825,1.6299999952316284,8.789999961853027,0.0,0.0,0.0,1006.166259765625,23.350000381469727,0.00617555296048522,-0.353335440158844,0,0,0.0,0.0,0.0,0,0,-0.0791039764881134,12.869999885559082,-0.11706900596618652,-0.9710684418678284,0.0,0.0,100.0,100.0,38387,38422,38879,38417,0,38422,STANDBY
3.2699999809265137,1.8600000143051147,8.6899995803833,0.0,0.0,0.0,1005.8057861328125,23.139999389648438,1.646373987197876,4.809629917144775,0,0,0.0,0.0,0.0,0,0,-0.09939878433942795,12.869999885559082,-0.12036500126123428,-0.9682302474975586,0.0,0.0,100.0,100.0,38487,38522,38993,38513,0,38522,STANDBY
3.440000057220459,1.7899999618530273,9.109999656677246,0.0,0.0,16.100000381469727,1005.4293212890625,22.920000076293945,4.975437641143799,20.017608642578125,0,0,0.0,0.0,0.0,0,0,-0.11545152217149734,11.359999656677246,-0.12164677679538727,-0.9636219143867493,0.0,0.0,100.0,100.0,38587,38622,39092,38612,0,38622,STANDBY
3.299999952316284,1.5,9.3100004196167,0.0,0.0,0.0,1005.4360961914062,22.90999984741211,5.822511196136475,22.40062713623047,0,0,0.0,0.0,0.0,0,0,-0.125919371843338,10.149999618530273,-0.11828974634408951,-0.9609668254852295,0.0,0.0,100.0,100.0,38687,38722,39190,38711,0,38722,STANDBY
3.0,1.5199999809265137,9.079999923706055,0.0,0.0,0.0,1006.0552978515625,23.299999237060547,2.4983701705932617,-2.885809898376465,0,0,0.0,0.0,0.0,0,0,-0.13028351962566376,10.149999618530273,-0.11539048701524734,-0.9609363079071045,0.0,0.0,100.0,100.0,38787,38822,39289,38809,0,38822,STANDBY
3.3399999141693115,1.5700000524520874,9.329999923706055,0.0,0.0,0.0,1006.15625,23.350000381469727,0.6644343733787537,-20.98538589477539,0,0,0.0,0.0,0.0,0,0,-0.13303017616271973,10.149999618530273,-0.11508529633283615,-0.9606006145477295,0.0,0.0,100.0,100.0,38887,38922,39388,38908,0,38922,STANDBY
2.9100000858306885,1.1299999952316284,9.0,0.0,0.0,25.5,1006.1504516601562,23.350000381469727,0.23472626507282257,-15.034914016723633,0,0,0.0,0.0,0.0,0,0,-0.13867610692977905,8.350000381469727,-0.10946989059448242,-0.9568468332290649,0.0,0.0,100.0,100.0,38987,39022,39486,39007,0,39022,STANDBY
2.440000057220459,0.8299999833106995,8.960000038146973,0.0,0.0,0.0,1006.1226806640625,23.350000381469727,0.2765926718711853,-5.010828018188477,0,0,0.0,0.0,0.0,0,0,-0.1358073651790619,6.360000133514404,-0.09781182557344437,-0.9547105431556702,0.0,0.0,100.0,100.0,39087,39122,39602,39121,0,39122,STANDBY
2.490000009536743,0.5899999737739563,9.390000343322754,0.0,0.0,0.0,1006.1309204101562,23.34000015258789,0.2768592834472656,-0.7990843057632446,0,0,0.0,0.0,0.0,0,0,-0.13037507236003876,6.360000133514404,-0.08957182615995407,-0.9564806222915649,0.0,0.0,100.0,100.0,39187,39222,39700,39220,0,39222,STANDBY
2.2799999713897705,0.7900000214576721,9.210000038146973,0.0,0.0,0.0,1006.1303100585938,23.34000015258789,0.28876614570617676,0.03252531215548515,0,0,0.0,0.0,0.0,0,0,-0.1263161152601242,6.360000133514404,-0.08185064047574997,-0.9576402902603149,0.0,0.0,100.0,100.0,39287,39322,39798,39319,0,39322,STANDBY
2.0399999618530273,1.0,8.6899995803833,0.0,0.0,0.0,1006.1202392578125,23.34000015258789,0.35551130771636963,0.32142162322998047,0,0,0.0,0.0,0.0,0,0,-0.12054811418056488,6.360000133514404,-0.0798364207148552,-0.9586474299430847,0.0,0.0,100.0,100.0,39387,39422,39881,39415,0,39422,STANDBY
2.0799999237060547,1.0800000429153442,8.520000457763672,0.0,0.0,-28.0,1005.735595703125,23.100000381469727,2.117684841156006,5.647489070892334,0,0,0.0,0.0,0.0,0,0,-0.11236914992332458,8.449999809265137,-0.08328501135110855,-0.9638660550117493,0.0,0.0,100.0,100.0,39487,39522,39996,39516,0,39522,STANDBY
1.75,0.8899999856948853,8.369999885559082,0.0,0.0,-18.100000381469727,1005.3936767578125,22.8799991607666,5.349206924438477,20.419599533081055,0,0,0.0,0.0,0.0,0,0,-0.10666219145059586,10.75,-0.08450575172901154,-0.9680471420288086,0.0,0.0,100.0,100.0,39587,39622,40094,39615,0,39622,STANDBY
1.5099999904632568,1.1799999475479126,8.109999656677246,0.0,0.0,-37.599998474121094,1005.4146118164062,22.889999389648438,6.067924499511719,21.67925453186035,0,0,0.0,0.0,0.0,0,0,-0.09717093408107758,14.479999542236328,-0.08969389647245407,-0.9738761782646179,0.0,0.0,100.0,100.0,39688,39723,40194,39713,0,39723,STANDBY
2.3499999046325684,1.4600000381469727,8.289999961853027,0.0,0.0,-40.79999923706055,1006.0562744140625,23.290000915527344,2.503939628601074,-4.605578422546387,0,0,0.0,0.0,0.0,0,0,-0.09445478767156601,18.690000534057617,-0.09817804396152496,-0.9780266880989075,0.0,0.0,100.0,100.0,39788,39823,40292,39813,0,39823,STANDBY
2.690000057220459,0.9200000166893005,9.010000228881836,0.0,0.0,-19.700000762939453,1006.1453247070312,23.34000015258789,0.6872687339782715,-22.396160125732422,0,0,0.0,0.0,0.0,0,0,-0.10263374447822571,21.3799991607666,-0.10000915825366974,-0.9786065220832825,0.0,0.0,100.0,100.0,39888,39923,40391,39911,0,39923,STANDBY
2.259999990463257,1.340000033378601,9.880000114440918,0.0,0.0,0.0,1006.170654296875,23.34000015258789,0.1426706612110138,-15.577741622924805,0,0,0.0,0.0,0.0,0,0,-0.10489211976528168,21.610000610351562,-0.09714041650295258,-0.9770500659942627,0.0,0.0,100.0,100.0,39988,40023,40489,40009,0,40023,STANDBY
2.4100000858306885,1.5399999618530273,10.4399995803833,-15.399999618530273,17.299999237060547,0.0,1006.1947021484375,23.350000381469727,-0.11691398173570633,-6.443977355957031,0,0,0.0,0.0,0.0,0,0,-0.09701833873987198,21.610000610351562,-0.09015167504549026,-0.9770500659942627,0.0,0.0,100.0,100.0,40088,40123,40588,40108,0,40123,STANDBY
2.2799999713897705,1.100000023841858,10.609999656677246,0.0,16.5,0.0,1006.1738891601562,23.350000381469727,-0.10221830010414124,-2.373042345046997,0,0,0.0,0.0,0.0,0,0,-0.08606220036745071,21.610000610351562,-0.079348124563694,-0.9774467945098877,0.0,0.0,100.0,100.0,40188,40223,40686,40207,0,40223,STANDBY
1.9199999570846558,0.550000011920929,10.420000076293945,0.0,16.399999618530273,0.0,1006.1864013671875,23.360000610351562,-0.09374439716339111,-0.35502082109451294,0,0,0.0,0.0,0.0,0,0,-0.07394634932279587,21.610000610351562,-0.07028412818908691,-0.9773552417755127,0.0,0.0,100.0,100.0,40288,40323,40802,40322,0,40323,STANDBY
1.8200000524520874,0.41999998688697815,9.600000381469727,0.0,23.299999237060547,0.0,1006.1771850585938,23.360000610351562,-0.09509876370429993,0.02162228152155876,0,0,0.0,0.0,0.0,0,0,-0.06268502026796341,21.610000610351562,-0.061372723430395126,-0.9772636890411377,0.0,0.0,100.0,100.0,40388,40423,40900,40421,0,40423,STANDBY
1.559999942779541,0.3799999952316284,10.09000015258789,0.0,25.299999237060547,0.0,1005.8192138671875,23.149999618530273,1.562531590461731,4.948713779449463,0,0,0.0,0.0,0.0,0,0,-0.048097170889377594,21.610000610351562,-0.05151524394750595,-0.9773247241973877,0.0,0.0,100.0,100.0,40488,40523,40998,40519,0,40523,STANDBY
1.0399999618530273,0.5799999833106995,9.979999542236328,0.0,17.5,0.0,1005.6171875,23.030000686645508,3.8636386394500732,16.44993019104004,0,0,0.0,0.0,0.0,0,0,-0.034394361078739166,21.610000610351562,-0.04593035578727722,-0.9768669605255127,0.0,0.0,100.0,100.0,40588,40623,41098,40617,0,40623,STANDBY
0.8100000023841858,0.20999999344348907,9.9399995803833,0.0,0.0,0.0,1005.6331787109375,23.040000915527344,4.315403461456299,15.980977058410645,0,0,0.0,0.0,0.0,0,0,-0.03576769307255745,21.610000610351562,-0.040742211043834686,-0.9762260913848877,0.0,0.0,100.0,100.0,40688,40723,41193,40714,0,40723,STANDBY
0.8700000047683716,-0.4099999964237213,11.09000015258789,0.0,0.0,0.0,1006.113525390625,23.34000015258789,2.1976077556610107,-0.8860397338867188,0,0,0.0,0.0,0.0,0,0,-0.03720206394791603,22.93000030517578,-0.03460799157619476,-0.9779351353645325,0.0,0.0,100.0,100.0,40788,40823,41290,40810,0,40823,STANDBY
1.0,-0.8999999761581421,9.609999656677246,0.0,0.0,0.0,1006.181884765625,23.389999389648438,0.35790398716926575,-15.929981231689453,0,0,0.0,0.0,0.0,0,0,-0.04217658191919327,23.18000030517578,-0.018555253744125366,-0.9771111011505127,0.0,0.0,100.0,100.0,40888,40923,41389,40908,0,40923,STANDBY
-0.3100000023841858,-0.27000001072883606,9.75,0.0,0.0,0.0,1006.1991577148438,23.399999618530273,-0.13445012271404266,-14.720357894897461,0,0,0.0,0.0,0.0,0,0,-0.041718803346157074,23.18000030517578,-0.010559404268860817,-0.9757378101348877,0.0,0.0,100.0,100.0,40988,41023,41487,41007,0,41023,STANDBY
1.190000057220459,0.03999999910593033,9.579999923706055,0.0,0.0,0.0,1006.1788940429688,23.399999618530273,-0.11419491469860077,-5.068565368652344,0,0,0.0,0.0,0.0,0,0,-0.0316171757876873,23.18000030517578,-0.016876736655831337,-0.9747611880302429,0.0,0.0,100.0,100.0,41088,41123,41602,41121,0,41123,STANDBY
0.0,-0.7799999713897705,9.5600004196167,0.0,0.0,0.0,1006.1832885742188,23.399999618530273,-0.14679434895515442,-1.0789451599121094,0,0,0.0,0.0,0.0,0,0,-0.031342510133981705,23.18000030517578,-0.007080294191837311,-0.9738456606864929,0.0,0.0,100.0,100.0,41188,41223,41700,41221,0,41223,STANDBY
0.8199999928474426,-0.03999999910593033,9.729999542236328,0.0,0.0,0.0,1006.173095703125,23.399999618530273,-0.09998632967472076,-0.1606627106666565,0,0,0.0,0.0,0.0,0,0,-0.03320413827896118,23.18000030517578,-0.0037842951714992523,-0.9728080034255981,0.0,0.0,100.0,100.0,41288,41323,41798,41319,0,41323,STANDBY
0.8299999833106995,0.5099999904632568,9.649999618530273,0.0,0.0,0.0,1006.1942138671875,23.399999618530273,-0.21717649698257446,-0.2874446511268616,0,0,0.0,0.0,0.0,0,0,-0.028962066397070885,23.18000030517578,-0.007599108852446079,-0.9721976518630981,0.0,0.0,100.0,100.0,41388,41423,41880,41418,0,41423,STANDBY
0.5,-0.33000001311302185,9.680000305175781,0.0,0.0,0.0,1005.822998046875,23.170000076293945,1.4750477075576782,4.644532203674316,0,0,0.0,0.0,0.0,0,0,-0.02841273322701454,23.18000030517578,-0.0054322946816682816,-0.9716177582740784,0.0,0.0,100.0,100.0,41488,41523,41996,41516,0,41523,STANDBY
0.6600000262260437,-0.12999999523162842,9.649999618530273,0.0,0.0,0.0,1005.6812744140625,23.100000381469727,3.412079095840454,15.101611137390137,0,0,0.0,0.0,0.0,0,0,-0.028870509937405586,23.18000030517578,0.00079348124563694,-0.9709768891334534,0.0,0.0,100.0,100.0,41588,41623,42094,41614,0,41623,STANDBY
0.4099999964237213,0.10999999940395355,9.65999984741211,0.0,0.0,0.0,1005.724853515625,23.110000610351562,3.559558391571045,13.044149398803711,0,0,0.0,0.0,0.0,0,0,-0.02780236303806305,23.18000030517578,0.0006103701889514923,-0.9704886078834534,0.0,0.0,100.0,100.0,41688,41723,42192,41712,0,41723,STANDBY
0.46000000834465027,-0.11999999731779099,9.65999984741211,0.0,0.0,0.0,1006.1517944335938,23.3700008392334,1.6614727973937988,-2.143653631210327,0,0,0.0,0.0,0.0,0,0,-0.026490066200494766,23.18000030517578,-0.0011597033590078354,-0.9701834321022034,0.0,0.0,100.0,100.0,41788,41823,42291,41810,0,41823,STANDBY
0.5400000214576721,-0.07999999821186066,9.649999618530273,0.0,0.0,0.0,1006.2125854492188,23.399999618530273,0.06440304219722748,-14.250030517578125,0,0,0.0,0.0,0.0,0,0,-0.02627643756568432,23.18000030517578,-0.0004272591322660446,-0.9700003266334534,0.0,0.0,100.0,100.0,41888,41923,42389,41909,0,41923,STANDBY
0.47999998927116394,-0.3499999940395355,9.649999618530273,0.0,0.0,0.0,1006.2427978515625,23.399999618530273,-0.4552187919616699,-13.170225143432617,0,0,0.0,0.0,0.0,0,0,-0.02624591812491417,23.18000030517578,0.002227851189672947,-0.9697561860084534,0.0,0.0,100.0,100.0,41988,42023,42487,42007,0,42023,STANDBY
0.41999998688697815,-0.07999999821186066,9.65999984741211,0.0,0.0,0.0,1006.2312622070312,23.389999389648438,-0.49875009059906006,-5.069947242736816,0,0,0.0,0.0,0.0,0,0,-0.02606280706822872,23.18000030517578,0.0033875545486807823,-0.9695730209350586,0.0,0.0,100.0,100.0,42088,42123,42586,42106,0,42123,STANDBY
0.36000001430511475,-0.009999999776482582,9.649999618530273,0.0,0.0,0.0,1006.210205078125,23.389999389648438,-0.4091719388961792,-0.9463075399398804,0,0,0.0,0.0,0.0,0,0,-0.025818658992648125,23.18000030517578,0.004028443247079849,-0.9692678451538086,0.0,0.0,100.0,100.0,42188,42223,42700,42221,0,42223,STANDBY
0.44999998807907104,-0.20999999344348907,9.649999618530273,0.0,0.0,0.0,1006.2111206054688,23.389999389648438,-0.38517728447914124,0.24844792485237122,0,0,0.0,0.0,0.0,0,0,-0.025879696011543274,23.18000030517578,0.005310220643877983,-0.9691457748413086,0.0,0.0,100.0,100.0,42288,42323,42800,42319,0,42323,STANDBY
0.5,-0.20999999344348907,9.649999618530273,0.0,0.0,0.0,1006.19677734375,23.389999389648438,-0.2696438431739807,0.670468270778656,0,0,0.0,0.0,0.0,0,0,-0.026367992162704468,23.18000030517578,0.006714072078466415,-0.9689626693725586,0.0,0.0,100.0,100.0,42388,42423,42882,42417,0,42423,STANDBY
0.5,0.029999999329447746,9.649999618530273,0.0,0.0,0.0,1005.8117065429688,23.139999389648438,1.4695639610290527,5.781116962432861,0,0,0.0,0.0,0.0,0,0,-0.025147251784801483,23.18000030517578,0.0021973326802253723,-0.9689321517944336,0.0,0.0,100.0,100.0,42488,42523,42996,42516,0,42523,STANDBY
0.46000000834465027,-0.23000000417232513,9.649999618530273,0.0,0.0,0.0,1005.6917114257812,23.059999465942383,3.34584903717041,15.22916030883789,0,0,0.0,0.0,0.0,0,0,-0.024994660168886185,23.18000030517578,0.0036317026242613792,-0.9689931869506836,0.0,0.0,100.0,100.0,42589,42624,43095,42614,0,42624,STANDBY
0.4399999976158142,-0.14000000059604645,9.640000343322754,0.0,0.0,0.0,1005.642333984375,23.040000915527344,4.071315765380859,15.071769714355469,0,0,0.0,0.0,0.0,0,0,-0.025116734206676483,23.18000030517578,0.004852443002164364,-0.9689626693725586,0.0,0.0,100.0,100.0,42689,42724,43193,42714,0,42724,STANDBY
0.4399999976158142,0.0,9.649999618530273,0.0,0.0,0.0,1006.1470336914062,23.31999969482422,1.5461821556091309,-2.2800357341766357,0,0,0.0,0.0,0.0,0,0,-0.024964140728116035,23.18000030517578,0.004547257907688618,-0.9689626693725586,0.0,0.0,100.0,100.0,42789,42824,43291,42812,0,42824,STANDBY
0.47999998927116394,-0.14000000059604645,9.65999984741211,0.0,0.0,0.0,1006.1819458007812,23.3799991607666,0.18871796131134033,-15.84282112121582,0,0,0.0,0.0,0.0,0,0,-0.02447584457695484,23.18000030517578,0.0033570360392332077,-0.9689626693725586,0.0,0.0,100.0,100.0,42889,42924,43390,42910,0,42924,STANDBY
0.47999998927116394,-0.10999999940395355,9.649999618530273,0.0,0.0,0.0,1006.2030639648438,23.3799991607666,-0.16656820476055145,-11.558775901794434,0,0,0.0,0.0,0.0,0,0,-0.024933623149991035,23.18000030517578,0.004119998775422573,-0.9688405990600586,0.0,0.0,100.0,100.0,42989,43024,43489,43009,0,43024,STANDBY
0.4399999976158142,-0.07000000029802322,9.649999618530273,0.0,0.0,0.0,1006.2097778320312,23.3799991607666,-0.30077701807022095,-4.280474662780762,0,0,0.0,0.0,0.0,0,0,-0.02471999265253544,23.18000030517578,0.004058961756527424,-0.9688100814819336,0.0,0.0,100.0,100.0,43089,43124,43603,43123,0,43124,STANDBY
0.47999998927116394,-0.07999999821186066,9.649999618530273,0.0,0.0,0.0,1006.1945190429688,23.3700008392334,-0.28996792435646057,-1.4907692670822144,0,0,0.0,0.0,0.0,0,0,-0.02471999265253544,23.18000030517578,0.004181035794317722,-0.9689016342163086,0.0,0.0,100.0,100.0,43189,43224,43702,43223,0,43224,STANDBY
0.41999998688697815,-0.11999999731779099,9.649999618530273,0.0,0.0,0.0,1006.1911010742188,23.3700008392334,-0.20152436196804047,0.0954192727804184,0,0,0.0,0.0,0.0,0,0,-0.02465895563364029,23.18000030517578,0.00436414685100317,-0.9687185287475586,0.0,0.0,100.0,100.0,43289,43324,43801,43321,0,43324,STANDBY
0.5899999737739563,-0.10000000149011612,9.670000076293945,0.0,0.0,0.0,1006.2030639648438,23.3799991607666,-0.2738678455352783,0.21312928199768066,0,0,0.0,0.0,0.0,0,0,-0.024750512093305588,23.18000030517578,0.003479110077023506,-0.9688711166381836,0.0,0.0,100.0,100.0,43389,43424,43899,43419,0,43424,STANDBY
0.3700000047683716,-0.25,9.640000343322754,0.0,0.0,0.0,1005.7093505859375,23.059999465942383,1.9186900854110718,6.218362331390381,0,0,0.0,0.0,0.0,0,0,-0.02459791861474514,23.18000030517578,0.007049775682389736,-0.9689321517944336,0.0,0.0,100.0,100.0,43489,43524,43998,43517,0,43524,STANDBY
0.4300000071525574,-0.07999999821186066,9.65999984741211,0.0,0.0,0.0,1005.568115234375,22.969999313354492,4.267141819000244,19.046276092529297,0,0,0.0,0.0,0.0,0,0,-0.024994660168886185,23.18000030517578,0.008056886494159698,-0.9688405990600586,0.0,0.0,100.0,100.0,43589,43624,44096,43616,0,43624,STANDBY
0.4099999964237213,-0.019999999552965164,9.640000343322754,0.0,0.0,0.0,1005.5374755859375,22.950000762939453,4.9744062423706055,18.287681579589844,0,0,0.0,0.0,0.0,0,0,-0.0238044373691082,23.18000030517578,0.00317392498254776,-0.9688711166381836,0.0,0.0,100.0,100.0,43689,43724,44194,43715,0,43724,STANDBY
0.44999998807907104,0.25,9.65999984741211,0.0,0.0,0.0,1006.1521606445312,23.31999969482422,1.65415620803833,-4.820568084716797,0,0,0.0,0.0,0.0,0,0,-0.0236518457531929,23.18000030517578,0.0020447401329874992,-0.9689016342163086,0.0,0.0,100.0,100.0,43789,43824,44294,43813,0,43824,STANDBY
0.44999998807907104,-0.25,9.640000343322754,0.0,0.0,0.0,1006.219970703125,23.360000610351562,0.015795528888702393,-20.614002227783203,0,0,0.0,0.0,0.0,0,0,-0.02542191930115223,23.18000030517578,0.003723258152604103,-0.9689321517944336,0.0,0.0,100.0,100.0,43889,43924,44392,43912,0,43924,STANDBY
0.12999999523162842,-0.23000000417232513,9.609999656677246,0.0,0.0,0.0,1006.2008666992188,23.350000381469727,-0.2737019658088684,-13.603731155395508,0,0,0.0,0.0,0.0,0,0,-0.02288888208568096,23.18000030517578,0.007477034814655781,-0.9688711166381836,0.0,0.0,100.0,100.0,43990,44024,44490,44010,0,44024,STANDBY
0.5099999904632568,-0.07000000029802322,9.649999618530273,0.0,0.0,0.0,1006.2008666992188,23.350000381469727,-0.30919063091278076,-4.243953704833984,0,0,0.0,0.0,0.0,0,0,-0.02453688159584999,23.18000030517578,0.005310220643877983,-0.9686574935913086,0.0,0.0,100.0,100.0,44090,44124,44589,44108,0,44124,STANDBY
0.41999998688697815,0.0,9.649999618530273,0.0,0.0,0.0,1006.199951171875,23.350000381469727,-0.32637351751327515,-0.984384298324585,0,0,0.0,0.0,0.0,0,0,-0.025055697187781334,23.18000030517578,0.006653035059571266,-0.9685964584350586,0.0,0.0,100.0,100.0,44190,44224,44703,44224,0,44224,STANDBY
0.5099999904632568,-0.27000001072883606,9.65999984741211,0.0,0.0,0.0,1006.2158813476562,23.350000381469727,-0.40254122018814087,-0.5036966800689697,0,0,0.0,0.0,0.0,0,0,-0.02465895563364029,23.18000030517578,0.003082369454205036,-0.9686574935913086,0.0,0.0,100.0,100.0,44290,44324,44802,44322,0,44324,STANDBY
0.4399999976158142,-0.36000001430511475,9.630000114440918,0.0,0.0,0.0,1006.2034301757812,23.34000015258789,-0.3325672745704651,-0.07760787755250931,0,0,0.0,0.0,0.0,0,0,-0.02447584457695484,23.18000030517578,0.0070192571729421616,-0.9687490463256836,0.0,0.0,100.0,100.0,44390,44424,44901,44421,0,44424,STANDBY
0.4699999988079071,-0.15000000596046448,9.640000343322754,0.0,0.0,0.0,1005.7011108398438,23.030000686645508,1.9683526754379272,7.19631290435791,0,0,0.0,0.0,0.0,0,0,-0.024994660168886185,23.18000030517578,0.005798516795039177,-0.9687185287475586,0.0,0.0,100.0,100.0,44490,44524,44999,44519,0,44524,STANDBY
0.46000000834465027,-0.12999999523162842,9.640000343322754,0.0,0.0,0.0,1005.5376586914062,22.93000030517578,4.457490921020508,20.244630813598633,0,0,0.0,0.0,0.0,0,0,-0.025208288803696632,23.18000030517578,0.006714072078466415,-0.9685964584350586,0.0,0.0,100.0,100.0,44590,44624,45097,44617,0,44624,STANDBY
0.47999998927116394,0.17000000178813934,9.630000114440918,0.0,0.0,0.0,1005.5291137695312,22.920000076293945,5.095207691192627,18.87873077392578,0,0,0.0,0.0,0.0,0,0,-0.02459791861474514,23.18000030517578,0.003936887718737125,-0.9686574935913086,0.0,0.0,100.0,100.0,44690,44724,45196,44717,0,44724,STANDBY
0.47999998927116394,-0.009999999776482582,9.649999618530273,0.0,0.0,0.0,1006.1082763671875,23.270000457763672,1.9273865222930908,-4.420091152191162,0,0,0.0,0.0,0.0,0,0,-0.024292733520269394,23.18000030517578,0.003265480510890484,-0.9687795639038086,0.0,0.0,100.0,100.0,44790,44824,45295,44815,0,44824,STANDBY
0.46000000834465027,-0.17000000178813934,9.640000343322754,0.0,0.0,0.0,1006.2178955078125,23.31999969482422,0.10182791948318481,-20.67459487915039,0,0,0.0,0.0,0.0,0,0,-0.02447584457695484,23.18000030517578,0.003936887718737125,-0.9688711166381836,0.0,0.0,100.0,100.0,44890,44924,45393,44913,0,44924,STANDBY
0.47999998927116394,-0.019999999552965164,9.640000343322754,0.0,0.0,0.0,1006.2001342773438,23.31999969482422,-0.2431422621011734,-14.49180793762207,0,0,0.0,0.0,0.0,0,0,-0.02471999265253544,23.18000030517578,0.00436414685100317,-0.9688100814819336,0.0,0.0,100.0,100.0,44990,45024,45492,45012,0,45024,STANDBY
0.5,0.18000000715255737,9.640000343322754,0.0,0.0,0.0,1006.2222900390625,23.309999465942383,-0.3962545394897461,-5.0878424644470215,0,0,0.0,0.0,0.0,0,0,-0.024201178923249245,23.18000030517578,0.0014648884534835815,-0.9689931869506836,0.0,0.0,100.0,100.0,45090,45124,45590,45111,0,45124,STANDBY
0.41999998688697815,-0.3400000035762787,9.630000114440918,0.0,0.0,0.0,1006.203125,23.309999465942383,-0.35314351320266724,-1.3993135690689087,0,0,0.0,0.0,0.0,0,0,-0.02526932582259178,23.18000030517578,0.003723258152604103,-0.9689931869506836,0.0,0.0,100.0,100.0,45190,45224,45688,45209,0,45224,STANDBY
0.3199999928474426,-0.15000000596046448,9.630000114440918,0.0,0.0,0.0,1006.1988525390625,23.299999237060547,-0.27815163135528564,0.1635560840368271,0,0,0.0,0.0,0.0,0,0,-0.02447584457695484,23.18000030517578,0.005767998285591602,-0.9689321517944336,0.0,0.0,100.0,100.0,45290,45324,45788,45307,0,45324,STANDBY
0.49000000953674316,-0.07999999821186066,9.640000343322754,0.0,0.0,0.0,1006.2181396484375,23.299999237060547,-0.3836367130279541,0.03616562485694885,0,0,0.0,0.0,0.0,0,0,-0.024964140728116035,23.18000030517578,0.00515762809664011,-0.9688711166381836,0.0,0.0,100.0,100.0,45390,45424,45902,45423,0,45424,STANDBY
0.4099999964237213,-0.17000000178813934,9.630000114440918,0.0,0.0,0.0,1005.8610229492188,23.079999923706055,1.2261309623718262,4.44390344619751,0,0,0.0,0.0,0.0,0,0,-0.024750512093305588,23.18000030517578,0.005890072323381901,-0.9688405990600586,0.0,0.0,100.0,100.0,45490,45524,46001,45521,0,45524,STANDBY
0.47999998927116394,-0.09000000357627869,9.640000343322754,0.0,0.0,0.0,1005.524658203125,22.8799991607666,4.392088890075684,19.38410186767578,0,0,0.0,0.0,0.0,0,0,-0.024903103709220886,23.18000030517578,0.005340739153325558,-0.9688100814819336,0.0,0.0,100.0,100.0,45590,45624,46100,45620,0,45624,STANDBY
0.44999998807907104,-0.10000000149011612,9.640000343322754,0.0,0.0,0.0,1005.5089111328125,22.8700008392334,5.211916923522949,21.430057525634766,0,0,0.0,0.0,0.0,0,0,-0.024964140728116035,23.18000030517578,0.005401776172220707,-0.9687490463256836,0.0,0.0,100.0,100.0,45690,45724,46198,45718,0,45724,STANDBY
0.44999998807907104,-0.1599999964237213,9.640000343322754,0.0,0.0,0.0,1006.1129760742188,23.239999771118164,1.9527338743209839,-3.2843761444091797,0,0,0.0,0.0,0.0,0,0,-0.024933623149991035,23.18000030517578,0.0054322946816682816,-0.9687795639038086,0.0,0.0,100.0,100.0,45790,45824,46297,45817,0,45824,STANDBY
0.44999998807907104,-0.11999999731779099,9.640000343322754,0.0,0.0,0.0,1006.1974487304688,23.290000915527344,0.20863854885101318,-20.548973083496094,0,0,0.0,0.0,0.0,0,0,-0.024964140728116035,23.18000030517578,0.005371257662773132,-0.9687795639038086,0.0,0.0,100.0,100.0,45890,45924,46396,45916,0,45924,STANDBY
0.46000000834465027,-0.10999999940395355,9.649999618530273,0.0,0.0,0.0,1006.2257690429688,23.290000915527344,-0.30391207337379456,-14.704559326171875,0,0,0.0,0.0,0.0,0,0,-0.024933623149991035,23.18000030517578,0.005188146606087685,-0.9687795639038086,0.0,0.0,100.0,100.0,45990,46024,46494,46014,0,46024,STANDBY
0.4399999976158142,-0.11999999731779099,9.640000343322754,0.0,0.0,0.0,1006.2041625976562,23.290000915527344,-0.3350154161453247,-5.349655628204346,0,0,0.0,0.0,0.0,0,0,-0.024842066690325737,23.18000030517578,0.004943998530507088,-0.9687490463256836,0.0,0.0,100.0,100.0,46090,46124,46593,46113,0,46124,STANDBY
0.4399999976158142,-0.11999999731779099,9.640000343322754,0.0,0.0,0.0,1006.2047119140625,23.290000915527344,-0.35573720932006836,-1.400958776473999,0,0,0.0,0.0,0.0,0,0,-0.024842066690325737,23.18000030517578,0.004821924492716789,-0.9686880111694336,0.0,0.0,100.0,100.0,46190,46224,46691,46212,0,46224,STANDBY
0.44999998807907104,-0.10999999940395355,9.640000343322754,0.0,0.0,0.0,1006.2243041992188,23.290000915527344,-0.4279089868068695,-0.506828248500824,0,0,0.0,0.0,0.0,0,0,-0.024872586131095886,23.18000030517578,0.004730368964374065,-0.9685964584350586,0.0,0.0,100.0,100.0,46290,46324,46790,46310,0,46324,STANDBY
0.4300000071525574,-0.11999999731779099,9.640000343322754,0.0,0.0,0.0,1006.2259521484375,23.280000686645508,-0.47908204793930054,-0.5287082195281982,0,0,0.0,0.0,0.0,0,0,-0.024781029671430588,23.18000030517578,0.0046388134360313416,-0.9685049057006836,0.0,0.0,100.0,100.0,46390,46424,46888,46420,0,46424,STANDBY
0.44999998807907104,-0.09000000357627869,9.630000114440918,0.0,0.0,0.0,1005.8865356445312,23.06999969482422,1.0769927501678467,4.353224277496338,0,0,0.0,0.0,0.0,0,0,-0.02471999265253544,23.18000030517578,0.004608294926583767,-0.9686269760131836,0.0,0.0,100.0,100.0,46490,46524,47003,46524,0,46524,STANDBY
0.46000000834465027,-0.10999999940395355,9.640000343322754,0.0,0.0,0.0,1005.5381469726562,22.8700008392334,4.297268867492676,19.445491790771484,0,0,0.0,0.0,0.0,0,0,-0.024750512093305588,23.18000030517578,0.004669331945478916,-0.9686574935913086,0.0,0.0,100.0,100.0,46590,46624,47102,46622,0,46624,STANDBY
0.4300000071525574,-0.14000000059604645,9.630000114440918,0.0,0.0,0.0,1005.5150756835938,22.860000610351562,5.117885589599609,21.519855499267578,0,0,0.0,0.0,0.0,0,0,-0.024781029671430588,23.18000030517578,0.004821924492716789,-0.9685659408569336,0.0,0.0,100.0,100.0,46690,46724,47201,46721,0,46724,STANDBY
0.46000000834465027,-0.12999999523162842,9.640000343322754,0.0,0.0,0.0,1006.1283569335938,23.219999313354492,1.7949563264846802,-3.603919267654419,0,0,0.0,0.0,0.0,0,0,-0.024964140728116035,23.18000030517578,0.004425183869898319,-0.9684438705444336,0.0,0.0,100.0,100.0,46790,46824,47299,46820,0,46824,STANDBY
0.46000000834465027,-0.14000000059604645,9.630000114440918,0.0,0.0,0.0,1006.204345703125,23.270000457763672,0.11313998699188232,-20.526100158691406,0,0,0.0,0.0,0.0,0,0,-0.024964140728116035,23.18000030517578,0.004699850454926491,-0.9684743881225586,0.0,0.0,100.0,100.0,46891,46924,47398,46918,0,46924,STANDBY
0.46000000834465027,-0.10999999940395355,9.630000114440918,0.0,0.0,0.0,1006.22119140625,23.270000457763672,-0.32510703802108765,-14.112703323364258,0,0,0.0,0.0,0.0,0,0,-0.025055697187781334,23.18000030517578,0.004425183869898319,-0.9683828353881836,0.0,0.0,100.0,100.0,46991,47024,47497,47016,0,47024,STANDBY
0.46000000834465027,-0.10000000149011612,9.640000343322754,0.0,0.0,0.0,1006.2293701171875,23.260000228881836,-0.4831129014492035,-5.325751304626465,0,0,0.0,0.0,0.0,0,0,-0.024964140728116035,23.18000030517578,0.004303109832108021,-0.9683523178100586,0.0,0.0,100.0,100.0,47091,47124,47595,47116,0,47124,STANDBY
0.44999998807907104,-0.11999999731779099,9.640000343322754,0.0,0.0,0.0,1006.2279663085938,23.260000228881836,-0.4962587356567383,-1.7458164691925049,0,0,0.0,0.0,0.0,0,0,-0.024964140728116035,23.18000030517578,0.0044862208887934685,-0.9683828353881836,0.0,0.0,100.0,100.0,47191,47224,47694,47214,0,47224,STANDBY
0.44999998807907104,-0.12999999523162842,9.640000343322754,0.0,0.0,0.0,1006.211181640625,23.260000228881836,-0.38610410690307617,0.0495128333568573,0,0,0.0,0.0,0.0,0,0,-0.024933623149991035,23.18000030517578,0.004516739398241043,-0.9684743881225586,0.0,0.0,100.0,100.0,47291,47324,47793,47313,0,47324,STANDBY
0.4399999976158142,-0.09000000357627869,9.630000114440918,0.0,0.0,0.0,1006.213623046875,23.260000228881836,-0.39964205026626587,0.3878576457500458,0,0,0.0,0.0,0.0,0,0,-0.024842066690325737,23.18000030517578,0.004455702379345894,-0.9684133529663086,0.0,0.0,100.0,100.0,47391,47424,47891,47420,0,47424,STANDBY
0.44999998807907104,-0.10000000149011612,9.630000114440918,0.0,0.0,0.0,1005.8765869140625,23.049999237060547,1.136206865310669,4.636608123779297,0,0,0.0,0.0,0.0,0,0,-0.02471999265253544,23.18000030517578,0.004119998775422573,-0.9683828353881836,0.0,0.0,100.0,100.0,47491,47524,47990,47510,0,47524,STANDBY
0.4300000071525574,-0.10999999940395355,9.630000114440918,0.0,0.0,0.0,1005.5176391601562,22.84000015258789,4.305689811706543,18.985570907592773,0,0,0.0,0.0,0.0,0,0,-0.024781029671430588,23.18000030517578,0.004058961756527424,-0.9683523178100586,0.0,0.0,100.0,100.0,47591,47624,48089,47608,0,47624,STANDBY
0.4399999976158142,-0.11999999731779099,9.640000343322754,0.0,0.0,0.0,1005.5359497070312,22.84000015258789,5.0163421630859375,20.90850830078125,0,0,0.0,0.0,0.0,0,0,-0.02471999265253544,23.18000030517578,0.004119998775422573,-0.9683523178100586,0.0,0.0,100.0,100.0,47691,47724,48187,47708,0,47724,STANDBY
0.4699999988079071,-0.12999999523162842,9.630000114440918,0.0,0.0,0.0,1006.1386108398438,23.200000762939453,1.7336941957473755,-3.723405122756958,0,0,0.0,0.0,0.0,0,0,-0.024811549112200737,23.18000030517578,0.004333628341555595,-0.9683828353881836,0.0,0.0,100.0,100.0,47791,47824,48303,47822,0,47824,STANDBY
0.44999998807907104,-0.11999999731779099,9.649999618530273,0.0,0.0,0.0,1006.217041015625,23.25,0.07060235738754272,-20.384563446044922,0,0,0.0,0.0,0.0,0,0,-0.024842066690325737,23.18000030517578,0.004303109832108021,-0.9683218002319336,0.0,0.0,100.0,100.0,47891,47924,48401,47922,0,47924,STANDBY
0.46000000834465027,-0.10999999940395355,9.640000343322754,0.0,0.0,0.0,1006.2237548828125,23.25,-0.3875586986541748,-14.246145248413086,0,0,0.0,0.0,0.0,0,0,-0.024781029671430588,23.18000030517578,0.004730368964374065,-0.9685354232788086,0.0,0.0,100.0,100.0,47991,48024,48500,48020,0,48024,STANDBY
0.44999998807907104,-0.11999999731779099,9.640000343322754,0.0,0.0,0.0,1006.1994018554688,23.239999771118164,-0.2969735860824585,-4.575570106506348,0,0,0.0,0.0,0.0,0,0,-0.024781029671430588,23.18000030517578,0.004516739398241043,-0.9685659408569336,0.0,0.0,100.0,100.0,48091,48124,48599,48118,0,48124,STANDBY
0.4399999976158142,-0.10000000149011612,9.649999618530273,0.0,0.0,0.0,1006.1724853515625,23.239999771118164,-0.1622433364391327,-0.07984167337417603,0,0,0.0,0.0,0.0,0,0,-0.024750512093305588,23.18000030517578,0.004577776417136192,-0.9686574935913086,0.0,0.0,100.0,100.0,48191,48224,48698,48218,0,48224,STANDBY
0.44999998807907104,-0.14000000059604645,9.640000343322754,0.0,0.0,0.0,1006.1953125,23.25,-0.21364648640155792,0.41371437907218933,0,0,0.0,0.0,0.0,0,0,-0.02462843805551529,23.18000030517578,0.004577776417136192,-0.9686880111694336,0.0,0.0,100.0,100.0,48291,48324,48796,48316,0,48324,STANDBY
0.44999998807907104,-0.12999999523162842,9.649999618530273,0.0,0.0,0.0,1006.2103271484375,23.239999771118164,-0.3038840889930725,-0.27773821353912354,0,0,0.0,0.0,0.0,0,0,-0.02459791861474514,23.18000030517578,0.004608294926583767,-0.9687490463256836,0.0,0.0,100.0,100.0,48392,48424,48878,48418,0,48424,STANDBY
0.44999998807907104,-0.11999999731779099,9.640000343322754,0.0,0.0,0.0,1005.8069458007812,23.010000228881836,1.5071858167648315,4.978756427764893,0,0,0.0,0.0,0.0,0,0,-0.02462843805551529,23.18000030517578,0.004547257907688618,-0.9688100814819336,0.0,0.0,100.0,100.0,48492,48524,48994,48514,0,48524,STANDBY
0.44999998807907104,-0.11999999731779099,9.640000343322754,0.0,0.0,0.0,1005.5320434570312,22.84000015258789,4.333901405334473,18.874616622924805,0,0,0.0,0.0,0.0,0,0,-0.02459791861474514,23.18000030517578,0.004455702379345894,-0.9688100814819336,0.0,0.0,100.0,100.0,48592,48624,49092,48612,0,48624,STANDBY
0.4399999976158142,-0.11999999731779099,9.649999618530273,0.0,0.0,0.0,1005.516845703125,22.829999923706055,5.171501636505127,20.277082443237305,0,0,0.0,0.0,0.0,0,0,-0.02462843805551529,23.18000030517578,0.004272591322660446,-0.9688100814819336,0.0,0.0,100.0,100.0,48692,48724,49190,48711,0,48724,STANDBY
0.44999998807907104,-0.10999999940395355,9.649999618530273,0.0,0.0,0.0,1006.0867309570312,23.200000762939453,2.091996669769287,-2.7536303997039795,0,0,0.0,0.0,0.0,0,0,-0.02471999265253544,23.18000030517578,0.004119998775422573,-0.9688100814819336,0.0,0.0,100.0,100.0,48792,48824,49290,48809,0,48824,STANDBY
0.4699999988079071,-0.15000000596046448,9.649999618530273,0.0,0.0,0.0,1006.17578125,23.239999771118164,0.3978528678417206,-19.524595260620117,0,0,0.0,0.0,0.0,0,0,-0.024811549112200737,23.18000030517578,0.0042420728132128716,-0.9688100814819336,0.0,0.0,100.0,100.0,48892,48924,49388,48908,0,48924,STANDBY
0.46000000834465027,-0.2199999988079071,9.640000343322754,0.0,0.0,0.0,1006.20703125,23.25,-0.15934863686561584,-14.42303466796875,0,0,0.0,0.0,0.0,0,0,-0.025055697187781334,23.18000030517578,0.005798516795039177,-0.9686574935913086,0.0,0.0,100.0,100.0,48992,49024,49486,49007,0,49024,STANDBY
0.41999998688697815,0.07999999821186066,9.649999618530273,0.0,0.0,0.0,1006.1911010742188,23.25,-0.22905457019805908,-5.669753074645996,0,0,0.0,0.0,0.0,0,0,-0.024292733520269394,23.18000030517578,0.0020447401329874992,-0.9687490463256836,0.0,0.0,100.0,100.0,49092,49124,49602,49122,0,49124,STANDBY
0.46000000834465027,0.019999999552965164,9.640000343322754,0.0,0.0,0.0,1006.1978149414062,23.25,-0.24345563352108002,-1.4980114698410034,0,0,0.0,0.0,0.0,0,0,-0.023957030847668648,23.18000030517578,0.00039674062281847,-0.9688711166381836,0.0,0.0,100.0,100.0,49192,49224,49700,49221,0,49224,STANDBY
0.2800000011920929,-0.4399999976158142,9.630000114440918,0.0,0.0,0.0,1006.1531982421875,23.25,0.00011105835437774658,0.5943284034729004,0,0,0.0,0.0,0.0,0,0,-0.02447584457695484,23.18000030517578,0.003265480510890484,-0.9689321517944336,0.0,0.0,100.0,100.0,49292,49324,49800,49319,0,49324,STANDBY
0.25999999046325684,0.15000000596046448,9.779999732971191,0.0,0.0,0.0,1006.1843872070312,23.25,-0.11265132576227188,0.6763743162155151,0,0,0.0,0.0,0.0,0,0,-0.02539139986038208,23.18000030517578,0.009308145381510258,-0.9687795639038086,0.0,0.0,100.0,100.0,49392,49424,49882,49421,0,49424,STANDBY
0.3799999952316284,-0.5799999833106995,9.619999885559082,0.0,0.0,0.0,1005.7654418945312,22.979999542236328,1.758833885192871,5.386475563049316,0,0,0.0,0.0,0.0,0,0,-0.024109622463583946,23.18000030517578,0.0028382213786244392,-0.9689626693725586,0.0,0.0,100.0,100.0,49492,49524,49997,49517,0,49524,STANDBY
0.3700000047683716,-0.05000000074505806,9.630000114440918,0.0,0.0,0.0,1005.6195068359375,22.889999389648438,3.8548359870910645,16.512432098388672,0,0,0.0,0.0,0.0,0,0,-0.024018067866563797,23.18000030517578,0.0015564439818263054,-0.9690542221069336,0.0,0.0,100.0,100.0,49592,49624,50096,49615,0,49624,STANDBY
0.4399999976158142,0.09000000357627869,9.640000343322754,0.0,0.0,0.0,1005.6363525390625,22.889999389648438,4.27799129486084,15.359678268432617,0,0,0.0,0.0,0.0,0,0,-0.024414807558059692,23.18000030517578,0.002929776906967163,-0.9691152572631836,0.0,0.0,100.0,100.0,49692,49724,50194,49714,0,49724,STANDBY
0.47999998927116394,0.0,9.630000114440918,0.0,0.0,0.0,1006.1521606445312,23.190000534057617,1.9732528924942017,-1.7651636600494385,0,0,0.0,0.0,0.0,0,0,-0.024109622463583946,23.18000030517578,0.0016479995101690292,-0.9690847396850586,0.0,0.0,100.0,100.0,49792,49824,50293,49813,0,49824,STANDBY
0.4399999976158142,-0.019999999552965164,9.640000343322754,0.0,0.0,0.0,1006.224853515625,23.229999542236328,0.05242264270782471,-17.106063842773438,0,0,0.0,0.0,0.0,0,0,-0.024414807558059692,23.18000030517578,0.0011597033590078354,-0.9689931869506836,0.0,0.0,100.0,100.0,49892,49924,50392,49911,0,49924,STANDBY
0.4099999964237213,0.019999999552965164,9.630000114440918,0.0,0.0,0.0,1006.21142578125,23.229999542236328,-0.32640624046325684,-15.04863166809082,0,0,0.0,0.0,0.0,0,0,-0.024048585444688797,23.18000030517578,0.0012207403779029846,-0.9691457748413086,0.0,0.0,100.0,100.0,49992,50024,50490,50011,0,50024,STANDBY
0.5099999904632568,-0.05999999865889549,9.640000343322754,0.0,0.0,0.0,1006.2037353515625,23.229999542236328,-0.3122945725917816,-4.733466148376465,0,0,0.0,0.0,0.0,0,0,-0.024109622463583946,23.18000030517578,0.0009765923023223877,-0.9692068099975586,0.0,0.0,100.0,100.0,50092,50124,50589,50109,0,50124,STANDBY
0.46000000834465027,-0.10999999940395355,9.640000343322754,0.0,0.0,0.0,1006.1937255859375,23.229999542236328,-0.25088655948638916,-0.5426663756370544,0,0,0.0,0.0,0.0,0,0,-0.024018067866563797,23.18000030517578,0.0008545182645320892,-0.9691762924194336,0.0,0.0,100.0,100.0,50192,50224,50688,50208,0,50224,STANDBY
0.5899999737739563,0.15000000596046448,9.630000114440918,0.0,0.0,0.0,1006.1964721679688,23.219999313354492,-0.2485906332731247,0.18276658654212952,0,0,0.0,0.0,0.0,0,0,-0.02374340035021305,23.18000030517578,-0.0016479995101690292,-0.9692983627319336,0.0,0.0,100.0,100.0,50292,50324,50803,50323,0,50324,STANDBY
0.4300000071525574,-0.5,9.619999885559082,0.0,0.0,0.0,1006.2072143554688,23.229999542236328,-0.27640125155448914,0.05221818387508392,0,0,0.0,0.0,0.0,0,0,-0.02386547438800335,23.18000030517578,0.0012817773967981339,-0.9692068099975586,0.0,0.0,100.0,100.0,50392,50424,50885,50424,0,50424,STANDBY
0.3799999952316284,-0.14000000059604645,9.630000114440918,0.0,0.0,0.0,1005.7373657226562,22.93000030517578,1.8347783088684082,6.2618207931518555,0,0,0.0,0.0,0.0,0,0,-0.02456740103662014,23.18000030517578,0.0028382213786244392,-0.9691152572631836,0.0,0.0,100.0,100.0,50492,50524,51001,50521,0,50524,STANDBY
0.4699999988079071,-0.07999999821186066,9.649999618530273,0.0,0.0,0.0,1005.5547485351562,22.81999969482422,4.301774024963379,19.05057716369629,0,0,0.0,0.0,0.0,0,0,-0.02465895563364029,23.18000030517578,0.0022583696991205215,-0.9690542221069336,0.0,0.0,100.0,100.0,50592,50624,51099,50619,0,50624,STANDBY
0.4300000071525574,-0.20999999344348907,9.640000343322754,0.0,0.0,0.0,1005.5423583984375,22.81999969482422,4.911158561706543,18.12366485595703,0,0,0.0,0.0,0.0,0,0,-0.02471999265253544,23.18000030517578,0.0034485915675759315,-0.9689931869506836,0.0,0.0,100.0,100.0,50692,50724,51197,50718,0,50724,STANDBY
0.5,-0.03999999910593033,9.649999618530273,0.0,0.0,0.0,1006.1163940429688,23.15999984741211,2.4750492572784424,-0.665520191192627,0,0,0.0,0.0,0.0,0,0,-0.02444532699882984,23.18000030517578,0.002136295661330223,-0.9689321517944336,0.0,0.0,100.0,100.0,50792,50824,51297,50817,0,50824,STANDBY
0.4699999988079071,-0.11999999731779099,9.640000343322754,0.0,0.0,0.0,1006.2100219726562,23.209999084472656,0.2585703134536743,-18.39405059814453,0,0,0.0,0.0,0.0,0,0,-0.02459791861474514,23.18000030517578,0.001739555038511753,-0.9690237045288086,0.0,0.0,100.0,100.0,50892,50924,51395,50916,0,50924,STANDBY
0.46000000834465027,-0.07000000029802322,9.65999984741211,0.0,0.0,0.0,1006.1889038085938,23.209999084472656,-0.12143424153327942,-16.776769638061523,0,0,0.0,0.0,0.0,0,0,-0.02456740103662014,23.18000030517578,0.0019531846046447754,-0.9690847396850586,0.0,0.0,100.0,100.0,50992,51024,51494,51014,0,51024,STANDBY
0.4399999976158142,-0.07999999821186066,9.630000114440918,0.0,0.0,0.0,1006.174072265625,23.209999084472656,-0.07485809922218323,-5.007840156555176,0,0,0.0,0.0,0.0,0,0,-0.024170659482479095,23.18000030517578,0.0012207403779029846,-0.9691152572631836,0.0,0.0,100.0,100.0,51092,51124,51593,51112,0,51124,STANDBY
0.4399999976158142,-0.09000000357627869,9.630000114440918,0.0,0.0,0.0,1006.1981201171875,23.209999084472656,-0.1868114024400711,-1.0574802160263062,0,0,0.0,0.0,0.0,0,0,-0.024170659482479095,23.18000030517578,0.0011291848495602608,-0.9691457748413086,0.0,0.0,100.0,100.0,51192,51224,51691,51212,0,51224,STANDBY
0.44999998807907104,-0.07000000029802322,9.630000114440918,0.0,0.0,0.0,1006.196533203125,23.209999084472656,-0.22404813766479492,-0.7451562881469727,0,0,0.0,0.0,0.0,0,0,-0.024079104885458946,23.18000030517578,0.0008239997550845146,-0.9691152572631836,0.0,0.0,100.0,100.0,51293,51324,51790,51310,0,51324,STANDBY
0.46000000834465027,-0.09000000357627869,9.640000343322754,0.0,0.0,0.0,1006.18408203125,23.219999313354492,-0.1901748776435852,-0.30491510033607483,0,0,0.0,0.0,0.0,0,0,-0.024170659482479095,23.18000030517578,0.0009155552834272385,-0.9690847396850586,0.0,0.0,100.0,100.0,51393,51424,51889,51421,0,51424,STANDBY
0.4699999988079071,-0.07000000029802322,9.640000343322754,0.0,0.0,0.0,1005.68701171875,22.920000076293945,2.0922958850860596,6.915566444396973,0,0,0.0,0.0,0.0,0,0,-0.024170659482479095,23.18000030517578,0.0009155552834272385,-0.9690847396850586,0.0,0.0,100.0,100.0,51493,51524,51988,51508,0,51524,STANDBY
0.4699999988079071,-0.07999999821186066,9.640000343322754,0.0,0.0,0.0,1005.5599365234375,22.829999923706055,4.3516364097595215,19.291847229003906,0,0,0.0,0.0,0.0,0,0,-0.024048585444688797,23.18000030517578,0.0009460737928748131,-0.9691762924194336,0.0,0.0,100.0,100.0,51593,51624,52104,51623,0,51624,STANDBY
0.44999998807907104,-0.07999999821186066,9.649999618530273,0.0,0.0,0.0,1005.5531005859375,22.829999923706055,4.900334358215332,17.380447387695312,0,0,0.0,0.0,0.0,0,0,-0.024048585444688797,23.18000030517578,0.0009765923023223877,-0.9692373275756836,0.0,0.0,100.0,100.0,51693,51724,52202,51723,0,51724,STANDBY
0.46000000834465027,-0.07999999821186066,9.640000343322754,0.0,0.0,0.0,1006.154541015625,23.200000762939453,1.7493313550949097,-4.779532432556152,0,0,0.0,0.0,0.0,0,0,-0.024170659482479095,23.18000030517578,0.0007629627361893654,-0.9692068099975586,0.0,0.0,100.0,100.0,51793,51824,52301,51821,0,51824,STANDBY
0.46000000834465027,-0.07999999821186066,9.630000114440918,0.0,0.0,0.0,1006.2037353515625,23.229999542236328,0.1221800446510315,-19.96947479248047,0,0,0.0,0.0,0.0,0,0,-0.024140141904354095,23.18000030517578,0.0009460737928748131,-0.9692983627319336,0.0,0.0,100.0,100.0,51893,51924,52400,51920,0,51924,STANDBY
0.44999998807907104,-0.07000000029802322,9.649999618530273,0.0,0.0,0.0,1006.1954956054688,23.229999542236328,-0.19075258076190948,-13.686247825622559,0,0,0.0,0.0,0.0,0,0,-0.024109622463583946,23.18000030517578,0.0007324442267417908,-0.9692983627319336,0.0,0.0,100.0,100.0,51993,52024,52499,52019,0,52024,STANDBY
0.4699999988079071,-0.07000000029802322,9.649999618530273,0.0,0.0,0.0,1006.1897583007812,23.219999313354492,-0.14873071014881134,-3.892518997192383,0,0,0.0,0.0,0.0,0,0,-0.024140141904354095,23.18000030517578,0.0005188146606087685,-0.9692373275756836,0.0,0.0,100.0,100.0,52093,52124,52597,52118,0,52124,STANDBY
0.4699999988079071,-0.05000000074505806,9.649999618530273,0.0,0.0,0.0,1006.1720581054688,23.219999313354492,-0.11937162280082703,-0.5001145005226135,0,0,0.0,0.0,0.0,0,0,-0.024170659482479095,23.18000030517578,0.00039674062281847,-0.9692983627319336,0.0,0.0,100.0,100.0,52193,52224,52697,52216,0,52224,STANDBY
0.44999998807907104,-0.07999999821186066,9.649999618530273,0.0,0.0,0.0,1006.1854858398438,23.219999313354492,-0.14255881309509277,-0.0983584001660347,0,0,0.0,0.0,0.0,0,0,-0.024018067866563797,23.18000030517578,0.0004882961511611938,-0.9693899154663086,0.0,0.0,100.0,100.0,52293,52324,52795,52315,0,52324,STANDBY
