imu_ax,imu_ay,imu_az,imu_gx,imu_gy,imu_gz,baro_pressure_hPa,baro_temperature_C,baro_altitude_m,baro_climbRate_mps,gps_latE7,gps_lonE7,gps_altitude_m,gps_speed_mps,gps_heading_deg,gps_sats,gps_fix,roll_deg,filterRoll_deg,pitch_deg,yaw_deg,veltotal_cmps,velimu_cmps,servoDeg1_deg,servoDeg2_deg,baroTimeMs,gpsTimeMs,aTimeMs,aRxTimeMs,state,timeMs,stateStr
0.0,0.0,0.0,0.0,0.0,0.0,1005.9966430664062,24.020000457763672,0.14280585944652557,0.0,0,0,0.0,0.0,0.0,0,0,0.0,0.0,0.0,0.0,0.0,0.0,100.0,97.0,4536,4536,2271,4536,0,4536,STANDBY
0.4300000071525574,-0.10999999940395355,9.640000343322754,0.0,0.0,0.0,1004.6898193359375,23.219999313354492,7.535079479217529,0.0,0,0,0.0,0.0,0.0,0,0,0.032990507781505585,0.0,0.06891079246997833,-0.9258095026016235,0.0,0.0,100.0,97.0,4636,4636,4624,4628,0,4636,STANDBY
0.4300000071525574,-0.12999999523162842,9.640000343322754,0.0,0.0,0.0,1004.498291015625,23.110000610351562,11.41751480102539,33.824127197265625,0,0,0.0,0.0,0.0,0,0,0.022797327488660812,0.0,0.0556352436542511,-0.9372539520263672,0.0,0.0,100.0,97.0,4736,4736,4722,4726,0,4736,STANDBY
0.4300000071525574,-0.12999999523162842,9.630000114440918,0.0,0.0,0.0,1004.474853515625,23.100000381469727,12.402708053588867,30.394119262695312,0,0,0.0,0.0,0.0,0,0,0.014160588383674622,0.0,0.04367198795080185,-0.9462873935699463,0.0,0.0,100.0,97.0,4836,4836,4820,4825,0,4836,STANDBY
0.4300000071525574,-0.11999999731779099,9.640000343322754,0.0,0.0,0.0,1005.92529296875,24.0,3.7476043701171875,-21.341205596923828,0,0,0.0,0.0,0.0,0,0,0.006958220154047012,0.0,0.03323465585708618,-0.9533677101135254,0.0,0.0,100.0,97.0,4936,4936,4919,4923,0,4936,STANDBY
0.4300000071525574,-0.12999999523162842,9.630000114440918,0.0,0.0,0.0,1005.9745483398438,24.020000457763672,1.026079535484314,-49.7439079284668,0,0,0.0,0.0,0.0,0,0,0.0009765923023223877,0.0,0.024292733520269394,-0.9589526057243347,0.0,0.0,100.0,97.0,5036,5036,5017,5021,0,5036,STANDBY
0.4300000071525574,-0.12999999523162842,9.640000343322754,0.0,0.0,0.0,1005.987060546875,24.030000686645508,0.3638679087162018,-26.387130737304688,0,0,0.0,0.0,0.0,0,0,-0.004028443247079849,0.0,0.016235847026109695,-0.9632862210273743,0.0,0.0,100.0,97.0,5136,5136,5116,5120,0,5136,STANDBY
0.4300000071525574,-0.12999999523162842,9.640000343322754,0.0,0.0,0.0,1005.9845581054688,24.030000686645508,0.2733258605003357,-8.365683555603027,0,0,0.0,0.0,0.0,0,0,-0.008636738173663616,0.0,0.00827051606029272,-0.9671620726585388,0.0,0.0,100.0,97.0,5236,5236,5231,5235,0,5236,STANDBY
0.4300000071525574,-0.12999999523162842,9.640000343322754,0.0,0.0,0.0,1005.9701538085938,24.030000686645508,0.32068175077438354,-1.788871169090271,0,0,0.0,0.0,0.0,0,0,-0.011749626137316227,0.0,0.00238044373691082,-0.9695730209350586,0.0,0.0,100.0,97.0,5336,5336,5329,5334,0,5336,STANDBY
0.4399999976158142,-0.12999999523162842,9.640000343322754,0.0,0.0,0.0,1006.0046997070312,24.030000686645508,0.18218165636062622,-0.5589811205863953,0,0,0.0,0.0,0.0,0,0,-0.014374217949807644,0.0,-0.0024109622463583946,-0.9716482758522034,0.0,0.0,100.0,97.0,5436,5436,5428,5432,0,5436,STANDBY
0.4300000071525574,-0.11999999731779099,9.649999618530273,0.0,0.0,0.0,1005.9902954101562,24.030000686645508,0.1819111406803131,-0.6320818066596985,0,0,0.0,0.0,0.0,0,0,-0.016296884045004845,0.0,-0.006500442512333393,-0.9733268022537231,0.0,0.0,100.0,97.0,5536,5536,5526,5530,0,5536,STANDBY
0.4300000071525574,-0.12999999523162842,9.649999618530273,0.0,0.0,0.0,1004.8218994140625,23.31999969482422,5.490235805511475,15.674406051635742,0,0,0.0,0.0,0.0,0,0,-0.017792291939258575,0.0,-0.00991851557046175,-0.9746696352958679,0.0,0.0,100.0,97.0,5636,5636,5624,5628,0,5636,STANDBY
0.4300000071525574,-0.12999999523162842,9.640000343322754,0.0,0.0,0.0,1004.4771728515625,23.110000610351562,11.072123527526855,45.920921325683594,0,0,0.0,0.0,0.0,0,0,-0.01898251287639141,0.0,-0.012787255458533764,-0.9757072925567627,0.0,0.0,100.0,97.0,5736,5736,5723,5727,0,5736,STANDBY
0.4300000071525574,-0.14000000059604645,9.649999618530273,0.0,0.0,0.0,1004.4537353515625,23.100000381469727,12.540905952453613,42.84560012817383,0,0,0.0,0.0,0.0,0,0,-0.020050661638379097,0.0,-0.01553392130881548,-0.9764091968536377,0.0,0.0,100.0,97.0,5836,5836,5821,5825,0,5836,STANDBY
0.4300000071525574,-0.12999999523162842,9.640000343322754,0.0,0.0,0.0,1005.7909545898438,23.920000076293945,5.18222713470459,-10.633158683776855,0,0,0.0,0.0,0.0,0,0,-0.02075258642435074,0.0,-0.017761772498488426,-0.9768974781036377,0.0,0.0,100.0,97.0,5936,5936,5919,5923,0,5936,STANDBY
0.4300000071525574,-0.12999999523162842,9.649999618530273,0.0,0.0,0.0,1005.9868774414062,24.040000915527344,1.2833882570266724,-46.951995849609375,0,0,0.0,0.0,0.0,0,0,-0.02136295661330223,0.0,-0.019440291449427605,-0.9774162769317627,0.0,0.0,100.0,97.0,6036,6036,6018,6022,0,6036,STANDBY
0.41999998688697815,-0.11999999731779099,9.649999618530273,0.0,0.0,0.0,1006.0214233398438,24.040000915527344,0.22339922189712524,-32.81715774536133,0,0,0.0,0.0,0.0,0,0,-0.021790215745568275,0.0,-0.020996734499931335,-0.9777520298957825,0.0,0.0,100.0,97.0,6136,6136,6116,6120,0,6136,STANDBY
0.4300000071525574,-0.12999999523162842,9.640000343322754,0.0,0.0,0.0,1006.0272827148438,24.040000915527344,0.03769507259130478,-20.713014602661133,0,0,0.0,0.0,0.0,0,0,-0.02209540084004402,0.0,-0.021912289783358574,-0.9782403111457825,0.0,0.0,100.0,97.0,6187,6236,6231,6235,0,6236,STANDBY
0.41999998688697815,-0.12999999523162842,9.649999618530273,0.0,0.0,0.0,1005.997802734375,24.040000915527344,0.0547591894865036,-6.459194183349609,0,0,0.0,0.0,0.0,0,0,-0.02233954891562462,0.0,-0.02285836450755596,-0.9784539341926575,0.0,0.0,100.0,97.0,6287,6336,6329,6333,0,6336,STANDBY
0.4300000071525574,-0.10999999940395355,9.640000343322754,0.0,0.0,0.0,1006.001220703125,24.040000915527344,0.08556199073791504,-1.0811538696289062,0,0,0.0,0.0,0.0,0,0,-0.022553179413080215,0.0,-0.0238044373691082,-0.9785760045051575,0.0,0.0,100.0,97.0,6387,6436,6427,6431,0,6436,STANDBY
0.41999998688697815,-0.12999999523162842,9.649999618530273,0.0,0.0,0.0,1006.0060424804688,24.049999237060547,0.08387383073568344,0.08710900694131851,0,0,0.0,0.0,0.0,0,0,-0.022675253450870514,0.0,-0.024231696501374245,-0.9787591099739075,0.0,0.0,100.0,97.0,6490,6536,6525,6530,0,6536,STANDBY
0.4300000071525574,-0.11999999731779099,9.640000343322754,0.0,0.0,0.0,1006.0103149414062,24.049999237060547,0.08296074718236923,0.09671942889690399,0,0,0.0,0.0,0.0,0,0,-0.022766808047890663,0.0,-0.02447584457695484,-0.9789116978645325,0.0,0.0,100.0,97.0,6609,6636,6624,6627,0,6636,STANDBY
0.4300000071525574,-0.12999999523162842,9.649999618530273,0.0,0.0,0.0,1004.5320434570312,23.149999618530273,9.469047546386719,32.30467224121094,0,0,0.0,0.0,0.0,0,0,-0.02288888208568096,0.0,-0.02471999265253544,-0.9790032505989075,0.0,0.0,100.0,97.0,6709,6736,6721,6725,0,6736,STANDBY
0.4300000071525574,-0.12999999523162842,9.640000343322754,0.0,0.0,0.0,1004.4771728515625,23.1200008392334,11.956233978271484,53.91252136230469,0,0,0.0,0.0,0.0,0,0,-0.02301095612347126,0.0,-0.024842066690325737,-0.9790337681770325,0.0,0.0,100.0,97.0,6809,6836,6819,6823,0,6836,STANDBY
0.41999998688697815,-0.12999999523162842,9.640000343322754,0.0,0.0,0.0,1005.6051635742188,23.81999969482422,7.467325210571289,10.261104583740234,0,0,0.0,0.0,0.0,0,0,-0.02310251258313656,0.0,-0.024994660168886185,-0.9790642857551575,0.0,0.0,100.0,97.0,6909,6936,6918,6922,0,6936,STANDBY
0.4300000071525574,-0.11999999731779099,9.649999618530273,0.0,0.0,0.0,1006.0103149414062,24.049999237060547,1.7374809980392456,-37.72638702392578,0,0,0.0,0.0,0.0,0,0,-0.02313303016126156,0.0,-0.024750512093305588,-0.9791863560676575,0.0,0.0,100.0,97.0,7009,7036,7016,7020,0,7036,STANDBY
0.4300000071525574,-0.12999999523162842,9.649999618530273,0.0,0.0,0.0,1006.0010986328125,24.049999237060547,0.42324280738830566,-41.165836334228516,0,0,0.0,0.0,0.0,0,0,-0.023224586620926857,0.0,-0.024781029671430588,-0.9792473912239075,0.0,0.0,100.0,97.0,7109,7136,7131,7135,0,7136,STANDBY
0.4300000071525574,-0.12999999523162842,9.649999618530273,0.0,0.0,0.0,1006.020263671875,24.059999465942383,0.04914836585521698,-16.024272918701172,0,0,0.0,0.0,0.0,0,0,-0.023346660658717155,0.0,-0.024811549112200737,-0.9792168736457825,0.0,0.0,100.0,97.0,7209,7236,7229,7233,0,7236,STANDBY
0.4300000071525574,-0.12999999523162842,9.649999618530273,0.0,0.0,0.0,1006.00439453125,24.059999465942383,0.04122702404856682,-4.6867499351501465,0,0,0.0,0.0,0.0,0,0,-0.023438215255737305,0.0,-0.024842066690325737,-0.9791863560676575,0.0,0.0,100.0,97.0,7309,7336,7327,7331,0,7336,STANDBY
0.4399999976158142,-0.11999999731779099,9.649999618530273,0.0,0.0,0.0,1006.0126342773438,24.059999465942383,0.04940515384078026,-0.8474367260932922,0,0,0.0,0.0,0.0,0,0,-0.023560289293527603,0.0,-0.024933623149991035,-0.9790948033332825,0.0,0.0,100.0,97.0,7409,7436,7426,7430,0,7436,STANDBY
0.4300000071525574,-0.12999999523162842,9.630000114440918,0.0,0.0,0.0,1006.0111083984375,24.059999465942383,-0.006703739985823631,-0.32651084661483765,0,0,0.0,0.0,0.0,0,0,-0.023621326312422752,0.0,-0.024781029671430588,-0.9790642857551575,0.0,0.0,100.0,97.0,7510,7536,7524,7528,0,7536,STANDBY
0.4399999976158142,-0.11999999731779099,9.640000343322754,0.0,0.0,0.0,1006.0144653320312,24.059999465942383,0.019277937710285187,-0.1917995810508728,0,0,0.0,0.0,0.0,0,0,-0.0236518457531929,0.0,-0.024842066690325737,-0.9789116978645325,0.0,0.0,100.0,97.0,7610,7636,7622,7626,0,7636,STANDBY
0.4300000071525574,-0.12999999523162842,9.649999618530273,0.0,0.0,0.0,1004.5228271484375,23.149999618530273,9.087570190429688,33.47507095336914,0,0,0.0,0.0,0.0,0,0,-0.023590808734297752,0.0,-0.02450636401772499,-0.9789422154426575,0.0,0.0,100.0,97.0,7710,7736,7720,7725,0,7736,STANDBY
0.4300000071525574,-0.14000000059604645,9.640000343322754,0.0,0.0,0.0,1004.4793701171875,23.1299991607666,11.879912376403809,53.993896484375,0,0,0.0,0.0,0.0,0,0,-0.023529771715402603,0.0,-0.024231696501374245,-0.9788811802864075,0.0,0.0,100.0,97.0,7810,7836,7819,7823,0,7836,STANDBY
0.41999998688697815,-0.09000000357627869,9.649999618530273,0.0,0.0,0.0,1005.592529296875,23.829999923706055,7.489070892333984,12.517166137695312,0,0,0.0,0.0,0.0,0,0,-0.023468734696507454,0.0,-0.024109622463583946,-0.9788506627082825,0.0,0.0,100.0,97.0,7910,7936,7917,7921,0,7936,STANDBY
0.4699999988079071,-0.17000000178813934,9.640000343322754,0.0,0.0,0.0,1005.9774780273438,24.049999237060547,1.9231765270233154,-36.3033561706543,0,0,0.0,0.0,0.0,0,0,-0.023621326312422752,0.0,-0.02313303016126156,-0.9787591099739075,0.0,0.0,100.0,97.0,8010,8036,8015,8019,0,8036,STANDBY
0.4300000071525574,-0.009999999776482582,9.649999618530273,0.0,0.0,0.0,1005.9957275390625,24.06999969482422,0.5114708542823792,-40.47383117675781,0,0,0.0,0.0,0.0,0,0,-0.023346660658717155,0.0,-0.024933623149991035,-0.9787591099739075,0.0,0.0,100.0,97.0,8110,8136,8130,8134,0,8136,STANDBY
0.41999998688697815,-0.20000000298023224,9.640000343322754,0.0,0.0,0.0,1006.0092163085938,24.06999969482422,0.1551971584558487,-16.109739303588867,0,0,0.0,0.0,0.0,0,0,-0.0236823633313179,0.0,-0.021942809224128723,-0.9787591099739075,0.0,0.0,100.0,97.0,8210,8236,8228,8232,0,8236,STANDBY
0.41999998688697815,-0.15000000596046448,9.630000114440918,0.0,0.0,0.0,1006.0159301757812,24.06999969482422,0.05213426798582077,-4.929126739501953,0,0,0.0,0.0,0.0,0,0,-0.02371288277208805,0.0,-0.022003846243023872,-0.9786980748176575,0.0,0.0,100.0,97.0,8310,8336,8327,8331,0,8336,STANDBY
0.30000001192092896,-0.17000000178813934,9.630000114440918,0.0,0.0,0.0,1006.0067138671875,24.06999969482422,0.04468778520822525,-1.445345163345337,0,0,0.0,0.0,0.0,0,0,-0.023468734696507454,0.0,-0.02227851189672947,-0.9786675572395325,0.0,0.0,100.0,97.0,8410,8436,8425,8429,0,8436,STANDBY
0.44999998807907104,-0.20000000298023224,9.640000343322754,0.0,0.0,0.0,1005.9999389648438,24.06999969482422,0.07959537208080292,-0.2736664116382599,0,0,0.0,0.0,0.0,0,0,-0.023499252274632454,0.0,-0.02206488326191902,-0.9786065220832825,0.0,0.0,100.0,97.0,8510,8536,8523,8527,0,8536,STANDBY
0.46000000834465027,-0.10999999940395355,9.670000076293945,0.0,0.0,0.0,1005.9767456054688,24.040000915527344,0.21997341513633728,0.5814712047576904,0,0,0.0,0.0,0.0,0,0,-0.024170659482479095,0.0,-0.022766808047890663,-0.9784234166145325,0.0,0.0,100.0,97.0,8612,8636,8622,8626,0,8636,STANDBY
0.23000000417232513,-0.46000000834465027,10.489999771118164,0.0,0.0,0.0,1004.506103515625,23.149999618530273,9.298364639282227,33.9284782409668,0,0,0.0,0.0,0.0,0,0,-0.0237739197909832,0.0,-0.020050661638379097,-0.9783013463020325,0.0,0.0,100.0,97.0,8712,8736,8720,8724,0,8736,STANDBY
0.550000011920929,-0.18000000715255737,11.5,0.0,0.0,16.899999618530273,1004.44677734375,23.1299991607666,12.13794994354248,54.459922790527344,0,0,0.0,0.0,0.0,0,0,-0.023407697677612305,-0.5299999713897705,-0.019196143373847008,-0.9771416187286377,0.0,0.0,100.0,97.0,8812,8836,8819,8822,0,8836,STANDBY
0.4399999976158142,-0.3700000047683716,11.449999809265137,0.0,0.0,46.29999923706055,1005.59228515625,23.84000015258789,7.6370744705200195,12.437750816345215,0,0,0.0,0.0,0.0,0,0,-0.02371288277208805,-3.7300000190734863,-0.017151402309536934,-0.9711905121803284,0.0,0.0,100.0,97.0,8912,8936,8918,8922,0,8936,STANDBY
0.7099999785423279,-0.3199999928474426,10.460000038146973,0.0,0.0,68.30000305175781,1005.9653930664062,24.06999969482422,2.035046339035034,-36.893009185791016,0,0,0.0,0.0,0.0,0,0,-0.02615436352789402,-9.720000267028809,-0.012665181420743465,-0.9596850275993347,0.0,0.0,100.0,97.0,9012,9036,9017,9021,0,9036,STANDBY
0.44999998807907104,-0.23000000417232513,9.949999809265137,0.0,0.0,62.79999923706055,1005.997314453125,24.079999923706055,0.5443350672721863,-41.20159149169922,0,0,0.0,0.0,0.0,0,0,-0.026551103219389915,-16.15999984741211,-0.006439405493438244,-0.9476912617683411,0.0,0.0,100.0,97.0,9112,9136,9116,9119,0,9136,STANDBY
0.4699999988079071,-0.09000000357627869,9.890000343322754,0.0,0.0,69.4000015258789,1005.9945068359375,24.079999923706055,0.2668858766555786,-16.261478424072266,0,0,0.0,0.0,0.0,0,0,-0.024292733520269394,-23.520000457763672,-0.0004272591322660446,-0.9348124861717224,0.0,0.0,100.0,97.0,9212,9236,9231,9235,0,9236,STANDBY
0.5799999833106995,0.07000000029802322,9.09000015258789,0.0,0.0,64.80000305175781,1005.9718627929688,24.09000015258789,0.3334440290927887,-4.105346202850342,0,0,0.0,0.0,0.0,0,0,-0.021668141707777977,-30.56999969482422,0.001831110566854477,-0.922482967376709,0.0,0.0,100.0,97.0,9312,9336,9330,9334,0,9336,STANDBY
0.800000011920929,0.18000000715255737,8.460000038146973,0.0,0.0,69.0999984741211,1005.9693603515625,24.09000015258789,0.3268578350543976,-0.621666669845581,0,0,0.0,0.0,0.0,0,0,-0.020905179902911186,-37.5,0.0019531846046447754,-0.9114963412284851,0.0,0.0,100.0,97.0,9412,9436,9428,9433,0,9436,STANDBY
0.6499999761581421,0.029999999329447746,8.130000114440918,0.0,0.0,87.0999984741211,1005.9517211914062,24.09000015258789,0.46768736839294434,0.4213317334651947,0,0,0.0,0.0,0.0,0,0,-0.021027253940701485,-44.93000030517578,0.0026551103219389915,-0.8995025753974915,0.0,0.0,100.0,97.0,9512,9536,9528,9531,0,9536,STANDBY
0.9700000286102295,-0.30000001192092896,8.489999771118164,0.0,0.0,64.0999984741211,1005.1865844726562,23.600000381469727,3.929757833480835,11.02057933807373,0,0,0.0,0.0,0.0,0,0,-0.02371288277208805,-52.900001525878906,0.0064699240028858185,-0.886562705039978,0.0,0.0,100.0,97.0,9612,9636,9626,9630,0,9636,STANDBY
0.6899999976158142,0.09000000357627869,8.579999923706055,0.0,0.0,40.79999923706055,1004.4197387695312,23.149999618530273,10.970550537109375,42.749027252197266,0,0,0.0,0.0,0.0,0,0,-0.024292733520269394,-58.31999969482422,0.009399700909852982,-0.8845179677009583,0.0,0.0,100.0,97.0,9712,9736,9725,9730,0,9736,STANDBY
0.4399999976158142,0.07999999821186066,9.3100004196167,0.0,16.899999618530273,0.0,1004.37060546875,23.110000610351562,12.953896522521973,48.10588836669922,0,0,0.0,0.0,0.0,0,0,-0.011017181910574436,-60.54999923706055,0.015259254723787308,-0.8939481973648071,0.0,0.0,100.0,97.0,9812,9836,9825,9829,0,9836,STANDBY
0.38999998569488525,0.20999999344348907,9.5,0.0,0.0,0.0,1005.612548828125,23.8799991607666,7.879918575286865,4.61246395111084,0,0,0.0,0.0,0.0,0,0,-0.0027466658502817154,-60.54999923706055,0.012176885269582272,-0.9077120423316956,0.0,0.0,100.0,97.0,9912,9936,9924,9927,0,9936,STANDBY
0.4399999976158142,0.36000001430511475,9.600000381469727,0.0,0.0,0.0,1005.9542236328125,24.079999923706055,2.15219783782959,-41.31660842895508,0,0,0.0,0.0,0.0,0,0,-0.002929776906967163,-60.54999923706055,0.005523850210011005,-0.9180577993392944,0.0,0.0,100.0,97.0,10012,10036,10022,10027,0,10036,STANDBY
0.20000000298023224,0.30000001192092896,9.760000228881836,0.0,0.0,0.0,1005.9866943359375,24.100000381469727,0.6326779127120972,-43.15807342529297,0,0,0.0,0.0,0.0,0,0,-0.0029602954164147377,-60.54999923706055,-0.00119022186845541,-0.9262672662734985,0.0,0.0,100.0,97.0,10112,10136,10122,10126,0,10136,STANDBY
-0.019999999552965164,0.10999999940395355,10.069999694824219,0.0,0.0,19.0,1005.9506225585938,24.09000015258789,0.5289018750190735,-16.14966583251953,0,0,0.0,0.0,0.0,0,0,0.0007019257172942162,-61.43000030517578,-0.0031128879636526108,-0.9296853542327881,0.0,0.0,100.0,97.0,10212,10236,10221,10225,0,10236,STANDBY
0.75,-0.12999999523162842,9.380000114440918,0.0,0.0,0.0,1005.9573364257812,24.09000015258789,0.4778980016708374,-3.8151910305023193,0,0,0.0,0.0,0.0,0,0,-0.0037842951714992523,-62.220001220703125,-0.003021332435309887,-0.9332560300827026,0.0,0.0,100.0,97.0,10312,10336,10320,10323,0,10336,STANDBY
0.9599999785423279,0.14000000059604645,8.880000114440918,0.0,0.0,-27.0,1005.9439086914062,24.09000015258789,0.5564664006233215,-0.5342029333114624,0,0,0.0,0.0,0.0,0,0,-0.014770958572626114,-61.13999938964844,-0.00866725668311119,-0.9412518739700317,0.0,0.0,100.0,97.0,10412,10436,10419,10423,0,10436,STANDBY
0.25999999046325684,-0.23000000417232513,9.90999984741211,0.0,0.0,-42.29999923706055,1005.9548950195312,24.100000381469727,0.4864073693752289,-0.0639098733663559,0,0,0.0,0.0,0.0,0,0,-0.01739555038511753,-57.7400016784668,-0.014923551119863987,-0.9531540870666504,0.0,0.0,100.0,97.0,10512,10536,10518,10522,0,10536,STANDBY
0.6299999952316284,-0.4399999976158142,10.279999732971191,0.0,0.0,15.800000190734863,1005.146728515625,23.59000015258789,4.136618614196777,10.585880279541016,0,0,0.0,0.0,0.0,0,0,-0.016876736655831337,-57.2599983215332,-0.01428266242146492,-0.9543748497962952,0.0,0.0,100.0,97.0,10613,10636,10616,10620,0,10636,STANDBY
0.6399999856948853,-0.20000000298023224,9.819999694824219,0.0,0.0,32.70000076293945,1004.373291015625,23.139999389648438,11.284056663513184,43.54280471801758,0,0,0.0,0.0,0.0,0,0,-0.02069154940545559,-58.70000076293945,-0.019226660951972008,-0.9506515860557556,0.0,0.0,100.0,97.0,10713,10736,10716,10720,0,10736,STANDBY
0.38999998569488525,-0.8299999833106995,9.630000114440918,0.0,0.0,126.5999984741211,1004.3340454101562,23.1200008392334,13.380964279174805,49.51881408691406,0,0,0.0,0.0,0.0,0,0,-0.03512680530548096,-69.75,-0.008484145626425743,-0.9203771948814392,0.0,0.0,100.0,97.0,10813,10836,10831,10834,0,10836,STANDBY
-0.09000000357627869,0.6600000262260437,9.029999732971191,0.0,0.0,175.1999969482422,1005.7437744140625,23.989999771118164,7.386465072631836,2.40975284576416,0,0,0.0,0.0,0.0,0,0,-0.017273476347327232,-85.83000183105469,0.0036317026242613792,-0.8730430006980896,0.0,0.0,100.0,97.0,10913,10936,10930,10934,0,10936,STANDBY
0.10000000149011612,0.28999999165534973,8.979999542236328,0.0,0.0,56.5,1005.9505615234375,24.100000381469727,1.9922950267791748,-44.599159240722656,0,0,0.0,0.0,0.0,0,0,0.0008239997550845146,-97.08999633789062,0.004516739398241043,-0.8502151370048523,0.0,0.0,100.0,97.0,11013,11036,11029,11033,0,11036,STANDBY
0.7200000286102295,0.8100000023841858,10.579999923706055,0.0,0.0,120.9000015258789,1005.9428100585938,24.110000610351562,0.843781590461731,-41.804317474365234,0,0,0.0,0.0,0.0,0,0,0.008758812211453915,-107.16000366210938,0.012512588873505592,-0.8338267207145691,0.0,0.0,100.0,97.0,11113,11136,11128,11132,0,11136,STANDBY
-0.14000000059604645,-1.3600000143051147,9.930000305175781,0.0,0.0,83.0,1005.9562377929688,24.110000610351562,0.5639389157295227,-14.714160919189453,0,0,0.0,0.0,0.0,0,0,0.009826960042119026,-119.26000213623047,0.02847377024590969,-0.8110598921775818,0.0,0.0,100.0,97.0,11213,11236,11228,11231,0,11236,STANDBY
-0.20999999344348907,-0.5400000214576721,9.550000190734863,19.200000762939453,0.0,143.0,1005.9773559570312,24.110000610351562,0.3685348629951477,-4.617118835449219,0,0,0.0,0.0,0.0,0,0,0.02227851189672947,-129.80999755859375,0.04263435676693916,-0.7978759407997131,0.0,0.0,100.0,97.0,11314,11336,11326,11330,0,11336,STANDBY
0.0,0.8199999928474426,9.460000038146973,0.0,0.0,215.39999389648438,1005.9855346679688,24.1200008392334,0.2815539836883545,-1.9785624742507935,0,0,0.0,0.0,0.0,0,0,0.05139316990971565,-147.52999877929688,0.054292429238557816,-0.7502059936523438,0.0,0.0,100.0,97.0,11414,11436,11425,11429,0,11436,STANDBY
0.7300000190734863,0.5099999904632568,9.510000228881836,0.0,0.0,49.099998474121094,1005.9619750976562,24.1200008392334,0.38325464725494385,-0.4197573959827423,0,0,0.0,0.0,0.0,0,0,0.059022799134254456,-157.8699951171875,0.06411939114332199,-0.7499923706054688,0.0,0.0,100.0,97.0,11514,11536,11525,11529,0,11536,STANDBY
1.6299999952316284,0.5799999833106995,10.170000076293945,0.0,0.0,146.3000030517578,1005.0878295898438,23.579999923706055,4.375065803527832,12.27616024017334,0,0,0.0,0.0,0.0,0,0,0.06671345978975296,-168.72000122070312,0.07742545753717422,-0.7455977201461792,0.0,0.0,100.0,97.0,11614,11636,11624,11628,0,11636,STANDBY
-0.6100000143051147,-0.3199999928474426,9.210000038146973,0.0,0.0,137.5,1004.3139038085938,23.1200008392334,11.82009506225586,46.84105682373047,0,0,0.0,0.0,0.0,0,0,0.07535020262002945,173.66000366210938,0.09884945303201675,-0.7047334313392639,0.0,0.0,100.0,97.0,11714,11736,11723,11727,0,11736,STANDBY
-0.9900000095367432,-0.12999999523162842,9.59000015258789,0.0,0.0,132.60000610351562,1004.4215087890625,23.170000076293945,12.902294158935547,47.753665924072266,0,0,0.0,0.0,0.0,0,0,0.08856471627950668,163.75,0.13196203112602234,-0.7088534235954285,0.0,0.0,100.0,97.0,11814,11836,11823,11827,0,11836,STANDBY
2.2100000381469727,0.1899999976158142,9.039999961853027,0.0,0.0,259.6000061035156,1005.5501708984375,23.8799991607666,8.077037811279297,1.3845558166503906,0,0,0.0,0.0,0.0,0,0,0.1110873743891716,145.1999969482422,0.14752647280693054,-0.6572771668434143,0.0,0.0,100.0,97.0,11914,11936,11922,11926,0,11936,STANDBY
1.3700000047683716,-0.05999999865889549,10.569999694824219,0.0,0.0,68.30000305175781,1005.9302368164062,24.110000610351562,2.2403829097747803,-41.95109558105469,0,0,0.0,0.0,0.0,0,0,0.10211493074893951,135.33999633789062,0.158818319439888,-0.6664937138557434,0.0,0.0,100.0,97.0,12014,12036,12021,12024,0,12036,STANDBY
1.4900000095367432,-1.0499999523162842,9.760000228881836,15.600000381469727,15.699999809265137,218.8000030517578,1005.92919921875,24.1200008392334,0.9901277422904968,-42.29011917114258,0,0,0.0,0.0,0.0,0,0,0.10992766916751862,118.0999984741211,0.1676992028951645,-0.6296578645706177,0.0,0.0,100.0,97.0,12114,12136,12120,12124,0,12136,STANDBY
0.05000000074505806,0.6899999976158142,8.680000305175781,0.0,0.0,104.9000015258789,1005.9528198242188,24.1200008392334,0.6227778196334839,-15.658660888671875,0,0,0.0,0.0,0.0,0,0,0.14847254753112793,100.1500015258789,0.1754203885793686,-0.5841853022575378,0.0,0.0,100.0,97.0,12214,12236,12219,12223,0,12236,STANDBY
-0.2800000011920929,2.299999952316284,9.90999984741211,0.0,0.0,136.60000610351562,1005.9484252929688,24.1200008392334,0.5632412433624268,-4.692111492156982,0,0,0.0,0.0,0.0,0,0,0.17090365290641785,89.05000305175781,0.18774987757205963,-0.5763725638389587,0.0,0.0,100.0,97.0,12314,12336,12318,12321,0,12336,STANDBY
1.100000023841858,-1.2799999713897705,8.949999809265137,0.0,0.0,275.0,1005.93017578125,24.1200008392334,0.6667864322662354,-0.7755428552627563,0,0,0.0,0.0,0.0,0,0,0.1899166852235794,67.01000213623047,0.17871639132499695,-0.49546799063682556,0.0,0.0,100.0,97.0,12414,12436,12417,12421,0,12436,STANDBY
0.7799999713897705,-0.27000001072883606,9.6899995803833,0.0,0.0,138.8000030517578,1005.9528198242188,24.1200008392334,0.5232419967651367,-0.29743507504463196,0,0,0.0,0.0,0.0,0,0,0.17807550728321075,54.2599983215332,0.20462660491466522,-0.4978484511375427,0.0,0.0,100.0,97.0,12514,12536,12532,12535,0,12536,STANDBY
-1.5700000524520874,-0.12999999523162842,8.25,0.0,0.0,261.8999938964844,1005.07763671875,23.59000015258789,4.50387716293335,11.330355644226074,0,0,0.0,0.0,0.0,0,0,0.19672231376171112,34.4900016784668,0.22064882516860962,-0.43259987235069275,0.0,0.0,100.0,97.0,12615,12636,12631,12635,0,12636,STANDBY
0.8299999833106995,0.8199999928474426,8.6899995803833,0.0,0.0,89.30000305175781,1004.28125,23.110000610351562,12.0576753616333,46.7325439453125,0,0,0.0,0.0,0.0,0,0,0.20664082467556,23.81999969482422,0.21890926361083984,-0.42515334486961365,0.0,0.0,100.0,97.0,12715,12736,12729,12733,0,12736,STANDBY
2.549999952316284,0.5799999833106995,8.720000267028809,0.0,18.399999618530273,180.5,1004.2990112304688,23.1200008392334,13.687140464782715,50.09812927246094,0,0,0.0,0.0,0.0,0,0,0.22699667513370514,7.599999904632568,0.19449445605278015,-0.3735465705394745,0.0,0.0,100.0,97.0,12815,12836,12828,12831,0,12836,STANDBY
-1.0199999809265137,-0.3100000023841858,11.329999923706055,0.0,0.0,54.79999923706055,1005.54296875,23.8700008392334,8.426900863647461,2.7044010162353516,0,0,0.0,0.0,0.0,0,0,0.22837001085281372,-7.050000190734863,0.2143314927816391,-0.3397320508956909,0.0,0.0,100.0,97.0,12915,12936,12928,12932,0,12936,STANDBY
-1.5299999713897705,0.36000001430511475,10.140000343322754,0.0,0.0,165.0,1005.940185546875,24.1200008392334,2.2475388050079346,-44.54359817504883,0,0,0.0,0.0,0.0,0,0,0.23447370529174805,-19.639999389648438,0.2294381558895111,-0.3197729289531708,0.0,0.0,100.0,97.0,13015,13036,13027,13031,0,13036,STANDBY
0.6399999856948853,0.1599999964237213,9.039999961853027,0.0,0.0,98.5,1005.9483642578125,24.1299991607666,0.9282423853874207,-44.71827697753906,0,0,0.0,0.0,0.0,0,0,0.2457655519247055,-37.119998931884766,0.21601000428199768,-0.2548295557498932,0.0,0.0,100.0,97.0,13115,13136,13126,13130,0,13136,STANDBY
2.5399999618530273,-0.9700000286102295,9.270000457763672,0.0,0.0,149.89999389648438,1005.9652099609375,24.1299991607666,0.5204924941062927,-16.640674591064453,0,0,0.0,0.0,0.0,0,0,0.23453474044799805,-45.79999923706055,0.21234779059886932,-0.2593768239021301,0.0,0.0,100.0,97.0,13215,13236,13225,13230,0,13236,STANDBY
-1.1699999570846558,-0.5,9.279999732971191,0.0,0.0,225.5,1005.9593505859375,24.1299991607666,0.4430641829967499,-5.278565406799316,0,0,0.0,0.0,0.0,0,0,0.24958036839962006,-68.87000274658203,0.1985229104757309,-0.14868618547916412,0.0,0.0,100.0,97.0,13315,13336,13325,13329,0,13336,STANDBY
-0.10999999940395355,-0.05000000074505806,11.029999732971191,0.0,-20.299999237060547,122.0,1005.95068359375,24.139999389648438,0.44423601031303406,-1.4518656730651855,0,0,0.0,0.0,0.0,0,0,0.2389294058084488,-75.81999969482422,0.22003845870494843,-0.16446425020694733,0.0,0.0,100.0,97.0,13415,13436,13425,13428,0,13436,STANDBY
0.6899999976158142,-0.23999999463558197,9.899999618530273,0.0,0.0,188.39999389648438,1005.9540405273438,24.139999389648438,0.46089601516723633,-0.19599007070064545,0,0,0.0,0.0,0.0,0,0,0.2525711953639984,-92.19999694824219,0.20773948729038239,-0.09793389588594437,0.0,0.0,100.0,97.0,13515,13536,13524,13529,0,13536,STANDBY
0.8399999737739563,-1.399999976158142,7.889999866485596,0.0,0.0,115.4000015258789,1005.9684448242188,24.139999389648438,0.41914302110671997,0.04351278394460678,0,0,0.0,0.0,0.0,0,0,0.22669148445129395,-105.4800033569336,0.221686452627182,-0.05954161286354065,0.0,0.0,100.0,97.0,13615,13636,13624,13628,0,13636,STANDBY
-0.12999999523162842,0.3700000047683716,9.3100004196167,26.200000762939453,0.0,289.1000061035156,1004.378173828125,23.15999984741211,10.496994018554688,37.81836700439453,0,0,0.0,0.0,0.0,0,0,0.24250008165836334,-127.66999816894531,0.2222663015127182,0.05450605973601341,0.0,0.0,100.0,97.0,13715,13736,13723,13727,0,13736,STANDBY
0.699999988079071,1.2000000476837158,9.930000305175781,0.0,0.0,27.700000762939453,1004.3681030273438,23.15999984741211,13.120691299438477,58.669525146484375,0,0,0.0,0.0,0.0,0,0,0.23334452509880066,-140.75999450683594,0.25083163380622864,0.11218604445457458,0.0,0.0,100.0,97.0,13815,13836,13824,13827,0,13836,STANDBY
2.299999952316284,0.05999999865889549,10.149999618530273,0.0,0.0,187.0,1005.5733642578125,23.90999984741211,8.00223445892334,9.705911636352539,0,0,0.0,0.0,0.0,0,0,0.2211981564760208,-156.19000244140625,0.25769829750061035,0.1975768357515335,0.0,0.0,100.0,97.0,13915,13936,13923,13926,0,13936,STANDBY
-0.10999999940395355,-0.7599999904632568,7.869999885559082,17.799999237060547,0.0,74.30000305175781,1005.9347534179688,24.139999389648438,2.2725753784179688,-40.970333099365234,0,0,0.0,0.0,0.0,0,0,0.18897061049938202,-173.33999633789062,0.2926419973373413,0.2933133840560913,0.0,0.0,100.0,97.0,14015,14036,14022,14026,0,14036,STANDBY
-1.409999966621399,-0.5699999928474426,9.75,0.0,0.0,191.0,1005.9742431640625,24.149999618530273,0.7770113348960876,-42.65039825439453,0,0,0.0,0.0,0.0,0,0,0.15454573929309845,172.22000122070312,0.3255714476108551,0.3732718825340271,0.0,0.0,100.0,97.0,14115,14136,14121,14126,0,14136,STANDBY
1.7200000286102295,0.5699999928474426,11.880000114440918,0.0,0.0,93.5,1005.9500122070312,24.139999389648438,0.5436345934867859,-16.39076805114746,0,0,0.0,0.0,0.0,0,0,0.143436998128891,151.97000122070312,0.33060702681541443,0.5187841653823853,0.0,0.0,100.0,97.0,14216,14236,14221,14225,0,14236,STANDBY
1.7200000286102295,-0.4099999964237213,10.34000015258789,0.0,27.100000381469727,133.6999969482422,1005.96826171875,24.149999618530273,0.40326642990112305,-4.801868438720703,0,0,0.0,0.0,0.0,0,0,0.09588915854692459,144.60000610351562,0.3488875925540924,0.5840021967887878,0.0,0.0,100.0,97.0,14316,14336,14321,14324,0,14336,STANDBY
-1.4299999475479126,1.5299999713897705,8.920000076293945,20.899999618530273,22.799999237060547,212.39999389648438,1005.954833984375,24.149999618530273,0.45874032378196716,-1.1922441720962524,0,0,0.0,0.0,0.0,0,0,0.07617419958114624,125.5999984741211,0.3566698133945465,0.711966335773468,0.0,0.0,100.0,97.0,14416,14436,14420,14425,0,14436,STANDBY
-1.0499999523162842,1.2699999809265137,8.220000267028809,0.0,0.0,140.89999389648438,1005.9615478515625,24.149999618530273,0.4661894142627716,0.08583332598209381,0,0,0.0,0.0,0.0,0,0,0.047181617468595505,112.62000274658203,0.3564867079257965,0.790643036365509,0.0,0.0,100.0,97.0,14516,14536,14520,14524,0,14536,STANDBY
-0.10000000149011612,0.3799999952316284,9.149999618530273,0.0,0.0,302.6000061035156,1006.0153198242188,24.15999984741211,0.18415683507919312,-0.8034574389457703,0,0,0.0,0.0,0.0,0,0,0.05456709489226341,91.20999908447266,0.3330179750919342,0.887112021446228,0.0,0.0,100.0,97.0,14616,14636,14619,14623,0,14636,STANDBY
-0.019999999552965164,-0.4000000059604645,11.529999732971191,0.0,0.0,40.5,1004.5070190429688,23.25,9.877401351928711,35.61177444458008,0,0,0.0,0.0,0.0,0,0,0.05264442786574364,76.43000030517578,0.2717062830924988,0.9452497959136963,0.0,0.0,100.0,97.0,14716,14736,14718,14723,0,14736,STANDBY
-0.5899999737739563,-0.6299999952316284,10.899999618530273,0.0,0.0,136.89999389648438,1004.3562622070312,23.15999984741211,12.604007720947266,56.008060455322266,0,0,0.0,0.0,0.0,0,0,0.036133915185928345,65.94000244140625,0.21591845154762268,0.9734488725662231,0.0,0.0,100.0,97.0,14816,14836,14818,14822,0,14836,STANDBY
0.1899999976158142,1.0399999618530273,8.329999923706055,0.0,0.0,119.5999984741211,1005.5341186523438,23.889999389648438,8.403067588806152,13.028937339782715,0,0,0.0,0.0,0.0,0,0,0.03430280461907387,49.52000045776367,0.17270424962043762,0.9814447164535522,0.0,0.0,100.0,97.0,14916,14936,14917,14921,0,14936,STANDBY
0.5899999737739563,1.6100000143051147,8.4399995803833,0.0,0.0,155.5,1005.9590454101562,24.149999618530273,2.2604918479919434,-37.145111083984375,0,0,0.0,0.0,0.0,0,0,0.04037598893046379,38.4900016784668,0.1575060337781906,0.9734488725662231,0.0,0.0,100.0,97.0,15016,15036,15025,15029,0,15036,STANDBY
1.3899999856948853,-0.7400000095367432,9.899999618530273,0.0,0.0,191.3000030517578,1005.958984375,24.15999984741211,0.7994126081466675,-43.89339065551758,0,0,0.0,0.0,0.0,0,0,0.058351390063762665,20.18000030517578,0.11673329770565033,0.9490340948104858,0.0,0.0,100.0,97.0,15116,15136,15124,15127,0,15136,STANDBY
0.14000000059604645,-1.2899999618530273,11.380000114440918,0.0,0.0,98.5999984741211,1005.947021484375,24.15999984741211,0.6021515130996704,-16.56491470336914,0,0,0.0,0.0,0.0,0,0,0.048097170889377594,13.819999694824219,0.06848353892564774,0.9507431387901306,0.0,0.0,100.0,97.0,15216,15236,15222,15226,0,15236,STANDBY
-0.2800000011920929,-0.14000000059604645,9.529999732971191,0.0,0.0,233.0,1005.958984375,24.15999984741211,0.4725954532623291,-4.502349853515625,0,0,0.0,0.0,0.0,0,0,0.02783288061618805,-5.559999942779541,0.0199285876005888,0.9109469652175903,0.0,0.0,100.0,97.0,15316,15336,15322,15325,0,15336,STANDBY
0.550000011920929,0.07000000029802322,7.71999979019165,0.0,0.0,103.19999694824219,1005.93701171875,24.15999984741211,0.5630327463150024,-1.063909888267517,0,0,0.0,0.0,0.0,0,0,0.031403545290231705,-19.450000762939453,0.0006103701889514923,0.8878445029258728,0.0,0.0,100.0,97.0,15416,15436,15420,15424,0,15436,STANDBY
2.009999990463257,-0.07000000029802322,9.649999618530273,0.0,0.0,185.60000610351562,1005.9561767578125,24.15999984741211,0.48652321100234985,-0.1255749762058258,0,0,0.0,0.0,0.0,0,0,0.03704947233200073,-33.869998931884766,-0.0098574785515666,0.861751139163971,0.0,0.0,100.0,97.0,15516,15536,15519,15523,0,15536,STANDBY
-0.949999988079071,0.4000000059604645,11.170000076293945,0.0,0.0,122.5999984741211,1005.7351684570312,24.010000228881836,1.4677435159683228,2.665574312210083,0,0,0.0,0.0,0.0,0,0,0.017822809517383575,-54.150001525878906,-0.043183691799640656,0.8109683394432068,0.0,0.0,100.0,97.0,15616,15636,15619,15622,0,15636,STANDBY
-0.2199999988079071,-0.3100000023841858,11.90999984741211,0.0,-18.200000762939453,124.4000015258789,1004.2676391601562,23.1299991607666,11.091054916381836,40.095699310302734,0,0,0.0,0.0,0.0,0,0,-0.0024414807558059692,-59.310001373291016,-0.057588428258895874,0.8328806161880493,0.0,0.0,100.0,97.0,15716,15736,15717,15721,0,15736,STANDBY
-0.07999999821186066,1.090000033378601,8.420000076293945,0.0,0.0,255.0,1004.157958984375,23.049999237060547,14.37679672241211,60.48774719238281,0,0,0.0,0.0,0.0,0,0,-0.031495101749897,-79.75,-0.0557878352701664,0.7768181562423706,0.0,0.0,100.0,97.0,15816,15836,15816,15819,0,15836,STANDBY
1.350000023841858,-1.2599999904632568,8.09000015258789,0.0,0.0,128.8000030517578,1005.4801635742188,23.899999618530273,9.037744522094727,12.711626052856445,0,0,0.0,0.0,0.0,0,0,-0.02682577073574066,-99.37999725341797,-0.08462782949209213,0.7415997982025146,0.0,0.0,100.0,97.0,15916,15936,15932,15935,0,15936,STANDBY
-0.1899999976158142,-0.3199999928474426,9.539999961853027,21.399999618530273,0.0,246.39999389648438,1005.9229736328125,24.149999618530273,2.641923427581787,-43.115230560302734,0,0,0.0,0.0,0.0,0,0,-0.044923245906829834,-120.2699966430664,-0.10547196865081787,0.6876735687255859,0.0,0.0,100.0,97.0,16016,16036,16031,16034,0,16036,STANDBY
0.75,1.3700000047683716,11.329999923706055,0.0,0.0,41.5,1005.9502563476562,24.18000030517578,0.9494120478630066,-47.0505485534668,0,0,0.0,0.0,0.0,0,0,-0.08822900801897049,-132.58999633789062,-0.11404766887426376,0.6813257336616516,0.0,0.0,100.0,97.0,16116,16136,16131,16134,0,16136,STANDBY
0.800000011920929,0.8500000238418579,10.550000190734863,0.0,0.0,185.10000610351562,1005.9746704101562,24.18000030517578,0.5076426863670349,-18.997806549072266,0,0,0.0,0.0,0.0,0,0,-0.11175878345966339,-147.10000610351562,-0.11990722268819809,0.6561174392700195,0.0,0.0,100.0,97.0,16216,16236,16230,16233,0,16236,STANDBY
-1.5299999713897705,-0.5,9.210000038146973,0.0,0.0,162.6999969482422,1005.9578247070312,24.18000030517578,0.4643106460571289,-5.6971611976623535,0,0,0.0,0.0,0.0,0,0,-0.13064974546432495,-167.41000366210938,-0.14807580411434174,0.5935850143432617,0.0,0.0,100.0,97.0,16316,16336,16329,16332,0,16336,STANDBY
-0.5600000023841858,-0.30000001192092896,8.859999656677246,0.0,-15.699999809265137,120.4000015258789,1005.9601440429688,24.190000534057617,0.44296902418136597,-1.4532049894332886,0,0,0.0,0.0,0.0,0,0,-0.13650929927825928,-178.00999450683594,-0.1833552122116089,0.5947141647338867,0.0,0.0,100.0,97.0,16416,16436,16429,16432,0,16436,STANDBY
1.149999976158142,1.3600000143051147,9.130000114440918,0.0,0.0,247.8000030517578,1005.990478515625,24.190000534057617,0.27906179428100586,-0.8900161981582642,0,0,0.0,0.0,0.0,0,0,-0.15659047663211823,164.1699981689453,-0.19946898519992828,0.5442671179771423,0.0,0.0,100.0,97.0,16516,16536,16528,16531,0,16536,STANDBY
1.4600000381469727,0.3100000023841858,10.489999771118164,0.0,23.5,72.69999694824219,1005.1849365234375,23.709999084472656,3.9038424491882324,10.097342491149902,0,0,0.0,0.0,0.0,0,0,-0.15454573929309845,153.5500030517578,-0.22016052901744843,0.5442366003990173,0.0,0.0,100.0,97.0,16616,16636,16626,16630,0,16636,STANDBY
0.4000000059604645,-0.5799999833106995,9.029999732971191,0.0,25.399999618530273,170.10000610351562,1004.3367309570312,23.18000030517578,11.263766288757324,43.86560821533203,0,0,0.0,0.0,0.0,0,0,-0.16803491115570068,137.74000549316406,-0.2463759332895279,0.504257321357727,0.0,0.0,100.0,97.0,16716,16736,16726,16730,0,16736,STANDBY
-0.75,0.18000000715255737,8.140000343322754,0.0,0.0,77.0999984741211,1004.3671875,23.209999084472656,13.201847076416016,49.8135986328125,0,0,0.0,0.0,0.0,0,0,-0.18799401819705963,125.16999816894531,-0.26688435673713684,0.47987303137779236,0.0,0.0,100.0,97.0,16816,16836,16825,16828,0,16836,STANDBY
-1.159999966621399,0.7900000214576721,9.59000015258789,0.0,0.0,201.89999389648438,1005.673583984375,24.020000457763672,7.469294548034668,2.6375980377197266,0,0,0.0,0.0,0.0,0,0,-0.21005889773368835,110.1500015258789,-0.2761925160884857,0.43263038992881775,0.0,0.0,100.0,97.0,16916,16936,16923,16927,0,16936,STANDBY
1.0800000429153442,-0.9599999785423279,10.40999984741211,0.0,17.600000381469727,71.30000305175781,1005.938232421875,24.18000030517578,2.092395305633545,-43.528846740722656,0,0,0.0,0.0,0.0,0,0,-0.20419934391975403,91.05999755859375,-0.2700888216495514,0.3639332354068756,0.0,0.0,100.0,97.0,17016,17036,17021,17026,0,17036,STANDBY
0.3799999952316284,-0.6800000071525574,10.460000038146973,0.0,0.0,159.8000030517578,1005.957763671875,24.190000534057617,0.7987182140350342,-41.15861511230469,0,0,0.0,0.0,0.0,0,0,-0.18826869130134583,82.66000366210938,-0.2928861379623413,0.3729056715965271,0.0,0.0,100.0,97.0,17117,17136,17121,17125,0,17136,STANDBY
0.9900000095367432,0.8100000023841858,8.40999984741211,0.0,0.0,204.10000610351562,1005.97265625,24.190000534057617,0.4053672254085541,-15.68461799621582,0,0,0.0,0.0,0.0,0,0,-0.2056642323732376,62.43000030517578,-0.29007843136787415,0.2916043698787689,0.0,0.0,100.0,97.0,17217,17236,17219,17223,0,17236,STANDBY
0.05000000074505806,1.159999966621399,8.390000343322754,0.0,0.0,49.400001525878906,1005.9759521484375,24.190000534057617,0.3442069888114929,-4.868037223815918,0,0,0.0,0.0,0.0,0,0,-0.20453505218029022,53.91999816894531,-0.3019196093082428,0.29120761156082153,0.0,0.0,100.0,97.0,17317,17336,17317,17321,0,17336,STANDBY
1.7599999904632568,0.7799999713897705,10.399999618530273,-20.399999618530273,0.0,182.10000610351562,1005.974365234375,24.200000762939453,0.3042605519294739,-1.3327828645706177,0,0,0.0,0.0,0.0,0,0,-0.221472829580307,39.060001373291016,-0.28937649726867676,0.23294778168201447,0.0,0.0,100.0,97.0,17417,17436,17417,17420,0,17436,STANDBY
-0.28999999165534973,-1.0099999904632568,10.649999618530273,0.0,0.0,20.799999237060547,1005.9659423828125,24.190000534057617,0.33201563358306885,-0.4003824293613434,0,0,0.0,0.0,0.0,0,0,-0.20062868297100067,27.1299991607666,-0.3014618456363678,0.2143314927816391,0.0,0.0,100.0,97.0,17517,17536,17515,17520,0,17536,STANDBY
-1.25,0.20000000298023224,9.489999771118164,0.0,0.0,146.89999389648438,1005.1261596679688,23.670000076293945,4.170688152313232,11.590331077575684,0,0,0.0,0.0,0.0,0,0,-0.20657978951931,13.079999923706055,-0.3153172433376312,0.1892147660255432,0.0,0.0,100.0,97.0,17617,17636,17631,17634,0,17636,STANDBY
1.0199999809265137,-0.36000001430511475,9.0,0.0,0.0,111.80000305175781,1004.2259521484375,23.1200008392334,12.221620559692383,48.18120574951172,0,0,0.0,0.0,0.0,0,0,-0.22629474103450775,-5.320000171661377,-0.29837948083877563,0.1105380430817604,0.0,0.0,100.0,97.0,17717,17736,17730,17733,0,17736,STANDBY
2.3299999237060547,0.019999999552965164,10.130000114440918,0.0,0.0,199.89999389648438,1004.342529296875,23.190000534057617,13.46414566040039,50.8934211730957,0,0,0.0,0.0,0.0,0,0,-0.23523667454719543,-19.770000457763672,-0.28308969736099243,0.05710013210773468,0.0,0.0,100.0,97.0,17817,17836,17829,17833,0,17836,STANDBY
-0.9700000286102295,-0.5799999833106995,9.520000457763672,0.0,0.0,152.1999969482422,1005.7501831054688,24.059999465942383,7.627158164978027,0.5467500686645508,0,0,0.0,0.0,0.0,0,0,-0.23953978717327118,-40.81999969482422,-0.2771996259689331,-0.04498428478837013,0.0,0.0,100.0,97.0,17917,17936,17929,17933,0,17936,STANDBY
-0.1899999976158142,0.2199999988079071,10.470000267028809,0.0,-18.200000762939453,124.5,1005.9500122070312,24.200000762939453,2.031038999557495,-45.25948715209961,0,0,0.0,0.0,0.0,0,0,-0.22046571969985962,-47.310001373291016,-0.29093295335769653,-0.02920621447265148,0.0,0.0,100.0,97.0,18017,18036,18028,18032,0,18036,STANDBY
0.5299999713897705,0.12999999523162842,8.649999618530273,0.0,0.0,184.0,1005.9834594726562,24.209999084472656,0.6564830541610718,-43.923973083496094,0,0,0.0,0.0,0.0,0,0,-0.23236793279647827,-62.31999969482422,-0.2919095456600189,-0.09231849014759064,0.0,0.0,100.0,97.0,18117,18136,18127,18131,0,18136,STANDBY
0.5199999809265137,-0.1899999976158142,7.739999771118164,0.0,0.0,82.19999694824219,1005.951416015625,24.200000762939453,0.5210841298103333,-15.565204620361328,0,0,0.0,0.0,0.0,0,0,-0.21646778285503387,-75.66000366210938,-0.2941068708896637,-0.1419110745191574,0.0,0.0,100.0,97.0,18217,18236,18227,18231,0,18236,STANDBY
0.949999988079071,-2.059999942779541,10.65999984741211,0.0,0.0,213.3000030517578,1005.9671630859375,24.209999084472656,0.449396014213562,-3.8619496822357178,0,0,0.0,0.0,0.0,0,0,-0.20102542638778687,-90.79000091552734,-0.29032257199287415,-0.20773948729038239,0.0,0.0,100.0,97.0,18317,18336,18326,18330,0,18336,STANDBY
-0.009999999776482582,0.4000000059604645,10.989999771118164,0.0,0.0,54.900001525878906,1005.9623413085938,24.200000762939453,0.42738187313079834,-1.019413948059082,0,0,0.0,0.0,0.0,0,0,-0.19470809400081635,-110.30999755859375,-0.3012481927871704,-0.3118991553783417,0.0,0.0,100.0,97.0,18417,18436,18425,18429,0,18436,STANDBY
0.75,1.0800000429153442,10.59000015258789,0.0,0.0,145.8000030517578,1005.9834594726562,24.209999084472656,0.3079652786254883,-0.7644120454788208,0,0,0.0,0.0,0.0,0,0,-0.1744743138551712,-118.5999984741211,-0.32007813453674316,-0.33628344535827637,0.0,0.0,100.0,97.0,18518,18536,18525,18529,0,18536,STANDBY
0.4000000059604645,0.0,8.399999618530273,0.0,0.0,252.89999389648438,1005.0348510742188,23.6299991607666,4.576741695404053,12.11452865600586,0,0,0.0,0.0,0.0,0,0,-0.1895504593849182,-139.3000030517578,-0.3081148862838745,-0.46418651938438416,0.0,0.0,100.0,97.0,18618,18636,18624,18628,0,18636,STANDBY
-0.6000000238418579,-1.5,8.300000190734863,0.0,0.0,105.69999694824219,1004.4209594726562,23.260000228881836,11.281571388244629,45.17444610595703,0,0,0.0,0.0,0.0,0,0,-0.1270485520362854,-152.4199981689453,-0.32844018936157227,-0.5320596694946289,0.0,0.0,100.0,97.0,18718,18736,18724,18727,0,18736,STANDBY
-0.9599999785423279,-0.49000000953674316,10.279999732971191,25.200000762939453,0.0,222.60000610351562,1004.3212280273438,23.200000762939453,13.329765319824219,48.19528579711914,0,0,0.0,0.0,0.0,0,0,-0.09268471598625183,-170.1199951171875,-0.3483993113040924,-0.6216925382614136,0.0,0.0,100.0,97.0,18818,18836,18824,18828,0,18836,STANDBY
1.8899999856948853,0.5799999833106995,11.050000190734863,0.0,0.0,0.0,1005.5498657226562,23.959999084472656,8.431076049804688,5.214484214782715,0,0,0.0,0.0,0.0,0,0,-0.07504501193761826,176.72000122070312,-0.34809410572052,-0.7047334313392639,0.0,0.0,100.0,97.0,18918,18936,18923,18927,0,18936,STANDBY
2.049999952316284,-0.5899999737739563,10.119999885559082,0.0,18.100000381469727,140.10000610351562,1005.95556640625,24.209999084472656,2.1636288166046143,-42.67232131958008,0,0,0.0,0.0,0.0,0,0,-0.0477614663541317,167.38999938964844,-0.334482878446579,-0.7683644890785217,0.0,0.0,100.0,97.0,19018,19036,19023,19026,0,19036,STANDBY
-1.0199999809265137,0.6100000143051147,8.550000190734863,0.0,15.100000381469727,202.3000030517578,1005.9746704101562,24.219999313354492,0.6899015307426453,-45.560829162597656,0,0,0.0,0.0,0.0,0,0,-0.031250953674316406,148.2100067138672,-0.3109835982322693,-0.8661152720451355,0.0,0.0,100.0,97.0,19118,19136,19123,19127,0,19136,STANDBY
-1.2100000381469727,0.7400000095367432,8.970000267028809,0.0,0.0,157.6999969482422,1005.959716796875,24.229999542236328,0.5119284987449646,-16.59986114501953,0,0,0.0,0.0,0.0,0,0,-0.0008850367739796638,135.35000610351562,-0.28250983357429504,-0.9161046147346497,0.0,0.0,100.0,97.0,19218,19236,19222,19226,0,19236,STANDBY
0.23000000417232513,0.8700000047683716,10.289999961853027,0.0,0.0,213.10000610351562,1005.97900390625,24.219999313354492,0.34058043360710144,-4.582149505615234,0,0,0.0,0.0,0.0,0,0,0.0008850367739796638,113.79000091552734,-0.2452772557735443,-0.9631336331367493,0.0,0.0,100.0,97.0,19318,19336,19321,19325,0,19336,STANDBY
0.7699999809265137,-0.5400000214576721,11.520000457763672,0.0,19.200000762939453,34.099998474121094,1005.958740234375,24.219999313354492,0.39727818965911865,-1.3942532539367676,0,0,0.0,0.0,0.0,0,0,-0.007568590342998505,102.9000015258789,-0.1835383176803589,-0.982634961605072,0.0,0.0,100.0,97.0,19418,19436,19421,19425,0,19436,STANDBY
0.07000000029802322,-1.2599999904632568,9.789999961853027,0.0,0.0,181.39999389648438,1005.9679565429688,24.219999313354492,0.3532080054283142,-0.2848097085952759,0,0,0.0,0.0,0.0,0,0,-0.003936887718737125,90.12999725341797,-0.1262550801038742,-0.9896847605705261,0.0,0.0,100.0,97.0,19518,19536,19521,19524,0,19536,STANDBY
0.6299999952316284,1.8899999856948853,9.109999656677246,0.0,0.0,116.80000305175781,1005.1478271484375,23.719999313354492,4.109217166900635,11.18274974822998,0,0,0.0,0.0,0.0,0,0,-0.00515762809664011,71.26000213623047,-0.09241005033254623,-0.9771416187286377,0.0,0.0,100.0,97.0,19618,19636,19619,19623,0,19636,STANDBY
0.5099999904632568,1.8700000047683716,9.010000228881836,0.0,0.0,138.8000030517578,1004.453369140625,23.290000915527344,10.794966697692871,42.64197540283203,0,0,0.0,0.0,0.0,0,0,0.0010986663401126862,60.150001525878906,-0.06793420016765594,-0.9695425033569336,0.0,0.0,100.0,97.0,19718,19736,19719,19722,0,19736,STANDBY
1.3200000524520874,-0.5899999737739563,8.850000381469727,0.0,0.0,234.10000610351562,1004.248779296875,23.15999984741211,13.542972564697266,49.404571533203125,0,0,0.0,0.0,0.0,0,0,-0.009796441532671452,42.61000061035156,-0.045472580939531326,-0.9441816210746765,0.0,0.0,100.0,97.0,19818,19836,19817,19821,0,19836,STANDBY
0.0,-1.5,10.220000267028809,0.0,0.0,41.29999923706055,1005.5615844726562,23.969999313354492,8.30059814453125,7.174685955047607,0,0,0.0,0.0,0.0,0,0,-0.008209479041397572,32.099998474121094,0.00317392498254776,-0.938505232334137,0.0,0.0,100.0,97.0,19918,19936,19915,19921,0,19936,STANDBY
0.20999999344348907,-0.30000001192092896,9.770000457763672,0.0,-16.100000381469727,141.3000030517578,1005.9746704101562,24.219999313354492,2.0328874588012695,-43.203365325927734,0,0,0.0,0.0,0.0,0,0,0.002227851189672947,17.350000381469727,0.035401470959186554,-0.9201940894126892,0.0,0.0,100.0,97.0,20018,20036,20031,20034,0,20036,STANDBY
0.9700000286102295,-0.14000000059604645,8.829999923706055,0.0,0.0,64.9000015258789,1005.98046875,24.229999542236328,0.6536442637443542,-45.18042755126953,0,0,0.0,0.0,0.0,0,0,-0.008148442022502422,6.480000019073486,0.041688285768032074,-0.9119846224784851,0.0,0.0,100.0,97.0,20118,20136,20129,20133,0,20136,STANDBY
1.5700000524520874,-0.18000000715255737,9.789999961853027,0.0,0.0,27.299999237060547,1005.97314453125,24.229999542236328,0.38034531474113464,-16.612314224243164,0,0,0.0,0.0,0.0,0,0,-0.012909329496324062,1.1799999475479126,0.05154576152563095,-0.9202246069908142,0.0,0.0,100.0,97.0,20218,20236,20229,20233,0,20236,STANDBY
0.699999988079071,-0.6600000262260437,9.899999618530273,0.0,0.0,30.100000381469727,1005.986572265625,24.229999542236328,0.2970123291015625,-4.6065287590026855,0,0,0.0,0.0,0.0,0,0,-0.01733451336622238,-1.8300000429153442,0.056031983345746994,-0.9321573376655579,0.0,0.0,100.0,97.0,20318,20336,20328,20331,0,20336,STANDBY
0.009999999776482582,-1.309999942779541,10.229999542236328,0.0,0.0,0.0,1005.9654541015625,24.219999313354492,0.3944535255432129,-0.7484937906265259,0,0,0.0,0.0,0.0,0,0,-0.011780144646763802,-1.8300000429153442,0.06793420016765594,-0.9471724629402161,0.0,0.0,100.0,97.0,20418,20436,20426,20430,0,20436,STANDBY
1.0499999523162842,-1.4600000381469727,9.430000305175781,15.800000190734863,0.0,0.0,1005.9495239257812,24.229999542236328,0.46966543793678284,0.40924614667892456,0,0,0.0,0.0,0.0,0,0,-0.021149327978491783,-0.5899999737739563,0.07486190646886826,-0.9601123332977295,0.0,0.0,100.0,97.0,20518,20536,20526,20530,0,20536,STANDBY
1.059999942779541,-0.7900000214576721,9.140000343322754,20.100000381469727,0.0,0.0,1005.9837646484375,24.229999542236328,0.3498014807701111,0.0333242267370224,0,0,0.0,0.0,0.0,0,0,-0.028351696208119392,-0.5899999737739563,0.06100650131702423,-0.9678335189819336,0.0,0.0,100.0,97.0,20618,20636,20625,20628,0,20636,STANDBY
0.7200000286102295,-0.15000000596046448,9.529999732971191,17.799999237060547,0.0,0.0,1004.238525390625,23.170000076293945,11.451175689697266,41.54037094116211,0,0,0.0,0.0,0.0,0,0,-0.02682577073574066,-0.5899999737739563,0.040803246200084686,-0.9740592837333679,0.0,0.0,100.0,97.0,20718,20736,20723,20727,0,20736,STANDBY
0.7699999809265137,-0.25999999046325684,9.59000015258789,0.0,0.0,0.0,1004.16015625,23.1299991607666,14.45643138885498,64.52719116210938,0,0,0.0,0.0,0.0,0,0,-0.02624591812491417,-0.5899999737739563,0.032074954360723495,-0.9782097935676575,0.0,0.0,100.0,97.0,20818,20836,20823,20827,0,20836,STANDBY
0.7099999785423279,-0.3100000023841858,9.5,0.0,0.0,0.0,1005.4684448242188,23.959999084472656,9.237303733825684,12.657539367675781,0,0,0.0,0.0,0.0,0,0,-0.02536088228225708,-0.5899999737739563,0.029145177453756332,-0.9810479879379272,0.0,0.0,100.0,97.0,20918,20936,20922,20925,0,20936,STANDBY
0.949999988079071,-0.12999999523162842,9.390000343322754,0.0,0.0,0.0,1005.9259643554688,24.229999542236328,2.6616268157958984,-43.45207595825195,0,0,0.0,0.0,0.0,0,0,-0.02609332650899887,-0.5899999737739563,0.0238044373691082,-0.983184278011322,0.0,0.0,100.0,97.0,21018,21036,21020,21024,0,21036,STANDBY
0.550000011920929,0.09000000357627869,9.770000457763672,0.0,0.0,0.0,1005.955322265625,24.229999542236328,0.9382646083831787,-48.092811584472656,0,0,0.0,0.0,0.0,0,0,-0.024201178923249245,-0.5899999737739563,0.01754814386367798,-0.9846491813659668,0.0,0.0,100.0,97.0,21118,21136,21120,21124,0,21136,STANDBY
0.550000011920929,0.10000000149011612,9.9399995803833,0.0,0.0,0.0,1005.9586181640625,24.229999542236328,0.5801441669464111,-19.09767723083496,0,0,0.0,0.0,0.0,0,0,-0.019348734989762306,-0.5899999737739563,0.012024292722344398,-0.9856868386268616,0.0,0.0,100.0,97.0,21218,21236,21219,21222,0,21236,STANDBY
0.7099999785423279,-0.019999999552965164,9.670000076293945,0.0,0.0,0.0,1005.959228515625,24.239999771118164,0.4874177575111389,-5.564728736877441,0,0,0.0,0.0,0.0,0,0,-0.01818903163075447,-0.5899999737739563,0.008606219664216042,-0.9865108132362366,0.0,0.0,100.0,97.0,21318,21336,21318,21321,0,21336,STANDBY
0.6499999761581421,-0.20000000298023224,9.489999771118164,0.0,0.0,0.0,1005.955810546875,24.239999771118164,0.4798508882522583,-1.4914613962173462,0,0,0.0,0.0,0.0,0,0,-0.017181921750307083,-0.5899999737739563,0.006378368474543095,-0.9869685769081116,0.0,0.0,100.0,97.0,21419,21436,21416,21422,0,21436,STANDBY
0.49000000953674316,-0.019999999552965164,9.829999923706055,0.0,0.0,0.0,1005.97265625,24.239999771118164,0.3806394338607788,-0.6777646541595459,0,0,0.0,0.0,0.0,0,0,-0.01580858789384365,-0.5899999737739563,0.005188146606087685,-0.9872432351112366,0.0,0.0,100.0,97.0,21519,21536,21516,21522,0,21536,STANDBY
0.5899999737739563,-0.009999999776482582,9.5600004196167,0.0,0.0,0.0,1005.9835815429688,24.239999771118164,0.32406219840049744,-0.6519384384155273,0,0,0.0,0.0,0.0,0,0,-0.015625476837158203,-0.5899999737739563,0.002227851189672947,-0.9873958826065063,1.0,1.0,100.0,97.0,21619,21636,21618,21622,0,21636,STANDBY
0.4099999964237213,-0.18000000715255737,9.75,0.0,0.0,0.0,1004.276611328125,23.200000762939453,11.248106956481934,40.963470458984375,0,0,0.0,0.0,0.0,0,0,-0.01275673694908619,-0.5899999737739563,0.0007324442267417908,-0.9878841638565063,6.0,6.0,100.0,97.0,21719,21736,21721,21725,0,21736,STANDBY
1.0,-0.7799999713897705,9.699999809265137,0.0,0.0,0.0,1004.2059326171875,23.15999984741211,14.168256759643555,63.503746032714844,0,0,0.0,0.0,0.0,0,0,-0.0159611813724041,-0.5899999737739563,0.004455702379345894,-0.9880062341690063,9.0,9.0,100.0,97.0,21819,21836,21824,21828,0,21836,STANDBY
0.8799999952316284,-0.5600000023841858,9.579999923706055,0.0,0.0,0.0,1005.5,23.969999313354492,8.971879959106445,12.060474395751953,0,0,0.0,0.0,0.0,0,0,-0.022003846243023872,-0.5899999737739563,0.008758812211453915,-0.9877926111221313,15.0,15.0,100.0,97.0,21919,21936,21927,21931,0,21936,STANDBY
0.6800000071525574,-0.20000000298023224,9.520000457763672,0.0,0.0,0.0,1005.9288940429688,24.229999542236328,2.5436158180236816,-43.10506057739258,0,0,0.0,0.0,0.0,0,0,-0.021576587110757828,-0.5899999737739563,0.008117923513054848,-0.9877620935440063,18.0,18.0,100.0,97.0,22019,22036,22031,22034,0,22036,STANDBY
0.8299999833106995,-0.3400000035762787,9.579999923706055,0.0,0.0,0.0,1005.9590454101562,24.25,0.9042996168136597,-47.06080627441406,0,0,0.0,0.0,0.0,0,0,-0.022614216431975365,-0.5899999737739563,0.006591998040676117,-0.9876705408096313,18.0,18.0,100.0,97.0,22119,22136,22116,22122,0,22136,STANDBY
0.4099999964237213,-0.5600000023841858,9.649999618530273,0.0,0.0,0.0,1005.9523315429688,24.25,0.5870470404624939,-18.335147857666016,0,0,0.0,0.0,0.0,0,0,-0.020844142884016037,-0.5899999737739563,0.00799584947526455,-0.9874569177627563,23.0,23.0,100.0,97.0,22219,22236,22219,22222,0,22236,STANDBY
0.5299999713897705,-0.7200000286102295,9.729999542236328,0.0,0.0,0.0,1005.9590454101562,24.25,0.46182528138160706,-5.440978050231934,0,0,0.0,0.0,0.0,0,0,-0.019226660951972008,-0.5899999737739563,0.011474959552288055,-0.9871211647987366,30.0,30.0,100.0,97.0,22319,22336,22323,22326,0,22336,STANDBY
0.5899999737739563,-0.47999998927116394,9.579999923706055,0.0,0.0,0.0,1005.9598999023438,24.25,0.44967740774154663,-1.5575884580612183,0,0,0.0,0.0,0.0,0,0,-0.01907406933605671,-0.5899999737739563,0.012421033345162868,-0.9867244362831116,33.0,33.0,100.0,97.0,22419,22436,22426,22429,0,22436,STANDBY
0.6499999761581421,-0.4399999976158142,9.529999732971191,0.0,0.0,0.0,1005.9523315429688,24.25,0.4969139099121094,-0.1341579556465149,0,0,0.0,0.0,0.0,0,0,-0.019592883065342903,-0.5899999737739563,0.012146366760134697,-0.9863887429237366,34.0,34.0,100.0,97.0,22519,22536,22529,22533,0,22536,STANDBY
0.7300000190734863,-0.5600000023841858,9.479999542236328,0.0,0.0,0.0,1005.454345703125,23.93000030517578,2.757028102874756,6.945239543914795,0,0,0.0,0.0,0.0,0,0,-0.022461622953414917,-0.5899999737739563,0.01223792228847742,-0.9860530495643616,34.0,34.0,100.0,97.0,22619,22636,22631,22635,0,22636,STANDBY
0.41999998688697815,-0.47999998927116394,9.770000457763672,0.0,0.0,0.0,1004.2631225585938,23.200000762939453,11.516719818115234,43.129852294921875,0,0,0.0,0.0,0.0,0,0,-0.020325327292084694,-0.5899999737739563,0.012482070364058018,-0.9859920144081116,37.0,37.0,100.0,97.0,22719,22736,22717,22722,0,22736,STANDBY
0.4699999988079071,-0.20000000298023224,9.5600004196167,0.0,0.0,0.0,1004.2029418945312,23.170000076293945,14.222150802612305,56.72857666015625,0,0,0.0,0.0,0.0,0,0,-0.018646810203790665,-0.5899999737739563,0.011078218929469585,-0.9859309792518616,39.0,39.0,100.0,97.0,22819,22836,22820,22823,0,22836,STANDBY
0.5600000023841858,0.10000000149011612,9.760000228881836,0.0,0.0,0.0,1005.5435791015625,23.989999771118164,8.651911735534668,8.334142684936523,0,0,0.0,0.0,0.0,0,0,-0.01745658740401268,-0.5899999737739563,0.004547257907688618,-0.9857783913612366,39.0,39.0,100.0,97.0,22920,22936,22923,22927,0,22936,STANDBY
0.4699999988079071,-0.07000000029802322,9.5600004196167,0.0,0.0,0.0,1005.955322265625,24.229999542236328,2.310668468475342,-44.738380432128906,0,0,0.0,0.0,0.0,0,0,-0.014465773478150368,-0.5899999737739563,3.0518509447574615e-05,-0.9857783913612366,42.0,42.0,100.0,97.0,23020,23036,23026,23030,0,23036,STANDBY
0.46000000834465027,-0.28999999165534973,9.649999618530273,0.0,0.0,0.0,1005.95654296875,24.25,0.8601980209350586,-46.318695068359375,0,0,0.0,0.0,0.0,0,0,-0.013916440308094025,-0.5899999737739563,-0.0021057771518826485,-0.9855647683143616,43.0,43.0,100.0,97.0,23120,23136,23130,23133,0,23136,STANDBY
0.3700000047683716,-0.4099999964237213,9.670000076293945,0.0,0.0,0.0,1005.9776611328125,24.25,0.4348107874393463,-17.770471572875977,0,0,0.0,0.0,0.0,0,0,-0.012390514835715294,-0.5899999737739563,0.0005493331700563431,-0.9854121804237366,46.0,46.0,100.0,97.0,23220,23236,23215,23219,0,23236,STANDBY
0.4099999964237213,-0.6100000143051147,9.800000190734863,0.0,0.0,0.0,1005.96240234375,24.25,0.4186447560787201,-5.276863098144531,0,0,0.0,0.0,0.0,0,0,-0.011780144646763802,-0.5899999737739563,0.003906369209289551,-0.9852900505065918,49.0,49.0,100.0,97.0,23320,23336,23318,23323,0,23336,STANDBY
0.47999998927116394,-0.5400000214576721,10.0600004196167,0.0,0.0,0.0,1005.9642333984375,24.25,0.406802773475647,-1.1667609214782715,0,0,0.0,0.0,0.0,0,0,-0.012482070364058018,-0.5899999737739563,0.008819849230349064,-0.9858699440956116,51.0,51.0,100.0,97.0,23420,23436,23421,23426,0,23436,STANDBY
0.49000000953674316,-0.33000001311302185,9.890000343322754,0.0,0.0,61.0,1005.9540405273438,24.25,0.49829959869384766,0.16568368673324585,0,0,0.0,0.0,0.0,0,0,-0.01184118166565895,-2.7300000190734863,0.008423108607530594,-0.981872022151947,54.0,54.0,100.0,97.0,23520,23536,23525,23529,0,23536,STANDBY
0.1899999976158142,-1.159999966621399,9.579999923706055,0.0,0.0,175.8000030517578,1005.1048583984375,23.739999771118164,4.356591701507568,12.019996643066406,0,0,0.0,0.0,0.0,0,0,-0.014496291987597942,-16.049999237060547,0.020172735676169395,-0.9553819298744202,57.0,57.0,82.0,79.0,23620,23636,23628,23632,0,23636,STANDBY
0.5699999928474426,0.9599999785423279,8.979999542236328,0.0,0.0,247.1999969482422,1004.3487548828125,23.270000457763672,11.524173736572266,44.989173889160156,0,0,0.0,0.0,0.0,0,0,-0.0025025177747011185,-37.11000061035156,0.028931546956300735,-0.8983428478240967,61.0,61.0,82.0,79.0,23720,23736,23714,23718,0,23736,STANDBY
0.699999988079071,-0.5899999737739563,9.199999809265137,0.0,0.0,33.400001525878906,1004.4027099609375,23.309999465942383,12.905563354492188,47.14643859863281,0,0,0.0,0.0,0.0,0,0,-0.008148442022502422,-46.380001068115234,0.034424878656864166,-0.8897061347961426,54.0,54.0,82.0,79.0,23820,23836,23818,23823,0,23836,STANDBY
1.6100000143051147,-1.149999976158142,10.760000228881836,0.0,0.0,98.30000305175781,1005.6698608398438,24.09000015258789,7.455994606018066,0.4694366455078125,0,0,0.0,0.0,0.0,0,0,-0.023468734696507454,-54.720001220703125,0.052003540098667145,-0.8833887577056885,41.0,41.0,82.0,79.0,23920,23936,23921,23925,0,23936,STANDBY
0.0,0.6600000262260437,9.779999732971191,0.0,0.0,85.30000305175781,1005.9305419921875,24.25,2.1414690017700195,-42.444252014160156,0,0,0.0,0.0,0.0,0,0,-0.007507553324103355,-67.5199966430664,0.06497390568256378,-0.860713541507721,45.0,45.0,82.0,79.0,24020,24036,24025,24029,0,24036,STANDBY
0.41999998688697815,-0.4000000059604645,9.699999809265137,0.0,0.0,153.3000030517578,1005.953125,24.260000228881836,0.8679914474487305,-40.699562072753906,0,0,0.0,0.0,0.0,0,0,0.0031128879636526108,-75.37999725341797,0.06534013152122498,-0.8593096733093262,51.0,51.0,82.0,79.0,24120,24136,24128,24132,0,24136,STANDBY
0.7900000214576721,-1.3300000429153442,8.770000457763672,0.0,0.0,131.3000030517578,1005.932861328125,24.260000228881836,0.6963670253753662,-14.670374870300293,0,0,0.0,0.0,0.0,0,0,0.0027466658502817154,-88.05000305175781,0.07083345949649811,-0.8326975107192993,48.0,48.0,82.0,79.0,24220,24236,24215,24218,0,24236,STANDBY
0.3100000023841858,-1.0399999618530273,9.34000015258789,0.0,0.0,104.9000015258789,1005.92529296875,24.260000228881836,0.6990995407104492,-3.6394314765930176,0,0,0.0,0.0,0.0,0,0,0.003906369209289551,-96.05000305175781,0.09146397560834885,-0.8349864482879639,42.0,42.0,82.0,79.0,24320,24336,24318,24323,0,24336,STANDBY
-0.2199999988079071,-0.18000000715255737,9.270000457763672,17.0,0.0,182.89999389648438,1005.962158203125,24.270000457763672,0.5068650245666504,-1.301995038986206,0,0,0.0,0.0,0.0,0,0,0.026642659679055214,-112.77999877929688,0.10190130025148392,-0.7978453636169434,34.0,34.0,82.0,79.0,24420,24436,24422,24426,0,24436,STANDBY
0.46000000834465027,-0.029999999329447746,10.899999618530273,0.0,0.0,48.79999923706055,1005.9697875976562,24.270000457763672,0.4015328288078308,-1.3575807809829712,0,0,0.0,0.0,0.0,0,0,0.04116946831345558,-121.16999816894531,0.10605181753635406,-0.8064516186714172,45.0,45.0,82.0,79.0,24520,24536,24526,24529,0,24536,STANDBY
0.7699999809265137,-0.1899999976158142,9.010000228881836,0.0,0.0,171.60000610351562,1005.0822143554688,23.739999771118164,4.430177211761475,11.374900817871094,0,0,0.0,0.0,0.0,0,0,0.051850948482751846,-136.61000061035156,0.11340678483247757,-0.7793816924095154,47.0,47.0,82.0,79.0,24620,24636,24630,24634,0,24636,STANDBY
-0.5600000023841858,-0.7300000190734863,8.970000267028809,0.0,0.0,114.19999694824219,1004.3392333984375,23.280000686645508,11.682950973510742,46.02558135986328,0,0,0.0,0.0,0.0,0,0,0.06683553755283356,-152.7899932861328,0.1351664811372757,-0.7407452464103699,46.0,46.0,82.0,79.0,24720,24736,24717,24723,0,24736,STANDBY
-1.3700000047683716,-0.8100000023841858,9.930000305175781,0.0,0.0,136.0,1004.428466796875,23.329999923706055,12.791696548461914,46.83649444580078,0,0,0.0,0.0,0.0,0,0,0.08206427097320557,-160.7899932861328,0.17114780843257904,-0.7549058794975281,36.0,36.0,82.0,79.0,24820,24836,24820,24824,0,24836,STANDBY
0.7799999713897705,1.7699999809265137,9.350000381469727,0.0,0.0,171.5,1005.5153198242188,24.020000457763672,8.36031723022461,2.892852783203125,0,0,0.0,0.0,0.0,0,0,0.11478011310100555,-179.52000427246094,0.17361980676651,-0.7072359323501587,40.0,40.0,82.0,79.0,24920,24936,24925,24928,0,24936,STANDBY
0.6800000071525574,0.6399999856948853,10.579999923706055,0.0,0.0,133.5,1005.951171875,24.260000228881836,2.187929391860962,-41.20891571044922,0,0,0.0,0.0,0.0,0,0,0.11563463509082794,169.50999450683594,0.18475905060768127,-0.7094637751579285,51.0,51.0,82.0,79.0,25020,25036,25028,25032,0,25036,STANDBY
0.5400000214576721,-0.5799999833106995,9.180000305175781,0.0,0.0,170.39999389648438,1005.9268798828125,24.270000457763672,0.9753645062446594,-43.4642333984375,0,0,0.0,0.0,0.0,0,0,0.12100589275360107,155.1300048828125,0.19318217039108276,-0.6811121106147766,58.0,58.0,82.0,79.0,25120,25136,25115,25118,0,25136,STANDBY
-0.9900000095367432,0.05000000074505806,9.470000267028809,0.0,0.0,40.599998474121094,1005.921630859375,24.280000686645508,0.792012095451355,-15.222440719604492,0,0,0.0,0.0,0.0,0,0,0.13968321681022644,139.74000549316406,0.2230903059244156,-0.6534623503684998,48.0,48.0,82.0,79.0,25220,25236,25219,25223,0,25236,STANDBY
-1.7899999618530273,1.6200000047683716,9.489999771118164,0.0,0.0,144.3000030517578,1005.94189453125,24.280000686645508,0.6397103071212769,-4.158647060394287,0,0,0.0,0.0,0.0,0,0,0.16437269747257233,131.0500030517578,0.24036377668380737,-0.6591692566871643,31.0,31.0,82.0,79.0,25320,25336,25322,25325,0,25336,STANDBY
1.3600000143051147,-0.09000000357627869,8.890000343322754,0.0,0.0,170.10000610351562,1005.9249877929688,24.280000686645508,0.69162517786026,-1.1923530101776123,0,0,0.0,0.0,0.0,0,0,0.17944884300231934,111.4800033569336,0.22425000369548798,-0.6056398153305054,31.0,31.0,82.0,79.0,25420,25436,25425,25428,0,25436,STANDBY
0.7699999809265137,-0.6899999976158142,10.130000114440918,0.0,0.0,164.39999389648438,1005.94091796875,24.270000457763672,0.6095283031463623,-0.3732321858406067,0,0,0.0,0.0,0.0,0,0,0.16324350237846375,99.5999984741211,0.23548081517219543,-0.6087832450866699,44.0,44.0,82.0,79.0,25520,25536,25529,25532,0,25536,STANDBY
0.7799999713897705,1.159999966621399,9.09000015258789,0.0,0.0,211.8000030517578,1005.0625,23.739999771118164,4.591824531555176,11.61087417602539,0,0,0.0,0.0,0.0,0,0,0.17560350894927979,77.98999786376953,0.23429059982299805,-0.5482955574989319,50.0,50.0,82.0,79.0,25620,25636,25632,25636,0,25636,STANDBY
1.0,0.8299999833106995,8.680000305175781,0.0,0.0,19.399999618530273,1004.42578125,23.350000381469727,11.19108772277832,43.498870849609375,0,0,0.0,0.0,0.0,0,0,0.1752372831106186,72.06999969482422,0.23905149102210999,-0.574083685874939,43.0,43.0,82.0,79.0,25720,25736,25718,25723,0,25736,STANDBY
1.940000057220459,2.509999990463257,9.880000114440918,0.0,0.0,206.3000030517578,1004.15576171875,23.190000534057617,14.015047073364258,49.17570495605469,0,0,0.0,0.0,0.0,0,0,0.1979430466890335,58.40999984741211,0.20841090381145477,-0.5586413145065308,25.0,25.0,82.0,79.0,25821,25836,25822,25826,0,25836,STANDBY
-0.3499999940395355,-1.5499999523162842,10.5600004196167,0.0,0.0,43.79999923706055,1005.4306030273438,24.0,9.443317413330078,10.104722023010254,0,0,0.0,0.0,0.0,0,0,0.18771934509277344,42.2400016784668,0.21585741639137268,-0.538712739944458,34.0,34.0,82.0,79.0,25921,25936,25925,25929,0,25936,STANDBY
-0.7599999904632568,0.07999999821186066,10.239999771118164,0.0,0.0,156.1999969482422,1005.9360961914062,24.270000457763672,2.5361905097961426,-41.894981384277344,0,0,0.0,0.0,0.0,0,0,0.18137149512767792,31.43000030517578,0.23178808391094208,-0.5552842617034912,45.0,45.0,82.0,79.0,26021,26036,26029,26033,0,26036,STANDBY
2.059999942779541,0.49000000953674316,9.039999961853027,0.0,0.0,121.5,1005.9326782226562,24.280000686645508,1.0773760080337524,-48.03999328613281,0,0,0.0,0.0,0.0,0,0,0.19235816597938538,17.040000915527344,0.2153080850839615,-0.5290078520774841,39.0,39.0,82.0,79.0,26121,26136,26115,26119,0,26136,STANDBY
2.049999952316284,-0.2199999988079071,8.890000343322754,0.0,0.0,230.8000030517578,1005.919677734375,24.280000686645508,0.8456575274467468,-17.464107513427734,0,0,0.0,0.0,0.0,0,0,0.18726158142089844,4.150000095367432,0.20148320496082306,-0.5316629409790039,33.0,33.0,82.0,79.0,26221,26236,26219,26224,0,26236,STANDBY
-0.3799999952316284,-0.41999998688697815,9.84000015258789,25.399999618530273,0.0,97.19999694824219,1005.9163818359375,24.280000686645508,0.8401482105255127,-4.33657169342041,0,0,0.0,0.0,0.0,0,0,0.1989501565694809,-17.440000534057617,0.18854334950447083,-0.4780113995075226,35.0,35.0,82.0,79.0,26321,26336,26322,26326,0,26336,STANDBY
0.10000000149011612,0.36000001430511475,11.479999542236328,17.100000381469727,0.0,122.69999694824219,1005.9326782226562,24.280000686645508,0.7583472728729248,-1.0324749946594238,0,0,0.0,0.0,0.0,0,0,0.20236822962760925,-22.09000015258789,0.19568468630313873,-0.5410321354866028,41.0,41.0,82.0,79.0,26421,26436,26426,26430,0,26436,STANDBY
-0.05999999865889549,0.5299999713897705,8.970000267028809,0.0,0.0,205.5,1005.9104614257812,24.280000686645508,0.8070449233055115,-0.42132821679115295,0,0,0.0,0.0,0.0,0,0,0.2133854180574417,-38.970001220703125,0.1821344643831253,-0.5095980763435364,48.0,48.0,82.0,79.0,26521,26536,26530,26533,0,26536,STANDBY
0.4300000071525574,0.18000000715255737,7.599999904632568,0.0,0.0,111.5,1005.1551513671875,24.290000915527344,4.273664951324463,10.450382232666016,0,0,0.0,0.0,0.0,0,0,0.2056031972169876,-54.43000030517578,0.17999817430973053,-0.4778588116168976,45.0,45.0,82.0,79.0,26621,26636,26616,26619,0,26636,STANDBY
2.5999999046325684,-1.9800000190734863,9.890000343322754,0.0,0.0,258.29998779296875,1004.3878784179688,23.350000381469727,11.110523223876953,41.64219665527344,0,0,0.0,0.0,0.0,0,0,0.17835016548633575,-70.45999908447266,0.17343668639659882,-0.460737943649292,27.0,27.0,82.0,79.0,26721,26736,26720,26724,0,26736,STANDBY
0.7400000095367432,1.6299999952316284,10.890000343322754,0.0,0.0,50.400001525878906,1004.42138671875,23.360000610351562,12.859498977661133,46.44281005859375,0,0,0.0,0.0,0.0,0,0,0.18866541981697083,-88.12999725341797,0.1828669160604477,-0.4202703833580017,35.0,35.0,82.0,79.0,26821,26836,26823,26826,0,26836,STANDBY
0.47999998927116394,0.5299999713897705,10.90999984741211,0.0,0.0,153.5,1005.5582885742188,24.059999465942383,7.943202018737793,3.6414194107055664,0,0,0.0,0.0,0.0,0,0,0.18500320613384247,-98.8499984741211,0.19385357201099396,-0.42612993717193604,51.0,51.0,82.0,79.0,26921,26936,26928,26931,0,26936,STANDBY
-0.8600000143051147,-0.7799999713897705,7.909999847412109,0.0,0.0,219.3000030517578,1005.9191284179688,24.280000686645508,2.4297034740448,-40.407958984375,0,0,0.0,0.0,0.0,0,0,0.19415876269340515,-118.7300033569336,0.18854334950447083,-0.36045411229133606,55.0,55.0,82.0,79.0,27021,27036,27031,27034,0,27036,STANDBY
-0.10999999940395355,-1.7999999523162842,8.34000015258789,0.0,0.0,105.4000015258789,1005.9195556640625,24.290000915527344,1.1003679037094116,-40.8771858215332,0,0,0.0,0.0,0.0,0,0,0.17658010125160217,-130.97000122070312,0.21594896912574768,-0.3400677442550659,45.0,45.0,82.0,79.0,27121,27136,27117,27124,0,27136,STANDBY
-1.2400000095367432,-0.8600000143051147,9.210000038146973,0.0,0.0,269.6000061035156,1005.92578125,24.290000915527344,0.8096851110458374,-15.616301536560059,0,0,0.0,0.0,0.0,0,0,0.17096468806266785,-152.4199981689453,0.24860377609729767,-0.25754570960998535,30.0,30.0,82.0,79.0,27222,27236,27220,27225,0,27236,STANDBY
1.3600000143051147,0.3700000047683716,10.739999771118164,0.0,0.0,22.899999618530273,1005.9330444335938,24.290000915527344,0.6697795391082764,-4.763533592224121,0,0,0.0,0.0,0.0,0,0,0.1579943299293518,-163.77000427246094,0.26490065455436707,-0.2378307431936264,45.0,45.0,82.0,79.0,27322,27336,27324,27328,0,27336,STANDBY
1.6299999952316284,-0.5099999904632568,10.390000343322754,0.0,0.0,137.89999389648438,1005.9112548828125,24.299999237060547,0.7939653396606445,-1.0253392457962036,0,0,0.0,0.0,0.0,0,0,0.14423047006130219,-173.85000610351562,0.27317118644714355,-0.22919400036334991,64.0,64.0,82.0,79.0,27422,27436,27428,27432,0,27436,STANDBY
-0.44999998807907104,0.75,8.229999542236328,0.0,0.0,158.6999969482422,1005.8943481445312,24.299999237060547,0.8853034973144531,0.5888449549674988,0,0,0.0,0.0,0.0,0,0,0.15561388432979584,166.00999450683594,0.2847071886062622,-0.13983580470085144,71.0,71.0,82.0,79.0,27522,27536,27532,27536,0,27536,STANDBY
-0.7400000095367432,0.5600000023841858,8.350000381469727,0.0,0.0,31.600000381469727,1005.9608764648438,24.290000915527344,0.573560893535614,-0.5568627715110779,0,0,0.0,0.0,0.0,0,0,0.14575640857219696,159.75999450683594,0.30661946535110474,-0.12329477816820145,65.0,65.0,82.0,79.0,27622,27636,27629,27633,0,27636,STANDBY
0.9700000286102295,0.3700000047683716,10.739999771118164,0.0,0.0,0.0,1004.39794921875,23.350000381469727,10.358610153198242,35.49661636352539,0,0,0.0,0.0,0.0,0,0,0.11420026421546936,159.4600067138672,0.3260292410850525,-0.17645801603794098,69.0,69.0,82.0,79.0,27722,27736,27716,27719,0,27736,STANDBY
0.07000000029802322,0.05999999865889549,10.430000305175781,0.0,0.0,0.0,1004.4056396484375,23.350000381469727,12.752934455871582,55.8912353515625,0,0,0.0,0.0,0.0,0,0,0.08886989951133728,159.4600067138672,0.3416852355003357,-0.24256111681461334,73.0,73.0,82.0,79.0,27822,27836,27820,27825,0,27836,STANDBY
-0.33000001311302185,0.10000000149011612,10.529999732971191,0.0,0.0,0.0,1005.5547485351562,24.06999969482422,7.887349605560303,8.929950714111328,0,0,0.0,0.0,0.0,0,0,0.07687612622976303,159.4600067138672,0.3494979739189148,-0.3094882071018219,76.0,76.0,82.0,79.0,27922,27936,27923,27926,0,27936,STANDBY
0.41999998688697815,0.7099999785423279,9.430000305175781,0.0,0.0,168.60000610351562,1005.9195556640625,24.290000915527344,2.4272472858428955,-38.77762985229492,0,0,0.0,0.0,0.0,0,0,0.10626544803380966,148.83999633789062,0.34470656514167786,-0.2939237654209137,77.0,77.0,82.0,79.0,28022,28036,28025,28029,0,28036,STANDBY
1.2300000190734863,0.3400000035762787,9.609999656677246,0.0,21.0,129.60000610351562,1005.9227905273438,24.299999237060547,1.1323587894439697,-40.030967712402344,0,0,0.0,0.0,0.0,0,0,0.14123965799808502,127.45999908447266,0.3317362070083618,-0.19550156593322754,84.0,84.0,82.0,79.0,28122,28136,28129,28133,0,28136,STANDBY
0.18000000715255737,-0.3499999940395355,10.40999984741211,0.0,20.399999618530273,103.0,1005.9346923828125,24.309999465942383,0.8108794689178467,-15.381580352783203,0,0,0.0,0.0,0.0,0,0,0.12894070148468018,119.7300033569336,0.35435041785240173,-0.20087282359600067,89.0,89.0,82.0,79.0,28222,28236,28232,28235,0,28236,STANDBY
0.3700000047683716,-0.23999999463558197,9.770000457763672,18.899999618530273,0.0,141.60000610351562,1005.939697265625,24.299999237060547,0.6644520163536072,-4.91069221496582,0,0,0.0,0.0,0.0,0,0,0.1359294354915619,109.06999969482422,0.3561510145664215,-0.17944884300231934,92.0,92.0,82.0,79.0,28322,28336,28318,28322,0,28336,STANDBY
0.5299999713897705,1.3600000143051147,8.180000305175781,0.0,0.0,55.5,1005.928955078125,24.299999237060547,0.710987389087677,-1.4203126430511475,0,0,0.0,0.0,0.0,0,0,0.15533921122550964,96.61000061035156,0.347819447517395,-0.14722129702568054,90.0,90.0,82.0,79.0,28422,28436,28422,28425,0,28436,STANDBY
0.7200000286102295,1.2300000190734863,8.739999771118164,0.0,0.0,68.5999984741211,1005.954833984375,24.309999465942383,0.5261948108673096,-0.8279159665107727,0,0,0.0,0.0,0.0,0,0,0.14633625745773315,91.30999755859375,0.3489791452884674,-0.1673635095357895,88.0,88.0,82.0,79.0,28522,28536,28526,28529,0,28536,STANDBY
0.9700000286102295,0.3400000035762787,11.510000228881836,0.0,0.0,193.60000610351562,1005.9082641601562,24.270000457763672,0.7070530652999878,-0.40229105949401855,0,0,0.0,0.0,0.0,0,0,0.16513565182685852,76.54000091552734,0.33808404207229614,-0.11441389471292496,88.0,88.0,82.0,79.0,28622,28636,28630,28633,0,28636,STANDBY
0.7900000214576721,-0.8799999952316284,11.020000457763672,0.0,0.0,94.30000305175781,1004.470458984375,23.399999618530273,9.935590744018555,35.30770492553711,0,0,0.0,0.0,0.0,0,0,0.1590624749660492,63.20000076293945,0.3420819640159607,-0.07202368229627609,100.0,100.0,82.0,79.0,28722,28736,28716,28720,0,28736,STANDBY
-0.800000011920929,0.17000000178813934,7.889999866485596,0.0,0.0,224.39999389648438,1004.2962646484375,23.290000915527344,13.028643608093262,55.97381591796875,0,0,0.0,0.0,0.0,0,0,0.17200231552124023,45.29999923706055,0.3417462706565857,-0.00045777764171361923,103.0,103.0,82.0,79.0,28822,28836,28820,28825,0,28836,STANDBY
1.0399999618530273,0.6100000143051147,8.199999809265137,0.0,0.0,74.9000015258789,1005.501220703125,24.040000915527344,8.73989486694336,14.644294738769531,0,0,0.0,0.0,0.0,0,0,0.191351056098938,29.079999923706055,0.3328959047794342,0.08114871382713318,93.0,93.0,82.0,79.0,28922,28936,28921,28925,0,28936,STANDBY
3.059999942779541,0.8799999952316284,9.90999984741211,0.0,15.100000381469727,177.8000030517578,1005.908935546875,24.290000915527344,2.6438004970550537,-36.99898147583008,0,0,0.0,0.0,0.0,0,0,0.1986144632101059,17.31999969482422,0.32831811904907227,0.12201300263404846,77.0,77.0,82.0,79.0,29022,29036,29026,29029,0,29036,STANDBY
-1.0,0.5299999713897705,11.75,38.29999923706055,0.0,136.5,1005.9078369140625,24.309999465942383,1.207485318183899,-43.68716049194336,0,0,0.0,0.0,0.0,0,0,0.21588793396949768,-1.5399999618530273,0.3342387080192566,0.20453505218029022,79.0,79.0,82.0,79.0,29122,29136,29130,29133,0,29136,STANDBY
0.7400000095367432,0.1899999976158142,11.270000457763672,28.0,-18.0,67.0999984741211,1005.91357421875,24.299999237060547,0.875503420829773,-16.956979751586914,0,0,0.0,0.0,0.0,0,0,0.20325326919555664,-7.360000133514404,0.34580522775650024,0.18732261657714844,93.0,93.0,82.0,79.0,29222,29236,29217,29220,0,29236,STANDBY
0.3700000047683716,0.75,8.020000457763672,0.0,-16.600000381469727,158.1999969482422,1005.9160766601562,24.299999237060547,0.8283413648605347,-4.76258659362793,0,0,0.0,0.0,0.0,0,0,0.2071901559829712,-19.56999969482422,0.3404339849948883,0.22357860207557678,100.0,100.0,82.0,79.0,29322,29336,29322,29325,0,29336,STANDBY
1.6299999952316284,0.019999999552965164,7.940000057220459,-15.600000381469727,0.0,82.5999984741211,1005.9154663085938,24.299999237060547,0.8158634901046753,-1.0771244764328003,0,0,0.0,0.0,0.0,0,0,0.18662068247795105,-32.849998474121094,0.32905057072639465,0.2764671742916107,94.0,94.0,82.0,79.0,29422,29436,29426,29429,0,29436,STANDBY
1.8200000524520874,-0.8999999761581421,9.770000457763672,-16.200000762939453,15.899999618530273,274.0,1005.9035034179688,24.299999237060547,0.8578207492828369,-0.15380798280239105,0,0,0.0,0.0,0.0,0,0,0.17941831052303314,-51.83000183105469,0.30674153566360474,0.382396936416626,88.0,88.0,82.0,79.0,29522,29536,29531,29534,0,29536,STANDBY
-0.25,-0.6800000071525574,9.880000114440918,0.0,0.0,96.5999984741211,1005.1943969726562,23.84000015258789,4.061740875244141,9.651825904846191,0,0,0.0,0.0,0.0,0,0,0.17224647104740143,-70.83000183105469,0.3108004927635193,0.4831690490245819,96.0,96.0,82.0,79.0,29622,29636,29617,29621,0,29636,STANDBY
0.4000000059604645,-0.009999999776482582,10.529999732971191,0.0,0.0,157.0,1004.3189086914062,23.290000915527344,11.483173370361328,42.588172912597656,0,0,0.0,0.0,0.0,0,0,0.13989685475826263,-79.61000061035156,0.32215338945388794,0.5059053301811218,108.0,108.0,82.0,79.0,29722,29736,29721,29725,0,29736,STANDBY
-0.20000000298023224,-0.5699999928474426,8.729999542236328,0.0,0.0,225.10000610351562,1004.16552734375,23.209999084472656,14.366518020629883,52.762786865234375,0,0,0.0,0.0,0.0,0,0,0.14807580411434174,-98.98999786376953,0.3157444894313812,0.6053346395492554,118.0,118.0,82.0,79.0,29822,29836,29826,29830,0,29836,STANDBY
-0.05000000074505806,-1.340000033378601,7.96999979019165,21.200000762939453,0.0,29.600000381469727,1005.5626831054688,24.09000015258789,8.486716270446777,6.508145332336426,0,0,0.0,0.0,0.0,0,0,0.09445478767156601,-108.69000244140625,0.3240455389022827,0.6357921361923218,112.0,112.0,82.0,79.0,29922,29936,29930,29934,0,29936,STANDBY
-0.6000000238418579,-1.1299999952316284,10.100000381469727,29.799999237060547,-15.399999618530273,137.1999969482422,1005.8993530273438,24.290000915527344,2.5770373344421387,-44.79804611206055,0,0,0.0,0.0,0.0,0,0,0.06891079246997833,-116.87999725341797,0.3319498300552368,0.6577654480934143,108.0,108.0,82.0,79.0,30022,30036,30018,30021,0,30036,STANDBY
1.0299999713897705,1.1200000047683716,11.770000457763672,17.299999237060547,0.0,130.10000610351562,1005.9082641601562,24.309999465942383,1.1891818046569824,-44.233917236328125,0,0,0.0,0.0,0.0,0,0,0.08160649240016937,-135.88999938964844,0.3241676092147827,0.7439802289009094,114.0,114.0,82.0,79.0,30123,30136,30123,30126,0,30136,STANDBY
1.1699999570846558,0.33000001311302185,9.350000381469727,0.0,0.0,164.6999969482422,1005.9226684570312,24.309999465942383,0.8618719577789307,-16.467941284179688,0,0,0.0,0.0,0.0,0,0,0.05783257633447647,-146.75999450683594,0.31315043568611145,0.7978453636169434,128.0,128.0,82.0,79.0,30223,30236,30227,30231,0,30236,STANDBY
-0.8799999952316284,-0.05999999865889549,8.279999732971191,0.0,0.0,188.60000610351562,1005.9293823242188,24.309999465942383,0.690272331237793,-5.2015275955200195,0,0,0.0,0.0,0.0,0,0,0.04519791156053543,-162.39999389648438,0.2852565050125122,0.86907559633255,125.0,125.0,82.0,79.0,30323,30336,30314,30318,0,30336,STANDBY
-0.9100000262260437,-0.2800000011920929,9.020000457763672,0.0,0.0,87.19999694824219,1005.9168701171875,24.309999465942383,0.7499181628227234,-1.53519606590271,0,0,0.0,0.0,0.0,0,0,0.0,-170.61000061035156,0.2534867525100708,0.904477059841156,119.0,119.0,82.0,79.0,30423,30436,30418,30426,0,30436,STANDBY
0.7200000286102295,0.7699999809265137,9.579999923706055,0.0,0.0,180.60000610351562,1005.9193115234375,24.309999465942383,0.7730638980865479,0.10165973007678986,0,0,0.0,0.0,0.0,0,0,-0.007110812701284885,169.00999450683594,0.21915341913700104,0.9575792551040649,113.0,113.0,82.0,79.0,30523,30536,30523,30526,0,30536,STANDBY
1.4800000190734863,-0.1599999964237213,11.050000190734863,0.0,26.0,17.200000762939453,1005.22998046875,23.8700008392334,3.862643241882324,9.349452018737793,0,0,0.0,0.0,0.0,0,0,-0.01315347757190466,163.1300048828125,0.16998809576034546,0.9740592837333679,129.0,129.0,82.0,79.0,30623,30636,30627,30630,0,30636,STANDBY
0.7799999713897705,-0.6200000047683716,10.130000114440918,17.100000381469727,22.0,130.0,1004.4070434570312,23.360000610351562,10.760887145996094,39.80300521850586,0,0,0.0,0.0,0.0,0,0,-0.02929776906967163,155.1699981689453,0.13919492065906525,0.9854426980018616,136.0,136.0,82.0,79.0,30723,30736,30714,30718,0,30736,STANDBY
-0.17000000178813934,1.909999966621399,8.6899995803833,0.0,0.0,157.8000030517578,1004.3712768554688,23.34000015258789,13.085306167602539,48.24158477783203,0,0,0.0,0.0,0.0,0,0,-0.02386547438800335,139.22000122070312,0.1265602558851242,0.9916074275970459,139.0,139.0,82.0,79.0,30823,30836,30819,30823,0,30836,STANDBY
-0.15000000596046448,1.1399999856948853,9.630000114440918,0.0,0.0,60.400001525878906,1005.71435546875,24.190000534057617,7.175363063812256,3.2121477127075195,0,0,0.0,0.0,0.0,0,0,-0.02450636401772499,130.94000244140625,0.0953398272395134,0.9945676922798157,139.0,139.0,82.0,79.0,30923,30936,30922,30926,0,30936,STANDBY
-0.10999999940395355,1.1100000143051147,8.600000381469727,0.0,0.0,256.79998779296875,1005.8740844726562,24.309999465942383,2.4173789024353027,-41.761314392089844,0,0,0.0,0.0,0.0,0,0,-0.02536088228225708,111.63999938964844,0.07763908803462982,0.9855037331581116,131.0,131.0,82.0,79.0,31023,31036,31026,31030,0,31036,STANDBY
0.8199999928474426,-0.5799999833106995,10.4399995803833,0.0,0.0,15.100000381469727,1005.9009399414062,24.31999969482422,1.236750841140747,-38.07951354980469,0,0,0.0,0.0,0.0,0,0,-0.014831995591521263,98.55000305175781,0.03399762138724327,0.9812310934066772,138.0,138.0,82.0,79.0,31123,31136,31129,31133,0,31136,STANDBY
0.4300000071525574,-0.3700000047683716,9.920000076293945,0.0,0.0,154.39999389648438,1005.917724609375,24.31999969482422,0.8909976482391357,-14.212882995605469,0,0,0.0,0.0,0.0,0,0,-0.009247108362615108,90.05999755859375,0.014007995836436749,0.9785149693489075,143.0,143.0,82.0,79.0,31223,31236,31216,31219,0,31236,STANDBY
1.6200000047683716,1.2100000381469727,8.819999694824219,0.0,0.0,176.8000030517578,1005.9447021484375,24.31999969482422,0.5967774987220764,-5.371243000030518,0,0,0.0,0.0,0.0,0,0,-0.012085329741239548,69.97000122070312,-0.010895107872784138,0.9530930519104004,143.0,143.0,82.0,79.0,31323,31336,31320,31326,0,31336,STANDBY
1.1799999475479126,1.559999942779541,9.329999923706055,0.0,0.0,84.5999984741211,1005.9259643554688,24.31999969482422,0.6812175512313843,-1.9491405487060547,0,0,0.0,0.0,0.0,0,0,-0.008636738173663616,62.75,-0.014831995591521263,0.9587389826774597,137.0,137.0,82.0,79.0,31423,31436,31423,31426,0,31436,STANDBY
0.44999998807907104,0.10000000149011612,9.3100004196167,0.0,0.0,223.60000610351562,1005.9495239257812,24.31999969482422,0.5984240770339966,-0.24540963768959045,0,0,0.0,0.0,0.0,0,0,-0.003906369209289551,44.310001373291016,-0.01275673694908619,0.9318521618843079,128.0,128.0,82.0,79.0,31523,31536,31526,31529,0,31536,STANDBY
0.46000000834465027,-0.6499999761581421,10.420000076293945,0.0,0.0,0.0,1005.1807250976562,23.860000610351562,4.060337543487549,10.048543930053711,0,0,0.0,0.0,0.0,0,0,-0.0066225165501236916,36.689998626708984,-0.03820917382836342,0.938566267490387,135.0,135.0,82.0,79.0,31624,31636,31630,31634,0,31636,STANDBY
-0.7099999785423279,-0.029999999329447746,10.279999732971191,0.0,0.0,152.1999969482422,1004.314208984375,23.329999923706055,11.377070426940918,42.70552062988281,0,0,0.0,0.0,0.0,0,0,-0.01196325570344925,28.59000015258789,-0.0475478395819664,0.9352702498435974,140.0,140.0,82.0,79.0,31724,31736,31716,31720,0,31736,STANDBY
1.5399999618530273,-0.3100000023841858,8.470000267028809,0.0,0.0,183.1999969482422,1004.165283203125,23.229999542236328,14.612506866455078,54.34339904785156,0,0,0.0,0.0,0.0,0,0,-0.01196325570344925,8.949999809265137,-0.05453657731413841,0.8992888927459717,139.0,139.0,82.0,79.0,31824,31836,31819,31823,0,31836,STANDBY
1.0499999523162842,-0.4000000059604645,9.279999732971191,0.0,0.0,117.4000015258789,1005.4967041015625,24.059999465942383,8.813287734985352,8.470272064208984,0,0,0.0,0.0,0.0,0,0,-0.009033478796482086,-0.550000011920929,-0.06521805375814438,0.9002960324287415,140.0,140.0,82.0,79.0,31924,31936,31924,31927,0,31936,STANDBY
-0.33000001311302185,-0.8399999737739563,9.670000076293945,0.0,0.0,168.10000610351562,1005.9268798828125,24.309999465942383,2.4590201377868652,-46.207881927490234,0,0,0.0,0.0,0.0,0,0,-0.010559404268860817,-16.520000457763672,-0.0717490166425705,0.8746604919433594,142.0,142.0,82.0,79.0,32024,32036,32027,32030,0,32036,STANDBY
-0.4000000059604645,-1.340000033378601,10.890000343322754,0.0,0.0,62.70000076293945,1005.92919921875,24.31999969482422,1.0703887939453125,-46.04108810424805,0,0,0.0,0.0,0.0,0,0,-0.024750512093305588,-24.84000015258789,-0.08627582341432571,0.8790856599807739,157.0,157.0,82.0,79.0,32124,32136,32131,32134,0,32136,STANDBY
-0.3400000035762787,0.6399999856948853,9.550000190734863,0.0,-19.299999237060547,175.1999969482422,1005.9382934570312,24.329999923706055,0.7644855380058289,-16.83184051513672,0,0,0.0,0.0,0.0,0,0,-0.023377178236842155,-37.369998931884766,-0.08294931054115295,0.8590960502624512,164.0,164.0,82.0,79.0,32224,32236,32217,32221,0,32236,STANDBY
0.6399999856948853,-1.9299999475479126,8.65999984741211,0.0,-18.899999618530273,131.0,1005.9215698242188,24.329999923706055,0.7184630632400513,-4.778735637664795,0,0,0.0,0.0,0.0,0,0,-0.017761772498488426,-57.189998626708984,-0.07763908803462982,0.8192998766899109,164.0,164.0,82.0,79.0,32324,32336,32321,32327,0,32336,STANDBY
1.2100000381469727,-2.200000047683716,9.819999694824219,0.0,0.0,137.6999969482422,1005.9037475585938,24.329999923706055,0.8702285289764404,-0.5842846632003784,0,0,0.0,0.0,0.0,0,0,0.007965330965816975,-66.52999877929688,-0.09274575114250183,0.8326669931411743,155.0,155.0,82.0,79.0,32424,32436,32424,32428,0,32436,STANDBY
0.12999999523162842,0.5199999809265137,9.979999542236328,0.0,0.0,313.29998779296875,1005.9334106445312,24.329999923706055,0.7493725419044495,0.2225700467824936,0,0,0.0,0.0,0.0,0,0,-0.009338663890957832,-93.02999877929688,-0.11441389471292496,0.7606433033943176,154.0,154.0,82.0,79.0,32524,32536,32528,32532,0,32536,STANDBY
0.30000001192092896,0.49000000953674316,9.930000305175781,0.0,0.0,69.0,1005.1795043945312,23.8700008392334,4.14674186706543,9.847569465637207,0,0,0.0,0.0,0.0,0,0,-0.03085421398282051,-102.5199966430664,-0.11658070981502533,0.7851191759109497,173.0,173.0,82.0,79.0,32624,32636,32632,32635,0,32636,STANDBY
0.5,-0.7099999785423279,9.220000267028809,0.0,0.0,164.5,1004.2337646484375,23.309999465942383,11.967077255249023,44.58617401123047,0,0,0.0,0.0,0.0,0,0,-0.03863643482327461,-116.19000244140625,-0.11813715100288391,0.7717520594596863,178.0,178.0,82.0,79.0,32724,32736,32718,32722,0,32736,STANDBY
0.2800000011920929,-0.5099999904632568,8.3100004196167,20.700000762939453,0.0,61.400001525878906,1004.410400390625,23.40999984741211,13.386253356933594,50.18769073486328,0,0,0.0,0.0,0.0,0,0,-0.05050813406705856,-127.2699966430664,-0.13928647339344025,0.7852412462234497,172.0,172.0,82.0,79.0,32824,32836,32823,32827,0,32836,STANDBY
-0.7400000095367432,-0.6100000143051147,9.050000190734863,27.899999618530273,0.0,269.8999938964844,1005.5298461914062,24.100000381469727,8.200387954711914,2.3636369705200195,0,0,0.0,0.0,0.0,0,0,-0.08441419899463654,-146.07000732421875,-0.1511581838130951,0.7559434771537781,161.0,161.0,82.0,79.0,32924,32936,32926,32930,0,32936,STANDBY
1.9299999475479126,0.9900000095367432,10.520000457763672,0.0,0.0,20.299999237060547,1005.89013671875,24.34000015258789,2.5418334007263184,-43.17900466918945,0,0,0.0,0.0,0.0,0,0,-0.095583975315094,-159.52000427246094,-0.15396587550640106,0.7595141530036926,173.0,173.0,82.0,79.0,33024,33036,33031,33035,0,33036,STANDBY
0.10000000149011612,-0.46000000834465027,11.850000381469727,0.0,0.0,64.9000015258789,1005.9255981445312,24.34000015258789,1.1125065088272095,-42.28644943237305,0,0,0.0,0.0,0.0,0,0,-0.09027375280857086,-162.33999633789062,-0.16507461667060852,0.8024842143058777,179.0,179.0,82.0,79.0,33124,33136,33118,33121,0,33136,STANDBY
0.7099999785423279,0.029999999329447746,9.199999809265137,17.700000762939453,0.0,120.0999984741211,1005.9063110351562,24.34000015258789,0.9347420334815979,-15.678466796875,0,0,0.0,0.0,0.0,0,0,-0.08407849073410034,-174.11000061035156,-0.1676381677389145,0.8129520416259766,179.0,179.0,82.0,79.0,33224,33236,33221,33227,0,33236,STANDBY
0.36000001430511475,0.8799999952316284,8.210000038146973,0.0,0.0,129.3000030517578,1005.9254760742188,24.350000381469727,0.7795017957687378,-4.399389266967773,0,0,0.0,0.0,0.0,0,0,-0.10968352109193802,168.50999450683594,-0.16095462441444397,0.7957701086997986,174.0,174.0,82.0,79.0,33324,33336,33326,33329,0,33336,STANDBY
-0.9100000262260437,0.800000011920929,10.609999656677246,0.0,0.0,224.6999969482422,1005.931396484375,24.350000381469727,0.7414966821670532,-1.4943068027496338,0,0,0.0,0.0,0.0,0,0,-0.1270180344581604,150.1999969482422,-0.17279580235481262,0.7721487879753113,163.0,163.0,82.0,79.0,33424,33436,33429,33433,0,33436,STANDBY
2.130000114440918,-0.6399999856948853,11.140000343322754,0.0,0.0,89.0999984741211,1005.91259765625,24.350000381469727,0.8040610551834106,-0.25605443120002747,0,0,0.0,0.0,0.0,0,0,-0.11951048672199249,136.80999755859375,-0.17664113640785217,0.7689443826675415,168.0,168.0,82.0,79.0,33524,33536,33515,33519,0,33536,STANDBY
0.7300000190734863,1.0299999713897705,12.319999694824219,0.0,32.0,29.200000762939453,1005.93798828125,24.360000610351562,0.706841230392456,-0.1573781669139862,0,0,0.0,0.0,0.0,0,0,-0.10126041620969772,135.5500030517578,-0.1987060159444809,0.8360240459442139,184.0,184.0,82.0,79.0,33624,33636,33618,33623,0,33636,STANDBY
0.3799999952316284,-1.059999942779541,9.0,0.0,18.899999618530273,200.3000030517578,1004.3193969726562,23.3799991607666,10.939115524291992,38.14133071899414,0,0,0.0,0.0,0.0,0,0,-0.11239966750144958,121.87000274658203,-0.20291757583618164,0.8362987041473389,189.0,189.0,82.0,79.0,33724,33736,33722,33727,0,33736,STANDBY
0.3199999928474426,0.5699999928474426,8.029999732971191,0.0,0.0,116.30000305175781,1004.37841796875,23.420000076293945,13.033285140991211,57.09066390991211,0,0,0.0,0.0,0.0,0,0,-0.11828974634408951,101.58000183105469,-0.18613238632678986,0.8124332427978516,190.0,190.0,82.0,79.0,33824,33836,33826,33829,0,33836,STANDBY
-0.3499999940395355,2.5999999046325684,9.199999809265137,0.0,0.0,143.0,1005.5343017578125,24.1299991607666,8.157615661621094,8.068347930908203,0,0,0.0,0.0,0.0,0,0,-0.12393566966056824,93.0999984741211,-0.16254158318042755,0.8393810987472534,175.0,175.0,82.0,79.0,33924,33936,33930,33934,0,33936,STANDBY
-0.10000000149011612,0.7300000190734863,9.729999542236328,0.0,0.0,265.20001220703125,1005.9017944335938,24.360000610351562,2.555521011352539,-39.659202575683594,0,0,0.0,0.0,0.0,0,0,-0.14087344706058502,75.19999694824219,-0.1350749284029007,0.8105716109275818,163.0,163.0,82.0,79.0,34024,34036,34016,34020,0,34036,STANDBY
0.019999999552965164,-1.2400000095367432,11.390000343322754,0.0,0.0,20.799999237060547,1005.9083862304688,24.3700008392334,1.215028166770935,-41.16651916503906,0,0,0.0,0.0,0.0,0,0,-0.11957152187824249,64.0,-0.15396587550640106,0.8294625878334045,181.0,181.0,82.0,79.0,34124,34136,34120,34123,0,34136,STANDBY
0.5199999809265137,-0.019999999552965164,9.3100004196167,0.0,0.0,151.0,1005.89404296875,24.3700008392334,1.0362592935562134,-15.290996551513672,0,0,0.0,0.0,0.0,0,0,-0.10052797198295593,50.27000045776367,-0.1419415920972824,0.8348643183708191,187.0,187.0,82.0,79.0,34224,34236,34224,34227,0,34236,STANDBY
0.15000000596046448,0.0,6.960000038146973,0.0,0.0,84.0,1005.9099731445312,24.3700008392334,0.9066636562347412,-4.174917697906494,0,0,0.0,0.0,0.0,0,0,-0.09048738330602646,34.22999954223633,-0.12292855978012085,0.8194220066070557,181.0,181.0,82.0,79.0,34324,34336,34325,34328,0,34336,STANDBY
3.2899999618530273,1.309999942779541,9.0600004196167,0.0,0.0,96.69999694824219,1005.907470703125,24.3700008392334,0.8854187726974487,-1.3589991331100464,0,0,0.0,0.0,0.0,0,0,-0.07077242434024811,28.459999084472656,-0.10821863263845444,0.8402661085128784,173.0,173.0,82.0,79.0,34424,34436,34424,34427,0,34436,STANDBY
0.2800000011920929,-0.800000011920929,10.0600004196167,0.0,0.0,245.0,1005.916748046875,24.3700008392334,0.8222092390060425,-0.6102712154388428,0,0,0.0,0.0,0.0,0,0,-0.048829615116119385,9.260000228881836,-0.08862575143575668,0.8209784030914307,161.0,161.0,82.0,79.0,34525,34536,34528,34531,0,34536,STANDBY
-0.20000000298023224,-1.190000057220459,11.880000114440918,0.0,0.0,55.900001525878906,1005.9428100585938,24.360000610351562,0.6756002306938171,-0.8563082814216614,0,0,0.0,0.0,0.0,0,0,-0.053529467433691025,-0.9800000190734863,-0.10827967524528503,0.8400830030441284,183.0,183.0,82.0,79.0,34625,34636,34631,34635,0,34636,STANDBY
-0.47999998927116394,0.7799999713897705,9.3100004196167,0.0,0.0,194.39999389648438,1004.2178344726562,23.309999465942383,11.564990043640137,40.18994140625,0,0,0.0,0.0,0.0,0,0,-0.058290354907512665,-13.680000305175781,-0.10470900684595108,0.8323618173599243,192.0,192.0,82.0,79.0,34725,34736,34718,34721,0,34736,STANDBY
0.49000000953674316,-0.3700000047683716,7.099999904632568,0.0,0.0,193.0,1004.2945556640625,23.360000610351562,13.850419998168945,61.152008056640625,0,0,0.0,0.0,0.0,0,0,-0.06976531445980072,-37.31999969482422,-0.09643848985433578,0.7561265826225281,192.0,192.0,82.0,79.0,34825,34836,34818,34822,0,34836,STANDBY
1.5299999713897705,-2.3499999046325684,9.119999885559082,0.0,0.0,57.900001525878906,1005.5535278320312,24.139999389648438,8.200129508972168,6.870975494384766,0,0,0.0,0.0,0.0,0,0,-0.04373302310705185,-45.09000015258789,-0.1111789271235466,0.7948545813560486,184.0,184.0,82.0,79.0,34925,34936,34921,34928,0,34936,STANDBY
0.7599999904632568,-2.7200000286102295,9.930000305175781,0.0,0.0,203.6999969482422,1005.9085693359375,24.360000610351562,2.523073673248291,-43.56452560424805,0,0,0.0,0.0,0.0,0,0,-0.015106662176549435,-59.02000045776367,-0.13150425255298615,0.7948850989341736,165.0,165.0,82.0,79.0,35025,35036,35025,35028,0,35036,STANDBY
-0.8500000238418579,0.3700000047683716,12.25,0.0,0.0,104.4000015258789,1005.9083862304688,24.3700008392334,1.213598608970642,-42.26886749267578,0,0,0.0,0.0,0.0,0,0,-0.04596087709069252,-80.62999725341797,-0.1344340294599533,0.7375713586807251,180.0,180.0,82.0,79.0,35125,35136,35127,35130,0,35136,STANDBY
0.6299999952316284,-0.07999999821186066,10.109999656677246,0.0,0.0,169.1999969482422,1005.92578125,24.3700008392334,0.8538210391998291,-16.016475677490234,0,0,0.0,0.0,0.0,0,0,-0.05877865105867386,-91.12999725341797,-0.13879817724227905,0.7562486529350281,194.0,194.0,82.0,79.0,35225,35236,35231,35234,0,35236,STANDBY
-0.8700000047683716,0.17000000178813934,7.820000171661377,0.0,0.0,251.1999969482422,1005.9199829101562,24.3799991607666,0.8137400150299072,-4.687599182128906,0,0,0.0,0.0,0.0,0,0,-0.07379375398159027,-108.77999877929688,-0.12436292320489883,0.7085177302360535,198.0,198.0,82.0,79.0,35325,35336,35315,35319,0,35336,STANDBY
0.05000000074505806,-0.3400000035762787,7.789999961853027,0.0,0.0,60.0,1005.92578125,24.3700008392334,0.7291510701179504,-1.4564788341522217,0,0,0.0,0.0,0.0,0,0,-0.08017212152481079,-121.06999969482422,-0.15338602662086487,0.7247535586357117,195.0,195.0,82.0,79.0,35425,35436,35420,35424,0,35436,STANDBY
-1.5700000524520874,-1.1399999856948853,11.270000457763672,0.0,0.0,139.10000610351562,1005.923095703125,24.389999389648438,0.7009543776512146,-0.8340737819671631,0,0,0.0,0.0,0.0,0,0,-0.0871608629822731,-132.3800048828125,-0.18109683692455292,0.7412641048431396,186.0,186.0,82.0,79.0,35525,35536,35524,35528,0,35536,STANDBY
0.9900000095367432,0.1899999976158142,10.399999618530273,-17.100000381469727,0.0,78.0999984741211,1005.6310424804688,24.200000762939453,2.0434746742248535,3.753756046295166,0,0,0.0,0.0,0.0,0,0,-0.10541093349456787,-148.0,-0.1835993528366089,0.7322916388511658,194.0,194.0,82.0,79.0,35625,35636,35628,35631,0,35636,STANDBY
0.4399999976158142,0.4000000059604645,10.449999809265137,0.0,0.0,157.6999969482422,1004.4170532226562,23.459999084472656,10.38536548614502,37.26451873779297,0,0,0.0,0.0,0.0,0,0,-0.0952177494764328,-156.52999877929688,-0.1826227605342865,0.7672963738441467,206.0,206.0,82.0,79.0,35725,35736,35732,35735,0,35736,STANDBY
-1.409999966621399,-0.49000000953674316,8.239999771118164,0.0,0.0,172.6999969482422,1004.2265625,23.350000381469727,13.695087432861328,54.99613952636719,0,0,0.0,0.0,0.0,0,0,-0.10846278071403503,-171.94000244140625,-0.1892147660255432,0.7499008178710938,203.0,203.0,82.0,79.0,35825,35836,35818,35822,0,35836,STANDBY
0.9200000166893005,0.3700000047683716,7.690000057220459,0.0,0.0,111.19999694824219,1005.4937744140625,24.139999389648438,8.729044914245605,12.462179183959961,0,0,0.0,0.0,0.0,0,0,-0.12134159356355667,177.9199981689453,-0.19443342089653015,0.7318949103355408,197.0,197.0,82.0,79.0,35926,35936,35916,35919,0,35936,STANDBY
0.3100000023841858,0.5899999737739563,10.6899995803833,0.0,0.0,108.9000015258789,1005.8964233398438,24.3799991607666,2.7205748558044434,-39.78759002685547,0,0,0.0,0.0,0.0,0,0,-0.12097537517547607,162.52000427246094,-0.19327372312545776,0.7334513664245605,207.0,207.0,82.0,79.0,36026,36036,36020,36024,0,36036,STANDBY
-0.6499999761581421,0.36000001430511475,10.069999694824219,0.0,0.0,22.200000762939453,1005.9288940429688,24.389999389648438,1.1286375522613525,-44.10125732421875,0,0,0.0,0.0,0.0,0,0,-0.1185949295759201,153.75999450683594,-0.20856349170207977,0.7696768045425415,203.0,203.0,82.0,79.0,36126,36136,36124,36129,0,36136,STANDBY
-0.7400000095367432,0.8899999856948853,11.289999961853027,0.0,0.0,-106.9000015258789,1005.9288940429688,24.389999389648438,0.79277503490448,-17.588159561157227,0,0,0.0,0.0,0.0,0,0,-0.09714041650295258,159.47000122070312,-0.21262244880199432,0.8630939722061157,198.0,198.0,82.0,79.0,36226,36236,36228,36232,0,36236,STANDBY
0.4300000071525574,0.12999999523162842,9.819999694824219,0.0,0.0,-274.8999938964844,1005.9356079101562,24.389999389648438,0.6761374473571777,-5.298300743103027,0,0,0.0,0.0,0.0,0,0,-0.038422804325819016,-178.97000122070312,-0.18903164565563202,0.9633167386054993,199.0,199.0,82.0,79.0,36326,36336,36332,36336,0,36336,STANDBY
0.11999999731779099,-0.05000000074505806,8.460000038146973,0.0,0.0,-307.6000061035156,1005.9296875,24.399999618530273,0.6505904793739319,-1.642016053199768,0,0,0.0,0.0,0.0,0,0,0.023499252274632454,-150.27000427246094,-0.13846248388290405,0.9862361550331116,197.0,197.0,82.0,79.0,36426,36436,36419,36423,0,36436,STANDBY
2.069999933242798,0.0,7.820000171661377,0.0,0.0,-68.9000015258789,1005.94384765625,24.399999618530273,0.5985054969787598,-0.5998167991638184,0,0,0.0,0.0,0.0,0,0,0.06558427959680557,-133.60000610351562,-0.0637836828827858,0.9723502397537231,199.0,199.0,82.0,79.0,36526,36536,36524,36529,0,36536,STANDBY
-0.75,0.2199999988079071,10.899999618530273,0.0,0.0,-74.0,1005.106689453125,23.899999618530273,4.411370754241943,11.264406204223633,0,0,0.0,0.0,0.0,0,0,0.045472580939531326,-130.6199951171875,0.0028077028691768646,0.9742729067802429,196.0,196.0,82.0,79.0,36626,36636,36627,36631,0,36636,STANDBY
-0.5199999809265137,1.2000000476837158,8.920000076293945,0.0,0.0,-205.10000610351562,1004.4645385742188,23.5,10.81309700012207,41.794273376464844,0,0,0.0,0.0,0.0,0,0,0.0319223627448082,-113.69999694824219,0.08035523444414139,0.9354228377342224,204.0,204.0,82.0,79.0,36726,36736,36730,36734,0,36736,STANDBY
1.2000000476837158,0.3799999952316284,7.78000020980835,16.5,0.0,-129.89999389648438,1004.2779541015625,23.389999389648438,13.494806289672852,48.13301086425781,0,0,0.0,0.0,0.0,0,0,0.02542191930115223,-100.41999816894531,0.1275673657655716,0.8935208916664124,195.0,195.0,82.0,79.0,36826,36836,36817,36822,0,36836,STANDBY
0.3799999952316284,-1.309999942779541,8.0600004196167,0.0,21.399999618530273,-165.3000030517578,1005.6012573242188,24.200000762939453,8.013873100280762,5.586453437805176,0,0,0.0,0.0,0.0,0,0,-0.020264290273189545,-79.94999694824219,0.18674275279045105,0.8008056879043579,180.0,180.0,82.0,79.0,36926,36936,36923,36929,0,36936,STANDBY
-0.8700000047683716,-0.18000000715255737,10.640000343322754,-15.100000381469727,0.0,-41.70000076293945,1005.9187622070312,24.389999389648438,2.397887945175171,-42.14440155029297,0,0,0.0,0.0,0.0,0,0,-0.043916136026382446,-67.12000274658203,0.24243904650211334,0.7160863280296326,178.0,178.0,82.0,79.0,37026,37036,37027,37030,0,37036,STANDBY
-0.7200000286102295,-0.9200000166893005,12.15999984741211,0.0,0.0,-108.4000015258789,1005.92529296875,24.399999618530273,1.0590806007385254,-42.23500061035156,0,0,0.0,0.0,0.0,0,0,-0.04461806267499924,-62.4900016784668,0.2682882249355316,0.670796811580658,173.0,173.0,82.0,79.0,37126,37136,37130,37133,0,37136,STANDBY
0.20999999344348907,-0.07999999821186066,9.760000228881836,0.0,-17.100000381469727,-211.89999389648438,1005.9310913085938,24.40999984741211,0.7539129257202148,-15.92494010925293,0,0,0.0,0.0,0.0,0,0,-0.05154576152563095,-47.560001373291016,0.28827783465385437,0.5529343485832214,175.0,175.0,82.0,79.0,37226,37236,37217,37220,0,37236,STANDBY
1.590000033378601,-0.9100000262260437,6.920000076293945,0.0,0.0,-186.60000610351562,1005.912841796875,24.40999984741211,0.7871537804603577,-4.241235256195068,0,0,0.0,0.0,0.0,0,0,-0.07016205042600632,-29.760000228881836,0.29703664779663086,0.41026031970977783,164.0,164.0,82.0,79.0,37326,37336,37329,37332,0,37336,STANDBY
-0.3799999952316284,-0.12999999523162842,7.980000019073486,0.0,0.0,-198.6999969482422,1005.9193725585938,24.420000076293945,0.813378095626831,-0.4825301170349121,0,0,0.0,0.0,0.0,0,0,-0.07211523503065109,-7.139999866485596,0.3071382939815521,0.18482010066509247,153.0,153.0,118.0,115.0,37426,37436,37431,37435,0,37436,STANDBY
1.6699999570846558,-1.5,11.260000228881836,0.0,0.0,0.0,1005.921875,24.40999984741211,0.7609949111938477,-0.11500188708305359,0,0,0.0,0.0,0.0,0,0,-0.036866359412670135,-1.5499999523162842,0.32932522892951965,0.0632953867316246,153.0,153.0,118.0,115.0,37526,37536,37518,37521,0,37536,STANDBY
0.5400000214576721,-0.8700000047683716,11.789999961853027,0.0,0.0,-123.9000015258789,1005.0431518554688,23.8700008392334,4.699968338012695,11.411322593688965,0,0,0.0,0.0,0.0,0,0,-0.04608295112848282,4.71999979019165,0.33075961470603943,-0.003418073058128357,157.0,157.0,118.0,115.0,37626,37636,37626,37629,0,37636,STANDBY
0.49000000953674316,1.1299999952316284,7.670000076293945,0.0,0.0,-234.8000030517578,1004.266845703125,23.399999618530273,12.131585121154785,46.239681243896484,0,0,0.0,0.0,0.0,0,0,-0.05813775956630707,26.030000686645508,0.33655813336372375,-0.2710654139518738,155.0,155.0,118.0,115.0,37726,37736,37728,37732,0,37736,STANDBY
2.1700000762939453,0.47999998927116394,6.650000095367432,-17.5,0.0,-203.6999969482422,1004.2171630859375,23.360000610351562,14.275829315185547,51.6689567565918,0,0,0.0,0.0,0.0,0,0,-0.0870387926697731,43.61000061035156,0.3318887948989868,-0.4449598789215088,148.0,148.0,118.0,115.0,37826,37836,37824,37829,0,37836,STANDBY
1.75,1.4800000190734863,9.489999771118164,0.0,0.0,-169.8000030517578,1005.7251586914062,24.290000915527344,7.74896764755249,1.0715770721435547,0,0,0.0,0.0,0.0,0,0,-0.08902249485254288,61.900001525878906,0.26691487431526184,-0.7112033367156982,136.0,136.0,118.0,115.0,37926,37936,37928,37932,0,37936,STANDBY
1.899999976158142,-0.46000000834465027,12.600000381469727,0.0,0.0,-68.30000305175781,1005.9142456054688,24.40999984741211,2.258204221725464,-47.402462005615234,0,0,0.0,0.0,0.0,0,0,-0.0946379005908966,73.6500015258789,0.21994689106941223,-0.843775749206543,145.0,145.0,118.0,115.0,38026,38036,38028,38031,0,38036,STANDBY
0.7400000095367432,0.1599999964237213,11.609999656677246,0.0,23.899999618530273,-155.89999389648438,1005.940185546875,24.420000076293945,0.9354003071784973,-43.59363555908203,0,0,0.0,0.0,0.0,0,0,-0.09216590225696564,82.37000274658203,0.19949950277805328,-0.9009063839912415,158.0,158.0,118.0,115.0,38126,38136,38124,38129,0,38136,STANDBY
0.029999999329447746,1.1100000143051147,6.739999771118164,0.0,24.5,-206.6999969482422,1005.9395141601562,24.420000076293945,0.6922379732131958,-15.544137001037598,0,0,0.0,0.0,0.0,0,0,-0.0876186415553093,103.37999725341797,0.14502395689487457,-0.9787896275520325,163.0,163.0,118.0,115.0,38226,38236,38226,38230,0,38236,STANDBY
-0.05000000074505806,1.1699999570846558,7.340000152587891,0.0,0.0,-137.5,1005.9429931640625,24.420000076293945,0.6407841444015503,-4.122280120849609,0,0,0.0,0.0,0.0,0,0,-0.09781182557344437,115.81999969482422,0.1355937421321869,-0.9859004616737366,156.0,156.0,118.0,115.0,38326,38336,38319,38322,0,38336,STANDBY
-0.7300000190734863,0.20999999344348907,9.630000114440918,0.0,0.0,-157.3000030517578,1005.9420166015625,24.40999984741211,0.5851666331291199,-1.2358369827270508,0,0,0.0,0.0,0.0,0,0,-0.0787987932562828,131.0500030517578,0.051942504942417145,-0.9852595329284668,152.0,152.0,118.0,115.0,38426,38436,38422,38425,0,38436,STANDBY
1.3300000429153442,1.4500000476837158,11.890000343322754,15.199999809265137,0.0,-92.0,1005.908447265625,24.40999984741211,0.762693464756012,0.07418844103813171,0,0,0.0,0.0,0.0,0,0,-0.06826990842819214,142.8800048828125,-0.02941984310746193,-0.9680166244506836,165.0,165.0,118.0,115.0,38526,38536,38525,38530,0,38536,STANDBY
-0.8299999833106995,-0.12999999523162842,10.1899995803833,0.0,0.0,-157.1999969482422,1005.1804809570312,23.959999084472656,4.125876426696777,10.867770195007324,0,0,0.0,0.0,0.0,0,0,-0.02630695514380932,155.10000610351562,-0.08099612593650818,-0.938566267490387,167.0,167.0,118.0,115.0,38626,38636,38630,38633,0,38636,STANDBY
-0.4099999964237213,0.4300000071525574,7.03000020980835,0.0,0.0,-174.6999969482422,1004.4757690429688,23.530000686645508,10.6243314743042,40.294349670410156,0,0,0.0,0.0,0.0,0,0,0.01116977445781231,174.41000366210938,-0.10986663401126862,-0.8710592985153198,161.0,161.0,118.0,115.0,38726,38736,38729,38732,0,38736,STANDBY
-0.800000011920929,0.3499999940395355,8.949999809265137,0.0,0.0,-82.5999984741211,1004.2835693359375,23.399999618530273,13.459794998168945,48.350547790527344,0,0,0.0,0.0,0.0,0,0,0.028046511113643646,-175.89999389648438,-0.14102603495121002,-0.8277535438537598,158.0,158.0,118.0,115.0,38827,38836,38827,38831,0,38836,STANDBY
-0.41999998688697815,-0.44999998807907104,11.010000228881836,0.0,0.0,-110.80000305175781,1005.506103515625,24.15999984741211,8.647552490234375,8.99215316772461,0,0,0.0,0.0,0.0,0,0,0.06424146145582199,-163.1300048828125,-0.19232764840126038,-0.7541123628616333,155.0,155.0,118.0,115.0,38927,38936,38931,38934,0,38936,STANDBY
-1.25,1.690000057220459,10.640000343322754,0.0,0.0,-42.0,1005.9176635742188,24.40999984741211,2.432955741882324,-41.23817443847656,0,0,0.0,0.0,0.0,0,0,0.0787682756781578,-156.17999267578125,-0.23538926243782043,-0.6987823247909546,158.0,158.0,118.0,115.0,39027,39036,39018,39021,0,39036,STANDBY
-0.3799999952316284,0.0,9.65999984741211,0.0,0.0,-83.30000305175781,1005.9395141601562,24.420000076293945,1.0192701816558838,-44.585018157958984,0,0,0.0,0.0,0.0,0,0,0.08560442179441452,-149.3699951171875,-0.26599931716918945,-0.6326792240142822,164.0,164.0,118.0,115.0,39127,39136,39121,39126,0,39136,STANDBY
-1.1399999856948853,-0.5299999713897705,7.400000095367432,-18.5,0.0,-160.10000610351562,1005.9319458007812,24.40999984741211,0.738353967666626,-16.56117057800293,0,0,0.0,0.0,0.0,0,0,0.10638752579689026,-134.47999572753906,-0.28125858306884766,-0.5069429874420166,161.0,161.0,118.0,115.0,39227,39236,39226,39230,0,39236,STANDBY
1.0199999809265137,0.3199999928474426,9.010000228881836,0.0,-18.5,-119.9000015258789,1005.9285888671875,24.40999984741211,0.7331641912460327,-4.40433931350708,0,0,0.0,0.0,0.0,0,0,0.07617419958114624,-123.02999877929688,-0.287118136882782,-0.3897823989391327,155.0,155.0,118.0,115.0,39327,39336,39329,39333,0,39336,STANDBY
0.3700000047683716,-1.2599999904632568,10.359999656677246,0.0,0.0,-114.30000305175781,1005.9252319335938,24.40999984741211,0.7542482018470764,-0.6984065175056458,0,0,0.0,0.0,0.0,0,0,0.05331583693623543,-112.7300033569336,-0.30698567628860474,-0.2682271897792816,153.0,153.0,118.0,115.0,39427,39436,39415,39419,0,39436,STANDBY
1.1699999570846558,-1.2100000381469727,9.640000343322754,0.0,0.0,-82.5999984741211,1005.936279296875,24.420000076293945,0.6847584247589111,-0.29464852809906006,0,0,0.0,0.0,0.0,0,0,0.03024384379386902,-101.61000061035156,-0.32181769609451294,-0.10519730299711227,141.0,141.0,118.0,115.0,39527,39536,39520,39523,0,39536,STANDBY
-0.07000000029802322,-0.9599999785423279,10.34000015258789,0.0,0.0,0.0,1005.1146850585938,23.90999984741211,4.389922142028809,10.756624221801758,0,0,0.0,0.0,0.0,0,0,-0.01834162510931492,-97.70999908447266,-0.3416852355003357,0.014252143912017345,145.0,145.0,118.0,115.0,39627,39636,39623,39627,0,39636,STANDBY
-0.3499999940395355,-0.27000001072883606,9.380000114440918,0.0,0.0,-158.10000610351562,1004.4425048828125,23.5,10.918999671936035,41.653011322021484,0,0,0.0,0.0,0.0,0,0,-0.030365917831659317,-87.87000274658203,-0.3496505618095398,0.19675283133983612,144.0,144.0,118.0,115.0,39727,39736,39727,39730,0,39736,STANDBY
0.44999998807907104,-0.7900000214576721,8.039999961853027,0.0,0.0,-52.79999923706055,1004.2411499023438,23.3700008392334,13.561235427856445,48.067623138427734,0,0,0.0,0.0,0.0,0,0,-0.034455396234989166,-75.9000015258789,-0.3412274420261383,0.41602832078933716,143.0,143.0,118.0,115.0,39827,39836,39831,39834,0,39836,STANDBY
0.07999999821186066,-0.33000001311302185,8.449999809265137,0.0,0.0,-169.3000030517578,1005.4893188476562,24.15999984741211,8.836318969726562,8.551080703735352,0,0,0.0,0.0,0.0,0,0,-0.04098635911941528,-67.72000122070312,-0.31208229064941406,0.5771965980529785,142.0,142.0,118.0,115.0,39927,39936,39918,39921,0,39936,STANDBY
1.1200000047683716,0.029999999329447746,11.140000343322754,0.0,0.0,-117.0,1005.8998413085938,24.40999984741211,2.6237690448760986,-40.5494384765625,0,0,0.0,0.0,0.0,0,0,-0.012604144401848316,-54.369998931884766,-0.25681325793266296,0.7630237936973572,140.0,140.0,118.0,115.0,40027,40036,40023,40026,0,40036,STANDBY
0.5099999904632568,-1.059999942779541,11.039999961853027,0.0,0.0,-58.599998474121094,1005.9295043945312,24.420000076293945,1.1126043796539307,-44.935630798339844,0,0,0.0,0.0,0.0,0,0,0.0062257759273052216,-46.15999984741211,-0.20487076044082642,0.8663899898529053,153.0,153.0,118.0,115.0,40127,40136,40127,40130,0,40136,STANDBY
0.49000000953674316,-0.38999998569488525,9.210000038146973,0.0,0.0,-175.1999969482422,1005.9132080078125,24.420000076293945,0.8904920816421509,-16.851659774780273,0,0,0.0,0.0,0.0,0,0,0.03814813867211342,-35.58000183105469,-0.14752647280693054,0.938962996006012,156.0,156.0,118.0,115.0,40227,40236,40231,40236,0,40236,STANDBY
1.399999976158142,-0.7799999713897705,7.099999904632568,0.0,0.0,-216.3000030517578,1005.9275512695312,24.420000076293945,0.7701842188835144,-4.649727821350098,0,0,0.0,0.0,0.0,0,0,0.05609302222728729,-17.93000030517578,-0.10443434119224548,0.9834589958190918,156.0,156.0,118.0,115.0,40328,40336,40316,40321,0,40336,STANDBY
1.2599999904632568,-0.44999998807907104,8.210000038146973,0.0,0.0,-160.6999969482422,1005.9207763671875,24.420000076293945,0.7547472715377808,-1.4184088706970215,0,0,0.0,0.0,0.0,0,0,0.07550279051065445,-2.2799999713897705,-0.04110843315720558,0.9963072538375854,154.0,154.0,118.0,115.0,40428,40436,40421,40424,0,40436,STANDBY
0.9100000262260437,1.2599999904632568,9.510000228881836,0.0,0.0,-50.900001525878906,1005.9334106445312,24.420000076293945,0.6810038089752197,-0.663754403591156,0,0,0.0,0.0,0.0,0,0,0.07306130975484848,9.680000305175781,0.023987548425793648,0.9937132000923157,153.0,153.0,118.0,115.0,40528,40536,40524,40528,0,40536,STANDBY
1.4700000286102295,-1.3899999856948853,11.300000190734863,0.0,0.0,-64.9000015258789,1005.94970703125,24.420000076293945,0.6149462461471558,-0.5480561256408691,0,0,0.0,0.0,0.0,0,0,0.062349315732717514,16.149999618530273,0.061372723430395126,0.9898983836174011,168.0,168.0,118.0,115.0,40628,40636,40629,40632,0,40636,STANDBY
1.440000057220459,1.0199999809265137,9.579999923706055,0.0,0.0,-65.80000305175781,1004.2760009765625,23.399999618530273,11.153565406799316,39.21450424194336,0,0,0.0,0.0,0.0,0,0,0.0473647266626358,25.829999923706055,0.10458692908287048,0.9792168736457825,173.0,173.0,118.0,115.0,40728,40736,40732,40735,0,40736,STANDBY
1.0700000524520874,0.9300000071525574,8.9399995803833,0.0,0.0,-77.69999694824219,1004.1246948242188,23.299999237060547,14.62165641784668,63.573604583740234,0,0,0.0,0.0,0.0,0,0,0.035279396921396255,31.239999771118164,0.14175847172737122,0.9707327485084534,170.0,170.0,118.0,115.0,40828,40836,40818,40822,0,40836,STANDBY
0.9599999785423279,0.25,9.65999984741211,0.0,0.0,-36.20000076293945,1005.49267578125,24.15999984741211,9.086256980895996,13.171741485595703,0,0,0.0,0.0,0.0,0,0,0.01663258858025074,36.66999816894531,0.16431166231632233,0.9632557034492493,176.0,176.0,118.0,115.0,40928,40936,40923,40926,0,40936,STANDBY
0.8100000023841858,0.36000001430511475,9.8100004196167,0.0,0.0,-33.099998474121094,1005.9092407226562,24.420000076293945,2.702871322631836,-43.84767532348633,0,0,0.0,0.0,0.0,0,0,0.0006408886983990669,40.54999923706055,0.1832331269979477,0.9576097726821899,180.0,180.0,118.0,115.0,41028,41036,41026,41031,0,41036,STANDBY
0.7900000214576721,-0.12999999523162842,9.569999694824219,0.0,0.0,-23.700000762939453,1005.928466796875,24.420000076293945,1.1084870100021362,-46.95249938964844,0,0,0.0,0.0,0.0,0,0,-0.012176885269582272,43.13999938964844,0.19547104835510254,0.9543748497962952,186.0,186.0,118.0,115.0,41128,41136,41131,41134,0,41136,STANDBY
0.550000011920929,0.03999999910593033,9.9399995803833,0.0,0.0,-46.0,1005.936767578125,24.420000076293945,0.7298585176467896,-18.361495971679688,0,0,0.0,0.0,0.0,0,0,-0.024842066690325737,46.029998779296875,0.20142216980457306,0.9503158926963806,191.0,191.0,118.0,115.0,41228,41236,41217,41221,0,41236,STANDBY
1.0199999809265137,0.7900000214576721,10.1899995803833,0.0,0.0,-36.900001525878906,1005.930908203125,24.420000076293945,0.6783915162086487,-5.348389625549316,0,0,0.0,0.0,0.0,0,0,-0.035218361765146255,51.22999954223633,0.2131412774324417,0.9409772157669067,194.0,194.0,118.0,115.0,41328,41336,41321,41324,0,41336,STANDBY
1.1100000143051147,0.33000001311302185,9.279999732971191,0.0,0.0,-112.5,1005.9266967773438,24.420000076293945,0.6749669313430786,-1.2886555194854736,0,0,0.0,0.0,0.0,0,0,-0.05230872705578804,58.13999938964844,0.21573534607887268,0.9272438883781433,199.0,199.0,118.0,115.0,41428,41436,41424,41432,0,41436,STANDBY
0.27000001072883606,1.3300000429153442,9.229999542236328,0.0,0.0,-129.8000030517578,1005.930908203125,24.420000076293945,0.6897678375244141,-0.14171889424324036,0,0,0.0,0.0,0.0,0,0,-0.06570634990930557,71.41999816894531,0.23203222453594208,0.8907437324523926,198.0,198.0,118.0,115.0,41528,41536,41529,41532,0,41536,STANDBY
-0.3700000047683716,0.4000000059604645,9.010000228881836,0.0,0.0,-220.3000030517578,1005.9553833007812,24.420000076293945,0.5646681785583496,-0.3011590540409088,0,0,0.0,0.0,0.0,0,0,-0.09955137968063354,87.8499984741211,0.24295786023139954,0.8289742469787598,194.0,194.0,118.0,115.0,41628,41636,41615,41619,0,41636,STANDBY
0.8100000023841858,0.33000001311302185,9.819999694824219,0.0,0.0,-25.600000381469727,1004.3761596679688,23.459999084472656,10.442493438720703,36.4163932800293,0,0,0.0,0.0,0.0,0,0,-0.10492263734340668,100.55000305175781,0.2527543008327484,0.7748039364814758,203.0,203.0,118.0,115.0,41728,41736,41719,41723,0,41736,STANDBY
1.1699999570846558,0.3499999940395355,12.199999809265137,0.0,0.0,-155.0,1004.3270874023438,23.420000076293945,13.280523300170898,58.19115447998047,0,0,0.0,0.0,0.0,0,0,-0.10574663430452347,109.83999633789062,0.2688680589199066,0.730063796043396,213.0,213.0,118.0,115.0,41828,41836,41824,41828,0,41836,STANDBY
-0.41999998688697815,1.1100000143051147,8.079999923706055,0.0,0.0,-140.89999389648438,1005.53515625,24.18000030517578,8.28129768371582,11.08163070678711,0,0,0.0,0.0,0.0,0,0,-0.12311166524887085,127.37000274658203,0.28104496002197266,0.6266670823097229,217.0,217.0,118.0,115.0,41928,41936,41928,41931,0,41936,STANDBY
-0.5,0.4399999976158142,7.369999885559082,0.0,0.0,-201.5,1005.9300537109375,24.420000076293945,2.4366183280944824,-40.28841018676758,0,0,0.0,0.0,0.0,0,0,-0.14554277062416077,140.4499969482422,0.28223517537117004,0.5368205904960632,209.0,209.0,118.0,115.0,42028,42036,42025,42031,0,42036,STANDBY
1.1100000143051147,-0.8500000238418579,8.890000343322754,0.0,0.0,-119.0,1005.9290771484375,24.43000030517578,1.06071138381958,-42.59880065917969,0,0,0.0,0.0,0.0,0,0,-0.14566484093666077,158.61000061035156,0.2926114797592163,0.39219337701797485,205.0,205.0,118.0,115.0,42128,42136,42129,42133,0,42136,STANDBY
-0.5400000214576721,1.7400000095367432,12.84000015258789,0.0,0.0,-56.5,1005.9545288085938,24.420000076293945,0.6517798900604248,-16.63666343688965,0,0,0.0,0.0,0.0,0,0,-0.11026337742805481,161.77999877929688,0.317209392786026,0.3566087782382965,212.0,212.0,118.0,115.0,42228,42236,42229,42232,0,42236,STANDBY
1.5199999809265137,0.07999999821186066,9.65999984741211,0.0,0.0,-212.5,1005.934326171875,24.420000076293945,0.6333767771720886,-5.02249813079834,0,0,0.0,0.0,0.0,0,0,-0.11294900625944138,177.3699951171875,0.31232643127441406,0.21573534607887268,222.0,222.0,118.0,115.0,42328,42336,42329,42332,0,42336,STANDBY
-0.47999998927116394,-0.7099999785423279,7.25,0.0,0.0,-101.69999694824219,1005.9300537109375,24.420000076293945,0.6655658483505249,-1.018707275390625,0,0,0.0,0.0,0.0,0,0,-0.1028473749756813,-164.16000366210938,0.32123783230781555,0.025666067376732826,214.0,214.0,118.0,115.0,42428,42436,42430,42434,0,42436,STANDBY
-1.340000033378601,-0.30000001192092896,8.25,0.0,0.0,-160.39999389648438,1005.9334106445312,24.420000076293945,0.6578035354614258,-0.03599931299686432,0,0,0.0,0.0,0.0,0,0,-0.10797448456287384,-150.30999755859375,0.3236792981624603,-0.1115756705403328,203.0,203.0,118.0,115.0,42528,42536,42526,42531,0,42536,STANDBY
-0.07000000029802322,0.5,10.329999923706055,0.0,17.5,-177.60000610351562,1005.6370239257812,24.229999542236328,1.9986066818237305,4.0065531730651855,0,0,0.0,0.0,0.0,0,0,-0.06637775897979736,-130.6199951171875,0.3232825696468353,-0.3669240474700928,197.0,197.0,118.0,115.0,42628,42636,42631,42635,0,42636,STANDBY
-1.6100000143051147,-1.590000033378601,13.890000343322754,0.0,0.0,-34.0,1004.2686157226562,23.40999984741211,10.959712982177734,38.88481521606445,0,0,0.0,0.0,0.0,0,0,-0.039277322590351105,-122.98999786376953,0.316995769739151,-0.47843867540359497,200.0,200.0,118.0,115.0,42728,42736,42729,42733,0,42736,STANDBY
0.3499999940395355,-0.25,8.979999542236328,0.0,0.0,-186.3000030517578,1004.389404296875,23.479999542236328,13.144275665283203,54.28863525390625,0,0,0.0,0.0,0.0,0,0,-0.035248879343271255,-113.20999908447266,0.29798272252082825,-0.6012756824493408,196.0,196.0,118.0,115.0,42828,42836,42827,42831,0,42836,STANDBY
0.33000001311302185,-0.25999999046325684,5.409999847412109,0.0,0.0,-194.10000610351562,1005.5292358398438,24.190000534057617,8.1638822555542,8.090998649597168,0,0,0.0,0.0,0.0,0,0,-0.08276619762182236,-90.12999725341797,0.2773827314376831,-0.7533189058303833,189.0,189.0,118.0,115.0,42928,42936,42923,42926,0,42936,STANDBY
-0.029999999329447746,-1.6200000047683716,8.6899995803833,0.0,0.0,-143.89999389648438,1005.876220703125,24.40999984741211,2.647400379180908,-40.205623626708984,0,0,0.0,0.0,0.0,0,0,-0.09683523327112198,-79.58999633789062,0.24744407832622528,-0.826471745967865,178.0,178.0,118.0,115.0,43028,43036,43019,43022,0,43036,STANDBY
0.6399999856948853,-1.149999976158142,10.680000305175781,0.0,0.0,-145.39999389648438,1005.9039916992188,24.420000076293945,1.2947546243667603,-40.82625198364258,0,0,0.0,0.0,0.0,0,0,-0.10422071069478989,-64.31999969482422,0.1749015748500824,-0.922086238861084,172.0,172.0,118.0,115.0,43128,43136,43123,43126,0,43136,STANDBY
0.11999999731779099,-0.9800000190734863,12.609999656677246,0.0,0.0,-40.79999923706055,1005.9332885742188,24.43000030517578,0.8147750496864319,-16.179563522338867,0,0,0.0,0.0,0.0,0,0,-0.10235907882452011,-54.849998474121094,0.13367107510566711,-0.9559617638587952,179.0,179.0,118.0,115.0,43229,43236,43222,43225,0,43236,STANDBY
0.44999998807907104,-0.1599999964237213,10.489999771118164,16.200000762939453,0.0,-216.1999969482422,1005.931884765625,24.420000076293945,0.7078683972358704,-5.560633182525635,0,0,0.0,0.0,0.0,0,0,-0.1031525656580925,-41.4900016784668,0.08322397619485855,-0.982665479183197,186.0,186.0,118.0,115.0,43329,43336,43319,43323,0,43336,STANDBY
1.0099999904632568,-0.4699999988079071,7.03000020980835,0.0,0.0,-132.8000030517578,1005.9332885742188,24.43000030517578,0.6888617277145386,-1.603210210800171,0,0,0.0,0.0,0.0,0,0,-0.1035187840461731,-18.93000030517578,0.029725028201937675,-0.9926145076751709,178.0,178.0,118.0,115.0,43429,43436,43417,43420,0,43436,STANDBY
0.9599999785423279,0.2800000011920929,8.119999885559082,0.0,0.0,-179.5,1005.9324340820312,24.43000030517578,0.6616641283035278,-0.5145297050476074,0,0,0.0,0.0,0.0,0,0,-0.1028778925538063,-3.359999895095825,-0.006927701644599438,-0.9798578023910522,172.0,172.0,118.0,115.0,43529,43536,43528,43532,0,43536,STANDBY
1.909999966621399,-1.7899999618530273,11.600000381469727,-15.399999618530273,0.0,-75.4000015258789,1005.0398559570312,23.8700008392334,4.715484619140625,11.931466102600098,0,0,0.0,0.0,0.0,0,0,-0.08038575202226639,10.25,-0.07852412760257721,-0.9675893187522888,170.0,170.0,118.0,115.0,43629,43636,43631,43635,0,43636,STANDBY
1.0700000524520874,-0.8100000023841858,13.5,0.0,0.0,-92.9000015258789,1004.227783203125,23.3700008392334,12.398561477661133,47.80076599121094,0,0,0.0,0.0,0.0,0,0,-0.06765953451395035,15.920000076293945,-0.09338664263486862,-0.9602038860321045,188.0,188.0,118.0,115.0,43729,43736,43727,43732,0,43736,STANDBY
0.2199999988079071,0.09000000357627869,8.880000114440918,0.0,0.0,-268.70001220703125,1004.2420043945312,23.3799991607666,14.16952133178711,51.571128845214844,0,0,0.0,0.0,0.0,0,0,-0.03643910214304924,34.70000076293945,-0.13983580470085144,-0.9175390005111694,197.0,197.0,118.0,115.0,43829,43836,43827,43832,0,43836,STANDBY
0.11999999731779099,-0.09000000357627869,6.690000057220459,0.0,0.0,-95.4000015258789,1005.6095581054688,24.229999542236328,8.169923782348633,1.0030956268310547,0,0,0.0,0.0,0.0,0,0,-0.008545182645320892,53.650001525878906,-0.15237891674041748,-0.8477736711502075,192.0,192.0,118.0,115.0,43929,43936,43921,43924,0,43936,STANDBY
0.25,0.5199999809265137,7.849999904632568,0.0,0.0,-136.39999389648438,1005.9227905273438,24.420000076293945,2.4044971466064453,-46.18003845214844,0,0,0.0,0.0,0.0,0,0,0.006500442512333393,66.33000183105469,-0.17847225069999695,-0.7932370901107788,189.0,189.0,118.0,115.0,44029,44036,44017,44020,0,44036,STANDBY
2.3299999237060547,-0.019999999552965164,12.010000228881836,0.0,0.0,-50.599998474121094,1005.9324340820312,24.43000030517578,1.0026540756225586,-44.0999755859375,0,0,0.0,0.0,0.0,0,0,0.01989806815981865,77.47000122070312,-0.24140140414237976,-0.748252809047699,195.0,195.0,118.0,115.0,44129,44136,44122,44125,0,44136,STANDBY
1.100000023841858,0.550000011920929,13.300000190734863,0.0,0.0,-158.10000610351562,1005.929931640625,24.43000030517578,0.7417725324630737,-16.39432144165039,0,0,0.0,0.0,0.0,0,0,0.03744621202349663,85.83999633789062,-0.23929563164710999,-0.7011932730674744,212.0,212.0,118.0,115.0,44229,44236,44229,44232,0,44236,STANDBY
-0.10000000149011612,-0.3100000023841858,7.909999847412109,0.0,15.300000190734863,-313.79998779296875,1005.943359375,24.43000030517578,0.6140424013137817,-4.691938400268555,0,0,0.0,0.0,0.0,0,0,0.09271523356437683,110.23999786376953,-0.27500230073928833,-0.5424970388412476,219.0,219.0,118.0,115.0,44329,44336,44328,44333,0,44336,STANDBY
0.27000001072883606,0.550000011920929,6.590000152587891,0.0,0.0,-95.19999694824219,1005.9453125,24.420000076293945,0.5539035797119141,-1.6287012100219727,0,0,0.0,0.0,0.0,0,0,0.1351664811372757,128.50999450683594,-0.25681325793266296,-0.41050446033477783,215.0,215.0,118.0,115.0,44429,44436,44420,44424,0,44436,STANDBY
-0.17000000178813934,-0.7900000214576721,7.900000095367432,0.0,0.0,-149.0,1005.950927734375,24.43000030517578,0.5089515447616577,-0.7647111415863037,0,0,0.0,0.0,0.0,0,0,0.14395581185817719,142.14999389648438,-0.2627338469028473,-0.29911190271377563,209.0,209.0,118.0,115.0,44529,44536,44530,44534,0,44536,STANDBY
0.5699999928474426,0.8100000023841858,12.020000457763672,16.299999237060547,0.0,-33.400001525878906,1005.2645263671875,24.010000228881836,3.6668543815612793,9.241813659667969,0,0,0.0,0.0,0.0,0,0,0.09863582253456116,150.07000732421875,-0.3028962016105652,-0.21082186698913574,213.0,213.0,118.0,115.0,44630,44636,44616,44620,0,44636,STANDBY
0.009999999776482582,0.7699999809265137,13.510000228881836,0.0,0.0,-145.8000030517578,1004.5236206054688,23.549999237060547,10.15687084197998,38.70174789428711,0,0,0.0,0.0,0.0,0,0,0.10199286043643951,157.5,-0.30603960156440735,-0.143620103597641,226.0,226.0,118.0,115.0,44730,44736,44726,44729,0,44736,STANDBY
0.7799999713897705,-0.3199999928474426,7.099999904632568,0.0,0.0,-296.6000061035156,1004.4968872070312,23.530000686645508,12.053747177124023,44.3686408996582,0,0,0.0,0.0,0.0,0,0,0.12448500096797943,-179.1300048828125,-0.30539873242378235,0.07409894466400146,226.0,226.0,118.0,115.0,44830,44836,44823,44827,0,44836,STANDBY
0.3499999940395355,-0.2800000011920929,7.230000019073486,0.0,0.0,-50.79999923706055,1005.7720336914062,24.309999465942383,6.708351135253906,2.6567087173461914,0,0,0.0,0.0,0.0,0,0,0.143528550863266,-164.60000610351562,-0.2952055335044861,0.2070680856704712,222.0,222.0,118.0,115.0,44930,44936,44918,44921,0,44936,STANDBY
-0.6399999856948853,-0.6600000262260437,7.960000038146973,0.0,0.0,-138.10000610351562,1005.94921875,24.43000030517578,1.8748270273208618,-39.6922607421875,0,0,0.0,0.0,0.0,0,0,0.11798455566167831,-151.8699951171875,-0.29819634556770325,0.36017945408821106,213.0,213.0,118.0,115.0,45030,45036,45032,45035,0,45036,STANDBY
-1.2699999809265137,0.6399999856948853,12.3100004196167,0.0,0.0,-82.69999694824219,1005.9645385742188,24.43000030517578,0.6925401091575623,-38.11357498168945,0,0,0.0,0.0,0.0,0,0,0.059968870133161545,-141.92999267578125,-0.29102450609207153,0.5280312299728394,212.0,212.0,118.0,115.0,45130,45136,45119,45122,0,45136,STANDBY
-1.0299999713897705,0.30000001192092896,13.850000381469727,0.0,0.0,-132.3000030517578,1005.963623046875,24.43000030517578,0.4831162393093109,-13.813165664672852,0,0,0.0,0.0,0.0,0,0,0.07834101468324661,-134.63999938964844,-0.286629855632782,0.5775322914123535,227.0,227.0,118.0,115.0,45230,45236,45227,45233,0,45236,STANDBY
1.090000033378601,0.03999999910593033,7.0,0.0,0.0,-290.1000061035156,1005.950927734375,24.43000030517578,0.5254631638526917,-3.3206262588500977,0,0,0.0,0.0,0.0,0,0,0.08969389647245407,-112.79000091552734,-0.2300180047750473,0.7750480771064758,228.0,228.0,118.0,115.0,45330,45336,45327,45333,0,45336,STANDBY
-0.23000000417232513,-0.9599999785423279,6.539999961853027,0.0,0.0,-100.5999984741211,1005.951904296875,24.43000030517578,0.5246132612228394,-0.4370522201061249,0,0,0.0,0.0,0.0,0,0,0.1280556619167328,-92.91000366210938,-0.21106600761413574,0.8638263940811157,217.0,217.0,118.0,115.0,45430,45436,45420,45423,0,45436,STANDBY
1.2999999523162842,0.14000000059604645,8.130000114440918,0.0,0.0,-128.39999389648438,1005.9476318359375,24.43000030517578,0.5275828838348389,-0.09599817544221878,0,0,0.0,0.0,0.0,0,0,0.1356852948665619,-79.54000091552734,-0.1579027622938156,0.9234595894813538,209.0,209.0,118.0,115.0,45530,45536,45532,45536,0,45536,STANDBY
-0.23999999463558197,0.25,13.489999771118164,0.0,0.0,-49.599998474121094,1005.17578125,23.950000762939453,4.018716335296631,10.401261329650879,0,0,0.0,0.0,0.0,0,0,0.12070070207118988,-69.83000183105469,-0.09219641983509064,0.9628894925117493,209.0,209.0,118.0,115.0,45630,45636,45632,45635,0,45636,STANDBY
0.3100000023841858,-1.0,14.4399995803833,0.0,0.0,-114.30000305175781,1004.4385986328125,23.5,10.951078414916992,42.478179931640625,0,0,0.0,0.0,0.0,0,0,0.12491226196289062,-64.43000030517578,-0.08642841875553131,0.9723502397537231,221.0,221.0,118.0,115.0,45730,45736,45723,45727,0,45736,STANDBY
1.2100000381469727,2.190000057220459,8.319999694824219,-28.399999618530273,0.0,-359.29998779296875,1004.39404296875,23.489999771118164,12.790796279907227,47.04930877685547,0,0,0.0,0.0,0.0,0,0,0.11844233423471451,-39.15999984741211,-0.0072634052485227585,0.9926145076751709,221.0,221.0,118.0,115.0,45830,45836,45824,45827,0,45836,STANDBY
1.399999976158142,-0.7200000286102295,5.739999771118164,-16.100000381469727,0.0,-15.5,1005.559814453125,24.209999084472656,7.9640631675720215,4.162314414978027,0,0,0.0,0.0,0.0,0,0,0.11551255732774734,-14.609999656677246,-0.005890072323381901,0.964201807975769,210.0,210.0,118.0,115.0,45930,45936,45931,45934,0,45936,STANDBY
1.5099999904632568,-0.8700000047683716,8.479999542236328,-18.299999237060547,0.0,-139.60000610351562,1005.95263671875,24.450000762939453,2.0794837474823,-41.18490219116211,0,0,0.0,0.0,0.0,0,0,0.11044648289680481,-6.489999771118164,0.009949034079909325,0.9531235694885254,202.0,202.0,118.0,115.0,46030,46036,46027,46033,0,46036,STANDBY
0.10000000149011612,-0.6299999952316284,11.399999618530273,0.0,0.0,-89.0,1005.9515380859375,24.450000762939453,0.8253074288368225,-42.30519104003906,0,0,0.0,0.0,0.0,0,0,0.08029419928789139,3.299999952316284,0.09073153138160706,0.9499496221542358,200.0,200.0,118.0,115.0,46130,46136,46131,46135,0,46136,STANDBY
0.25999999046325684,-0.7300000190734863,14.380000114440918,17.600000381469727,0.0,-83.5,1005.9659423828125,24.459999084472656,0.5056459903717041,-15.523492813110352,0,0,0.0,0.0,0.0,0,0,0.07602160423994064,9.520000457763672,0.09714041650295258,0.9327067136764526,219.0,219.0,118.0,115.0,46230,46236,46223,46226,0,46236,STANDBY
0.4399999976158142,0.49000000953674316,11.1899995803833,32.29999923706055,0.0,-242.8000030517578,1005.9659423828125,24.459999084472656,0.4107111692428589,-4.657962322235107,0,0,0.0,0.0,0.0,0,0,0.063020721077919,24.979999542236328,0.15231788158416748,0.8833582401275635,232.0,232.0,118.0,115.0,46330,46336,46319,46323,0,46336,STANDBY
1.600000023841858,0.1899999976158142,4.929999828338623,20.600000381469727,0.0,-269.0,1005.9601440429688,24.459999084472656,0.4250462055206299,-1.27436101436615,0,0,0.0,0.0,0.0,0,0,0.009033478796482086,56.52000045776367,0.22656941413879395,0.7393109202384949,224.0,224.0,118.0,115.0,46430,46436,46417,46420,0,46436,STANDBY
0.9700000286102295,1.6100000143051147,7.269999980926514,0.0,0.0,-85.9000015258789,1005.959228515625,24.459999084472656,0.4444431662559509,-0.09652917832136154,0,0,0.0,0.0,0.0,0,0,0.0025025177747011185,63.72999954223633,0.24369029700756073,0.6985381841659546,223.0,223.0,118.0,115.0,46530,46536,46527,46533,0,46536,STANDBY
-0.4099999964237213,0.30000001192092896,9.779999732971191,-19.700000762939453,0.0,-114.69999694824219,1005.186279296875,24.459999084472656,3.93033504486084,10.491218566894531,0,0,0.0,0.0,0.0,0,0,-0.023499252274632454,76.86000061035156,0.3039948642253876,0.6248664855957031,228.0,228.0,118.0,115.0,46630,46636,46631,46635,0,46636,STANDBY
1.6699999570846558,0.009999999776482582,13.8100004196167,0.0,0.0,-54.20000076293945,1004.37158203125,23.489999771118164,11.23799991607666,43.641361236572266,0,0,0.0,0.0,0.0,0,0,-0.051850948482751846,84.94999694824219,0.3189794719219208,0.5714285969734192,245.0,245.0,118.0,115.0,46730,46736,46730,46733,0,46736,STANDBY
0.25999999046325684,-1.1399999856948853,11.989999771118164,0.0,17.899999618530273,-244.10000610351562,1004.3814697265625,23.5,12.984420776367188,48.555458068847656,0,0,0.0,0.0,0.0,0,0,-0.09280678629875183,100.36000061035156,0.3188879191875458,0.4622333347797394,265.0,265.0,118.0,115.0,46830,46836,46823,46827,0,46836,STANDBY
0.11999999731779099,2.319999933242798,4.449999809265137,0.0,0.0,-278.0,1005.5783081054688,24.219999313354492,7.839331150054932,3.1064109802246094,0,0,0.0,0.0,0.0,0,0,-0.17056794464588165,132.30999755859375,0.31461530923843384,0.20639668405056,260.0,260.0,118.0,115.0,46930,46936,46921,46924,0,46936,STANDBY
-0.46000000834465027,0.15000000596046448,7.679999828338623,0.0,0.0,-112.9000015258789,1005.9509887695312,24.450000762939453,2.0703625679016113,-42.36945343017578,0,0,0.0,0.0,0.0,0,0,-0.1836603879928589,144.1300048828125,0.30588701367378235,0.10666219145059586,261.0,261.0,118.0,115.0,47030,47036,47015,47019,0,47036,STANDBY
-0.27000001072883606,-1.2699999809265137,9.670000076293945,15.0,0.0,-119.80000305175781,1005.97021484375,24.459999084472656,0.6865095496177673,-42.574424743652344,0,0,0.0,0.0,0.0,0,0,-0.11532944440841675,157.1300048828125,0.3398541212081909,-0.05142368748784065,259.0,259.0,118.0,115.0,47130,47136,47119,47123,0,47136,STANDBY
-0.3100000023841858,1.8799999952316284,12.850000381469727,15.5,0.0,-45.5,1005.9735717773438,24.459999084472656,0.4182036519050598,-15.899953842163086,0,0,0.0,0.0,0.0,0,0,-0.06888027489185333,163.44000244140625,0.347270131111145,-0.14035461843013763,270.0,270.0,118.0,115.0,47230,47236,47217,47221,0,47236,STANDBY
1.5299999713897705,-0.7699999809265137,10.670000076293945,0.0,0.0,-275.29998779296875,1005.9601440429688,24.459999084472656,0.43363234400749207,-4.0988240242004395,0,0,0.0,0.0,0.0,0,0,-0.09756767749786377,-176.6999969482422,0.3330484926700592,-0.3263954520225525,283.0,283.0,118.0,115.0,47330,47336,47329,47333,0,47336,STANDBY
-1.850000023841858,-0.019999999552965164,6.139999866485596,0.0,0.0,-134.39999389648438,1005.9727172851562,24.459999084472656,0.3777064383029938,-0.8967204093933105,0,0,0.0,0.0,0.0,0,0,-0.13702811300754547,-150.00999450683594,0.3154087960720062,-0.5536667704582214,278.0,278.0,118.0,115.0,47430,47436,47426,47429,0,47436,STANDBY
0.1899999976158142,-0.09000000357627869,8.100000381469727,0.0,0.0,-190.10000610351562,1005.9515380859375,24.450000762939453,0.4569203853607178,-0.11467757076025009,0,0,0.0,0.0,0.0,0,0,-0.1517685502767563,-138.5800018310547,0.2937711775302887,-0.6449476480484009,276.0,276.0,118.0,115.0,47531,47536,47520,47523,0,47536,STANDBY
1.6399999856948853,-0.38999998569488525,10.630000114440918,0.0,0.0,-93.4000015258789,1005.987060546875,24.459999084472656,0.30516427755355835,-0.2530718147754669,0,0,0.0,0.0,0.0,0,0,-0.110782191157341,-125.80999755859375,0.21655935049057007,-0.8150272965431213,268.0,268.0,118.0,115.0,47631,47636,47625,47628,0,47636,STANDBY
-0.5799999833106995,0.47999998927116394,13.239999771118164,0.0,0.0,-70.0,1004.4246215820312,23.520000457763672,10.177734375,36.54127502441406,0,0,0.0,0.0,0.0,0,0,-0.10956145077943802,-120.23999786376953,0.20096439123153687,-0.8511307239532471,286.0,286.0,118.0,115.0,47731,47736,47719,47722,0,47736,STANDBY
0.5600000023841858,-0.7799999713897705,11.640000343322754,-20.0,0.0,-233.10000610351562,1004.4746704101562,23.540000915527344,12.434408187866211,56.288414001464844,0,0,0.0,0.0,0.0,0,0,-0.12228766828775406,-105.70999908447266,0.17139194905757904,-0.9146091938018799,296.0,296.0,118.0,115.0,47831,47836,47815,47819,0,47836,STANDBY
-0.7099999785423279,-1.9900000095367432,4.480000019073486,0.0,0.0,-211.8000030517578,1005.5739135742188,24.229999542236328,7.71581506729126,8.955039978027344,0,0,0.0,0.0,0.0,0,0,-0.15308085083961487,-70.23999786376953,0.10455641150474548,-0.982055127620697,289.0,289.0,118.0,115.0,47931,47936,47930,47934,0,47936,STANDBY
0.6700000166893005,-0.8600000143051147,8.3100004196167,0.0,0.0,-118.30000305175781,1005.9381103515625,24.450000762939453,2.224714756011963,-38.725624084472656,0,0,0.0,0.0,0.0,0,0,-0.14938810467720032,-62.40999984741211,0.0711386427283287,-0.9861140847206116,287.0,287.0,118.0,115.0,48031,48036,48025,48028,0,48036,STANDBY
1.2799999713897705,0.6299999952316284,10.199999809265137,0.0,0.0,-125.4000015258789,1005.9390869140625,24.459999084472656,0.929189920425415,-40.239990234375,0,0,0.0,0.0,0.0,0,0,-0.12332529574632645,-49.220001220703125,-0.022583696991205215,-0.9895932078361511,287.0,287.0,118.0,115.0,48131,48136,48129,48134,0,48136,STANDBY
0.47999998927116394,-0.8799999952316284,12.40999984741211,0.0,0.0,-61.29999923706055,1005.9590454101562,24.469999313354492,0.5709520578384399,-15.554571151733398,0,0,0.0,0.0,0.0,0,0,-0.08346812427043915,-42.380001068115234,-0.07757805287837982,-0.9899289011955261,300.0,300.0,118.0,115.0,48231,48236,48231,48234,0,48236,STANDBY
0.550000011920929,0.3400000035762787,11.640000343322754,0.0,0.0,-211.10000610351562,1005.9649047851562,24.459999084472656,0.45021188259124756,-4.8906707763671875,0,0,0.0,0.0,0.0,0,0,-0.054261911660432816,-27.489999771118164,-0.12390515208244324,-0.9749137759208679,309.0,309.0,118.0,115.0,48331,48336,48316,48319,0,48336,STANDBY
2.3499999046325684,-0.9100000262260437,5.179999828338623,0.0,0.0,-195.6999969482422,1005.9639282226562,24.469999313354492,0.4525381326675415,-1.3963971138000488,0,0,0.0,0.0,0.0,0,0,-0.0011597033590078354,2.4800000190734863,-0.17984557151794434,-0.904354989528656,308.0,308.0,118.0,115.0,48431,48436,48431,48434,0,48436,STANDBY
1.7200000286102295,-0.12999999523162842,8.199999809265137,0.0,19.799999237060547,-142.8000030517578,1005.9514770507812,24.459999084472656,0.49842146039009094,-0.11017856001853943,0,0,0.0,0.0,0.0,0,0,0.013367107138037682,13.029999732971191,-0.20126956701278687,-0.8701437711715698,311.0,311.0,118.0,115.0,48531,48536,48527,48531,0,48536,STANDBY
-0.7400000095367432,0.5699999928474426,10.0600004196167,-16.299999237060547,0.0,-167.10000610351562,1005.9724731445312,24.469999313354492,0.39932316541671753,-0.21635976433753967,0,0,0.0,0.0,0.0,0,0,0.045564133673906326,29.610000610351562,-0.2604754865169525,-0.8101748824119568,315.0,315.0,118.0,115.0,48631,48636,48631,48634,0,48636,STANDBY
2.3499999046325684,-0.47999998927116394,12.989999771118164,0.0,0.0,-72.80000305175781,1004.2240600585938,23.399999618530273,11.438070297241211,41.06517791748047,0,0,0.0,0.0,0.0,0,0,0.05954161286354065,38.63999938964844,-0.286935031414032,-0.7705618739128113,331.0,331.0,118.0,115.0,48731,48736,48732,48735,0,48736,STANDBY
-0.23000000417232513,0.07999999821186066,10.510000228881836,0.0,0.0,-221.1999969482422,1004.2698364257812,23.43000030517578,13.811437606811523,61.981712341308594,0,0,0.0,0.0,0.0,0,0,0.08868678659200668,54.11000061035156,-0.2944425940513611,-0.6882534027099609,345.0,345.0,118.0,115.0,48831,48836,48828,48834,0,48836,STANDBY
0.3400000035762787,1.149999976158142,5.610000133514404,0.0,0.0,-186.8000030517578,1005.5154418945312,24.209999084472656,8.651498794555664,9.747560501098633,0,0,0.0,0.0,0.0,0,0,0.13315226137638092,74.58000183105469,-0.2939237654209137,-0.5607776045799255,340.0,340.0,118.0,115.0,48931,48936,48923,48927,0,48936,STANDBY
1.309999942779541,1.190000057220459,7.329999923706055,0.0,0.0,-120.4000015258789,1005.9221801757812,24.459999084472656,2.502944231033325,-42.31726837158203,0,0,0.0,0.0,0.0,0,0,0.143559068441391,85.1500015258789,-0.28995636105537415,-0.4898220896720886,342.0,342.0,118.0,115.0,49032,49036,49017,49020,0,49036,STANDBY
-0.6299999952316284,-0.6299999952316284,10.3100004196167,0.0,0.0,-153.1999969482422,1005.9389038085938,24.469999313354492,1.0163774490356445,-44.72850036621094,0,0,0.0,0.0,0.0,0,0,0.10718100517988205,101.12000274658203,-0.33005768060684204,-0.36808374524116516,346.0,346.0,118.0,115.0,49132,49136,49121,49124,0,49136,STANDBY
1.3899999856948853,-0.7200000286102295,13.579999923706055,0.0,0.0,-41.70000076293945,1005.9590454101562,24.469999313354492,0.6194535493850708,-17.384119033813477,0,0,0.0,0.0,0.0,0,0,0.10428174585103989,110.38999938964844,-0.3430890738964081,-0.2859279215335846,356.0,356.0,118.0,115.0,49232,49236,49218,49221,0,49236,STANDBY
0.019999999552965164,0.14000000059604645,10.369999885559082,0.0,22.399999618530273,-217.5,1005.9442138671875,24.459999084472656,0.5393620729446411,-5.419807434082031,0,0,0.0,0.0,0.0,0,0,0.10849329829216003,125.47000122070312,-0.3552049398422241,-0.15350809693336487,369.0,369.0,118.0,115.0,49332,49337,49331,49335,0,49337,STANDBY
-0.5600000023841858,1.4800000190734863,4.150000095367432,0.0,17.299999237060547,-268.20001220703125,1005.9514770507812,24.459999084472656,0.5339968204498291,-1.442819595336914,0,0,0.0,0.0,0.0,0,0,0.16437269747257233,152.13999938964844,-0.35456404089927673,0.07473982870578766,365.0,365.0,118.0,115.0,49432,49437,49427,49430,0,49437,STANDBY
-0.5400000214576721,0.4300000071525574,8.880000114440918,0.0,0.0,-125.4000015258789,1005.9514770507812,24.469999313354492,0.5251988768577576,-0.22352178394794464,0,0,0.0,0.0,0.0,0,0,0.1578722447156906,166.11000061035156,-0.34601885080337524,0.21002838015556335,369.0,369.0,118.0,115.0,49532,49560,49539,49560,0,49560,STANDBY
1.5099999904632568,-1.190000057220459,10.199999809265137,0.0,0.0,-169.60000610351562,1005.4765625,24.170000076293945,2.676929473876953,6.3648223876953125,0,0,0.0,0.0,0.0,0,0,0.09051790088415146,-177.1999969482422,-0.33765679597854614,0.43223366141319275,368.0,368.0,118.0,115.0,49632,49660,49643,49646,0,49660,STANDBY
-0.44999998807907104,0.1599999964237213,12.40999984741211,0.0,0.0,-91.80000305175781,1004.497802734375,23.579999923706055,9.998967170715332,37.12080001831055,0,0,0.0,0.0,0.0,0,0,0.01184118166565895,-167.55999755859375,-0.31431013345718384,0.5951109528541565,379.0,379.0,118.0,115.0,49732,49760,49747,49751,0,49760,STANDBY
0.6399999856948853,-0.05999999865889549,9.84000015258789,0.0,0.0,-236.1999969482422,1004.5011596679688,23.579999923706055,12.052047729492188,47.267330169677734,0,0,0.0,0.0,0.0,0,0,-0.0007324442267417908,-149.99000549316406,-0.2759178578853607,0.765251636505127,385.0,385.0,118.0,115.0,49832,49860,49850,49853,0,49860,STANDBY
-0.8799999952316284,-0.6399999856948853,5.809999942779541,0.0,0.0,-189.10000610351562,1005.5736694335938,24.25,7.506148338317871,6.449267864227295,0,0,0.0,0.0,0.0,0,0,0.0477004311978817,-123.12999725341797,-0.2450941503047943,0.8985869884490967,381.0,381.0,118.0,115.0,49932,49960,49946,49949,0,49960,STANDBY
0.05999999865889549,-1.0299999713897705,7.650000095367432,0.0,0.0,-139.60000610351562,1005.9221801757812,24.459999084472656,2.3089258670806885,-36.9929313659668,0,0,0.0,0.0,0.0,0,0,0.05615405738353729,-111.31999969482422,-0.1822565346956253,0.9490340948104858,376.0,376.0,118.0,115.0,50032,50060,50046,50051,0,50060,STANDBY
0.5099999904632568,-0.5899999737739563,9.210000038146973,0.0,0.0,-84.19999694824219,1005.9287719726562,24.469999313354492,1.0112193822860718,-38.4278678894043,0,0,0.0,0.0,0.0,0,0,0.05258339270949364,-97.29000091552734,-0.09442427009344101,0.9845576286315918,375.0,375.0,118.0,115.0,50132,50160,50151,50155,0,50160,STANDBY
0.7599999904632568,0.4099999964237213,10.970000267028809,0.0,0.0,-50.79999923706055,1005.924560546875,24.459999084472656,0.7960596084594727,-14.694709777832031,0,0,0.0,0.0,0.0,0,0,0.04657124727964401,-89.4000015258789,-0.007507553324103355,0.9950864911079407,373.0,373.0,118.0,115.0,50232,50260,50255,50258,0,50260,STANDBY
0.8100000023841858,-0.10999999940395355,9.970000267028809,0.0,0.0,-21.299999237060547,1005.9749755859375,24.459999084472656,0.47259023785591125,-4.8473944664001465,0,0,0.0,0.0,0.0,0,0,0.03311258181929588,-86.1500015258789,0.047975096851587296,0.9955748319625854,373.0,373.0,118.0,115.0,50332,50360,50341,50344,0,50360,STANDBY
0.5,-0.09000000357627869,8.960000038146973,0.0,0.0,-18.100000381469727,1005.9514770507812,24.459999084472656,0.49991151690483093,-2.126254081726074,0,0,0.0,0.0,0.0,0,0,0.016235847026109695,-84.4000015258789,0.09363079071044922,0.9930417537689209,374.0,374.0,118.0,115.0,50432,50460,50445,50449,0,50460,STANDBY
0.5600000023841858,0.20000000298023224,9.649999618530273,0.0,0.0,-30.899999618530273,1005.9701538085938,24.469999313354492,0.40448033809661865,-0.7832791209220886,0,0,0.0,0.0,0.0,0,0,-0.0023194067180156708,-82.19000244140625,0.13049714267253876,0.9898373484611511,378.0,378.0,118.0,115.0,50532,50563,50549,50563,0,50563,STANDBY
0.6600000262260437,0.12999999523162842,10.489999771118164,0.0,0.0,0.0,1005.1668090820312,23.979999542236328,4.033773899078369,10.413778305053711,0,0,0.0,0.0,0.0,0,0,-0.01501510664820671,-79.63999938964844,0.15601062774658203,0.9869075417518616,380.0,380.0,118.0,115.0,50632,50663,50653,50657,0,50663,STANDBY
0.30000001192092896,0.09000000357627869,10.5,0.0,0.0,0.0,1004.4179077148438,23.520000457763672,10.988471984863281,42.87175750732422,0,0,0.0,0.0,0.0,0,0,-0.025849178433418274,-79.63999938964844,0.1743217259645462,0.9836421012878418,387.0,387.0,118.0,115.0,50732,50763,50757,50760,0,50763,STANDBY
0.07999999821186066,-0.03999999910593033,9.739999771118164,0.0,0.0,0.0,1004.3746948242188,23.5,13.013505935668945,48.15950012207031,0,0,0.0,0.0,0.0,0,0,-0.03656117618083954,-79.63999938964844,0.1833552122116089,0.981780469417572,395.0,395.0,118.0,115.0,50832,50863,50844,50847,0,50863,STANDBY
0.14000000059604645,0.3100000023841858,10.149999618530273,0.0,0.0,0.0,1005.6698608398438,24.290000915527344,7.545328140258789,3.335601806640625,0,0,0.0,0.0,0.0,0,0,-0.0473647266626358,-79.63999938964844,0.191442608833313,0.9799798727035522,404.0,404.0,118.0,115.0,50932,50963,50948,50951,0,50963,STANDBY
-0.05000000074505806,0.0,10.020000457763672,0.0,0.0,0.0,1005.9390869140625,24.459999084472656,2.1312835216522217,-42.21331024169922,0,0,0.0,0.0,0.0,0,0,-0.0553910955786705,-79.63999938964844,0.19711905717849731,0.9786065220832825,414.0,414.0,118.0,115.0,51032,51063,51052,51055,0,51063,STANDBY
0.009999999776482582,-0.05000000074505806,9.680000305175781,0.0,0.0,0.0,1005.96728515625,24.469999313354492,0.7476856708526611,-41.67920684814453,0,0,0.0,0.0,0.0,0,0,-0.06189153715968132,-79.63999938964844,0.19736319780349731,0.9783013463020325,423.0,423.0,118.0,115.0,51132,51163,51155,51160,0,51163,STANDBY
0.009999999776482582,0.03999999910593033,9.609999656677246,0.0,0.0,0.0,1005.9807739257812,24.469999313354492,0.40481534600257874,-15.945508003234863,0,0,0.0,0.0,0.0,0,0,-0.06494338810443878,-79.63999938964844,0.19983519613742828,0.9776604771614075,430.0,430.0,118.0,115.0,51232,51263,51243,51246,0,51263,STANDBY
0.0,-0.36000001430511475,9.4399995803833,0.0,0.0,0.0,1005.9706420898438,24.469999313354492,0.3741558790206909,-4.629868030548096,0,0,0.0,0.0,0.0,0,0,-0.06726279854774475,-79.63999938964844,0.19998779892921448,0.9774773120880127,439.0,439.0,118.0,115.0,51332,51363,51347,51350,0,51363,STANDBY
-0.03999999910593033,-0.09000000357627869,9.649999618530273,0.0,0.0,0.0,1005.9868774414062,24.469999313354492,0.30846869945526123,-1.2143880128860474,0,0,0.0,0.0,0.0,0,0,-0.07037568092346191,-79.63999938964844,0.20026245713233948,0.9771416187286377,449.0,449.0,118.0,115.0,51432,51463,51450,51454,0,51463,STANDBY
-0.28999999165534973,-0.2800000011920929,9.5600004196167,0.0,0.0,0.0,1005.96728515625,24.469999313354492,0.3483622372150421,-0.37854763865470886,0,0,0.0,0.0,0.0,0,0,-0.07315286993980408,-79.63999938964844,0.20062868297100067,0.9767754077911377,457.0,457.0,118.0,115.0,51532,51563,51537,51560,0,51563,STANDBY
0.800000011920929,-0.07000000029802322,10.279999732971191,0.0,0.0,0.0,1005.1716918945312,23.979999542236328,3.950221300125122,10.720523834228516,0,0,0.0,0.0,0.0,0,0,-0.0717184990644455,-79.63999938964844,0.20398572087287903,0.9760429859161377,465.0,465.0,118.0,115.0,51632,51663,51658,51662,0,51663,STANDBY
0.7900000214576721,-0.11999999731779099,9.869999885559082,0.0,0.0,0.0,1004.46044921875,23.530000686645508,10.713859558105469,42.231075286865234,0,0,0.0,0.0,0.0,0,0,-0.056733909994363785,-79.63999938964844,0.20746482908725739,0.9763176441192627,461.0,461.0,118.0,115.0,51732,51763,51745,51748,0,51763,STANDBY
1.0800000429153442,-0.07999999821186066,9.670000076293945,0.0,0.0,0.0,1004.420654296875,23.510000228881836,12.674212455749512,47.106658935546875,0,0,0.0,0.0,0.0,0,0,-0.05926694720983505,-79.63999938964844,0.20816674828529358,0.9758903980255127,469.0,469.0,118.0,115.0,51832,51863,51849,51852,0,51863,STANDBY
0.3700000047683716,-0.09000000357627869,9.6899995803833,0.0,0.0,0.0,1005.7763061523438,24.239999771118164,6.946382999420166,2.1293563842773438,0,0,0.0,0.0,0.0,0,0,-0.05780205875635147,-79.63999938964844,0.20822778344154358,0.9758903980255127,474.0,474.0,118.0,115.0,51933,51963,51952,51956,0,51963,STANDBY
0.4399999976158142,-0.1899999976158142,9.630000114440918,0.0,0.0,0.0,1005.9757690429688,24.479999542236328,1.7645139694213867,-42.45845031738281,0,0,0.0,0.0,0.0,0,0,-0.056672871112823486,-79.63999938964844,0.21011993288993835,0.9754936099052429,479.0,479.0,118.0,115.0,52033,52063,52057,52060,0,52063,STANDBY
0.2800000011920929,-0.09000000357627869,9.649999618530273,0.0,0.0,0.0,1005.9771728515625,24.479999542236328,0.6092236042022705,-40.27812576293945,0,0,0.0,0.0,0.0,0,0,-0.055909909307956696,-79.63999938964844,0.20899075269699097,0.9757072925567627,484.0,484.0,118.0,115.0,52133,52163,52143,52146,0,52163,STANDBY
0.3799999952316284,0.019999999552965164,9.649999618530273,0.0,0.0,0.0,1005.97998046875,24.479999542236328,0.35921162366867065,-14.358373641967773,0,0,0.0,0.0,0.0,0,0,-0.05490279942750931,-79.63999938964844,0.21057771146297455,0.9753715395927429,489.0,489.0,118.0,115.0,52233,52263,52247,52250,0,52263,STANDBY
0.30000001192092896,-0.18000000715255737,9.649999618530273,0.0,0.0,0.0,1005.9815673828125,24.479999542236328,0.2789520025253296,-4.115564346313477,0,0,0.0,0.0,0.0,0,0,-0.05404828116297722,-79.63999938964844,0.20950956642627716,0.9755546450614929,495.0,495.0,118.0,115.0,52333,52363,52350,52355,0,52363,STANDBY
0.28999999165534973,-0.05999999865889549,9.649999618530273,0.0,0.0,0.0,1005.970458984375,24.479999542236328,0.3043273389339447,-1.0837459564208984,0,0,0.0,0.0,0.0,0,0,-0.052858058363199234,-79.63999938964844,0.20923490822315216,0.9756462574005127,501.0,501.0,118.0,115.0,52433,52463,52455,52458,0,52463,STANDBY
0.33000001311302185,-0.07000000029802322,9.649999618530273,0.0,0.0,0.0,1005.9840087890625,24.479999542236328,0.25641345977783203,-0.27065250277519226,0,0,0.0,0.0,0.0,0,0,-0.05209509655833244,-79.63999938964844,0.20902127027511597,0.9757072925567627,505.0,505.0,118.0,115.0,52533,52563,52541,52560,0,52563,STANDBY
0.27000001072883606,-0.05000000074505806,9.649999618530273,0.0,0.0,0.0,1005.2298583984375,24.020000457763672,3.681548833847046,10.14130973815918,0,0,0.0,0.0,0.0,0,0,-0.05102694779634476,-79.63999938964844,0.21002838015556335,0.9755546450614929,511.0,511.0,118.0,115.0,52633,52663,52645,52648,0,52663,STANDBY
0.33000001311302185,-0.07000000029802322,9.65999984741211,0.0,0.0,0.0,1004.455322265625,23.549999237060547,10.520503044128418,41.29718780517578,0,0,0.0,0.0,0.0,0,0,-0.050386060029268265,-79.63999938964844,0.20880764722824097,0.9758598804473877,516.0,516.0,118.0,115.0,52733,52763,52749,52752,0,52763,STANDBY
0.30000001192092896,-0.009999999776482582,9.649999618530273,0.0,0.0,0.0,1004.3804931640625,23.5,12.86204719543457,48.3559684753418,0,0,0.0,0.0,0.0,0,0,-0.049562059342861176,-79.63999938964844,0.20853297412395477,0.9759819507598877,522.0,522.0,118.0,115.0,52833,52864,52853,52856,0,52864,STANDBY
0.27000001072883606,0.0,9.65999984741211,0.0,0.0,0.0,1005.5686645507812,24.239999771118164,8.048894882202148,7.200622081756592,0,0,0.0,0.0,0.0,0,0,-0.048799097537994385,-79.63999938964844,0.20828883349895477,0.9761345386505127,527.0,527.0,118.0,115.0,52933,52964,52957,52961,0,52964,STANDBY
0.3199999928474426,-0.17000000178813934,9.649999618530273,0.0,0.0,0.0,1005.9781494140625,24.479999542236328,1.961067795753479,-41.30134201049805,0,0,0.0,0.0,0.0,0,0,-0.04828028380870819,-79.63999938964844,0.2061830461025238,0.9766533374786377,532.0,532.0,118.0,115.0,53033,53064,53044,53047,0,53064,STANDBY
0.28999999165534973,-0.009999999776482582,9.649999618530273,0.0,0.0,0.0,1005.9871826171875,24.489999771118164,0.5744097232818604,-43.90639877319336,0,0,0.0,0.0,0.0,0,0,-0.0473647266626358,-79.63999938964844,0.2056031972169876,0.9768974781036377,537.0,537.0,118.0,115.0,53133,53164,53147,53151,0,53164,STANDBY
0.3100000023841858,-0.029999999329447746,9.649999618530273,0.0,0.0,0.0,1005.9967041015625,24.489999771118164,0.2411302924156189,-16.546653747558594,0,0,0.0,0.0,0.0,0,0,-0.04666280001401901,-79.63999938964844,0.20484024286270142,0.9771721363067627,542.0,542.0,118.0,115.0,53233,53264,53252,53255,0,53264,STANDBY
0.3199999928474426,-0.07000000029802322,9.640000343322754,0.0,0.0,0.0,1005.9815673828125,24.479999542236328,0.21712559461593628,-4.735288143157959,0,0,0.0,0.0,0.0,0,0,-0.04596087709069252,-79.63999938964844,0.20310068130493164,0.9776299595832825,548.0,548.0,118.0,115.0,53334,53364,53355,53358,0,53364,STANDBY
0.28999999165534973,-0.019999999552965164,9.649999618530273,0.0,0.0,0.0,1005.9771118164062,24.489999771118164,0.2804543972015381,-0.7708489894866943,0,0,0.0,0.0,0.0,0,0,-0.04535050690174103,-79.63999938964844,0.20178838074207306,0.9780266880989075,553.0,553.0,118.0,115.0,53434,53464,53459,53463,0,53464,STANDBY
