imu_ax,imu_ay,imu_az,imu_gx,imu_gy,imu_gz,baro_pressure_hPa,baro_temperature_C,baro_altitude_m,baro_climbRate_mps,gps_latE7,gps_lonE7,gps_altitude_m,gps_speed_mps,gps_heading_deg,gps_sats,gps_fix,roll_deg,filterRoll_deg,pitch_deg,yaw_deg,servoDegree_deg,baroTimeMs,gpsTimeMs,aTimeMs,aRxTimeMs,state,timeMs,stateStr
0,0,0,0,0,0,1022.8004760742188,22.770000457763672,-0.077894099,0,0,0,0,0,0,0,0,0,0,0,0,0,4645,4645,2270,4645,0,4645,STANDBY
1.1100000143051147,-0.889999986,10.300000190734863,-0.100000001,0,0,1022.802001953125,22.770000457763672,-0.09347292,-0.062315285,0,0,0,0,0,0,0,-4.46999979,0.2199999988079071,6.639999866485596,-0.409999996,0,4745,4745,5216,4730,0,4745,STANDBY
1.1100000143051147,-0.899999976,10.300000190734863,0,0,0,1022.627197265625,22.649999618530273,1.329392671585083,5.651580810546875,0,0,0,0,0,0,0,-4.489999771,0.23000000417232513,6.639999866485596,-0.449999988,0,4845,4845,5325,4841,0,4845,STANDBY
1.100000023841858,-0.910000026,10.300000190734863,-0.100000001,0,0,1022.462646484375,22.549999237060547,2.661381721496582,8.840498924255371,0,0,0,0,0,0,0,-4.480000019,0.23000000417232513,6.650000095367432,-0.49000001,0,4946,4946,5420,4934,0,4946,STANDBY
1.1100000143051147,-0.899999976,10.300000190734863,-0.100000001,0,0,1022.483642578125,22.559999465942383,2.4926111698150635,4.982837200164795,0,0,0,0,0,0,0,-4.480000019,0.23000000417232513,6.650000095367432,-0.540000021,0,5046,5046,5529,5045,0,5046,STANDBY
1.100000023841858,-0.899999976,10.31000042,0,-0.100000001,0.10000000149011612,1022.5023193359375,22.579999923706055,2.3420159816741943,2.586635112762451,0,0,0,0,0,0,0,-4.489999771,0.23000000417232513,6.650000095367432,-0.579999983,0,5146,5146,5623,5139,0,5146,STANDBY
1.090000033378601,-0.910000026,10.31000042,0,0,0,1022.5259399414062,22.59000015258789,2.1498773097991943,0.8868917226791382,0,0,0,0,0,0,0,-4.5,0.23000000417232513,6.659999847412109,-0.620000005,0,5246,5246,5718,5233,0,5246,STANDBY
1.1299999952316284,-0.879999995,10.300000190734863,0,0,0.10000000149011612,1022.3546752929688,22.479999542236328,3.5389885902404785,6.124055862426758,374004704,1267773440,0,0.1903444230556488,338.8800048828125,0,1,-4.480000019,0.23000000417232513,6.659999847412109,-0.680000007,0,5346,5346,5827,5343,0,5346,STANDBY
1.1200000047683716,-0.889999986,10.300000190734863,0,0,0,1022.1945190429688,22.37999916,4.837223529815674,9.112335205078125,374004704,1267773440,13.399999618530273,0.1903444230556488,338.8800048828125,7,1,-4.480000019,0.23000000417232513,6.650000095367432,-0.720000029,0,5446,5446,5921,5437,0,5446,STANDBY
1.100000023841858,-0.889999986,10.31000042,-0.100000001,0,0.10000000149011612,1022.2315673828125,22.399999618530273,4.5360331535339355,4.650755882263184,374004704,1267773440,13.399999618530273,0.1903444230556488,338.8800048828125,7,1,-4.489999771,0.23000000417232513,6.659999847412109,-0.75999999,0,5547,5547,6016,5531,0,5547,STANDBY
1.100000023841858,-0.879999995,10.31000042,-0.100000001,0,0.10000000149011612,1022.2665405273438,22.420000076293945,4.253017902374268,2.0635313987731934,374004704,1267773440,13.399999618530273,0.1903444230556488,338.8800048828125,7,1,-4.5,0.2199999988079071,6.659999847412109,-0.819999993,0,5659,5659,6140,5659,0,5659,STANDBY
1.100000023841858,-0.889999986,10.31000042,0,0,0,1022.30127,22.450000762939453,3.9700026512145996,0.21079635620117188,374004704,1267773440,13.399999618530273,0.1903444230556488,338.8800048828125,7,1,-4.5,0.2199999988079071,6.650000095367432,-0.860000014,0,5760,5760,6235,5750,0,5760,STANDBY
1.090000033378601,-0.920000017,10.289999961853027,-0.100000001,0,0.10000000149011612,1022.1409912109375,22.34000015258789,5.270834445953369,5.3382368087768555,374004704,1267773440,13.399999618530273,0.1903444230556488,338.8800048828125,7,1,-4.489999771,0.2199999988079071,6.639999866485596,-0.920000017,0,5860,5860,6344,5860,0,5860,STANDBY
1.1299999952316284,-0.879999995,10.300000190734863,0,0,0.10000000149011612,1021.9951782226562,22.25,6.452228069,8.142045974731445,374004704,1267773440,13.399999618530273,0.1903444230556488,338.8800048828125,7,1,-4.489999771,0.2199999988079071,6.639999866485596,-0.959999979,0,5960,5960,6438,5954,0,5960,STANDBY
1.100000023841858,-0.889999986,10.300000190734863,0,0,0,1022.046142578125,22.290000915527344,6.039389133453369,3.559554100036621,374004704,1267773440,13.399999618530273,0.1903444230556488,338.8800048828125,7,1,-4.5,0.2199999988079071,6.630000114440918,-1,0,6060,6060,6533,6048,0,6060,STANDBY
1.090000033378601,-0.899999976,10.300000190734863,0,0,0.10000000149011612,1022.0911865234375,22.31999969482422,5.675883769989014,0.8240933418273926,374004704,1267773440,13.399999618530273,0.1903444230556488,338.8800048828125,7,1,-4.519999981,0.2199999988079071,6.619999885559082,-1.049999952,0,6160,6160,6642,6158,0,6160,STANDBY
1.1299999952316284,-0.879999995,10.300000190734863,0,0,0.10000000149011612,1022.140137,22.350000381469727,5.278623580932617,-1.061620951,374004704,1267773440,13.399999618530273,0.1903444230556488,338.8800048828125,7,1,-4.510000229,0.2199999988079071,6.630000114440918,-1.090000033,0,6260,6260,6736,6252,0,6260,STANDBY
1.100000023841858,-0.899999976,10.300000190734863,0,0,0.10000000149011612,1021.9859619140625,22.25,6.527525901794434,4.316171646118164,374004704,1267773440,13.399999618530273,0.051444441080093384,338.8800048828125,7,1,-4.519999981,0.2199999988079071,6.619999885559082,-1.139999986,0,6360,6360,6831,6346,0,6360,STANDBY
1.090000033378601,-0.910000026,10.289999961853027,0,0,0.10000000149011612,1021.849853515625,22.15999984741211,7.631025314331055,7.176347732543945,374004704,1267773440,13.300000190734863,0.051444441080093384,338.8800048828125,7,1,-4.53000021,0.20999999344348907,6.610000133514404,-1.190000057,0,6460,6460,6940,6454,0,6460,STANDBY
1.1200000047683716,-0.879999995,10.300000190734863,-0.100000001,-0.100000001,0,1021.911376953125,22.200000762939453,7.132503032684326,2.598773479,374004704,1267773440,13.300000190734863,0.051444441080093384,338.8800048828125,7,1,-4.53000021,0.20999999344348907,6.610000133514404,-1.230000019,0,6560,6560,7034,6550,0,6560,STANDBY
1.1100000143051147,-0.899999976,10.31000042,0,0,0,1021.9664306640625,22.239999771118164,6.685910224914551,-0.12315619,374004704,1267773440,13.300000190734863,0.051444441080093384,338.8800048828125,7,1,-4.539999962,0.20999999344348907,6.610000133514404,-1.279999971,0,6660,6660,7144,6660,0,6660,STANDBY
1.1100000143051147,-0.899999976,10.31000042,0,0,0.10000000149011612,1022.016113,22.270000457763672,6.2834577560424805,-1.688629866,374004704,1267773440,13.300000190734863,0.051444441080093384,338.8800048828125,7,1,-4.53000021,0.20999999344348907,6.610000133514404,-1.330000043,0,6760,6760,7238,6754,0,6760,STANDBY
1.1200000047683716,-0.899999976,10.300000190734863,0,0,0.10000000149011612,1021.8775024414062,22.18000030517578,7.407729148864746,3.4163622856140137,374004704,1267773440,13.300000190734863,0.051444441080093384,338.8800048828125,7,1,-4.539999962,0.20999999344348907,6.599999904632568,-1.370000005,0,6860,6860,7332,6848,0,6860,STANDBY
1.100000023841858,-0.899999976,10.300000190734863,0,0,0,1021.7496337890625,22.100000381469727,8.443720817565918,6.249184608459473,374004704,1267773440,13.300000190734863,0.051444441080093384,338.8800048828125,7,1,-4.539999962,0.20999999344348907,6.590000152587891,-1.419999957,0,6961,6961,7442,6956,0,6961,STANDBY
1.100000023841858,-0.899999976,10.289999961853027,-0.100000001,0,0.10000000149011612,1021.8152465820312,22.139999389648438,7.911444187164307,1.8703715801239014,374004704,1267773440,13.300000190734863,0.051444441080093384,338.8800048828125,7,1,-4.570000172,0.20999999344348907,6.579999923706055,-1.460000038,0,7061,7061,7536,7052,0,7061,STANDBY
1.1100000143051147,-0.889999986,10.300000190734863,0,0,0.10000000149011612,1021.8765869140625,22.190000534057617,7.415518283843994,-0.786665797,374004704,1267773440,13.300000190734863,0.051444441080093384,338.8800048828125,7,1,-4.579999924,0.20999999344348907,6.570000171661377,-1.50999999,0,7161,7161,7646,7161,0,7161,STANDBY
1.100000023841858,-0.910000026,10.289999961853027,0,0,0,1021.9335327148438,22.219999313354492,6.9533467292785645,-2.352152348,374004704,1267773440,13.300000190734863,0.051444441080093384,338.8800048828125,7,1,-4.579999924,0.20999999344348907,6.559999942779541,-1.549999952,0,7261,7261,7740,7256,0,7261,STANDBY
1.100000023841858,-0.889999986,10.300000190734863,0,0,0.10000000149011612,1021.8013305664062,22.139999389648438,8.025689125061035,2.783992052078247,374004704,1267773440,13.300000190734863,0.10288888216018677,338.8800048828125,7,1,-4.579999924,0.20999999344348907,6.559999942779541,-1.600000024,0,7361,7361,7834,7349,0,7361,STANDBY
1.1200000047683716,-0.879999995,10.300000190734863,0,0,0.10000000149011612,1021.6734619140625,22.049999237060547,9.061680793762207,5.925721645355225,374004704,1267773440,13.399999618530273,0.10288888216018677,338.8800048828125,7,1,-4.590000153,0.20999999344348907,6.539999961853027,-1.649999976,0,7461,7461,7944,7456,0,7461,STANDBY
1.100000023841858,-0.910000026,10.300000190734863,0,0,0,1021.7431030273438,22.100000381469727,8.498246192932129,1.5387234687805176,374004704,1267773440,13.399999618530273,0.10288888216018677,338.8800048828125,7,1,-4.579999924,0.20000000298023224,6.539999961853027,-1.700000048,0,7561,7561,8038,7554,0,7561,STANDBY
1.1100000143051147,-0.899999976,10.289999961853027,-0.100000001,0,0.10000000149011612,1021.810302734375,22.139999389648438,7.9529876708984375,-1.196250916,374004704,1267773440,13.399999618530273,0.10288888216018677,338.8800048828125,7,1,-4.579999924,0.20000000298023224,6.53000021,-1.74000001,0,7661,7661,8132,7659,0,7661,STANDBY
1.1100000143051147,-0.889999986,10.300000190734863,0,0,0.10000000149011612,1021.873291015625,22.190000534057617,7.441483020782471,-2.811619282,374004704,1267773440,13.399999618530273,0.10288888216018677,338.8800048828125,7,1,-4.599999905,0.20000000298023224,6.510000228881836,-1.789999962,0,7761,7761,8242,7756,0,7761,STANDBY
1.090000033378601,-0.899999976,10.31000042,0,0,0.10000000149011612,1021.7413940429688,22.100000381469727,8.511228561401367,2.4795455932617188,374004704,1267773440,13.399999618530273,0.10288888216018677,338.8800048828125,7,1,-4.630000114,0.20000000298023224,6.5,-1.830000043,0,7861,7861,8335,7851,0,7861,STANDBY
1.1100000143051147,-0.889999986,10.31000042,-0.100000001,0,0.10000000149011612,1021.621582,22.020000457763672,9.484905242919922,5.405249118804932,374004704,1267773440,13.399999618530273,0.10288888216018677,338.8800048828125,7,1,-4.619999886,0.1899999976158142,6.5,-1.889999986,0,7962,7962,8445,7957,0,7962,STANDBY
1.1299999952316284,-0.910000026,10.289999961853027,0,0,-0.100000001,1021.6951293945312,22.06999969482422,8.887717247009277,1.0706074237823486,374004704,1267773440,13.399999618530273,0.10288888216018677,338.8800048828125,7,1,-4.619999886,0.1899999976158142,6.5,-1.929999948,0,8062,8062,8539,8054,0,8062,STANDBY
1.1100000143051147,-0.920000017,10.300000190734863,-0.100000001,0,0,1021.7605590820312,22.12000084,8.355441093444824,-1.443915844,374004704,1267773440,13.399999618530273,0.10288888216018677,338.8800048828125,7,1,-4.630000114,0.20000000298023224,6.5,-1.970000029,0,8162,8162,8633,8148,0,8162,STANDBY
1.1100000143051147,-0.889999986,10.300000190734863,0,0,0.10000000149011612,1021.826172,22.15999984741211,7.823164463043213,-3.053212643,374004704,1267773440,13.399999618530273,0.10288888216018677,338.8800048828125,7,1,-4.630000114,0.1899999976158142,6.489999771118164,-2.029999971,0,8262,8262,8742,8258,0,8262,STANDBY
1.100000023841858,-0.899999976,10.300000190734863,0,0,0,1021.6983032226562,22.079999923706055,8.86175251,2.118838310241699,374004736,1267773440,13.399999618530273,0.12346666306257248,338.8800048828125,7,1,-4.630000114,0.1899999976158142,6.489999771118164,-2.069999933,0,8363,8363,8837,8352,0,8363,STANDBY
1.090000033378601,-0.899999976,10.31000042,0,0,0.10000000149011612,1021.5767822265625,22,9.848410606384277,5.302689075469971,374004736,1267773440,13.5,0.12346666306257248,338.8800048828125,7,1,-4.639999866,0.1899999976158142,6.480000019073486,-2.119999886,0,8463,8463,8946,8458,0,8463,STANDBY
1.1100000143051147,-0.889999986,10.31000042,-0.100000001,-0.100000001,0.10000000149011612,1021.6487426757812,22.049999237060547,9.264204978942871,1.056898593902588,374004736,1267773440,13.5,0.12346666306257248,338.8800048828125,7,1,-4.639999866,0.1899999976158142,6.480000019073486,-2.160000086,0,8563,8563,9040,8555,0,8563,STANDBY
1.100000023841858,-0.910000026,10.289999961853027,0,0,0.10000000149011612,1021.724365234375,22.100000381469727,8.648841857910156,-1.785037279,374004736,1267773440,13.5,0.12346666306257248,338.8800048828125,7,1,-4.650000095,0.1899999976158142,6.46999979,-2.210000038,0,8663,8663,9134,8659,0,8663,STANDBY
1.090000033378601,-0.910000026,10.31000042,0,0,0.10000000149011612,1021.7899780273438,22.139999389648438,8.116565704345703,-3.271528721,374004736,1267773440,13.5,0.12346666306257248,338.8800048828125,7,1,-4.639999866,0.1899999976158142,6.460000038146973,-2.269999981,0,8763,8763,9243,8759,0,8763,STANDBY
1.1100000143051147,-0.899999976,10.289999961853027,-0.100000001,0,0.10000000149011612,1021.665771484375,22.059999465942383,9.123995780944824,1.9359419345855713,374004736,1267773440,13.5,0.12346666306257248,338.8800048828125,7,1,-4.650000095,0.1899999976158142,6.460000038146973,-2.309999943,0,8863,8863,9337,8853,0,8863,STANDBY
1.1100000143051147,-0.889999986,10.300000190734863,0,-0.100000001,0,1021.5476684570312,21.979999542236328,10.082093238830566,5.071393013000488,374004736,1267773440,13.5,0.12346666306257248,338.8800048828125,7,1,-4.659999847,0.1899999976158142,6.460000038146973,-2.359999895,0,8963,8963,9447,8963,0,8963,STANDBY
1.1100000143051147,-0.920000017,10.300000190734863,-0.100000001,0,0.10000000149011612,1021.6251831054688,22.040000915527344,9.453747749328613,0.7323098182678223,374004736,1267773440,13.5,0.12346666306257248,338.8800048828125,7,1,-4.670000076,0.18000000715255737,6.460000038146973,-2.410000086,0,9063,9063,9541,9057,0,9063,STANDBY
1.1100000143051147,-0.889999986,10.289999961853027,0,0,0.10000000149011612,1021.6989135742188,22.079999923706055,8.856559753417969,-1.920073748,374004736,1267773440,13.5,0.12346666306257248,338.8800048828125,7,1,-4.679999828,0.18000000715255737,6.460000038146973,-2.450000048,0,9163,9163,9635,9150,0,9163,STANDBY
1.090000033378601,-0.899999976,10.289999961853027,0,0,0.10000000149011612,1021.766113,22.12999916,8.311300277709961,-2.973677397,374004736,1267773440,13.5,0.12346666306257248,338.8800048828125,7,1,-4.690000057,0.18000000715255737,6.449999809265137,-2.50999999,0,9263,9263,9745,9260,0,9263,STANDBY
1.100000023841858,-0.899999976,10.300000190734863,0,0,0.10000000149011612,1021.6422729492188,22.049999237060547,9.316134452819824,2.1265687942504883,374004736,1267773440,13.5,0.036011111,338.8800048828125,7,1,-4.690000057,0.18000000715255737,6.440000057220459,-2.549999952,0,9363,9363,9838,9354,0,9363,STANDBY
1.1200000047683716,-0.899999976,10.300000190734863,-0.100000001,0,0,1021.5306396484375,21.979999542236328,10.222302436828613,4.996061802,374004736,1267773440,13.399999618530273,0.036011111,338.8800048828125,7,1,-4.690000057,0.18000000715255737,6.440000057220459,-2.589999914,0,9463,9463,9932,9448,0,9463,STANDBY
1.100000023841858,-0.899999976,10.31000042,0,0,0.10000000149011612,1021.6082763671875,22.030000686645508,9.591360092163086,1.1784641742706299,374004736,1267773440,13.399999618530273,0.036011111,338.8800048828125,7,1,-4.699999809,0.18000000715255737,6.429999828338623,-2.640000105,0,9563,9563,10042,9558,0,9563,STANDBY
1.100000023841858,-0.899999976,10.300000190734863,0,0,0,1021.6852416992188,22.079999923706055,8.965611457824707,-1.248178482,374004736,1267773440,13.399999618530273,0.036011111,338.8800048828125,7,1,-4.699999809,0.18000000715255737,6.429999828338623,-2.690000057,0,9663,9663,10136,9659,0,9663,STANDBY
1.1100000143051147,-0.889999986,10.300000190734863,-0.100000001,-0.100000001,0,1021.7548217773438,22.12000084,8.402176856994629,-2.601824999,374004736,1267773440,13.399999618530273,0.036011111,338.8800048828125,7,1,-4.710000038,0.18000000715255737,6.429999828338623,-2.730000019,0,9763,9763,10246,9760,0,9763,STANDBY
1.100000023841858,-0.910000026,10.300000190734863,-0.100000001,-0.100000001,0,1021.6309204101562,22.040000915527344,9.407011032104492,1.8590662479400635,374004736,1267773440,13.399999618530273,0.036011111,338.8800048828125,7,1,-4.710000038,0.18000000715255737,6.429999828338623,-2.779999971,0,9814,9863,10340,9854,0,9863,STANDBY
1.1100000143051147,-0.889999986,10.300000190734863,0,-0.100000001,0.10000000149011612,1021.515137,21.969999313354492,10.346933364868164,4.949491978,374004736,1267773440,13.399999618530273,0.036011111,338.8800048828125,7,1,-4.71999979,0.18000000715255737,6.420000076293945,-2.819999933,0,9916,9963,10433,9949,0,9963,STANDBY
1.100000023841858,-0.899999976,10.300000190734863,0,0,0,1021.593017578125,22.020000457763672,9.715991020202637,0.6439054012298584,374004736,1267773440,13.399999618530273,0.036011111,338.8800048828125,7,1,-4.730000019,0.18000000715255737,6.420000076293945,-2.869999886,0,10016,10063,10544,10058,0,10063,STANDBY
1.1100000143051147,-0.889999986,10.300000190734863,0,0,0,1021.672363,22.06999969482422,9.072066307067871,-2.163599491,374004736,1267773440,13.399999618530273,0.036011111,338.8800048828125,7,1,-4.730000019,0.18000000715255737,6.420000076293945,-2.920000076,0,10116,10163,10637,10152,0,10163,STANDBY
1.1100000143051147,-0.899999976,10.300000190734863,0,0,0.10000000149011612,1021.7391967773438,22.12000084,8.529403686523438,-3.555354118,374004736,1267773440,13.399999618530273,0.036011111,338.8800048828125,7,1,-4.71999979,0.18000000715255737,6.420000076293945,-2.970000029,0,10216,10263,10746,10262,0,10263,STANDBY
1.1100000143051147,-0.899999976,10.300000190734863,-0.200000003,0,0,1021.619384765625,22.040000915527344,9.500483512878418,1.6088926792144775,374004736,1267773440,13.399999618530273,0.036011111,338.8800048828125,7,1,-4.730000019,0.18000000715255737,6.409999847412109,-3.00999999,0,10316,10363,10841,10356,0,10363,STANDBY
1.1100000143051147,-0.899999976,10.31000042,0,0,0,1021.503906,21.959999084472656,10.437809944152832,4.778996944,374004736,1267773440,13.300000190734863,0.036011111,338.8800048828125,6,1,-4.75,0.18000000715255737,6.409999847412109,-3.049999952,0,10416,10465,10935,10450,0,10465,STANDBY
1.100000023841858,-0.899999976,10.300000190734863,0,0,0.10000000149011612,1021.5839233398438,22.020000457763672,9.788692474365234,0.46208834648132324,374004736,1267773440,13.300000190734863,0.036011111,338.8800048828125,6,1,-4.75,0.18000000715255737,6.400000095367432,-3.099999905,0,10521,10565,11044,10559,0,10565,STANDBY
1.100000023841858,-0.899999976,10.300000190734863,0,0,0.10000000149011612,1021.6578369140625,22.06999969482422,9.188907623291016,-2.103402853,374004736,1267773440,13.300000190734863,0.036011111,338.8800048828125,6,1,-4.760000229,0.18000000715255737,6.389999866485596,-3.150000095,0,10621,10665,11138,10659,0,10665,STANDBY
1.1200000047683716,-0.899999976,10.289999961853027,0,0,0,1021.7290649414062,22.110000610351562,8.612491607666016,-3.651842117,374004736,1267773440,13.300000190734863,0.036011111,338.8800048828125,6,1,-4.760000229,0.18000000715255737,6.389999866485596,-3.200000048,0,10721,10765,11248,10763,0,10765,STANDBY
1.1100000143051147,-0.910000026,10.300000190734863,-0.100000001,0,0.10000000149011612,1021.6065673828125,22.030000686645508,9.604342460632324,1.6302244663238525,374004736,1267773440,13.300000190734863,0.036011111,338.8800048828125,6,1,-4.769999981,0.18000000715255737,6.389999866485596,-3.24000001,0,10821,10865,11341,10857,0,10865,STANDBY
1.090000033378601,-0.899999976,10.31000042,-0.100000001,0,0.10000000149011612,1021.5029907226562,21.969999313354492,10.445598602294922,4.408368110656738,374004736,1267773440,13.300000190734863,0.036011111,338.8800048828125,6,1,-4.78000021,0.18000000715255737,6.380000114440918,-3.289999962,0,10921,10966,11436,10951,0,10966,STANDBY
1.090000033378601,-0.899999976,10.300000190734863,0,0,0,1021.5865478515625,22.020000457763672,9.767920494,0.11064314842224121,374004736,1267773440,13.300000190734863,0.036011111,338.8800048828125,6,1,-4.789999962,0.17000000178813934,6.369999885559082,-3.339999914,0,11021,11066,11545,11061,0,11066,STANDBY
1.1200000047683716,-0.899999976,10.31000042,0,0,0.10000000149011612,1021.660156,22.06999969482422,9.170732498168945,-2.317940474,374004736,1267773440,13.300000190734863,0.036011111,338.8800048828125,6,1,-4.800000191,0.17000000178813934,6.369999885559082,-3.380000114,0,11121,11166,11639,11155,0,11166,STANDBY
1.1100000143051147,-0.899999976,10.300000190734863,0,0,0,1021.7310791015625,22.12000084,8.594315528869629,-3.743940592,374004736,1267773440,13.300000190734863,0.036011111,338.8800048828125,6,1,-4.789999962,0.17000000178813934,6.369999885559082,-3.430000067,0,11222,11266,11749,11265,0,11266,STANDBY
1.1100000143051147,-0.899999976,10.300000190734863,0,0,0.10000000149011612,1021.6251831054688,22.049999237060547,9.453747749328613,1.0416069030761719,374004736,1267773440,13.300000190734863,0.12346666306257248,338.8800048828125,6,1,-4.789999962,0.17000000178813934,6.360000133514404,-3.480000019,0,11322,11366,11843,11358,0,11366,STANDBY
1.1100000143051147,-0.889999986,10.289999961853027,0,0,0.10000000149011612,1021.525634765625,21.979999542236328,10.261249542236328,3.8966355323791504,374004736,1267773440,13.199999809265137,0.12346666306257248,338.8800048828125,7,1,-4.78000021,0.17000000178813934,6.360000133514404,-3.529999971,0,11422,11466,11937,11452,0,11466,STANDBY
1.1100000143051147,-0.899999976,10.31000042,0,0,0.10000000149011612,1021.603271484375,22.030000686645508,9.632904052734375,-0.019535303,374004736,1267773440,13.199999809265137,0.12346666306257248,338.8800048828125,7,1,-4.78000021,0.1599999964237213,6.360000133514404,-3.579999924,0,11522,11566,12047,11561,0,11566,STANDBY
1.100000023841858,-0.899999976,10.300000190734863,0,0,0.10000000149011612,1021.6768798828125,22.079999923706055,9.035716057,-2.401254654,374004736,1267773440,13.199999809265137,0.12346666306257248,338.8800048828125,7,1,-4.78000021,0.1599999964237213,6.360000133514404,-3.630000114,0,11622,11666,12141,11660,0,11666,STANDBY
1.1100000143051147,-0.899999976,10.300000190734863,-0.100000001,0,0.10000000149011612,1021.7481079101562,22.12999916,8.456703186035156,-3.85285449,374004736,1267773440,13.199999809265137,0.12346666306257248,338.8800048828125,7,1,-4.809999943,0.1599999964237213,6.349999904632568,-3.670000076,0,11722,11766,12251,11766,0,11766,STANDBY
1.100000023841858,-0.899999976,10.300000190734863,-0.100000001,0,0.10000000149011612,1021.631591796875,22.049999237060547,9.401818275,1.3146333694458008,374004736,1267773440,13.199999809265137,0.12346666306257248,338.8800048828125,7,1,-4.809999943,0.1599999964237213,6.340000152587891,-3.720000029,0,11822,11866,12345,11860,0,11866,STANDBY
1.1100000143051147,-0.899999976,10.300000190734863,0,0,0.10000000149011612,1021.5279541015625,21.979999542236328,10.243074417114258,4.206389904022217,374004736,1267773440,13.199999809265137,0.12346666306257248,338.8800048828125,7,1,-4.820000172,0.1599999964237213,6.340000152587891,-3.75999999,0,11922,11966,12439,11954,0,11966,STANDBY
1.1100000143051147,-0.889999986,10.31000042,0,0,0.10000000149011612,1021.6056518554688,22.040000915527344,9.612132072,0.1683204174041748,374004736,1267773440,13.199999809265137,0.12346666306257248,338.8800048828125,7,1,-4.809999943,0.1599999964237213,6.340000152587891,-3.809999943,0,12022,12066,12549,12063,0,12066,STANDBY
1.1100000143051147,-0.899999976,10.300000190734863,0,0,0,1021.6808471679688,22.079999923706055,9.001961708068848,-2.332956314,374004736,1267773440,13.199999809265137,0.12346666306257248,338.8800048828125,7,1,-4.809999943,0.1599999964237213,6.340000152587891,-3.859999895,0,12122,12166,12643,12157,0,12166,STANDBY
1.1100000143051147,-0.889999986,10.300000190734863,-0.100000001,0,0.10000000149011612,1021.752441,22.12999916,8.422948837280273,-3.809143543,374004736,1267773440,13.199999809265137,0.12346666306257248,338.8800048828125,7,1,-4.809999943,0.1599999964237213,6.340000152587891,-3.900000095,0,12222,12266,12736,12252,0,12266,STANDBY
1.1100000143051147,-0.889999986,10.300000190734863,0,0,0.10000000149011612,1021.6298217773438,22.049999237060547,9.417396545410156,1.5399389266967773,374004704,1267773440,13.199999809265137,0.3138110935688019,205.0500030517578,7,1,-4.820000172,0.1599999964237213,6.340000152587891,-3.950000048,0,12322,12366,12847,12361,0,12366,STANDBY
1.100000023841858,-0.889999986,10.289999961853027,0,0,0,1021.5126342773438,21.979999542236328,10.367705345153809,4.7867960929870605,374004704,1267773440,12.899999618530273,0.3138110935688019,205.0500030517578,6,1,-4.829999924,0.15000000596046448,6.340000152587891,-4,0,12422,12466,12940,12455,0,12466,STANDBY
1.1100000143051147,-0.899999976,10.300000190734863,0,0,0,1021.5919799804688,22.030000686645508,9.723780632019043,0.4878509044647217,374004704,1267773440,12.899999618530273,0.3138110935688019,205.0500030517578,6,1,-4.829999924,0.1599999964237213,6.340000152587891,-4.039999962,0,12522,12566,13050,12565,0,12566,STANDBY
1.1200000047683716,-0.889999986,10.300000190734863,0,-0.100000001,0,1021.6712646484375,22.079999923706055,9.079855918884277,-2.263474226,374004704,1267773440,12.899999618530273,0.3138110935688019,205.0500030517578,6,1,-4.829999924,0.1599999964237213,6.329999923706055,-4.090000153,0,12622,12666,13144,12659,0,12666,STANDBY
1.090000033378601,-0.899999976,10.300000190734863,0,0,0.10000000149011612,1021.7424926757812,22.12999916,8.503439903259277,-3.75428772,374004704,1267773440,12.899999618530273,0.3138110935688019,205.0500030517578,6,1,-4.829999924,0.15000000596046448,6.329999923706055,-4.130000114,0,12722,12766,13238,12753,0,12766,STANDBY
1.100000023841858,-0.899999976,10.289999961853027,0,0,0,1021.6218872070312,22.049999237060547,9.482308387756348,1.5127298831939697,374004704,1267773440,12.899999618530273,0.3138110935688019,205.0500030517578,6,1,-4.869999886,0.15000000596046448,6.329999923706055,-4.170000076,0,12822,12866,13348,12863,0,12866,STANDBY
1.1200000047683716,-0.899999976,10.300000190734863,0,-0.100000001,0.10000000149011612,1021.5084228515625,21.969999313354492,10.401458740234375,4.644748687744141,374004704,1267773440,12.899999618530273,0.3138110935688019,205.0500030517578,6,1,-4.860000134,0.15000000596046448,6.329999923706055,-4.21999979,0,12922,12966,13442,12957,0,12966,STANDBY
1.1100000143051147,-0.899999976,10.31000042,0,0,0,1021.584716796875,22.030000686645508,9.783498764038086,0.5007994174957275,374004704,1267773440,12.899999618530273,0.3138110935688019,205.0500030517578,6,1,-4.860000134,0.15000000596046448,6.320000171661377,-4.269999981,0,13022,13066,13536,13051,0,13066,STANDBY
1.100000023841858,-0.899999976,10.300000190734863,-0.100000001,0,0.10000000149011612,1021.659668,22.06999969482422,9.173328399658203,-2.120169878,374004704,1267773440,12.899999618530273,0.3138110935688019,205.0500030517578,6,1,-4.849999905,0.15000000596046448,6.320000171661377,-4.320000172,0,13122,13166,13645,13161,0,13166,STANDBY
1.1100000143051147,-0.889999986,10.300000190734863,0,-0.100000001,0.10000000149011612,1021.7335815429688,22.12000084,8.573544502,-3.756044388,374004704,1267773440,12.899999618530273,0.3138110935688019,205.0500030517578,6,1,-4.860000134,0.14000000059604645,6.320000171661377,-4.360000134,0,13222,13266,13740,13255,0,13266,STANDBY
1.100000023841858,-0.899999976,10.289999961853027,-0.100000001,0,0.10000000149011612,1021.611328,22.040000915527344,9.567992210388184,1.5739223957061768,374004704,1267773440,12.899999618530273,0.3806888461112976,288.1300048828125,6,1,-4.860000134,0.14000000059604645,6.309999942779541,-4.420000076,0,13322,13366,13850,13365,0,13366,STANDBY
1.1100000143051147,-0.889999986,10.300000190734863,0,0,0.10000000149011612,1021.4954833984375,21.969999313354492,10.505317687988281,4.756612300872803,374004704,1267773440,13.100000381469727,0.3806888461112976,288.1300048828125,6,1,-4.849999905,0.12999999523162842,6.320000171661377,-4.460000038,0,13422,13466,13943,13459,0,13466,STANDBY
1.1100000143051147,-0.899999976,10.300000190734863,0,0,0,1021.5758056640625,22.020000457763672,9.856200218200684,0.44776225090026855,374004704,1267773440,13.100000381469727,0.3806888461112976,288.1300048828125,6,1,-4.849999905,0.12999999523162842,6.309999942779541,-4.510000229,0,13522,13566,14038,13553,0,13566,STANDBY
1.100000023841858,-0.899999976,10.31000042,0,0,0,1021.6531372070312,22.06999969482422,9.227854729,-2.226814032,374004704,1267773440,13.100000381469727,0.3806888461112976,288.1300048828125,6,1,-4.860000134,0.12999999523162842,6.309999942779541,-4.559999943,0,13622,13666,14147,13663,0,13666,STANDBY
1.1100000143051147,-0.889999986,10.300000190734863,0,0,0.10000000149011612,1021.7246704101562,22.12000084,8.646245002746582,-3.751599789,374004704,1267773440,13.100000381469727,0.3806888461112976,288.1300048828125,6,1,-4.869999886,0.12999999523162842,6.309999942779541,-4.599999905,0,13722,13766,14241,13757,0,13766,STANDBY
1.1100000143051147,-0.889999986,10.31000042,0,0,0,1021.6048583984375,22.040000915527344,9.619921684265137,1.493682861328125,374004704,1267773440,13.100000381469727,0.3806888461112976,288.1300048828125,6,1,-4.880000114,0.12999999523162842,6.300000190734863,-4.650000095,0,13822,13867,14352,13867,0,13867,STANDBY
1.1100000143051147,-0.899999976,10.289999961853027,0,0,0,1021.4929809570312,21.969999313354492,10.526089668273926,4.580628871917725,374004704,1267773440,13.100000381469727,0.3806888461112976,288.1300048828125,6,1,-4.889999866,0.12999999523162842,6.300000190734863,-4.679999828,0,13922,13967,14445,13961,0,13967,STANDBY
1.1100000143051147,-0.889999986,10.300000190734863,0,0,0,1021.572509765625,22.020000457763672,9.882164955,0.35590362548828125,374004704,1267773440,13.100000381469727,0.3806888461112976,288.1300048828125,6,1,-4.889999866,0.12999999523162842,6.300000190734863,-4.71999979,0,14022,14067,14539,14055,0,14067,STANDBY
1.100000023841858,-0.899999976,10.300000190734863,0,0,0.10000000149011612,1021.6514282226562,22.06999969482422,9.240837097167969,-2.287232876,374004704,1267773440,13.100000381469727,0.3806888461112976,288.1300048828125,6,1,-4.900000095,0.12999999523162842,6.289999961853027,-4.769999981,0,14123,14167,14649,14164,0,14167,STANDBY
1.100000023841858,-0.899999976,10.300000190734863,0,0,0,1021.7197875976562,22.12000084,8.687788963317871,-3.676021576,374004704,1267773440,13.100000381469727,0.3806888461112976,288.1300048828125,6,1,-4.909999847,0.12999999523162842,6.289999961853027,-4.809999943,0,14223,14267,14743,14259,0,14267,STANDBY
1.1100000143051147,-0.899999976,10.300000190734863,0,-0.100000001,0.10000000149011612,1021.601563,22.040000915527344,9.645886421203613,1.4797358512878418,374004832,1267773312,13.100000381469727,1.507322072982788,339.9599914550781,6,1,-4.920000076,0.12999999523162842,6.289999961853027,-4.849999905,0,14323,14367,14837,14353,0,14367,STANDBY
1.100000023841858,-0.910000026,10.300000190734863,0,-0.100000001,0.10000000149011612,1021.4896850585938,21.969999313354492,10.554651260375977,4.582090377807617,374004832,1267773312,14.5,1.507322072982788,339.9599914550781,6,1,-4.909999847,0.12999999523162842,6.289999961853027,-4.900000095,0,14423,14467,14948,14460,0,14467,STANDBY
1.100000023841858,-0.889999986,10.319999694824219,-0.100000001,0,0.10000000149011612,1021.571533203125,22.030000686645508,9.889954566955566,0.27375102043151855,374004832,1267773312,14.5,1.507322072982788,339.9599914550781,6,1,-4.920000076,0.12999999523162842,6.289999961853027,-4.940000057,0,14523,14567,15042,14557,0,14567,STANDBY
1.1100000143051147,-0.889999986,10.31000042,0,-0.100000001,0.10000000149011612,1021.6448974609375,22.06999969482422,9.295362473,-2.203167677,374004832,1267773312,14.5,1.507322072982788,339.9599914550781,6,1,-4.929999828,0.11999999731779099,6.28000021,-4.989999771,0,14623,14667,15152,14666,0,14667,STANDBY
1.1100000143051147,-0.910000026,10.300000190734863,0,-0.100000001,0.10000000149011612,1021.7181396484375,22.12000084,8.700771332,-3.788392067,374004832,1267773312,14.5,1.507322072982788,339.9599914550781,6,1,-4.940000057,0.11999999731779099,6.28000021,-5.03000021,0,14723,14767,15246,14760,0,14767,STANDBY
1.1100000143051147,-0.899999976,10.300000190734863,-0.100000001,-0.100000001,0.10000000149011612,1021.599853515625,22.040000915527344,9.658868789672852,1.4078187942504883,374004832,1267773312,14.5,1.507322072982788,339.9599914550781,6,1,-4.949999809,0.11999999731779099,6.28000021,-5.070000172,0,14823,14867,15340,14855,0,14867,STANDBY
1.1200000047683716,-0.910000026,10.31000042,0,0,0,1021.4880981445312,21.969999313354492,10.567632675170898,4.536059379577637,374004832,1267773312,14.5,1.507322072982788,339.9599914550781,6,1,-4.980000019,0.11999999731779099,6.28000021,-5.110000134,0,14923,14967,15450,14961,0,14967,STANDBY
1.100000023841858,-0.899999976,10.300000190734863,0,0,0,1021.5682983398438,22.030000686645508,9.915919303894043,0.29622459411621094,374004832,1267773312,14.5,1.507322072982788,339.9599914550781,6,1,-4.980000019,0.11999999731779099,6.28000021,-5.150000095,0,15023,15067,15544,15059,0,15067,STANDBY
1.1100000143051147,-0.889999986,10.31000042,-0.100000001,-0.100000001,0.10000000149011612,1021.6443481445312,22.079999923706055,9.297959327697754,-2.282256126,374004832,1267773312,14.5,1.507322072982788,339.9599914550781,6,1,-4.96999979,0.11999999731779099,6.28000021,-5.190000057,0,15123,15167,15638,15153,0,15167,STANDBY
1.1100000143051147,-0.889999986,10.31000042,-0.100000001,0,0.10000000149011612,1021.7156372070312,22.12000084,8.721543312072754,-3.766308069,374004832,1267773312,14.5,1.507322072982788,339.9599914550781,6,1,-4.96999979,0.11999999731779099,6.269999980926514,-5.239999771,0,15223,15267,15748,15263,0,15267,STANDBY
1.1100000143051147,-0.910000026,10.300000190734863,0,0,0.10000000149011612,1021.5933837890625,22.040000915527344,9.713394165039062,1.5569660663604736,374004832,1267773312,14.5,0.1183222085237503,339.9599914550781,6,1,-4.96999979,0.11999999731779099,6.269999980926514,-5.28000021,0,15323,15367,15842,15357,0,15367,STANDBY
1.1100000143051147,-0.899999976,10.279999732971191,-0.100000001,0,0.10000000149011612,1021.483154296875,21.969999313354492,10.606579780578613,4.5692009925842285,374004832,1267773312,14.399999618530273,0.1183222085237503,339.9599914550781,6,1,-5,0.11999999731779099,6.269999980926514,-5.309999943,0,15423,15467,15936,15452,0,15467,STANDBY
1.100000023841858,-0.899999976,10.300000190734863,-0.100000001,0,0.10000000149011612,1021.5244750976562,22,10.271636009216309,1.5845136642456055,374004832,1267773312,14.399999618530273,0.1183222085237503,339.9599914550781,6,1,-5,0.11999999731779099,6.260000228881836,-5.360000134,0,15523,15567,16047,15561,0,15567,STANDBY
1.1100000143051147,-0.899999976,10.300000190734863,-0.100000001,0,0,1021.6080322265625,22.049999237060547,9.593956947,-1.696627498,374004832,1267773312,14.399999618530273,0.1183222085237503,339.9599914550781,6,1,-4.980000019,0.11999999731779099,6.260000228881836,-5.400000095,0,15624,15667,16141,15660,0,15667,STANDBY
1.100000023841858,-0.899999976,10.300000190734863,-0.100000001,0,0,1021.6793212890625,22.100000381469727,9.014944076538086,-3.401893139,374004832,1267773312,14.399999618530273,0.1183222085237503,339.9599914550781,6,1,-5,0.11999999731779099,6.25,-5.440000057,0,15725,15767,16250,15766,0,15767,STANDBY
1.1100000143051147,-0.899999976,10.279999732971191,0,0,0,1021.5650634765625,22.030000686645508,9.941884041,1.530548334121704,374004832,1267773312,14.399999618530273,0.1183222085237503,339.9599914550781,6,1,-4.989999771,0.11999999731779099,6.260000228881836,-5.480000019,0,15825,15867,16345,15859,0,15867,STANDBY
1.1100000143051147,-0.910000026,10.31000042,0,0,0.10000000149011612,1021.4531860351562,21.950000762939453,10.850647926330566,4.6146063804626465,374004832,1267773312,14.399999618530273,0.1183222085237503,339.9599914550781,6,1,-4.980000019,0.11999999731779099,6.25,-5.53000021,0,15925,15970,16454,15970,0,15970,STANDBY
1.1100000143051147,-0.910000026,10.300000190734863,0,0,0.10000000149011612,1021.346435546875,21.889999389648438,11.715272903442383,6.411848068237305,374004832,1267773312,14.399999618530273,0.1183222085237503,339.9599914550781,6,1,-4.989999771,0.11999999731779099,6.25,-5.570000172,0,16025,16070,16548,16064,0,16070,STANDBY
1.100000023841858,-0.899999976,10.289999961853027,-0.200000003,-0.100000001,0.10000000149011612,1021.437988,21.950000762939453,10.97268295288086,1.133223056793213,374004832,1267773312,14.399999618530273,0.1183222085237503,339.9599914550781,6,1,-5,0.11999999731779099,6.25,-5.610000134,0,16125,16171,16643,16158,0,16171,STANDBY
1.100000023841858,-0.910000026,10.300000190734863,-0.100000001,0,0.10000000149011612,1021.521240234375,22,10.297599792480469,-1.975069761,374004832,1267773312,14.399999618530273,0.1183222085237503,339.9599914550781,6,1,-5.03000021,0.11999999731779099,6.25,-5.650000095,0,16225,16271,16753,16268,0,16271,STANDBY
1.100000023841858,-0.889999986,10.300000190734863,-0.100000001,0,0.10000000149011612,1021.4132690429688,21.93000030517578,11.17261028289795,2.235997200012207,374004768,1267773312,14.399999618530273,0.5144444108009338,348.1000061035156,6,1,-5.03000021,0.10999999940395355,6.239999771118164,-5.690000057,0,16325,16371,16847,16362,0,16371,STANDBY
1.090000033378601,-0.899999976,10.289999961853027,0,0,0,1021.309814453125,21.860000610351562,12.013867378234863,4.796066761016846,374004768,1267773312,14.100000381469727,0.5144444108009338,348.1000061035156,8,1,-5.03000021,0.10999999940395355,6.230000019073486,-5.730000019,0,16425,16471,16942,16456,0,16471,STANDBY
1.100000023841858,-0.920000017,10.300000190734863,0,0,0.10000000149011612,1021.2132568359375,21.799999237060547,12.798001289367676,6.206018447875977,374004768,1267773312,14.100000381469727,0.5144444108009338,348.1000061035156,8,1,-5.019999981,0.10999999940395355,6.230000019073486,-5.78000021,0,16525,16571,17051,16567,0,16571,STANDBY
1.1100000143051147,-0.899999976,10.300000190734863,-0.100000001,0,0.10000000149011612,1021.311279296875,21.87000084,12.000885009765625,0.7833867073059082,374004768,1267773312,14.100000381469727,0.5144444108009338,348.1000061035156,8,1,-5.019999981,0.10999999940395355,6.230000019073486,-5.820000172,0,16625,16671,17145,16661,0,16671,STANDBY
1.1100000143051147,-0.899999976,10.300000190734863,0,0,0,1021.402832,21.93000030517578,11.258294105529785,-2.410753727,374004768,1267773312,14.100000381469727,0.5144444108009338,348.1000061035156,8,1,-5.039999962,0.10999999940395355,6.230000019073486,-5.860000134,0,16726,16771,17255,16771,0,16771,STANDBY
1.090000033378601,-0.910000026,10.300000190734863,-0.100000001,0,0.10000000149011612,1021.3048706054688,21.860000610351562,12.052814483642578,1.6351990699768066,374004768,1267773312,14.100000381469727,0.5144444108009338,348.1000061035156,8,1,-5.039999962,0.10999999940395355,6.21999979,-5.900000095,0,16826,16871,17349,16865,0,16871,STANDBY
1.1100000143051147,-0.889999986,10.31000042,0,-0.100000001,0.10000000149011612,1021.2093505859375,21.799999237060547,12.829158782958984,4.151904582977295,374004768,1267773312,14.100000381469727,0.5144444108009338,348.1000061035156,8,1,-5.050000191,0.10999999940395355,6.21999979,-5.940000057,0,16926,16971,17443,16959,0,16971,STANDBY
1.1100000143051147,-0.910000026,10.300000190734863,-0.100000001,0,0,1021.1148681640625,21.739999771118164,13.595117568969727,5.7210540771484375,374004768,1267773312,14.100000381469727,0.5144444108009338,348.1000061035156,8,1,-5.070000172,0.10999999940395355,6.210000038146973,-5.96999979,0,17026,17071,17554,17069,0,17071,STANDBY
1.100000023841858,-0.910000026,10.300000190734863,0,0,0.10000000149011612,1021.220703,21.809999465942383,12.735685348510742,0.22374582290649414,374004768,1267773312,14.100000381469727,0.5144444108009338,348.1000061035156,8,1,-5.050000191,0.10999999940395355,6.21999979,-6.010000229,0,17126,17171,17648,17163,0,17171,STANDBY
1.1200000047683716,-0.879999995,10.300000190734863,0,0,0.10000000149011612,1021.3218994140625,21.87999916,11.915201187133789,-3.138739347,374004768,1267773312,14.100000381469727,0.5144444108009338,348.1000061035156,8,1,-5.050000191,0.10999999940395355,6.21999979,-6.050000191,0,17226,17271,17741,17257,0,17271,STANDBY
1.100000023841858,-0.910000026,10.300000190734863,-0.100000001,0,0,1021.2279663085938,21.809999465942383,12.67596722,1.0342707633972168,374004768,1267773440,14.100000381469727,0.051444441080093384,348.1000061035156,8,1,-5.059999943,0.10999999940395355,6.21999979,-6.090000153,0,17326,17371,17852,17367,0,17371,STANDBY
1.100000023841858,-0.910000026,10.289999961853027,-0.100000001,0,0.10000000149011612,1021.1364135742188,21.760000228881836,13.421154022216797,3.6426806449890137,374004768,1267773440,13.899999618530273,0.051444441080093384,348.1000061035156,8,1,-5.079999924,0.10999999940395355,6.21999979,-6.119999886,0,17426,17471,17946,17461,0,17471,STANDBY
1.1100000143051147,-0.899999976,10.300000190734863,0,0,0.10000000149011612,1021.0515747070312,21.700000762939453,14.10921859741211,5.083574295043945,374004768,1267773440,13.899999618530273,0.051444441080093384,348.1000061035156,8,1,-5.090000153,0.10999999940395355,6.210000038146973,-6.159999847,0,17526,17571,18056,17571,0,17571,STANDBY
1.100000023841858,-0.899999976,10.300000190734863,0,-0.100000001,0,1021.161376953125,21.770000457763672,13.218628883361816,-0.308871031,374004768,1267773440,13.899999618530273,0.051444441080093384,348.1000061035156,8,1,-5.079999924,0.11999999731779099,6.199999809265137,-6.199999809,0,17626,17671,18150,17665,0,17671,STANDBY
1.100000023841858,-0.889999986,10.300000190734863,0,0,0.10000000149011612,1021.2593994140625,21.84000015258789,12.421512603759766,-3.386142492,374004768,1267773440,13.899999618530273,0.051444441080093384,348.1000061035156,8,1,-5.079999924,0.10999999940395355,6.210000038146973,-6.230000019,0,17726,17771,18244,17759,0,17771,STANDBY
1.1100000143051147,-0.889999986,10.289999961853027,0,0,0.10000000149011612,1021.1681518554688,21.780000686645508,13.161506652832031,0.7928450107574463,374004768,1267773440,13.899999618530273,0.051444441080093384,348.1000061035156,8,1,-5.070000172,0.10999999940395355,6.210000038146973,-6.28000021,0,17826,17871,18354,17869,0,17871,STANDBY
1.1100000143051147,-0.910000026,10.300000190734863,0,0,0,1021.0789794921875,21.719999313354492,13.885921478271484,3.4050800800323486,374004768,1267773440,13.899999618530273,0.051444441080093384,348.1000061035156,8,1,-5.070000172,0.10999999940395355,6.199999809265137,-6.309999943,0,17926,17971,18448,17964,0,17971,STANDBY
1.100000023841858,-0.910000026,10.300000190734863,-0.100000001,0,0.10000000149011612,1020.9945068359375,21.670000076293945,14.571390151977539,4.921126365661621,374004768,1267773440,13.899999618530273,0.051444441080093384,348.1000061035156,8,1,-5.079999924,0.10999999940395355,6.199999809265137,-6.349999905,0,18026,18071,18542,18058,0,18071,STANDBY
1.1200000047683716,-0.879999995,10.300000190734863,0,-0.100000001,0,1021.110595703125,21.75,13.628870964050293,-0.620555878,374004768,1267773440,13.899999618530273,0.051444441080093384,348.1000061035156,8,1,-5.070000172,0.10999999940395355,6.210000038146973,-6.389999866,0,18126,18171,18652,18167,0,18171,STANDBY
1.090000033378601,-0.899999976,10.300000190734863,0,0,0.10000000149011612,1021.2125854492188,21.809999465942383,12.803194046020508,-3.699863434,374004768,1267773440,13.899999618530273,0.051444441080093384,348.1000061035156,8,1,-5.079999924,0.10999999940395355,6.199999809265137,-6.429999828,0,18226,18271,18746,18262,0,18271,STANDBY
1.100000023841858,-0.899999976,10.289999961853027,0,0,0.10000000149011612,1021.125,21.760000228881836,13.512030601501465,0.46743345260620117,374004768,1267773440,13.899999618530273,0.051444441080093384,348.1000061035156,8,1,-5.079999924,0.10999999940395355,6.190000057220459,-6.460000038,0,18326,18371,18841,18356,0,18371,STANDBY
1.1200000047683716,-0.889999986,10.300000190734863,-0.100000001,0,0.10000000149011612,1021.037841796875,21.700000762939453,14.220866203308105,3.1344997882843018,374004768,1267773440,13.800000190734863,0.051444441080093384,348.1000061035156,7,1,-5.070000172,0.10999999940395355,6.190000057220459,-6.5,0,18426,18471,18951,18465,0,18471,STANDBY
1.100000023841858,-0.910000026,10.289999961853027,0,0,0,1020.9606323242188,21.649999618530273,14.84661579,4.509078025817871,374004768,1267773440,13.800000190734863,0.051444441080093384,348.1000061035156,7,1,-5.090000153,0.10999999940395355,6.190000057220459,-6.53000021,0,18526,18571,19045,18560,0,18571,STANDBY
1.100000023841858,-0.910000026,10.319999694824219,-0.100000001,0,0.10000000149011612,1021.0747680664062,21.719999313354492,13.919675827026367,-0.821949959,374004768,1267773440,13.800000190734863,0.051444441080093384,348.1000061035156,7,1,-5.090000153,0.10999999940395355,6.190000057220459,-6.570000172,0,18626,18671,19154,18670,0,18671,STANDBY
1.1100000143051147,-0.879999995,10.31000042,0,0,0.10000000149011612,1021.1807250976562,21.790000915527344,13.06024456,-3.963773012,374004768,1267773440,13.800000190734863,0.051444441080093384,348.1000061035156,7,1,-5.090000153,0.10999999940395355,6.190000057220459,-6.610000134,0,18726,18771,19249,18764,0,18771,STANDBY
1.090000033378601,-0.920000017,10.300000190734863,0,-0.100000001,0,1021.091797,21.739999771118164,13.782063484191895,0.3504610061645508,374004768,1267773440,13.800000190734863,0.051444441080093384,348.1000061035156,7,1,-5.099999905,0.10999999940395355,6.179999828338623,-6.639999866,0,18826,18871,19343,18859,0,18871,STANDBY
1.1100000143051147,-0.879999995,10.300000190734863,0,0,0.10000000149011612,1021.0122680664062,21.690000534057617,14.428584098815918,2.810377597808838,374004768,1267773440,13.800000190734863,0.051444441080093384,348.1000061035156,7,1,-5.099999905,0.10999999940395355,6.190000057220459,-6.679999828,0,18926,18971,19453,18965,0,18971,STANDBY
1.100000023841858,-0.889999986,10.300000190734863,0,-0.100000001,0,1020.932129,21.639999389648438,15.077701568603516,4.395111560821533,374004768,1267773440,13.800000190734863,0.051444441080093384,348.1000061035156,7,1,-5.119999886,0.10000000149011612,6.179999828338623,-6.710000038,0,19026,19072,19548,19062,0,19072,STANDBY
1.090000033378601,-0.910000026,10.300000190734863,-0.100000001,0,0.10000000149011612,1021.0463256835938,21.709999084472656,14.150761604309082,-0.894888401,374004768,1267773440,13.800000190734863,0.051444441080093384,348.1000061035156,7,1,-5.119999886,0.10000000149011612,6.190000057220459,-6.739999771,0,19126,19172,19642,19156,0,19172,STANDBY
1.100000023841858,-0.899999976,10.300000190734863,-0.100000001,0,0.10000000149011612,1021.1541137695312,21.780000686645508,13.275751113891602,-4.072770596,374004768,1267773440,13.800000190734863,0.051444441080093384,348.1000061035156,7,1,-5.119999886,0.10000000149011612,6.190000057220459,-6.78000021,0,19226,19272,19751,19266,0,19272,STANDBY
1.1200000047683716,-0.889999986,10.300000190734863,0,0,0,1021.0722045898438,21.729999542236328,13.940447807312012,0.052213430404663086,374004768,1267773440,13.800000190734863,0.036011111,348.1000061035156,7,1,-5.130000114,0.10999999940395355,6.179999828338623,-6.809999943,0,19326,19372,19846,19361,0,19372,STANDBY
1.090000033378601,-0.910000026,10.31000042,0,0,0.10000000149011612,1020.9910888671875,21.68000030517578,14.599950790405273,2.6714284420013428,374004768,1267773440,13.800000190734863,0.036011111,348.1000061035156,7,1,-5.139999866,0.10000000149011612,6.179999828338623,-6.849999905,0,19426,19472,19956,19471,0,19472,STANDBY
1.1100000143051147,-0.879999995,10.300000190734863,0,0,0.10000000149011612,1020.9181518554688,21.62999916,15.191946029663086,4.077695369720459,374004768,1267773440,13.800000190734863,0.036011111,348.1000061035156,7,1,-5.150000095,0.10000000149011612,6.179999828338623,-6.880000114,0,19526,19572,20050,19565,0,19572,STANDBY
1.090000033378601,-0.910000026,10.300000190734863,0,0,0,1021.0310668945312,21.700000762939453,14.275392532348633,-0.98460269,374004768,1267773440,13.800000190734863,0.036011111,348.1000061035156,7,1,-5.170000076,0.10000000149011612,6.170000076293945,-6.909999847,0,19627,19672,20145,19660,0,19672,STANDBY
1.090000033378601,-0.899999976,10.289999961853027,-0.200000003,0,0.10000000149011612,1021.1429443359375,21.780000686645508,13.36662769317627,-3.481172562,374004768,1267773440,13.800000190734863,0.036011111,348.1000061035156,7,1,-5.190000057,0.10000000149011612,6.179999828338623,-6.940000057,0,19728,19772,20254,19769,0,19772,STANDBY
1.1399999856948853,-0.870000005,10.300000190734863,0,0,0,1021.0593872070312,21.719999313354492,14.044306755065918,-0.05937748,374004768,1267773440,13.800000190734863,0.036011111,348.1000061035156,7,1,-5.179999828,0.10999999940395355,6.170000076293945,-6.96999979,0,19828,19872,20348,19863,0,19872,STANDBY
1.090000033378601,-0.920000017,10.300000190734863,-0.100000001,0,0,1020.9798583984375,21.670000076293945,14.690827369689941,2.0308644771575928,374004768,1267773440,13.800000190734863,0.036011111,348.1000061035156,7,1,-5.190000057,0.10000000149011612,6.170000076293945,-7,0,19928,19972,20443,19957,0,19972,STANDBY
1.090000033378601,-0.899999976,10.300000190734863,-0.100000001,0,0.10000000149011612,1020.9039306640625,21.62000084,15.306191444396973,3.268918276,374004768,1267773440,13.800000190734863,0.036011111,348.1000061035156,7,1,-5.190000057,0.10999999940395355,6.179999828338623,-7.03000021,0,20028,20072,20552,20068,0,20072,STANDBY
1.1399999856948853,-0.879999995,10.300000190734863,0,-0.100000001,0,1021.0181274414062,21.700000762939453,14.379251480102539,-0.874100149,374004768,1267773440,13.800000190734863,0.036011111,348.1000061035156,7,1,-5.190000057,0.10999999940395355,6.179999828338623,-7.050000191,0,20128,20172,20646,20162,0,20172,STANDBY
1.090000033378601,-0.920000017,10.31000042,0,0,0.10000000149011612,1021.1296997070312,21.770000457763672,13.475679397583008,-3.450855017,374004768,1267773440,13.800000190734863,0.036011111,348.1000061035156,7,1,-5.159999847,0.10000000149011612,6.179999828338623,-7.099999905,0,20228,20272,20741,20256,0,20272,STANDBY
1.100000023841858,-0.870000005,10.300000190734863,-0.100000001,0,0.10000000149011612,1021.0460815429688,21.719999313354492,14.153358459472656,-0.039974213,374004768,1267773440,13.800000190734863,0.036011111,348.1000061035156,7,1,-5.170000076,0.10000000149011612,6.190000057220459,-7.130000114,0,20328,20372,20851,20366,0,20372,STANDBY
1.1200000047683716,-0.879999995,10.300000190734863,0,0,-0.100000001,1020.9656372070312,21.670000076293945,14.805071830749512,2.05989933,374004768,1267773440,13.899999618530273,0.036011111,348.1000061035156,6,1,-5.159999847,0.10000000149011612,6.179999828338623,-7.159999847,0,20428,20472,20945,20460,0,20472,STANDBY
1.0800000429153442,-0.930000007,10.300000190734863,0,0,0.10000000149011612,1020.886719,21.62000084,15.44640064239502,3.254422903060913,374004768,1267773440,13.899999618530273,0.036011111,348.1000061035156,6,1,-5.179999828,0.10000000149011612,6.170000076293945,-7.199999809,0,20531,20572,21055,20571,0,20572,STANDBY
1.1299999952316284,-0.879999995,10.300000190734863,-0.100000001,0,0.10000000149011612,1021.0050048828125,21.690000534057617,14.485706329345703,-0.991391182,374004768,1267773440,13.899999618530273,0.036011111,348.1000061035156,6,1,-5.170000076,0.10000000149011612,6.190000057220459,-7.21999979,0,20631,20672,21149,20665,0,20672,STANDBY
1.100000023841858,-0.910000026,10.31000042,0,-0.200000003,-0.100000001,1021.1151733398438,21.770000457763672,13.592520713806152,-3.492684126,374004768,1267773440,13.899999618530273,0.036011111,348.1000061035156,6,1,-5.190000057,0.10000000149011612,6.170000076293945,-7.25,0,20731,20772,21244,20759,0,20772,STANDBY
1.059999942779541,-0.910000026,10.300000190734863,0,0,0.10000000149011612,1021.030029296875,21.709999084472656,14.283182144165039,-0.025201226,374004768,1267773440,13.899999618530273,0.036011111,348.1000061035156,6,1,-5.179999828,0.090000004,6.170000076293945,-7.300000191,0,20831,20872,21354,20870,0,20872,STANDBY
1.1399999856948853,-0.860000014,10.289999961853027,0,0,0.10000000149011612,1020.9490356445312,21.65999984741211,14.940088272094727,2.085970878601074,374004768,1267773440,13.899999618530273,0.036011111,348.1000061035156,6,1,-5.179999828,0.090000004,6.179999828338623,-7.309999943,0,20931,20973,21448,20963,0,20973,STANDBY
1.1399999856948853,-0.870000005,10.300000190734863,0,-0.100000001,-0.100000001,1020.876220703125,21.610000610351562,15.532083511352539,3.2294061183929443,374004768,1267773440,13.899999618530273,0.036011111,348.1000061035156,6,1,-5.199999809,0.10000000149011612,6.170000076293945,-7.340000153,0,21031,21073,21558,21073,0,21073,STANDBY
1.059999942779541,-0.959999979,10.31000042,-0.200000003,0,0.10000000149011612,1020.9927978515625,21.690000534057617,14.586968421936035,-0.95754832,374004768,1267773440,13.899999618530273,0.036011111,348.1000061035156,6,1,-5.210000038,0.090000004,6.170000076293945,-7.369999886,0,21131,21173,21652,21168,0,21173,STANDBY
1.149999976158142,-0.839999974,10.300000190734863,0,0,0.10000000149011612,1021.1043090820312,21.760000228881836,13.680800437927246,-3.512568712,374004768,1267773440,13.899999618530273,0.036011111,348.1000061035156,6,1,-5.199999809,0.10000000149011612,6.179999828338623,-7.400000095,0,21231,21273,21746,21262,0,21273,STANDBY
1.100000023841858,-0.899999976,10.31000042,0,-0.100000001,-0.100000001,1021.020751953125,21.709999084472656,14.358479499816895,-0.079471014,374004768,1267773440,13.899999618530273,0.19548887014389038,14.369999885559082,6,1,-5.230000019,0.10000000149011612,6.159999847412109,-7.429999828,0,21331,21373,21857,21371,0,21373,STANDBY
1.090000033378601,-0.920000017,10.300000190734863,-0.100000001,0,0.10000000149011612,1020.945801,21.65999984741211,14.968649864196777,1.9016838073730469,374004768,1267773440,14,0.19548887014389038,14.369999885559082,5,1,-5.21999979,0.10000000149011612,6.170000076293945,-7.449999809,0,21431,21473,21951,21466,0,21473,STANDBY
1.1399999856948853,-0.860000014,10.300000190734863,-0.100000001,0,0,1020.8673706054688,21.610000610351562,15.604784965515137,3.2527101039886475,374004768,1267773440,14,0.19548887014389038,14.369999885559082,5,1,-5.21999979,0.10000000149011612,6.170000076293945,-7.480000019,0,21531,21573,22045,21560,0,21573,STANDBY
1.090000033378601,-0.920000017,10.300000190734863,0,-0.100000001,-0.100000001,1020.989501953125,21.690000534057617,14.612933158874512,-1.092191339,374004768,1267773440,14,0.19548887014389038,14.369999885559082,5,1,-5.230000019,0.10000000149011612,6.150000095367432,-7.510000229,0,21632,21673,22155,21670,0,21673,STANDBY
1.0800000429153442,-0.910000026,10.31000042,-0.100000001,0,0.10000000149011612,1021.099365234375,21.760000228881836,13.719747543334961,-3.557196379,374004768,1267773440,14,0.19548887014389038,14.369999885559082,5,1,-5.21999979,0.10000000149011612,6.159999847412109,-7.539999962,0,21732,21773,22249,21765,0,21773,STANDBY
1.149999976158142,-0.850000024,10.300000190734863,0,0,0,1021.015869140625,21.709999084472656,14.39742660522461,-0.1080328,374004768,1267773440,14,0.19548887014389038,14.369999885559082,5,1,-5.239999771,0.10000000149011612,6.150000095367432,-7.559999943,0,21832,21873,22343,21859,0,21873,STANDBY
1.0700000524520874,-0.939999998,10.289999961853027,0,-0.100000001,0,1020.9368896484375,21.65999984741211,15.03875446,1.9831081628799438,374004768,1267773440,14,0.19548887014389038,14.369999885559082,5,1,-5.260000229,0.090000004,6.139999866485596,-7.599999905,0,21932,21974,22454,21968,0,21974,STANDBY
1.1200000047683716,-0.889999986,10.300000190734863,-0.200000003,0,0.10000000149011612,1020.8640747070312,21.610000610351562,15.630749702453613,3.163573980331421,374004768,1267773440,14,0.19548887014389038,14.369999885559082,5,1,-5.239999771,0.10000000149011612,6.159999847412109,-7.610000134,0,22032,22074,22548,22063,0,22074,STANDBY
1.1399999856948853,-0.860000014,10.289999961853027,0,-0.100000001,-0.100000001,1020.9829711914062,21.690000534057617,14.664862632751465,-1.066151261,374004768,1267773440,14,0.19548887014389038,14.369999885559082,5,1,-5.25,0.10000000149011612,6.150000095367432,-7.639999866,0,22132,22174,22658,22172,0,22174,STANDBY
1.0499999523162842,-0.949999988,10.31000042,0,0,0,1021.0928955078125,21.760000228881836,13.774273872375488,-3.53222084,374004768,1267773440,14,0.19548887014389038,14.369999885559082,5,1,-5.25,0.10000000149011612,6.150000095367432,-7.670000076,0,22232,22274,22752,22266,0,22274,STANDBY
1.149999976158142,-0.850000024,10.289999961853027,0,0,0.10000000149011612,1021.0109252929688,21.709999084472656,14.438969612121582,-0.133595094,374004768,1267773440,14,0.036011111,14.369999885559082,5,1,-5.239999771,0.10999999940395355,6.159999847412109,-7.679999828,0,22332,22374,22846,22361,0,22374,STANDBY
1.1200000047683716,-0.879999995,10.289999961853027,0,-0.200000003,-0.100000001,1020.9343872070312,21.65999984741211,15.059526443481445,1.9002809524536133,374004768,1267773440,14,0.036011111,14.369999885559082,5,1,-5.25,0.10000000149011612,6.150000095367432,-7.71999979,0,22432,22474,22956,22469,0,22474,STANDBY
1.059999942779541,-0.939999998,10.31000042,-0.100000001,0,0.10000000149011612,1020.865478515625,21.62000084,15.62036418914795,3.0108606815338135,374004768,1267773440,14,0.036011111,14.369999885559082,5,1,-5.239999771,0.10000000149011612,6.159999847412109,-7.739999771,0,22532,22574,23051,22565,0,22574,STANDBY
1.159999966621399,-0.839999974,10.300000190734863,0,0,0,1020.9837646484375,21.690000534057617,14.659669876098633,-1.147271037,374004768,1267773440,14,0.036011111,14.369999885559082,5,1,-5.230000019,0.10999999940395355,6.159999847412109,-7.760000229,0,22632,22674,23144,22661,0,22674,STANDBY
1.0700000524520874,-0.920000017,10.289999961853027,0,-0.100000001,-0.100000001,1021.0939331054688,21.770000457763672,13.763887405395508,-3.60075736,374004768,1267773440,14,0.036011111,14.369999885559082,5,1,-5.25,0.10000000149011612,6.139999866485596,-7.789999962,0,22732,22774,23255,22769,0,22774,STANDBY
1.100000023841858,-0.910000026,10.300000190734863,-0.100000001,0,0.20000000298023224,1021.026611328125,21.719999313354492,14.311742782592773,-0.551347554,374004768,1267773440,14,0.036011111,14.369999885559082,5,1,-5.21999979,0.10000000149011612,6.159999847412109,-7.820000172,0,22832,22874,23349,22863,0,22874,STANDBY
1.149999976158142,-0.839999974,10.300000190734863,0,-0.100000001,0,1020.955078,21.68000030517578,14.893352508544922,1.5082887411117554,374004768,1267773440,14,0.036011111,14.369999885559082,5,1,-5.230000019,0.10000000149011612,6.159999847412109,-7.849999905,0,22932,22974,23458,22969,0,22974,STANDBY
1.0700000524520874,-0.939999998,10.300000190734863,0,0,-0.100000001,1020.8904418945312,21.62999916,15.417839050292969,2.6436619758605957,374004768,1267773440,14,0.036011111,14.369999885559082,5,1,-5.269999981,0.10000000149011612,6.139999866485596,-7.869999886,0,23032,23074,23553,23067,0,23074,STANDBY
1.1299999952316284,-0.870000005,10.300000190734863,-0.200000003,0.10000000149011612,0.10000000149011612,1021.0087280273438,21.709999084472656,14.457145690917969,-1.32199657,374004768,1267773440,14,0.036011111,14.369999885559082,5,1,-5.269999981,0.10999999940395355,6.159999847412109,-7.880000114,0,23133,23174,23647,23161,0,23174,STANDBY
1.1399999856948853,-0.899999976,10.31000042,0,-0.100000001,-0.200000003,1021.1205444335938,21.780000686645508,13.548380851745605,-3.754125357,374004768,1267773440,14,0.036011111,14.369999885559082,5,1,-5.28000021,0.10999999940395355,6.150000095367432,-7.900000095,0,23233,23274,23756,23271,0,23274,STANDBY
1.059999942779541,-0.930000007,10.289999961853027,-0.100000001,0,0.10000000149011612,1021.104248046875,21.770000457763672,13.680800437927246,-1.978897691,374004768,1267773440,14,0.3138110935688019,5.409999847412109,5,1,-5.28000021,0.10999999940395355,6.150000095367432,-7.920000076,0,23333,23374,23851,23366,0,23374,STANDBY
1.1299999952316284,-0.850000024,10.300000190734863,0,-0.100000001,0,1021.029052734375,21.719999313354492,14.290970802307129,0.6860505938529968,374004768,1267773440,13.399999618530273,0.3138110935688019,5.409999847412109,6,1,-5.25,0.11999999731779099,6.159999847412109,-7.940000057,0,23433,23474,23945,23459,0,23474,STANDBY
1.090000033378601,-0.899999976,10.300000190734863,0,-0.100000001,-0.100000001,1020.964111328125,21.68000030517578,14.81805419921875,2.125739336013794,374004768,1267773440,13.399999618530273,0.3138110935688019,5.409999847412109,6,1,-5.260000229,0.11999999731779099,6.139999866485596,-7.96999979,0,23533,23574,24055,23570,0,23574,STANDBY
1.090000033378601,-0.920000017,10.289999961853027,-0.100000001,0,0.10000000149011612,1021.0783081054688,21.760000228881836,13.891115188598633,-1.605731606,374004768,1267773440,13.399999618530273,0.3138110935688019,5.409999847412109,6,1,-5.269999981,0.11999999731779099,6.139999866485596,-7.980000019,0,23633,23674,24148,23663,0,23674,STANDBY
1.1299999952316284,-0.889999986,10.289999961853027,0,-0.100000001,0,1021.1878051757812,21.829999923706055,13.003122329711914,-3.869245529,374004768,1267773440,13.399999618530273,0.3138110935688019,5.409999847412109,6,1,-5.28000021,0.12999999523162842,6.150000095367432,-8,0,23733,23774,24259,23774,0,23774,STANDBY
1.100000023841858,-0.899999976,10.300000190734863,0,-0.100000001,0,1021.235595703125,21.860000610351562,12.61624813079834,-3.714314699,374004768,1267773440,13.399999618530273,0.3138110935688019,5.409999847412109,6,1,-5.289999962,0.11999999731779099,6.139999866485596,-8.020000458,0,23833,23874,24353,23868,0,23874,STANDBY
1.090000033378601,-0.899999976,10.289999961853027,-0.100000001,0,0.10000000149011612,1021.1481323242188,21.799999237060547,13.325084686279297,-0.108884431,374004768,1267773440,13.399999618530273,0.3138110935688019,5.409999847412109,6,1,-5.289999962,0.11999999731779099,6.139999866485596,-8.039999962,0,23933,23974,24448,23962,0,23974,STANDBY
1.1200000047683716,-0.889999986,10.289999961853027,0,0,0.10000000149011612,1021.0632934570312,21.75,14.01314926147461,2.1321206092834473,374004768,1267773440,13.399999618530273,0.3138110935688019,5.409999847412109,6,1,-5.320000172,0.11999999731779099,6.139999866485596,-8.06000042,0,24033,24074,24557,24072,0,24074,STANDBY
1.100000023841858,-0.920000017,10.289999961853027,0,-0.100000001,0,1021.173095703125,21.81999969482422,13.122559547424316,-1.485329986,374004768,1267773440,13.399999618530273,0.3138110935688019,5.409999847412109,6,1,-5.320000172,0.11999999731779099,6.139999866485596,-8.090000153,0,24133,24174,24651,24166,0,24174,STANDBY
1.1200000047683716,-0.899999976,10.289999961853027,0,0,0.10000000149011612,1021.2711181640625,21.87999916,12.32804012298584,-3.493073225,374004768,1267773440,13.399999618530273,0.3138110935688019,5.409999847412109,6,1,-5.309999943,0.11999999731779099,6.139999866485596,-8.109999657,0,24233,24274,24745,24261,0,24274,STANDBY
1.1299999952316284,-0.879999995,10.300000190734863,0,-0.100000001,0.10000000149011612,1021.3618774414062,21.940000534057617,11.590641975402832,-4.59524107,374004768,1267773440,13.399999618530273,0.22635553777217865,18.81999969482422,6,1,-5.289999962,0.11999999731779099,6.150000095367432,-8.130000114,0,24333,24374,24855,24371,0,24374,STANDBY
1.090000033378601,-0.910000026,10.300000190734863,-0.100000001,-0.100000001,0,1021.2620239257812,21.87000084,12.400740623474121,-0.348638743,374004768,1267773440,13.5,0.22635553777217865,18.81999969482422,5,1,-5.309999943,0.11999999731779099,6.150000095367432,-8.149999619,0,24433,24474,24949,24465,0,24474,STANDBY
1.1100000143051147,-0.899999976,10.300000190734863,-0.100000001,0,0.10000000149011612,1021.1691284179688,21.809999465942383,13.153717041015625,2.1863956451416016,374004768,1267773440,13.5,0.22635553777217865,18.81999969482422,5,1,-5.309999943,0.12999999523162842,6.159999847412109,-8.159999847,0,24534,24574,25043,24559,0,24574,STANDBY
1.1699999570846558,-0.839999974,10.289999961853027,-0.100000001,-0.100000001,0.10000000149011612,1021.2711181640625,21.87999916,12.32804012298584,-1.242872953,374004768,1267773440,13.5,0.22635553777217865,18.81999969482422,5,1,-5.300000191,0.11999999731779099,6.159999847412109,-8.18999958,0,24634,24674,25154,24669,0,24674,STANDBY
1.0399999618530273,-0.959999979,10.289999961853027,0,-0.200000003,0,1021.3668823242188,21.940000534057617,11.54909896850586,-3.288050413,374004768,1267773440,13.5,0.22635553777217865,18.81999969482422,5,1,-5.320000172,0.11999999731779099,6.139999866485596,-8.210000038,0,24734,24774,25248,24763,0,24774,STANDBY
1.0700000524520874,-0.920000017,10.289999961853027,-0.200000003,0,0.20000000298023224,1021.4590454101562,22,10.801315307617188,-4.497260571,374004768,1267773440,13.5,0.22635553777217865,18.81999969482422,5,1,-5.309999943,0.11999999731779099,6.159999847412109,-8.229999542,0,24834,24875,25358,24872,0,24875,STANDBY
1.1799999475479126,-0.819999993,10.300000190734863,0,0,0,1021.3538818359375,21.93000030517578,11.655553817749023,-0.144683644,374004768,1267773440,13.5,0.22635553777217865,18.81999969482422,5,1,-5.320000172,0.11999999731779099,6.150000095367432,-8.239999771,0,24934,24975,25452,24968,0,24975,STANDBY
1.0499999523162842,-0.970000029,10.300000190734863,0,0,0,1021.2564086914062,21.87000084,12.447477340698242,2.4415576457977295,374004768,1267773440,13.5,0.22635553777217865,18.81999969482422,5,1,-5.340000153,0.11999999731779099,6.130000114440918,-8.270000458,0,25034,25075,25546,25062,0,25075,STANDBY
1.1100000143051147,-0.899999976,10.300000190734863,-0.200000003,0.10000000149011612,0.30000001192092896,1021.3529663085938,21.940000534057617,11.66334342956543,-0.94663161,374004768,1267773440,13.5,0.22635553777217865,18.81999969482422,5,1,-5.309999943,0.11999999731779099,6.150000095367432,-8.279999733,0,25134,25175,25656,25171,0,25175,STANDBY
1.1399999856948853,-0.850000024,10.300000190734863,0,-0.200000003,-0.100000001,1021.4371948242188,21.989999771118164,10.98047161102295,-2.791034222,374004768,1267773440,13.5,0.22635553777217865,18.81999969482422,5,1,-5.320000172,0.11999999731779099,6.130000114440918,-8.300000191,0,25234,25275,25750,25266,0,25275,STANDBY
1.0399999618530273,-0.959999979,10.31000042,0,-0.200000003,-0.100000001,1021.5293579101562,22.049999237060547,10.232688903808594,-4.179166317,374004768,1267773440,13.5,0.051444441080093384,18.81999969482422,5,1,-5.340000153,0.10999999940395355,6.119999885559082,-8.329999924,0,25334,25375,25861,25375,0,25375,STANDBY
1.1299999952316284,-0.879999995,10.289999961853027,-0.200000003,0.10000000149011612,0.30000001192092896,1021.4202270507812,21.979999542236328,11.118084907531738,0.1586008071899414,374004768,1267773440,13.5,0.051444441080093384,18.81999969482422,5,1,-5.329999924,0.11999999731779099,6.150000095367432,-8.340000153,0,25434,25475,25955,25468,0,25475,STANDBY
1.159999966621399,-0.860000014,10.300000190734863,0.10000000149011612,-0.100000001,-0.100000001,1021.3187255859375,21.920000076293945,11.941165924072266,2.735363721847534,374004768,1267773440,13.5,0.051444441080093384,18.81999969482422,5,1,-5.349999905,0.11999999731779099,6.130000114440918,-8.350000381,0,25534,25575,26049,25564,0,25575,STANDBY
1.0399999618530273,-0.970000029,10.300000190734863,0,-0.200000003,0,1021.4113159179688,21.979999542236328,11.190786361694336,-0.650581777,374004768,1267773440,13.5,0.051444441080093384,18.81999969482422,5,1,-5.349999905,0.10999999940395355,6.119999885559082,-8.380000114,0,25634,25675,26159,25673,0,25675,STANDBY
1.1299999952316284,-0.879999995,10.289999961853027,-0.200000003,0.10000000149011612,0.30000001192092896,1021.4985961914062,22.030000686645508,10.481949806213379,-2.684649229,374004768,1267773440,13.5,0.051444441080093384,18.81999969482422,5,1,-5.329999924,0.10999999940395355,6.150000095367432,-8.390000343,0,25734,25775,26253,25767,0,25775,STANDBY
1.159999966621399,-0.839999974,10.300000190734863,0.10000000149011612,-0.200000003,-0.200000003,1021.5811157226562,22.079999923706055,9.812060356140137,-3.86182189,374004768,1267773440,13.5,0.051444441080093384,18.81999969482422,5,1,-5.360000134,0.11999999731779099,6.130000114440918,-8.399999619,0,25834,25875,26347,25862,0,25875,STANDBY
1.0099999904632568,-1,10.31000042,0,-0.100000001,-0.100000001,1021.4735717773438,22.020000457763672,10.684473991394043,0.32015761733055115,374004768,1267773440,13.5,0.051444441080093384,18.81999969482422,5,1,-5.380000114,0.10999999940395355,6.119999885559082,-8.420000076,0,25934,25975,26457,25969,0,25975,STANDBY
1.1699999570846558,-0.839999974,10.289999961853027,-0.100000001,0.10000000149011612,0.30000001192092896,1021.368408203125,21.950000762939453,11.538712501525879,2.9384641647338867,374004768,1267773440,13.5,0.051444441080093384,18.81999969482422,5,1,-5.329999924,0.11999999731779099,6.150000095367432,-8.430000305,0,26034,26075,26551,26065,0,26075,STANDBY
1.100000023841858,-0.899999976,10.31000042,0.10000000149011612,-0.300000012,-0.200000003,1021.456298828125,22.010000228881836,10.824684143066406,-0.404273599,374004768,1267773440,13.5,0.051444441080093384,18.81999969482422,5,1,-5.369999886,0.11999999731779099,6.110000133514404,-8.43999958,0,26134,26175,26645,26160,0,26175,STANDBY
1,-0.99000001,10.31000042,-0.100000001,0,0.10000000149011612,1021.5365600585938,22.059999465942383,10.172969818115234,-2.344220877,374004768,1267773440,13.5,0.051444441080093384,18.81999969482422,5,1,-5.340000153,0.10999999940395355,6.130000114440918,-8.470000267,0,26234,26275,26755,26270,0,26275,STANDBY
1.2200000286102295,-0.790000021,10.289999961853027,0,0,0.10000000149011612,1021.6170043945312,22.110000610351562,9.521255493164062,-3.585787296,374004736,1267773440,13.5,1.0083110332489014,232.74000549316406,5,1,-5.340000153,0.11999999731779099,6.150000095367432,-8.460000038,0,26334,26375,26849,26363,0,26375,STANDBY
1.100000023841858,-0.910000026,10.300000190734863,0.10000000149011612,-0.200000003,-0.300000012,1021.5049438476562,22.040000915527344,10.430020332336426,0.6131435632705688,374004736,1267773440,12.699999809265137,1.0083110332489014,232.74000549316406,6,1,-5.369999886,0.11999999731779099,6.110000133514404,-8.479999542,0,26434,26475,26958,26474,0,26475,STANDBY
1.0499999523162842,-0.939999998,10.300000190734863,-0.300000012,0.10000000149011612,0.4000000059604645,1021.395751953125,21.969999313354492,11.31541633605957,3.2256791591644287,374004736,1267773440,12.699999809265137,1.0083110332489014,232.74000549316406,6,1,-5.340000153,0.10999999940395355,6.139999866485596,-8.5,0,26534,26575,27053,26567,0,26575,STANDBY
1.1799999475479126,-0.810000002,10.300000190734863,0,-0.100000001,-0.100000001,1021.485595703125,22.030000686645508,10.585808753967285,-0.270309657,374004736,1267773440,12.699999809265137,1.0083110332489014,232.74000549316406,6,1,-5.360000134,0.11999999731779099,6.119999885559082,-8.5,0,26634,26675,27147,26661,0,26675,STANDBY
1.0399999618530273,-0.970000029,10.300000190734863,0.10000000149011612,-0.100000001,-0.100000001,1021.5632934570312,22.079999923706055,9.957462310791016,-2.183706999,374004736,1267773440,12.699999809265137,1.0083110332489014,232.74000549316406,6,1,-5.380000114,0.10999999940395355,6.099999904632568,-8.529999733,0,26734,26775,27256,26771,0,26775,STANDBY
1.1299999952316284,-0.889999986,10.300000190734863,-0.200000003,0.10000000149011612,0.30000001192092896,1021.644531,22.12999916,9.297959327697754,-3.507982016,374004736,1267773440,12.699999809265137,1.0083110332489014,232.74000549316406,6,1,-5.340000153,0.10999999940395355,6.130000114440918,-8.539999962,0,26834,26875,27351,26865,0,26875,STANDBY
1.1399999856948853,-0.850000024,10.289999961853027,0.10000000149011612,-0.200000003,-0.100000001,1021.5269775390625,22.059999465942383,10.250864028930664,0.8041864633560181,374004736,1267773440,12.699999809265137,1.0083110332489014,232.74000549316406,6,1,-5.369999886,0.10999999940395355,6.099999904632568,-8.550000191,0,26934,26975,27445,26959,0,26975,STANDBY
1.0199999809265137,-0.99000001,10.31000042,0.10000000149011612,0,0,1021.4177856445312,21.989999771118164,11.136260032653809,3.3479466438293457,374004736,1267773440,12.699999809265137,1.0083110332489014,232.74000549316406,6,1,-5.349999905,0.10000000149011612,6.099999904632568,-8.579999924,0,27034,27075,27554,27069,0,27075,STANDBY
1.1799999475479126,-0.829999983,10.300000190734863,-0.200000003,0.10000000149011612,0.30000001192092896,1021.501708984375,22.040000915527344,10.455985069274902,-0.034193993,374004736,1267773440,12.699999809265137,1.0083110332489014,232.74000549316406,6,1,-5.320000172,0.10999999940395355,6.130000114440918,-8.590000153,0,27134,27175,27649,27163,0,27175,STANDBY
1.149999976158142,-0.860000014,10.300000190734863,0.10000000149011612,-0.200000003,-0.200000003,1021.5809936523438,22.100000381469727,9.812060356140137,-2.082443237,374004736,1267773440,12.699999809265137,1.0083110332489014,232.74000549316406,6,1,-5.360000134,0.10999999940395355,6.110000133514404,-8.600000381,0,27234,27275,27758,27274,0,27275,STANDBY
1.0199999809265137,-0.980000019,10.300000190734863,-0.100000001,0,0.20000000298023224,1021.6598510742188,22.139999389648438,9.173328399658203,-3.376705885,374004736,1267773440,12.699999809265137,0.092599995,232.74000549316406,6,1,-5.349999905,0.10000000149011612,6.110000133514404,-8.619999886,0,27334,27375,27852,27367,0,27375,STANDBY
1.1799999475479126,-0.819999993,10.300000190734863,0,0,0.10000000149011612,1021.5440673828125,22.06999969482422,10.113250732421875,0.8466596603393555,374004736,1267773440,12.800000190734863,0.092599995,232.74000549316406,6,1,-5.340000153,0.10999999940395355,6.110000133514404,-8.619999886,0,27435,27475,27947,27461,0,27475,STANDBY
1.090000033378601,-0.910000026,10.300000190734863,0.10000000149011612,-0.100000001,-0.100000001,1021.4321899414062,22,11.019418716430664,3.4415996074676514,374004736,1267773440,12.800000190734863,0.092599995,232.74000549316406,6,1,-5.360000134,0.10000000149011612,6.090000152587891,-8.640000343,0,27535,27575,28056,27571,0,27575,STANDBY
1.0700000524520874,-0.930000007,10.300000190734863,-0.100000001,0,0.20000000298023224,1021.5164184570312,22.049999237060547,10.336546897888184,0.017433930188417435,374004736,1267773440,12.800000190734863,0.092599995,232.74000549316406,6,1,-5.349999905,0.10000000149011612,6.110000133514404,-8.649999619,0,27635,27675,28150,27665,0,27675,STANDBY
1.149999976158142,-0.850000024,10.289999961853027,0,0,0.10000000149011612,1021.5999755859375,22.110000610351562,9.658868789672852,-2.157412291,374004736,1267773440,12.800000190734863,0.092599995,232.74000549316406,6,1,-5.349999905,0.10000000149011612,6.110000133514404,-8.659999847,0,27735,27776,28260,27774,0,27776,STANDBY
1.0800000429153442,-0.920000017,10.300000190734863,0.10000000149011612,-0.100000001,-0.100000001,1021.678223,22.15999984741211,9.02532959,-3.408069372,374004736,1267773440,12.800000190734863,0.092599995,232.74000549316406,6,1,-5.380000114,0.10000000149011612,6.079999923706055,-8.670000076,0,27835,27876,28354,27869,0,27876,STANDBY
1.090000033378601,-0.920000017,10.300000190734863,-0.200000003,0.10000000149011612,0.20000000298023224,1021.558349609375,22.079999923706055,9.996409416,0.9262911081314087,374004736,1267773440,12.800000190734863,0.092599995,232.74000549316406,6,1,-5.380000114,0.10000000149011612,6.099999904632568,-8.670000076,0,27935,27976,28447,27963,0,27976,STANDBY
1.159999966621399,-0.829999983,10.300000190734863,0,0,-0.100000001,1021.449219,22.010000228881836,10.881806373596191,3.4260966777801514,374004736,1267773440,12.800000190734863,0.092599995,232.74000549316406,6,1,-5.369999886,0.10999999940395355,6.110000133514404,-8.680000305,0,28035,28076,28558,28072,0,28076,STANDBY
1.059999942779541,-0.939999998,10.300000190734863,0,-0.100000001,-0.100000001,1021.5294799804688,22.059999465942383,10.23009204864502,0.10721607506275177,374004736,1267773440,12.800000190734863,0.092599995,232.74000549316406,6,1,-5.389999866,0.10999999940395355,6.079999923706055,-8.68999958,0,28135,28176,28651,28167,0,28176,STANDBY
1.0700000524520874,-0.939999998,10.289999961853027,-0.200000003,0.10000000149011612,0.20000000298023224,1021.6068115234375,22.12000084,9.604342460632324,-1.933780551,374004736,1267773440,12.800000190734863,0.092599995,232.74000549316406,6,1,-5.360000134,0.10999999940395355,6.099999904632568,-8.699999809,0,28235,28276,28762,28276,0,28276,STANDBY
1.149999976158142,-0.839999974,10.289999961853027,0,-0.100000001,-0.100000001,1021.6839599609375,22.15999984741211,8.975996971130371,-3.248325348,374004736,1267773440,12.800000190734863,0.010288888588547707,232.74000549316406,6,1,-5.380000114,0.10999999940395355,6.099999904632568,-8.699999809,0,28335,28376,28855,28370,0,28376,STANDBY
1.0399999618530273,-0.959999979,10.289999961853027,0,0,-0.100000001,1021.568115234375,22.09000015258789,9.918515205,0.9371301531791687,374004736,1267773440,12.899999618530273,0.010288888588547707,232.74000549316406,6,1,-5.380000114,0.10999999940395355,6.090000152587891,-8.720000267,0,28435,28476,28949,28464,0,28476,STANDBY
1.1100000143051147,-0.889999986,10.31000042,-0.200000003,0.10000000149011612,0.10000000149011612,1021.4562377929688,22.020000457763672,10.824684143066406,3.4995040893554688,374004736,1267773440,12.899999618530273,0.010288888588547707,232.74000549316406,6,1,-5.349999905,0.11999999731779099,6.119999885559082,-8.720000267,0,28535,28576,29059,28573,0,28576,STANDBY
1.1299999952316284,-0.860000014,10.300000190734863,0,-0.100000001,-0.100000001,1021.5365600585938,22.06999969482422,10.172969818115234,0.15419673919677734,374004736,1267773440,12.899999618530273,0.010288888588547707,232.74000549316406,6,1,-5.360000134,0.11999999731779099,6.099999904632568,-8.720000267,0,28635,28676,29153,28667,0,28676,STANDBY
1.059999942779541,-0.939999998,10.31000042,0,0,0.10000000149011612,1021.6157836914062,22.12000084,9.531641960144043,-1.953563333,374004736,1267773440,12.899999618530273,0.010288888588547707,232.74000549316406,6,1,-5.380000114,0.11999999731779099,6.099999904632568,-8.729999542,0,28735,28776,29247,28762,0,28776,STANDBY
1.1200000047683716,-0.879999995,10.289999961853027,-0.200000003,0.10000000149011612,0.10000000149011612,1021.6943969726562,22.170000076293945,8.892910004,-3.29422307,374004736,1267773440,12.899999618530273,0.010288888588547707,232.74000549316406,6,1,-5.360000134,0.11999999731779099,6.119999885559082,-8.739999771,0,28835,28876,29357,28872,0,28876,STANDBY
1.1299999952316284,-0.889999986,10.300000190734863,0,-0.200000003,-0.100000001,1021.5745239257812,22.100000381469727,9.866586685180664,0.9463691711425781,374004736,1267773440,12.899999618530273,0.010288888588547707,232.74000549316406,6,1,-5.360000134,0.11999999731779099,6.110000133514404,-8.75,0,28936,28976,29451,28965,0,28976,STANDBY
1.059999942779541,-0.949999988,10.300000190734863,-0.100000001,0,0.10000000149011612,1021.465332,22.030000686645508,10.751982688903809,3.438943624,374004736,1267773440,12.899999618530273,0.010288888588547707,232.74000549316406,6,1,-5.369999886,0.11999999731779099,6.110000133514404,-8.760000229,0,29036,29076,29560,29075,0,29076,STANDBY
1.149999976158142,-0.839999974,10.31000042,-0.100000001,0,0.10000000149011612,1021.548583984375,22.079999923706055,10.076900482177734,0.040660858154296875,374004736,1267773440,12.899999618530273,0.010288888588547707,232.74000549316406,6,1,-5.349999905,0.11999999731779099,6.119999885559082,-8.760000229,0,29136,29176,29655,29169,0,29176,STANDBY
1.0800000429153442,-0.920000017,10.300000190734863,0,-0.100000001,-0.100000001,1021.6281127929688,22.12999916,9.430378913879395,-2.042846203,374004736,1267773440,12.899999618530273,0.010288888588547707,232.74000549316406,6,1,-5.380000114,0.10999999940395355,6.099999904632568,-8.779999733,0,29236,29276,29749,29263,0,29276,STANDBY
1.0700000524520874,-0.939999998,10.300000190734863,-0.100000001,0,0.10000000149011612,1021.702637,22.18000030517578,8.825401306152344,-3.243349791,374004704,1267773440,12.899999618530273,0.1697666496038437,227.6199951171875,6,1,-5.380000114,0.10999999940395355,6.110000133514404,-8.779999733,0,29336,29376,29858,29373,0,29376,STANDBY
1.159999966621399,-0.850000024,10.300000190734863,0,-0.100000001,0.10000000149011612,1021.5811157226562,22.100000381469727,9.812060356140137,1.0815651416778564,374004704,1267773440,12.699999809265137,0.1697666496038437,227.6199951171875,7,1,-5.360000134,0.11999999731779099,6.119999885559082,-8.789999962,0,29436,29476,29953,29467,0,29476,STANDBY
1.0700000524520874,-0.920000017,10.300000190734863,0,-0.100000001,0,1021.4693603515625,22.030000686645508,10.718228340148926,3.5919392108917236,374004704,1267773440,12.699999809265137,0.1697666496038437,227.6199951171875,7,1,-5.380000114,0.10999999940395355,6.110000133514404,-8.800000191,0,29536,29576,30047,29561,0,29576,STANDBY
1.090000033378601,-0.899999976,10.31000042,-0.100000001,0,0.10000000149011612,1021.5509643554688,22.079999923706055,10.05612850189209,0.18012161552906036,374004704,1267773440,12.699999809265137,0.1697666496038437,227.6199951171875,7,1,-5.380000114,0.10999999940395355,6.119999885559082,-8.800000191,0,29636,29676,30156,29671,0,29676,STANDBY
1.1299999952316284,-0.870000005,10.300000190734863,0,-0.100000001,0.10000000149011612,1021.6304931640625,22.12999916,9.412203788757324,-1.945281267,374004704,1267773440,12.699999809265137,0.1697666496038437,227.6199951171875,7,1,-5.389999866,0.11999999731779099,6.119999885559082,-8.800000191,0,29736,29776,30251,29765,0,29776,STANDBY
1.100000023841858,-0.920000017,10.300000190734863,0,-0.100000001,0,1021.7090454101562,22.18000030517578,8.773472785949707,-3.28891921,374004704,1267773440,12.699999809265137,0.1697666496038437,227.6199951171875,7,1,-5.389999866,0.11999999731779099,6.119999885559082,-8.81000042,0,29836,29876,30360,29875,0,29876,STANDBY
1.1100000143051147,-0.899999976,10.300000190734863,-0.100000001,0,0.10000000149011612,1021.5875244140625,22.110000610351562,9.760130882263184,1.052397608757019,374004704,1267773440,12.699999809265137,0.1697666496038437,227.6199951171875,7,1,-5.360000134,0.11999999731779099,6.130000114440918,-8.81000042,0,29936,29976,30454,29969,0,29976,STANDBY
1.1100000143051147,-0.889999986,10.300000190734863,0,0,-0.100000001,1021.4756469726562,22.030000686645508,10.666298866271973,3.5732719898223877,374004704,1267773440,12.699999809265137,0.1697666496038437,227.6199951171875,7,1,-5.380000114,0.11999999731779099,6.110000133514404,-8.81000042,0,30036,30076,30548,30063,0,30076,STANDBY
1.0700000524520874,-0.930000007,10.300000190734863,0,0,0,1021.5576782226562,22.09000015258789,10.001603126525879,0.15986767411231995,374004704,1267773440,12.699999809265137,0.1697666496038437,227.6199951171875,7,1,-5.389999866,0.11999999731779099,6.110000133514404,-8.819999695,0,30136,30176,30658,30173,0,30176,STANDBY
1.1100000143051147,-0.879999995,10.289999961853027,0,0,0.10000000149011612,1021.6351318359375,22.139999389648438,9.373256683,-1.908393264,374004704,1267773440,12.699999809265137,0.1697666496038437,227.6199951171875,7,1,-5.380000114,0.11999999731779099,6.119999885559082,-8.819999695,0,30236,30276,30752,30267,0,30276,STANDBY
1.1200000047683716,-0.899999976,10.300000190734863,0,-0.100000001,-0.100000001,1021.7064819335938,22.190000534057617,8.794243812561035,-3.074213028,374004704,1267773440,12.699999809265137,0.3755444288253784,177.6300048828125,7,1,-5.380000114,0.11999999731779099,6.099999904632568,-8.829999924,0,30336,30376,30846,30361,0,30376,STANDBY
1.0700000524520874,-0.920000017,10.300000190734863,-0.100000001,0,0.10000000149011612,1021.5868530273438,22.110000610351562,9.765323638916016,1.1399592161178589,374004704,1267773440,12.5,0.3755444288253784,177.6300048828125,6,1,-5.400000095,0.11999999731779099,6.099999904632568,-8.829999924,0,30436,30476,30956,30471,0,30476,STANDBY
1.1200000047683716,-0.879999995,10.300000190734863,-0.100000001,0,0,1021.473145,22.040000915527344,10.687070846557617,3.6791648864746094,374004704,1267773440,12.5,0.3755444288253784,177.6300048828125,6,1,-5.389999866,0.11999999731779099,6.099999904632568,-8.829999924,0,30536,30576,31050,30565,0,30576,STANDBY
1.1100000143051147,-0.879999995,10.300000190734863,0,0,0,1021.553466796875,22.09000015258789,10.035356521606445,0.26917973160743713,374004704,1267773440,12.5,0.3755444288253784,177.6300048828125,6,1,-5.369999886,0.11999999731779099,6.099999904632568,-8.840000153,0,30636,30676,31160,30674,0,30676,STANDBY
1.090000033378601,-0.920000017,10.300000190734863,0,-0.100000001,0,1021.6329956054688,22.139999389648438,9.391431808,-1.888284087,374004704,1267773440,12.5,0.3755444288253784,177.6300048828125,6,1,-5.360000134,0.11999999731779099,6.099999904632568,-8.850000381,0,30736,30776,31254,30769,0,30776,STANDBY
1.1100000143051147,-0.889999986,10.289999961853027,-0.100000001,0,0.10000000149011612,1021.7081909179688,22.190000534057617,8.781261444091797,-3.161046982,374004704,1267773440,12.5,0.3755444288253784,177.6300048828125,6,1,-5.369999886,0.11999999731779099,6.099999904632568,-8.850000381,0,30836,30876,31348,30863,0,30876,STANDBY
1.1100000143051147,-0.879999995,10.300000190734863,-0.100000001,0,0.10000000149011612,1021.5867309570312,22.110000610351562,9.765323638916016,1.1259288787841797,374004704,1267773440,12.5,0.3755444288253784,177.6300048828125,6,1,-5.380000114,0.11999999731779099,6.099999904632568,-8.850000381,0,30936,30976,31458,30970,0,30976,STANDBY
1.100000023841858,-0.899999976,10.300000190734863,-0.100000001,0,0.10000000149011612,1021.4745483398438,22.040000915527344,10.676685333251953,3.6369519233703613,374004704,1267773440,12.5,0.3755444288253784,177.6300048828125,6,1,-5.369999886,0.11999999731779099,6.110000133514404,-8.850000381,0,31036,31076,31552,31067,0,31076,STANDBY
1.1100000143051147,-0.899999976,10.300000190734863,0,0,0.10000000149011612,1021.558105,22.100000381469727,9.999006271362305,0.15907631814479828,374004704,1267773440,12.5,0.3755444288253784,177.6300048828125,6,1,-5.360000134,0.11999999731779099,6.110000133514404,-8.859999657,0,31136,31176,31662,31176,0,31176,STANDBY
1.1100000143051147,-0.899999976,10.300000190734863,0,0,0.10000000149011612,1021.6361083984375,22.149999618530273,9.365467071533203,-1.925516486,374004704,1267773440,12.5,0.3755444288253784,177.6300048828125,6,1,-5.369999886,0.11999999731779099,6.099999904632568,-8.859999657,0,31236,31276,31756,31270,0,31276,STANDBY
1.100000023841858,-0.899999976,10.300000190734863,0,0,0.10000000149011612,1021.707031,22.190000534057617,8.789051055908203,-3.076862097,374004704,1267773440,12.5,0.061733332,177.6300048828125,6,1,-5.349999905,0.11999999731779099,6.110000133514404,-8.869999886,0,31336,31376,31850,31365,0,31376,STANDBY
1.1100000143051147,-0.889999986,10.31000042,-0.100000001,0,0.10000000149011612,1021.5895385742188,22.12000084,9.744552612304688,1.0884132385253906,374004704,1267773440,12.5,0.061733332,177.6300048828125,6,1,-5.360000134,0.11999999731779099,6.099999904632568,-8.869999886,0,31436,31476,31960,31471,0,31476,STANDBY
1.100000023841858,-0.899999976,10.31000042,0,0,0,1021.476318359375,22.049999237060547,10.66110610961914,3.6295554637908936,374004704,1267773440,12.5,0.061733332,177.6300048828125,6,1,-5.369999886,0.10999999940395355,6.099999904632568,-8.869999886,0,31536,31576,32054,31568,0,31576,STANDBY
1.1100000143051147,-0.889999986,10.300000190734863,-0.100000001,0,0.10000000149011612,1021.556641,22.100000381469727,10.009391784667969,0.23742961883544922,374004704,1267773440,12.5,0.061733332,177.6300048828125,6,1,-5.349999905,0.10999999940395355,6.099999904632568,-8.880000114,0,31636,31676,32148,31663,0,31676,STANDBY
1.1100000143051147,-0.899999976,10.300000190734863,0,0,0,1021.6359252929688,22.149999618530273,9.368063926696777,-1.900294185,374004704,1267773440,12.5,0.061733332,177.6300048828125,6,1,-5.369999886,0.11999999731779099,6.099999904632568,-8.880000114,0,31736,31776,32258,31772,0,31776,STANDBY
1.090000033378601,-0.910000026,10.31000042,0,0,0.10000000149011612,1021.7070922851562,22.200000762939453,8.789051055908203,-3.032699347,374004704,1267773440,12.5,0.061733332,177.6300048828125,6,1,-5.369999886,0.10999999940395355,6.099999904632568,-8.880000114,0,31837,31876,32352,31866,0,31876,STANDBY
1.100000023841858,-0.899999976,10.300000190734863,0,0,0.10000000149011612,1021.5872802734375,22.12000084,9.762727737426758,1.1748377084732056,374004704,1267773440,12.5,0.061733332,177.6300048828125,6,1,-5.389999866,0.10999999940395355,6.099999904632568,-8.880000114,0,31937,31976,32461,31976,0,31976,STANDBY
1.100000023841858,-0.889999986,10.300000190734863,-0.100000001,-0.100000001,0,1021.472168,22.049999237060547,10.694860458374023,3.7347209453582764,374004704,1267773440,12.5,0.061733332,177.6300048828125,6,1,-5.420000076,0.10999999940395355,6.090000152587891,-8.869999886,0,32037,32076,32556,32070,0,32076,STANDBY
1.100000023841858,-0.899999976,10.300000190734863,-0.100000001,0,0.10000000149011612,1021.5540771484375,22.100000381469727,10.030163764953613,0.26319199800491333,374004704,1267773440,12.5,0.061733332,177.6300048828125,6,1,-5.409999847,0.10999999940395355,6.099999904632568,-8.869999886,0,32137,32176,32650,32164,0,32176,STANDBY
1.1100000143051147,-0.899999976,10.300000190734863,-0.100000001,0,0.10000000149011612,1021.6336059570312,22.149999618530273,9.386239051818848,-1.892116189,374004704,1267773440,12.5,0.061733332,177.6300048828125,6,1,-5.389999866,0.10999999940395355,6.099999904632568,-8.880000114,0,32237,32276,32759,32274,0,32276,STANDBY
1.1100000143051147,-0.899999976,10.300000190734863,0,0,0,1021.7062377929688,22.200000762939453,8.796840668,-3.097029209,374004704,1267773440,12.5,0.082311109,177.6300048828125,6,1,-5.380000114,0.10999999940395355,6.090000152587891,-8.880000114,0,32337,32376,32854,32368,0,32376,STANDBY
1.100000023841858,-0.910000026,10.31000042,0,0,0.10000000149011612,1021.586426,22.12000084,9.767920494,1.125356674194336,374004704,1267773440,12.5,0.082311109,177.6300048828125,6,1,-5.380000114,0.10999999940395355,6.099999904632568,-8.880000114,0,32437,32477,32948,32462,0,32477,STANDBY
1.1200000047683716,-0.879999995,10.300000190734863,0,0,0.10000000149011612,1021.4728393554688,22.049999237060547,10.689667701721191,3.6698193550109863,374004704,1267773440,12.5,0.082311109,177.6300048828125,6,1,-5.380000114,0.10999999940395355,6.099999904632568,-8.880000114,0,32537,32577,33057,32572,0,32577,STANDBY
1.1100000143051147,-0.899999976,10.289999961853027,0,0,0,1021.5548706054688,22.110000610351562,10.024971008300781,0.22165508568286896,374004704,1267773440,12.5,0.082311109,177.6300048828125,6,1,-5.369999886,0.10999999940395355,6.110000133514404,-8.880000114,0,32637,32677,33152,32666,0,32677,STANDBY
1.100000023841858,-0.899999976,10.31000042,-0.100000001,-0.100000001,0.10000000149011612,1021.6271362304688,22.149999618530273,9.438168526,-1.725522876,374004704,1267773440,12.5,0.082311109,177.6300048828125,6,1,-5.360000134,0.10000000149011612,6.119999885559082,-8.880000114,0,32737,32777,33262,32777,0,32777,STANDBY
1.100000023841858,-0.879999995,10.300000190734863,-0.100000001,0,0,1021.7037353515625,22.200000762939453,8.817612648010254,-3.090113401,374004704,1267773440,12.5,0.082311109,177.6300048828125,6,1,-5.360000134,0.10999999940395355,6.110000133514404,-8.880000114,0,32837,32877,33356,32871,0,32877,STANDBY
1.100000023841858,-0.899999976,10.300000190734863,0,0,0,1021.466309,22.12000084,10.744193077087402,4.914396763,374004704,1267773440,12.5,0.082311109,177.6300048828125,6,1,-5.369999886,0.10999999940395355,6.099999904632568,-8.880000114,0,32937,32977,33451,32965,0,32977,STANDBY
1.090000033378601,-0.910000026,10.300000190734863,0,0,0.10000000149011612,1021.463134765625,22.049999237060547,10.770157814025879,3.249072790145874,374004704,1267773440,12.5,0.082311109,177.6300048828125,6,1,-5.380000114,0.10999999940395355,6.099999904632568,-8.869999886,0,33037,33077,33560,33075,0,33077,STANDBY
1.1200000047683716,-0.879999995,10.300000190734863,0,0,0.10000000149011612,1021.6259155273438,22.15999984741211,9.448554992675781,-2.652398825,374004704,1267773440,12.5,0.082311109,177.6300048828125,6,1,-5.369999886,0.10999999940395355,6.110000133514404,-8.869999886,0,33137,33177,33654,33169,0,33177,STANDBY
1.100000023841858,-0.910000026,10.31000042,0,0,0,1021.7003784179688,22.200000762939453,8.843577385,-4.069996834,374004704,1267773440,12.5,0.082311109,177.6300048828125,6,1,-5.380000114,0.10999999940395355,6.099999904632568,-8.869999886,0,33238,33277,33748,33263,0,33277,STANDBY
1.100000023841858,-0.910000026,10.300000190734863,0,0,0.10000000149011612,1021.5822143554688,22.12999916,9.801674842834473,1.2275917530059814,374004704,1267773440,12.5,0.1440444439649582,177.6300048828125,6,1,-5.380000114,0.10999999940395355,6.110000133514404,-8.859999657,0,33338,33377,33858,33373,0,33377,STANDBY
1.100000023841858,-0.879999995,10.289999961853027,0,-0.100000001,-0.100000001,1021.468994140625,22.049999237060547,10.7208252,4.4622602462768555,374004704,1267773440,12.199999809265137,0.1440444439649582,177.6300048828125,6,1,-5.389999866,0.10999999940395355,6.090000152587891,-8.850000381,0,33438,33477,33952,33467,0,33477,STANDBY
1.100000023841858,-0.910000026,10.31000042,0,0,0,1021.5525512695312,22.110000610351562,10.043146133422852,0.14513039588928223,374004704,1267773440,12.199999809265137,0.1440444439649582,177.6300048828125,6,1,-5.380000114,0.11999999731779099,6.099999904632568,-8.850000381,0,33538,33577,34062,33577,0,33577,STANDBY
1.1200000047683716,-0.899999976,10.300000190734863,0,0,0.10000000149011612,1021.6275024414062,22.15999984741211,9.435572624206543,-2.337410688,374004704,1267773440,12.199999809265137,0.1440444439649582,177.6300048828125,6,1,-5.380000114,0.11999999731779099,6.099999904632568,-8.840000153,0,33638,33677,34156,33671,0,33677,STANDBY
1.100000023841858,-0.899999976,10.31000042,0,0,0,1021.7028198242188,22.209999084472656,8.825401306152344,-3.936628342,374004704,1267773440,12.199999809265137,0.1440444439649582,177.6300048828125,6,1,-5.400000095,0.11999999731779099,6.090000152587891,-8.829999924,0,33738,33777,34250,33765,0,33777,STANDBY
1.090000033378601,-0.910000026,10.31000042,0,0,0,1021.580566,22.12999916,9.817253112792969,1.4479649066925049,374004704,1267773440,12.199999809265137,0.1440444439649582,177.6300048828125,6,1,-5.380000114,0.11999999731779099,6.099999904632568,-8.829999924,0,33838,33878,34361,33874,0,33878,STANDBY
1.1200000047683716,-0.879999995,10.300000190734863,0,0,0.10000000149011612,1021.4706420898438,22.049999237060547,10.707842826843262,4.489056587219238,374004704,1267773440,12.199999809265137,0.1440444439649582,177.6300048828125,6,1,-5.380000114,0.11999999731779099,6.099999904632568,-8.829999924,0,33938,33978,34454,33969,0,33978,STANDBY
1.100000023841858,-0.910000026,10.300000190734863,0,0,0.10000000149011612,1021.554199,22.110000610351562,10.030163764953613,0.16228008270263672,374004704,1267773440,12.199999809265137,0.1440444439649582,177.6300048828125,6,1,-5.369999886,0.11999999731779099,6.090000152587891,-8.829999924,0,34038,34078,34548,34063,0,34078,STANDBY
1.100000023841858,-0.899999976,10.300000190734863,-0.100000001,0,0.10000000149011612,1021.6331176757812,22.15999984741211,9.388835906982422,-2.461452246,374004704,1267773440,12.199999809265137,0.1440444439649582,177.6300048828125,6,1,-5.360000134,0.11999999731779099,6.090000152587891,-8.829999924,0,34138,34178,34659,34173,0,34178,STANDBY
1.100000023841858,-0.910000026,10.300000190734863,-0.100000001,0,0,1021.708740234375,22.209999084472656,8.776068687438965,-4.026398659,374004704,1267773440,12.199999809265137,0.1440444439649582,177.6300048828125,6,1,-5.369999886,0.10999999940395355,6.090000152587891,-8.829999924,0,34238,34278,34752,34268,0,34278,STANDBY
1.100000023841858,-0.899999976,10.300000190734863,0,0,0,1021.5845336914062,22.12999916,9.783498764038086,1.4528250694274902,374004704,1267773440,12.199999809265137,0.15947777032852173,177.6300048828125,6,1,-5.369999886,0.10999999940395355,6.090000152587891,-8.819999695,0,34338,34378,34863,34377,0,34378,STANDBY
1.100000023841858,-0.899999976,10.300000190734863,0,-0.100000001,0,1021.4730224609375,22.059999465942383,10.689667701721191,4.554483890533447,374004704,1267773440,12.199999809265137,0.15947777032852173,177.6300048828125,6,1,-5.369999886,0.11999999731779099,6.090000152587891,-8.81000042,0,34438,34478,34957,34470,0,34478,STANDBY
1.1100000143051147,-0.889999986,10.31000042,-0.100000001,0,0.10000000149011612,1021.5549926757812,22.110000610351562,10.024971008300781,0.25608301162719727,374004704,1267773440,12.199999809265137,0.15947777032852173,177.6300048828125,6,1,-5.380000114,0.10999999940395355,6.090000152587891,-8.81000042,0,34538,34578,35050,34566,0,34578,STANDBY
1.1100000143051147,-0.899999976,10.300000190734863,0,0,0.10000000149011612,1021.6339111328125,22.15999984741211,9.38364315,-2.401418209,374004704,1267773440,12.199999809265137,0.15947777032852173,177.6300048828125,6,1,-5.380000114,0.10999999940395355,6.090000152587891,-8.81000042,0,34638,34678,35161,34675,0,34678,STANDBY
1.100000023841858,-0.899999976,10.300000190734863,0,-0.100000001,0.10000000149011612,1021.707031,22.209999084472656,8.789051055908203,-3.915276051,374004704,1267773440,12.199999809265137,0.15947777032852173,177.6300048828125,6,1,-5.380000114,0.10999999940395355,6.099999904632568,-8.800000191,0,34738,34778,35255,34769,0,34778,STANDBY
1.1100000143051147,-0.889999986,10.289999961853027,0,0,0,1021.587158203125,22.12999916,9.762727737426758,1.388929843902588,374004704,1267773440,12.199999809265137,0.15947777032852173,177.6300048828125,6,1,-5.389999866,0.10999999940395355,6.090000152587891,-8.789999962,0,34838,34878,35348,34863,0,34878,STANDBY
1.100000023841858,-0.910000026,10.300000190734863,0,0,0.10000000149011612,1021.477051,22.059999465942383,10.655913352966309,4.461657524108887,374004704,1267773440,12.199999809265137,0.15947777032852173,177.6300048828125,6,1,-5.369999886,0.10999999940395355,6.099999904632568,-8.789999962,0,34940,34978,35459,34972,0,34978,STANDBY
1.1200000047683716,-0.899999976,10.300000190734863,0,0,0.10000000149011612,1021.5572509765625,22.110000610351562,10.004199028015137,0.24860358238220215,374004704,1267773440,12.199999809265137,0.15947777032852173,177.6300048828125,6,1,-5.349999905,0.10999999940395355,6.110000133514404,-8.789999962,0,35040,35078,35553,35067,0,35078,STANDBY
1.1200000047683716,-0.889999986,10.300000190734863,-0.100000001,0,0.10000000149011612,1021.6322021484375,22.15999984741211,9.396625518798828,-2.271187782,374004704,1267773440,12.199999809265137,0.15947777032852173,177.6300048828125,6,1,-5.369999886,0.10999999940395355,6.119999885559082,-8.789999962,0,35140,35178,35662,35177,0,35178,STANDBY
1.090000033378601,-0.910000026,10.300000190734863,0,0,0,1021.7093505859375,22.209999084472656,8.770875930786133,-3.956558704,374004704,1267773440,12.199999809265137,0.15947777032852173,177.6300048828125,6,1,-5.369999886,0.10000000149011612,6.119999885559082,-8.779999733,0,35240,35278,35757,35271,0,35278,STANDBY
1.090000033378601,-0.889999986,10.300000190734863,-0.100000001,0,0.10000000149011612,1021.5912475585938,22.12999916,9.728973388671875,1.300192118,374004672,1267773312,12.199999809265137,0.632766604,220.4600067138672,6,1,-5.360000134,0.10999999940395355,6.119999885559082,-8.770000458,0,35340,35378,35851,35365,0,35378,STANDBY
1.100000023841858,-0.910000026,10.289999961853027,0,0,0.10000000149011612,1021.4793701171875,22.059999465942383,10.637738227844238,4.467182159423828,374004672,1267773312,11.800000190734863,0.632766604,220.4600067138672,6,1,-5.389999866,0.10999999940395355,6.110000133514404,-8.760000229,0,35440,35478,35960,35472,0,35478,STANDBY
1.100000023841858,-0.910000026,10.289999961853027,0,0,0.10000000149011612,1021.5609130859375,22.12000084,9.975638389587402,0.21059727668762207,374004672,1267773312,11.800000190734863,0.632766604,220.4600067138672,6,1,-5.389999866,0.10999999940395355,6.110000133514404,-8.760000229,0,35540,35578,36055,35569,0,35578,STANDBY
1.1100000143051147,-0.889999986,10.289999961853027,0,0,0.10000000149011612,1021.6365356445312,22.15999984741211,9.362871170043945,-2.316286564,374004672,1267773312,11.800000190734863,0.632766604,220.4600067138672,6,1,-5.380000114,0.10999999940395355,6.110000133514404,-8.75,0,35640,35678,36149,35663,0,35678,STANDBY
1.1200000047683716,-0.889999986,10.289999961853027,0,0,0.10000000149011612,1021.7117919921875,22.209999084472656,8.752700805664062,-3.923104763,374004672,1267773312,11.800000190734863,0.632766604,220.4600067138672,6,1,-5.369999886,0.10999999940395355,6.119999885559082,-8.739999771,0,35740,35778,36258,35773,0,35778,STANDBY
1.100000023841858,-0.889999986,10.300000190734863,0,0,0.10000000149011612,1021.5919799804688,22.139999389648438,9.723780632019043,1.3735322952270508,374004672,1267773312,11.800000190734863,0.632766604,220.4600067138672,6,1,-5.349999905,0.10999999940395355,6.119999885559082,-8.739999771,0,35840,35878,36353,35867,0,35878,STANDBY
1.100000023841858,-0.889999986,10.300000190734863,0,0,0.10000000149011612,1021.4745483398438,22.059999465942383,10.676685333251953,4.690679550170898,374004672,1267773312,11.800000190734863,0.632766604,220.4600067138672,6,1,-5.349999905,0.10999999940395355,6.130000114440918,-8.729999542,0,35940,35979,36463,35974,0,35979,STANDBY
1.100000023841858,-0.910000026,10.300000190734863,0,0.10000000149011612,0.10000000149011612,1021.5560913085938,22.12000084,10.014585494995117,0.3536355495452881,374004672,1267773312,11.800000190734863,0.632766604,220.4600067138672,6,1,-5.360000134,0.10000000149011612,6.119999885559082,-8.729999542,0,36040,36079,36557,36071,0,36079,STANDBY
1.100000023841858,-0.910000026,10.289999961853027,0,0,0.10000000149011612,1021.6339721679688,22.170000076293945,9.38364315,-2.297442675,374004672,1267773312,11.800000190734863,0.632766604,220.4600067138672,6,1,-5.360000134,0.10000000149011612,6.110000133514404,-8.720000267,0,36140,36179,36652,36166,0,36179,STANDBY
1.100000023841858,-0.910000026,10.289999961853027,-0.100000001,0,0.10000000149011612,1021.705322265625,22.209999084472656,8.804630279541016,-3.786414862,374004672,1267773312,11.800000190734863,0.632766604,220.4600067138672,6,1,-5.369999886,0.10000000149011612,6.110000133514404,-8.710000038,0,36240,36279,36761,36276,0,36279,STANDBY
1.100000023841858,-0.889999986,10.300000190734863,0,0,0,1021.599365234375,22.139999389648438,9.664061546325684,1.0144195556640625,374004704,1267773312,11.800000190734863,0.4527110755443573,247.7899932861328,6,1,-5.349999905,0.10000000149011612,6.110000133514404,-8.699999809,0,36340,36379,36855,36370,0,36379,STANDBY
1.100000023841858,-0.910000026,10.289999961853027,0,0,0,1021.497802734375,22.079999923706055,10.487142562866211,3.9415526390075684,374004704,1267773312,12,0.4527110755443573,247.7899932861328,6,1,-5.360000134,0.10999999940395355,6.110000133514404,-8.68999958,0,36440,36480,36950,36464,0,36480,STANDBY
1.1299999952316284,-0.899999976,10.289999961853027,0,0,0,1021.5814208984375,22.12999916,9.809463500976562,-0.188122511,374004704,1267773312,12,0.4527110755443573,247.7899932861328,6,1,-5.360000134,0.10999999940395355,6.119999885559082,-8.680000305,0,36540,36580,37059,36574,0,36580,STANDBY
1.100000023841858,-0.899999976,10.300000190734863,0,-0.100000001,0,1021.655029296875,22.18000030517578,9.212275505065918,-2.509150505,374004704,1267773312,12,0.4527110755443573,247.7899932861328,6,1,-5.369999886,0.10000000149011612,6.110000133514404,-8.670000076,0,36640,36680,37153,36668,0,36680,STANDBY
1.1100000143051147,-0.899999976,10.300000190734863,-0.100000001,0,0,1021.7279663085938,22.229999542236328,8.620280265808105,-3.973837376,374004704,1267773312,12,0.4527110755443573,247.7899932861328,6,1,-5.360000134,0.10999999940395355,6.119999885559082,-8.659999847,0,36740,36780,37263,36777,0,36780,STANDBY
1.1100000143051147,-0.899999976,10.300000190734863,0,0,-0.100000001,1021.6199951171875,22.15999984741211,9.495290756225586,0.9567859172821045,374004704,1267773312,12,0.4527110755443573,247.7899932861328,6,1,-5.360000134,0.10999999940395355,6.119999885559082,-8.649999619,0,36840,36880,37357,36872,0,36880,STANDBY
1.1100000143051147,-0.910000026,10.300000190734863,0,-0.100000001,0,1021.5165405273438,22.09000015258789,10.336546897888184,3.977367639541626,374004704,1267773312,12,0.4527110755443573,247.7899932861328,6,1,-5.360000134,0.10999999940395355,6.130000114440918,-8.640000343,0,36941,36980,37451,36966,0,36980,STANDBY
1.1100000143051147,-0.899999976,10.289999961853027,0,0,0.10000000149011612,1021.5960693359375,22.139999389648438,9.690026283,-0.04056716,374004704,1267773312,12,0.4527110755443573,247.7899932861328,6,1,-5.360000134,0.10999999940395355,6.130000114440918,-8.630000114,0,37042,37080,37561,37075,0,37080,STANDBY
1.1100000143051147,-0.879999995,10.31000042,0,0,0,1021.6710205078125,22.190000534057617,9.082451820373535,-2.45626092,374004704,1267773312,12,0.4527110755443573,247.7899932861328,6,1,-5.360000134,0.10999999940395355,6.119999885559082,-8.619999886,0,37142,37180,37655,37170,0,37180,STANDBY
1.1100000143051147,-0.899999976,10.31000042,0,0,0,1021.7422485351562,22.239999771118164,8.503439903259277,-3.888054848,374004704,1267773312,12,0.4527110755443573,247.7899932861328,6,1,-5.369999886,0.10999999940395355,6.110000133514404,-8.609999657,0,37242,37280,37766,37280,0,37280,STANDBY
1.1100000143051147,-0.899999976,10.31000042,0,0,0.10000000149011612,1021.6224365234375,22.15999984741211,9.477115631103516,1.4063477516174316,374004672,1267773312,12,0.39097774028778076,208.77999877929688,6,1,-5.360000134,0.10999999940395355,6.119999885559082,-8.600000381,0,37342,37380,37860,37374,0,37380,STANDBY
1.1100000143051147,-0.899999976,10.289999961853027,0,0,0.10000000149011612,1021.5125122070312,22.09000015258789,10.367705345153809,4.462421417236328,374004672,1267773312,12,0.39097774028778076,208.77999877929688,6,1,-5.360000134,0.10000000149011612,6.119999885559082,-8.590000153,0,37442,37480,37954,37469,0,37480,STANDBY
1.100000023841858,-0.899999976,10.31000042,0,0,0.10000000149011612,1021.5928344726562,22.139999389648438,9.715991020202637,0.24909257888793945,374004672,1267773312,12,0.39097774028778076,208.77999877929688,6,1,-5.360000134,0.10000000149011612,6.110000133514404,-8.579999924,0,37542,37580,38064,37578,0,37580,STANDBY
1.1100000143051147,-0.889999986,10.300000190734863,-0.100000001,-0.100000001,0.10000000149011612,1021.667724609375,22.190000534057617,9.108416557312012,-2.270878553,374004672,1267773312,12,0.39097774028778076,208.77999877929688,6,1,-5.349999905,0.10000000149011612,6.110000133514404,-8.569999695,0,37642,37680,38158,37672,0,37680,STANDBY
1.1200000047683716,-0.910000026,10.31000042,-0.100000001,0,0.10000000149011612,1021.7373657226562,22.239999771118164,8.54498291,-3.707097054,374004672,1267773312,12,0.39097774028778076,208.77999877929688,6,1,-5.369999886,0.10000000149011612,6.119999885559082,-8.56000042,0,37742,37780,38252,37767,0,37780,STANDBY
1.100000023841858,-0.899999976,10.300000190734863,0,0,0,1021.613525390625,22.15999984741211,9.549817085266113,1.6467945575714111,374004672,1267773312,12,0.39097774028778076,208.77999877929688,6,1,-5.360000134,0.10000000149011612,6.119999885559082,-8.550000191,0,37842,37880,38363,37877,0,37880,STANDBY
1.1200000047683716,-0.889999986,10.300000190734863,0,0,0,1021.4976806640625,22.079999923706055,10.489739418029785,4.813637733459473,374004672,1267773312,12,0.39097774028778076,208.77999877929688,6,1,-5.349999905,0.10000000149011612,6.119999885559082,-8.539999962,0,37942,37980,38457,37970,0,37980,STANDBY
1.1100000143051147,-0.899999976,10.31000042,0,0,0.10000000149011612,1021.5779418945312,22.139999389648438,9.838025093078613,0.47387099266052246,374004672,1267773312,12,0.39097774028778076,208.77999877929688,6,1,-5.340000153,0.10000000149011612,6.119999885559082,-8.520000458,0,38042,38080,38551,38065,0,38080,STANDBY
1.100000023841858,-0.920000017,10.300000190734863,0,0,0.10000000149011612,1021.651855,22.190000534057617,9.238240242004395,-2.095861912,374004672,1267773312,12,0.39097774028778076,208.77999877929688,6,1,-5.340000153,0.10000000149011612,6.130000114440918,-8.510000229,0,38142,38180,38661,38175,0,38180,STANDBY
1.1200000047683716,-0.879999995,10.31000042,0,-0.100000001,0.10000000149011612,1021.7228393554688,22.229999542236328,8.661824226379395,-3.647015572,374004672,1267773312,12,0.39097774028778076,208.77999877929688,6,1,-5.349999905,0.10000000149011612,6.130000114440918,-8.5,0,38242,38280,38755,38269,0,38280,STANDBY
1.100000023841858,-0.910000026,10.31000042,0,0,0.10000000149011612,1021.601318359375,22.15999984741211,9.648482322692871,1.6125423908233643,374004672,1267773312,12,0.1183222085237503,208.77999877929688,6,1,-5.329999924,0.10000000149011612,6.130000114440918,-8.489999771,0,38342,38380,38864,38379,0,38380,STANDBY
1.1100000143051147,-0.899999976,10.300000190734863,-0.100000001,0,0.10000000149011612,1021.4871826171875,22.079999923706055,10.572826385498047,4.656905651092529,374004672,1267773312,11.899999618530273,0.1183222085237503,208.77999877929688,5,1,-5.329999924,0.10000000149011612,6.130000114440918,-8.479999542,0,38443,38480,38959,38473,0,38480,STANDBY
1.1100000143051147,-0.889999986,10.300000190734863,0,0,0.10000000149011612,1021.5706176757812,22.139999389648438,9.897744178771973,0.2800910472869873,374004672,1267773312,11.899999618530273,0.1183222085237503,208.77999877929688,5,1,-5.329999924,0.10000000149011612,6.119999885559082,-8.470000267,0,38543,38580,39053,38567,0,38580,STANDBY
1.100000023841858,-0.910000026,10.300000190734863,0,0,0,1021.6486206054688,22.190000534057617,9.264204978942871,-2.354898453,374004672,1267773312,11.899999618530273,0.1183222085237503,208.77999877929688,5,1,-5.340000153,0.10000000149011612,6.119999885559082,-8.449999809,0,38643,38680,39163,38678,0,38680,STANDBY
1.100000023841858,-0.899999976,10.300000190734863,-0.200000003,0,0.10000000149011612,1021.7195434570312,22.229999542236328,8.687788963317871,-3.812798977,374004672,1267773312,11.899999618530273,0.1183222085237503,208.77999877929688,5,1,-5.320000172,0.090000004,6.119999885559082,-8.449999809,0,38743,38780,39258,38772,0,38780,STANDBY
1.1100000143051147,-0.889999986,10.300000190734863,0,0,0,1021.597656,22.149999618530273,9.677043914794922,1.5168282985687256,374004672,1267773312,11.899999618530273,0.1183222085237503,208.77999877929688,5,1,-5.320000172,0.090000004,6.119999885559082,-8.43999958,0,38843,38880,39352,38866,0,38880,STANDBY
1.1100000143051147,-0.889999986,10.289999961853027,0,0,0.10000000149011612,1021.4854736328125,22.079999923706055,10.588404655456543,4.616213321685791,374004672,1267773312,11.899999618530273,0.1183222085237503,208.77999877929688,5,1,-5.309999943,0.090000004,6.130000114440918,-8.430000305,0,38943,38980,39461,38975,0,38980,STANDBY
1.100000023841858,-0.899999976,10.31000042,0,-0.100000001,0.10000000149011612,1021.5674438476562,22.139999389648438,9.923708916,0.2955937385559082,374004672,1267773312,11.899999618530273,0.1183222085237503,208.77999877929688,5,1,-5.309999943,0.090000004,6.130000114440918,-8.420000076,0,39043,39080,39556,39070,0,39080,STANDBY
1.100000023841858,-0.899999976,10.300000190734863,0,0,0.10000000149011612,1021.6470336914062,22.190000534057617,9.277187347,-2.396906376,374004672,1267773312,11.899999618530273,0.1183222085237503,208.77999877929688,5,1,-5.309999943,0.079999998,6.130000114440918,-8.409999847,0,39143,39180,39650,39164,0,39180,STANDBY
1.1100000143051147,-0.899999976,10.31000042,0,0,0.10000000149011612,1021.7195434570312,22.229999542236328,8.687788963317871,-3.891613722,374004672,1267773312,11.899999618530273,0.1183222085237503,208.77999877929688,5,1,-5.309999943,0.079999998,6.130000114440918,-8.399999619,0,39243,39280,39759,39274,0,39280,STANDBY
1.100000023841858,-0.889999986,10.289999961853027,0,0,0.10000000149011612,1021.5996704101562,22.15999984741211,9.661464691,1.4040701389312744,374004672,1267773312,11.899999618530273,0.37039998173713684,208.77999877929688,5,1,-5.300000191,0.079999998,6.130000114440918,-8.390000343,0,39343,39380,39854,39368,0,39380,STANDBY
1.1100000143051147,-0.889999986,10.300000190734863,0,0,0.10000000149011612,1021.4854736328125,22.079999923706055,10.588404655456543,4.606364727020264,374004672,1267773312,11.800000190734863,0.37039998173713684,208.77999877929688,6,1,-5.300000191,0.079999998,6.119999885559082,-8.380000114,0,39443,39480,39964,39475,0,39480,STANDBY
1.100000023841858,-0.899999976,10.289999961853027,0,0,0,1021.5674438476562,22.139999389648438,9.923708916,0.2892904281616211,374004672,1267773312,11.800000190734863,0.37039998173713684,208.77999877929688,6,1,-5.300000191,0.079999998,6.119999885559082,-8.359999657,0,39543,39580,40058,39573,0,39580,STANDBY
1.1100000143051147,-0.889999986,10.300000190734863,0,0,0.10000000149011612,1021.6453247070312,22.190000534057617,9.290169715881348,-2.349010944,374004672,1267773312,11.800000190734863,0.37039998173713684,208.77999877929688,6,1,-5.309999943,0.079999998,6.119999885559082,-8.350000381,0,39643,39680,40153,39666,0,39680,STANDBY
1.1100000143051147,-0.889999986,10.300000190734863,0,0,0.10000000149011612,1021.7129516601562,22.229999542236328,8.742314338684082,-3.694788456,374004672,1267773312,11.800000190734863,0.37039998173713684,208.77999877929688,6,1,-5.329999924,0.07,6.110000133514404,-8.329999924,0,39743,39780,40262,39777,0,39780,STANDBY
1.100000023841858,-0.889999986,10.300000190734863,0,0,0.10000000149011612,1021.5948486328125,22.15999984741211,9.700411796569824,1.4677250385284424,374004672,1267773312,11.800000190734863,0.37039998173713684,208.77999877929688,6,1,-5.329999924,0.07,6.110000133514404,-8.319999695,0,39843,39880,40356,39871,0,39880,STANDBY
1.100000023841858,-0.899999976,10.300000190734863,-0.100000001,0,0,1021.4773559570312,22.079999923706055,10.653316497802734,4.750962734222412,374004672,1267773312,11.800000190734863,0.37039998173713684,208.77999877929688,6,1,-5.340000153,0.079999998,6.099999904632568,-8.289999962,0,39944,39984,40466,39979,0,39984,STANDBY
1.1200000047683716,-0.899999976,10.31000042,0,0,0.10000000149011612,1021.5592041015625,22.139999389648438,9.988620758,0.3818333148956299,374004672,1267773312,11.800000190734863,0.37039998173713684,208.77999877929688,6,1,-5.340000153,0.079999998,6.110000133514404,-8.279999733,0,40044,40084,40560,40075,0,40084,STANDBY
1.100000023841858,-0.889999986,10.300000190734863,0,0,0.10000000149011612,1021.6387329101562,22.190000534057617,9.344696044921875,-2.331325531,374004672,1267773312,11.800000190734863,0.37039998173713684,208.77999877929688,6,1,-5.329999924,0.07,6.099999904632568,-8.270000458,0,40144,40184,40654,40169,0,40184,STANDBY
1.1100000143051147,-0.899999976,10.300000190734863,-0.100000001,0,0.10000000149011612,1021.709716796875,22.229999542236328,8.768279075622559,-3.797716141,374004672,1267773312,11.800000190734863,0.37039998173713684,208.77999877929688,6,1,-5.320000172,0.07,6.110000133514404,-8.260000229,0,40244,40284,40765,40279,0,40284,STANDBY
1.1200000047683716,-0.889999986,10.300000190734863,0,0,0.10000000149011612,1021.589844,22.15999984741211,9.741955757141113,1.4641683101654053,374004672,1267773312,11.800000190734863,0.077166662,208.77999877929688,6,1,-5.300000191,0.07,6.119999885559082,-8.25,0,40344,40384,40859,40373,0,40384,STANDBY
1.100000023841858,-0.910000026,10.300000190734863,0,0,0,1021.478027,22.079999923706055,10.648123741149902,4.561739444732666,374004672,1267773312,11.600000381469727,0.077166662,208.77999877929688,6,1,-5.289999962,0.07,6.119999885559082,-8.229999542,0,40444,40484,40969,40483,0,40484,STANDBY
1.100000023841858,-0.899999976,10.31000042,0,0,0,1021.5599975585938,22.139999389648438,9.983427047729492,0.2607266902923584,374004672,1267773312,11.600000381469727,0.077166662,208.77999877929688,6,1,-5.289999962,0.07,6.119999885559082,-8.220000267,0,40544,40584,41063,40578,0,40584,STANDBY
1.1200000047683716,-0.899999976,10.31000042,0,0,0,1021.6378173828125,22.190000534057617,9.352484703063965,-2.356904268,374004672,1267773312,11.600000381469727,0.077166662,208.77999877929688,6,1,-5.289999962,0.07,6.119999885559082,-8.199999809,0,40644,40684,41157,40672,0,40684,STANDBY
1.1200000047683716,-0.889999986,10.300000190734863,0,0,0.10000000149011612,1021.7088012695312,22.239999771118164,8.776068687438965,-3.814082861,374004672,1267773312,11.600000381469727,0.077166662,208.77999877929688,6,1,-5.28000021,0.07,6.130000114440918,-8.180000305,0,40744,40784,41267,40781,0,40784,STANDBY
1.1100000143051147,-0.889999986,10.300000190734863,0,0,0.10000000149011612,1021.5889892578125,22.15999984741211,9.747148513793945,1.4433062076568604,374004672,1267773312,11.600000381469727,0.077166662,208.77999877929688,6,1,-5.269999981,0.07,6.130000114440918,-8.180000305,0,40844,40884,41361,40876,0,40884,STANDBY
1.1100000143051147,-0.899999976,10.300000190734863,0,0,0,1021.473145,22.079999923706055,10.687070846557617,4.683405399,374004672,1267773312,11.600000381469727,0.077166662,208.77999877929688,6,1,-5.269999981,0.07,6.130000114440918,-8.159999847,0,40944,40984,41455,40970,0,40984,STANDBY
1.100000023841858,-0.889999986,10.31000042,-0.100000001,0,0.10000000149011612,1021.5550537109375,22.139999389648438,10.022374153137207,0.3385927677154541,374004672,1267773312,11.600000381469727,0.077166662,208.77999877929688,6,1,-5.260000229,0.07,6.119999885559082,-8.149999619,0,41044,41084,41566,41080,0,41084,STANDBY
1.100000023841858,-0.899999976,10.300000190734863,0,0,0.10000000149011612,1021.6329956054688,22.190000534057617,9.391431808,-2.307070017,374004672,1267773312,11.600000381469727,0.077166662,208.77999877929688,6,1,-5.269999981,0.07,6.119999885559082,-8.130000114,0,41144,41184,41660,41175,0,41184,STANDBY
1.1200000047683716,-0.899999976,10.289999961853027,0,0,0.10000000149011612,1021.7023315429688,22.239999771118164,8.827998161315918,-3.730259418,374004672,1267773312,11.600000381469727,0.077166662,208.77999877929688,6,1,-5.28000021,0.07,6.130000114440918,-8.109999657,0,41244,41284,41769,41284,0,41284,STANDBY
1.100000023841858,-0.899999976,10.31000042,0,0,0.10000000149011612,1021.580810546875,22.15999984741211,9.814657211303711,1.5592701435089111,374004672,1267773312,11.600000381469727,0.030866666,208.77999877929688,6,1,-5.28000021,0.059999999,6.130000114440918,-8.100000381,0,41344,41384,41864,41378,0,41384,STANDBY
1.1100000143051147,-0.889999986,10.31000042,0,0,0.10000000149011612,1021.4676513671875,22.09000015258789,10.733807563781738,4.674534320831299,374004672,1267773312,11.699999809265137,0.030866666,208.77999877929688,6,1,-5.269999981,0.059999999,6.130000114440918,-8.079999924,0,41444,41484,41958,41473,0,41484,STANDBY
1.1100000143051147,-0.920000017,10.300000190734863,0,-0.100000001,0.10000000149011612,1021.5077514648438,22.12000084,10.406652450561523,1.6830816268920898,374004672,1267773312,11.699999809265137,0.030866666,208.77999877929688,6,1,-5.269999981,0.059999999,6.130000114440918,-8.069999695,0,41544,41584,42067,41582,0,41584,STANDBY
1.1100000143051147,-0.899999976,10.300000190734863,0,0,0.10000000149011612,1021.5856323242188,22.170000076293945,9.775710105895996,-1.446597099,374004672,1267773312,11.699999809265137,0.030866666,208.77999877929688,6,1,-5.269999981,0.059999999,6.130000114440918,-8.050000191,0,41644,41684,42162,41676,0,41684,STANDBY
1.1200000047683716,-0.879999995,10.300000190734863,0,0,0,1021.6595458984375,22.219999313354492,9.175925254821777,-3.324961662,374004672,1267773312,11.699999809265137,0.030866666,208.77999877929688,6,1,-5.269999981,0.07,6.130000114440918,-8.039999962,0,41744,41784,42256,41771,0,41784,STANDBY
1.100000023841858,-0.920000017,10.300000190734863,0,0,0,1021.5437622070312,22.139999389648438,10.11584758758545,1.631713867,374004672,1267773312,11.699999809265137,0.030866666,208.77999877929688,6,1,-5.269999981,0.07,6.130000114440918,-8.010000229,0,41844,41884,42365,41880,0,41884,STANDBY
1.1200000047683716,-0.889999986,10.300000190734863,0,0,0.10000000149011612,1021.431884765625,22.06999969482422,11.022015571594238,4.668969154,374004672,1267773312,11.699999809265137,0.030866666,208.77999877929688,6,1,-5.269999981,0.07,6.130000114440918,-8,0,41944,41984,42460,41974,0,41984,STANDBY
1.1200000047683716,-0.910000026,10.300000190734863,0,-0.100000001,0,1021.341797,22.020000457763672,11.754220008850098,5.916957855224609,374004672,1267773312,11.699999809265137,0.030866666,208.77999877929688,6,1,-5.260000229,0.07,6.130000114440918,-7.980000019,0,42044,42084,42554,42068,0,42084,STANDBY
1.1100000143051147,-0.910000026,10.300000190734863,-0.100000001,0,0.10000000149011612,1021.4317016601562,22.079999923706055,11.024611473083496,0.8684189319610596,374004672,1267773312,11.699999809265137,0.030866666,208.77999877929688,6,1,-5.260000229,0.07,6.130000114440918,-7.960000038,0,42144,42184,42664,42179,0,42184,STANDBY
1.1200000047683716,-0.889999986,10.300000190734863,0,0,0.10000000149011612,1021.5120239257812,22.12999916,10.37289810180664,-2.051065445,374004672,1267773312,11.699999809265137,0.030866666,208.77999877929688,6,1,-5.269999981,0.07,6.139999866485596,-7.949999809,0,42244,42284,42759,42272,0,42284,STANDBY
1.1299999952316284,-0.870000005,10.300000190734863,0,0,0.10000000149011612,1021.405762,22.059999465942383,11.234926223754883,2.1354305744171143,374004672,1267773312,11.699999809265137,0.046299997717142105,208.77999877929688,6,1,-5.28000021,0.07,6.139999866485596,-7.920000076,0,42344,42384,42868,42383,0,42384,STANDBY
1.0800000429153442,-0.939999998,10.31000042,0,-0.100000001,0,1021.3055419921875,21.989999771118164,12.04762077331543,4.617453575134277,374004672,1267773312,11.699999809265137,0.046299997717142105,208.77999877929688,7,1,-5.289999962,0.07,6.119999885559082,-7.909999847,0,42444,42484,42962,42477,0,42484,STANDBY
1.1100000143051147,-0.899999976,10.31000042,-0.100000001,0,0.10000000149011612,1021.205078,21.93000030517578,12.862913131713867,6.216340065002441,374004672,1267773312,11.699999809265137,0.046299997717142105,208.77999877929688,7,1,-5.28000021,0.07,6.130000114440918,-7.889999866,0,42544,42584,43057,42571,0,42584,STANDBY
1.1200000047683716,-0.879999995,10.300000190734863,0,0,0,1021.3046264648438,22,12.055410385131836,0.7484467029571533,374004672,1267773312,11.699999809265137,0.046299997717142105,208.77999877929688,7,1,-5.28000021,0.07,6.119999885559082,-7.869999886,0,42644,42684,43166,42681,0,42684,STANDBY
1.0800000429153442,-0.939999998,10.300000190734863,-0.100000001,0,0.10000000149011612,1021.3978271484375,22.059999465942383,11.299838066101074,-2.543283463,374004672,1267773312,11.699999809265137,0.046299997717142105,208.77999877929688,7,1,-5.260000229,0.07,6.119999885559082,-7.860000134,0,42744,42784,43260,42775,0,42784,STANDBY
1.1200000047683716,-0.879999995,10.300000190734863,0,0,0.10000000149011612,1021.2982788085938,21.989999771118164,12.107339859008789,1.6023057699203491,374004672,1267773312,11.699999809265137,0.046299997717142105,208.77999877929688,7,1,-5.239999771,0.07,6.119999885559082,-7.849999905,0,42845,42884,43355,42869,0,42884,STANDBY
1.100000023841858,-0.899999976,10.300000190734863,0,0,0,1021.202392578125,21.93000030517578,12.883684158325195,4.130852699279785,374004672,1267773312,11.699999809265137,0.046299997717142105,208.77999877929688,7,1,-5.25,0.07,6.110000133514404,-7.829999924,0,42945,42984,43465,42979,0,42984,STANDBY
1.100000023841858,-0.910000026,10.300000190734863,0,0,0.10000000149011612,1021.1099853515625,21.87000084,13.634064674377441,5.645267963409424,374004672,1267773312,11.699999809265137,0.046299997717142105,208.77999877929688,7,1,-5.230000019,0.07,6.119999885559082,-7.820000172,0,43045,43084,43559,43073,0,43084,STANDBY
1.1200000047683716,-0.879999995,10.31000042,-0.100000001,0,0.10000000149011612,1021.2164916992188,21.940000534057617,12.769439697265625,0.15447163581848145,374004672,1267773312,11.699999809265137,0.046299997717142105,208.77999877929688,7,1,-5.239999771,0.07,6.130000114440918,-7.800000191,0,43145,43184,43669,43184,0,43184,STANDBY
1.100000023841858,-0.920000017,10.289999961853027,0,0,-0.100000001,1021.3132934570312,22.010000228881836,11.985305786132812,-3.037673712,374004672,1267773312,11.699999809265137,0.046299997717142105,208.77999877929688,7,1,-5.239999771,0.07,6.119999885559082,-7.789999962,0,43245,43284,43763,43278,0,43284,STANDBY
1.100000023841858,-0.889999986,10.300000190734863,-0.100000001,0,0.10000000149011612,1021.2197875976562,21.940000534057617,12.743474960327148,1.088565468788147,374004640,1267773312,11.699999809265137,0.4835777282714844,191.11000061035156,7,1,-5.239999771,0.07,6.119999885559082,-7.769999981,0,43345,43384,43857,43372,0,43384,STANDBY
1.1299999952316284,-0.860000014,10.300000190734863,0,0,-0.100000001,1021.1278686523438,21.87999916,13.488661766052246,3.677429199,374004640,1267773312,12.699999809265137,0.4835777282714844,191.11000061035156,8,1,-5.239999771,0.07,6.119999885559082,-7.75,0,43445,43484,43967,43479,0,43484,STANDBY
1.0800000429153442,-0.920000017,10.300000190734863,0,0,0.10000000149011612,1021.0381469726562,21.829999923706055,14.218270301818848,5.271988868713379,374004640,1267773312,12.699999809265137,0.4835777282714844,191.11000061035156,8,1,-5.239999771,0.059999999,6.110000133514404,-7.739999771,0,43545,43584,44061,43576,0,43584,STANDBY
1.1100000143051147,-0.879999995,10.300000190734863,-0.100000001,0,0.10000000149011612,1021.1482543945312,21.899999618530273,13.325084686279297,-0.198669434,374004640,1267773312,12.699999809265137,0.4835777282714844,191.11000061035156,8,1,-5.230000019,0.07,6.119999885559082,-7.71999979,0,43645,43684,44155,43670,0,43684,STANDBY
1.1299999952316284,-0.879999995,10.300000190734863,0,0,0,1021.2462768554688,21.969999313354492,12.527968406677246,-3.315613508,374004640,1267773312,12.699999809265137,0.4835777282714844,191.11000061035156,8,1,-5.210000038,0.07,6.119999885559082,-7.710000038,0,43745,43784,44266,43780,0,43784,STANDBY
1.0800000429153442,-0.920000017,10.289999961853027,0,0,0.10000000149011612,1021.1546630859375,21.90999984741211,13.273155212402344,0.8587543964385986,374004640,1267773312,12.699999809265137,0.4835777282714844,191.11000061035156,8,1,-5.210000038,0.07,6.110000133514404,-7.690000057,0,43845,43884,44360,43875,0,43884,STANDBY
1.1200000047683716,-0.879999995,10.300000190734863,-0.100000001,0,0.10000000149011612,1021.067138671875,21.850000381469727,13.981990814208984,3.3849453926086426,374004640,1267773312,12.699999809265137,0.4835777282714844,191.11000061035156,8,1,-5.210000038,0.07,6.130000114440918,-7.659999847,0,43945,43985,44470,43980,0,43985,STANDBY
1.1100000143051147,-0.899999976,10.300000190734863,0,-0.100000001,0,1020.9846801757812,21.799999237060547,14.651880264282227,4.845922946929932,374004640,1267773312,12.699999809265137,0.4835777282714844,191.11000061035156,8,1,-5.210000038,0.07,6.119999885559082,-7.650000095,0,44045,44085,44564,44079,0,44085,STANDBY
1.090000033378601,-0.930000007,10.289999961853027,-0.100000001,0,0.10000000149011612,1021.0960693359375,21.87000084,13.748309135437012,-0.512893915,374004640,1267773312,12.699999809265137,0.4835777282714844,191.11000061035156,8,1,-5.21999979,0.07,6.130000114440918,-7.630000114,0,44145,44185,44658,44173,0,44185,STANDBY
1.1299999952316284,-0.870000005,10.289999961853027,-0.100000001,0,0.10000000149011612,1021.1983642578125,21.940000534057617,12.917438507080078,-3.586568594,374004640,1267773312,12.699999809265137,0.4835777282714844,191.11000061035156,8,1,-5.21999979,0.07,6.130000114440918,-7.610000134,0,44246,44285,44768,44282,0,44285,STANDBY
1.090000033378601,-0.920000017,10.300000190734863,0.10000000149011612,-0.100000001,-0.100000001,1021.1124267578125,21.87999916,13.615888595581055,0.4983963966369629,374004608,1267773184,12.699999809265137,1.4095776081085205,231.13999938964844,8,1,-5.210000038,0.07,6.110000133514404,-7.599999905,0,44346,44385,44862,44377,0,44385,STANDBY
1.090000033378601,-0.910000026,10.300000190734863,-0.200000003,0,0.20000000298023224,1021.0236206054688,21.829999923706055,14.335111618041992,3.1958658695220947,374004608,1267773184,12.199999809265137,1.4095776081085205,231.13999938964844,8,1,-5.210000038,0.059999999,6.119999885559082,-7.579999924,0,44446,44485,44956,44471,0,44485,STANDBY
1.149999976158142,-0.860000014,10.300000190734863,-0.100000001,0,0,1020.9423217773438,21.770000457763672,14.994614601135254,4.683366298675537,374004608,1267773184,12.199999809265137,1.4095776081085205,231.13999938964844,8,1,-5.199999809,0.07,6.119999885559082,-7.570000172,0,44546,44585,45067,44581,0,44585,STANDBY
1.0700000524520874,-0.930000007,10.300000190734863,0,-0.100000001,0,1021.0549926757812,21.850000381469727,14.080657005310059,-0.658475876,374004608,1267773184,12.199999809265137,1.4095776081085205,231.13999938964844,8,1,-5.21999979,0.059999999,6.110000133514404,-7.550000191,0,44646,44685,45161,44676,0,44685,STANDBY
1.090000033378601,-0.899999976,10.31000042,-0.100000001,0,0.10000000149011612,1021.1624755859375,21.920000076293945,13.208243370056152,-3.911079168,374004608,1267773184,12.199999809265137,1.4095776081085205,231.13999938964844,8,1,-5.190000057,0.059999999,6.130000114440918,-7.539999962,0,44746,44785,45271,44785,0,44785,STANDBY
1.1299999952316284,-0.870000005,10.300000190734863,0,0,-0.100000001,1021.0753173828125,21.860000610351562,13.91707992553711,0.33225560188293457,374004608,1267773184,12.199999809265137,1.4095776081085205,231.13999938964844,8,1,-5.199999809,0.07,6.119999885559082,-7.510000229,0,44846,44886,45365,44879,0,44886,STANDBY
1.0700000524520874,-0.920000017,10.300000190734863,0,0,0.10000000149011612,1020.9976806640625,21.809999465942383,14.545425415039062,2.7260255813598633,374004608,1267773184,12.199999809265137,1.4095776081085205,231.13999938964844,8,1,-5.210000038,0.059999999,6.119999885559082,-7.5,0,44946,44986,45459,44974,0,44986,STANDBY
1.1100000143051147,-0.889999986,10.300000190734863,0,0,0.10000000149011612,1020.9171752929688,21.760000228881836,15.199735641479492,4.3618974685668945,374004608,1267773184,12.199999809265137,1.4095776081085205,231.13999938964844,8,1,-5.170000076,0.059999999,6.130000114440918,-7.480000019,0,45046,45086,45569,45083,0,45086,STANDBY
1.1200000047683716,-0.889999986,10.289999961853027,0,-0.100000001,0,1021.032958984375,21.84000015258789,14.25981330871582,-0.968075037,374004608,1267773184,12.199999809265137,1.4095776081085205,231.13999938964844,8,1,-5.179999828,0.059999999,6.130000114440918,-7.460000038,0,45146,45186,45664,45177,0,45186,STANDBY
1.0700000524520874,-0.920000017,10.300000190734863,0,0,0.10000000149011612,1021.1425170898438,21.899999618530273,13.371820449829102,-4.171539307,374004608,1267773184,12.199999809265137,1.4095776081085205,231.13999938964844,8,1,-5.170000076,0.059999999,6.130000114440918,-7.449999809,0,45246,45286,45758,45272,0,45286,STANDBY
1.1200000047683716,-0.870000005,10.300000190734863,-0.100000001,0,0.10000000149011612,1021.0606079101562,21.850000381469727,14.036517143249512,-0.010998487,374004544,1267773184,12.199999809265137,0.020577777177095413,231.13999938964844,8,1,-5.159999847,0.059999999,6.139999866485596,-7.429999828,0,45346,45386,45868,45381,0,45386,STANDBY
1.090000033378601,-0.889999986,10.289999961853027,0,-0.100000001,-0.100000001,1020.977051,21.799999237060547,14.71419620513916,2.7161405086517334,374004544,1267773184,12.300000190734863,0.020577777177095413,231.13999938964844,8,1,-5.159999847,0.059999999,6.119999885559082,-7.420000076,0,45446,45486,45962,45476,0,45486,STANDBY
1.0800000429153442,-0.930000007,10.300000190734863,0,0,0.10000000149011612,1020.8972778320312,21.75,15.360716819763184,4.3244123458862305,374004544,1267773184,12.300000190734863,0.020577777177095413,231.13999938964844,8,1,-5.170000076,0.059999999,6.130000114440918,-7.389999866,0,45546,45586,46071,45586,0,45586,STANDBY
1.159999966621399,-0.870000005,10.300000190734863,0,0,0,1021.0170288085938,21.829999923706055,14.389636993408203,-1.127081156,374004544,1267773184,12.300000190734863,0.020577777177095413,231.13999938964844,8,1,-5.179999828,0.07,6.139999866485596,-7.360000134,0,45646,45686,46166,45680,0,45686,STANDBY
1.090000033378601,-0.910000026,10.31000042,0,-0.100000001,0,1021.1286010742188,21.899999618530273,13.483469009399414,-4.356389999,374004544,1267773184,12.300000190734863,0.020577777177095413,231.13999938964844,8,1,-5.210000038,0.07,6.130000114440918,-7.340000153,0,45746,45786,46260,45774,0,45786,STANDBY
1.0800000429153442,-0.920000017,10.31000042,-0.100000001,0,0.10000000149011612,1021.0443115234375,21.84000015258789,14.168936729431152,-0.594592869,374004544,1267773184,12.300000190734863,0.020577777177095413,231.13999938964844,8,1,-5.190000057,0.059999999,6.130000114440918,-7.329999924,0,45846,45886,46370,45884,0,45886,STANDBY
1.149999976158142,-0.860000014,10.31000042,0,0,0.10000000149011612,1020.9653930664062,21.790000915527344,14.807668685913086,1.663402795791626,374004544,1267773184,12.300000190734863,0.020577777177095413,231.13999938964844,8,1,-5.170000076,0.059999999,6.139999866485596,-7.320000172,0,45946,45986,46465,45978,0,45986,STANDBY
1.0700000524520874,-0.930000007,10.300000190734863,0,-0.200000003,0,1020.890869140625,21.739999771118164,15.412646293640137,3.0005061626434326,374004544,1267773184,12.300000190734863,0.020577777177095413,231.13999938964844,8,1,-5.199999809,0.059999999,6.130000114440918,-7.300000191,0,46046,46086,46559,46072,0,46086,STANDBY
1.100000023841858,-0.920000017,10.300000190734863,-0.100000001,0,0.10000000149011612,1021.0103149414062,21.81999969482422,14.44416332244873,-1.178821564,374004544,1267773184,12.300000190734863,0.020577777177095413,231.13999938964844,8,1,-5.170000076,0.059999999,6.139999866485596,-7.28000021,0,46146,46186,46668,46183,0,46186,STANDBY
1.1299999952316284,-0.870000005,10.300000190734863,0,0,0,1021.120605,21.889999389648438,13.548380851745605,-3.620949507,374004544,1267773184,12.300000190734863,0.020577777177095413,231.13999938964844,8,1,-5.179999828,0.059999999,6.139999866485596,-7.260000229,0,46246,46286,46763,46277,0,46286,STANDBY
1.0700000524520874,-0.939999998,10.289999961853027,0,0,0,1021.0370483398438,21.84000015258789,14.226059913635254,-0.14883481,374004544,1267773184,12.300000190734863,0.1903444230556488,229.8000030517578,8,1,-5.179999828,0.059999999,6.130000114440918,-7.25,0,46346,46386,46857,46371,0,46386,STANDBY
1.1100000143051147,-0.899999976,10.300000190734863,-0.100000001,0,0.20000000298023224,1020.9578247070312,21.790000915527344,14.869983673095703,1.965301752090454,374004544,1267773184,12.199999809265137,0.1903444230556488,229.8000030517578,8,1,-5.170000076,0.059999999,6.139999866485596,-7.230000019,0,46446,46486,46967,46480,0,46486,STANDBY
1.1299999952316284,-0.879999995,10.289999961853027,0,0,0,1020.8792724609375,21.739999771118164,15.506118774414062,3.2934253215789795,374004544,1267773184,12.199999809265137,0.1903444230556488,229.8000030517578,8,1,-5.179999828,0.059999999,6.130000114440918,-7.210000038,0,46546,46586,47062,46575,0,46586,STANDBY
1.090000033378601,-0.910000026,10.300000190734863,0,0,0,1020.9974975585938,21.809999465942383,14.54802131652832,-0.958119571,374004544,1267773184,12.199999809265137,0.1903444230556488,229.8000030517578,8,1,-5.190000057,0.050000001,6.130000114440918,-7.190000057,0,46646,46686,47171,46686,0,46686,STANDBY
1.100000023841858,-0.910000026,10.300000190734863,0,0,0.10000000149011612,1021.107666015625,21.889999389648438,13.65483570098877,-3.471390486,374004544,1267773184,12.199999809265137,0.1903444230556488,229.8000030517578,8,1,-5.179999828,0.059999999,6.139999866485596,-7.170000076,0,46746,46786,47265,46780,0,46786,STANDBY
1.1299999952316284,-0.889999986,10.289999961853027,0,0,0.10000000149011612,1021.024169921875,21.829999923706055,14.329917907714844,-0.061426926,374004544,1267773184,12.199999809265137,0.1903444230556488,229.8000030517578,8,1,-5.159999847,0.059999999,6.130000114440918,-7.159999847,0,46846,46886,47360,46874,0,46886,STANDBY
1.090000033378601,-0.920000017,10.289999961853027,0,0,0.10000000149011612,1020.944824,21.780000686645508,14.976439476013184,2.0295557975769043,374004544,1267773184,12.199999809265137,0.1903444230556488,229.8000030517578,8,1,-5.179999828,0.059999999,6.119999885559082,-7.139999866,0,46946,46986,47470,46980,0,46986,STANDBY
1.100000023841858,-0.889999986,10.300000190734863,0,0,0.10000000149011612,1020.870361328125,21.739999771118164,15.57882022857666,3.226534366607666,374004544,1267773184,12.199999809265137,0.1903444230556488,229.8000030517578,8,1,-5.159999847,0.059999999,6.130000114440918,-7.119999886,0,47046,47086,47564,47078,0,47086,STANDBY
1.1200000047683716,-0.870000005,10.300000190734863,0,-0.100000001,0,1020.9869384765625,21.809999465942383,14.633705139160156,-0.959386289,374004544,1267773184,12.199999809265137,0.1903444230556488,229.8000030517578,8,1,-5.159999847,0.059999999,6.119999885559082,-7.099999905,0,47147,47186,47659,47172,0,47186,STANDBY
1.059999942779541,-0.930000007,10.300000190734863,0,0,0,1021.0968627929688,21.87999916,13.740519523620605,-3.472201109,374004544,1267773184,12.199999809265137,0.1903444230556488,229.8000030517578,8,1,-5.170000076,0.050000001,6.110000133514404,-7.090000153,0,47247,47286,47768,47282,0,47286,STANDBY
1.1200000047683716,-0.889999986,10.289999961853027,0,0.10000000149011612,0.10000000149011612,1021.0152587890625,21.829999923706055,14.402619361877441,-0.103489302,374004544,1267773184,12.199999809265137,0.1646222174167633,264.8599853515625,8,1,-5.150000095,0.050000001,6.130000114440918,-7.070000172,0,47347,47386,47862,47376,0,47386,STANDBY
1.1200000047683716,-0.870000005,10.289999961853027,0,0,0,1020.9376831054688,21.780000686645508,15.033561706542969,1.9527825117111206,374004544,1267773184,12.199999809265137,0.1646222174167633,264.8599853515625,8,1,-5.139999866,0.039999999,6.119999885559082,-7.059999943,0,47447,47486,47972,47485,0,47486,STANDBY
1.0800000429153442,-0.920000017,10.300000190734863,-0.100000001,0,0.10000000149011612,1020.8630981445312,21.729999542236328,15.63853931427002,3.185709238052368,374004544,1267773184,12.300000190734863,0.1646222174167633,264.8599853515625,8,1,-5.150000095,0.039999999,6.110000133514404,-7.039999962,0,47547,47586,48066,47581,0,47586,STANDBY
1.1200000047683716,-0.889999986,10.300000190734863,-0.100000001,0,0.10000000149011612,1020.9852905273438,21.809999465942383,14.646687507629395,-1.135071754,374004544,1267773184,12.300000190734863,0.1646222174167633,264.8599853515625,8,1,-5.130000114,0.039999999,6.119999885559082,-7.03000021,0,47647,47686,48160,47675,0,47686,STANDBY
1.1299999952316284,-0.870000005,10.289999961853027,-0.100000001,0,0,1021.0968627929688,21.87999916,13.740519523620605,-3.626183271,374004544,1267773184,12.300000190734863,0.1646222174167633,264.8599853515625,8,1,-5.130000114,0.039999999,6.119999885559082,-7.010000229,0,47747,47787,48270,47784,0,47787,STANDBY
1.0700000524520874,-0.930000007,10.300000190734863,-0.100000001,0,0,1021.0120239257812,21.829999923706055,14.428584098815918,-0.118950658,374004544,1267773184,12.300000190734863,0.1646222174167633,264.8599853515625,8,1,-5.139999866,0.039999999,6.119999885559082,-6.989999771,0,47847,47887,48364,47879,0,47887,STANDBY
1.1200000047683716,-0.879999995,10.300000190734863,-0.100000001,0,0.10000000149011612,1020.9351806640625,21.780000686645508,15.054333686828613,1.9262703657150269,374004544,1267773184,12.300000190734863,0.1646222174167633,264.8599853515625,8,1,-5.119999886,0.039999999,6.130000114440918,-6.96999979,0,47947,47987,48458,47973,0,47987,STANDBY
1.1200000047683716,-0.889999986,10.300000190734863,0,-0.100000001,-0.100000001,1020.8621826171875,21.739999771118164,15.646328926086426,3.1271979808807373,374004544,1267773184,12.300000190734863,0.1646222174167633,264.8599853515625,8,1,-5.130000114,0.050000001,6.130000114440918,-6.949999809,0,48047,48087,48569,48082,0,48087,STANDBY
1.0700000524520874,-0.939999998,10.300000190734863,0,0,0.10000000149011612,1020.9820556640625,21.809999465942383,14.672652244567871,-1.114358783,374004544,1267773184,12.300000190734863,0.1646222174167633,264.8599853515625,8,1,-5.139999866,0.050000001,6.119999885559082,-6.929999828,0,48147,48187,48663,48177,0,48187,STANDBY
1.1200000047683716,-0.889999986,10.289999961853027,-0.100000001,0,0.10000000149011612,1021.097900390625,21.889999389648438,13.73272991,-3.720941305,374004544,1267773184,12.300000190734863,0.1646222174167633,264.8599853515625,8,1,-5.119999886,0.050000001,6.139999866485596,-6.909999847,0,48247,48288,48773,48286,0,48288,STANDBY
1.1100000143051147,-0.889999986,10.300000190734863,0.10000000149011612,-0.100000001,-0.100000001,1021.0183715820312,21.84000015258789,14.379251480102539,-0.312533379,374004544,1267773184,12.300000190734863,0.10288888216018677,264.8599853515625,8,1,-5.130000114,0.050000001,6.130000114440918,-6.889999866,0,48347,48388,48867,48380,0,48388,STANDBY
1.0800000429153442,-0.920000017,10.300000190734863,-0.100000001,0,0.10000000149011612,1020.9407958984375,21.780000686645508,15.007596969604492,1.8106842041015625,374004544,1267773184,12.399999618530273,0.10288888216018677,264.8599853515625,8,1,-5.130000114,0.050000001,6.130000114440918,-6.880000114,0,48447,48488,48961,48475,0,48488,STANDBY
1.1200000047683716,-0.879999995,10.300000190734863,-0.100000001,0,0.10000000149011612,1020.8702392578125,21.739999771118164,15.581417083740234,2.9950623512268066,374004544,1267773184,12.399999618530273,0.10288888216018677,264.8599853515625,8,1,-5.099999905,0.050000001,6.139999866485596,-6.860000134,0,48547,48588,49071,48585,0,48588,STANDBY
1.090000033378601,-0.910000026,10.300000190734863,0,-0.100000001,0,1020.9884643554688,21.81999969482422,14.620722770690918,-1.097103,374004544,1267773184,12.399999618530273,0.10288888216018677,264.8599853515625,8,1,-5.130000114,0.039999999,6.119999885559082,-6.840000153,0,48648,48688,49165,48678,0,48688,STANDBY
1.100000023841858,-0.899999976,10.300000190734863,-0.100000001,0,0.10000000149011612,1021.1002197265625,21.889999389648438,13.714554786682129,-3.601883411,374004544,1267773184,12.399999618530273,0.10288888216018677,264.8599853515625,8,1,-5.110000134,0.039999999,6.139999866485596,-6.829999924,0,48748,48788,49259,48773,0,48788,STANDBY
1.1200000047683716,-0.870000005,10.300000190734863,0,0,0,1021.0223388671875,21.84000015258789,14.345497131347656,-0.286189854,374004544,1267773184,12.399999618530273,0.10288888216018677,264.8599853515625,8,1,-5.110000134,0.050000001,6.139999866485596,-6.800000191,0,48848,48888,49369,48883,0,48888,STANDBY
1.090000033378601,-0.920000017,10.31000042,0,0,0,1020.945801,21.790000915527344,14.968649864196777,1.8109272718429565,374004544,1267773184,12.399999618530273,0.10288888216018677,264.8599853515625,8,1,-5.139999866,0.039999999,6.130000114440918,-6.789999962,0,48948,48988,49463,48976,0,48988,STANDBY
1.100000023841858,-0.910000026,10.300000190734863,-0.100000001,0,0.10000000149011612,1020.8712768554688,21.739999771118164,15.571030616760254,3.0866119861602783,374004544,1267773184,12.399999618530273,0.10288888216018677,264.8599853515625,8,1,-5.130000114,0.039999999,6.139999866485596,-6.760000229,0,49048,49088,49572,49087,0,49088,STANDBY
1.1100000143051147,-0.899999976,10.300000190734863,0,0,0,1020.9890747070312,21.81999969482422,14.615530014038086,-1.082170367,374004544,1267773184,12.399999618530273,0.10288888216018677,264.8599853515625,8,1,-5.130000114,0.039999999,6.130000114440918,-6.739999771,0,49148,49188,49667,49181,0,49188,STANDBY
1.090000033378601,-0.910000026,10.31000042,0,-0.100000001,0,1021.097656,21.889999389648438,13.735326766967773,-3.509239674,374004544,1267773184,12.399999618530273,0.10288888216018677,264.8599853515625,8,1,-5.139999866,0.039999999,6.130000114440918,-6.730000019,0,49248,49288,49761,49275,0,49288,STANDBY
1.100000023841858,-0.889999986,10.300000190734863,0,0,0.10000000149011612,1021.0198364257812,21.84000015258789,14.36626911,-0.226898,374004544,1267773184,12.399999618530273,0.005144444,264.8599853515625,8,1,-5.130000114,0.039999999,6.130000114440918,-6.699999809,0,49348,49388,49870,49385,0,49388,STANDBY
1.1200000047683716,-0.879999995,10.289999961853027,0,0,0,1020.948486328125,21.790000915527344,14.945281982421875,1.7076265811920166,374004544,1267773184,12.399999618530273,0.005144444,264.8599853515625,8,1,-5.110000134,0.050000001,6.130000114440918,-6.690000057,0,49448,49488,49965,49479,0,49488,STANDBY
1.0700000524520874,-0.949999988,10.300000190734863,0,0,0.10000000149011612,1020.8820190429688,21.75,15.485347747802734,2.821091413497925,374004544,1267773184,12.399999618530273,0.005144444,264.8599853515625,8,1,-5.110000134,0.039999999,6.130000114440918,-6.679999828,0,49548,49588,50059,49573,0,49588,STANDBY
1.1299999952316284,-0.870000005,10.300000190734863,-0.100000001,0.10000000149011612,0.20000000298023224,1021.0005493164062,21.829999923706055,14.522056579589844,-1.27703321,374004544,1267773184,12.399999618530273,0.005144444,264.8599853515625,8,1,-5.099999905,0.039999999,6.150000095367432,-6.650000095,0,49648,49688,50168,49683,0,49688,STANDBY
1.1200000047683716,-0.889999986,10.300000190734863,0,-0.100000001,-0.100000001,1021.1107177734375,21.899999618530273,13.628870964050293,-3.675495148,374004544,1267773184,12.399999618530273,0.005144444,264.8599853515625,8,1,-5.099999905,0.039999999,6.130000114440918,-6.639999866,0,49748,49788,50263,49777,0,49788,STANDBY
1.0499999523162842,-0.959999979,10.300000190734863,0,0,0,1021.043457,21.860000610351562,14.17413044,-0.607486546,374004544,1267773184,12.399999618530273,0.005144444,264.8599853515625,8,1,-5.090000153,0.029999999329447746,6.130000114440918,-6.630000114,0,49848,49888,50372,49887,0,49888,STANDBY
1.1399999856948853,-0.850000024,10.300000190734863,-0.200000003,0.10000000149011612,0.20000000298023224,1020.9818725585938,21.81999969482422,14.675249099731445,1.2147883176803589,374004544,1267773184,12.399999618530273,0.005144444,264.8599853515625,8,1,-5.039999962,0.039999999,6.150000095367432,-6.619999886,0,49948,49988,50466,49981,0,49988,STANDBY
1.1200000047683716,-0.889999986,10.300000190734863,0,-0.100000001,-0.100000001,1020.9213256835938,21.780000686645508,15.16598129272461,2.3478076457977295,374004544,1267773184,12.399999618530273,0.005144444,264.8599853515625,8,1,-5.070000172,0.029999999329447746,6.130000114440918,-6.599999905,0,50048,50088,50561,50075,0,50088,STANDBY
1.0399999618530273,-0.959999979,10.300000190734863,-0.100000001,0,0.10000000149011612,1021.0338134765625,21.850000381469727,14.252023696899414,-1.422067404,374004544,1267773184,12.399999618530273,0.005144444,264.8599853515625,8,1,-5.059999943,0.029999999329447746,6.139999866485596,-6.590000153,0,50148,50188,50670,50185,0,50188,STANDBY
1.159999966621399,-0.850000024,10.289999961853027,0,0,0.10000000149011612,1021.1381225585938,21.920000076293945,13.405574798583984,-3.618759632,374004544,1267773184,12.399999618530273,0.005144444,264.8599853515625,8,1,-5.03000021,0.039999999,6.150000095367432,-6.570000172,0,50248,50288,50764,50279,0,50288,STANDBY
1.1200000047683716,-0.899999976,10.289999961853027,0,-0.200000003,-0.100000001,1021.070801,21.87999916,13.95343017578125,-0.562869072,374004608,1267773184,12.399999618530273,0.015433333,264.8599853515625,8,1,-5.059999943,0.029999999329447746,6.130000114440918,-6.550000191,0,50348,50388,50874,50387,0,50388,STANDBY
1.059999942779541,-0.939999998,10.300000190734863,-0.200000003,0,0.30000001192092896,1021.0052490234375,21.84000015258789,14.485706329345703,1.3430474996566772,374004608,1267773184,12.5,0.015433333,264.8599853515625,8,1,-5.050000191,0.029999999329447746,6.150000095367432,-6.539999962,0,50448,50488,50968,50482,0,50488,STANDBY
1.159999966621399,-0.829999983,10.300000190734863,0,0,0.10000000149011612,1020.9403686523438,21.790000915527344,15.010193824768066,2.5379104614257812,374004608,1267773184,12.5,0.015433333,264.8599853515625,8,1,-5.050000191,0.029999999329447746,6.150000095367432,-6.519999981,0,50548,50588,51061,50576,0,50588,STANDBY
1.090000033378601,-0.930000007,10.300000190734863,0,-0.200000003,-0.100000001,1021.056884765625,21.87000084,14.065078735351562,-1.400105476,374004608,1267773184,12.5,0.015433333,264.8599853515625,8,1,-5.090000153,0.019999999552965164,6.130000114440918,-6.5,0,50648,50688,51172,50685,0,50688,STANDBY
1.100000023841858,-0.910000026,10.300000190734863,-0.200000003,0.10000000149011612,0.30000001192092896,1021.161376953125,21.940000534057617,13.218628883361816,-3.604707003,374004608,1267773184,12.5,0.015433333,264.8599853515625,8,1,-5.059999943,0.019999999552965164,6.150000095367432,-6.489999771,0,50748,50788,51265,50780,0,50788,STANDBY
1.159999966621399,-0.850000024,10.289999961853027,0,-0.200000003,0,1021.0839233398438,21.889999389648438,13.84697437286377,-0.296306998,374004608,1267773184,12.5,0.015433333,264.8599853515625,8,1,-5.070000172,0.019999999552965164,6.139999866485596,-6.46999979,0,50848,50888,51359,50874,0,50888,STANDBY
1.059999942779541,-0.959999979,10.31000042,0,-0.100000001,0,1021.0083618164062,21.84000015258789,14.459741592407227,1.7712186574935913,374004608,1267773184,12.5,0.015433333,264.8599853515625,8,1,-5.090000153,0.01,6.139999866485596,-6.460000038,0,50948,50988,51469,50981,0,50988,STANDBY
1.1399999856948853,-0.889999986,10.300000190734863,-0.200000003,0.10000000149011612,0.20000000298023224,1020.9411010742188,21.799999237060547,15.005000114440918,2.8784072399139404,374004608,1267773184,12.5,0.015433333,264.8599853515625,8,1,-5.050000191,0.01,6.170000076293945,-6.449999809,0,51048,51088,51563,51078,0,51088,STANDBY
1.149999976158142,-0.850000024,10.289999961853027,0,-0.200000003,-0.100000001,1021.0552978515625,21.87000084,14.0780611,-1.124024272,374004608,1267773184,12.5,0.015433333,264.8599853515625,8,1,-5.070000172,0.01,6.150000095367432,-6.429999828,0,51148,51188,51673,51187,0,51188,STANDBY
1.0399999618530273,-0.959999979,10.300000190734863,0,0,0.10000000149011612,1021.161376953125,21.940000534057617,13.218628883361816,-3.469558716,374004608,1267773184,12.5,0.015433333,264.8599853515625,8,1,-5.070000172,0.01,6.150000095367432,-6.409999847,0,51248,51288,51767,51281,0,51288,STANDBY
1.159999966621399,-0.829999983,10.300000190734863,0,0,0.10000000149011612,1021.157470703125,21.940000534057617,13.249786376953125,-2.120813608,374004544,1267773184,12.5,0.041155554354190826,264.8599853515625,8,1,-5.039999962,0.019999999552965164,6.170000076293945,-6.389999866,0,51348,51388,51861,51375,0,51388,STANDBY
1.1100000143051147,-0.889999986,10.289999961853027,0,-0.100000001,-0.100000001,1021.0756225585938,21.87999916,13.914483070373535,0.7697087526321411,374004544,1267773184,12.5,0.041155554354190826,264.8599853515625,8,1,-5.059999943,0.01,6.150000095367432,-6.369999886,0,51448,51488,51971,51482,0,51488,STANDBY
1.0800000429153442,-0.939999998,10.300000190734863,0,0,0.10000000149011612,1020.996337890625,21.829999923706055,14.55840778,2.5127694606781006,374004544,1267773184,12.5,0.041155554354190826,264.8599853515625,8,1,-5.050000191,0.01,6.150000095367432,-6.349999905,0,51549,51588,52065,51578,0,51588,STANDBY
1.1299999952316284,-0.860000014,10.289999961853027,-0.100000001,0,0,1021.1048583984375,21.899999618530273,13.675607681274414,-1.216787934,374004544,1267773184,12.5,0.041155554354190826,264.8599853515625,8,1,-5.059999943,0.019999999552965164,6.150000095367432,-6.329999924,0,51649,51688,52158,51673,0,51688,STANDBY
1.1299999952316284,-0.879999995,10.300000190734863,0,0,-0.100000001,1021.2084350585938,21.969999313354492,12.83694839477539,-3.462453842,374004544,1267773184,12.5,0.041155554354190826,264.8599853515625,8,1,-5.059999943,0.019999999552965164,6.150000095367432,-6.309999943,0,51749,51788,52268,51782,0,51788,STANDBY
1.059999942779541,-0.939999998,10.300000190734863,0,0,0.10000000149011612,1021.3071899414062,22.030000686645508,12.034638404846191,-4.783362865,374004544,1267773184,12.5,0.041155554354190826,264.8599853515625,8,1,-5.059999943,0.019999999552965164,6.150000095367432,-6.300000191,0,51849,51888,52362,51876,0,51888,STANDBY
1.1100000143051147,-0.879999995,10.300000190734863,-0.200000003,0.10000000149011612,0.20000000298023224,1021.2100830078125,21.969999313354492,12.821369171142578,-0.543813884,374004544,1267773184,12.5,0.041155554354190826,264.8599853515625,8,1,-5.039999962,0.019999999552965164,6.159999847412109,-6.269999981,0,51949,51988,52471,51983,0,51988,STANDBY
1.1399999856948853,-0.870000005,10.31000042,0.10000000149011612,-0.100000001,0,1021.1209106445312,21.920000076293945,13.545783996582031,1.9700864553451538,374004544,1267773184,12.5,0.041155554354190826,264.8599853515625,8,1,-5.070000172,0.01,6.139999866485596,-6.260000229,0,52049,52088,52566,52079,0,52088,STANDBY
1.0399999618530273,-0.949999988,10.31000042,-0.100000001,0,0.10000000149011612,1021.221435546875,21.979999542236328,12.73049259185791,-1.348077178,374004544,1267773184,12.5,0.041155554354190826,264.8599853515625,8,1,-5.070000172,0,6.139999866485596,-6.25,0,52149,52188,52660,52173,0,52188,STANDBY
1.1399999856948853,-0.860000014,10.300000190734863,-0.200000003,0.10000000149011612,0.20000000298023224,1021.3209228515625,22.049999237060547,11.922990798950195,-3.446775198,374004544,1267773184,12.5,0.041155554354190826,264.8599853515625,8,1,-5.03000021,0.01,6.159999847412109,-6.230000019,0,52249,52288,52769,52283,0,52288,STANDBY
1.1200000047683716,-0.889999986,10.300000190734863,0.10000000149011612,-0.200000003,-0.200000003,1021.4134521484375,22.100000381469727,11.17261028289795,-4.607154369,374004608,1267773184,12.5,0.077166662,264.8599853515625,8,1,-5.059999943,0.01,6.139999866485596,-6.210000038,0,52349,52388,52864,52377,0,52388,STANDBY
1.0299999713897705,-0.970000029,10.300000190734863,-0.100000001,-0.100000001,0.10000000149011612,1021.3135986328125,22.040000915527344,11.982708930969238,-0.356263161,374004608,1267773184,12.399999618530273,0.077166662,264.8599853515625,8,1,-5.050000191,0.01,6.150000095367432,-6.190000057,0,52449,52488,52973,52487,0,52488,STANDBY
1.1699999570846558,-0.829999983,10.289999961853027,-0.100000001,0,0.20000000298023224,1021.219970703125,21.979999542236328,12.74087905883789,2.198136091,374004608,1267773184,12.399999618530273,0.077166662,264.8599853515625,8,1,-5.03000021,0.01,6.170000076293945,-6.170000076,0,52549,52588,53066,52581,0,52588,STANDBY
1.0700000524520874,-0.920000017,10.300000190734863,0.10000000149011612,-0.100000001,-0.100000001,1021.3175659179688,22.040000915527344,11.95155143737793,-1.119041324,374004608,1267773184,12.399999618530273,0.077166662,264.8599853515625,8,1,-5.070000172,0.01,6.139999866485596,-6.150000095,0,52649,52688,53160,52674,0,52688,STANDBY
1.0399999618530273,-0.970000029,10.300000190734863,-0.100000001,0,0.10000000149011612,1021.4134521484375,22.100000381469727,11.17261028289795,-3.20879817,374004608,1267773184,12.399999618530273,0.077166662,264.8599853515625,8,1,-5.070000172,0.01,6.139999866485596,-6.130000114,0,52749,52788,53270,52784,0,52788,STANDBY
1.190000057220459,-0.829999983,10.289999961853027,-0.200000003,0,0,1021.4999389648438,22.15999984741211,10.471563339233398,-4.296981335,374004608,1267773184,12.399999618530273,0.077166662,264.8599853515625,8,1,-5.059999943,0.019999999552965164,6.150000095367432,-6.099999905,0,52849,52888,53364,52878,0,52888,STANDBY
1.0800000429153442,-0.930000007,10.289999961853027,0.10000000149011612,-0.200000003,-0.100000001,1021.3923950195312,22.09000015258789,11.343977928161621,0.041658591479063034,374004608,1267773184,12.399999618530273,0.077166662,264.8599853515625,8,1,-5.090000153,0.01,6.119999885559082,-6.090000153,0,52950,52988,53474,52987,0,52988,STANDBY
1.0700000524520874,-0.930000007,10.300000190734863,-0.200000003,0.10000000149011612,0.30000001192092896,1021.296875,22.030000686645508,12.117725372314453,2.5026533603668213,374004608,1267773184,12.399999618530273,0.077166662,264.8599853515625,8,1,-5.050000191,0.01,6.150000095367432,-6.070000172,0,53050,53088,53568,53082,0,53088,STANDBY
1.190000057220459,-0.819999993,10.289999961853027,0,-0.100000001,-0.200000003,1021.3848266601562,22.079999923706055,11.403696060180664,-0.68319571,374004608,1267773184,12.399999618530273,0.077166662,264.8599853515625,8,1,-5.050000191,0.019999999552965164,6.150000095367432,-6.050000191,0,53150,53188,53661,53176,0,53188,STANDBY
1.0199999809265137,-1,10.300000190734863,0.10000000149011612,-0.200000003,-0.100000001,1021.4766235351562,22.139999389648438,10.658509254455566,-2.821842909,374004608,1267773184,12.399999618530273,0.077166662,264.8599853515625,8,1,-5.079999924,0,6.130000114440918,-6.039999962,0,53250,53288,53771,53284,0,53288,STANDBY
1.149999976158142,-0.860000014,10.289999961853027,-0.200000003,0.10000000149011612,0.30000001192092896,1021.5588989257812,22.200000762939453,9.991216659545898,-3.941315889,374004608,1267773312,12.399999618530273,0.3755444288253784,26.43000030517578,8,1,-5.03000021,0.01,6.170000076293945,-6.019999981,0,53350,53388,53865,53379,0,53388,STANDBY
1.1299999952316284,-0.870000005,10.279999732971191,0.10000000149011612,-0.400000006,-0.100000001,1021.4529418945312,22.12999916,10.850647926330566,0.22773781418800354,374004608,1267773312,11.899999618530273,0.3755444288253784,26.43000030517578,8,1,-5.059999943,0.01,6.139999866485596,-6.010000229,0,53450,53488,53958,53473,0,53488,STANDBY
1.0099999904632568,-1,10.31000042,0,0,0,1021.351074,22.059999465942383,11.678922653198242,2.796231269836426,374004608,1267773312,11.899999618530273,0.3755444288253784,26.43000030517578,8,1,-5.059999943,0.01,6.139999866485596,-6,0,53550,53588,54068,53582,0,53588,STANDBY
1.1799999475479126,-0.829999983,10.289999961853027,-0.200000003,0,0.20000000298023224,1021.4373168945312,22.12000084,10.977875709533691,-0.453762263,374004608,1267773312,11.899999618530273,0.3755444288253784,26.43000030517578,8,1,-5.039999962,0.019999999552965164,6.170000076293945,-5.96999979,0,53650,53688,54162,53677,0,53688,STANDBY
1.1299999952316284,-0.870000005,10.289999961853027,0.10000000149011612,-0.200000003,-0.200000003,1021.5252075195312,22.18000030517578,10.26644229888916,-2.566994905,374004608,1267773312,11.899999618530273,0.3755444288253784,26.43000030517578,8,1,-5.039999962,0.01,6.139999866485596,-5.960000038,0,53750,53788,54272,53786,0,53788,STANDBY
1.0399999618530273,-0.970000029,10.289999961853027,-0.200000003,0,0.10000000149011612,1021.6077880859375,22.229999542236328,9.596553802490234,-3.786520004,374004608,1267773312,11.899999618530273,0.3755444288253784,26.43000030517578,8,1,-5.019999981,0.01,6.159999847412109,-5.940000057,0,53850,53888,54366,53879,0,53888,STANDBY
1.149999976158142,-0.839999974,10.289999961853027,-0.200000003,0,0.10000000149011612,1021.4935913085938,22.149999618530273,10.520896911621094,0.5345250964164734,374004608,1267773312,11.899999618530273,0.3755444288253784,26.43000030517578,8,1,-5.010000229,0.019999999552965164,6.159999847412109,-5.920000076,0,53950,53992,54475,53987,0,53992,STANDBY
1.090000033378601,-0.920000017,10.289999961853027,0.10000000149011612,-0.200000003,-0.100000001,1021.3881225585938,22.079999923706055,11.377732276916504,3.0839693546295166,374004608,1267773312,11.899999618530273,0.3755444288253784,26.43000030517578,8,1,-5.039999962,0.01,6.139999866485596,-5.909999847,0,54050,54092,54569,54083,0,54092,STANDBY
1.0700000524520874,-0.939999998,10.300000190734863,-0.200000003,0.10000000149011612,0.20000000298023224,1021.474365234375,22.139999389648438,10.676685333251953,-0.269609839,374004608,1267773312,11.899999618530273,0.3755444288253784,26.43000030517578,8,1,-5.010000229,0.01,6.159999847412109,-5.900000095,0,54150,54192,54663,54177,0,54192,STANDBY
1.149999976158142,-0.850000024,10.289999961853027,0,0,0,1021.5615844726562,22.200000762939453,9.970444679260254,-2.43252039,374004608,1267773312,11.899999618530273,0.3755444288253784,26.43000030517578,8,1,-5.010000229,0.01,6.150000095367432,-5.869999886,0,54250,54292,54772,54287,0,54292,STANDBY
1.090000033378601,-0.920000017,10.300000190734863,0,0,-0.100000001,1021.6417236328125,22.25,9.318731307983398,-3.642295837,374004608,1267773312,11.899999618530273,0.3343888819217682,62.74000168,8,1,-5.010000229,0.01,6.130000114440918,-5.860000134,0,54350,54392,54866,54380,0,54392,STANDBY
1.0700000524520874,-0.939999998,10.289999961853027,-0.200000003,0,0.10000000149011612,1021.528564453125,22.18000030517578,10.237881660461426,0.6102117896080017,374004608,1267773312,11.399999618530273,0.3343888819217682,62.74000168,8,1,-5,0.01,6.150000095367432,-5.849999905,0,54450,54492,54976,54490,0,54492,STANDBY
1.149999976158142,-0.839999974,10.300000190734863,0,0,0.10000000149011612,1021.420654296875,22.110000610351562,11.112892150878906,3.1905691623687744,374004608,1267773312,11.399999618530273,0.3343888819217682,62.74000168,8,1,-5,0.01,6.150000095367432,-5.829999924,0,54550,54592,55070,54584,0,54592,STANDBY
1.0700000524520874,-0.930000007,10.300000190734863,0,0,-0.100000001,1021.5046997070312,22.15999984741211,10.432616233825684,-0.1349186,374004608,1267773312,11.399999618530273,0.3343888819217682,62.74000168,8,1,-5.010000229,0,6.130000114440918,-5.820000172,0,54650,54692,55164,54678,0,54692,STANDBY
1.0800000429153442,-0.930000007,10.300000190734863,-0.100000001,0,0.10000000149011612,1021.5848999023438,22.219999313354492,9.780902862548828,-2.171830893,374004608,1267773312,11.399999618530273,0.3343888819217682,62.74000168,8,1,-5,0,6.150000095367432,-5.800000191,0,54750,54792,55274,54788,0,54792,STANDBY
1.159999966621399,-0.860000014,10.289999961853027,0,0,0,1021.6604614257812,22.270000457763672,9.168135643005371,-3.350826979,374004608,1267773312,11.399999618530273,0.3343888819217682,62.74000168,8,1,-5,0.01,6.150000095367432,-5.78000021,0,54850,54892,55367,54882,0,54892,STANDBY
1.059999942779541,-0.930000007,10.300000190734863,0,-0.100000001,-0.100000001,1021.5446166992188,22.190000534057617,10.108057975769043,0.8632221221923828,374004608,1267773312,11.399999618530273,0.3343888819217682,62.74000168,8,1,-5.019999981,0,6.139999866485596,-5.769999981,0,54950,54992,55477,54991,0,54992,STANDBY
1.1100000143051147,-0.899999976,10.31000042,-0.200000003,0,0.10000000149011612,1021.4351806640625,22.12000084,10.996050834655762,3.3940391540527344,374004608,1267773312,11.399999618530273,0.3343888819217682,62.74000168,8,1,-4.96999979,0,6.159999847412109,-5.760000229,0,55050,55092,55571,55085,0,55092,STANDBY
1.149999976158142,-0.870000005,10.300000190734863,0,-0.100000001,0,1021.5193481445312,22.18000030517578,10.313179016113281,-0.013004685,374004608,1267773312,11.399999618530273,0.3343888819217682,62.74000168,8,1,-4.980000019,0,6.150000095367432,-5.75,0,55150,55192,55665,55179,0,55192,STANDBY
1.059999942779541,-0.939999998,10.289999961853027,0,-0.200000003,0,1021.5970458984375,22.229999542236328,9.682236671447754,-2.027338505,374004608,1267773312,11.399999618530273,0.3343888819217682,62.74000168,8,1,-4.96999979,0,6.150000095367432,-5.739999771,0,55250,55292,55775,55289,0,55292,STANDBY
1.1100000143051147,-0.889999986,10.300000190734863,-0.100000001,0,0.10000000149011612,1021.675537109375,22.280000686645508,9.046101570129395,-3.333129168,374004608,1267773312,11.399999618530273,0.11317776888608932,62.74000168,8,1,-4.940000057,0,6.170000076293945,-5.71999979,0,55350,55392,55869,55384,0,55392,STANDBY
1.1399999856948853,-0.870000005,10.300000190734863,0.10000000149011612,-0.100000001,-0.100000001,1021.5596923828125,22.200000762939453,9.986023902893066,0.8745487332344055,374004608,1267773312,11.5,0.11317776888608932,62.74000168,8,1,-4.960000038,0,6.170000076293945,-5.699999809,0,55450,55492,55963,55478,0,55492,STANDBY
1.0700000524520874,-0.949999988,10.300000190734863,0,-0.100000001,0,1021.4522094726562,22.12999916,10.858437538146973,3.3514347076416016,374004608,1267773312,11.5,0.11317776888608932,62.74000168,8,1,-5,0,6.159999847412109,-5.690000057,0,55550,55592,56074,55587,0,55592,STANDBY
1.1200000047683716,-0.879999995,10.300000190734863,-0.200000003,0.10000000149011612,0.10000000149011612,1021.532470703125,22.190000534057617,10.206724166870117,0.059435464441776276,374004608,1267773312,11.5,0.11317776888608932,62.74000168,8,1,-4.960000038,0,6.170000076293945,-5.670000076,0,55650,55692,56167,55682,0,55692,STANDBY
1.159999966621399,-0.850000024,10.300000190734863,0,-0.100000001,-0.100000001,1021.615723,22.239999771118164,9.531641960144043,-2.122224569,374004608,1267773312,11.5,0.11317776888608932,62.74000168,8,1,-4.989999771,0.01,6.170000076293945,-5.639999866,0,55750,55792,56278,55791,0,55792,STANDBY
1.0499999523162842,-0.949999988,10.300000190734863,0,0,0.10000000149011612,1021.6885986328125,22.290000915527344,8.939646721,-3.252608538,374004608,1267773312,11.5,0.11317776888608932,62.74000168,8,1,-4.989999771,0,6.170000076293945,-5.639999866,0,55851,55892,56372,55885,0,55892,STANDBY
1.149999976158142,-0.870000005,10.289999961853027,-0.200000003,0,0.10000000149011612,1021.5711059570312,22.209999084472656,9.892550468444824,0.9676225781440735,374004608,1267773312,11.5,0.11317776888608932,62.74000168,8,1,-4.96999979,0,6.190000057220459,-5.619999886,0,55951,55992,56466,55980,0,55992,STANDBY
1.149999976158142,-0.860000014,10.300000190734863,0,-0.200000003,-0.100000001,1021.4579467773438,22.139999389648438,10.811701774597168,3.5605626106262207,374004608,1267773312,11.5,0.11317776888608932,62.74000168,8,1,-4.989999771,0,6.170000076293945,-5.599999905,0,56051,56092,56576,56089,0,56092,STANDBY
1.0499999523162842,-0.939999998,10.300000190734863,-0.100000001,0,0.10000000149011612,1021.5418701171875,22.200000762939453,10.128829956054688,0.093570329,374004608,1267773312,11.5,0.11317776888608932,62.74000168,8,1,-5,-0.01,6.179999828338623,-5.590000153,0,56151,56192,56670,56184,0,56192,STANDBY
1.159999966621399,-0.839999974,10.300000190734863,-0.100000001,0,0.10000000149011612,1021.617919921875,22.25,9.513465881347656,-1.909280062,374004608,1267773312,11.5,0.11317776888608932,62.74000168,8,1,-4.96999979,0,6.190000057220459,-5.570000172,0,56251,56292,56764,56279,0,56292,STANDBY
1.1299999952316284,-0.879999995,10.300000190734863,0.10000000149011612,-0.200000003,-0.100000001,1021.6934204101562,22.299999237060547,8.900699615478516,-3.182791471,374004608,1267773312,11.5,0.41669997572898865,134.00999450683594,8,1,-4.989999771,0,6.179999828338623,-5.550000191,0,56351,56392,56875,56388,0,56392,STANDBY
1.0499999523162842,-0.939999998,10.300000190734863,-0.100000001,0,0.10000000149011612,1021.5752563476562,22.219999313354492,9.858797073364258,1.0289252996444702,374004608,1267773312,11.100000381469727,0.41669997572898865,134.00999450683594,8,1,-4.980000019,0,6.179999828338623,-5.539999962,0,56451,56492,56969,56482,0,56492,STANDBY
1.1699999570846558,-0.829999983,10.289999961853027,0,0,0.10000000149011612,1021.4634399414062,22.149999618530273,10.767560958862305,3.566556692123413,374004608,1267773312,11.100000381469727,0.41669997572898865,134.00999450683594,8,1,-4.96999979,0,6.190000057220459,-5.519999981,0,56551,56592,57063,56577,0,56592,STANDBY
1.0800000429153442,-0.920000017,10.300000190734863,0.10000000149011612,-0.200000003,-0.100000001,1021.5449829101562,22.200000762939453,10.105461120605469,0.16387692093849182,374004608,1267773312,11.100000381469727,0.41669997572898865,134.00999450683594,8,1,-4.989999771,-0.01,6.159999847412109,-5.519999981,0,56651,56692,57172,56687,0,56692,STANDBY
1.090000033378601,-0.910000026,10.300000190734863,-0.200000003,0,0.30000001192092896,1021.6229858398438,22.25,9.471922874450684,-1.922441125,374004608,1267773312,11.100000381469727,0.41669997572898865,134.00999450683594,8,1,-4.96999979,-0.01,6.190000057220459,-5.5,0,56751,56792,57267,56781,0,56792,STANDBY
1.1799999475479126,-0.829999983,10.289999961853027,-0.100000001,0,0,1021.6981201171875,22.299999237060547,8.86175251,-3.182907581,374004608,1267773312,11.100000381469727,0.41669997572898865,134.00999450683594,8,1,-4.96999979,0,6.190000057220459,-5.480000019,0,56851,56892,57377,56891,0,56892,STANDBY
1.0700000524520874,-0.939999998,10.289999961853027,0,-0.100000001,-0.100000001,1021.5798950195312,22.229999542236328,9.822445869,1.0371578931808472,374004608,1267773312,11.100000381469727,0.41669997572898865,134.00999450683594,8,1,-4.980000019,-0.01,6.170000076293945,-5.46999979,0,56951,56992,57472,56986,0,56992,STANDBY
1.1100000143051147,-0.889999986,10.289999961853027,-0.200000003,0.10000000149011612,0.20000000298023224,1021.466797,22.149999618530273,10.73900032043457,3.596755266189575,374004608,1267773312,11.100000381469727,0.41669997572898865,134.00999450683594,8,1,-4.96999979,-0.01,6.179999828338623,-5.449999809,0,57051,57092,57567,57080,0,57092,STANDBY
1.149999976158142,-0.839999974,10.300000190734863,0,-0.100000001,0.10000000149011612,1021.5466918945312,22.209999084472656,10.089882850646973,0.2247474640607834,374004608,1267773312,11.100000381469727,0.41669997572898865,134.00999450683594,8,1,-4.96999979,0,6.179999828338623,-5.429999828,0,57151,57192,57676,57190,0,57192,STANDBY
1.059999942779541,-0.949999988,10.300000190734863,0,-0.100000001,0,1021.6226806640625,22.260000228881836,9.474519729614258,-1.825323701,374004608,1267773312,11.100000381469727,0.41669997572898865,134.00999450683594,8,1,-4.96999979,-0.01,6.159999847412109,-5.429999828,0,57251,57292,57771,57285,0,57292,STANDBY
1.1299999952316284,-0.870000005,10.289999961853027,-0.200000003,0.10000000149011612,0.20000000298023224,1021.6983032226562,22.309999465942383,8.86175251,-3.090614319,374004608,1267773312,11.100000381469727,0.066877775,134.00999450683594,8,1,-4.940000057,-0.01,6.190000057220459,-5.420000076,0,57352,57392,57866,57379,0,57392,STANDBY
1.149999976158142,-0.860000014,10.300000190734863,0,-0.100000001,0,1021.5784301757812,22.229999542236328,9.832832336425781,1.1294622421264648,374004608,1267773312,11,0.066877775,134.00999450683594,8,1,-4.960000038,-0.01,6.170000076293945,-5.400000095,0,57452,57492,57975,57487,0,57492,STANDBY
1.059999942779541,-0.949999988,10.300000190734863,0,0,0,1021.4679565429688,22.15999984741211,10.731210708618164,3.5976665019989014,374004608,1267773312,11,0.066877775,134.00999450683594,8,1,-4.949999809,-0.01,6.170000076293945,-5.389999866,0,57552,57592,58070,57584,0,57592,STANDBY
1.1399999856948853,-0.860000014,10.31000042,-0.100000001,0,0.10000000149011612,1021.5482177734375,22.209999084472656,10.079496383666992,0.21702079474925995,374004608,1267773312,11,0.066877775,134.00999450683594,8,1,-4.940000057,0,6.190000057220459,-5.360000134,0,57652,57692,58165,57678,0,57692,STANDBY
1.149999976158142,-0.870000005,10.300000190734863,0,-0.200000003,-0.100000001,1021.6260986328125,22.270000457763672,9.445958137512207,-1.888429046,374004608,1267773312,11,0.066877775,134.00999450683594,8,1,-4.940000057,0,6.179999828338623,-5.349999905,0,57752,57792,58274,57789,0,57792,STANDBY
1.0499999523162842,-0.949999988,10.31000042,-0.100000001,0,0.10000000149011612,1021.694091796875,22.309999465942383,8.895506858825684,-2.970038652,374004608,1267773312,11,0.066877775,134.00999450683594,8,1,-4.949999809,-0.01,6.179999828338623,-5.340000153,0,57852,57892,58370,57883,0,57892,STANDBY
1.159999966621399,-0.860000014,10.300000190734863,-0.100000001,0,0,1021.5756225585938,22.229999542236328,9.856200218200684,1.1733940839767456,374004608,1267773312,11,0.066877775,134.00999450683594,8,1,-4.940000057,0,6.199999809265137,-5.320000172,0,57952,57992,58464,57977,0,57992,STANDBY
1.1200000047683716,-0.889999986,10.300000190734863,0,-0.200000003,-0.100000001,1021.4637451171875,22.15999984741211,10.764965057373047,3.659019947052002,374004608,1267773312,11,0.066877775,134.00999450683594,8,1,-4.949999809,0,6.179999828338623,-5.309999943,0,58052,58092,58573,58088,0,58092,STANDBY
1.059999942779541,-0.959999979,10.300000190734863,-0.200000003,0,0.10000000149011612,1021.5466918945312,22.219999313354492,10.089882850646973,0.18150977790355682,374004608,1267773312,11,0.066877775,134.00999450683594,8,1,-4.949999809,-0.01,6.190000057220459,-5.300000191,0,58152,58192,58668,58182,0,58192,STANDBY
1.149999976158142,-0.850000024,10.300000190734863,-0.200000003,0,0.10000000149011612,1021.6203002929688,22.270000457763672,9.495290756225586,-1.786528468,374004608,1267773312,11,0.066877775,134.00999450683594,8,1,-4.940000057,0,6.190000057220459,-5.269999981,0,58252,58292,58778,58292,0,58292,STANDBY
1.090000033378601,-0.920000017,10.300000190734863,0.10000000149011612,-0.200000003,-0.100000001,1021.693603515625,22.31999969482422,8.898102760314941,-3.05437994,374004544,1267773312,11,0.10803332179784775,134.00999450683594,8,1,-4.96999979,0,6.159999847412109,-5.269999981,0,58352,58392,58872,58386,0,58392,STANDBY
1.0800000429153442,-0.939999998,10.289999961853027,-0.100000001,0.10000000149011612,0.20000000298023224,1021.5753784179688,22.239999771118164,9.858797073364258,1.1194185018539429,374004544,1267773312,10.800000190734863,0.10803332179784775,134.00999450683594,8,1,-4.940000057,-0.01,6.179999828338623,-5.260000229,0,58452,58492,58967,58480,0,58492,STANDBY
1.1699999570846558,-0.850000024,10.289999961853027,-0.100000001,0,0.10000000149011612,1021.458251953125,22.15999984741211,10.809104919433594,3.757413148880005,374004544,1267773312,10.800000190734863,0.10803332179784775,134.00999450683594,8,1,-4.920000076,0,6.190000057220459,-5.25,0,58552,58592,59077,58591,0,58592,STANDBY
1.0800000429153442,-0.930000007,10.31000042,0,-0.200000003,-0.100000001,1021.54248,22.219999313354492,10.126233100891113,0.21955470740795135,374004544,1267773312,10.800000190734863,0.10803332179784775,134.00999450683594,8,1,-4.940000057,-0.01,6.170000076293945,-5.239999771,0,58652,58692,59171,58686,0,58692,STANDBY
1.090000033378601,-0.910000026,10.300000190734863,-0.200000003,0.10000000149011612,0.20000000298023224,1021.6160888671875,22.270000457763672,9.529045104980469,-1.770486712,374004544,1267773312,10.800000190734863,0.10803332179784775,134.00999450683594,8,1,-4.909999847,-0.01,6.190000057220459,-5.230000019,0,58752,58792,59266,58780,0,58792,STANDBY
1.159999966621399,-0.850000024,10.300000190734863,0,0,0.10000000149011612,1021.691406,22.31999969482422,8.916277885437012,-3.093966722,374004544,1267773312,10.800000190734863,0.10803332179784775,134.00999450683594,8,1,-4.909999847,-0.01,6.179999828338623,-5.210000038,0,58852,58892,59376,58890,0,58892,STANDBY
1.0700000524520874,-0.949999988,10.300000190734863,0,-0.100000001,0,1021.571533203125,22.239999771118164,9.889954566955566,1.1356266736984253,374004544,1267773312,10.800000190734863,0.10803332179784775,134.00999450683594,8,1,-4.920000076,-0.01,6.170000076293945,-5.210000038,0,58952,58993,59470,58984,0,58993,STANDBY
1.1200000047683716,-0.889999986,10.300000190734863,-0.100000001,0,0.20000000298023224,1021.4564208984375,22.170000076293945,10.824684143066406,3.717935562133789,374004544,1267773312,10.800000190734863,0.10803332179784775,134.00999450683594,8,1,-4.909999847,-0.01,6.190000057220459,-5.190000057,0,59052,59094,59565,59079,0,59094,STANDBY
1.1399999856948853,-0.860000014,10.300000190734863,-0.100000001,-0.100000001,0.10000000149011612,1021.5382690429688,22.219999313354492,10.159987449645996,0.2524494230747223,374004544,1267773312,10.800000190734863,0.10803332179784775,134.00999450683594,8,1,-4.920000076,-0.01,6.179999828338623,-5.179999828,0,59152,59194,59675,59190,0,59194,STANDBY
1.059999942779541,-0.939999998,10.31000042,0,-0.100000001,0.10000000149011612,1021.615966796875,22.280000686645508,9.529045104980469,-1.857447863,374004544,1267773312,10.800000190734863,0.10803332179784775,134.00999450683594,8,1,-4.929999828,-0.02,6.170000076293945,-5.170000076,0,59252,59294,59769,59283,0,59294,STANDBY
1.1200000047683716,-0.870000005,10.300000190734863,-0.200000003,0,0.20000000298023224,1021.6871948242188,22.31999969482422,8.950032234191895,-3.041607857,374004608,1267773312,10.800000190734863,0.2417888641357422,134.00999450683594,8,1,-4.909999847,-0.02,6.190000057220459,-5.159999847,0,59352,59394,59865,59378,0,59394,STANDBY
1.149999976158142,-0.870000005,10.300000190734863,0.10000000149011612,-0.200000003,-0.100000001,1021.5689697265625,22.239999771118164,9.910726547241211,1.127592683,374004608,1267773312,10.600000381469727,0.2417888641357422,134.00999450683594,8,1,-4.920000076,-0.02,6.179999828338623,-5.150000095,0,59452,59494,59974,59488,0,59494,STANDBY
1.059999942779541,-0.930000007,10.31000042,-0.100000001,0,0.10000000149011612,1021.4554443359375,22.170000076293945,10.832472801208496,3.6712474822998047,374004608,1267773312,10.600000381469727,0.2417888641357422,134.00999450683594,8,1,-4.909999847,-0.029999999,6.179999828338623,-5.150000095,0,59552,59594,60069,59583,0,59594,STANDBY
1.1299999952316284,-0.879999995,10.300000190734863,-0.100000001,0,0.10000000149011612,1021.5357666015625,22.229999542236328,10.18075942993164,0.26411572098731995,374004608,1267773312,10.600000381469727,0.2417888641357422,134.00999450683594,8,1,-4.880000114,-0.029999999,6.190000057220459,-5.130000114,0,59652,59694,60179,59694,0,59694,STANDBY
1.1299999952316284,-0.889999986,10.300000190734863,0,-0.100000001,0,1021.6134643554688,22.280000686645508,9.549817085266113,-1.849981546,374004608,1267773312,10.600000381469727,0.2417888641357422,134.00999450683594,8,1,-4.900000095,-0.029999999,6.170000076293945,-5.119999886,0,59752,59794,60274,59788,0,59794,STANDBY
1.059999942779541,-0.959999979,10.300000190734863,0,0,0.10000000149011612,1021.6829833984375,22.31999969482422,8.986382484436035,-2.986979008,374004608,1267773312,10.600000381469727,0.2417888641357422,134.00999450683594,8,1,-4.900000095,-0.029999999,6.170000076293945,-5.119999886,0,59852,59894,60368,59882,0,59894,STANDBY
1.149999976158142,-0.860000014,10.300000190734863,-0.100000001,0,0.20000000298023224,1021.5615844726562,22.25,9.970444679260254,1.2373323440551758,374004608,1267773312,10.600000381469727,0.2417888641357422,134.00999450683594,8,1,-4.889999866,-0.029999999,6.179999828338623,-5.099999905,0,59952,59994,60478,59988,0,59994,STANDBY
1.100000023841858,-0.899999976,10.300000190734863,0,-0.100000001,-0.100000001,1021.5342407226562,22.229999542236328,10.191144943237305,0.449160099,374004608,1267773312,10.600000381469727,0.2417888641357422,134.00999450683594,8,1,-4.929999828,-0.029999999,6.159999847412109,-5.090000153,0,60062,60094,60573,60087,0,60094,STANDBY
1.0700000524520874,-0.939999998,10.289999961853027,-0.200000003,0.10000000149011612,0.10000000149011612,1021.6074829101562,22.280000686645508,9.599149703979492,-2.080518484,374004608,1267773312,10.600000381469727,0.2417888641357422,134.00999450683594,8,1,-4.909999847,-0.029999999,6.170000076293945,-5.079999924,0,60162,60194,60667,60181,0,60194,STANDBY
1.1699999570846558,-0.839999974,10.289999961853027,-0.100000001,0,0.10000000149011612,1021.6771850585938,22.329999923706055,9.033119201660156,-3.595654011,374004608,1267773312,10.600000381469727,0.2417888641357422,134.00999450683594,8,1,-4.909999847,-0.029999999,6.179999828338623,-5.059999943,0,60262,60294,60777,60292,0,60294,STANDBY
1.0800000429153442,-0.920000017,10.289999961853027,0,-0.200000003,-0.100000001,1021.5616455078125,22.25,9.970444679260254,1.4480831623077393,374004640,1267773312,10.600000381469727,0.5658888816833496,27.729999542236328,8,1,-4.940000057,-0.029999999,6.159999847412109,-5.050000191,0,60362,60394,60872,60386,0,60394,STANDBY
1.0800000429153442,-0.930000007,10.300000190734863,-0.200000003,0,0.20000000298023224,1021.4498291015625,22.18000030517578,10.876612663269043,4.551445007324219,374004640,1267773312,10.600000381469727,0.5658888816833496,27.729999542236328,8,1,-4.909999847,-0.029999999,6.179999828338623,-5.039999962,0,60462,60494,60966,60480,0,60494,STANDBY
1.149999976158142,-0.860000014,10.289999961853027,-0.100000001,0,0.10000000149011612,1021.5298461914062,22.229999542236328,10.227495193481445,0.3164548873901367,374004640,1267773312,10.600000381469727,0.5658888816833496,27.729999542236328,8,1,-4.920000076,-0.029999999,6.170000076293945,-5.03000021,0,60562,60594,61077,60591,0,60594,STANDBY
1.0700000524520874,-0.939999998,10.300000190734863,0,-0.100000001,-0.100000001,1021.609375,22.290000915527344,9.583571434020996,-2.017895699,374004640,1267773312,10.600000381469727,0.5658888816833496,27.729999542236328,8,1,-4.949999809,-0.039999999,6.150000095367432,-5.019999981,0,60670,60694,61171,60685,0,60694,STANDBY
1.100000023841858,-0.899999976,10.300000190734863,-0.200000003,0.10000000149011612,0.20000000298023224,1021.6805419921875,22.329999923706055,9.004558563232422,-3.607504845,374004640,1267773312,10.600000381469727,0.5658888816833496,27.729999542236328,8,1,-4.920000076,-0.029999999,6.159999847412109,-5.010000229,0,60770,60794,61265,60779,0,60794,STANDBY
1.159999966621399,-0.839999974,10.300000190734863,0,-0.100000001,0.10000000149011612,1021.559082,22.25,9.991216659545898,1.637829065322876,374004640,1267773312,10.600000381469727,0.5658888816833496,27.729999542236328,8,1,-4.909999847,-0.029999999,6.159999847412109,-5,0,60870,60894,61375,60890,0,60894,STANDBY
1.059999942779541,-0.949999988,10.289999961853027,0,0,0,1021.4505615234375,22.18000030517578,10.871419906616211,4.499988555908203,374004640,1267773312,10.600000381469727,0.5658888816833496,27.729999542236328,8,1,-4.900000095,-0.039999999,6.150000095367432,-5,0,60971,60994,61470,60984,0,60994,STANDBY
1.1100000143051147,-0.910000026,10.289999961853027,-0.200000003,0.10000000149011612,0.30000001192092896,1021.5361938476562,22.239999771118164,10.175565719604492,0.096575975,374004640,1267773312,10.600000381469727,0.5658888816833496,27.729999542236328,8,1,-4.880000114,-0.039999999,6.170000076293945,-4.989999771,0,61071,61094,61580,61093,0,61094,STANDBY
1.1200000047683716,-0.870000005,10.300000190734863,0,-0.100000001,-0.100000001,1021.6116943359375,22.290000915527344,9.562799453735352,-2.389256477,374004640,1267773312,10.600000381469727,0.5658888816833496,27.729999542236328,8,1,-4.889999866,-0.039999999,6.159999847412109,-4.989999771,0,61171,61194,61674,61188,0,61194,STANDBY
1.059999942779541,-0.959999979,10.300000190734863,-0.100000001,0,0.10000000149011612,1021.6812744140625,22.329999923706055,8.999364852905273,-3.782862663,374004640,1267773312,10.600000381469727,0.5658888816833496,27.729999542236328,8,1,-4.880000114,-0.050000001,6.150000095367432,-4.980000019,0,61271,61294,61768,61282,0,61294,STANDBY
1.1200000047683716,-0.879999995,10.289999961853027,0,0,0.10000000149011612,1021.5631103515625,22.260000228881836,9.957462310791016,1.4113576412200928,374004672,1267773312,10.600000381469727,0.046299997717142105,27.729999542236328,8,1,-4.880000114,-0.039999999,6.159999847412109,-4.96999979,0,61371,61394,61879,61392,0,61394,STANDBY
1.1200000047683716,-0.889999986,10.300000190734863,0,0,-0.100000001,1021.449707,22.190000534057617,10.879209518432617,4.590257645,374004672,1267773312,10.600000381469727,0.046299997717142105,27.729999542236328,8,1,-4.909999847,-0.039999999,6.150000095367432,-4.949999809,0,61471,61494,61973,61487,0,61494,STANDBY
1.0800000429153442,-0.930000007,10.300000190734863,0,0,0.10000000149011612,1021.53125,22.239999771118164,10.217109680175781,0.2893655300140381,374004672,1267773312,10.600000381469727,0.046299997717142105,27.729999542236328,8,1,-4.909999847,-0.050000001,6.150000095367432,-4.940000057,0,61571,61594,62067,61582,0,61594,STANDBY
1.1299999952316284,-0.879999995,10.289999961853027,-0.100000001,0,0.10000000149011612,1021.609130859375,22.290000915527344,9.583571434020996,-2.299269676,374004672,1267773312,10.600000381469727,0.046299997717142105,27.729999542236328,8,1,-4.900000095,-0.039999999,6.159999847412109,-4.929999828,0,61672,61694,62178,61691,0,61694,STANDBY
1.090000033378601,-0.899999976,10.300000190734863,0,0,0,1021.680419921875,22.34000015258789,9.007154465,-3.777200699,374004672,1267773312,10.600000381469727,0.046299997717142105,27.729999542236328,8,1,-4.909999847,-0.039999999,6.139999866485596,-4.920000076,0,61772,61794,62272,61787,0,61794,STANDBY
1.090000033378601,-0.899999976,10.300000190734863,0,0,0.10000000149011612,1021.560547,22.260000228881836,9.978234291,1.4669106006622314,374004672,1267773312,10.600000381469727,0.046299997717142105,27.729999542236328,8,1,-4.889999866,-0.039999999,6.150000095367432,-4.909999847,0,61872,61894,62366,61880,0,61894,STANDBY
1.1299999952316284,-0.889999986,10.300000190734863,0,0,0.10000000149011612,1021.4473266601562,22.190000534057617,10.897384643554688,4.615424156188965,374004672,1267773312,10.600000381469727,0.046299997717142105,27.729999542236328,8,1,-4.900000095,-0.039999999,6.150000095367432,-4.900000095,0,61972,61995,62477,61989,0,61995,STANDBY
1.100000023841858,-0.899999976,10.300000190734863,0,0,0,1021.527344,22.239999771118164,10.24826717376709,0.35740160942077637,374004672,1267773312,10.600000381469727,0.046299997717142105,27.729999542236328,8,1,-4.889999866,-0.039999999,6.150000095367432,-4.889999866,0,62072,62095,62571,62085,0,62095,STANDBY
1.100000023841858,-0.899999976,10.300000190734863,-0.100000001,0,0.10000000149011612,1021.6009521484375,22.290000915527344,9.651079177856445,-2.160014868,374004672,1267773312,10.600000381469727,0.046299997717142105,27.729999542236328,8,1,-4.880000114,-0.039999999,6.150000095367432,-4.880000114,0,62173,62195,62666,62180,0,62195,STANDBY
1.1200000047683716,-0.889999986,10.300000190734863,-0.100000001,0,0.10000000149011612,1021.674560546875,22.34000015258789,9.053891182,-3.771161556,374004672,1267773312,10.600000381469727,0.046299997717142105,27.729999542236328,8,1,-4.889999866,-0.039999999,6.150000095367432,-4.869999886,0,62273,62295,62776,62290,0,62295,STANDBY
1.0800000429153442,-0.910000026,10.300000190734863,0,0,0,1021.5523681640625,22.260000228881836,10.045742988586426,1.553863763809204,374004672,1267773312,10.600000381469727,0.2675110995769501,19.530000686645508,8,1,-4.909999847,-0.050000001,6.139999866485596,-4.869999886,0,62373,62395,62871,62385,0,62395,STANDBY
1.090000033378601,-0.910000026,10.300000190734863,-0.100000001,0,0,1021.4375610351562,22.190000534057617,10.975278854370117,4.712616443634033,374004672,1267773312,11,0.2675110995769501,19.530000686645508,8,1,-4.880000114,-0.039999999,6.150000095367432,-4.849999905,0,62473,62495,62981,62495,0,62495,STANDBY
1.1299999952316284,-0.879999995,10.289999961853027,-0.100000001,0,0,1021.5192260742188,22.239999771118164,10.313179016113281,0.3676753044128418,374004672,1267773312,11,0.2675110995769501,19.530000686645508,8,1,-4.880000114,-0.039999999,6.150000095367432,-4.840000153,0,62573,62595,63076,62589,0,62595,STANDBY
1.090000033378601,-0.930000007,10.31000042,0,0,0,1021.5968017578125,22.290000915527344,9.684833526611328,-2.278069735,374004672,1267773312,11,0.2675110995769501,19.530000686645508,8,1,-4.889999866,-0.039999999,6.139999866485596,-4.829999924,0,62673,62695,63170,62684,0,62695,STANDBY
1.1299999952316284,-0.899999976,10.289999961853027,0,0,0.10000000149011612,1021.6663818359375,22.34000015258789,9.121398926,-3.711703062,374004672,1267773312,11,0.2675110995769501,19.530000686645508,8,1,-4.880000114,-0.039999999,6.150000095367432,-4.829999924,0,62773,62795,63280,62794,0,62795,STANDBY
1.1100000143051147,-0.889999986,10.300000190734863,0,-0.100000001,0,1021.5508422851562,22.270000457763672,10.05612850189209,1.3634283542633057,374004672,1267773312,11,0.2675110995769501,19.530000686645508,8,1,-4.869999886,-0.039999999,6.159999847412109,-4.820000172,0,62873,62895,63375,62888,0,62895,STANDBY
1.100000023841858,-0.910000026,10.289999961853027,-0.100000001,0,0.10000000149011612,1021.4349975585938,22.190000534057617,10.996050834655762,4.632283687591553,374004672,1267773312,11,0.2675110995769501,19.530000686645508,8,1,-4.860000134,-0.039999999,6.159999847412109,-4.809999943,0,62973,62995,63469,62983,0,62995,STANDBY
1.1100000143051147,-0.889999986,10.289999961853027,0,0,0.10000000149011612,1021.5150146484375,22.239999771118164,10.346933364868164,0.3681917190551758,374004672,1267773312,11,0.2675110995769501,19.530000686645508,8,1,-4.849999905,-0.039999999,6.170000076293945,-4.809999943,0,63073,63095,63580,63093,0,63095,STANDBY
1.1100000143051147,-0.889999986,10.300000190734863,0,0,0.10000000149011612,1021.594238,22.299999237060547,9.705605506896973,-2.32966876,374004672,1267773312,11,0.2675110995769501,19.530000686645508,8,1,-4.860000134,-0.050000001,6.159999847412109,-4.800000191,0,63173,63195,63674,63187,0,63195,STANDBY
1.1200000047683716,-0.899999976,10.300000190734863,0,0,0.10000000149011612,1021.665771484375,22.34000015258789,9.123995780944824,-3.817427158,374004672,1267773312,11,0.2675110995769501,19.530000686645508,8,1,-4.869999886,-0.050000001,6.159999847412109,-4.789999962,0,63273,63295,63768,63282,0,63295,STANDBY
1.1100000143051147,-0.889999986,10.289999961853027,0,0,0,1021.5491943359375,22.270000457763672,10.071707725524902,1.3476943969726562,374004736,1267773312,11,0.5555999875068665,351.6499938964844,8,1,-4.860000134,-0.050000001,6.170000076293945,-4.78000021,0,63373,63395,63879,63392,0,63395,STANDBY
1.100000023841858,-0.899999976,10.289999961853027,0,0,0.10000000149011612,1021.4354858398438,22.190000534057617,10.993453979492188,4.549509525299072,374004736,1267773312,11.699999809265137,0.5555999875068665,351.6499938964844,9,1,-4.849999905,-0.039999999,6.170000076293945,-4.769999981,0,63473,63495,63973,63486,0,63495,STANDBY
1.1100000143051147,-0.899999976,10.31000042,0,0,-0.100000001,1021.5156860351562,22.25,10.341740608215332,0.35594725608825684,374004736,1267773312,11.699999809265137,0.5555999875068665,351.6499938964844,9,1,-4.829999924,-0.039999999,6.170000076293945,-4.769999981,0,63574,63595,64067,63581,0,63595,STANDBY
1.100000023841858,-0.889999986,10.31000042,-0.100000001,0,0.10000000149011612,1021.5953369140625,22.299999237060547,9.695219039916992,-2.358279943,374004736,1267773312,11.699999809265137,0.5555999875068665,351.6499938964844,9,1,-4.829999924,-0.039999999,6.170000076293945,-4.769999981,0,63674,63695,64178,63691,0,63695,STANDBY
1.1100000143051147,-0.899999976,10.300000190734863,0,0,0.10000000149011612,1021.666504,22.34000015258789,9.118803024291992,-3.814963341,374004736,1267773312,11.699999809265137,0.5555999875068665,351.6499938964844,9,1,-4.829999924,-0.050000001,6.170000076293945,-4.760000229,0,63774,63795,64272,63785,0,63795,STANDBY
1.1100000143051147,-0.889999986,10.300000190734863,0,0,0.10000000149011612,1021.5466918945312,22.270000457763672,10.089882850646973,1.4427425861358643,374004736,1267773312,11.699999809265137,0.5555999875068665,351.6499938964844,9,1,-4.840000153,-0.050000001,6.170000076293945,-4.75,0,63874,63895,64366,63880,0,63895,STANDBY
1.100000023841858,-0.889999986,10.31000042,0,0,0.10000000149011612,1021.4345092773438,22.200000762939453,11.001243591308594,4.568798065185547,374004736,1267773312,11.699999809265137,0.5555999875068665,351.6499938964844,9,1,-4.860000134,-0.050000001,6.159999847412109,-4.739999771,0,63974,63995,64477,63990,0,63995,STANDBY
1.100000023841858,-0.899999976,10.300000190734863,0,0,0.10000000149011612,1021.518066,22.25,10.323564529418945,0.21331477165222168,374004736,1267773312,11.699999809265137,0.5555999875068665,351.6499938964844,9,1,-4.869999886,-0.050000001,6.159999847412109,-4.730000019,0,64074,64095,64571,64084,0,64095,STANDBY
1.1100000143051147,-0.889999986,10.300000190734863,-0.100000001,0,0.10000000149011612,1021.595947265625,22.299999237060547,9.692623138427734,-2.387244225,374004736,1267773312,11.699999809265137,0.5555999875068665,351.6499938964844,9,1,-4.860000134,-0.050000001,6.159999847412109,-4.730000019,0,64174,64195,64665,64179,0,64195,STANDBY
1.090000033378601,-0.910000026,10.300000190734863,0,0,0,1021.6656494140625,22.350000381469727,9.126592636108398,-3.791958332,374004736,1267773312,11.699999809265137,0.5555999875068665,351.6499938964844,9,1,-4.860000134,-0.059999999,6.150000095367432,-4.730000019,0,64274,64295,64776,64289,0,64295,STANDBY
1.1100000143051147,-0.899999976,10.289999961853027,0,0,0,1021.5474243164062,22.270000457763672,10.08469009399414,1.405536413192749,374004736,1267773312,11.699999809265137,0.10288888216018677,351.6499938964844,9,1,-4.860000134,-0.059999999,6.159999847412109,-4.71999979,0,64374,64395,64870,64384,0,64395,STANDBY
1.100000023841858,-0.899999976,10.289999961853027,-0.100000001,0,0,1021.4356079101562,22.200000762939453,10.993453979492188,4.5345988273620605,374004736,1267773312,11.600000381469727,0.10288888216018677,351.6499938964844,8,1,-4.849999905,-0.050000001,6.150000095367432,-4.710000038,0,64474,64495,64980,64490,0,64495,STANDBY
1.100000023841858,-0.899999976,10.289999961853027,-0.100000001,0,0,1021.519043,22.25,10.315775871276855,0.19143080711364746,374004736,1267773312,11.600000381469727,0.10288888216018677,351.6499938964844,8,1,-4.849999905,-0.050000001,6.159999847412109,-4.699999809,0,64574,64595,65075,64588,0,64595,STANDBY
1.100000023841858,-0.870000005,10.300000190734863,0,0,0.10000000149011612,1021.5967407226562,22.299999237060547,9.684833526611328,-2.4012537,374004736,1267773312,11.600000381469727,0.10288888216018677,351.6499938964844,8,1,-4.860000134,-0.050000001,6.159999847412109,-4.690000057,0,64674,64695,65169,64683,0,64695,STANDBY
1.1100000143051147,-0.889999986,10.31000042,0,0,0.10000000149011612,1021.6663208007812,22.350000381469727,9.121398926,-3.790540695,374004736,1267773312,11.600000381469727,0.10288888216018677,351.6499938964844,8,1,-4.860000134,-0.050000001,6.159999847412109,-4.679999828,0,64774,64795,65280,64793,0,64795,STANDBY
1.1100000143051147,-0.889999986,10.289999961853027,0,-0.100000001,0,1021.5465087890625,22.270000457763672,10.09247875213623,1.4583733081817627,374004736,1267773312,11.600000381469727,0.10288888216018677,351.6499938964844,8,1,-4.849999905,-0.050000001,6.159999847412109,-4.670000076,0,64874,64896,65374,64887,0,64896,STANDBY
1.090000033378601,-0.899999976,10.300000190734863,0,0,0,1021.4346923828125,22.200000762939453,10.99864673614502,4.558031082,374004736,1267773312,11.600000381469727,0.10288888216018677,351.6499938964844,8,1,-4.840000153,-0.050000001,6.159999847412109,-4.670000076,0,64974,64996,65468,64982,0,64996,STANDBY
1.1100000143051147,-0.899999976,10.31000042,0,0,0.10000000149011612,1021.5165405273438,22.25,10.336546897888184,0.2687406539916992,374004736,1267773312,11.600000381469727,0.10288888216018677,351.6499938964844,8,1,-4.820000172,-0.050000001,6.159999847412109,-4.670000076,0,65074,65096,65579,65092,0,65096,STANDBY
1.100000023841858,-0.910000026,10.31000042,0,0,0.10000000149011612,1021.592529296875,22.309999465942383,9.718587875366211,-2.299842119,374004736,1267773312,11.600000381469727,0.10288888216018677,351.6499938964844,8,1,-4.840000153,-0.050000001,6.150000095367432,-4.659999847,0,65174,65196,65673,65186,0,65196,STANDBY
1.1200000047683716,-0.879999995,10.300000190734863,0,0,0.10000000149011612,1021.664063,22.350000381469727,9.139575004577637,-3.787950516,374004736,1267773312,11.600000381469727,0.10288888216018677,351.6499938964844,8,1,-4.829999924,-0.050000001,6.159999847412109,-4.650000095,0,65274,65296,65767,65282,0,65296,STANDBY
1.100000023841858,-0.910000026,10.289999961853027,0,0,0.10000000149011612,1021.5471801757812,22.280000686645508,10.087285995483398,1.3665554523468018,374004768,1267773312,11.600000381469727,0.22635553777217865,349.9700012207031,8,1,-4.840000153,-0.050000001,6.159999847412109,-4.650000095,0,65374,65396,65878,65391,0,65396,STANDBY
1.1100000143051147,-0.910000026,10.300000190734863,0,0,0,1021.4337768554688,22.200000762939453,11.006436347961426,4.551197052001953,374004768,1267773312,11.699999809265137,0.22635553777217865,349.9700012207031,8,1,-4.849999905,-0.050000001,6.159999847412109,-4.639999866,0,65474,65496,65972,65485,0,65496,STANDBY
1.1100000143051147,-0.889999986,10.300000190734863,0,-0.100000001,-0.100000001,1021.517333984375,22.260000228881836,10.328758239746094,0.20205378532409668,374004768,1267773312,11.699999809265137,0.22635553777217865,349.9700012207031,8,1,-4.840000153,-0.039999999,6.170000076293945,-4.619999886,0,65574,65596,66082,65596,0,65596,STANDBY
1.100000023841858,-0.889999986,10.289999961853027,0,0,0.10000000149011612,1021.5968627929688,22.309999465942383,9.684833526611328,-2.44638443,374004768,1267773312,11.699999809265137,0.22635553777217865,349.9700012207031,8,1,-4.820000172,-0.039999999,6.170000076293945,-4.619999886,0,65674,65696,66177,65690,0,65696,STANDBY
1.1100000143051147,-0.899999976,10.300000190734863,0,0,0,1021.6680297851562,22.360000610351562,9.105820655822754,-3.881737709,374004768,1267773312,11.699999809265137,0.22635553777217865,349.9700012207031,8,1,-4.829999924,-0.039999999,6.170000076293945,-4.610000134,0,65774,65796,66271,65785,0,65796,STANDBY
1.100000023841858,-0.889999986,10.300000190734863,0,0,0.10000000149011612,1021.5535888671875,22.280000686645508,10.035356521606445,1.2338311672210693,374004768,1267773312,11.699999809265137,0.22635553777217865,349.9700012207031,8,1,-4.820000172,-0.039999999,6.170000076293945,-4.610000134,0,65874,65896,66381,65895,0,65896,STANDBY
1.1100000143051147,-0.910000026,10.289999961853027,0,0,0,1021.4420166015625,22.209999084472656,10.941524505615234,4.414323806762695,374004768,1267773312,11.699999809265137,0.22635553777217865,349.9700012207031,8,1,-4.849999905,-0.039999999,6.170000076293945,-4.599999905,0,65974,65996,66476,65989,0,65996,STANDBY
1.1200000047683716,-0.889999986,10.31000042,-0.100000001,0,0.10000000149011612,1021.523681640625,22.260000228881836,10.27682876586914,0.16638445854187012,374004768,1267773312,11.699999809265137,0.22635553777217865,349.9700012207031,8,1,-4.849999905,-0.039999999,6.170000076293945,-4.590000153,0,66074,66096,66570,66083,0,66096,STANDBY
1.1100000143051147,-0.889999986,10.300000190734863,-0.100000001,0,0,1021.6032104492188,22.309999465942383,9.632904052734375,-2.46921277,374004768,1267773312,11.699999809265137,0.22635553777217865,349.9700012207031,8,1,-4.849999905,-0.039999999,6.170000076293945,-4.590000153,0,66174,66196,66680,66194,0,66196,STANDBY
1.100000023841858,-0.920000017,10.300000190734863,-0.100000001,0,0.10000000149011612,1021.674072265625,22.360000610351562,9.059083938598633,-3.875576735,374004768,1267773312,11.699999809265137,0.22635553777217865,349.9700012207031,8,1,-4.849999905,-0.039999999,6.179999828338623,-4.590000153,0,66274,66296,66775,66288,0,66296,STANDBY
1.1100000143051147,-0.879999995,10.300000190734863,0,0,0.10000000149011612,1021.555908203125,22.280000686645508,10.017181396484375,1.352020502090454,374004736,1267773312,11.699999809265137,0.087455548,349.9700012207031,8,1,-4.849999905,-0.039999999,6.179999828338623,-4.579999924,0,66374,66396,66869,66382,0,66396,STANDBY
1.1100000143051147,-0.899999976,10.300000190734863,0,0,0.10000000149011612,1021.4411010742188,22.209999084472656,10.946718215942383,4.510535717010498,374004736,1267773312,11.399999618530273,0.087455548,349.9700012207031,8,1,-4.860000134,-0.050000001,6.170000076293945,-4.579999924,0,66475,66496,66979,66491,0,66496,STANDBY
1.100000023841858,-0.889999986,10.300000190734863,0,-0.100000001,0.10000000149011612,1021.5230712890625,22.270000457763672,10.282021522521973,0.22795629501342773,374004736,1267773312,11.399999618530273,0.087455548,349.9700012207031,8,1,-4.860000134,-0.050000001,6.170000076293945,-4.579999924,0,66576,66596,67074,66587,0,66596,STANDBY
1.1100000143051147,-0.889999986,10.31000042,0,-0.200000003,0.10000000149011612,1021.600341796875,22.31999969482422,9.656271934509277,-2.357106209,374004736,1267773312,11.399999618530273,0.087455548,349.9700012207031,8,1,-4.849999905,-0.059999999,6.170000076293945,-4.579999924,0,66676,66696,67168,66681,0,66696,STANDBY
1.1100000143051147,-0.899999976,10.31000042,0,0,0,1021.671875,22.360000610351562,9.074663162231445,-3.83498311,374004736,1267773312,11.399999618530273,0.087455548,349.9700012207031,8,1,-4.820000172,-0.059999999,6.179999828338623,-4.579999924,0,66776,66796,67278,66791,0,66796,STANDBY
1.1100000143051147,-0.889999986,10.300000190734863,0,0,0.10000000149011612,1021.552001953125,22.290000915527344,10.048338890075684,1.4403135776519775,374004736,1267773312,11.399999618530273,0.087455548,349.9700012207031,8,1,-4.809999943,-0.059999999,6.179999828338623,-4.579999924,0,66876,66896,67373,66886,0,66896,STANDBY
1.100000023841858,-0.879999995,10.300000190734863,0,0,0,1021.4403076171875,22.209999084472656,10.954506874084473,4.546472549438477,374004736,1267773312,11.399999618530273,0.087455548,349.9700012207031,8,1,-4.809999943,-0.059999999,6.179999828338623,-4.570000172,0,66976,66996,67467,66980,0,66996,STANDBY
1.1100000143051147,-0.889999986,10.300000190734863,-0.100000001,0,0,1021.522216796875,22.270000457763672,10.289811134338379,0.2509596347808838,374004736,1267773312,11.399999618530273,0.087455548,349.9700012207031,8,1,-4.820000172,-0.059999999,6.179999828338623,-4.570000172,0,67076,67096,67577,67091,0,67096,STANDBY
1.100000023841858,-0.899999976,10.300000190734863,0,0,0.10000000149011612,1021.5970458984375,22.31999969482422,9.682236671447754,-2.269683599,374004736,1267773312,11.399999618530273,0.087455548,349.9700012207031,8,1,-4.820000172,-0.059999999,6.179999828338623,-4.559999943,0,67176,67196,67672,67185,0,67196,STANDBY
1.1200000047683716,-0.889999986,10.300000190734863,0,0,0.10000000149011612,1021.6726684570312,22.37000084,9.069469451904297,-3.903666496,374004736,1267773312,11.399999618530273,0.087455548,349.9700012207031,8,1,-4.829999924,-0.059999999,6.179999828338623,-4.550000191,0,67276,67296,67782,67296,0,67296,STANDBY
1.100000023841858,-0.899999976,10.289999961853027,0,0,0.10000000149011612,1021.5543823242188,22.290000915527344,10.027566909790039,1.334043264389038,374004736,1267773312,11.399999618530273,0.15433332324028015,298.9899902,8,1,-4.820000172,-0.059999999,6.179999828338623,-4.559999943,0,67376,67396,67876,67390,0,67396,STANDBY
1.1100000143051147,-0.889999986,10.300000190734863,0,0,0.10000000149011612,1021.4385986328125,22.209999084472656,10.967489242553711,4.6134772300720215,374004736,1267773312,11.399999618530273,0.15433332324028015,298.9899902,7,1,-4.829999924,-0.07,6.190000057220459,-4.550000191,0,67476,67496,67971,67484,0,67496,STANDBY
1.1100000143051147,-0.899999976,10.31000042,-0.100000001,0,0.10000000149011612,1021.5204467773438,22.270000457763672,10.305389404296875,0.3042261600494385,374004736,1267773312,11.399999618530273,0.15433332324028015,298.9899902,7,1,-4.829999924,-0.07,6.190000057220459,-4.550000191,0,67576,67596,68081,67595,0,67596,STANDBY
1.1100000143051147,-0.889999986,10.31000042,0,0,0,1021.598145,22.31999969482422,9.674447059631348,-2.351465702,374004736,1267773312,11.399999618530273,0.15433332324028015,298.9899902,7,1,-4.829999924,-0.07,6.190000057220459,-4.550000191,0,67677,67696,68175,67689,0,67696,STANDBY
1.100000023841858,-0.889999986,10.300000190734863,0,0,0.10000000149011612,1021.6693725585938,22.37000084,9.095434188842773,-3.831375599,374004736,1267773312,11.399999618530273,0.15433332324028015,298.9899902,7,1,-4.829999924,-0.07,6.179999828338623,-4.539999962,0,67777,67796,68270,67783,0,67796,STANDBY
1.1299999952316284,-0.889999986,10.300000190734863,0,0,0.10000000149011612,1021.549560546875,22.290000915527344,10.066514015197754,0.6553751230239868,374004736,1267773312,11.399999618530273,0.15433332324028015,298.9899902,7,1,-4.829999924,-0.07,6.190000057220459,-4.539999962,0,67877,67896,68380,67894,0,67896,STANDBY
1.100000023841858,-0.910000026,10.289999961853027,0,0,0.10000000149011612,1021.4376831054688,22.219999313354492,10.975278854370117,4.062808036804199,374004736,1267773312,11.399999618530273,0.15433332324028015,298.9899902,7,1,-4.840000153,-0.07,6.190000057220459,-4.539999962,0,67977,67996,68474,67988,0,67996,STANDBY
1.1100000143051147,-0.889999986,10.300000190734863,0,0,0,1021.5195922851562,22.270000457763672,10.310582160949707,0.4731678068637848,374004736,1267773312,11.399999618530273,0.15433332324028015,298.9899902,7,1,-4.829999924,-0.07,6.190000057220459,-4.539999962,0,68077,68096,68569,68082,0,68096,STANDBY
1.1200000047683716,-0.899999976,10.300000190734863,0,0,0.10000000149011612,1021.597168,22.31999969482422,9.682236671447754,-1.707878113,374004736,1267773312,11.399999618530273,0.15433332324028015,298.9899902,7,1,-4.849999905,-0.07,6.190000057220459,-4.53000021,0,68177,68196,68679,68192,0,68196,STANDBY
1.100000023841858,-0.899999976,10.300000190734863,0,-0.100000001,0.10000000149011612,1021.668457,22.37000084,9.103223801,-2.945883274,374004736,1267773312,11.399999618530273,0.15433332324028015,298.9899902,7,1,-4.840000153,-0.079999998,6.190000057220459,-4.53000021,0,68277,68296,68773,68287,0,68296,STANDBY
1.1100000143051147,-0.889999986,10.289999961853027,0,0,0.10000000149011612,1021.5502319335938,22.290000915527344,10.061321258544922,1.1805466413497925,374004704,1267773312,11.399999618530273,0.8745555281639099,271.07000732421875,7,1,-4.840000153,-0.079999998,6.190000057220459,-4.53000021,0,68377,68396,68868,68381,0,68396,STANDBY
1.100000023841858,-0.899999976,10.289999961853027,0,0,0.10000000149011612,1021.438720703125,22.219999313354492,10.967489242553711,3.655287504196167,374004704,1267773312,10.600000381469727,0.8745555281639099,271.07000732421875,7,1,-4.820000172,-0.079999998,6.179999828338623,-4.53000021,0,68477,68496,68978,68491,0,68496,STANDBY
1.1100000143051147,-0.899999976,10.300000190734863,-0.100000001,0,0.10000000149011612,1021.5203247070312,22.270000457763672,10.305389404296875,0.2206646054983139,374004704,1267773312,10.600000381469727,0.8745555281639099,271.07000732421875,7,1,-4.829999924,-0.079999998,6.190000057220459,-4.53000021,0,68577,68596,69072,68586,0,68596,STANDBY
1.100000023841858,-0.899999976,10.300000190734863,0,0,0,1021.5962524414062,22.31999969482422,9.690026283,-1.82793653,374004704,1267773312,10.600000381469727,0.8745555281639099,271.07000732421875,7,1,-4.829999924,-0.090000004,6.190000057220459,-4.53000021,0,68677,68696,69167,68680,0,68696,STANDBY
1.1100000143051147,-0.889999986,10.300000190734863,0,0,0,1021.6659545898438,22.37000084,9.123995780944824,-2.981177092,374004704,1267773312,10.600000381469727,0.8745555281639099,271.07000732421875,7,1,-4.840000153,-0.090000004,6.179999828338623,-4.53000021,0,68777,68796,69277,68790,0,68796,STANDBY
1.100000023841858,-0.899999976,10.289999961853027,-0.100000001,0,0.10000000149011612,1021.5476684570312,22.290000915527344,10.082093238830566,1.1579583883285522,374004704,1267773312,10.600000381469727,0.8745555281639099,271.07000732421875,7,1,-4.849999905,-0.090000004,6.179999828338623,-4.519999981,0,68877,68896,69371,68885,0,68896,STANDBY
1.1100000143051147,-0.899999976,10.300000190734863,0,0,0,1021.4361572265625,22.219999313354492,10.988261222839355,3.6408309936523438,374004704,1267773312,10.600000381469727,0.8745555281639099,271.07000732421875,7,1,-4.829999924,-0.090000004,6.179999828338623,-4.53000021,0,68977,68996,69481,68995,0,68996,STANDBY
1.090000033378601,-0.910000026,10.300000190734863,-0.100000001,0,0.10000000149011612,1021.517822265625,22.280000686645508,10.32616138458252,0.2114124298095703,374004704,1267773312,10.600000381469727,0.8745555281639099,271.07000732421875,7,1,-4.809999943,-0.090000004,6.179999828338623,-4.53000021,0,69078,69096,69576,69089,0,69096,STANDBY
1.1200000047683716,-0.889999986,10.300000190734863,-0.100000001,-0.100000001,0,1021.59375,22.329999923706055,9.708201408,-1.842168093,374004704,1267773312,10.600000381469727,0.8745555281639099,271.07000732421875,7,1,-4.809999943,-0.090000004,6.179999828338623,-4.519999981,0,69178,69196,69670,69184,0,69196,STANDBY
1.1100000143051147,-0.899999976,10.300000190734863,0,0,0.10000000149011612,1021.6649780273438,22.37000084,9.131785393,-3.023518801,374004704,1267773312,10.600000381469727,0.8745555281639099,271.07000732421875,7,1,-4.800000191,-0.079999998,6.179999828338623,-4.519999981,0,69278,69296,69780,69294,0,69296,STANDBY
1.100000023841858,-0.910000026,10.289999961853027,0,0,0.10000000149011612,1021.545166015625,22.299999237060547,10.102865219116211,1.172403335571289,374004736,1267773312,10.600000381469727,0.32409995794296265,310.7600098,7,1,-4.800000191,-0.079999998,6.179999828338623,-4.519999981,0,69378,69396,69874,69388,0,69396,STANDBY
1.090000033378601,-0.889999986,10.289999961853027,-0.100000001,0,0,1021.435302734375,22.219999313354492,10.993453979492188,3.600222110748291,374004736,1267773312,11.100000381469727,0.32409995794296265,310.7600098,7,1,-4.820000172,-0.090000004,6.170000076293945,-4.519999981,0,69478,69496,69968,69483,0,69496,STANDBY
1.100000023841858,-0.899999976,10.289999961853027,-0.100000001,0,0,1021.454345703125,22.239999771118164,10.840262413024902,1.8139292001724243,374004736,1267773312,11.100000381469727,0.32409995794296265,310.7600098,7,1,-4.820000172,-0.079999998,6.159999847412109,-4.519999981,0,69578,69596,70079,69593,0,69596,STANDBY
1.1100000143051147,-0.910000026,10.300000190734863,0,0,0.10000000149011612,1021.5322875976562,22.290000915527344,10.206724166870117,-0.866407692,374004736,1267773312,11.100000381469727,0.32409995794296265,310.7600098,7,1,-4.829999924,-0.090000004,6.159999847412109,-4.510000229,0,69678,69696,70173,69687,0,69696,STANDBY
1.1100000143051147,-0.899999976,10.300000190734863,0,0,0.10000000149011612,1021.6074829101562,22.34000015258789,9.599149703979492,-2.498739243,374004736,1267773312,11.100000381469727,0.32409995794296265,310.7600098,7,1,-4.829999924,-0.090000004,6.159999847412109,-4.519999981,0,69778,69796,70267,69781,0,69796,STANDBY
1.1200000047683716,-0.889999986,10.289999961853027,0,-0.100000001,0.10000000149011612,1021.4920043945312,22.270000457763672,10.533879280090332,1.3919415473937988,374004736,1267773312,11.100000381469727,0.32409995794296265,310.7600098,7,1,-4.829999924,-0.090000004,6.170000076293945,-4.519999981,0,69878,69896,70378,69892,0,69896,STANDBY
1.100000023841858,-0.920000017,10.300000190734863,0,0,0.10000000149011612,1021.3838500976562,22.200000762939453,11.41148567199707,3.6991829872131348,374004736,1267773312,11.100000381469727,0.32409995794296265,310.7600098,7,1,-4.849999905,-0.090000004,6.170000076293945,-4.510000229,0,69978,69996,70472,69986,0,69996,STANDBY
1.100000023841858,-0.889999986,10.300000190734863,-0.100000001,0,0.10000000149011612,1021.3501586914062,22.18000030517578,11.686711311340332,3.248199462890625,374004736,1267773312,11.100000381469727,0.32409995794296265,310.7600098,7,1,-4.829999924,-0.090000004,6.179999828338623,-4.510000229,0,70078,70096,70583,70096,0,70096,STANDBY
1.1200000047683716,-0.889999986,10.300000190734863,-0.100000001,-0.100000001,-0.100000001,1021.4393920898438,22.229999542236328,10.962296485900879,-0.239279747,374004736,1267773312,11.100000381469727,0.32409995794296265,310.7600098,7,1,-4.829999924,-0.090000004,6.170000076293945,-4.510000229,0,70178,70196,70677,70191,0,70196,STANDBY
1.100000023841858,-0.899999976,10.300000190734863,-0.100000001,0,0.10000000149011612,1021.5226440429688,22.290000915527344,10.287214279174805,-2.313402176,374004736,1267773312,11.100000381469727,0.32409995794296265,310.7600098,7,1,-4.829999924,-0.090000004,6.170000076293945,-4.510000229,0,70278,70296,70771,70285,0,70296,STANDBY
1.1200000047683716,-0.889999986,10.300000190734863,0,0,0.10000000149011612,1021.414063,22.209999084472656,11.167417526245117,1.3360730409622192,374004768,1267773184,11.100000381469727,0.31895554065704346,332.30999755859375,7,1,-4.829999924,-0.090000004,6.179999828338623,-4.510000229,0,70378,70396,70881,70394,0,70396,STANDBY
1.1100000143051147,-0.899999976,10.289999961853027,0,-0.100000001,0,1021.310547,22.149999618530273,12.006077766418457,3.538799763,374004768,1267773184,11,0.31895554065704346,332.30999755859375,6,1,-4.829999924,-0.090000004,6.179999828338623,-4.510000229,0,70478,70496,70976,70489,0,70496,STANDBY
1.1200000047683716,-0.910000026,10.300000190734863,-0.100000001,0,0.10000000149011612,1021.2181396484375,22.09000015258789,12.756457328796387,4.666046619415283,374004768,1267773184,11,0.31895554065704346,332.30999755859375,6,1,-4.820000172,-0.090000004,6.179999828338623,-4.510000229,0,70578,70596,71070,70584,0,70596,STANDBY
1.1200000047683716,-0.889999986,10.300000190734863,-0.100000001,0,0.10000000149011612,1021.3179931640625,22.149999618530273,11.946358680725098,0.3939542770385742,374004768,1267773184,11,0.31895554065704346,332.30999755859375,6,1,-4.820000172,-0.090000004,6.190000057220459,-4.510000229,0,70678,70696,71180,70693,0,70696,STANDBY
1.090000033378601,-0.899999976,10.300000190734863,0,0,0.10000000149011612,1021.4067993164062,22.209999084472656,11.227136611938477,-2.049380064,374004768,1267773184,11,0.31895554065704346,332.30999755859375,6,1,-4.820000172,-0.090000004,6.179999828338623,-4.510000229,0,70778,70796,71274,70788,0,70796,STANDBY
1.1100000143051147,-0.899999976,10.31000042,0,0,0.10000000149011612,1021.304931640625,22.139999389648438,12.052814483642578,1.3305659294128418,374004768,1267773184,11,0.31895554065704346,332.30999755859375,6,1,-4.820000172,-0.100000001,6.179999828338623,-4.510000229,0,70878,70896,71369,70882,0,70896,STANDBY
1.1100000143051147,-0.889999986,10.300000190734863,0,0,0.10000000149011612,1021.210693359375,22.079999923706055,12.818772315979004,3.3026273250579834,374004768,1267773184,11,0.31895554065704346,332.30999755859375,6,1,-4.829999924,-0.100000001,6.179999828338623,-4.510000229,0,70978,70996,71479,70990,0,70996,STANDBY
1.090000033378601,-0.899999976,10.289999961853027,0,0,0,1021.1185913085938,22.030000686645508,13.563960075378418,4.4982829093933105,374004768,1267773184,11,0.31895554065704346,332.30999755859375,6,1,-4.829999924,-0.100000001,6.170000076293945,-4.510000229,0,71078,71096,71573,71087,0,71096,STANDBY
1.100000023841858,-0.899999976,10.31000042,0,0,0,1021.2221069335938,22.09000015258789,12.725299835205078,0.19518832862377167,374004768,1267773184,11,0.31895554065704346,332.30999755859375,6,1,-4.820000172,-0.100000001,6.170000076293945,-4.510000229,0,71178,71196,71668,71181,0,71196,STANDBY
1.1100000143051147,-0.889999986,10.300000190734863,-0.100000001,0,0.10000000149011612,1021.3162231445312,22.149999618530273,11.96193790435791,-2.317837715,374004768,1267773184,11,0.31895554065704346,332.30999755859375,6,1,-4.829999924,-0.100000001,6.170000076293945,-4.5,0,71278,71296,71778,71291,0,71296,STANDBY
1.090000033378601,-0.910000026,10.300000190734863,0,0,0,1021.2221069335938,22.09000015258789,12.725299835205078,0.9593420028686523,374004768,1267773184,11,0.036011111,332.30999755859375,6,1,-4.829999924,-0.100000001,6.159999847412109,-4.510000229,0,71378,71396,71872,71386,0,71396,STANDBY
1.090000033378601,-0.910000026,10.289999961853027,0,0,0.10000000149011612,1021.134521484375,22.040000915527344,13.436732292175293,2.8905627727508545,374004768,1267773184,11.100000381469727,0.036011111,332.30999755859375,6,1,-4.820000172,-0.100000001,6.159999847412109,-4.510000229,0,71478,71496,71983,71496,0,71496,STANDBY
1.1200000047683716,-0.879999995,10.31000042,0,0,0,1021.0465087890625,21.979999542236328,14.150761604309082,4.134854316711426,374004768,1267773184,11.100000381469727,0.036011111,332.30999755859375,6,1,-4.809999943,-0.100000001,6.159999847412109,-4.510000229,0,71578,71596,72077,71590,0,71596,STANDBY
1.100000023841858,-0.920000017,10.289999961853027,0,0,-0.100000001,1021.1506958007812,22.049999237060547,13.304312705993652,-0.062329676,374004768,1267773184,11.100000381469727,0.036011111,332.30999755859375,6,1,-4.829999924,-0.090000004,6.159999847412109,-4.5,0,71678,71696,72171,71685,0,71696,STANDBY
1.100000023841858,-0.889999986,10.300000190734863,-0.100000001,0,0.10000000149011612,1021.250244140625,22.12000084,12.496809959411621,-2.623899937,374004768,1267773184,11.100000381469727,0.036011111,332.30999755859375,6,1,-4.809999943,-0.090000004,6.159999847412109,-4.5,0,71778,71796,72281,71794,0,71796,STANDBY
1.100000023841858,-0.879999995,10.300000190734863,0,-0.100000001,0,1021.1729736328125,22.059999465942383,13.122559547424316,0.32310277223587036,374004768,1267773184,11.100000381469727,0.036011111,332.30999755859375,6,1,-4.840000153,-0.090000004,6.159999847412109,-4.5,0,71878,71896,72375,71888,0,71896,STANDBY
1.100000023841858,-0.920000017,10.289999961853027,-0.100000001,0,0.10000000149011612,1021.0973510742188,22.020000457763672,13.737922668457031,2.175947904586792,374004768,1267773184,11.100000381469727,0.036011111,332.30999755859375,6,1,-4.840000153,-0.090000004,6.159999847412109,-4.5,0,71979,71996,72470,71983,0,71996,STANDBY
1.1100000143051147,-0.899999976,10.300000190734863,0,0,0.10000000149011612,1021.0253295898438,21.969999313354492,14.322129249572754,3.2620677947998047,374004768,1267773184,11.100000381469727,0.036011111,332.30999755859375,6,1,-4.820000172,-0.100000001,6.170000076293945,-4.510000229,0,72079,72096,72580,72093,0,72096,STANDBY
1.1100000143051147,-0.899999976,10.300000190734863,0,-0.100000001,0,1021.1327514648438,22.040000915527344,13.449714660644531,-0.704003334,374004768,1267773184,11.100000381469727,0.036011111,332.30999755859375,6,1,-4.809999943,-0.100000001,6.159999847412109,-4.510000229,0,72179,72196,72674,72187,0,72196,STANDBY
1.100000023841858,-0.910000026,10.300000190734863,0,-0.100000001,0.10000000149011612,1021.2352905273438,22.110000610351562,12.618844032287598,-3.109348059,374004768,1267773184,11.100000381469727,0.036011111,332.30999755859375,6,1,-4.809999943,-0.100000001,6.170000076293945,-4.510000229,0,72279,72296,72768,72282,0,72296,STANDBY
1.100000023841858,-0.889999986,10.300000190734863,-0.100000001,-0.100000001,0.10000000149011612,1021.1589965820312,22.059999465942383,13.236804008483887,-0.012510872,374004832,1267773184,11.100000381469727,0.3343888819217682,334.2799987792969,6,1,-4.809999943,-0.100000001,6.170000076293945,-4.519999981,0,72379,72396,72879,72392,0,72396,STANDBY
1.100000023841858,-0.899999976,10.289999961853027,0,0,0.10000000149011612,1021.0834350585938,22.010000228881836,13.849571228027344,1.9528480768203735,374004832,1267773184,11.600000381469727,0.3343888819217682,334.2799987792969,7,1,-4.820000172,-0.109999999,6.159999847412109,-4.519999981,0,72479,72496,72973,72486,0,72496,STANDBY
1.100000023841858,-0.910000026,10.300000190734863,0,-0.100000001,0.10000000149011612,1021.0106201171875,21.959999084472656,14.441566467285156,3.144207715988159,374004832,1267773184,11.600000381469727,0.3343888819217682,334.2799987792969,7,1,-4.840000153,-0.109999999,6.159999847412109,-4.519999981,0,72579,72596,73068,72583,0,72596,STANDBY
1.100000023841858,-0.889999986,10.289999961853027,0,0,0.10000000149011612,1021.1240844726562,22.030000686645508,13.519819259643555,-0.937298,374004832,1267773184,11.600000381469727,0.3343888819217682,334.2799987792969,7,1,-4.840000153,-0.109999999,6.159999847412109,-4.519999981,0,72679,72696,73178,72691,0,72696,STANDBY
1.100000023841858,-0.889999986,10.300000190734863,0,0,0.10000000149011612,1021.2222900390625,22.100000381469727,12.722702980041504,-3.150642872,374004832,1267773184,11.600000381469727,0.3343888819217682,334.2799987792969,7,1,-4.860000134,-0.119999997,6.159999847412109,-4.519999981,0,72779,72796,73273,72785,0,72796,STANDBY
1.1100000143051147,-0.899999976,10.289999961853027,0,0,0.10000000149011612,1021.1320190429688,22.040000915527344,13.454907417297363,0.32664281129837036,374004832,1267773184,11.600000381469727,0.3343888819217682,334.2799987792969,7,1,-4.849999905,-0.119999997,6.170000076293945,-4.519999981,0,72879,72896,73367,72883,0,72896,STANDBY
1.1100000143051147,-0.899999976,10.289999961853027,0,0,0.10000000149011612,1021.048828,21.979999542236328,14.129989624023438,2.369314432144165,374004832,1267773184,11.600000381469727,0.3343888819217682,334.2799987792969,7,1,-4.840000153,-0.119999997,6.170000076293945,-4.53000021,0,72979,72996,73477,72990,0,72996,STANDBY
1.090000033378601,-0.920000017,10.300000190734863,0,0,0.10000000149011612,1020.9679565429688,21.93000030517578,14.786896705627441,3.6184639930725098,374004832,1267773184,11.600000381469727,0.3343888819217682,334.2799987792969,7,1,-4.860000134,-0.119999997,6.159999847412109,-4.53000021,0,73079,73096,73572,73085,0,73096,STANDBY
1.100000023841858,-0.899999976,10.300000190734863,-0.100000001,0,0,1021.0818481445312,22.010000228881836,13.862553596496582,-0.642080903,374004832,1267773184,11.600000381469727,0.3343888819217682,334.2799987792969,7,1,-4.869999886,-0.119999997,6.159999847412109,-4.519999981,0,73179,73196,73681,73195,0,73196,STANDBY
1.100000023841858,-0.889999986,10.289999961853027,-0.100000001,0,0.10000000149011612,1021.187012,22.06999969482422,13.008315086364746,-3.14449501,374004832,1267773184,11.600000381469727,0.3343888819217682,334.2799987792969,7,1,-4.869999886,-0.119999997,6.159999847412109,-4.53000021,0,73279,73296,73777,73289,0,73296,STANDBY
1.100000023841858,-0.910000026,10.289999961853027,0,0,0,1021.1013793945312,22.020000457763672,13.704169273376465,0.21425648033618927,374004864,1267773184,11.600000381469727,0.3858333230018616,337.69000244140625,7,1,-4.860000134,-0.119999997,6.159999847412109,-4.53000021,0,73379,73396,73871,73384,0,73396,STANDBY
1.100000023841858,-0.910000026,10.300000190734863,0,0,0.10000000149011612,1021.0181884765625,21.959999084472656,14.379251480102539,2.2550292015075684,374004864,1267773184,12.199999809265137,0.3858333230018616,337.69000244140625,7,1,-4.840000153,-0.119999997,6.159999847412109,-4.539999962,0,73480,73496,73980,73491,0,73496,STANDBY
1.1100000143051147,-0.889999986,10.289999961853027,0,0,0.10000000149011612,1020.9357299804688,21.90999984741211,15.049140930175781,3.586864948272705,374004864,1267773184,12.199999809265137,0.3858333230018616,337.69000244140625,7,1,-4.840000153,-0.119999997,6.159999847412109,-4.539999962,0,73580,73596,74076,73589,0,73596,STANDBY
1.100000023841858,-0.910000026,10.300000190734863,0,0,0.10000000149011612,1021.051513671875,21.989999771118164,14.10921859741211,-0.712157845,374004864,1267773184,12.199999809265137,0.3858333230018616,337.69000244140625,7,1,-4.840000153,-0.119999997,6.159999847412109,-4.539999962,0,73680,73696,74170,73683,0,73696,STANDBY
1.090000033378601,-0.910000026,10.279999732971191,0,0,0.10000000149011612,1021.1573486328125,22.059999465942383,13.249786376953125,-3.205964327,374004864,1267773184,12.199999809265137,0.3858333230018616,337.69000244140625,7,1,-4.849999905,-0.119999997,6.159999847412109,-4.550000191,0,73780,73796,74279,73793,0,73796,STANDBY
1.1100000143051147,-0.899999976,10.289999961853027,0,0,0.10000000149011612,1021.0714721679688,22,13.948237419128418,0.18322621285915375,374004864,1267773184,12.199999809265137,0.3858333230018616,337.69000244140625,7,1,-4.849999905,-0.119999997,6.159999847412109,-4.550000191,0,73880,73896,74375,73888,0,73896,STANDBY
1.100000023841858,-0.910000026,10.300000190734863,0,-0.100000001,0,1020.9922485351562,21.950000762939453,14.58956527709961,2.1695139408111572,374004864,1267773184,12.199999809265137,0.3858333230018616,337.69000244140625,7,1,-4.849999905,-0.119999997,6.159999847412109,-4.550000191,0,73980,73996,74469,73985,0,73996,STANDBY
1.100000023841858,-0.899999976,10.289999961853027,-0.100000001,0,0.10000000149011612,1020.9078369140625,21.899999618530273,15.275032997131348,3.5819854736328125,374004864,1267773184,12.199999809265137,0.3858333230018616,337.69000244140625,7,1,-4.849999905,-0.119999997,6.159999847412109,-4.550000191,0,74080,74096,74578,74092,0,74096,STANDBY
1.100000023841858,-0.889999986,10.300000190734863,-0.100000001,0,0.10000000149011612,1021.0260009765625,21.969999313354492,14.316935539245605,-0.773441136,374004864,1267773184,12.199999809265137,0.3858333230018616,337.69000244140625,7,1,-4.849999905,-0.129999995,6.159999847412109,-4.559999943,0,74180,74196,74673,74186,0,74196,STANDBY
1.090000033378601,-0.910000026,10.300000190734863,0,0,0.10000000149011612,1021.1322021484375,22.040000915527344,13.454907417297363,-3.253492355,374004864,1267773184,12.199999809265137,0.3858333230018616,337.69000244140625,7,1,-4.849999905,-0.129999995,6.159999847412109,-4.559999943,0,74280,74296,74768,74285,0,74296,STANDBY
1.090000033378601,-0.899999976,10.289999961853027,-0.100000001,0,0.10000000149011612,1021.0505981445312,21.989999771118164,14.11700726,0.036484338,374004864,1267773184,12.199999809265137,0.1440444439649582,337.69000244140625,7,1,-4.849999905,-0.140000001,6.150000095367432,-4.579999924,0,74380,74396,74877,74391,0,74396,STANDBY
1.1200000047683716,-0.889999986,10.279999732971191,0,-0.100000001,0,1020.9654541015625,21.940000534057617,14.807668685913086,2.233466625213623,374004864,1267773184,12,0.1440444439649582,337.69000244140625,5,1,-4.860000134,-0.140000001,6.139999866485596,-4.579999924,0,74480,74496,74972,74485,0,74496,STANDBY
1.059999942779541,-0.959999979,10.289999961853027,0,0,0.10000000149011612,1020.8892822265625,21.889999389648438,15.425628662109375,3.406890630722046,374004864,1267773184,12,0.1440444439649582,337.69000244140625,5,1,-4.869999886,-0.140000001,6.139999866485596,-4.579999924,0,74580,74596,75082,74596,0,74596,STANDBY
1.1399999856948853,-0.860000014,10.289999961853027,0,0,0.10000000149011612,1021.0018920898438,21.959999084472656,14.51167106628418,-0.744254291,374004864,1267773184,12,0.1440444439649582,337.69000244140625,5,1,-4.849999905,-0.140000001,6.150000095367432,-4.579999924,0,74680,74696,75176,74690,0,74696,STANDBY
1.0800000429153442,-0.930000007,10.31000042,0.10000000149011612,-0.200000003,-0.100000001,1021.1099853515625,22.040000915527344,13.634064674377441,-3.284663439,374004864,1267773184,12,0.1440444439649582,337.69000244140625,5,1,-4.880000114,-0.140000001,6.139999866485596,-4.590000153,0,74780,74796,75271,74784,0,74796,STANDBY
1.0700000524520874,-0.930000007,10.300000190734863,-0.200000003,0.10000000149011612,0.20000000298023224,1021.026855,21.979999542236328,14.309146881103516,0.058078386,374004864,1267773184,12,0.1440444439649582,337.69000244140625,5,1,-4.860000134,-0.140000001,6.159999847412109,-4.590000153,0,74880,74896,75380,74894,0,74896,STANDBY
1.1699999570846558,-0.850000024,10.289999961853027,0,-0.100000001,-0.100000001,1020.9456787109375,21.93000030517578,14.968649864196777,2.1475799083709717,374004864,1267773184,12,0.1440444439649582,337.69000244140625,5,1,-4.869999886,-0.129999995,6.159999847412109,-4.579999924,0,74980,74996,75475,74988,0,74996,STANDBY
1.0399999618530273,-0.959999979,10.31000042,0,0,0,1020.8655395507812,21.87999916,15.617767333984375,3.451627016067505,374004864,1267773184,12,0.1440444439649582,337.69000244140625,5,1,-4.880000114,-0.140000001,6.150000095367432,-4.590000153,0,75080,75096,75570,75083,0,75096,STANDBY
1.1100000143051147,-0.889999986,10.31000042,-0.200000003,0.10000000149011612,0.30000001192092896,1020.980469,21.959999084472656,14.68563461303711,-0.773783326,374004864,1267773184,12,0.1440444439649582,337.69000244140625,5,1,-4.840000153,-0.140000001,6.170000076293945,-4.590000153,0,75180,75196,75679,75193,0,75196,STANDBY
1.1299999952316284,-0.860000014,10.289999961853027,0.10000000149011612,-0.200000003,-0.100000001,1021.0909423828125,22.030000686645508,13.789852142333984,-3.36172533,374004864,1267773184,12,0.1440444439649582,337.69000244140625,5,1,-4.869999886,-0.140000001,6.159999847412109,-4.599999905,0,75280,75296,75773,75287,0,75296,STANDBY
1.0399999618530273,-0.970000029,10.289999961853027,-0.100000001,0.10000000149011612,0.20000000298023224,1021.0074462890625,21.979999542236328,14.467531204223633,0.017068673,374004832,1267773184,12,0.22121109068393707,337.69000244140625,5,1,-4.869999886,-0.140000001,6.159999847412109,-4.599999905,0,75380,75396,75868,75383,0,75396,STANDBY
1.159999966621399,-0.850000024,10.289999961853027,-0.200000003,0.10000000149011612,0.20000000298023224,1020.9279174804688,21.93000030517578,15.111455917358398,2.0714831352233887,374004832,1267773184,11.800000190734863,0.22121109068393707,337.69000244140625,5,1,-4.829999924,-0.140000001,6.179999828338623,-4.599999905,0,75480,75496,75977,75491,0,75496,STANDBY
1.1100000143051147,-0.889999986,10.300000190734863,0.10000000149011612,-0.200000003,-0.100000001,1020.8534545898438,21.87999916,15.71643352508545,3.2616775035858154,374004832,1267773184,11.800000190734863,0.22121109068393707,337.69000244140625,5,1,-4.860000134,-0.140000001,6.150000095367432,-4.610000134,0,75580,75596,76072,75585,0,75596,STANDBY
1.0199999809265137,-0.970000029,10.300000190734863,-0.100000001,0,0.10000000149011612,1020.9659423828125,21.950000762939453,14.802475929260254,-0.837190628,374004832,1267773184,11.800000190734863,0.22121109068393707,337.69000244140625,5,1,-4.840000153,-0.150000006,6.150000095367432,-4.630000114,0,75680,75696,76182,75696,0,75696,STANDBY
1.1699999570846558,-0.829999983,10.300000190734863,-0.200000003,0.10000000149011612,0.30000001192092896,1021.080078,22.030000686645508,13.878132820129395,-3.493700027,374004832,1267773184,11.800000190734863,0.22121109068393707,337.69000244140625,5,1,-4.829999924,-0.140000001,6.179999828338623,-4.619999886,0,75780,75796,76276,75790,0,75796,STANDBY
1.100000023841858,-0.910000026,10.300000190734863,0.10000000149011612,-0.200000003,-0.100000001,1020.9924926757812,21.969999313354492,14.58956527709961,0.040615845,374004832,1267773184,11.800000190734863,0.22121109068393707,337.69000244140625,5,1,-4.860000134,-0.150000006,6.150000095367432,-4.630000114,0,75880,75896,76370,75884,0,75896,STANDBY
1.0199999809265137,-0.980000019,10.289999961853027,-0.100000001,0,0.10000000149011612,1020.9173583984375,21.920000076293945,15.197139739990234,1.970232367515564,374004832,1267773184,11.800000190734863,0.22121109068393707,337.69000244140625,5,1,-4.860000134,-0.150000006,6.159999847412109,-4.630000114,0,75980,75996,76481,75991,0,75996,STANDBY
1.1699999570846558,-0.829999983,10.300000190734863,0,0,0.10000000149011612,1020.8401489257812,21.87000084,15.825485229492188,3.2716546058654785,374004832,1267773184,11.800000190734863,0.22121109068393707,337.69000244140625,5,1,-4.849999905,-0.140000001,6.179999828338623,-4.619999886,0,76080,76096,76575,76088,0,76096,STANDBY
1.0700000524520874,-0.930000007,10.31000042,0.10000000149011612,-0.200000003,-0.100000001,1020.962646484375,21.950000762939453,14.831036567687988,-1.08837688,374004832,1267773184,11.800000190734863,0.22121109068393707,337.69000244140625,5,1,-4.869999886,-0.140000001,6.150000095367432,-4.630000114,0,76180,76196,76669,76183,0,76196,STANDBY
1.059999942779541,-0.959999979,10.31000042,-0.100000001,0,0.10000000149011612,1021.074462890625,22.030000686645508,13.922272682189941,-3.604605436,374004832,1267773184,11.800000190734863,0.22121109068393707,337.69000244140625,5,1,-4.849999905,-0.150000006,6.170000076293945,-4.639999866,0,76280,76296,76779,76293,0,76296,STANDBY
1.159999966621399,-0.860000014,10.300000190734863,0,0,0,1020.9924926757812,21.969999313354492,14.58956527709961,-0.213480577,374004832,1267773184,11.800000190734863,0.072022222,337.69000244140625,5,1,-4.840000153,-0.140000001,6.170000076293945,-4.639999866,0,76381,76396,76873,76387,0,76396,STANDBY
1.0800000429153442,-0.930000007,10.289999961853027,0,-0.100000001,0,1020.9132690429688,21.920000076293945,15.23089314,1.9156216382980347,374004832,1267773184,12,0.072022222,337.69000244140625,6,1,-4.860000134,-0.150000006,6.159999847412109,-4.639999866,0,76481,76496,76967,76481,0,76496,STANDBY
1.100000023841858,-0.910000026,10.300000190734863,0,0,0.10000000149011612,1020.8418579101562,21.87000084,15.809906005859375,3.078839063644409,374004832,1267773184,12,0.072022222,337.69000244140625,6,1,-4.849999905,-0.150000006,6.179999828338623,-4.650000095,0,76581,76596,77078,76591,0,76596,STANDBY
1.1399999856948853,-0.870000005,10.300000190734863,0,-0.100000001,0.10000000149011612,1020.967529296875,21.950000762939453,14.789493560791016,-1.294862747,374004832,1267773184,12,0.072022222,337.69000244140625,6,1,-4.849999905,-0.150000006,6.170000076293945,-4.650000095,0,76681,76696,77172,76686,0,76696,STANDBY
1.0800000429153442,-0.920000017,10.300000190734863,0,0,0,1021.079345703125,22.030000686645508,13.883325576782227,-3.728449583,374004832,1267773184,12,0.072022222,337.69000244140625,6,1,-4.820000172,-0.150000006,6.159999847412109,-4.670000076,0,76781,76796,77283,76795,0,76796,STANDBY
1.1100000143051147,-0.899999976,10.289999961853027,-0.100000001,0,0.10000000149011612,1020.9974975585938,21.969999313354492,14.54802131652832,-0.25918141,374004832,1267773184,12,0.072022222,337.69000244140625,6,1,-4.829999924,-0.150000006,6.170000076293945,-4.670000076,0,76881,76896,77377,76891,0,76896,STANDBY
1.1399999856948853,-0.870000005,10.300000190734863,0.10000000149011612,0,-0.100000001,1020.9238891601562,21.920000076293945,15.145210266113281,1.7451286315917969,374004832,1267773184,12,0.072022222,337.69000244140625,6,1,-4.840000153,-0.150000006,6.159999847412109,-4.670000076,0,76981,76996,77471,76984,0,76996,STANDBY
1.059999942779541,-0.930000007,10.300000190734863,0,-0.100000001,-0.100000001,1020.851074,21.87999916,15.737205505371094,3.0112671852111816,374004832,1267773184,12,0.072022222,337.69000244140625,6,1,-4.849999905,-0.150000006,6.159999847412109,-4.679999828,0,77081,77096,77582,77094,0,77096,STANDBY
1.1200000047683716,-0.899999976,10.300000190734863,-0.200000003,0,0.30000001192092896,1020.9707641601562,21.950000762939453,14.763528823852539,-1.188554406,374004832,1267773184,12,0.072022222,337.69000244140625,6,1,-4.829999924,-0.150000006,6.190000057220459,-4.679999828,0,77181,77196,77676,77189,0,77196,STANDBY
1.1299999952316284,-0.870000005,10.300000190734863,0,-0.200000003,-0.100000001,1021.084228515625,22.030000686645508,13.844378471374512,-3.701955795,374004832,1267773184,12,0.072022222,337.69000244140625,6,1,-4.849999905,-0.150000006,6.179999828338623,-4.679999828,0,77281,77296,77770,77284,0,77296,STANDBY
1.0700000524520874,-0.930000007,10.300000190734863,0,0,-0.100000001,1021.0046997070312,21.969999313354492,14.488303184509277,-0.308692753,374004832,1267773184,12,0.056588884,337.69000244140625,6,1,-4.840000153,-0.150000006,6.179999828338623,-4.690000057,0,77381,77396,77880,77393,0,77396,STANDBY
1.1200000047683716,-0.870000005,10.300000190734863,-0.100000001,0,0.10000000149011612,1020.9295043945312,21.93000030517578,15.09847354888916,1.7549818754196167,374004832,1267773184,12.199999809265137,0.056588884,337.69000244140625,5,1,-4.820000172,-0.140000001,6.190000057220459,-4.690000057,0,77481,77496,77974,77488,0,77496,STANDBY
1.1200000047683716,-0.889999986,10.31000042,0,-0.100000001,-0.100000001,1020.85498,21.87999916,15.703451156616211,3.059116840362549,374004832,1267773184,12.199999809265137,0.056588884,337.69000244140625,5,1,-4.840000153,-0.150000006,6.179999828338623,-4.690000057,0,77581,77596,78069,77585,0,77596,STANDBY
1.059999942779541,-0.930000007,10.300000190734863,0,-0.200000003,0.10000000149011612,1020.9732055664062,21.959999084472656,14.745353698730469,-1.108077049,374004832,1267773184,12.199999809265137,0.056588884,337.69000244140625,5,1,-4.840000153,-0.150000006,6.170000076293945,-4.699999809,0,77681,77696,78179,77692,0,77696,STANDBY
1.1200000047683716,-0.870000005,10.300000190734863,-0.100000001,0,0.10000000149011612,1021.0850219726562,22.030000686645508,13.836588859558105,-3.617216825,374004832,1267773184,12.199999809265137,0.056588884,337.69000244140625,5,1,-4.840000153,-0.140000001,6.190000057220459,-4.690000057,0,77782,77796,78273,77787,0,77796,STANDBY
1.1299999952316284,-0.879999995,10.300000190734863,0,0,0,1021.0057983398438,21.979999542236328,14.480513572692871,-0.254459769,374004832,1267773184,12.199999809265137,0.056588884,337.69000244140625,5,1,-4.849999905,-0.140000001,6.179999828338623,-4.699999809,0,77882,77896,78367,77881,0,77896,STANDBY
1.1100000143051147,-0.899999976,10.300000190734863,0,0,0.10000000149011612,1020.9246215820312,21.93000030517578,15.140016555786133,1.947555422782898,374004832,1267773184,12.199999809265137,0.056588884,337.69000244140625,5,1,-4.849999905,-0.140000001,6.179999828338623,-4.699999809,0,77982,77996,78478,77990,0,77996,STANDBY
1.0800000429153442,-0.920000017,10.31000042,0,0,0,1020.8517456054688,21.87999916,15.732011795043945,3.140820264816284,374004832,1267773184,12.199999809265137,0.056588884,337.69000244140625,5,1,-4.849999905,-0.140000001,6.170000076293945,-4.710000038,0,78082,78096,78572,78085,0,78096,STANDBY
1.100000023841858,-0.889999986,10.300000190734863,-0.100000001,0,0.10000000149011612,1020.973876953125,21.959999084472656,14.740160942077637,-1.163797736,374004832,1267773184,12.199999809265137,0.056588884,337.69000244140625,5,1,-4.860000134,-0.140000001,6.179999828338623,-4.710000038,0,78182,78196,78683,78195,0,78196,STANDBY
1.1399999856948853,-0.870000005,10.300000190734863,0,0,-0.100000001,1021.0828247070312,22.030000686645508,13.854763984680176,-3.57810092,374004832,1267773184,12.199999809265137,0.056588884,337.69000244140625,5,1,-4.869999886,-0.140000001,6.179999828338623,-4.710000038,0,78282,78296,78777,78290,0,78296,STANDBY
1.0800000429153442,-0.930000007,10.300000190734863,0,-0.100000001,0,1021.0008544921875,21.979999542236328,14.519460678100586,-0.162955284,374004832,1267773184,12.199999809265137,0.2623666524887085,276.4700012207031,5,1,-4.869999886,-0.140000001,6.170000076293945,-4.710000038,0,78382,78396,78871,78385,0,78396,STANDBY
1.090000033378601,-0.910000026,10.289999961853027,-0.100000001,0,0.10000000149011612,1020.925293,21.93000030517578,15.1348238,1.8648706674575806,374004832,1267773184,12,0.2623666524887085,276.4700012207031,5,1,-4.860000134,-0.140000001,6.179999828338623,-4.71999979,0,78482,78496,78982,78491,0,78496,STANDBY
1.1399999856948853,-0.839999974,10.300000190734863,0,0,0,1020.8484497070312,21.87999916,15.757976531982422,3.187606096,374004832,1267773184,12,0.2623666524887085,276.4700012207031,5,1,-4.860000134,-0.140000001,6.170000076293945,-4.71999979,0,78582,78596,79076,78589,0,78596,STANDBY
1.0700000524520874,-0.939999998,10.31000042,0,0,0.10000000149011612,1020.9690551757812,21.959999084472656,14.779108047485352,-1.092311263,374004832,1267773184,12,0.2623666524887085,276.4700012207031,5,1,-4.849999905,-0.150000006,6.170000076293945,-4.739999771,0,78682,78696,79170,78685,0,78696,STANDBY
1.1200000047683716,-0.889999986,10.300000190734863,-0.200000003,0.10000000149011612,0.30000001192092896,1021.0811157226562,22.030000686645508,13.867746353149414,-3.615436554,374004832,1267773184,12,0.2623666524887085,276.4700012207031,5,1,-4.829999924,-0.150000006,6.179999828338623,-4.739999771,0,78782,78796,79280,78793,0,78796,STANDBY
1.1399999856948853,-0.870000005,10.300000190734863,0,-0.200000003,-0.100000001,1020.9992065429688,21.979999542236328,14.535038948059082,-0.178543091,374004832,1267773184,12,0.2623666524887085,276.4700012207031,5,1,-4.840000153,-0.150000006,6.170000076293945,-4.75,0,78882,78896,79375,78887,0,78896,STANDBY
1.059999942779541,-0.930000007,10.300000190734863,0,0,0.10000000149011612,1020.9220581054688,21.93000030517578,15.160788536071777,1.8881311416625977,374004832,1267773184,12,0.2623666524887085,276.4700012207031,5,1,-4.849999905,-0.150000006,6.170000076293945,-4.75,0,78982,78996,79469,78985,0,78996,STANDBY
1.1299999952316284,-0.860000014,10.289999961853027,-0.100000001,0.10000000149011612,0.10000000149011612,1020.8492431640625,21.87999916,15.750186920166016,3.0944788455963135,374004832,1267773184,12,0.2623666524887085,276.4700012207031,5,1,-4.840000153,-0.140000001,6.190000057220459,-4.75,0,79082,79096,79579,79092,0,79096,STANDBY
1.1100000143051147,-0.899999976,10.300000190734863,0,-0.200000003,-0.100000001,1020.9673461914062,21.959999084472656,14.79209041595459,-1.085442424,374004832,1267773184,12,0.2623666524887085,276.4700012207031,5,1,-4.860000134,-0.150000006,6.159999847412109,-4.760000229,0,79182,79196,79673,79186,0,79196,STANDBY
1.0800000429153442,-0.930000007,10.289999961853027,-0.100000001,0,0.10000000149011612,1021.0778198242188,22.030000686645508,13.896307945251465,-3.561187029,374004832,1267773184,12,0.2623666524887085,276.4700012207031,5,1,-4.849999905,-0.150000006,6.179999828338623,-4.769999981,0,79282,79296,79768,79281,0,79296,STANDBY
1.1699999570846558,-0.839999974,10.300000190734863,0,0,0.10000000149011612,1021,21.979999542236328,14.527250289916992,-0.260144234,374004768,1267773184,12,0.2777999937534332,213.58999633789062,5,1,-4.849999905,-0.150000006,6.190000057220459,-4.760000229,0,79382,79396,79878,79390,0,79396,STANDBY
1.0800000429153442,-0.930000007,10.300000190734863,0,-0.100000001,-0.100000001,1020.9188232421875,21.93000030517578,15.186753273010254,1.9439172744750977,374004768,1267773184,11.699999809265137,0.2777999937534332,213.58999633789062,6,1,-4.869999886,-0.150000006,6.179999828338623,-4.769999981,0,79482,79496,79972,79485,0,79496,STANDBY
1.090000033378601,-0.930000007,10.31000042,-0.100000001,0,0.20000000298023224,1020.8475952148438,21.87999916,15.765766143798828,3.0969483852386475,374004768,1267773184,11.699999809265137,0.2777999937534332,213.58999633789062,6,1,-4.860000134,-0.150000006,6.190000057220459,-4.78000021,0,79582,79596,80082,79595,0,79596,STANDBY
1.1399999856948853,-0.870000005,10.289999961853027,0,-0.100000001,-0.100000001,1020.9673461914062,21.959999084472656,14.79209041595459,-1.133715272,374004768,1267773184,11.699999809265137,0.2777999937534332,213.58999633789062,6,1,-4.889999866,-0.150000006,6.190000057220459,-4.769999981,0,79682,79696,80177,79690,0,79696,STANDBY
1.0700000524520874,-0.930000007,10.31000042,-0.100000001,0,0.10000000149011612,1021.081543,22.030000686645508,13.865150451660156,-3.691785812,374004768,1267773184,11.699999809265137,0.2777999937534332,213.58999633789062,6,1,-4.889999866,-0.150000006,6.190000057220459,-4.78000021,0,79782,79796,80271,79785,0,79796,STANDBY
1.1299999952316284,-0.870000005,10.300000190734863,0,0,0.10000000149011612,1021.046875,22.010000228881836,14.148165702819824,-1.457094193,374004768,1267773184,11.699999809265137,0.2777999937534332,213.58999633789062,6,1,-4.860000134,-0.150000006,6.199999809265137,-4.789999962,0,79882,79896,80380,79894,0,79896,STANDBY
1.100000023841858,-0.899999976,10.300000190734863,0,-0.100000001,0,1020.9690551757812,21.959999084472656,14.779108047485352,1.0864752531051636,374004768,1267773184,11.699999809265137,0.2777999937534332,213.58999633789062,6,1,-4.880000114,-0.150000006,6.190000057220459,-4.789999962,0,79982,79996,80476,79988,0,79996,STANDBY
1.090000033378601,-0.899999976,10.300000190734863,-0.100000001,0,0.10000000149011612,1020.8964233398438,21.90999984741211,15.36850643157959,2.581418991088867,374004768,1267773184,11.699999809265137,0.2777999937534332,213.58999633789062,6,1,-4.860000134,-0.150000006,6.199999809265137,-4.800000191,0,80082,80096,80570,80082,0,80096,STANDBY
1.159999966621399,-0.860000014,10.300000190734863,-0.100000001,0,0.10000000149011612,1021.0122680664062,21.989999771118164,14.428584098815918,-1.355643272,374004768,1267773184,11.699999809265137,0.2777999937534332,213.58999633789062,6,1,-4.880000114,-0.150000006,6.190000057220459,-4.800000191,0,80182,80196,80679,80193,0,80196,STANDBY
1.0800000429153442,-0.939999998,10.31000042,0,0,0,1021.123779296875,22.059999465942383,13.522416114807129,-3.767349243,374004768,1267773184,11.699999809265137,0.2777999937534332,213.58999633789062,6,1,-4.909999847,-0.150000006,6.179999828338623,-4.800000191,0,80282,80296,80774,80287,0,80296,STANDBY
1.1200000047683716,-0.889999986,10.300000190734863,0,0.10000000149011612,0.10000000149011612,1021.1213989257812,22.059999465942383,13.543188095092773,-2.344633341,374004768,1267773184,11.699999809265137,0.1440444439649582,213.58999633789062,6,1,-4.889999866,-0.150000006,6.190000057220459,-4.809999943,0,80382,80396,80868,80381,0,80396,STANDBY
1.1200000047683716,-0.889999986,10.31000042,0,-0.100000001,0,1021.0362548828125,22,14.233848571777344,0.7095481753349304,374004768,1267773184,11.699999809265137,0.1440444439649582,213.58999633789062,5,1,-4.880000114,-0.150000006,6.179999828338623,-4.820000172,0,80482,80496,80978,80491,0,80496,STANDBY
1.0800000429153442,-0.920000017,10.300000190734863,0,0,0,1020.9550170898438,21.950000762939453,14.893352508544922,2.564523458480835,374004768,1267773184,11.699999809265137,0.1440444439649582,213.58999633789062,5,1,-4.889999866,-0.150000006,6.170000076293945,-4.820000172,0,80582,80596,81073,80585,0,80596,STANDBY
1.1200000047683716,-0.889999986,10.289999961853027,-0.200000003,0,0.10000000149011612,1021.067871,22.030000686645508,13.976798057556152,-1.291679263,374004768,1267773184,11.699999809265137,0.1440444439649582,213.58999633789062,5,1,-4.880000114,-0.150000006,6.179999828338623,-4.820000172,0,80683,80696,81183,80696,0,80696,STANDBY
1.1100000143051147,-0.889999986,10.300000190734863,0,-0.100000001,0,1021.171387,22.09000015258789,13.135541915893555,-3.518694401,374004768,1267773184,11.699999809265137,0.1440444439649582,213.58999633789062,5,1,-4.889999866,-0.150000006,6.170000076293945,-4.829999924,0,80783,80796,81277,80791,0,80796,STANDBY
1.0800000429153442,-0.910000026,10.300000190734863,0,0,0.10000000149011612,1021.2279663085938,22.12999916,12.67596722,-3.722603559,374004768,1267773184,11.699999809265137,0.1440444439649582,213.58999633789062,5,1,-4.869999886,-0.150000006,6.179999828338623,-4.840000153,0,80883,80896,81372,80886,0,80896,STANDBY
1.1299999952316284,-0.879999995,10.31000042,-0.100000001,0,0.10000000149011612,1021.1367797851562,22.06999969482422,13.415961265563965,-0.014485359,374004768,1267773184,11.699999809265137,0.1440444439649582,213.58999633789062,5,1,-4.880000114,-0.150000006,6.179999828338623,-4.840000153,0,80983,80996,81482,80996,0,80996,STANDBY
1.100000023841858,-0.910000026,10.31000042,0,-0.100000001,-0.100000001,1021.0515747070312,22.020000457763672,14.10921859741211,2.209152936935425,374004768,1267773184,11.699999809265137,0.1440444439649582,213.58999633789062,5,1,-4.869999886,-0.150000006,6.170000076293945,-4.849999905,0,81083,81096,81576,81090,0,81096,STANDBY
1.100000023841858,-0.920000017,10.31000042,-0.100000001,0,0.10000000149011612,1021.1558837890625,22.079999923706055,13.262768745422363,-1.294781566,374004768,1267773184,11.699999809265137,0.1440444439649582,213.58999633789062,5,1,-4.849999905,-0.150000006,6.190000057220459,-4.860000134,0,81183,81196,81671,81186,0,81196,STANDBY
1.159999966621399,-0.860000014,10.31000042,0,0,0,1021.2540893554688,22.149999618530273,12.465652465820312,-3.37943244,374004768,1267773184,11.699999809265137,0.1440444439649582,213.58999633789062,5,1,-4.869999886,-0.150000006,6.199999809265137,-4.860000134,0,81283,81296,81781,81294,0,81296,STANDBY
1.0800000429153442,-0.920000017,10.289999961853027,0.10000000149011612,-0.100000001,-0.100000001,1021.3445434570312,22.209999084472656,11.730852127075195,-4.514197826,374004736,1267773184,11.699999809265137,0.092599995,213.58999633789062,5,1,-4.880000114,-0.150000006,6.179999828338623,-4.869999886,0,81383,81396,81875,81388,0,81396,STANDBY
1.100000023841858,-0.910000026,10.300000190734863,-0.200000003,0.10000000149011612,0.20000000298023224,1021.243652,22.139999389648438,12.548739433288574,-0.261461467,374004736,1267773184,11.600000381469727,0.092599995,213.58999633789062,5,1,-4.869999886,-0.150000006,6.190000057220459,-4.880000114,0,81483,81496,81970,81483,0,81496,STANDBY
1.159999966621399,-0.839999974,10.289999961853027,0,-0.100000001,0.10000000149011612,1021.150146484375,22.079999923706055,13.309505462646484,2.267116069793701,374004736,1267773184,11.600000381469727,0.092599995,213.58999633789062,5,1,-4.889999866,-0.150000006,6.179999828338623,-4.880000114,0,81583,81596,82080,81593,0,81596,STANDBY
1.0499999523162842,-0.939999998,10.300000190734863,0,0,0,1021.2523193359375,22.149999618530273,12.47863483428955,-1.20783174,374004736,1267773184,11.600000381469727,0.092599995,213.58999633789062,5,1,-4.900000095,-0.159999996,6.170000076293945,-4.889999866,0,81683,81696,82174,81687,0,81696,STANDBY
1.1399999856948853,-0.879999995,10.300000190734863,0,0.10000000149011612,0.10000000149011612,1021.3462524414062,22.209999084472656,11.717869758605957,-3.217846632,374004736,1267773184,11.600000381469727,0.092599995,213.58999633789062,5,1,-4.869999886,-0.159999996,6.179999828338623,-4.900000095,0,81783,81796,82269,81782,0,81796,STANDBY
1.1299999952316284,-0.870000005,10.31000042,0,-0.100000001,-0.100000001,1021.437012,22.270000457763672,10.98047161102295,-4.429481983,374004736,1267773184,11.600000381469727,0.092599995,213.58999633789062,5,1,-4.889999866,-0.159999996,6.159999847412109,-4.900000095,0,81883,81896,82379,81892,0,81896,STANDBY
1.0700000524520874,-0.930000007,10.289999961853027,-0.100000001,0,0.10000000149011612,1021.331543,22.200000762939453,11.83730697631836,-0.092995264,374004736,1267773184,11.600000381469727,0.092599995,213.58999633789062,5,1,-4.880000114,-0.159999996,6.170000076293945,-4.909999847,0,81983,81996,82473,81986,0,81996,STANDBY
1.1399999856948853,-0.850000024,10.300000190734863,0,0,0.10000000149011612,1021.328369140625,22.200000762939453,11.863271713256836,-0.585042477,374004736,1267773184,11.600000381469727,0.092599995,213.58999633789062,5,1,-4.869999886,-0.159999996,6.170000076293945,-4.909999847,0,82083,82096,82568,82081,0,82096,STANDBY
1.0800000429153442,-0.920000017,10.300000190734863,0,-0.100000001,0,1021.4198608398438,22.260000228881836,11.120680809020996,-3.344790936,374004736,1267773184,11.600000381469727,0.092599995,213.58999633789062,5,1,-4.889999866,-0.159999996,6.150000095367432,-4.920000076,0,82184,82196,82677,82191,0,82196,STANDBY
1.090000033378601,-0.899999976,10.300000190734863,-0.100000001,0,0.10000000149011612,1021.5066528320312,22.309999465942383,10.417037963867188,-4.955237389,374004736,1267773184,11.600000381469727,0.092599995,213.58999633789062,5,1,-4.880000114,-0.159999996,6.170000076293945,-4.929999828,0,82284,82296,82772,82287,0,82296,STANDBY
1.149999976158142,-0.860000014,10.300000190734863,0,0,0,1021.397216796875,22.239999771118164,11.305030822753906,0.3806192874908447,374004768,1267773184,11.600000381469727,0.34467777609825134,281.8299865722656,5,1,-4.880000114,-0.159999996,6.170000076293945,-4.929999828,0,82384,82396,82882,82396,0,82396,STANDBY
1.090000033378601,-0.930000007,10.31000042,0,0,-0.100000001,1021.2960815429688,22.18000030517578,12.12551498413086,3.5255329608917236,374004768,1267773184,12.100000381469727,0.34467777609825134,281.8299865722656,6,1,-4.889999866,-0.159999996,6.159999847412109,-4.929999828,0,82484,82496,82976,82490,0,82496,STANDBY
1.100000023841858,-0.889999986,10.289999961853027,-0.100000001,0,0.20000000298023224,1021.3856201171875,22.239999771118164,11.398503303527832,-0.651705503,374004768,1267773184,12.100000381469727,0.34467777609825134,281.8299865722656,6,1,-4.869999886,-0.159999996,6.170000076293945,-4.940000057,0,82584,82596,83072,82587,0,82596,STANDBY
1.1299999952316284,-0.860000014,10.300000190734863,0,0,0,1021.4698486328125,22.299999237060547,10.715631484985352,-3.148578882,374004768,1267773184,12.100000381469727,0.34467777609825134,281.8299865722656,6,1,-4.869999886,-0.159999996,6.170000076293945,-4.949999809,0,82684,82696,83181,82695,0,82696,STANDBY
1.0700000524520874,-0.930000007,10.300000190734863,0,-0.100000001,0,1021.5599975585938,22.350000381469727,9.983427047729492,-4.943908691,374004768,1267773184,12.100000381469727,0.34467777609825134,281.8299865722656,6,1,-4.880000114,-0.159999996,6.159999847412109,-4.960000038,0,82784,82796,83275,82789,0,82796,STANDBY
1.1100000143051147,-0.889999986,10.300000190734863,-0.100000001,0.10000000149011612,0.10000000149011612,1021.444824,22.280000686645508,10.918156623840332,0.5748167037963867,374004768,1267773184,12.100000381469727,0.34467777609825134,281.8299865722656,6,1,-4.849999905,-0.159999996,6.170000076293945,-4.96999979,0,82884,82896,83371,82883,0,82896,STANDBY
1.149999976158142,-0.860000014,10.300000190734863,0,-0.100000001,0,1021.3414306640625,22.209999084472656,11.756816864013672,3.7225236892700195,374004768,1267773184,12.100000381469727,0.34467777609825134,281.8299865722656,6,1,-4.880000114,-0.170000002,6.159999847412109,-4.980000019,0,82984,82996,83480,82991,0,82996,STANDBY
1.059999942779541,-0.939999998,10.300000190734863,0,0,0.10000000149011612,1021.4255981445312,22.270000457763672,11.073945045471191,-0.34907198,374004768,1267773184,12.100000381469727,0.34467777609825134,281.8299865722656,6,1,-4.889999866,-0.180000007,6.150000095367432,-4.989999771,0,83084,83096,83574,83087,0,83096,STANDBY
1.1299999952316284,-0.870000005,10.289999961853027,-0.100000001,0,0.10000000149011612,1021.5128173828125,22.31999969482422,10.365108489990234,-3.058752298,374004768,1267773184,12.100000381469727,0.34467777609825134,281.8299865722656,6,1,-4.869999886,-0.170000002,6.170000076293945,-5,0,83184,83196,83670,83182,0,83196,STANDBY
1.1299999952316284,-0.870000005,10.300000190734863,0,-0.100000001,-0.100000001,1021.5912475585938,22.37000084,9.728973388671875,-4.502141953,374004768,1267773184,12.100000381469727,0.34467777609825134,281.8299865722656,6,1,-4.889999866,-0.170000002,6.159999847412109,-5,0,83284,83296,83779,83292,0,83296,STANDBY
1.100000023841858,-0.930000007,10.289999961853027,0,0,0.10000000149011612,1021.4813842773438,22.299999237060547,10.619562149047852,0.6809840202331543,374004768,1267773184,12.100000381469727,0.3806888461112976,281.8299865722656,6,1,-4.889999866,-0.170000002,6.170000076293945,-5.010000229,0,83384,83396,83873,83387,0,83396,STANDBY
1.1100000143051147,-0.889999986,10.300000190734863,0,0.10000000149011612,0.10000000149011612,1021.3743896484375,22.229999542236328,11.48937988,3.9151008129119873,374004768,1267773184,12,0.3806888461112976,281.8299865722656,6,1,-4.889999866,-0.170000002,6.170000076293945,-5.010000229,0,83484,83496,83984,83496,0,83496,STANDBY
1.090000033378601,-0.889999986,10.300000190734863,0,-0.100000001,0,1021.4618530273438,22.290000915527344,10.780543327331543,-0.329681635,374004768,1267773184,12,0.3806888461112976,281.8299865722656,6,1,-4.889999866,-0.170000002,6.159999847412109,-5.019999981,0,83584,83596,84078,83592,0,83596,STANDBY
1.090000033378601,-0.899999976,10.31000042,0,0,0.10000000149011612,1021.5437622070312,22.34000015258789,10.11584758758545,-2.86977911,374004768,1267773184,12,0.3806888461112976,281.8299865722656,6,1,-4.880000114,-0.180000007,6.159999847412109,-5.03000021,0,83684,83696,84172,83688,0,83696,STANDBY
1.1100000143051147,-0.889999986,10.289999961853027,0,0,0.10000000149011612,1021.6220092773438,22.389999389648438,9.479712486,-4.381198883,374004768,1267773184,12,0.3806888461112976,281.8299865722656,6,1,-4.889999866,-0.180000007,6.159999847412109,-5.03000021,0,83784,83796,84283,83795,0,83796,STANDBY
1.1200000047683716,-0.899999976,10.289999961853027,0,0,0,1021.5048217773438,22.31999969482422,10.430020332336426,0.9972641468048096,374004768,1267773184,12,0.3806888461112976,281.8299865722656,6,1,-4.889999866,-0.180000007,6.159999847412109,-5.039999962,0,83884,83896,84377,83890,0,83896,STANDBY
1.100000023841858,-0.899999976,10.300000190734863,0,0,0.10000000149011612,1021.4013061523438,22.25,11.271276473999023,4.0032734870910645,374004768,1267773184,12,0.3806888461112976,281.8299865722656,6,1,-4.900000095,-0.180000007,6.170000076293945,-5.039999962,0,83984,83996,84471,83987,0,83996,STANDBY
1.1100000143051147,-0.879999995,10.300000190734863,0,0,0.10000000149011612,1021.4871826171875,22.309999465942383,10.572826385498047,-0.231705189,374004768,1267773184,12,0.3806888461112976,281.8299865722656,6,1,-4.900000095,-0.180000007,6.179999828338623,-5.050000191,0,84084,84096,84582,84094,0,84096,STANDBY
1.090000033378601,-0.910000026,10.300000190734863,0,0,0,1021.5678100585938,22.360000610351562,9.921112060546875,-2.755148649,374004768,1267773184,12,0.3806888461112976,281.8299865722656,6,1,-4.900000095,-0.180000007,6.170000076293945,-5.059999943,0,84184,84196,84676,84190,0,84196,STANDBY
1.1100000143051147,-0.899999976,10.300000190734863,0,0,0.10000000149011612,1021.6465454101562,22.40999984741211,9.279784202575684,-4.328606606,374004768,1267773184,12,0.3806888461112976,281.8299865722656,6,1,-4.889999866,-0.189999998,6.170000076293945,-5.070000172,0,84284,84296,84770,84283,0,84296,STANDBY
1.1299999952316284,-0.889999986,10.300000190734863,0,0,0.10000000149011612,1021.5324096679688,22.329999923706055,10.206724166870117,0.9374516010284424,374004864,1267773184,12,0.4578555226325989,324.0100098,6,1,-4.889999866,-0.189999998,6.179999828338623,-5.079999924,0,84384,84396,84881,84393,0,84396,STANDBY
1.090000033378601,-0.910000026,10.300000190734863,0,0,0.10000000149011612,1021.4173583984375,22.260000228881836,11.14145278930664,4.338883399963379,374004864,1267773184,12.5,0.4578555226325989,324.0100098,6,1,-4.920000076,-0.189999998,6.159999847412109,-5.090000153,0,84484,84496,84975,84488,0,84496,STANDBY
1.1200000047683716,-0.889999986,10.300000190734863,0,0,0.10000000149011612,1021.5048217773438,22.31999969482422,10.430020332336426,-0.068844318,374004864,1267773184,12.5,0.4578555226325989,324.0100098,6,1,-4.909999847,-0.189999998,6.170000076293945,-5.090000153,0,84584,84596,85069,84583,0,84596,STANDBY
1.1100000143051147,-0.879999995,10.300000190734863,0,0,0,1021.5840454101562,22.37000084,9.788692474365234,-2.609371901,374004864,1267773184,12.5,0.4578555226325989,324.0100098,6,1,-4.889999866,-0.200000003,6.159999847412109,-5.110000134,0,84684,84696,85180,84692,0,84696,STANDBY
1.0700000524520874,-0.920000017,10.289999961853027,0,0,0.10000000149011612,1021.662841796875,22.420000076293945,9.149960518,-4.224925995,374004864,1267773184,12.5,0.4578555226325989,324.0100098,6,1,-4.909999847,-0.200000003,6.150000095367432,-5.119999886,0,84784,84796,85274,84787,0,84796,STANDBY
1.1200000047683716,-0.879999995,10.300000190734863,0,0,0.10000000149011612,1021.5430297851562,22.34000015258789,10.121040344238281,1.1803667545318604,374004864,1267773184,12.5,0.4578555226325989,324.0100098,6,1,-4.889999866,-0.200000003,6.159999847412109,-5.130000114,0,84884,84896,85368,84881,0,84896,STANDBY
1.1100000143051147,-0.879999995,10.279999732971191,0,0,0,1021.4319458007812,22.270000457763672,11.022015571594238,4.359335899353027,374004864,1267773184,12.5,0.4578555226325989,324.0100098,6,1,-4.909999847,-0.209999993,6.150000095367432,-5.130000114,0,84984,84996,85479,84990,0,84996,STANDBY
1.090000033378601,-0.930000007,10.31000042,0,0,0,1021.5119018554688,22.329999923706055,10.37289810180664,0.19350504875183105,374004864,1267773184,12.5,0.4578555226325989,324.0100098,6,1,-4.920000076,-0.209999993,6.150000095367432,-5.139999866,0,85085,85096,85573,85088,0,85096,STANDBY
1.1299999952316284,-0.870000005,10.300000190734863,0,0,0.10000000149011612,1021.5914916992188,22.37999916,9.726376534,-2.46224308,374004864,1267773184,12.5,0.4578555226325989,324.0100098,6,1,-4.900000095,-0.209999993,6.159999847412109,-5.139999866,0,85185,85196,85667,85181,0,85196,STANDBY
1.1200000047683716,-0.879999995,10.289999961853027,0,0,-0.100000001,1021.6699829101562,22.43000030517578,9.090241432189941,-4.12037611,374004864,1267773184,12.5,0.4578555226325989,324.0100098,6,1,-4.929999828,-0.209999993,6.150000095367432,-5.150000095,0,85285,85296,85778,85291,0,85296,STANDBY
1.0800000429153442,-0.930000007,10.300000190734863,0,0,0.10000000149011612,1021.5501708984375,22.350000381469727,10.063918113708496,1.2576658725738525,374004864,1267773184,12.5,0.22635553777217865,327.42999267578125,6,1,-4.940000057,-0.209999993,6.150000095367432,-5.159999847,0,85385,85396,85872,85389,0,85396,STANDBY
1.100000023841858,-0.899999976,10.300000190734863,-0.100000001,0,0.10000000149011612,1021.4367065429688,22.280000686645508,10.983068466186523,4.481507778167725,374004864,1267773184,12.600000381469727,0.22635553777217865,327.42999267578125,8,1,-4.929999828,-0.209999993,6.170000076293945,-5.159999847,0,85485,85496,85983,85491,0,85496,STANDBY
1.1200000047683716,-0.870000005,10.300000190734863,0,0,-0.100000001,1021.5209350585938,22.329999923706055,10.300196647644043,0.13667774200439453,374004864,1267773184,12.600000381469727,0.22635553777217865,327.42999267578125,8,1,-4.940000057,-0.209999993,6.159999847412109,-5.159999847,0,85585,85596,86077,85590,0,85596,STANDBY
1.0700000524520874,-0.930000007,10.300000190734863,0,0,0.10000000149011612,1021.597168,22.389999389648438,9.682236671447754,-2.384366035,374004864,1267773184,12.600000381469727,0.22635553777217865,327.42999267578125,8,1,-4.940000057,-0.209999993,6.159999847412109,-5.170000076,0,85685,85696,86171,85684,0,85696,STANDBY
1.100000023841858,-0.889999986,10.289999961853027,-0.100000001,0,0.10000000149011612,1021.6701049804688,22.43000030517578,9.090241432189941,-3.893975258,374004864,1267773184,12.600000381469727,0.22635553777217865,327.42999267578125,8,1,-4.920000076,-0.200000003,6.170000076293945,-5.170000076,0,85785,85796,86282,85794,0,85796,STANDBY
1.1299999952316284,-0.879999995,10.289999961853027,0,-0.100000001,0,1021.5538940429688,22.360000610351562,10.032760620117188,1.2779324054718018,374004864,1267773184,12.600000381469727,0.22635553777217865,327.42999267578125,8,1,-4.920000076,-0.209999993,6.170000076293945,-5.179999828,0,85885,85896,86376,85890,0,85896,STANDBY
1.0700000524520874,-0.930000007,10.300000190734863,0,0,-0.100000001,1021.4407958984375,22.290000915527344,10.94931411743164,4.484090805053711,374004864,1267773184,12.600000381469727,0.22635553777217865,327.42999267578125,8,1,-4.909999847,-0.209999993,6.170000076293945,-5.190000057,0,85985,85996,86470,85983,0,85996,STANDBY
1.1100000143051147,-0.879999995,10.31000042,-0.200000003,0,0.20000000298023224,1021.5267333984375,22.34000015258789,10.253459930419922,0.086401463,374004864,1267773184,12.600000381469727,0.22635553777217865,327.42999267578125,8,1,-4.909999847,-0.200000003,6.179999828338623,-5.190000057,0,86085,86096,86580,86093,0,86096,STANDBY
1.1200000047683716,-0.879999995,10.300000190734863,0,0,-0.100000001,1021.6018676757812,22.389999389648438,9.643289566040039,-2.38538456,374004864,1267773184,12.600000381469727,0.22635553777217865,327.42999267578125,8,1,-4.909999847,-0.200000003,6.159999847412109,-5.199999809,0,86185,86196,86675,86189,0,86196,STANDBY
1.0800000429153442,-0.930000007,10.300000190734863,0,0,0.10000000149011612,1021.6787719726562,22.440000534057617,9.020136833190918,-4.019257069,374004864,1267773184,12.600000381469727,0.22635553777217865,327.42999267578125,8,1,-4.929999828,-0.209999993,6.170000076293945,-5.210000038,0,86285,86296,86769,86282,0,86296,STANDBY
1.1299999952316284,-0.879999995,10.300000190734863,-0.100000001,0,0.10000000149011612,1021.5709228515625,22.37000084,9.895147323608398,0.9277174472808838,374004896,1267773184,12.600000381469727,0.2880888879299164,333.5400085449219,8,1,-4.929999828,-0.200000003,6.179999828338623,-5.210000038,0,86385,86396,86879,86392,0,86396,STANDBY
1.1200000047683716,-0.889999986,10.289999961853027,0,-0.100000001,0,1021.471435546875,22.309999465942383,10.70265007019043,3.7604167461395264,374004896,1267773184,13.100000381469727,0.2880888879299164,333.5400085449219,6,1,-4.929999828,-0.209999993,6.179999828338623,-5.21999979,0,86486,86496,86974,86490,0,86496,STANDBY
1.0700000524520874,-0.930000007,10.31000042,-0.100000001,0,0.10000000149011612,1021.5530395507812,22.360000610351562,10.040549278259277,-0.241736412,374004896,1267773184,13.100000381469727,0.2880888879299164,333.5400085449219,6,1,-4.929999828,-0.209999993,6.179999828338623,-5.230000019,0,86586,86596,87068,86582,0,86596,STANDBY
1.1299999952316284,-0.870000005,10.289999961853027,-0.100000001,0,0.20000000298023224,1021.6292724609375,22.40999984741211,9.419993401,-2.636934757,374004896,1267773184,13.100000381469727,0.2880888879299164,333.5400085449219,6,1,-4.920000076,-0.209999993,6.179999828338623,-5.239999771,0,86686,86696,87179,86691,0,86696,STANDBY
1.1100000143051147,-0.899999976,10.300000190734863,0,-0.200000003,-0.100000001,1021.7022094726562,22.459999084472656,8.830595016479492,-4.045231819,374004896,1267773184,13.100000381469727,0.2880888879299164,333.5400085449219,6,1,-4.940000057,-0.219999999,6.170000076293945,-5.25,0,86786,86796,87273,86786,0,86796,STANDBY
1.0800000429153442,-0.939999998,10.289999961853027,-0.100000001,0,0.10000000149011612,1021.5929565429688,22.389999389648438,9.715991020202637,0.9526355266571045,374004896,1267773184,13.100000381469727,0.2880888879299164,333.5400085449219,6,1,-4.940000057,-0.219999999,6.179999828338623,-5.25,0,86886,86896,87383,86896,0,86896,STANDBY
1.1399999856948853,-0.860000014,10.279999732971191,-0.100000001,0,0.10000000149011612,1021.4874877929688,22.31999969482422,10.570229530334473,4.026640892028809,374004896,1267773184,13.100000381469727,0.2880888879299164,333.5400085449219,6,1,-4.929999828,-0.209999993,6.179999828338623,-5.260000229,0,86986,86996,87478,86990,0,86996,STANDBY
1.090000033378601,-0.910000026,10.300000190734863,0,-0.100000001,-0.100000001,1021.5634155273438,22.37000084,9.954866409301758,0.11559772491455078,374004896,1267773184,13.100000381469727,0.2880888879299164,333.5400085449219,6,1,-4.929999828,-0.209999993,6.170000076293945,-5.269999981,0,87086,87096,87572,87085,0,87096,STANDBY
1.059999942779541,-0.939999998,10.31000042,-0.100000001,0.10000000149011612,0.20000000298023224,1021.637451171875,22.420000076293945,9.355081558227539,-2.325156927,374004896,1267773184,13.100000381469727,0.2880888879299164,333.5400085449219,6,1,-4.949999809,-0.219999999,6.170000076293945,-5.269999981,0,87186,87196,87682,87195,0,87196,STANDBY
1.1799999475479126,-0.829999983,10.289999961853027,0,0,0.10000000149011612,1021.7103271484375,22.469999313354492,8.763086318969727,-3.856081486,374004896,1267773184,13.100000381469727,0.2880888879299164,333.5400085449219,6,1,-4.949999809,-0.209999993,6.179999828338623,-5.269999981,0,87286,87296,87777,87290,0,87296,STANDBY
1.0399999618530273,-0.949999988,10.31000042,0.10000000149011612,-0.200000003,-0.100000001,1021.5904541015625,22.389999389648438,9.736763000488281,1.426814317703247,374004864,1267773184,13.100000381469727,0.056588884,333.5400085449219,6,1,-4.949999809,-0.219999999,6.150000095367432,-5.289999962,0,87386,87396,87871,87384,0,87396,STANDBY
1.0700000524520874,-0.930000007,10.300000190734863,-0.200000003,0,0.30000001192092896,1021.475341796875,22.31999969482422,10.668895721435547,4.641692161560059,374004864,1267773184,12.800000190734863,0.056588884,333.5400085449219,6,1,-4.929999828,-0.230000004,6.179999828338623,-5.300000191,0,87486,87496,87981,87491,0,87496,STANDBY
1.1699999570846558,-0.829999983,10.300000190734863,0,-0.100000001,0,1021.552978515625,22.37000084,10.040549278259277,0.45729732513427734,374004864,1267773184,12.800000190734863,0.056588884,333.5400085449219,6,1,-4.920000076,-0.219999999,6.179999828338623,-5.300000191,0,87586,87596,88075,87590,0,87596,STANDBY
1.0499999523162842,-0.970000029,10.31000042,0,-0.100000001,0,1021.6325073242188,22.420000076293945,9.394028663635254,-2.293412209,374004864,1267773184,12.800000190734863,0.056588884,333.5400085449219,6,1,-4.940000057,-0.230000004,6.159999847412109,-5.320000172,0,87686,87696,88170,87683,0,87696,STANDBY
1.090000033378601,-0.920000017,10.289999961853027,-0.200000003,0.10000000149011612,0.10000000149011612,1021.7053833007812,22.469999313354492,8.804630279541016,-3.825377464,374004864,1267773184,12.800000190734863,0.056588884,333.5400085449219,6,1,-4.909999847,-0.219999999,6.190000057220459,-5.320000172,0,87786,87796,88280,87793,0,87796,STANDBY
1.149999976158142,-0.850000024,10.300000190734863,0,-0.100000001,-0.100000001,1021.581543,22.389999389648438,9.806867599487305,1.5607075691223145,374004864,1267773184,12.800000190734863,0.056588884,333.5400085449219,6,1,-4.929999828,-0.219999999,6.159999847412109,-5.320000172,0,87886,87896,88374,87889,0,87896,STANDBY
1.0299999713897705,-0.970000029,10.31000042,0,0,0.10000000149011612,1021.469482421875,22.31999969482422,10.718228340148926,4.644295692443848,374004864,1267773184,12.800000190734863,0.056588884,333.5400085449219,6,1,-4.940000057,-0.230000004,6.159999847412109,-5.340000153,0,87986,87996,88469,87982,0,87996,STANDBY
1.1399999856948853,-0.860000014,10.300000190734863,-0.200000003,0,0.20000000298023224,1021.5513305664062,22.37000084,10.053531646728516,0.31356263160705566,374004864,1267773184,12.800000190734863,0.056588884,333.5400085449219,6,1,-4.909999847,-0.230000004,6.179999828338623,-5.340000153,0,88086,88096,88579,88091,0,88096,STANDBY
1.1200000047683716,-0.889999986,10.31000042,0.10000000149011612,-0.200000003,-0.100000001,1021.6268920898438,22.420000076293945,9.440765380859375,-2.250385046,374004864,1267773184,12.800000190734863,0.056588884,333.5400085449219,6,1,-4.940000057,-0.230000004,6.170000076293945,-5.340000153,0,88186,88196,88673,88186,0,88196,STANDBY
1.0499999523162842,-0.949999988,10.300000190734863,-0.100000001,0,0.10000000149011612,1021.6997680664062,22.469999313354492,8.848770141601562,-3.808227539,374004864,1267773184,12.800000190734863,0.056588884,333.5400085449219,6,1,-4.929999828,-0.230000004,6.170000076293945,-5.360000134,0,88286,88296,88767,88281,0,88296,STANDBY
1.149999976158142,-0.850000024,10.289999961853027,-0.100000001,0.10000000149011612,0.10000000149011612,1021.581543,22.389999389648438,9.806867599487305,1.3951241970062256,374004896,1267773312,12.800000190734863,1.4661664962768555,45.86000061035156,6,1,-4.920000076,-0.230000004,6.179999828338623,-5.360000134,0,88386,88396,88878,88390,0,88396,STANDBY
1.090000033378601,-0.899999976,10.300000190734863,0,-0.100000001,-0.100000001,1021.4625244140625,22.309999465942383,10.775350570678711,4.766811370849609,374004896,1267773312,13.699999809265137,1.4661664962768555,45.86000061035156,7,1,-4.929999828,-0.230000004,6.150000095367432,-5.369999886,0,88486,88496,88972,88484,0,88496,STANDBY
1.0800000429153442,-0.939999998,10.300000190734863,0,0,0.10000000149011612,1021.5440673828125,22.37000084,10.113250732421875,0.4023599624633789,374004896,1267773312,13.699999809265137,1.4661664962768555,45.86000061035156,7,1,-4.940000057,-0.230000004,6.170000076293945,-5.369999886,0,88586,88596,89082,88595,0,88596,STANDBY
1.149999976158142,-0.860000014,10.300000190734863,0,0,0.10000000149011612,1021.617676,22.420000076293945,9.516062737,-2.13124156,374004896,1267773312,13.699999809265137,1.4661664962768555,45.86000061035156,7,1,-4.929999828,-0.219999999,6.179999828338623,-5.369999886,0,88686,88696,89177,88689,0,88696,STANDBY
1.100000023841858,-0.910000026,10.300000190734863,0,-0.100000001,-0.100000001,1021.694824,22.469999313354492,8.890313148498535,-3.86699295,374004896,1267773312,13.699999809265137,1.4661664962768555,45.86000061035156,7,1,-4.949999809,-0.230000004,6.159999847412109,-5.380000114,0,88786,88796,89271,88783,0,88796,STANDBY
1.0700000524520874,-0.930000007,10.300000190734863,-0.100000001,0,0.10000000149011612,1021.5733642578125,22.389999389648438,9.874375343322754,1.4613733291625977,374004896,1267773312,13.699999809265137,1.4661664962768555,45.86000061035156,7,1,-4.929999828,-0.230000004,6.179999828338623,-5.389999866,0,88886,88896,89380,88894,0,88896,STANDBY
1.159999966621399,-0.860000014,10.289999961853027,0,0,0.10000000149011612,1021.45752,22.309999465942383,10.814297676086426,4.694968223571777,374004896,1267773312,13.699999809265137,1.4661664962768555,45.86000061035156,7,1,-4.920000076,-0.230000004,6.179999828338623,-5.400000095,0,88986,88996,89476,88989,0,88996,STANDBY
1.0700000524520874,-0.939999998,10.300000190734863,0,-0.100000001,0,1021.5391235351562,22.37000084,10.15219783782959,0.3563802242279053,374004896,1267773312,13.699999809265137,1.4661664962768555,45.86000061035156,7,1,-4.929999828,-0.230000004,6.170000076293945,-5.409999847,0,89086,89096,89570,89082,0,89096,STANDBY
1.090000033378601,-0.910000026,10.300000190734863,-0.200000003,0,0.20000000298023224,1021.6170043945312,22.420000076293945,9.521255493164062,-2.295686007,374004896,1267773312,13.699999809265137,1.4661664962768555,45.86000061035156,7,1,-4.920000076,-0.230000004,6.170000076293945,-5.420000076,0,89186,89196,89679,89192,0,89196,STANDBY
1.149999976158142,-0.860000014,10.300000190734863,0,-0.100000001,0,1021.689941,22.469999313354492,8.929260254,-3.837220192,374004896,1267773312,13.699999809265137,1.4661664962768555,45.86000061035156,7,1,-4.920000076,-0.230000004,6.170000076293945,-5.429999828,0,89286,89296,89774,89289,0,89296,STANDBY
1.0700000524520874,-0.939999998,10.300000190734863,0,0,0,1021.5717163085938,22.389999389648438,9.887357711791992,1.3014237880706787,374004928,1267773312,13.699999809265137,0.4269888699054718,25.010000228881836,7,1,-4.940000057,-0.239999995,6.159999847412109,-5.440000057,0,89387,89396,89869,89381,0,89396,STANDBY
1.1100000143051147,-0.899999976,10.300000190734863,-0.200000003,0.10000000149011612,0.20000000298023224,1021.4579467773438,22.31999969482422,10.811701774597168,4.530287265777588,374004928,1267773312,14.100000381469727,0.4269888699054718,25.010000228881836,5,1,-4.940000057,-0.239999995,6.170000076293945,-5.440000057,0,89487,89496,89978,89491,0,89496,STANDBY
1.1399999856948853,-0.879999995,10.289999961853027,0,-0.100000001,-0.100000001,1021.5415649414062,22.37000084,10.131425857543945,0.17828035354614258,374004928,1267773312,14.100000381469727,0.4269888699054718,25.010000228881836,5,1,-4.940000057,-0.239999995,6.159999847412109,-5.449999809,0,89587,89596,90073,89586,0,89596,STANDBY
1.0700000524520874,-0.930000007,10.300000190734863,0,0,0.10000000149011612,1021.619384765625,22.420000076293945,9.500483512878418,-2.409669876,374004928,1267773312,14.100000381469727,0.4269888699054718,25.010000228881836,5,1,-4.960000038,-0.239999995,6.159999847412109,-5.460000038,0,89687,89696,90168,89680,0,89696,STANDBY
1.1200000047683716,-0.879999995,10.289999961853027,0,0,0.10000000149011612,1021.6939086914062,22.469999313354492,8.895506858825684,-3.962095261,374004928,1267773312,14.100000381469727,0.4269888699054718,25.010000228881836,5,1,-4.940000057,-0.239999995,6.170000076293945,-5.46999979,0,89787,89796,90277,89790,0,89796,STANDBY
1.1200000047683716,-0.889999986,10.300000190734863,0,-0.100000001,-0.100000001,1021.5758056640625,22.389999389648438,9.856200218200684,1.3070323467254639,374004928,1267773312,14.100000381469727,0.4269888699054718,25.010000228881836,5,1,-4.949999809,-0.239999995,6.159999847412109,-5.46999979,0,89887,89896,90372,89885,0,89896,STANDBY
1.0800000429153442,-0.930000007,10.289999961853027,0,-0.100000001,0,1021.4639282226562,22.31999969482422,10.762368202209473,4.461172580718994,374004928,1267773312,14.100000381469727,0.4269888699054718,25.010000228881836,5,1,-4.960000038,-0.25,6.170000076293945,-5.480000019,0,89987,89996,90482,89992,0,89996,STANDBY
1.1200000047683716,-0.879999995,10.300000190734863,-0.100000001,0,0.10000000149011612,1021.5454711914062,22.37000084,10.100268363952637,0.20675110816955566,374004928,1267773312,14.100000381469727,0.4269888699054718,25.010000228881836,5,1,-4.940000057,-0.239999995,6.170000076293945,-5.489999771,0,90087,90096,90576,90091,0,90096,STANDBY
1.100000023841858,-0.889999986,10.31000042,0,0,0,1021.619384765625,22.420000076293945,9.500483512878418,-2.266818762,374004928,1267773312,14.100000381469727,0.4269888699054718,25.010000228881836,5,1,-4.949999809,-0.25,6.159999847412109,-5.5,0,90187,90196,90671,90184,0,90196,STANDBY
1.0800000429153442,-0.910000026,10.300000190734863,-0.100000001,-0.100000001,0.10000000149011612,1021.6906127929688,22.469999313354492,8.924067497253418,-3.756428242,374004928,1267773312,14.100000381469727,0.4269888699054718,25.010000228881836,5,1,-4.960000038,-0.25,6.170000076293945,-5.5,0,90287,90296,90781,90294,0,90296,STANDBY
1.1100000143051147,-0.889999986,10.300000190734863,0,0,0.10000000149011612,1021.570801,22.389999389648438,9.895147323608398,1.4802050590515137,374004960,1267773312,14.100000381469727,0.24693332612514496,15.260000228881836,5,1,-4.980000019,-0.25,6.170000076293945,-5.5,0,90387,90396,90875,90391,0,90396,STANDBY
1.1100000143051147,-0.910000026,10.300000190734863,0,-0.100000001,-0.100000001,1021.4606323242188,22.31999969482422,10.78833293914795,4.520073890686035,374004960,1267773312,14.399999618530273,0.24693332612514496,15.260000228881836,5,1,-4.980000019,-0.25,6.159999847412109,-5.510000229,0,90487,90496,90970,90482,0,90496,STANDBY
1.0800000429153442,-0.910000026,10.31000042,0,0,0.10000000149011612,1021.5406494140625,22.37000084,10.139215469360352,0.29637742042541504,374004960,1267773312,14.399999618530273,0.24693332612514496,15.260000228881836,5,1,-4.960000038,-0.25,6.159999847412109,-5.53000021,0,90587,90596,91080,90593,0,90596,STANDBY
1.1200000047683716,-0.879999995,10.31000042,-0.100000001,0,0.10000000149011612,1021.6201782226562,22.420000076293945,9.495290756225586,-2.386017323,374004960,1267773312,14.399999618530273,0.24693332612514496,15.260000228881836,5,1,-4.940000057,-0.25,6.170000076293945,-5.539999962,0,90687,90696,91174,90691,0,90696,STANDBY
1.100000023841858,-0.910000026,10.300000190734863,0,0,0,1021.691406,22.469999313354492,8.916277885437012,-3.843102455,374004960,1267773312,14.399999618530273,0.24693332612514496,15.260000228881836,5,1,-4.940000057,-0.25999999,6.159999847412109,-5.550000191,0,90787,90796,91269,90782,0,90796,STANDBY
1.1100000143051147,-0.920000017,10.31000042,0,0,0.10000000149011612,1021.5692138671875,22.389999389648438,9.908129692077637,1.5078215599060059,374004960,1267773312,14.399999618530273,0.24693332612514496,15.260000228881836,5,1,-4.920000076,-0.25999999,6.170000076293945,-5.559999943,0,90888,90896,91379,90892,0,90896,STANDBY
1.1200000047683716,-0.889999986,10.300000190734863,0,0,0.10000000149011612,1021.4573364257812,22.31999969482422,10.81689453,4.600065231323242,374004960,1267773312,14.399999618530273,0.24693332612514496,15.260000228881836,5,1,-4.949999809,-0.25999999,6.170000076293945,-5.570000172,0,90988,90996,91473,90987,0,90996,STANDBY
1.090000033378601,-0.910000026,10.31000042,0,-0.100000001,0,1021.5390014648438,22.37000084,10.15219783782959,0.28525519371032715,374004960,1267773312,14.399999618530273,0.24693332612514496,15.260000228881836,5,1,-4.949999809,-0.270000011,6.170000076293945,-5.579999924,0,91088,91096,91568,91081,0,91096,STANDBY
1.1100000143051147,-0.910000026,10.31000042,0,0,0.10000000149011612,1021.6151733398438,22.420000076293945,9.536834716796875,-2.278889179,374004960,1267773312,14.399999618530273,0.24693332612514496,15.260000228881836,5,1,-4.960000038,-0.270000011,6.170000076293945,-5.579999924,0,91188,91196,91678,91191,0,91196,STANDBY
1.1299999952316284,-0.879999995,10.300000190734863,0,0,0.10000000149011612,1021.6864013671875,22.469999313354492,8.957821846,-3.774540663,374004960,1267773312,14.399999618530273,0.24693332612514496,15.260000228881836,5,1,-4.949999809,-0.270000011,6.179999828338623,-5.590000153,0,91288,91296,91772,91286,0,91296,STANDBY
1.090000033378601,-0.920000017,10.31000042,-0.100000001,0,0.10000000149011612,1021.5679931640625,22.389999389648438,9.918515205,1.4270672798156738,374004960,1267773312,14.399999618530273,0.4938666522502899,127.08999633789062,5,1,-4.989999771,-0.270000011,6.179999828338623,-5.590000153,0,91388,91396,91868,91380,0,91396,STANDBY
1.100000023841858,-0.899999976,10.31000042,-0.100000001,0,0.10000000149011612,1021.4564208984375,22.31999969482422,10.824684143066406,4.537998676300049,374004960,1267773312,15,0.4938666522502899,127.08999633789062,6,1,-4.96999979,-0.270000011,6.179999828338623,-5.599999905,0,91488,91496,91977,91491,0,91496,STANDBY
1.1299999952316284,-0.889999986,10.300000190734863,0,0,0,1021.538330078125,22.37999916,10.159987449645996,0.24553251266479492,374004960,1267773312,15,0.4938666522502899,127.08999633789062,6,1,-4.980000019,-0.280000001,6.179999828338623,-5.610000134,0,91588,91596,92071,91585,0,91596,STANDBY
1.1100000143051147,-0.920000017,10.300000190734863,-0.100000001,0,0,1021.6135864257812,22.420000076293945,9.547220230102539,-2.293928146,374004960,1267773312,15,0.4938666522502899,127.08999633789062,6,1,-4.989999771,-0.280000001,6.179999828338623,-5.619999886,0,91688,91696,92182,91695,0,91696,STANDBY
1.1200000047683716,-0.889999986,10.31000042,0,0,0,1021.6891479492188,22.469999313354492,8.934453010559082,-3.919182777,374004960,1267773312,15,0.4938666522502899,127.08999633789062,6,1,-4.989999771,-0.270000011,6.179999828338623,-5.619999886,0,91788,91796,92276,91791,0,91796,STANDBY
1.1299999952316284,-0.879999995,10.300000190734863,0,0,0,1021.569091796875,22.399999618530273,9.910726547241211,1.3968172073364258,374004960,1267773312,15,0.4938666522502899,127.08999633789062,6,1,-4.980000019,-0.270000011,6.179999828338623,-5.619999886,0,91888,91896,92370,91884,0,91896,STANDBY
1.090000033378601,-0.910000026,10.300000190734863,0,0,0,1021.4531860351562,22.31999969482422,10.850647926330566,4.653648376464844,374004960,1267773312,15,0.4938666522502899,127.08999633789062,6,1,-4.989999771,-0.270000011,6.179999828338623,-5.630000114,0,91988,91996,92481,91992,0,91996,STANDBY
1.1100000143051147,-0.899999976,10.300000190734863,-0.100000001,0.10000000149011612,0.10000000149011612,1021.539063,22.37999916,10.15219783782959,0.18453478813171387,374004960,1267773312,15,0.4938666522502899,127.08999633789062,6,1,-4.96999979,-0.270000011,6.190000057220459,-5.639999866,0,92088,92096,92575,92092,0,92096,STANDBY
1.1200000047683716,-0.889999986,10.300000190734863,0,0,0,1021.6126708984375,22.43000030517578,9.555009841918945,-2.270649672,374004960,1267773312,15,0.4938666522502899,127.08999633789062,6,1,-4.960000038,-0.270000011,6.179999828338623,-5.650000095,0,92188,92196,92669,92182,0,92196,STANDBY
1.090000033378601,-0.920000017,10.289999961853027,0,0,0,1021.686279296875,22.479999542236328,8.957821846,-3.841967821,374004960,1267773312,15,0.4938666522502899,127.08999633789062,6,1,-4.940000057,-0.270000011,6.179999828338623,-5.659999847,0,92288,92296,92780,92293,0,92296,STANDBY
1.1200000047683716,-0.889999986,10.289999961853027,0,0,0.10000000149011612,1021.560791015625,22.399999618530273,9.975638389587402,1.6124067306518555,374004960,1267773312,15,0.5658888816833496,25.739999771118164,6,1,-4.949999809,-0.270000011,6.179999828338623,-5.659999847,0,92388,92396,92874,92387,0,92396,STANDBY
1.100000023841858,-0.889999986,10.289999961853027,0,0,-0.100000001,1021.4473266601562,22.31999969482422,10.897384643554688,4.718925476074219,374004960,1267773312,15.5,0.5658888816833496,25.739999771118164,5,1,-4.949999809,-0.270000011,6.170000076293945,-5.670000076,0,92488,92496,92968,92481,0,92496,STANDBY
1.100000023841858,-0.910000026,10.300000190734863,0,0,0.10000000149011612,1021.5332641601562,22.37999916,10.198934555053711,0.22631216049194336,374004960,1267773312,15.5,0.5658888816833496,25.739999771118164,5,1,-4.96999979,-0.270000011,6.170000076293945,-5.670000076,0,92588,92596,93079,92592,0,92596,STANDBY
1.1100000143051147,-0.889999986,10.300000190734863,0,0,0.10000000149011612,1021.6087646484375,22.43000030517578,9.588764190673828,-2.295841694,374004960,1267773312,15.5,0.5658888816833496,25.739999771118164,5,1,-4.96999979,-0.270000011,6.159999847412109,-5.670000076,0,92688,92696,93173,92686,0,92696,STANDBY
1.1100000143051147,-0.899999976,10.289999961853027,0,0,0,1021.6781005859375,22.479999542236328,9.02532959,-3.723077297,374004960,1267773312,15.5,0.5658888816833496,25.739999771118164,5,1,-4.960000038,-0.270000011,6.159999847412109,-5.679999828,0,92788,92796,93283,92796,0,92796,STANDBY
1.090000033378601,-0.910000026,10.300000190734863,0,0,0,1021.5615844726562,22.399999618530273,9.970444679260254,1.397690773010254,374004960,1267773312,15.5,0.5658888816833496,25.739999771118164,5,1,-4.96999979,-0.25999999,6.150000095367432,-5.679999828,0,92888,92896,93378,92892,0,92896,STANDBY
1.1100000143051147,-0.899999976,10.300000190734863,0,0,0.10000000149011612,1021.449707,22.329999923706055,10.879209518432617,4.529581546783447,374004960,1267773312,15.5,0.5658888816833496,25.739999771118164,5,1,-4.96999979,-0.270000011,6.159999847412109,-5.690000057,0,92988,92996,93472,92985,0,92996,STANDBY
1.1100000143051147,-0.889999986,10.289999961853027,0,-0.100000001,0,1021.5316162109375,22.37999916,10.21191692352295,0.22976183891296387,374004960,1267773312,15.5,0.5658888816833496,25.739999771118164,5,1,-4.980000019,-0.270000011,6.150000095367432,-5.699999809,0,93088,93096,93583,93095,0,93096,STANDBY
1.0800000429153442,-0.920000017,10.300000190734863,-0.100000001,0,0.10000000149011612,1021.6055297851562,22.43000030517578,9.614728927612305,-2.241704464,374004960,1267773312,15.5,0.5658888816833496,25.739999771118164,5,1,-4.980000019,-0.270000011,6.150000095367432,-5.710000038,0,93188,93196,93677,93191,0,93196,STANDBY
1.1200000047683716,-0.879999995,10.289999961853027,0,-0.100000001,0.10000000149011612,1021.682129,22.479999542236328,8.991576194763184,-3.927301884,374004960,1267773312,15.5,0.5658888816833496,25.739999771118164,5,1,-4.96999979,-0.270000011,6.159999847412109,-5.710000038,0,93288,93296,93771,93284,0,93296,STANDBY
1.1100000143051147,-0.910000026,10.289999961853027,0,0,0,1021.562255859375,22.399999618530273,9.965251922607422,1.3812296390533447,374005024,1267773312,15.5,0.37039998173713684,11.970000267028809,5,1,-5,-0.270000011,6.150000095367432,-5.710000038,0,93388,93396,93882,93394,0,93396,STANDBY
1.090000033378601,-0.910000026,10.300000190734863,-0.100000001,0,0.10000000149011612,1021.4464721679688,22.329999923706055,10.905174255371094,4.643676280975342,374005024,1267773312,15.800000190734863,0.37039998173713684,11.970000267028809,5,1,-4.989999771,-0.270000011,6.159999847412109,-5.730000019,0,93488,93496,93976,93491,0,93496,STANDBY
1.1299999952316284,-0.899999976,10.300000190734863,0,0,0.10000000149011612,1021.5283813476562,22.37999916,10.240477561950684,0.31316614151000977,374005024,1267773312,15.800000190734863,0.37039998173713684,11.970000267028809,5,1,-4.989999771,-0.270000011,6.159999847412109,-5.730000019,0,93588,93596,94070,93583,0,93596,STANDBY
1.1100000143051147,-0.899999976,10.289999961853027,0,-0.100000001,0,1021.60791,22.43000030517578,9.593956947,-2.385656118,374005024,1267773312,15.800000190734863,0.37039998173713684,11.970000267028809,5,1,-5,-0.270000011,6.170000076293945,-5.739999771,0,93688,93696,94181,93693,0,93696,STANDBY
1.100000023841858,-0.920000017,10.289999961853027,-0.100000001,0,0.10000000149011612,1021.6788330078125,22.479999542236328,9.020136833190918,-3.822100401,374005024,1267773312,15.800000190734863,0.37039998173713684,11.970000267028809,5,1,-5,-0.270000011,6.170000076293945,-5.739999771,0,93789,93796,94275,93788,0,93796,STANDBY
1.1100000143051147,-0.879999995,10.289999961853027,0,0,0.10000000149011612,1021.5606079101562,22.399999618530273,9.978234291,1.3862454891204834,374005024,1267773312,15.800000190734863,0.37039998173713684,11.970000267028809,5,1,-5.019999981,-0.270000011,6.159999847412109,-5.739999771,0,93889,93896,94369,93882,0,93896,STANDBY
1.090000033378601,-0.920000017,10.300000190734863,0,0,0.10000000149011612,1021.4508056640625,22.329999923706055,10.868824005126953,4.449555874,374005024,1267773312,15.800000190734863,0.37039998173713684,11.970000267028809,5,1,-5.010000229,-0.270000011,6.150000095367432,-5.75,0,93989,93996,94479,93992,0,93996,STANDBY
1.1100000143051147,-0.899999976,10.300000190734863,-0.100000001,0,0,1021.5323486328125,22.37999916,10.206724166870117,0.19931650161743164,374005024,1267773312,15.800000190734863,0.37039998173713684,11.970000267028809,5,1,-5,-0.270000011,6.159999847412109,-5.760000229,0,94089,94096,94574,94087,0,94096,STANDBY
1.1100000143051147,-0.899999976,10.289999961853027,0,0,0,1021.6099243164062,22.43000030517578,9.578377723693848,-2.38582325,374005024,1267773312,15.800000190734863,0.37039998173713684,11.970000267028809,5,1,-5.010000229,-0.270000011,6.159999847412109,-5.760000229,0,94189,94196,94668,94181,0,94196,STANDBY
1.100000023841858,-0.899999976,10.289999961853027,0,0,0,1021.681152,22.479999542236328,8.999364852905273,-3.842978477,374005024,1267773312,15.800000190734863,0.37039998173713684,11.970000267028809,5,1,-5.010000229,-0.270000011,6.159999847412109,-5.769999981,0,94289,94296,94778,94292,0,94296,STANDBY
1.100000023841858,-0.889999986,10.300000190734863,0,0,0,1021.5614013671875,22.399999618530273,9.973041534423828,1.4352004528045654,374005056,1267773312,15.800000190734863,0.37039998173713684,2.0999999046325684,5,1,-5,-0.270000011,6.159999847412109,-5.769999981,0,94389,94396,94873,94386,0,94396,STANDBY
1.1100000143051147,-0.889999986,10.300000190734863,-0.100000001,0,0,1021.4483032226562,22.329999923706055,10.889595031738281,4.584742069244385,374005056,1267773312,16,0.37039998173713684,2.0999999046325684,7,1,-5.019999981,-0.270000011,6.150000095367432,-5.769999981,0,94489,94496,94983,94496,0,94496,STANDBY
1.1100000143051147,-0.899999976,10.300000190734863,-0.100000001,0,0.10000000149011612,1021.531738,22.389999389648438,10.21191692352295,0.22352266311645508,374005056,1267773312,16,0.37039998173713684,2.0999999046325684,7,1,-5.03000021,-0.270000011,6.150000095367432,-5.78000021,0,94589,94596,95077,94594,0,94596,STANDBY
1.1299999952316284,-0.899999976,10.300000190734863,0,0,0.10000000149011612,1021.610595703125,22.440000534057617,9.573184967041016,-2.411873341,374005056,1267773312,16,0.37039998173713684,2.0999999046325684,7,1,-5.019999981,-0.270000011,6.159999847412109,-5.78000021,0,94689,94696,95172,94685,0,94696,STANDBY
1.1100000143051147,-0.910000026,10.31000042,0,-0.100000001,0.10000000149011612,1021.6802978515625,22.479999542236328,9.007154465,-3.807721138,374005056,1267773312,16,0.37039998173713684,2.0999999046325684,7,1,-5.03000021,-0.270000011,6.159999847412109,-5.789999962,0,94789,94796,95282,94795,0,94796,STANDBY
1.1100000143051147,-0.899999976,10.289999961853027,0,-0.100000001,-0.100000001,1021.562012,22.40999984741211,9.967848777770996,1.4058356285095215,374005056,1267773312,16,0.37039998173713684,2.0999999046325684,7,1,-5.010000229,-0.270000011,6.170000076293945,-5.800000191,0,94889,94896,95376,94889,0,94896,STANDBY
1.1100000143051147,-0.899999976,10.289999961853027,0,0,0.10000000149011612,1021.4506225585938,22.329999923706055,10.871419906616211,4.514019489,374005056,1267773312,16,0.37039998173713684,2.0999999046325684,7,1,-5,-0.270000011,6.170000076293945,-5.800000191,0,94989,94996,95471,94984,0,94996,STANDBY
1.1100000143051147,-0.889999986,10.300000190734863,0,0,0,1021.532470703125,22.389999389648438,10.206724166870117,0.23018956184387207,374005056,1267773312,16,0.37039998173713684,2.0999999046325684,7,1,-4.989999771,-0.270000011,6.170000076293945,-5.809999943,0,95089,95096,95581,95094,0,95096,STANDBY
1.100000023841858,-0.920000017,10.300000190734863,0,0,0,1021.6099853515625,22.440000534057617,9.578377723693848,-2.316782475,374005056,1267773312,16,0.37039998173713684,2.0999999046325684,7,1,-4.989999771,-0.270000011,6.159999847412109,-5.820000172,0,95190,95196,95676,95188,0,95196,STANDBY
1.1100000143051147,-0.879999995,10.300000190734863,0,0,0.10000000149011612,1021.6812744140625,22.489999771118164,8.999364852905273,-3.798792362,374005056,1267773312,16,0.37039998173713684,2.0999999046325684,7,1,-4.989999771,-0.270000011,6.170000076293945,-5.820000172,0,95290,95296,95770,95283,0,95296,STANDBY
1.090000033378601,-0.889999986,10.300000190734863,0,-0.100000001,0,1021.5631103515625,22.40999984741211,9.957462310791016,1.4219343662261963,374004864,1267773312,16,0.3601110875606537,92.69000244140625,7,1,-5,-0.270000011,6.150000095367432,-5.820000172,0,95390,95396,95880,95393,0,95396,STANDBY
1.100000023841858,-0.910000026,10.300000190734863,0,0,0.10000000149011612,1021.4512329101562,22.34000015258789,10.866227149963379,3.8180854320526123,374004864,1267773312,13.800000190734863,0.3601110875606537,92.69000244140625,7,1,-5,-0.270000011,6.150000095367432,-5.829999924,0,95490,95496,95974,95488,0,95496,STANDBY
1.1299999952316284,-0.889999986,10.31000042,-0.100000001,0,0.10000000149011612,1021.5331420898438,22.389999389648438,10.201530456542969,-0.235983849,374004864,1267773312,13.800000190734863,0.3601110875606537,92.69000244140625,7,1,-4.989999771,-0.270000011,6.159999847412109,-5.840000153,0,95590,95596,96069,95582,0,95596,STANDBY
1.1200000047683716,-0.899999976,10.300000190734863,-0.100000001,0,0.10000000149011612,1021.6051635742188,22.440000534057617,9.617324829101562,-2.020487547,374004864,1267773312,13.800000190734863,0.3601110875606537,92.69000244140625,7,1,-4.989999771,-0.280000001,6.159999847412109,-5.849999905,0,95690,95696,96179,95693,0,95696,STANDBY
1.100000023841858,-0.910000026,10.300000190734863,-0.200000003,0,0.10000000149011612,1021.6802978515625,22.489999771118164,9.007154465,-3.245657444,374004864,1267773312,13.800000190734863,0.3601110875606537,92.69000244140625,7,1,-4.989999771,-0.280000001,6.159999847412109,-5.860000134,0,95790,95796,96274,95787,0,95796,STANDBY
1.1200000047683716,-0.879999995,10.31000042,0,-0.100000001,0,1021.560547,22.40999984741211,9.978234291,1.030234694480896,374004864,1267773312,13.800000190734863,0.3601110875606537,92.69000244140625,7,1,-5,-0.280000001,6.159999847412109,-5.860000134,0,95890,95896,96384,95896,0,95896,STANDBY
1.1100000143051147,-0.910000026,10.289999961853027,0,-0.100000001,0,1021.44873,22.34000015258789,10.886999130249023,3.5673978328704834,374004864,1267773312,13.800000190734863,0.3601110875606537,92.69000244140625,7,1,-5.010000229,-0.270000011,6.170000076293945,-5.860000134,0,95990,95996,96478,95993,0,95996,STANDBY
1.1200000047683716,-0.910000026,10.31000042,0,0,0,1021.5303344726562,22.389999389648438,10.222302436828613,0.15610523521900177,374004864,1267773312,13.800000190734863,0.3601110875606537,92.69000244140625,7,1,-4.989999771,-0.270000011,6.179999828338623,-5.860000134,0,96090,96096,96572,96084,0,96096,STANDBY
1.1100000143051147,-0.889999986,10.31000042,-0.100000001,0,0.10000000149011612,1021.6026000976562,22.440000534057617,9.638096809387207,-1.769550681,374004864,1267773312,13.800000190734863,0.3601110875606537,92.69000244140625,7,1,-4.989999771,-0.270000011,6.170000076293945,-5.869999886,0,96190,96196,96683,96195,0,96196,STANDBY
1.090000033378601,-0.899999976,10.300000190734863,0,0,0.10000000149011612,1021.673828,22.489999771118164,9.059083938598633,-2.985353708,374004864,1267773312,13.800000190734863,0.3601110875606537,92.69000244140625,7,1,-5,-0.280000001,6.159999847412109,-5.880000114,0,96290,96296,96777,96290,0,96296,STANDBY
1.1100000143051147,-0.899999976,10.300000190734863,0,0,0,1021.5540771484375,22.40999984741211,10.030163764953613,1.196829080581665,374004704,1267773440,13.800000190734863,0.709933341,153.52000427246094,7,1,-4.989999771,-0.280000001,6.170000076293945,-5.880000114,0,96390,96396,96872,96385,0,96396,STANDBY
1.1100000143051147,-0.899999976,10.300000190734863,-0.100000001,0,0.10000000149011612,1021.4421997070312,22.34000015258789,10.938928604125977,3.674018144607544,374004704,1267773440,11.899999618530273,0.709933341,153.52000427246094,6,1,-4.989999771,-0.280000001,6.170000076293945,-5.900000095,0,96490,96496,96982,96493,0,96496,STANDBY
1.1100000143051147,-0.899999976,10.289999961853027,-0.100000001,0,0.10000000149011612,1021.522216796875,22.389999389648438,10.289811134338379,0.27419567108154297,374004704,1267773440,11.899999618530273,0.709933341,153.52000427246094,6,1,-5.010000229,-0.280000001,6.159999847412109,-5.900000095,0,96590,96596,97076,96589,0,96596,STANDBY
1.1100000143051147,-0.910000026,10.300000190734863,-0.100000001,0,0,1021.5960693359375,22.440000534057617,9.690026283,-1.74382627,374004704,1267773440,11.899999618530273,0.709933341,153.52000427246094,6,1,-5.010000229,-0.289999992,6.170000076293945,-5.909999847,0,96690,96696,97171,96684,0,96696,STANDBY
1.1100000143051147,-0.889999986,10.300000190734863,0,0,0.10000000149011612,1021.6729125976562,22.489999771118164,9.066873550415039,-3.110137701,374004704,1267773440,11.899999618530273,0.709933341,153.52000427246094,6,1,-5.019999981,-0.280000001,6.170000076293945,-5.900000095,0,96790,96796,97281,96793,0,96796,STANDBY
1.090000033378601,-0.899999976,10.300000190734863,0,0,0,1021.5524291992188,22.40999984741211,10.045742988586426,1.141893982887268,374004704,1267773440,11.899999618530273,0.709933341,153.52000427246094,6,1,-5.019999981,-0.280000001,6.159999847412109,-5.909999847,0,96890,96896,97375,96887,0,96896,STANDBY
1.1100000143051147,-0.910000026,10.300000190734863,0,0,0.10000000149011612,1021.4421997070312,22.34000015258789,10.938928604125977,3.589006185531616,374004704,1267773440,11.899999618530273,0.709933341,153.52000427246094,6,1,-5.019999981,-0.280000001,6.170000076293945,-5.909999847,0,96990,96996,97469,96982,0,96996,STANDBY
1.1299999952316284,-0.870000005,10.31000042,-0.100000001,0,0.10000000149011612,1021.5237426757812,22.389999389648438,10.27682876586914,0.17824459075927734,374004704,1267773440,11.899999618530273,0.709933341,153.52000427246094,6,1,-5.010000229,-0.280000001,6.159999847412109,-5.920000076,0,97090,97096,97580,97093,0,97096,STANDBY
1.090000033378601,-0.910000026,10.300000190734863,0,0,0.10000000149011612,1021.6017456054688,22.440000534057617,9.643289566040039,-1.913248897,374004704,1267773440,11.899999618530273,0.709933341,153.52000427246094,6,1,-5.019999981,-0.280000001,6.159999847412109,-5.920000076,0,97190,97196,97674,97186,0,97196,STANDBY
1.1100000143051147,-0.899999976,10.300000190734863,0,0,0.10000000149011612,1021.6729125976562,22.489999771118164,9.066873550415039,-3.069010496,374004704,1267773440,11.899999618530273,0.709933341,153.52000427246094,6,1,-5.019999981,-0.280000001,6.170000076293945,-5.929999828,0,97290,97296,97768,97282,0,97296,STANDBY
1.1200000047683716,-0.889999986,10.300000190734863,-0.100000001,0,0.10000000149011612,1021.5531005859375,22.40999984741211,10.03795337677002,1.1432886123657227,374004736,1267773440,11.899999618530273,0.4578555226325989,157.77999877929688,6,1,-4.989999771,-0.280000001,6.179999828338623,-5.929999828,0,97390,97396,97879,97393,0,97396,STANDBY
1.1100000143051147,-0.889999986,10.31000042,0,-0.100000001,0.10000000149011612,1021.4400024414062,22.34000015258789,10.957103729248047,3.672985792160034,374004736,1267773440,12.199999809265137,0.4578555226325989,157.77999877929688,6,1,-4.980000019,-0.280000001,6.179999828338623,-5.940000057,0,97490,97496,97973,97485,0,97496,STANDBY
1.090000033378601,-0.910000026,10.31000042,0,0,0.10000000149011612,1021.5215454101562,22.399999618530273,10.295003890991211,0.23199139535427094,374004736,1267773440,12.199999809265137,0.4578555226325989,157.77999877929688,6,1,-4.989999771,-0.289999992,6.179999828338623,-5.949999809,0,97590,97596,98083,97596,0,97596,STANDBY
1.1200000047683716,-0.889999986,10.300000190734863,0,0,0.10000000149011612,1021.599121,22.450000762939453,9.666658401489258,-1.862231135,374004736,1267773440,12.199999809265137,0.4578555226325989,157.77999877929688,6,1,-5,-0.289999992,6.179999828338623,-5.949999809,0,97690,97696,98178,97693,0,97696,STANDBY
1.1100000143051147,-0.899999976,10.300000190734863,0,0,0,1021.6702880859375,22.489999771118164,9.087645530700684,-3.044669151,374004736,1267773440,12.199999809265137,0.4578555226325989,157.77999877929688,6,1,-5.010000229,-0.289999992,6.179999828338623,-5.949999809,0,97790,97796,98272,97784,0,97796,STANDBY
1.090000033378601,-0.910000026,10.300000190734863,0,0,0.10000000149011612,1021.5521850585938,22.420000076293945,10.045742988586426,1.1173235177993774,374004736,1267773440,12.199999809265137,0.4578555226325989,157.77999877929688,6,1,-5.019999981,-0.289999992,6.179999828338623,-5.949999809,0,97890,97896,98382,97895,0,97896,STANDBY
1.1200000047683716,-0.889999986,10.289999961853027,0,0,0.10000000149011612,1021.440673828125,22.34000015258789,10.951910972595215,3.6148247718811035,374004736,1267773440,12.199999809265137,0.4578555226325989,157.77999877929688,6,1,-5.019999981,-0.289999992,6.179999828338623,-5.960000038,0,97990,97996,98477,97989,0,97996,STANDBY
1.100000023841858,-0.910000026,10.300000190734863,0,-0.100000001,0.10000000149011612,1021.5223388671875,22.399999618530273,10.289811134338379,0.19476833939552307,374004736,1267773440,12.199999809265137,0.4578555226325989,157.77999877929688,6,1,-5.03000021,-0.289999992,6.179999828338623,-5.960000038,0,98091,98096,98571,98083,0,98096,STANDBY
1.1200000047683716,-0.889999986,10.300000190734863,-0.100000001,0,0.10000000149011612,1021.599853515625,22.450000762939453,9.658868789672852,-1.894363761,374004736,1267773440,12.199999809265137,0.4578555226325989,157.77999877929688,6,1,-5.019999981,-0.289999992,6.179999828338623,-5.96999979,0,98191,98196,98681,98194,0,98196,STANDBY
1.100000023841858,-0.899999976,10.300000190734863,0,-0.100000001,-0.100000001,1021.6697387695312,22.5,9.092838287353516,-3.023690462,374004736,1267773440,12.199999809265137,0.4578555226325989,157.77999877929688,6,1,-5.03000021,-0.289999992,6.170000076293945,-5.96999979,0,98291,98296,98776,98288,0,98296,STANDBY
1.090000033378601,-0.899999976,10.31000042,0,0,0.10000000149011612,1021.5499877929688,22.420000076293945,10.063918113708496,1.1722935438156128,374004672,1267773440,12.199999809265137,0.1903444230556488,157.77999877929688,6,1,-5.010000229,-0.289999992,6.179999828338623,-5.980000019,0,98391,98396,98870,98382,0,98396,STANDBY
1.1200000047683716,-0.879999995,10.300000190734863,-0.100000001,0,0,1021.4381103515625,22.350000381469727,10.97268295288086,3.658315420150757,374004672,1267773440,10.699999809265137,0.1903444230556488,157.77999877929688,6,1,-5.010000229,-0.289999992,6.170000076293945,-5.980000019,0,98496,98496,98980,98490,0,98496,STANDBY
1.090000033378601,-0.910000026,10.289999961853027,0,0,0,1021.5140380859375,22.399999618530273,10.357318878173828,0.37215691804885864,374004672,1267773440,10.699999809265137,0.1903444230556488,157.77999877929688,6,1,-5.010000229,-0.289999992,6.170000076293945,-5.989999771,0,98596,98596,99075,98587,0,98596,STANDBY
1.1100000143051147,-0.879999995,10.300000190734863,-0.100000001,0,0.10000000149011612,1021.5917358398438,22.450000762939453,9.726376534,-1.780835152,374004672,1267773440,10.699999809265137,0.1903444230556488,157.77999877929688,6,1,-5.010000229,-0.280000001,6.170000076293945,-5.980000019,0,98696,98696,99169,98681,0,98696,STANDBY
1.1100000143051147,-0.889999986,10.300000190734863,0,0,0,1021.6632690429688,22.5,9.144767761230469,-3.000882864,374004672,1267773440,10.699999809265137,0.1903444230556488,157.77999877929688,6,1,-5.019999981,-0.280000001,6.170000076293945,-5.989999771,0,98796,98796,99279,98792,0,98796,STANDBY
1.090000033378601,-0.930000007,10.31000042,-0.100000001,0,0.10000000149011612,1021.555419921875,22.43000030517578,10.01977825164795,0.87946856,374004672,1267773440,10.699999809265137,0.1903444230556488,157.77999877929688,6,1,-5.019999981,-0.289999992,6.170000076293945,-6,0,98896,98896,99374,98886,0,98896,STANDBY
1.1200000047683716,-0.879999995,10.300000190734863,0,0,0.10000000149011612,1021.445556640625,22.360000610351562,10.910367012023926,3.4127438068389893,374004672,1267773440,10.699999809265137,0.1903444230556488,157.77999877929688,6,1,-5.019999981,-0.289999992,6.170000076293945,-6,0,98996,98996,99468,98980,0,98996,STANDBY
1.1299999952316284,-0.870000005,10.300000190734863,0,-0.100000001,0.10000000149011612,1021.5271606445312,22.40999984741211,10.24826717376709,0.065436557,374004672,1267773440,10.699999809265137,0.1903444230556488,157.77999877929688,6,1,-5,-0.289999992,6.170000076293945,-6.010000229,0,99096,99096,99577,99091,0,99096,STANDBY
1.0700000524520874,-0.930000007,10.289999961853027,0,0,0,1021.6046752929688,22.459999084472656,9.619921684265137,-1.968826175,374004672,1267773440,10.699999809265137,0.1903444230556488,157.77999877929688,6,1,-5.019999981,-0.289999992,6.159999847412109,-6.019999981,0,99196,99196,99673,99185,0,99196,STANDBY
1.1299999952316284,-0.899999976,10.300000190734863,-0.100000001,0.10000000149011612,0.10000000149011612,1021.6746215820312,22.510000228881836,9.053891182,-3.071346283,374004672,1267773440,10.699999809265137,0.1903444230556488,157.77999877929688,6,1,-5,-0.289999992,6.179999828338623,-6.019999981,0,99296,99296,99782,99295,0,99296,STANDBY
1.1299999952316284,-0.889999986,10.300000190734863,0,-0.200000003,-0.100000001,1021.5547485351562,22.43000030517578,10.024971008300781,1.1417938470840454,374004768,1267773440,10.699999809265137,0.2572222054004669,158.6199951171875,6,1,-5.019999981,-0.289999992,6.159999847412109,-6.019999981,0,99396,99396,99876,99389,0,99396,STANDBY
1.0800000429153442,-0.930000007,10.31000042,0,0,0.10000000149011612,1021.4390869140625,22.360000610351562,10.964893341064453,3.738499402999878,374004768,1267773440,11.600000381469727,0.2572222054004669,158.6199951171875,6,1,-5.019999981,-0.289999992,6.159999847412109,-6.019999981,0,99496,99496,99971,99484,0,99496,STANDBY
1.1200000047683716,-0.870000005,10.31000042,-0.200000003,0,0.10000000149011612,1021.5205688476562,22.40999984741211,10.302793502807617,0.2739202678203583,374004768,1267773440,11.600000381469727,0.2572222054004669,158.6199951171875,6,1,-5.010000229,-0.289999992,6.170000076293945,-6.019999981,0,99596,99596,100081,99594,0,99596,STANDBY
1.1299999952316284,-0.870000005,10.31000042,0,-0.100000001,-0.100000001,1021.5997924804688,22.459999084472656,9.661464691,-1.876943231,374004768,1267773440,11.600000381469727,0.2572222054004669,158.6199951171875,6,1,-5.03000021,-0.289999992,6.159999847412109,-6.019999981,0,99696,99696,100175,99688,0,99696,STANDBY
1.090000033378601,-0.939999998,10.300000190734863,-0.100000001,0,0.20000000298023224,1021.6729736328125,22.510000228881836,9.066873550415039,-3.103935242,374004768,1267773440,11.600000381469727,0.2572222054004669,158.6199951171875,6,1,-5.03000021,-0.300000012,6.170000076293945,-6.03000021,0,99796,99796,100270,99782,0,99796,STANDBY
1.1399999856948853,-0.860000014,10.31000042,-0.100000001,0,0.10000000149011612,1021.5531005859375,22.43000030517578,10.03795337677002,1.1209367513656616,374004768,1267773440,11.600000381469727,0.2572222054004669,158.6199951171875,6,1,-5.03000021,-0.289999992,6.179999828338623,-6.03000021,0,99896,99896,100380,99893,0,99896,STANDBY
1.090000033378601,-0.910000026,10.31000042,0,-0.100000001,-0.100000001,1021.442626953125,22.360000610351562,10.936331748962402,3.592210531234741,374004768,1267773440,11.600000381469727,0.2572222054004669,158.6199951171875,6,1,-5.039999962,-0.300000012,6.159999847412109,-6.039999962,0,99999,99999,100474,99987,0,99999,STANDBY
1.0700000524520874,-0.930000007,10.31000042,-0.100000001,0,0.10000000149011612,1021.4556884765625,22.37000084,10.829876899719238,1.9583593606948853,374004768,1267773440,11.600000381469727,0.2572222054004669,158.6199951171875,6,1,-5.03000021,-0.300000012,6.159999847412109,-6.039999962,0,100099,100099,100584,100097,0,100099,STANDBY
1.159999966621399,-0.850000024,10.31000042,0,0,0.10000000149011612,1021.5408325195312,22.420000076293945,10.139215469360352,-0.956766605,374004768,1267773440,11.600000381469727,0.2572222054004669,158.6199951171875,6,1,-5.019999981,-0.289999992,6.170000076293945,-6.039999962,0,100199,100199,100679,100191,0,100199,STANDBY
1.0800000429153442,-0.930000007,10.300000190734863,0,-0.100000001,-0.100000001,1021.6160888671875,22.469999313354492,9.529045104980469,-2.564875841,374004768,1267773440,11.600000381469727,0.2572222054004669,158.6199951171875,6,1,-5.019999981,-0.300000012,6.159999847412109,-6.050000191,0,100299,100299,100773,100286,0,100299,STANDBY
1.100000023841858,-0.910000026,10.300000190734863,-0.100000001,0,0.20000000298023224,1021.5003051757812,22.399999618530273,10.466370582580566,1.3579210042953491,374004832,1267773312,11.600000381469727,0.10288888216018677,158.6199951171875,6,1,-5.019999981,-0.300000012,6.179999828338623,-6.039999962,0,100399,100399,100883,100396,0,100399,STANDBY
1.1399999856948853,-0.850000024,10.300000190734863,0,-0.100000001,0,1021.3925170898438,22.329999923706055,11.341381072998047,3.6691033840179443,374004832,1267773312,12.199999809265137,0.10288888216018677,158.6199951171875,6,1,-5.010000229,-0.300000012,6.170000076293945,-6.050000191,0,100499,100499,100977,100490,0,100499,STANDBY
1.0800000429153442,-0.930000007,10.300000190734863,0,0,0,1021.374512,22.31999969482422,11.486783981323242,2.8135154247283936,374004832,1267773312,12.199999809265137,0.10288888216018677,158.6199951171875,6,1,-5.019999981,-0.300000012,6.170000076293945,-6.059999943,0,100599,100599,101071,100585,0,100599,STANDBY
1.100000023841858,-0.899999976,10.31000042,-0.200000003,0,0.10000000149011612,1021.460449,22.37000084,10.790929794311523,-0.426083565,374004832,1267773312,12.199999809265137,0.10288888216018677,158.6199951171875,6,1,-5,-0.300000012,6.179999828338623,-6.059999943,0,100699,100699,101182,100695,0,100699,STANDBY
1.149999976158142,-0.870000005,10.300000190734863,0,-0.100000001,0,1021.5438842773438,22.43000030517578,10.113250732421875,-2.441266537,374004832,1267773312,12.199999809265137,0.10288888216018677,158.6199951171875,6,1,-5,-0.300000012,6.170000076293945,-6.059999943,0,100799,100799,101276,100789,0,100799,STANDBY
1.0700000524520874,-0.920000017,10.300000190734863,0,-0.100000001,0,1021.4324340820312,22.360000610351562,11.016822814941406,1.3290200233459473,374004832,1267773312,12.199999809265137,0.10288888216018677,158.6199951171875,6,1,-5.010000229,-0.300000012,6.170000076293945,-6.070000172,0,100899,100899,101386,100899,0,100899,STANDBY
1.1100000143051147,-0.870000005,10.31000042,0,0,0.20000000298023224,1021.3262329101562,22.290000915527344,11.878850936889648,4.443718433380127,374004832,1267773312,12.199999809265137,0.10288888216018677,158.6199951171875,6,1,-5,-0.300000012,6.179999828338623,-6.070000172,0,100950,100999,101481,100994,0,100999,STANDBY
1.1200000047683716,-0.879999995,10.300000190734863,0,-0.100000001,-0.100000001,1021.2418823242188,22.229999542236328,12.564318656921387,5.585850715637207,374004832,1267773312,12.199999809265137,0.10288888216018677,158.6199951171875,6,1,-5.010000229,-0.310000002,6.170000076293945,-6.079999924,0,101050,101099,101575,101088,0,101099,STANDBY
1.0700000524520874,-0.930000007,10.300000190734863,0,0,0.10000000149011612,1021.3373413085938,22.299999237060547,11.790570259094238,0.4799511432647705,374004832,1267773312,12.199999809265137,0.10288888216018677,158.6199951171875,6,1,-5.010000229,-0.310000002,6.159999847412109,-6.090000153,0,101150,101199,101685,101197,0,101199,STANDBY
1.1299999952316284,-0.870000005,10.300000190734863,-0.100000001,0,0.10000000149011612,1021.4235229492188,22.350000381469727,11.089523315429688,-2.497019053,374004832,1267773312,12.199999809265137,0.10288888216018677,158.6199951171875,6,1,-5.019999981,-0.310000002,6.170000076293945,-6.079999924,0,101250,101299,101779,101292,0,101299,STANDBY
1.090000033378601,-0.899999976,10.300000190734863,0.10000000149011612,-0.100000001,-0.100000001,1021.318115234375,22.290000915527344,11.946358680725098,1.8292492628097534,374004832,1267773440,12.199999809265137,0.051444441080093384,158.6199951171875,6,1,-5.039999962,-0.310000002,6.150000095367432,-6.079999924,0,101352,101399,101873,101386,0,101399,STANDBY
1.0700000524520874,-0.920000017,10.31000042,0,0,0,1021.220215,22.219999313354492,12.74087905883789,4.348801136016846,374004832,1267773440,12,0.051444441080093384,158.6199951171875,5,1,-5.03000021,-0.310000002,6.159999847412109,-6.090000153,0,101452,101499,101984,101494,0,101499,STANDBY
1.1399999856948853,-0.879999995,10.31000042,0,0,0,1021.123535,22.15999984741211,13.525012969970703,5.919768333435059,374004832,1267773440,12,0.051444441080093384,158.6199951171875,5,1,-5.039999962,-0.310000002,6.170000076293945,-6.079999924,0,101552,101599,102078,101591,0,101599,STANDBY
1.090000033378601,-0.920000017,10.300000190734863,0,-0.100000001,0,1021.2256469726562,22.229999542236328,12.696738243103027,0.4755527973175049,374004832,1267773440,12,0.051444441080093384,158.6199951171875,5,1,-5.039999962,-0.310000002,6.159999847412109,-6.079999924,0,101652,101699,102172,101685,0,101699,STANDBY
1.100000023841858,-0.910000026,10.289999961853027,-0.100000001,0,0.10000000149011612,1021.324462890625,22.290000915527344,11.894429206848145,-2.904882431,374004832,1267773440,12,0.051444441080093384,158.6199951171875,5,1,-5.039999962,-0.310000002,6.159999847412109,-6.090000153,0,101753,101799,102283,101795,0,101799,STANDBY
1.1200000047683716,-0.879999995,10.300000190734863,0,-0.100000001,0,1021.226563,22.229999542236328,12.688949584960938,1.318956732749939,374004832,1267773440,12,0.051444441080093384,158.6199951171875,5,1,-5.039999962,-0.310000002,6.159999847412109,-6.090000153,0,101853,101899,102377,101890,0,101899,STANDBY
1.0800000429153442,-0.910000026,10.31000042,-0.100000001,-0.100000001,-0.100000001,1021.1326293945312,22.15999984741211,13.449714660644531,3.1097543239593506,374004832,1267773440,12,0.051444441080093384,158.6199951171875,5,1,-5.059999943,-0.310000002,6.159999847412109,-6.090000153,0,102003,102003,102487,101998,0,102003,STANDBY
1.1100000143051147,-0.910000026,10.300000190734863,-0.100000001,0,0.10000000149011612,1021.0479125976562,22.110000610351562,14.137779235839844,4.192049503326416,374004832,1267773440,12,0.051444441080093384,158.6199951171875,5,1,-5.050000191,-0.310000002,6.170000076293945,-6.090000153,0,102103,102103,102582,102093,0,102103,STANDBY
1.1299999952316284,-0.889999986,10.289999961853027,0,-0.100000001,0,1021.1553344726562,22.18000030517578,13.267962455749512,-0.100502014,374004832,1267773440,12,0.051444441080093384,158.6199951171875,5,1,-5.050000191,-0.310000002,6.159999847412109,-6.090000153,0,102203,102203,102676,102189,0,102203,STANDBY
1.090000033378601,-0.920000017,10.289999961853027,0,-0.100000001,0,1021.2548217773438,22.239999771118164,12.46045970916748,-2.648330212,374004832,1267773440,12,0.051444441080093384,158.6199951171875,5,1,-5.050000191,-0.310000002,6.159999847412109,-6.099999905,0,102303,102303,102786,102299,0,102303,STANDBY
1.100000023841858,-0.879999995,10.300000190734863,-0.200000003,0,0.10000000149011612,1021.1649780273438,22.190000534057617,13.187471389770508,0.6315059661865234,374004672,1267773440,12,0.3292444348335266,156.05999755859375,5,1,-5.03000021,-0.310000002,6.159999847412109,-6.110000134,0,102403,102403,102881,102393,0,102403,STANDBY
1.1100000143051147,-0.889999986,10.300000190734863,0,0,0,1021.0791625976562,22.12999916,13.885921478271484,2.6392040252685547,374004672,1267773440,10.300000190734863,0.3292444348335266,156.05999755859375,5,1,-5.03000021,-0.310000002,6.159999847412109,-6.110000134,0,102503,102503,102990,102503,0,102503,STANDBY
1.1299999952316284,-0.899999976,10.300000190734863,0,-0.100000001,0.10000000149011612,1020.9923706054688,22.06999969482422,14.58956527709961,3.940750837,374004672,1267773440,10.300000190734863,0.3292444348335266,156.05999755859375,5,1,-5.019999981,-0.310000002,6.159999847412109,-6.110000134,0,102603,102603,103085,102597,0,102603,STANDBY
1.090000033378601,-0.930000007,10.31000042,-0.100000001,0,0.10000000149011612,1021.1044311523438,22.149999618530273,13.680800437927246,-0.385966867,374004672,1267773440,10.300000190734863,0.3292444348335266,156.05999755859375,5,1,-5.010000229,-0.310000002,6.159999847412109,-6.119999886,0,102703,102703,103180,102692,0,102703,STANDBY
1.1399999856948853,-0.860000014,10.300000190734863,-0.100000001,0,0.10000000149011612,1021.2079467773438,22.209999084472656,12.839544296264648,-2.939038515,374004672,1267773440,10.300000190734863,0.3292444348335266,156.05999755859375,5,1,-5,-0.310000002,6.170000076293945,-6.119999886,0,102803,102803,103289,102802,0,102803,STANDBY
1.090000033378601,-0.910000026,10.300000190734863,0,0,-0.100000001,1021.1183471679688,22.149999618530273,13.566555976867676,0.4454526901245117,374004672,1267773440,10.300000190734863,0.3292444348335266,156.05999755859375,5,1,-5.019999981,-0.310000002,6.159999847412109,-6.130000114,0,102903,102903,103384,102896,0,102903,STANDBY
1.100000023841858,-0.920000017,10.289999961853027,-0.200000003,0,0.10000000149011612,1021.0364990234375,22.100000381469727,14.231252670288086,2.412119150161743,374004672,1267773440,10.300000190734863,0.3292444348335266,156.05999755859375,5,1,-5.03000021,-0.310000002,6.170000076293945,-6.130000114,0,103003,103003,103479,102990,0,103003,STANDBY
1.1399999856948853,-0.870000005,10.300000190734863,0,0,0.10000000149011612,1020.949707,22.049999237060547,14.934895515441895,3.7954132556915283,374004672,1267773440,10.300000190734863,0.3292444348335266,156.05999755859375,5,1,-5.03000021,-0.319999993,6.170000076293945,-6.130000114,0,103103,103103,103588,103101,0,103103,STANDBY
1.090000033378601,-0.910000026,10.31000042,0,-0.100000001,-0.100000001,1021.0639038085938,22.12000084,14.007955551147461,-0.53714335,374004672,1267773440,10.300000190734863,0.3292444348335266,156.05999755859375,5,1,-5.039999962,-0.319999993,6.150000095367432,-6.139999866,0,103203,103203,103684,103195,0,103203,STANDBY
1.090000033378601,-0.910000026,10.300000190734863,-0.200000003,0,0.10000000149011612,1021.1732788085938,22.190000534057617,13.119963645935059,-3.912035942,374004672,1267773440,10.300000190734863,0.3292444348335266,156.05999755859375,5,1,-5.03000021,-0.319999993,6.170000076293945,-6.130000114,0,103254,103303,103778,103290,0,103303,STANDBY
1.159999966621399,-0.850000024,10.300000190734863,0,-0.100000001,0.10000000149011612,1021.081787109375,22.12999916,13.862553596496582,0.4666566848754883,374004672,1267773440,10.300000190734863,0.3035221993923187,154.74000549316406,5,1,-5.019999981,-0.310000002,6.170000076293945,-6.139999866,0,103356,103403,103887,103400,0,103403,STANDBY
1.0499999523162842,-0.959999979,10.289999961853027,0,0,0,1020.998291015625,22.079999923706055,14.54023265838623,3.0093765258789062,374004672,1267773440,9.899999618530273,0.3035221993923187,154.74000549316406,4,1,-5.03000021,-0.319999993,6.150000095367432,-6.150000095,0,103456,103503,103982,103494,0,103503,STANDBY
1.1399999856948853,-0.860000014,10.31000042,-0.200000003,0,0.10000000149011612,1020.9198608398438,22.030000686645508,15.178963661193848,4.480925083,374004672,1267773440,9.899999618530273,0.3035221993923187,154.74000549316406,4,1,-5.010000229,-0.319999993,6.170000076293945,-6.139999866,0,103556,103603,104077,103588,0,103603,STANDBY
1.1399999856948853,-0.839999974,10.300000190734863,0,0,-0.100000001,1021.033935546875,22.100000381469727,14.252023696899414,-0.839967728,374004672,1267773440,9.899999618530273,0.3035221993923187,154.74000549316406,4,1,-5.019999981,-0.319999993,6.150000095367432,-6.150000095,0,103656,103703,104186,103699,0,103703,STANDBY
1.059999942779541,-0.930000007,10.300000190734863,-0.100000001,0,0,1021.145751953125,22.18000030517578,13.343259811401367,-4.172635078,374004672,1267773440,9.899999618530273,0.3035221993923187,154.74000549316406,4,1,-5.03000021,-0.319999993,6.159999847412109,-6.150000095,0,103756,103803,104281,103793,0,103803,STANDBY
1.159999966621399,-0.860000014,10.300000190734863,-0.100000001,0,0.10000000149011612,1021.0562744140625,22.12000084,14.070271492004395,0.23756027221679688,374004672,1267773440,9.899999618530273,0.3035221993923187,154.74000549316406,4,1,-5.010000229,-0.310000002,6.170000076293945,-6.139999866,0,103856,103903,104375,103887,0,103903,STANDBY
1.1299999952316284,-0.879999995,10.300000190734863,0,-0.200000003,-0.100000001,1020.9749755859375,22.059999465942383,14.729774475097656,2.790050506591797,374004672,1267773440,9.899999618530273,0.3035221993923187,154.74000549316406,4,1,-5.050000191,-0.319999993,6.150000095367432,-6.139999866,0,103956,104005,104485,103998,0,104005,STANDBY
1.059999942779541,-0.949999988,10.300000190734863,-0.200000003,0,0.10000000149011612,1020.896240234375,22.020000457763672,15.36850643157959,4.340559959411621,374004672,1267773440,9.899999618530273,0.3035221993923187,154.74000549316406,4,1,-5.059999943,-0.319999993,6.150000095367432,-6.150000095,0,104056,104105,104580,104092,0,104105,STANDBY
1.149999976158142,-0.860000014,10.300000190734863,-0.100000001,0.10000000149011612,0.20000000298023224,1021.014404296875,22.09000015258789,14.410408973693848,-1.0544312,374004672,1267773440,9.899999618530273,0.3035221993923187,154.74000549316406,4,1,-5.050000191,-0.319999993,6.170000076293945,-6.139999866,0,104157,104205,104690,104202,0,104205,STANDBY
1.100000023841858,-0.899999976,10.300000190734863,0.10000000149011612,-0.200000003,-0.100000001,1021.1203002929688,22.15999984741211,13.55097770690918,-4.112561226,374004672,1267773440,9.899999618530273,0.3035221993923187,154.74000549316406,4,1,-5.070000172,-0.319999993,6.139999866485596,-6.150000095,0,104257,104305,104784,104296,0,104305,STANDBY
1.059999942779541,-0.949999988,10.300000190734863,-0.100000001,0.10000000149011612,0.10000000149011612,1021.0390014648438,22.110000610351562,14.210480690002441,0.005972624,374004640,1267773568,9.899999618530273,0.3035221993923187,153.97999572753906,4,1,-5.050000191,-0.319999993,6.150000095367432,-6.150000095,0,104357,104406,104879,104390,0,104406,STANDBY
1.159999966621399,-0.829999983,10.289999961853027,-0.100000001,0,0.20000000298023224,1020.9578247070312,22.059999465942383,14.869983673095703,2.6418344974517822,374004640,1267773568,9.5,0.3035221993923187,153.97999572753906,4,1,-5.019999981,-0.319999993,6.159999847412109,-6.150000095,0,104457,104506,104988,104501,0,104506,STANDBY
1.0800000429153442,-0.910000026,10.300000190734863,0.10000000149011612,-0.200000003,-0.200000003,1020.8790893554688,22.010000228881836,15.508715629577637,4.245701789855957,374004640,1267773568,9.5,0.3035221993923187,153.97999572753906,4,1,-5.059999943,-0.319999993,6.130000114440918,-6.159999847,0,104559,104606,105082,104595,0,104606,STANDBY
1.0299999713897705,-0.970000029,10.31000042,-0.100000001,0,0.20000000298023224,1020.9971923828125,22.079999923706055,14.550618171691895,-1.115140676,374004640,1267773568,9.5,0.3035221993923187,153.97999572753906,4,1,-5.059999943,-0.330000013,6.139999866485596,-6.159999847,0,104659,104706,105193,104706,0,104706,STANDBY
1.1799999475479126,-0.829999983,10.289999961853027,-0.100000001,0,0.10000000149011612,1021.1073608398438,22.15999984741211,13.657432556152344,-4.286432266,374004640,1267773568,9.5,0.3035221993923187,153.97999572753906,4,1,-5.059999943,-0.330000013,6.150000095367432,-6.150000095,0,104759,104806,105287,104800,0,104806,STANDBY
1.0499999523162842,-0.959999979,10.300000190734863,0.10000000149011612,-0.200000003,-0.100000001,1021.0201416015625,22.100000381469727,14.363672256469727,0.081642151,374004640,1267773568,9.5,0.3035221993923187,153.97999572753906,4,1,-5.099999905,-0.340000004,6.119999885559082,-6.159999847,0,104859,104906,105381,104894,0,104906,STANDBY
1.0800000429153442,-0.930000007,10.289999961853027,-0.200000003,0.10000000149011612,0.30000001192092896,1020.9406127929688,22.049999237060547,15.010193824768066,2.080554246902466,374004640,1267773568,9.5,0.3035221993923187,153.97999572753906,4,1,-5.059999943,-0.340000004,6.150000095367432,-6.170000076,0,104960,105008,105492,105003,0,105008,STANDBY
1.159999966621399,-0.839999974,10.289999961853027,0,0,-0.100000001,1020.864501953125,22,15.628152847290039,3.309023619,374004640,1267773568,9.5,0.3035221993923187,153.97999572753906,4,1,-5.079999924,-0.330000013,6.139999866485596,-6.159999847,0,105060,105108,105586,105099,0,105108,STANDBY
1.0399999618530273,-0.959999979,10.300000190734863,0,0,0.10000000149011612,1020.9843139648438,22.079999923706055,14.65447712,-0.997987211,374004640,1267773568,9.5,0.3035221993923187,153.97999572753906,4,1,-5.079999924,-0.340000004,6.119999885559082,-6.170000076,0,105160,105208,105680,105193,0,105208,STANDBY
1.090000033378601,-0.910000026,10.300000190734863,-0.200000003,0.10000000149011612,0.20000000298023224,1021.092041015625,22.149999618530273,13.77946662902832,-3.438745499,374004640,1267773568,9.5,0.3035221993923187,153.97999572753906,4,1,-5.079999924,-0.340000004,6.139999866485596,-6.159999847,0,105260,105308,105791,105303,0,105308,STANDBY
1.149999976158142,-0.839999974,10.289999961853027,0,-0.100000001,0,1021.0128173828125,22.100000381469727,14.423391342163086,-0.180641174,374004608,1267773568,9.5,0.3292444348335266,166.47000122070312,4,1,-5.099999905,-0.340000004,6.119999885559082,-6.159999847,0,105361,105408,105885,105398,0,105408,STANDBY
1.0499999523162842,-0.959999979,10.300000190734863,0,-0.100000001,0,1020.933349609375,22.049999237060547,15.067316055297852,1.9449487924575806,374004608,1267773568,9.100000381469727,0.3292444348335266,166.47000122070312,5,1,-5.079999924,-0.349999994,6.110000133514404,-6.179999828,0,105461,105509,105995,105504,0,105509,STANDBY
1.1299999952316284,-0.879999995,10.300000190734863,-0.200000003,0.10000000149011612,0.20000000298023224,1020.8604736328125,22,15.659311294555664,3.1391522884368896,374004608,1267773568,9.100000381469727,0.3292444348335266,166.47000122070312,5,1,-5.050000191,-0.340000004,6.139999866485596,-6.179999828,0,105561,105609,106089,105603,0,105609,STANDBY
1.1299999952316284,-0.879999995,10.300000190734863,0,-0.200000003,-0.100000001,1020.9785766601562,22.079999923706055,14.701213836669922,-1.056854486,374004608,1267773568,9.100000381469727,0.3292444348335266,166.47000122070312,5,1,-5.079999924,-0.340000004,6.119999885559082,-6.170000076,0,105673,105709,106184,105697,0,105709,STANDBY
1.0399999618530273,-0.99000001,10.289999961853027,0,-0.100000001,0.10000000149011612,1021.0888061523438,22.149999618530273,13.805431365966797,-3.542891026,374004608,1267773568,9.100000381469727,0.3292444348335266,166.47000122070312,5,1,-5.090000153,-0.349999994,6.119999885559082,-6.179999828,0,105773,105809,106294,105806,0,105809,STANDBY
1.149999976158142,-0.860000014,10.300000190734863,-0.200000003,0.10000000149011612,0.10000000149011612,1021.0215454101562,22.110000610351562,14.353286743164062,-0.514313161,374004608,1267773568,9.100000381469727,0.3292444348335266,166.47000122070312,5,1,-5.070000172,-0.340000004,6.139999866485596,-6.170000076,0,105873,105909,106388,105901,0,105909,STANDBY
1.149999976158142,-0.870000005,10.289999961853027,0,-0.100000001,-0.100000001,1020.962646484375,22.06999969482422,14.831036567687988,1.199639081954956,374004608,1267773568,9.100000381469727,0.3292444348335266,166.47000122070312,5,1,-5.070000172,-0.340000004,6.130000114440918,-6.170000076,0,105973,106013,106499,106008,0,106013,STANDBY
1.0399999618530273,-0.959999979,10.31000042,-0.100000001,0,0.10000000149011612,1020.9034423828125,22.030000686645508,15.311384201049805,2.3048815727233887,374004608,1267773568,9.100000381469727,0.3292444348335266,166.47000122070312,5,1,-5.079999924,-0.349999994,6.130000114440918,-6.179999828,0,106073,106113,106593,106105,0,106113,STANDBY
1.159999966621399,-0.839999974,10.300000190734863,-0.100000001,0.10000000149011612,0.10000000149011612,1021.017578,22.100000381469727,14.384444236755371,-1.491083622,374004608,1267773568,9.100000381469727,0.3292444348335266,166.47000122070312,5,1,-5.039999962,-0.349999994,6.150000095367432,-6.179999828,0,106173,106213,106687,106200,0,106213,STANDBY
1.1100000143051147,-0.889999986,10.300000190734863,0.10000000149011612,-0.200000003,-0.200000003,1021.1250610351562,22.170000076293945,13.512030601501465,-3.746017218,374004608,1267773568,9.100000381469727,0.3292444348335266,166.47000122070312,5,1,-5.059999943,-0.349999994,6.119999885559082,-6.190000057,0,106273,106313,106798,106309,0,106313,STANDBY
1.059999942779541,-0.970000029,10.289999961853027,-0.100000001,0.10000000149011612,0.20000000298023224,1021.0515747070312,22.12000084,14.10921859741211,-0.48644945,374004448,1267773568,9.100000381469727,0.6018999218940735,162.3699951171875,5,1,-5.050000191,-0.349999994,6.130000114440918,-6.190000057,0,106373,106413,106892,106404,0,106413,STANDBY
1.1799999475479126,-0.829999983,10.300000190734863,0,0,0,1020.9843139648438,22.079999923706055,14.65447712,1.4334996938705444,374004448,1267773568,7.400000095367432,0.6018999218940735,162.3699951171875,5,1,-5.039999962,-0.349999994,6.139999866485596,-6.190000057,0,106473,106513,106986,106499,0,106513,STANDBY
1.0800000429153442,-0.939999998,10.289999961853027,0.10000000149011612,-0.200000003,-0.100000001,1020.9154663085938,22.040000915527344,15.21271800994873,2.703810691833496,374004448,1267773568,7.400000095367432,0.6018999218940735,162.3699951171875,5,1,-5.059999943,-0.349999994,6.119999885559082,-6.199999809,0,106573,106613,107097,106609,0,106613,STANDBY
1.0800000429153442,-0.939999998,10.289999961853027,-0.200000003,0.10000000149011612,0.30000001192092896,1021.0298461914062,22.110000610351562,14.285778045654297,-1.177608132,374004448,1267773568,7.400000095367432,0.6018999218940735,162.3699951171875,5,1,-5.03000021,-0.360000014,6.150000095367432,-6.199999809,0,106674,106713,107191,106703,0,106713,STANDBY
1.1699999570846558,-0.829999983,10.300000190734863,0,-0.100000001,-0.100000001,1021.1373291015625,22.18000030517578,13.41336441040039,-3.54539299,374004448,1267773568,7.400000095367432,0.6018999218940735,162.3699951171875,5,1,-5.050000191,-0.349999994,6.139999866485596,-6.190000057,0,106774,106813,107285,106798,0,106813,STANDBY
1.059999942779541,-0.949999988,10.289999961853027,0,-0.100000001,-0.100000001,1021.1146850585938,22.15999984741211,13.595117568969727,-1.687441468,374004448,1267773568,7.400000095367432,0.6018999218940735,162.3699951171875,5,1,-5.079999924,-0.360000014,6.130000114440918,-6.199999809,0,106874,106913,107396,106907,0,106913,STANDBY
1.1200000047683716,-0.889999986,10.289999961853027,-0.200000003,0.10000000149011612,0.30000001192092896,1021.0259399414062,22.110000610351562,14.316935539245605,1.229854941368103,374004448,1267773568,7.400000095367432,0.6018999218940735,162.3699951171875,5,1,-5.050000191,-0.360000014,6.159999847412109,-6.199999809,0,106974,107013,107490,107002,0,107013,STANDBY
1.190000057220459,-0.829999983,10.300000190734863,0,0,0.10000000149011612,1020.94873,22.059999465942383,14.94268513,2.78950572,374004448,1267773568,7.400000095367432,0.6018999218940735,162.3699951171875,5,1,-5.050000191,-0.349999994,6.150000095367432,-6.199999809,0,107074,107113,107599,107112,0,107113,STANDBY
1.0499999523162842,-0.959999979,10.31000042,0,-0.100000001,-0.100000001,1021.0628662109375,22.12999916,14.015745162963867,-1.180924296,374004448,1267773568,7.400000095367432,0.6018999218940735,162.3699951171875,5,1,-5.059999943,-0.360000014,6.139999866485596,-6.210000038,0,107174,107213,107694,107206,0,107213,STANDBY
1.1100000143051147,-0.879999995,10.289999961853027,-0.200000003,0,0.20000000298023224,1021.1663818359375,22.200000762939453,13.177085876464844,-3.439501286,374004448,1267773568,7.400000095367432,0.6018999218940735,162.3699951171875,5,1,-5.039999962,-0.360000014,6.159999847412109,-6.199999809,0,107274,107313,107789,107301,0,107313,STANDBY
1.159999966621399,-0.839999974,10.289999961853027,0,0,0,1021.2368774414062,22.239999771118164,12.605862617492676,-4.029195309,374004416,1267773568,7.400000095367432,0.5504555106163025,162.0500030517578,5,1,-5.070000172,-0.360000014,6.159999847412109,-6.199999809,0,107374,107413,107898,107410,0,107413,STANDBY
1.059999942779541,-0.959999979,10.300000190734863,0,-0.100000001,0,1021.1470336914062,22.190000534057617,13.332873344421387,-0.252250671,374004416,1267773568,6.800000190734863,0.5504555106163025,162.0500030517578,4,1,-5.090000153,-0.370000005,6.150000095367432,-6.199999809,0,107474,107513,107993,107505,0,107513,STANDBY
1.1200000047683716,-0.889999986,10.300000190734863,-0.200000003,0.10000000149011612,0.30000001192092896,1021.0578002929688,22.12999916,14.057289123535156,2.1566901206970215,374004416,1267773568,6.800000190734863,0.5504555106163025,162.0500030517578,4,1,-5.050000191,-0.360000014,6.159999847412109,-6.210000038,0,107574,107613,108087,107599,0,107613,STANDBY
1.1399999856948853,-0.860000014,10.289999961853027,0,-0.100000001,-0.100000001,1021.164063,22.200000762939453,13.195261001586914,-1.37820828,374004416,1267773568,6.800000190734863,0.5504555106163025,162.0500030517578,4,1,-5.059999943,-0.370000005,6.139999866485596,-6.210000038,0,107675,107713,108197,107710,0,107713,STANDBY
1.0399999618530273,-0.959999979,10.300000190734863,0,0,0,1021.2634887695312,22.260000228881836,12.390355110168457,-3.457752228,374004416,1267773568,6.800000190734863,0.5504555106163025,162.0500030517578,4,1,-5.070000172,-0.370000005,6.139999866485596,-6.210000038,0,107776,107813,108292,107804,0,107813,STANDBY
1.149999976158142,-0.870000005,10.289999961853027,-0.200000003,0,0.20000000298023224,1021.3623657226562,22.31999969482422,11.588046073913574,-4.780350685,374004416,1267773568,6.800000190734863,0.5504555106163025,162.0500030517578,4,1,-5.039999962,-0.370000005,6.159999847412109,-6.210000038,0,107876,107913,108386,107898,0,107913,STANDBY
1.1299999952316284,-0.879999995,10.300000190734863,0,0,-0.100000001,1021.2611083984375,22.260000228881836,12.408530235290527,-0.433875084,374004416,1267773568,6.800000190734863,0.5504555106163025,162.0500030517578,4,1,-5.059999943,-0.370000005,6.139999866485596,-6.21999979,0,107976,108013,108496,108008,0,108013,STANDBY
1.059999942779541,-0.939999998,10.31000042,0,0,0.10000000149011612,1021.169677734375,22.200000762939453,13.151121139526367,2.0986108779907227,374004416,1267773568,6.800000190734863,0.5504555106163025,162.0500030517578,4,1,-5.070000172,-0.379999995,6.139999866485596,-6.21999979,0,108076,108113,108591,108103,0,108113,STANDBY
1.1299999952316284,-0.850000024,10.300000190734863,-0.100000001,0,0.10000000149011612,1021.2661743164062,22.270000457763672,12.366987228393555,-1.166117549,374004416,1267773568,6.800000190734863,0.5504555106163025,162.0500030517578,4,1,-5.03000021,-0.370000005,6.159999847412109,-6.21999979,0,108176,108213,108700,108213,0,108213,STANDBY
1.100000023841858,-0.899999976,10.300000190734863,0,-0.100000001,-0.100000001,1021.3613891601562,22.329999923706055,11.59583568572998,-3.214000463,374004416,1267773568,6.800000190734863,0.5504555106163025,162.0500030517578,4,1,-5.039999962,-0.370000005,6.150000095367432,-6.21999979,0,108276,108313,108794,108307,0,108313,STANDBY
1.0800000429153442,-0.930000007,10.289999961853027,-0.100000001,0,0.10000000149011612,1021.4522094726562,22.37999916,10.858437538146973,-4.41663456,374004224,1267773568,6.800000190734863,0.9517222046852112,169.2100067138672,4,1,-5.03000021,-0.379999995,6.159999847412109,-6.230000019,0,108376,108413,108890,108401,0,108413,STANDBY
1.149999976158142,-0.860000014,10.300000190734863,0,0,0.10000000149011612,1021.3429565429688,22.309999465942383,11.743834495544434,0.006624031,374004224,1267773568,5.199999809265137,0.9517222046852112,169.2100067138672,4,1,-5.03000021,-0.370000005,6.159999847412109,-6.21999979,0,108476,108513,108999,108508,0,108513,STANDBY
1.0800000429153442,-0.920000017,10.289999961853027,0,-0.100000001,0,1021.2432861328125,22.25,12.553933143615723,2.596555233001709,374004224,1267773568,5.199999809265137,0.9517222046852112,169.2100067138672,4,1,-5.059999943,-0.379999995,6.139999866485596,-6.21999979,0,108576,108613,109093,108606,0,108613,STANDBY
1.100000023841858,-0.899999976,10.289999961853027,-0.200000003,0,0.10000000149011612,1021.3429565429688,22.309999465942383,11.743834495544434,-0.930520236,374004224,1267773568,5.199999809265137,0.9517222046852112,169.2100067138672,4,1,-5.039999962,-0.379999995,6.159999847412109,-6.21999979,0,108676,108713,109188,108700,0,108713,STANDBY
1.159999966621399,-0.839999974,10.289999961853027,0,0,0.10000000149011612,1021.4269409179688,22.37000084,11.063558578491211,-2.772415876,374004224,1267773568,5.199999809265137,0.9517222046852112,169.2100067138672,4,1,-5.050000191,-0.379999995,6.159999847412109,-6.21999979,0,108776,108813,109298,108811,0,108813,STANDBY
1.0499999523162842,-0.949999988,10.300000190734863,0,-0.200000003,-0.100000001,1021.515380859375,22.420000076293945,10.34433650970459,-4.075856686,374004224,1267773568,5.199999809265137,0.9517222046852112,169.2100067138672,4,1,-5.059999943,-0.379999995,6.139999866485596,-6.21999979,0,108876,108913,109392,108905,0,108913,STANDBY
1.1399999856948853,-0.860000014,10.300000190734863,-0.200000003,0.10000000149011612,0.30000001192092896,1021.4078979492188,22.360000610351562,11.216751098632812,0.18317833542823792,374004224,1267773568,5.199999809265137,0.9517222046852112,169.2100067138672,4,1,-5.03000021,-0.379999995,6.170000076293945,-6.21999979,0,108976,109014,109487,108999,0,109014,STANDBY
1.1399999856948853,-0.860000014,10.300000190734863,0,-0.200000003,-0.100000001,1021.3040771484375,22.290000915527344,12.060603141784668,2.8175606727600098,374004224,1267773568,5.199999809265137,0.9517222046852112,169.2100067138672,4,1,-5.039999962,-0.379999995,6.150000095367432,-6.21999979,0,109076,109114,109597,109109,0,109114,STANDBY
1.0399999618530273,-0.959999979,10.300000190734863,-0.100000001,0,0.10000000149011612,1021.397949,22.350000381469727,11.29724121,-0.639519334,374004224,1267773568,5.199999809265137,0.9517222046852112,169.2100067138672,4,1,-5.059999943,-0.389999986,6.150000095367432,-6.21999979,0,109176,109214,109691,109204,0,109214,STANDBY
1.159999966621399,-0.850000024,10.289999961853027,-0.100000001,0,0.10000000149011612,1021.4795532226562,22.399999618530273,10.635141372680664,-2.486468554,374004224,1267773568,5.199999809265137,0.9517222046852112,169.2100067138672,4,1,-5.039999962,-0.379999995,6.170000076293945,-6.210000038,0,109277,109314,109786,109298,0,109314,STANDBY
1.1299999952316284,-0.879999995,10.289999961853027,0,-0.200000003,-0.100000001,1021.566406,22.459999084472656,9.931497573852539,-3.843000174,374004224,1267773568,5.199999809265137,0.6944999694824219,164.75999450683594,4,1,-5.059999943,-0.379999995,6.150000095367432,-6.210000038,0,109377,109414,109896,109408,0,109414,STANDBY
1.0499999523162842,-0.959999979,10.300000190734863,-0.100000001,0,0.10000000149011612,1021.4505615234375,22.37999916,10.871419906616211,0.548231304,374004224,1267773568,5.099999904632568,0.6944999694824219,164.75999450683594,4,1,-5.059999943,-0.389999986,6.159999847412109,-6.21999979,0,109477,109514,109990,109503,0,109514,STANDBY
1.159999966621399,-0.850000024,10.300000190734863,-0.100000001,0,0.10000000149011612,1021.3467407226562,22.31999969482422,11.712676048278809,3.0428876876831055,374004224,1267773568,5.099999904632568,0.6944999694824219,164.75999450683594,4,1,-5.03000021,-0.379999995,6.179999828338623,-6.210000038,0,109577,109614,110100,109613,0,109614,STANDBY
1.100000023841858,-0.899999976,10.31000042,0.10000000149011612,-0.200000003,-0.100000001,1021.4368896484375,22.37999916,10.983068466186523,-0.38729611,374004224,1267773568,5.099999904632568,0.6944999694824219,164.75999450683594,4,1,-5.050000191,-0.389999986,6.150000095367432,-6.21999979,0,109677,109714,110194,109707,0,109714,STANDBY
1.0800000429153442,-0.920000017,10.31000042,-0.100000001,0.10000000149011612,0.10000000149011612,1021.5187377929688,22.43000030517578,10.318371772766113,-2.374898911,374004224,1267773568,5.099999904632568,0.6944999694824219,164.75999450683594,4,1,-5.010000229,-0.389999986,6.170000076293945,-6.21999979,0,109777,109814,110289,109801,0,109814,STANDBY
1.1699999570846558,-0.829999983,10.300000190734863,-0.100000001,0,0.10000000149011612,1021.6009521484375,22.479999542236328,9.651079177856445,-3.65527153,374004224,1267773568,5.099999904632568,0.6944999694824219,164.75999450683594,4,1,-5.019999981,-0.389999986,6.179999828338623,-6.210000038,0,109877,109914,110399,109912,0,109914,STANDBY
1.0700000524520874,-0.939999998,10.289999961853027,0,-0.200000003,-0.100000001,1021.4835815429688,22.40999984741211,10.603983879089355,0.7099213004112244,374004224,1267773568,5.099999904632568,0.6944999694824219,164.75999450683594,4,1,-5.050000191,-0.400000006,6.150000095367432,-6.21999979,0,109977,110014,110493,110012,0,110014,STANDBY
1.100000023841858,-0.899999976,10.289999961853027,-0.200000003,0.10000000149011612,0.30000001192092896,1021.3743896484375,22.34000015258789,11.48937988,3.287616729736328,374004224,1267773568,5.099999904632568,0.6944999694824219,164.75999450683594,4,1,-5.019999981,-0.389999986,6.179999828338623,-6.21999979,0,110077,110114,110587,110100,0,110114,STANDBY
1.1699999570846558,-0.829999983,10.300000190734863,0,-0.100000001,0,1021.4642944335938,22.399999618530273,10.759772300720215,-0.230669603,374004224,1267773568,5.099999904632568,0.6944999694824219,164.75999450683594,4,1,-5.019999981,-0.389999986,6.179999828338623,-6.21999979,0,110177,110214,110698,110210,0,110214,STANDBY
1.059999942779541,-0.949999988,10.300000190734863,0,-0.200000003,-0.100000001,1021.545166015625,22.450000762939453,10.102865219116211,-2.249731302,374004224,1267773568,5.099999904632568,0.6944999694824219,164.75999450683594,4,1,-5.050000191,-0.400000006,6.159999847412109,-6.21999979,0,110277,110314,110792,110305,0,110314,STANDBY
1.1200000047683716,-0.889999986,10.289999961853027,-0.200000003,0,0.10000000149011612,1021.6279907226562,22.5,9.432975769042969,-3.583474398,374003936,1267773696,5.099999904632568,0.9311444163322449,163.7899932861328,4,1,-5.03000021,-0.389999986,6.190000057220459,-6.210000038,0,110377,110414,110886,110399,0,110414,STANDBY
1.149999976158142,-0.850000024,10.279999732971191,0,0,-0.100000001,1021.5081176757812,22.420000076293945,10.40405559539795,0.8140317797660828,374003936,1267773696,2,0.9311444163322449,163.7899932861328,5,1,-5.050000191,-0.389999986,6.170000076293945,-6.199999809,0,110477,110514,110997,110509,0,110514,STANDBY
1.059999942779541,-0.959999979,10.300000190734863,0,0,0,1021.400634765625,22.350000381469727,11.276469230651855,3.312704086303711,374003936,1267773696,2,0.9311444163322449,163.7899932861328,5,1,-5.059999943,-0.389999986,6.159999847412109,-6.199999809,0,110577,110614,111091,110603,0,110614,STANDBY
1.090000033378601,-0.889999986,10.300000190734863,-0.100000001,0.10000000149011612,0.20000000298023224,1021.4862670898438,22.40999984741211,10.580615043640137,-0.106602669,374003936,1267773696,2,0.9311444163322449,163.7899932861328,5,1,-5.050000191,-0.389999986,6.170000076293945,-6.199999809,0,110678,110714,111201,110713,0,110714,STANDBY
1.149999976158142,-0.860000014,10.289999961853027,0,-0.100000001,-0.100000001,1021.568115234375,22.459999084472656,9.918515205,-2.1869452,374003936,1267773696,2,0.9311444163322449,163.7899932861328,5,1,-5.059999943,-0.379999995,6.150000095367432,-6.190000057,0,110778,110814,111295,110808,0,110814,STANDBY
1.0399999618530273,-0.949999988,10.300000190734863,0,0,0.10000000149011612,1021.64502,22.510000228881836,9.292766571044922,-3.402040482,374003936,1267773696,2,0.9311444163322449,163.7899932861328,5,1,-5.050000191,-0.389999986,6.150000095367432,-6.210000038,0,110878,110914,111389,110902,0,110914,STANDBY
1.1399999856948853,-0.850000024,10.289999961853027,-0.200000003,0.10000000149011612,0.20000000298023224,1021.5264892578125,22.43000030517578,10.253459930419922,0.8969127535820007,374003936,1267773696,2,0.9311444163322449,163.7899932861328,5,1,-5.019999981,-0.389999986,6.179999828338623,-6.199999809,0,110978,111014,111500,111009,0,111014,STANDBY
1.1200000047683716,-0.889999986,10.300000190734863,0.10000000149011612,-0.200000003,-0.200000003,1021.4173583984375,22.37000084,11.14145278930664,3.4156014919281006,374003936,1267773696,2,0.9311444163322449,163.7899932861328,5,1,-5.050000191,-0.389999986,6.150000095367432,-6.199999809,0,111078,111114,111594,111107,0,111114,STANDBY
1.0700000524520874,-0.949999988,10.300000190734863,-0.100000001,0,0.10000000149011612,1021.4992065429688,22.420000076293945,10.476757049560547,0.058958627,374003936,1267773696,2,0.9311444163322449,163.7899932861328,5,1,-5.010000229,-0.389999986,6.170000076293945,-6.210000038,0,111178,111214,111688,111201,0,111214,STANDBY
1.149999976158142,-0.839999974,10.300000190734863,-0.100000001,0,0.10000000149011612,1021.5828247070312,22.469999313354492,9.796481132507324,-2.139149427,374003936,1267773696,2,0.9311444163322449,163.7899932861328,5,1,-5,-0.389999986,6.179999828338623,-6.199999809,0,111278,111314,111799,111310,0,111314,STANDBY
1.0800000429153442,-0.910000026,10.300000190734863,0,-0.100000001,-0.100000001,1021.6553344726562,22.520000457763672,9.209679604,-3.24682045,374003616,1267773824,2,1.0803332328796387,162.69000244140625,5,1,-5.03000021,-0.400000006,6.150000095367432,-6.199999809,0,111378,111414,111893,111405,0,111414,STANDBY
1.090000033378601,-0.920000017,10.300000190734863,-0.100000001,0,0.20000000298023224,1021.539551,22.440000534057617,10.149601936340332,0.9297863245010376,374003616,1267773824,-1.899999976,1.0803332328796387,162.69000244140625,5,1,-5.039999962,-0.400000006,6.159999847412109,-6.199999809,0,111478,111514,111987,111500,0,111514,STANDBY
1.159999966621399,-0.870000005,10.31000042,0,0,0.10000000149011612,1021.4260864257812,22.37000084,11.06875228881836,3.536344528198242,374003616,1267773824,-1.899999976,1.0803332328796387,162.69000244140625,5,1,-5.050000191,-0.400000006,6.159999847412109,-6.190000057,0,111578,111614,112097,111609,0,111614,STANDBY
1.090000033378601,-0.910000026,10.300000190734863,0,-0.100000001,-0.100000001,1021.5122680664062,22.43000030517578,10.370301246643066,0.028217125684022903,374003616,1267773824,-1.899999976,1.0803332328796387,162.69000244140625,5,1,-5.070000172,-0.400000006,6.150000095367432,-6.190000057,0,111678,111714,112192,111704,0,111714,STANDBY
1.0700000524520874,-0.920000017,10.300000190734863,-0.100000001,0,0.10000000149011612,1021.5895385742188,22.479999542236328,9.744552612304688,-1.984336734,374003616,1267773824,-1.899999976,1.0803332328796387,162.69000244140625,5,1,-5.070000172,-0.400000006,6.150000095367432,-6.190000057,0,111778,111814,112302,111814,0,111814,STANDBY
1.1399999856948853,-0.850000024,10.31000042,0,0,0.10000000149011612,1021.666748046875,22.530000686645508,9.116206169128418,-3.280684233,374003616,1267773824,-1.899999976,1.0803332328796387,162.69000244140625,5,1,-5.059999943,-0.389999986,6.159999847412109,-6.179999828,0,111878,111915,112396,111908,0,111915,STANDBY
1.090000033378601,-0.930000007,10.300000190734863,0,-0.100000001,0,1021.546875,22.450000762939453,10.089882850646973,1.0161274671554565,374003616,1267773824,-1.899999976,1.0803332328796387,162.69000244140625,5,1,-5.070000172,-0.400000006,6.150000095367432,-6.179999828,0,111978,112015,112490,112003,0,112015,STANDBY
1.090000033378601,-0.920000017,10.300000190734863,-0.100000001,0,0.10000000149011612,1021.4374389648438,22.37999916,10.977875709533691,3.491898775100708,374003616,1267773824,-1.899999976,1.0803332328796387,162.69000244140625,5,1,-5.050000191,-0.400000006,6.150000095367432,-6.179999828,0,112078,112115,112601,112112,0,112115,STANDBY
1.1399999856948853,-0.850000024,10.31000042,0,0,0.10000000149011612,1021.5206298828125,22.440000534057617,10.302793502807617,0.074552156,374003616,1267773824,-1.899999976,1.0803332328796387,162.69000244140625,5,1,-5.03000021,-0.400000006,6.159999847412109,-6.179999828,0,112178,112215,112695,112207,0,112215,STANDBY
1.0800000429153442,-0.920000017,10.300000190734863,0,-0.100000001,-0.100000001,1021.6001586914062,22.489999771118164,9.656271934509277,-2.021155596,374003616,1267773824,-1.899999976,1.0803332328796387,162.69000244140625,5,1,-5.050000191,-0.400000006,6.139999866485596,-6.179999828,0,112278,112315,112789,112302,0,112315,STANDBY
1.059999942779541,-0.939999998,10.300000190734863,-0.100000001,0,0.10000000149011612,1021.677001953125,22.540000915527344,9.033119201660156,-3.287628174,374003424,1267773952,-1.899999976,1.0340332984924316,162.02000427246094,5,1,-5.039999962,-0.400000006,6.150000095367432,-6.170000076,0,112378,112415,112900,112411,0,112415,STANDBY
1.159999966621399,-0.850000024,10.300000190734863,0,0,0,1021.5588989257812,22.459999084472656,9.991216659545898,0.9618297815322876,374003424,1267773952,-4,1.0340332984924316,162.02000427246094,5,1,-5.039999962,-0.400000006,6.139999866485596,-6.170000076,0,112478,112515,112994,112506,0,112515,STANDBY
1.0499999523162842,-0.949999988,10.300000190734863,0,0,0,1021.445801,22.389999389648438,10.910367012023926,3.556852340698242,374003424,1267773952,-4,1.0340332984924316,162.02000427246094,5,1,-5.059999943,-0.400000006,6.130000114440918,-6.170000076,0,112578,112615,113088,112601,0,112615,STANDBY
1.090000033378601,-0.920000017,10.300000190734863,-0.100000001,0.10000000149011612,0.10000000149011612,1021.5289306640625,22.440000534057617,10.235284805297852,0.11612243950366974,374003424,1267773952,-4,1.0340332984924316,162.02000427246094,5,1,-5.050000191,-0.409999996,6.139999866485596,-6.170000076,0,112678,112715,113199,112710,0,112715,STANDBY
1.149999976158142,-0.850000024,10.289999961853027,0,-0.100000001,0,1021.608154296875,22.489999771118164,9.591360092163086,-1.986240745,374003424,1267773952,-4,1.0340332984924316,162.02000427246094,5,1,-5.050000191,-0.400000006,6.139999866485596,-6.170000076,0,112778,112815,113293,112804,0,112815,STANDBY
1.059999942779541,-0.949999988,10.300000190734863,0,0,0.10000000149011612,1021.6813354492188,22.540000915527344,8.999364852905273,-3.165578842,374003424,1267773952,-4,1.0340332984924316,162.02000427246094,5,1,-5.079999924,-0.409999996,6.130000114440918,-6.170000076,0,112878,112915,113387,112900,0,112915,STANDBY
1.1100000143051147,-0.889999986,10.300000190734863,-0.200000003,0.10000000149011612,0.10000000149011612,1021.5639038085938,22.469999313354492,9.952269554138184,1.0233246088027954,374003424,1267773952,-4,1.0340332984924316,162.02000427246094,5,1,-5.03000021,-0.409999996,6.150000095367432,-6.159999847,0,112978,113015,113498,113009,0,113015,STANDBY
1.1299999952316284,-0.870000005,10.300000190734863,0.10000000149011612,-0.100000001,-0.100000001,1021.4517822265625,22.389999389648438,10.861034393310547,3.5629754066467285,374003424,1267773952,-4,1.0340332984924316,162.02000427246094,5,1,-5.070000172,-0.409999996,6.139999866485596,-6.150000095,0,113078,113115,113592,113103,0,113115,STANDBY
1.059999942779541,-0.959999979,10.300000190734863,0,0,-0.100000001,1021.533691,22.450000762939453,10.196337699890137,0.15327492356300354,374003424,1267773952,-4,1.0340332984924316,162.02000427246094,5,1,-5.079999924,-0.409999996,6.139999866485596,-6.150000095,0,113178,113215,113701,113214,0,113215,STANDBY
1.1399999856948853,-0.860000014,10.300000190734863,-0.200000003,0.10000000149011612,0.20000000298023224,1021.6074829101562,22.5,9.599149703979492,-1.812905669,374003424,1267773952,-4,1.0340332984924316,162.02000427246094,5,1,-5.059999943,-0.409999996,6.150000095367432,-6.150000095,0,113278,113315,113796,113308,0,113315,STANDBY
1.1100000143051147,-0.889999986,10.300000190734863,0,-0.200000003,-0.100000001,1021.6828002929688,22.549999237060547,8.986382484436035,-3.121114731,374003232,1267773952,-4,1.0288888216018677,162.35000610351562,5,1,-5.079999924,-0.409999996,6.139999866485596,-6.150000095,0,113378,113415,113890,113402,0,113415,STANDBY
1.0499999523162842,-0.939999998,10.300000190734863,-0.100000001,0,0.10000000149011612,1021.562988,22.469999313354492,9.960059166,1.1182520389556885,374003232,1267773952,-6.300000191,1.0288888216018677,162.35000610351562,6,1,-5.070000172,-0.409999996,6.139999866485596,-6.150000095,0,113478,113515,114000,113510,0,113515,STANDBY
1.159999966621399,-0.850000024,10.300000190734863,-0.100000001,0,0.10000000149011612,1021.4495239257812,22.399999618530273,10.879209518432617,3.6569626331329346,374003232,1267773952,-6.300000191,1.0288888216018677,162.35000610351562,6,1,-5.059999943,-0.409999996,6.159999847412109,-6.139999866,0,113579,113615,114095,113607,0,113615,STANDBY
1.0800000429153442,-0.920000017,10.31000042,0,-0.200000003,-0.100000001,1021.529541015625,22.450000762939453,10.23009204864502,0.26328030228614807,374003232,1267773952,-6.300000191,1.0288888216018677,162.35000610351562,6,1,-5.059999943,-0.419999987,6.139999866485596,-6.139999866,0,113679,113715,114189,113701,0,113715,STANDBY
1.059999942779541,-0.930000007,10.31000042,-0.100000001,0,0.10000000149011612,1021.6090698242188,22.5,9.586167335510254,-1.892059684,374003232,1267773952,-6.300000191,1.0288888216018677,162.35000610351562,6,1,-5.03000021,-0.419999987,6.159999847412109,-6.139999866,0,113779,113815,114299,113811,0,113815,STANDBY
1.1699999570846558,-0.829999983,10.300000190734863,0,0,0,1021.681884765625,22.549999237060547,8.994172096252441,-3.105303049,374003232,1267773952,-6.300000191,1.0288888216018677,162.35000610351562,6,1,-5.03000021,-0.409999996,6.159999847412109,-6.130000114,0,113879,113915,114394,113905,0,113915,STANDBY
1.059999942779541,-0.939999998,10.300000190734863,0,-0.100000001,-0.100000001,1021.562012,22.469999313354492,9.967848777770996,1.1283714771270752,374003232,1267773952,-6.300000191,1.0288888216018677,162.35000610351562,6,1,-5.039999962,-0.409999996,6.150000095367432,-6.130000114,0,113979,114015,114488,114000,0,114015,STANDBY
1.100000023841858,-0.899999976,10.31000042,-0.100000001,0.10000000149011612,0.20000000298023224,1021.4486083984375,22.399999618530273,10.886999130249023,3.6634387969970703,374003232,1267773952,-6.300000191,1.0288888216018677,162.35000610351562,6,1,-5.010000229,-0.400000006,6.170000076293945,-6.130000114,0,114080,114115,114598,114110,0,114115,STANDBY
1.1399999856948853,-0.839999974,10.300000190734863,0,-0.100000001,0,1021.5304565429688,22.450000762939453,10.222302436828613,0.2175714522600174,374003232,1267773952,-6.300000191,1.0288888216018677,162.35000610351562,6,1,-5.03000021,-0.400000006,6.159999847412109,-6.119999886,0,114180,114215,114693,114204,0,114215,STANDBY
1.0700000524520874,-0.920000017,10.31000042,0,-0.100000001,0.10000000149011612,1021.608154296875,22.5,9.591360092163086,-1.879769683,374003232,1267773952,-6.300000191,1.0288888216018677,162.35000610351562,6,1,-5.039999962,-0.409999996,6.159999847412109,-6.119999886,0,114280,114315,114787,114299,0,114315,STANDBY
1.100000023841858,-0.910000026,10.300000190734863,-0.100000001,0,0.10000000149011612,1021.680908203125,22.549999237060547,9.001961708068848,-3.099513292,374003136,1267774080,-6.300000191,0.8488333225250244,163.88999938964844,6,1,-5.03000021,-0.409999996,6.170000076293945,-6.110000134,0,114380,114415,114897,114409,0,114415,STANDBY
1.159999966621399,-0.860000014,10.300000190734863,0,-0.100000001,0.10000000149011612,1021.559814453125,22.469999313354492,9.983427047729492,1.1570005416870117,374003136,1267774080,-7.400000095,0.8488333225250244,163.88999938964844,6,1,-5.019999981,-0.400000006,6.179999828338623,-6.110000134,0,114480,114515,114992,114503,0,114515,STANDBY
1.0700000524520874,-0.920000017,10.31000042,0,-0.100000001,0,1021.4461059570312,22.399999618530273,10.907771110534668,3.6983814239501953,374003136,1267774080,-7.400000095,0.8488333225250244,163.88999938964844,6,1,-5.03000021,-0.419999987,6.159999847412109,-6.119999886,0,114580,114615,115101,114614,0,114615,STANDBY
1.100000023841858,-0.889999986,10.300000190734863,-0.200000003,0.10000000149011612,0.20000000298023224,1021.6074829101562,22.459999084472656,9.599149703979492,-2.32537818,374003136,1267774080,-7.400000095,0.8488333225250244,163.88999938964844,6,1,-5.019999981,-0.419999987,6.179999828338623,-6.110000134,0,114680,114715,115196,114708,0,114715,STANDBY
1.1399999856948853,-0.870000005,10.279999732971191,0,-0.100000001,0,1021.678466796875,22.549999237060547,9.022733688354492,-3.793906212,374003136,1267774080,-7.400000095,0.8488333225250244,163.88999938964844,6,1,-5.050000191,-0.419999987,6.159999847412109,-6.099999905,0,114781,114816,115291,114802,0,114816,STANDBY
1.0700000524520874,-0.939999998,10.289999961853027,0,-0.100000001,0,1021.558594,22.479999542236328,9.993813514709473,1.456219196,374003136,1267774080,-7.400000095,0.8488333225250244,163.88999938964844,6,1,-5.059999943,-0.419999987,6.159999847412109,-6.099999905,0,114881,114916,115400,114913,0,114916,STANDBY
1.1399999856948853,-0.870000005,10.300000190734863,-0.200000003,0,0.20000000298023224,1021.4468994140625,22.399999618530273,10.899981498718262,4.556652069091797,374003136,1267774080,-7.400000095,0.8488333225250244,163.88999938964844,6,1,-5.039999962,-0.419999987,6.179999828338623,-6.099999905,0,114981,115016,115494,115007,0,115016,STANDBY
1.100000023841858,-0.889999986,10.31000042,0,-0.200000003,-0.100000001,1021.5303344726562,22.459999084472656,10.222302436828613,0.20554113388061523,374003136,1267774080,-7.400000095,0.8488333225250244,163.88999938964844,6,1,-5.059999943,-0.419999987,6.159999847412109,-6.099999905,0,115081,115116,115589,115101,0,115116,STANDBY
1.0800000429153442,-0.930000007,10.300000190734863,0,0,0.10000000149011612,1021.6065673828125,22.510000228881836,9.604342460632324,-2.340293646,374003136,1267774080,-7.400000095,0.8488333225250244,163.88999938964844,6,1,-5.039999962,-0.430000007,6.170000076293945,-6.099999905,0,115181,115216,115699,115211,0,115216,STANDBY
1.1299999952316284,-0.879999995,10.289999961853027,-0.100000001,0,0.10000000149011612,1021.677490234375,22.559999465942383,9.030523300170898,-3.793064594,374003136,1267774080,-7.400000095,0.8488333225250244,163.88999938964844,6,1,-5.050000191,-0.419999987,6.179999828338623,-6.090000153,0,115281,115316,115793,115306,0,115316,STANDBY
1.090000033378601,-0.920000017,10.289999961853027,0,-0.100000001,0,1021.5576782226562,22.479999542236328,10.001603126525879,1.4567577838897705,374003072,1267774080,-7.400000095,0.4938666522502899,163.33999633789062,6,1,-5.039999962,-0.430000007,6.159999847412109,-6.090000153,0,115381,115416,115888,115400,0,115416,STANDBY
1.0800000429153442,-0.920000017,10.300000190734863,-0.100000001,0,0.10000000149011612,1021.447509765625,22.40999984741211,10.89478874206543,4.505067348480225,374003072,1267774080,-8,0.4938666522502899,163.33999633789062,6,1,-5.03000021,-0.430000007,6.170000076293945,-6.090000153,0,115481,115518,115998,115511,0,115518,STANDBY
1.1399999856948853,-0.870000005,10.300000190734863,0,0,0.10000000149011612,1021.527832,22.459999084472656,10.243074417114258,0.276386023,374003072,1267774080,-8,0.4938666522502899,163.33999633789062,6,1,-5.019999981,-0.430000007,6.170000076293945,-6.090000153,0,115581,115618,116092,115604,0,115618,STANDBY
1.1100000143051147,-0.899999976,10.300000190734863,0.10000000149011612,-0.100000001,-0.100000001,1021.6073608398438,22.510000228881836,9.599149703979492,-2.398811817,374003072,1267774080,-8,0.4938666522502899,163.33999633789062,6,1,-5.050000191,-0.430000007,6.150000095367432,-6.079999924,0,115681,115718,116202,115715,0,115718,STANDBY
1.0800000429153442,-0.920000017,10.300000190734863,0,0,0.10000000149011612,1021.6798706054688,22.559999465942383,9.009751319885254,-3.892833233,374003072,1267774080,-8,0.4938666522502899,163.33999633789062,6,1,-5.039999962,-0.430000007,6.159999847412109,-6.079999924,0,115781,115818,116297,115809,0,115818,STANDBY
1.149999976158142,-0.870000005,10.300000190734863,0,0,0,1021.560059,22.479999542236328,9.983427047729492,1.403289556503296,374003072,1267774080,-8,0.4938666522502899,163.33999633789062,6,1,-5.03000021,-0.419999987,6.159999847412109,-6.070000172,0,115881,115918,116391,115903,0,115918,STANDBY
1.090000033378601,-0.920000017,10.289999961853027,0,-0.200000003,-0.100000001,1021.4486083984375,22.40999984741211,10.886999130249023,4.512393474578857,374003072,1267774080,-8,0.4938666522502899,163.33999633789062,6,1,-5.039999962,-0.430000007,6.159999847412109,-6.070000172,0,115981,116018,116501,116013,0,116018,STANDBY
1.1100000143051147,-0.899999976,10.300000190734863,-0.100000001,0.10000000149011612,0.10000000149011612,1021.528809,22.459999084472656,10.235284805297852,0.28107452392578125,374003072,1267774080,-8,0.4938666522502899,163.33999633789062,6,1,-5.03000021,-0.430000007,6.179999828338623,-6.070000172,0,116081,116118,116595,116108,0,116118,STANDBY
1.159999966621399,-0.860000014,10.300000190734863,0,0,0.10000000149011612,1021.6080322265625,22.510000228881836,9.593956947,-2.335123539,374003072,1267774080,-8,0.4938666522502899,163.33999633789062,6,1,-5.03000021,-0.430000007,6.179999828338623,-6.070000172,0,116182,116218,116706,116217,0,116218,STANDBY
1.0800000429153442,-0.920000017,10.300000190734863,0,-0.100000001,0,1021.6788940429688,22.559999465942383,9.017540932,-3.800143242,374003072,1267774080,-8,0.4938666522502899,163.33999633789062,6,1,-5.019999981,-0.430000007,6.170000076293945,-6.070000172,0,116282,116318,116800,116313,0,116318,STANDBY
1.1100000143051147,-0.889999986,10.31000042,-0.100000001,0,0.10000000149011612,1021.560791015625,22.479999542236328,9.975638389587402,1.4002981185913086,374002880,1267774080,-8,0.4938666522502899,163.97999572753906,6,1,-5.010000229,-0.430000007,6.179999828338623,-6.070000172,0,116382,116418,116894,116407,0,116418,STANDBY
1.149999976158142,-0.860000014,10.289999961853027,0,0,0.10000000149011612,1021.450927734375,22.40999984741211,10.868824005126953,4.468933105,374002880,1267774080,-10.69999981,0.4938666522502899,163.97999572753906,7,1,-5.010000229,-0.439999998,6.179999828338623,-6.070000172,0,116482,116518,117005,116513,0,116518,STANDBY
1.0800000429153442,-0.930000007,10.300000190734863,0,-0.100000001,0.10000000149011612,1021.5328369140625,22.469999313354492,10.204127311706543,0.20133042335510254,374002880,1267774080,-10.69999981,0.4938666522502899,163.97999572753906,7,1,-5.019999981,-0.449999988,6.170000076293945,-6.079999924,0,116582,116618,117099,116612,0,116618,STANDBY
1.1200000047683716,-0.889999986,10.31000042,-0.100000001,0,0.10000000149011612,1021.6080322265625,22.510000228881836,9.593956947,-2.311830044,374002880,1267774080,-10.69999981,0.4938666522502899,163.97999572753906,7,1,-5.010000229,-0.449999988,6.190000057220459,-6.079999924,0,116682,116718,117193,116706,0,116718,STANDBY
1.1200000047683716,-0.879999995,10.300000190734863,0,0,0,1021.6832885742188,22.559999465942383,8.983786582946777,-3.9202528,374002880,1267774080,-10.69999981,0.4938666522502899,163.97999572753906,7,1,-5.019999981,-0.449999988,6.170000076293945,-6.070000172,0,116782,116818,117304,116815,0,116818,STANDBY
1.1100000143051147,-0.910000026,10.31000042,-0.100000001,0,0.10000000149011612,1021.560791015625,22.479999542236328,9.975638389587402,1.4584453105926514,374002880,1267774080,-10.69999981,0.4938666522502899,163.97999572753906,7,1,-5.03000021,-0.449999988,6.179999828338623,-6.070000172,0,116882,116918,117398,116911,0,116918,STANDBY
1.1200000047683716,-0.899999976,10.289999961853027,0,0,0,1021.4492797851562,22.40999984741211,10.881806373596191,4.558076858520508,374002880,1267774080,-10.69999981,0.4938666522502899,163.97999572753906,7,1,-5.019999981,-0.449999988,6.170000076293945,-6.070000172,0,116982,117018,117492,117005,0,117018,STANDBY
1.1100000143051147,-0.910000026,10.300000190734863,-0.100000001,-0.100000001,0,1021.535156,22.469999313354492,10.183355331420898,0.12336516380310059,374002880,1267774080,-10.69999981,0.4938666522502899,163.97999572753906,7,1,-5.019999981,-0.449999988,6.170000076293945,-6.070000172,0,117082,117118,117603,117115,0,117118,STANDBY
1.100000023841858,-0.889999986,10.31000042,0,0,0.10000000149011612,1021.610107421875,22.520000457763672,9.575781822,-2.351340294,374002880,1267774080,-10.69999981,0.4938666522502899,163.97999572753906,7,1,-5.03000021,-0.460000008,6.179999828338623,-6.059999943,0,117182,117218,117697,117210,0,117218,STANDBY
1.100000023841858,-0.899999976,10.289999961853027,0,0,0.10000000149011612,1021.6815795898438,22.559999465942383,8.996768951416016,-3.8209095,374002880,1267774080,-10.69999981,0.4938666522502899,163.97999572753906,7,1,-5.03000021,-0.460000008,6.179999828338623,-6.059999943,0,117282,117318,117792,117304,0,117318,STANDBY
1.1100000143051147,-0.899999976,10.289999961853027,0,0,0.10000000149011612,1021.5657958984375,22.489999771118164,9.936691284179688,1.3143072128295898,374002304,1267774336,-10.69999981,0.8282555341720581,159.38999938964844,7,1,-5.03000021,-0.460000008,6.170000076293945,-6.070000172,0,117382,117419,117902,117414,0,117419,STANDBY
1.1100000143051147,-0.910000026,10.289999961853027,0,0,0,1021.4523315429688,22.420000076293945,10.855841636657715,4.517757892608643,374002304,1267774336,-17.29999924,0.8282555341720581,159.38999938964844,7,1,-5.03000021,-0.460000008,6.170000076293945,-6.059999943,0,117482,117519,117996,117509,0,117519,STANDBY
1.1100000143051147,-0.889999986,10.300000190734863,-0.100000001,-0.100000001,0.10000000149011612,1021.5342407226562,22.469999313354492,10.191144943237305,0.23257827758789062,374002304,1267774336,-17.29999924,0.8282555341720581,159.38999938964844,7,1,-5.019999981,-0.460000008,6.170000076293945,-6.059999943,0,117582,117619,118107,117619,0,117619,STANDBY
1.1100000143051147,-0.889999986,10.300000190734863,0,0,0,1021.6118774414062,22.520000457763672,9.562799453735352,-2.364531755,374002304,1267774336,-17.29999924,0.8282555341720581,159.38999938964844,7,1,-5.039999962,-0.469999999,6.170000076293945,-6.059999943,0,117682,117719,118201,117713,0,117719,STANDBY
1.100000023841858,-0.910000026,10.289999961853027,0,0,0.10000000149011612,1021.681396484375,22.56999969482422,8.996768951416016,-3.777422428,374002304,1267774336,-17.29999924,0.8282555341720581,159.38999938964844,7,1,-5.039999962,-0.469999999,6.170000076293945,-6.059999943,0,117782,117819,118296,117808,0,117819,STANDBY
1.1200000047683716,-0.889999986,10.31000042,0,0,0.10000000149011612,1021.5616455078125,22.489999771118164,9.970444679260254,1.4771523475646973,374002304,1267774336,-17.29999924,0.8282555341720581,159.38999938964844,7,1,-5.03000021,-0.469999999,6.170000076293945,-6.050000191,0,117882,117919,118406,117918,0,117919,STANDBY
1.1100000143051147,-0.889999986,10.300000190734863,0,0,0.10000000149011612,1021.4541625976562,22.420000076293945,10.842859268188477,4.435035705566406,374002304,1267774336,-17.29999924,0.8282555341720581,159.38999938964844,7,1,-5.03000021,-0.479999989,6.159999847412109,-6.050000191,0,117982,118019,118501,118012,0,118019,STANDBY
1.090000033378601,-0.889999986,10.300000190734863,-0.100000001,0,0.10000000149011612,1021.5357055664062,22.479999542236328,10.18075942993164,0.19002366065979004,374002304,1267774336,-17.29999924,0.8282555341720581,159.38999938964844,7,1,-5.010000229,-0.479999989,6.170000076293945,-6.050000191,0,118082,118119,118595,118107,0,118119,STANDBY
1.100000023841858,-0.879999995,10.300000190734863,0,0,0.10000000149011612,1021.6109619140625,22.520000457763672,9.570589065551758,-2.319066286,374002304,1267774336,-17.29999924,0.8282555341720581,159.38999938964844,7,1,-5.03000021,-0.479999989,6.159999847412109,-6.050000191,0,118182,118219,118705,118217,0,118219,STANDBY
1.100000023841858,-0.889999986,10.289999961853027,0,0,0.10000000149011612,1021.6864013671875,22.56999969482422,8.957821846,-3.935271263,374002304,1267774336,-17.29999924,0.8282555341720581,159.38999938964844,7,1,-5.03000021,-0.49000001,6.150000095367432,-6.050000191,0,118282,118319,118800,118311,0,118319,STANDBY
1.1100000143051147,-0.910000026,10.300000190734863,0,0,0.10000000149011612,1021.5706176757812,22.5,9.897744178771973,1.2411158084869385,374002336,1267774336,-17.29999924,0.6687777638435364,163.02000427246094,7,1,-5.03000021,-0.49000001,6.150000095367432,-6.050000191,0,118382,118419,118894,118406,0,118419,STANDBY
1.100000023841858,-0.899999976,10.300000190734863,0,0,0.10000000149011612,1021.465576171875,22.43000030517578,10.749385833740234,4.200881004333496,374002336,1267774336,-16.70000076,0.6687777638435364,163.02000427246094,7,1,-5.019999981,-0.5,6.150000095367432,-6.050000191,0,118482,118519,119005,118513,0,118519,STANDBY
1.100000023841858,-0.910000026,10.31000042,0,-0.100000001,0.10000000149011612,1021.5487670898438,22.489999771118164,10.07430362701416,-0.011764765,374002336,1267774336,-16.70000076,0.6687777638435364,163.02000427246094,7,1,-5.010000229,-0.5,6.150000095367432,-6.050000191,0,118582,118619,119099,118610,0,118619,STANDBY
1.1100000143051147,-0.899999976,10.289999961853027,0,0,0.10000000149011612,1021.622314453125,22.530000686645508,9.477115631103516,-2.396281481,374002336,1267774336,-16.70000076,0.6687777638435364,163.02000427246094,7,1,-5.03000021,-0.5,6.150000095367432,-6.050000191,0,118682,118719,119193,118706,0,118719,STANDBY
1.1100000143051147,-0.889999986,10.300000190734863,0,0,0.10000000149011612,1021.691895,22.579999923706055,8.913681983947754,-3.787354946,374002336,1267774336,-16.70000076,0.6687777638435364,163.02000427246094,7,1,-5.039999962,-0.5,6.150000095367432,-6.050000191,0,118782,118819,119304,118815,0,118819,STANDBY
1.100000023841858,-0.899999976,10.300000190734863,0,0,0.10000000149011612,1021.5859985351562,22.510000228881836,9.773113250732422,1.0138177871704102,374002336,1267774336,-16.70000076,0.6687777638435364,163.02000427246094,7,1,-5.03000021,-0.50999999,6.150000095367432,-6.039999962,0,118882,118919,119398,118910,0,118919,STANDBY
1.1100000143051147,-0.899999976,10.300000190734863,0,0,0.10000000149011612,1021.487793,22.450000762939453,10.567632675170898,3.826920986175537,374002336,1267774336,-16.70000076,0.6687777638435364,163.02000427246094,7,1,-5.03000021,-0.50999999,6.159999847412109,-6.039999962,0,118982,119019,119492,119005,0,119019,STANDBY
1.1200000047683716,-0.889999986,10.300000190734863,-0.100000001,0,0.10000000149011612,1021.5640869140625,22.5,9.949673652648926,0.025860548,374002336,1267774336,-16.70000076,0.6687777638435364,163.02000427246094,7,1,-5.03000021,-0.50999999,6.159999847412109,-6.039999962,0,119083,119119,119603,119114,0,119119,STANDBY
1.1100000143051147,-0.899999976,10.289999961853027,0,0,0.10000000149011612,1021.643310546875,22.549999237060547,9.308344841003418,-2.548764467,374002336,1267774336,-16.70000076,0.6687777638435364,163.02000427246094,7,1,-5.039999962,-0.519999981,6.159999847412109,-6.039999962,0,119183,119219,119697,119208,0,119219,STANDBY
1.1100000143051147,-0.899999976,10.289999961853027,0,0,0.10000000149011612,1021.710205078125,22.59000015258789,8.765683174,-3.801856041,374002336,1267774336,-16.70000076,0.6687777638435364,163.02000427246094,7,1,-5.039999962,-0.519999981,6.159999847412109,-6.039999962,0,119283,119319,119792,119304,0,119319,STANDBY
1.100000023841858,-0.910000026,10.300000190734863,0,0,0.10000000149011612,1021.5904541015625,22.520000457763672,9.736763000488281,1.4511313438415527,374002048,1267774464,-16.70000076,1.3426998853683472,164.47000122070312,7,1,-5.019999981,-0.529999971,6.159999847412109,-6.050000191,0,119383,119419,119902,119414,0,119419,STANDBY
1.1100000143051147,-0.889999986,10.279999732971191,0,0,0.10000000149011612,1021.484619140625,22.450000762939453,10.593597412109375,4.356061935424805,374002048,1267774464,-19.89999962,1.3426998853683472,164.47000122070312,7,1,-5.03000021,-0.529999971,6.159999847412109,-6.039999962,0,119483,119519,119996,119508,0,119519,STANDBY
1.1100000143051147,-0.899999976,10.300000190734863,0,-0.100000001,0.10000000149011612,1021.5625,22.5,9.962656021118164,0.2641141414642334,374002048,1267774464,-19.89999962,1.3426998853683472,164.47000122070312,7,1,-5.03000021,-0.529999971,6.159999847412109,-6.039999962,0,119583,119619,120107,119618,0,119619,STANDBY
1.1100000143051147,-0.889999986,10.31000042,-0.100000001,0,0.10000000149011612,1021.6361083984375,22.549999237060547,9.365467071533203,-2.219722748,374002048,1267774464,-19.89999962,1.3426998853683472,164.47000122070312,7,1,-5.019999981,-0.529999971,6.159999847412109,-6.039999962,0,119683,119719,120201,119713,0,119719,STANDBY
1.1100000143051147,-0.889999986,10.300000190734863,0,-0.100000001,0.10000000149011612,1021.7069702148438,22.59000015258789,8.791647911071777,-3.715899229,374002048,1267774464,-19.89999962,1.3426998853683472,164.47000122070312,7,1,-5.019999981,-0.529999971,6.159999847412109,-6.039999962,0,119783,119819,120296,119808,0,119819,STANDBY
1.100000023841858,-0.910000026,10.300000190734863,0,0,0,1021.5818481445312,22.510000228881836,9.806867599487305,1.6827032566070557,374002048,1267774464,-19.89999962,1.3426998853683472,164.47000122070312,7,1,-5.019999981,-0.540000021,6.159999847412109,-6.03000021,0,119883,119919,120406,119918,0,119919,STANDBY
1.1100000143051147,-0.899999976,10.289999961853027,0,0,0.10000000149011612,1021.466064453125,22.440000534057617,10.744193077087402,4.826231956481934,374002048,1267774464,-19.89999962,1.3426998853683472,164.47000122070312,7,1,-5.019999981,-0.540000021,6.159999847412109,-6.03000021,0,119983,120019,120501,120013,0,120019,STANDBY
1.100000023841858,-0.889999986,10.289999961853027,0,-0.100000001,0,1021.5476684570312,22.489999771118164,10.082093238830566,0.44038915634155273,374002048,1267774464,-19.89999962,1.3426998853683472,164.47000122070312,7,1,-5.03000021,-0.540000021,6.150000095367432,-6.03000021,0,120083,120119,120595,120108,0,120119,STANDBY
1.1100000143051147,-0.899999976,10.300000190734863,0,0,0.10000000149011612,1021.6214599609375,22.540000915527344,9.484905242919922,-2.106902838,374002048,1267774464,-19.89999962,1.3426998853683472,164.47000122070312,7,1,-5.010000229,-0.540000021,6.150000095367432,-6.03000021,0,120183,120219,120706,120217,0,120219,STANDBY
1.100000023841858,-0.899999976,10.31000042,0,0,0.10000000149011612,1021.6911010742188,22.59000015258789,8.918874740600586,-3.612539768,374002048,1267774464,-19.89999962,1.3426998853683472,164.47000122070312,7,1,-5.010000229,-0.540000021,6.150000095367432,-6.019999981,0,120283,120320,120800,120311,0,120320,STANDBY
1.1200000047683716,-0.879999995,10.289999961853027,0,0,0,1021.5689086914062,22.510000228881836,9.910726547241211,1.655381679534912,374002368,1267774336,-19.89999962,0.1903444230556488,164.47000122070312,7,1,-5.019999981,-0.540000021,6.150000095367432,-6.019999981,0,120383,120420,120894,120406,0,120420,STANDBY
1.090000033378601,-0.920000017,10.31000042,0,0,0.10000000149011612,1021.4568481445312,22.440000534057617,10.819490432739258,4.694499969482422,374002368,1267774336,-16.10000038,0.1903444230556488,164.47000122070312,6,1,-5.010000229,-0.550000012,6.139999866485596,-6.019999981,0,120483,120520,121005,120514,0,120520,STANDBY
1.100000023841858,-0.899999976,10.300000190734863,-0.100000001,0,0.10000000149011612,1021.5331420898438,22.489999771118164,10.201530456542969,0.5326402187347412,374002368,1267774336,-16.10000038,0.1903444230556488,164.47000122070312,6,1,-5.019999981,-0.550000012,6.150000095367432,-6.019999981,0,120584,120620,121099,120610,0,120620,STANDBY
1.1100000143051147,-0.870000005,10.300000190734863,0,0,0.10000000149011612,1021.6109619140625,22.540000915527344,9.570589065551758,-2.182875872,374002368,1267774336,-16.10000038,0.1903444230556488,164.47000122070312,6,1,-5.019999981,-0.550000012,6.139999866485596,-6.019999981,0,120684,120720,121193,120705,0,120720,STANDBY
1.1100000143051147,-0.910000026,10.300000190734863,0,-0.100000001,0,1021.6805419921875,22.59000015258789,9.004558563232422,-3.661162615,374002368,1267774336,-16.10000038,0.1903444230556488,164.47000122070312,6,1,-5.019999981,-0.560000002,6.139999866485596,-6.019999981,0,120784,120820,121304,120815,0,120820,STANDBY
1.100000023841858,-0.920000017,10.31000042,0,0,0.10000000149011612,1021.5584106445312,22.510000228881836,9.996409416,1.6242592334747314,374002368,1267774336,-16.10000038,0.1903444230556488,164.47000122070312,6,1,-5.010000229,-0.560000002,6.150000095367432,-6.019999981,0,120884,120920,121398,120909,0,120920,STANDBY
1.1200000047683716,-0.870000005,10.289999961853027,-0.100000001,0,0.10000000149011612,1021.4430541992188,22.43000030517578,10.93113899230957,4.778444290161133,374002368,1267774336,-16.10000038,0.1903444230556488,164.47000122070312,6,1,-5,-0.560000002,6.159999847412109,-6.019999981,0,120984,121020,121508,121020,0,121020,STANDBY
1.090000033378601,-0.899999976,10.300000190734863,0,-0.100000001,0,1021.5281372070312,22.489999771118164,10.240477561950684,0.2955586910247803,374002368,1267774336,-16.10000038,0.1903444230556488,164.47000122070312,6,1,-5,-0.560000002,6.139999866485596,-6.019999981,0,121084,121120,121603,121114,0,121120,STANDBY
1.100000023841858,-0.899999976,10.300000190734863,-0.100000001,0,0.10000000149011612,1021.6017456054688,22.540000915527344,9.643289566040039,-2.199594498,374002368,1267774336,-16.10000038,0.1903444230556488,164.47000122070312,6,1,-4.989999771,-0.560000002,6.150000095367432,-6.019999981,0,121184,121220,121697,121208,0,121220,STANDBY
1.1299999952316284,-0.870000005,10.300000190734863,0,0,0,1021.6755981445312,22.59000015258789,9.046101570129395,-3.796492577,374002368,1267774336,-16.10000038,0.1903444230556488,164.47000122070312,6,1,-4.989999771,-0.560000002,6.139999866485596,-6.010000229,0,121284,121320,121807,121319,0,121320,STANDBY
1.090000033378601,-0.920000017,10.289999961853027,0,0,0.10000000149011612,1021.5502319335938,22.510000228881836,10.061321258544922,1.6311235427856445,374002304,1267774336,-16.10000038,0.4990110695362091,164.41000366210938,6,1,-5,-0.569999993,6.139999866485596,-6.010000229,0,121384,121420,121902,121413,0,121420,STANDBY
1.1200000047683716,-0.879999995,10.289999961853027,0,0,0.10000000149011612,1021.4381103515625,22.43000030517578,10.97268295288086,4.689365863800049,374002304,1267774336,-16.89999962,0.4990110695362091,164.41000366210938,5,1,-4.980000019,-0.569999993,6.150000095367432,-6.010000229,0,121484,121520,121996,121507,0,121520,STANDBY
1.1100000143051147,-0.910000026,10.31000042,0,0,0,1021.5183715820312,22.489999771118164,10.320968627929688,0.3943369388580322,374002304,1267774336,-16.89999962,0.4990110695362091,164.41000366210938,5,1,-4.989999771,-0.560000002,6.150000095367432,-6.010000229,0,121584,121620,122106,121618,0,121620,STANDBY
1.100000023841858,-0.899999976,10.31000042,0,0,0.10000000149011612,1021.5935668945312,22.540000915527344,9.710798263549805,-2.188305855,374002304,1267774336,-16.89999962,0.4990110695362091,164.41000366210938,5,1,-4.989999771,-0.569999993,6.150000095367432,-6.010000229,0,121684,121720,122201,121712,0,121720,STANDBY
1.1100000143051147,-0.879999995,10.300000190734863,0,0,0.10000000149011612,1021.6651000976562,22.579999923706055,9.131785393,-3.716567278,374002304,1267774336,-16.89999962,0.4990110695362091,164.41000366210938,5,1,-4.989999771,-0.569999993,6.150000095367432,-6.010000229,0,121784,121820,122295,121807,0,121820,STANDBY
1.100000023841858,-0.889999986,10.289999961853027,0,-0.100000001,0.10000000149011612,1021.546875,22.510000228881836,10.089882850646973,1.4537866115570068,374002304,1267774336,-16.89999962,0.4990110695362091,164.41000366210938,5,1,-5,-0.569999993,6.139999866485596,-6,0,121884,121920,122405,121917,0,121920,STANDBY
1.100000023841858,-0.910000026,10.300000190734863,0,0,0.10000000149011612,1021.434814453125,22.43000030517578,10.99864673614502,4.565478801727295,374002304,1267774336,-16.89999962,0.4990110695362091,164.41000366210938,5,1,-5.010000229,-0.569999993,6.150000095367432,-5.989999771,0,121984,122020,122500,122011,0,122020,STANDBY
1.1299999952316284,-0.870000005,10.31000042,0,0,0.10000000149011612,1021.5183715820312,22.489999771118164,10.320968627929688,0.21119403839111328,374002304,1267774336,-16.89999962,0.4990110695362091,164.41000366210938,5,1,-5.010000229,-0.569999993,6.139999866485596,-5.989999771,0,122084,122120,122594,122106,0,122120,STANDBY
1.100000023841858,-0.899999976,10.300000190734863,0,-0.100000001,0.10000000149011612,1021.5935668945312,22.540000915527344,9.710798263549805,-2.305517197,374002304,1267774336,-16.89999962,0.4990110695362091,164.41000366210938,5,1,-5.03000021,-0.579999983,6.139999866485596,-5.989999771,0,122184,122220,122704,122216,0,122220,STANDBY
1.1100000143051147,-0.889999986,10.300000190734863,0,0,0.10000000149011612,1021.6690673828125,22.59000015258789,9.098031044006348,-3.926599979,374002304,1267774336,-16.89999962,0.4990110695362091,164.41000366210938,5,1,-5.010000229,-0.579999983,6.150000095367432,-5.989999771,0,122284,122320,122799,122310,0,122320,STANDBY
1.100000023841858,-0.889999986,10.289999961853027,0,-0.100000001,0.10000000149011612,1021.546875,22.510000228881836,10.089882850646973,1.454383134841919,374002304,1267774336,-16.89999962,0.41669997572898865,163.7899932861328,5,1,-5.010000229,-0.579999983,6.139999866485596,-5.989999771,0,122384,122420,122893,122404,0,122420,STANDBY
1.100000023841858,-0.910000026,10.300000190734863,0,0,0,1021.4364624023438,22.43000030517578,10.985664367675781,4.5139312744140625,374002304,1267774336,-17,0.41669997572898865,163.7899932861328,4,1,-5.019999981,-0.579999983,6.139999866485596,-5.989999771,0,122484,122520,123003,122515,0,122520,STANDBY
1.1100000143051147,-0.889999986,10.300000190734863,0,0,0.10000000149011612,1021.52002,22.489999771118164,10.30798625946045,0.17820358276367188,374002304,1267774336,-17,0.41669997572898865,163.7899932861328,4,1,-5.010000229,-0.589999974,6.150000095367432,-5.989999771,0,122584,122620,123098,122610,0,122620,STANDBY
1.1200000047683716,-0.870000005,10.31000042,0,-0.100000001,0.10000000149011612,1021.5995483398438,22.540000915527344,9.661464691,-2.472035885,374002304,1267774336,-17,0.41669997572898865,163.7899932861328,4,1,-5,-0.589999974,6.150000095367432,-5.989999771,0,122684,122720,123208,122720,0,122720,STANDBY
1.0800000429153442,-0.920000017,10.31000042,0,0,0.10000000149011612,1021.6707763671875,22.59000015258789,9.085048676,-3.887767076,374002304,1267774336,-17,0.41669997572898865,163.7899932861328,4,1,-4.989999771,-0.600000024,6.150000095367432,-5.989999771,0,122784,122820,123302,122814,0,122820,STANDBY
1.1200000047683716,-0.870000005,10.289999961853027,0,0,0.10000000149011612,1021.5525512695312,22.510000228881836,10.043146133422852,1.3442187309265137,374002304,1267774336,-17,0.41669997572898865,163.7899932861328,4,1,-4.989999771,-0.600000024,6.159999847412109,-5.989999771,0,122884,122920,123397,122909,0,122920,STANDBY
1.1200000047683716,-0.879999995,10.300000190734863,0,0,0.10000000149011612,1021.442138671875,22.440000534057617,10.938928604125977,4.443429946899414,374002304,1267774336,-17,0.41669997572898865,163.7899932861328,4,1,-5,-0.600000024,6.159999847412109,-5.989999771,0,122984,123020,123507,123015,0,123020,STANDBY
1.090000033378601,-0.920000017,10.300000190734863,0,0,0.10000000149011612,1021.525634765625,22.489999771118164,10.261249542236328,0.13307905197143555,374002304,1267774336,-17,0.41669997572898865,163.7899932861328,4,1,-5,-0.600000024,6.159999847412109,-5.989999771,0,123084,123120,123601,123113,0,123120,STANDBY
1.1200000047683716,-0.889999986,10.289999961853027,0,0,0.10000000149011612,1021.601074,22.540000915527344,9.651079177856445,-2.35551095,374002304,1267774336,-17,0.41669997572898865,163.7899932861328,4,1,-4.980000019,-0.600000024,6.159999847412109,-5.989999771,0,123184,123220,123696,123208,0,123220,STANDBY
1.1299999952316284,-0.889999986,10.289999961853027,0,0,0.10000000149011612,1021.672363,22.59000015258789,9.072066307067871,-3.823578596,374002304,1267774336,-17,0.41669997572898865,163.7899932861328,4,1,-4.980000019,-0.610000014,6.159999847412109,-5.989999771,0,123284,123320,123806,123318,0,123320,STANDBY
1.090000033378601,-0.910000026,10.289999961853027,0,0,0.10000000149011612,1021.5557861328125,22.510000228881836,10.017181396484375,1.3333699703216553,374002240,1267774336,-17,0.4527110755443573,163.69000244140625,4,1,-4.980000019,-0.610000014,6.159999847412109,-5.989999771,0,123384,123420,123900,123412,0,123420,STANDBY
1.1200000047683716,-0.879999995,10.300000190734863,0,0,0.10000000149011612,1021.4453735351562,22.440000534057617,10.91296387,4.436486721038818,374002240,1267774336,-17.5,0.4527110755443573,163.69000244140625,4,1,-4.989999771,-0.610000014,6.159999847412109,-5.980000019,0,123485,123521,123995,123506,0,123521,STANDBY
1.1100000143051147,-0.889999986,10.300000190734863,0,-0.100000001,0,1021.5289306640625,22.489999771118164,10.235284805297852,0.12863516807556152,374002240,1267774336,-17.5,0.4527110755443573,163.69000244140625,4,1,-5.010000229,-0.620000005,6.159999847412109,-5.980000019,0,123585,123621,124105,123617,0,123621,STANDBY
1.100000023841858,-0.899999976,10.300000190734863,0,0,0.10000000149011612,1021.6084594726562,22.540000915527344,9.588764190673828,-2.503756046,374002240,1267774336,-17.5,0.4527110755443573,163.69000244140625,4,1,-5,-0.620000005,6.170000076293945,-5.980000019,0,123685,123721,124199,123711,0,123721,STANDBY
1.1100000143051147,-0.870000005,10.289999961853027,0,0,0.10000000149011612,1021.679688,22.59000015258789,9.012347221374512,-3.908071756,374002240,1267774336,-17.5,0.4527110755443573,163.69000244140625,4,1,-4.989999771,-0.620000005,6.159999847412109,-5.980000019,0,123785,123821,124294,123806,0,123821,STANDBY
1.1100000143051147,-0.899999976,10.300000190734863,0,-0.100000001,0.10000000149011612,1021.5631103515625,22.510000228881836,9.957462310791016,1.2051677703857422,374002240,1267774336,-17.5,0.4527110755443573,163.69000244140625,4,1,-5.019999981,-0.629999995,6.159999847412109,-5.980000019,0,123886,123921,124404,123916,0,123921,STANDBY
1.100000023841858,-0.910000026,10.300000190734863,0,0,0.10000000149011612,1021.4512329101562,22.440000534057617,10.866227149963379,4.406366825,374002240,1267774336,-17.5,0.4527110755443573,163.69000244140625,4,1,-5,-0.629999995,6.170000076293945,-5.980000019,0,123986,124021,124498,124010,0,124021,STANDBY
1.1200000047683716,-0.879999995,10.300000190734863,0,0,0.10000000149011612,1021.5345458984375,22.489999771118164,10.18854808807373,0.10935854911804199,374002240,1267774336,-17.5,0.4527110755443573,163.69000244140625,4,1,-5,-0.639999986,6.159999847412109,-5.980000019,0,124086,124121,124609,124121,0,124121,STANDBY
1.090000033378601,-0.910000026,10.300000190734863,0,0,0,1021.6099853515625,22.540000915527344,9.578377723693848,-2.370692015,374002240,1267774336,-17.5,0.4527110755443573,163.69000244140625,4,1,-5.019999981,-0.639999986,6.150000095367432,-5.980000019,0,124186,124221,124703,124215,0,124221,STANDBY
1.1200000047683716,-0.899999976,10.300000190734863,-0.100000001,0,0.10000000149011612,1021.685302734375,22.59000015258789,8.965611457824707,-3.968307972,374002240,1267774336,-17.5,0.4527110755443573,163.69000244140625,4,1,-5,-0.639999986,6.159999847412109,-5.96999979,0,124286,124321,124797,124309,0,124321,STANDBY
1.1200000047683716,-0.879999995,10.300000190734863,0,0,0.10000000149011612,1021.5614624023438,22.510000228881836,9.970444679260254,1.4796156883239746,374001760,1267774592,-17.5,0.6533443927764893,163.32000732421875,4,1,-5,-0.639999986,6.170000076293945,-5.96999979,0,124386,124421,124908,124420,0,124421,STANDBY
1.090000033378601,-0.910000026,10.300000190734863,0,0,0.10000000149011612,1021.449707,22.440000534057617,10.879209518432617,4.5820136070251465,374001760,1267774592,-22.70000076,0.6533443927764893,163.32000732421875,5,1,-5.019999981,-0.649999976,6.150000095367432,-5.96999979,0,124486,124521,125002,124514,0,124521,STANDBY
1.1100000143051147,-0.899999976,10.31000042,-0.100000001,0,0.10000000149011612,1021.53125,22.489999771118164,10.217109680175781,0.33601880073547363,374001760,1267774592,-22.70000076,0.6533443927764893,163.32000732421875,5,1,-5.03000021,-0.639999986,6.159999847412109,-5.960000038,0,124587,124621,125096,124608,0,124621,STANDBY
1.1200000047683716,-0.879999995,10.31000042,0,0,0.10000000149011612,1021.6068115234375,22.540000915527344,9.604342460632324,-2.23601675,374001760,1267774592,-22.70000076,0.6533443927764893,163.32000732421875,5,1,-5.039999962,-0.639999986,6.159999847412109,-5.949999809,0,124687,124721,125207,124719,0,124721,STANDBY
1.090000033378601,-0.920000017,10.300000190734863,0,0,0.10000000149011612,1021.6802978515625,22.59000015258789,9.007154465,-3.819802761,374001760,1267774592,-22.70000076,0.6533443927764893,163.32000732421875,5,1,-5.03000021,-0.649999976,6.150000095367432,-5.949999809,0,124787,124821,125301,124813,0,124821,STANDBY
1.1100000143051147,-0.899999976,10.289999961853027,0,0,0.10000000149011612,1021.5582275390625,22.510000228881836,9.996409416,1.5123460292816162,374001760,1267774592,-22.70000076,0.6533443927764893,163.32000732421875,5,1,-5.019999981,-0.649999976,6.150000095367432,-5.949999809,0,124887,124921,125395,124907,0,124921,STANDBY
1.1200000047683716,-0.879999995,10.300000190734863,0,0,0.10000000149011612,1021.4464111328125,22.440000534057617,10.905174255371094,4.602961063,374001760,1267774592,-22.70000076,0.6533443927764893,163.32000732421875,5,1,-5,-0.649999976,6.159999847412109,-5.949999809,0,124987,125021,125506,125016,0,125021,STANDBY
1.090000033378601,-0.910000026,10.31000042,0,-0.100000001,0,1021.5215454101562,22.489999771118164,10.295003890991211,0.505213737,374001760,1267774592,-22.70000076,0.6533443927764893,163.32000732421875,5,1,-5,-0.660000026,6.159999847412109,-5.949999809,0,125087,125121,125600,125112,0,125121,STANDBY
1.1100000143051147,-0.899999976,10.300000190734863,-0.100000001,0,0.10000000149011612,1021.5995483398438,22.540000915527344,9.661464691,-2.21081996,374001760,1267774592,-22.70000076,0.6533443927764893,163.32000732421875,5,1,-5,-0.649999976,6.170000076293945,-5.949999809,0,125187,125221,125694,125206,0,125221,STANDBY
1.1399999856948853,-0.879999995,10.289999961853027,0,0,0,1021.6690673828125,22.59000015258789,9.098031044006348,-3.668659449,374001760,1267774592,-22.70000076,0.6533443927764893,163.32000732421875,5,1,-5.019999981,-0.649999976,6.159999847412109,-5.940000057,0,125287,125321,125804,125317,0,125321,STANDBY
1.0700000524520874,-0.930000007,10.289999961853027,0,0,0.10000000149011612,1021.549316,22.510000228881836,10.069110870361328,1.536377191543579,374001728,1267774592,-22.70000076,0.6533443927764893,163.5800018310547,5,1,-5.019999981,-0.660000026,6.150000095367432,-5.940000057,0,125387,125421,125899,125410,0,125421,STANDBY
1.100000023841858,-0.899999976,10.31000042,-0.100000001,0,0.10000000149011612,1021.4371948242188,22.440000534057617,10.98047161102295,4.628724575042725,374001728,1267774592,-23.20000076,0.6533443927764893,163.5800018310547,4,1,-5.010000229,-0.660000026,6.159999847412109,-5.940000057,0,125487,125521,126009,125516,0,125521,STANDBY
1.1200000047683716,-0.879999995,10.289999961853027,0,-0.100000001,0,1021.3796997070312,22.399999618530273,11.445240020751953,4.821457862854004,374001728,1267774592,-23.20000076,0.6533443927764893,163.5800018310547,4,1,-5.019999981,-0.660000026,6.150000095367432,-5.929999828,0,125587,125621,126103,125615,0,125621,STANDBY
1.0800000429153442,-0.920000017,10.300000190734863,-0.100000001,0,0.10000000149011612,1021.4615478515625,22.459999084472656,10.783140182495117,0.4373338222503662,374001728,1267774592,-23.20000076,0.6533443927764893,163.5800018310547,4,1,-5.03000021,-0.670000017,6.150000095367432,-5.929999828,0,125687,125721,126198,125710,0,125721,STANDBY
1.1200000047683716,-0.879999995,10.300000190734863,-0.100000001,0,0.10000000149011612,1021.545166015625,22.510000228881836,10.102865219116211,-2.441206217,374001728,1267774592,-23.20000076,0.6533443927764893,163.5800018310547,4,1,-5.010000229,-0.660000026,6.159999847412109,-5.929999828,0,125787,125821,126308,125819,0,125821,STANDBY
1.1100000143051147,-0.889999986,10.300000190734863,0.10000000149011612,-0.100000001,0,1021.4290771484375,22.440000534057617,11.04538345336914,2.207700729370117,374001728,1267774592,-23.20000076,0.6533443927764893,163.5800018310547,4,1,-5,-0.670000017,6.159999847412109,-5.929999828,0,125887,125921,126402,125915,0,125921,STANDBY
1.090000033378601,-0.920000017,10.300000190734863,0,0,0.10000000149011612,1021.3272094726562,22.37000084,11.871061325073242,4.715640068054199,374001728,1267774592,-23.20000076,0.6533443927764893,163.5800018310547,4,1,-5,-0.670000017,6.170000076293945,-5.929999828,0,125987,126021,126497,126009,0,126021,STANDBY
1.1100000143051147,-0.889999986,10.300000190734863,-0.100000001,0,0.10000000149011612,1021.248779296875,22.31999969482422,12.507196426391602,5.5625505447387695,374001728,1267774592,-23.20000076,0.6533443927764893,163.5800018310547,4,1,-4.989999771,-0.670000017,6.170000076293945,-5.920000076,0,126088,126121,126607,126118,0,126121,STANDBY
1.100000023841858,-0.899999976,10.31000042,0,-0.100000001,0.10000000149011612,1021.3441162109375,22.37999916,11.733448028564453,0.4650387763977051,374001728,1267774592,-23.20000076,0.6533443927764893,163.5800018310547,4,1,-5.010000229,-0.670000017,6.159999847412109,-5.920000076,0,126188,126221,126701,126214,0,126221,STANDBY
1.100000023841858,-0.920000017,10.31000042,-0.100000001,0,0.10000000149011612,1021.4332885742188,22.440000534057617,11.011629104614258,-2.589650869,374001728,1267774592,-23.20000076,0.6533443927764893,163.5800018310547,4,1,-5,-0.670000017,6.159999847412109,-5.920000076,0,126288,126321,126796,126307,0,126321,STANDBY
1.1200000047683716,-0.879999995,10.300000190734863,0,0,0.10000000149011612,1021.3295288085938,22.37000084,11.852886199951172,1.7076517343521118,374001664,1267774592,-23.20000076,0.6018999218940735,163.5500030517578,4,1,-5.010000229,-0.670000017,6.159999847412109,-5.920000076,0,126388,126422,126906,126417,0,126422,STANDBY
1.100000023841858,-0.899999976,10.289999961853027,0,0,-0.100000001,1021.2302856445312,22.309999465942383,12.657791137695312,4.312517166137695,374001664,1267774592,-23.89999962,0.6018999218940735,163.5500030517578,4,1,-5.019999981,-0.680000007,6.159999847412109,-5.909999847,0,126488,126522,127000,126513,0,126522,STANDBY
1.100000023841858,-0.920000017,10.300000190734863,-0.100000001,0,0.10000000149011612,1021.129638671875,22.25,13.475679397583008,6.031564235687256,374001664,1267774592,-23.89999962,0.6018999218940735,163.5500030517578,4,1,-5.019999981,-0.680000007,6.159999847412109,-5.909999847,0,126588,126622,127095,126607,0,126622,STANDBY
1.1299999952316284,-0.879999995,10.300000190734863,0,0,0,1021.231689453125,22.309999465942383,12.647405624389648,0.5471062660217285,374001664,1267774592,-23.89999962,0.6018999218940735,163.5500030517578,4,1,-5.010000229,-0.680000007,6.170000076293945,-5.909999847,0,126688,126722,127205,126716,0,126722,STANDBY
1.100000023841858,-0.920000017,10.289999961853027,0,-0.100000001,0,1021.3272705078125,22.37999916,11.871061325073242,-2.755229235,374001664,1267774592,-23.89999962,0.6018999218940735,163.5500030517578,4,1,-5,-0.680000007,6.159999847412109,-5.909999847,0,126788,126822,127299,126811,0,126822,STANDBY
1.090000033378601,-0.910000026,10.300000190734863,-0.100000001,0,0.10000000149011612,1021.2293701171875,22.309999465942383,12.665580749511719,1.4147310256958008,374001664,1267774592,-23.89999962,0.6018999218940735,163.5500030517578,4,1,-4.989999771,-0.689999998,6.170000076293945,-5.909999847,0,126888,126922,127410,126921,0,126922,STANDBY
1.1299999952316284,-0.879999995,10.289999961853027,0,0,0,1021.1395263671875,22.25,13.39518928527832,3.823862075805664,374001664,1267774592,-23.89999962,0.6018999218940735,163.5500030517578,4,1,-5,-0.689999998,6.159999847412109,-5.909999847,0,126988,127022,127504,127015,0,127022,STANDBY
1.100000023841858,-0.899999976,10.300000190734863,0,0,0.10000000149011612,1021.0485229492188,22.200000762939453,14.132586479187012,5.396860599517822,374001664,1267774592,-23.89999962,0.6018999218940735,163.5500030517578,4,1,-5.010000229,-0.689999998,6.150000095367432,-5.900000095,0,127088,127122,127598,127110,0,127122,STANDBY
1.090000033378601,-0.910000026,10.300000190734863,-0.100000001,0,0.10000000149011612,1021.1549072265625,22.270000457763672,13.27055835723877,0.005878448,374001664,1267774592,-23.89999962,0.6018999218940735,163.5500030517578,4,1,-5.03000021,-0.699999988,6.150000095367432,-5.900000095,0,127188,127222,127709,127220,0,127222,STANDBY
1.1200000047683716,-0.889999986,10.289999961853027,0,0,0,1021.254395,22.329999923706055,12.463056564331055,-3.226244926,374001664,1267774592,-23.89999962,0.6018999218940735,163.5500030517578,4,1,-5.010000229,-0.699999988,6.159999847412109,-5.889999866,0,127288,127322,127803,127314,0,127322,STANDBY
1.100000023841858,-0.899999976,10.289999961853027,0,0,0,1021.164551,22.270000457763672,13.19266414642334,0.8536334037780762,374001472,1267774720,-23.89999962,0.7047888040542603,163.02999877929688,4,1,-5.019999981,-0.699999988,6.150000095367432,-5.889999866,0,127388,127422,127897,127410,0,127422,STANDBY
1.090000033378601,-0.910000026,10.31000042,-0.100000001,0,0.10000000149011612,1021.0730590820312,22.209999084472656,13.93525505065918,3.5166890621185303,374001472,1267774720,-26,0.7047888040542603,163.02999877929688,4,1,-5.019999981,-0.699999988,6.139999866485596,-5.889999866,0,127488,127522,128008,127516,0,127522,STANDBY
1.1200000047683716,-0.870000005,10.300000190734863,0,0,0.10000000149011612,1020.9902954101562,22.15999984741211,14.605144500732422,4.930238723754883,374001472,1267774720,-26,0.7047888040542603,163.02999877929688,4,1,-5.010000229,-0.699999988,6.139999866485596,-5.889999866,0,127588,127622,128102,127613,0,127622,STANDBY
1.090000033378601,-0.930000007,10.300000190734863,0,-0.100000001,0,1021.1007690429688,22.229999542236328,13.709362030029297,-0.450625658,374001472,1267774720,-26,0.7047888040542603,163.02999877929688,4,1,-5.010000229,-0.709999979,6.139999866485596,-5.889999866,0,127688,127722,128196,127708,0,127722,STANDBY
1.090000033378601,-0.899999976,10.300000190734863,-0.100000001,0,0.20000000298023224,1021.2042236328125,22.299999237060547,12.870701789855957,-2.972113371,374001472,1267774720,-26,0.7047888040542603,163.02999877929688,4,1,-4.96999979,-0.709999979,6.150000095367432,-5.900000095,0,127788,127822,128307,127818,0,127822,STANDBY
1.100000023841858,-0.879999995,10.300000190734863,0,0,0,1021.1124267578125,22.239999771118164,13.615888595581055,1.0910571813583374,374001472,1267774720,-26,0.7047888040542603,163.02999877929688,4,1,-4.989999771,-0.709999979,6.130000114440918,-5.889999866,0,127888,127922,128401,127912,0,127922,STANDBY
1.090000033378601,-0.920000017,10.289999961853027,0,0,0.10000000149011612,1021.026855,22.18000030517578,14.309146881103516,2.916702986,374001472,1267774720,-26,0.7047888040542603,163.02999877929688,4,1,-5,-0.709999979,6.130000114440918,-5.889999866,0,127988,128022,128495,128007,0,128022,STANDBY
1.1100000143051147,-0.889999986,10.289999961853027,0,0,0.10000000149011612,1020.9428100585938,22.12999916,14.99201774597168,4.051877021789551,374001472,1267774720,-26,0.7047888040542603,163.02999877929688,4,1,-5.010000229,-0.709999979,6.139999866485596,-5.880000114,0,128088,128122,128606,128117,0,128122,STANDBY
1.1100000143051147,-0.889999986,10.300000190734863,0,-0.100000001,0,1021.0565795898438,22.209999084472656,14.06767463684082,-0.364696711,374001472,1267774720,-26,0.7047888040542603,163.02999877929688,4,1,-5.019999981,-0.720000029,6.130000114440918,-5.880000114,0,128188,128222,128700,128212,0,128222,STANDBY
1.0700000524520874,-0.920000017,10.31000042,0,0,0.10000000149011612,1021.1643676757812,22.280000686645508,13.19266414642334,-3.033439398,374001472,1267774720,-26,0.7047888040542603,163.02999877929688,4,1,-5.019999981,-0.730000019,6.130000114440918,-5.880000114,0,128288,128322,128811,128322,0,128322,STANDBY
1.1299999952316284,-0.870000005,10.289999961853027,-0.100000001,0,0.10000000149011612,1021.0728759765625,22.219999313354492,13.93525505065918,0.43488961458206177,374001536,1267774720,-26,0.4835777282714844,161.8699951171875,4,1,-5.019999981,-0.720000029,6.139999866485596,-5.880000114,0,128388,128422,128905,128416,0,128422,STANDBY
1.090000033378601,-0.920000017,10.300000190734863,0,-0.200000003,-0.100000001,1020.9953002929688,22.15999984741211,14.566197395324707,2.297344923019409,374001536,1267774720,-25.20000076,0.4835777282714844,161.8699951171875,4,1,-5.03000021,-0.730000019,6.130000114440918,-5.880000114,0,128488,128522,128999,128510,0,128522,STANDBY
1.0800000429153442,-0.930000007,10.300000190734863,-0.100000001,0,0.10000000149011612,1020.9149169921875,22.12000084,15.217910766601562,3.55578351,374001536,1267774720,-25.20000076,0.4835777282714844,161.8699951171875,4,1,-5.019999981,-0.730000019,6.139999866485596,-5.869999886,0,128588,128622,129110,128621,0,128622,STANDBY
1.1200000047683716,-0.870000005,10.300000190734863,0,0,0.10000000149011612,1021.0293579101562,22.190000534057617,14.288374900817871,-0.69881326,374001536,1267774720,-25.20000076,0.4835777282714844,161.8699951171875,4,1,-5.010000229,-0.730000019,6.139999866485596,-5.869999886,0,128688,128722,129204,128715,0,128722,STANDBY
1.1100000143051147,-0.899999976,10.300000190734863,0,0,0,1021.1369018554688,22.260000228881836,13.415961265563965,-3.238964081,374001536,1267774720,-25.20000076,0.4835777282714844,161.8699951171875,4,1,-5.010000229,-0.730000019,6.139999866485596,-5.860000134,0,128788,128822,129298,128809,0,128822,STANDBY
1.1100000143051147,-0.930000007,10.31000042,0,0,0.10000000149011612,1021.0532836914062,22.209999084472656,14.096236228942871,0.103942871,374001536,1267774720,-25.20000076,0.4835777282714844,161.8699951171875,4,1,-5.010000229,-0.730000019,6.150000095367432,-5.860000134,0,128888,128922,129409,128920,0,128922,STANDBY
1.1100000143051147,-0.899999976,10.300000190734863,-0.100000001,-0.100000001,0.10000000149011612,1020.9744262695312,22.149999618530273,14.734967231750488,2.070385456085205,374001536,1267774720,-25.20000076,0.4835777282714844,161.8699951171875,4,1,-5.010000229,-0.730000019,6.150000095367432,-5.860000134,0,128989,129022,129503,129014,0,129022,STANDBY
1.100000023841858,-0.889999986,10.300000190734863,-0.100000001,-0.100000001,0.10000000149011612,1020.894043,22.110000610351562,15.38668155670166,3.4105324745178223,374001536,1267774720,-25.20000076,0.4835777282714844,161.8699951171875,4,1,-5.010000229,-0.730000019,6.150000095367432,-5.860000134,0,129089,129122,129597,129108,0,129122,STANDBY
1.0800000429153442,-0.910000026,10.300000190734863,0,0,0.10000000149011612,1021.0098266601562,22.18000030517578,14.446759223937988,-0.825010717,374001536,1267774720,-25.20000076,0.4835777282714844,161.8699951171875,4,1,-5,-0.74000001,6.150000095367432,-5.860000134,0,129189,129222,129708,129219,0,129222,STANDBY
1.1299999952316284,-0.889999986,10.300000190734863,0,0,0.10000000149011612,1021.1199340820312,22.25,13.553573608398438,-3.386200666,374001536,1267774720,-25.20000076,0.4835777282714844,161.8699951171875,4,1,-4.989999771,-0.74000001,6.170000076293945,-5.860000134,0,129289,129323,129802,129313,0,129323,STANDBY
1.1200000047683716,-0.920000017,10.300000190734863,0,-0.100000001,0,1021.0321655273438,22.200000762939453,14.265006065368652,0.1094154343008995,374001728,1267774592,-25.20000076,0.4732888340950012,163.17999267578125,4,1,-4.989999771,-0.74000001,6.159999847412109,-5.860000134,0,129389,129423,129896,129408,0,129423,STANDBY
1.1200000047683716,-0.899999976,10.300000190734863,-0.100000001,0,0.10000000149011612,1020.954833984375,22.139999389648438,14.893352508544922,2.0807344913482666,374001728,1267774592,-22.89999962,0.4732888340950012,163.17999267578125,4,1,-4.96999979,-0.74000001,6.170000076293945,-5.860000134,0,129489,129523,130007,129517,0,129523,STANDBY
1.100000023841858,-0.889999986,10.31000042,0,0,0.10000000149011612,1020.880371,22.100000381469727,15.498330116271973,3.2675983905792236,374001728,1267774592,-22.89999962,0.4732888340950012,163.17999267578125,4,1,-4.980000019,-0.74000001,6.159999847412109,-5.860000134,0,129589,129623,130101,129612,0,129623,STANDBY
1.1200000047683716,-0.899999976,10.300000190734863,0,0,0.10000000149011612,1020.995849609375,22.170000076293945,14.561003684997559,-0.908181608,374001728,1267774592,-22.89999962,0.4732888340950012,163.17999267578125,4,1,-4.980000019,-0.74000001,6.170000076293945,-5.849999905,0,129689,129723,130195,129708,0,129723,STANDBY
1.1399999856948853,-0.910000026,10.300000190734863,0,0,0.10000000149011612,1021.107666015625,22.239999771118164,13.65483570098877,-3.480973959,374001728,1267774592,-22.89999962,0.4732888340950012,163.17999267578125,4,1,-4.989999771,-0.75,6.170000076293945,-5.849999905,0,129789,129823,130306,129817,0,129823,STANDBY
1.100000023841858,-0.910000026,10.300000190734863,0,-0.100000001,0.10000000149011612,1021.0220947265625,22.190000534057617,14.34809398651123,-0.009396935,374001728,1267774592,-22.89999962,0.4732888340950012,163.17999267578125,4,1,-4.989999771,-0.75,6.159999847412109,-5.849999905,0,129889,129923,130400,129911,0,129923,STANDBY
1.100000023841858,-0.879999995,10.300000190734863,0,0,0.10000000149011612,1020.942626953125,22.139999389648438,14.99201774597168,2.054542064666748,374001728,1267774592,-22.89999962,0.4732888340950012,163.17999267578125,4,1,-4.980000019,-0.75,6.170000076293945,-5.840000153,0,129989,130023,130510,130022,0,130023,STANDBY
1.090000033378601,-0.889999986,10.300000190734863,0,0,0,1020.8681030273438,22.09000015258789,15.59699535369873,3.250835418701172,374001728,1267774592,-22.89999962,0.4732888340950012,163.17999267578125,4,1,-4.96999979,-0.75,6.170000076293945,-5.840000153,0,130089,130123,130605,130116,0,130123,STANDBY
1.1200000047683716,-0.920000017,10.300000190734863,0,0,0,1020.9862670898438,22.170000076293945,14.638897895812988,-0.985377133,374001728,1267774592,-22.89999962,0.4732888340950012,163.17999267578125,4,1,-4.980000019,-0.75,6.170000076293945,-5.840000153,0,130189,130223,130699,130210,0,130223,STANDBY
1.1100000143051147,-0.910000026,10.289999961853027,0,-0.100000001,0,1021.0936889648438,22.239999771118164,13.766484260559082,-3.42236495,374001728,1267774592,-22.89999962,0.4732888340950012,163.17999267578125,4,1,-4.989999771,-0.75,6.170000076293945,-5.829999924,0,130289,130323,130809,130321,0,130323,STANDBY
1.100000023841858,-0.889999986,10.300000190734863,-0.100000001,0,0.10000000149011612,1021.010498046875,22.18000030517578,14.441566467285156,-0.03005047,374001696,1267774592,-22.89999962,0.4527110755443573,163.02999877929688,4,1,-4.980000019,-0.75,6.179999828338623,-5.829999924,0,130390,130423,130904,130415,0,130423,STANDBY
1.1299999952316284,-0.860000014,10.289999961853027,0,-0.100000001,0,1020.9313354492188,22.12999916,15.085491180419922,2.0413267612457275,374001696,1267774592,-23.20000076,0.4527110755443573,163.02999877929688,4,1,-4.989999771,-0.75,6.179999828338623,-5.820000172,0,130490,130523,130998,130509,0,130523,STANDBY
1.059999942779541,-0.930000007,10.289999961853027,0,0,-0.100000001,1020.8582153320312,22.079999923706055,15.677486419677734,3.200834035873413,374001696,1267774592,-23.20000076,0.4527110755443573,163.02999877929688,4,1,-5.010000229,-0.75,6.159999847412109,-5.809999943,0,130590,130623,131108,130620,0,130623,STANDBY
1.1299999952316284,-0.870000005,10.300000190734863,-0.200000003,0,0.30000001192092896,1020.9762573242188,22.15999984741211,14.719388961791992,-1.017378092,374001696,1267774592,-23.20000076,0.4527110755443573,163.02999877929688,4,1,-4.989999771,-0.75,6.179999828338623,-5.809999943,0,130690,130723,131203,130714,0,130723,STANDBY
1.1100000143051147,-0.879999995,10.300000190734863,0,-0.200000003,-0.100000001,1021.086426,22.229999542236328,13.826203346252441,-3.509315968,374001696,1267774592,-23.20000076,0.4527110755443573,163.02999877929688,4,1,-5.010000229,-0.75999999,6.159999847412109,-5.809999943,0,130790,130823,131297,130808,0,130823,STANDBY
1.0399999618530273,-0.949999988,10.300000190734863,0,-0.100000001,0.10000000149011612,1021.0032958984375,22.18000030517578,14.501285552978516,-0.085699275,374001696,1267774592,-23.20000076,0.4527110755443573,163.02999877929688,4,1,-4.989999771,-0.75999999,6.170000076293945,-5.809999943,0,130890,130923,131407,130919,0,130923,STANDBY
1.149999976158142,-0.860000014,10.289999961853027,-0.100000001,0.10000000149011612,0.10000000149011612,1020.929688,22.12999916,15.09847354888916,1.8561540842056274,374001696,1267774592,-23.20000076,0.4527110755443573,163.02999877929688,4,1,-4.989999771,-0.75999999,6.190000057220459,-5.800000191,0,130990,131023,131502,131013,0,131023,STANDBY
1.1200000047683716,-0.910000026,10.300000190734863,0,-0.200000003,-0.100000001,1020.8509521484375,22.079999923706055,15.737205505371094,3.2318809032440186,374001696,1267774592,-23.20000076,0.4527110755443573,163.02999877929688,4,1,-5.010000229,-0.75999999,6.159999847412109,-5.800000191,0,131090,131123,131596,131107,0,131123,STANDBY
1.0399999618530273,-0.959999979,10.300000190734863,-0.100000001,0,0.10000000149011612,1020.9673461914062,22.15999984741211,14.79209041595459,-0.955964506,374001696,1267774592,-23.20000076,0.4527110755443573,163.02999877929688,4,1,-5.019999981,-0.75999999,6.159999847412109,-5.800000191,0,131190,131223,131705,131218,0,131223,STANDBY
1.159999966621399,-0.829999983,10.31000042,-0.200000003,0,0.10000000149011612,1021.0794677734375,22.229999542236328,13.883325576782227,-3.519864798,374001696,1267774592,-23.20000076,0.4527110755443573,163.02999877929688,4,1,-5.010000229,-0.75999999,6.179999828338623,-5.78000021,0,131290,131323,131800,131312,0,131323,STANDBY
1.149999976158142,-0.860000014,10.300000190734863,0.10000000149011612,-0.200000003,-0.100000001,1021,22.18000030517578,14.527250289916992,-0.192154512,374001664,1267774592,-23.20000076,0.4578555226325989,164.5399932861328,4,1,-5.019999981,-0.75999999,6.170000076293945,-5.78000021,0,131390,131423,131910,131422,0,131423,STANDBY
1.0399999618530273,-0.980000019,10.300000190734863,-0.100000001,-0.100000001,0.10000000149011612,1020.9328002929688,22.139999389648438,15.072508811950684,1.6218483448028564,374001664,1267774592,-23.89999962,0.4578555226325989,164.5399932861328,4,1,-5.019999981,-0.75999999,6.170000076293945,-5.78000021,0,131490,131523,132004,131516,0,131523,STANDBY
1.1699999570846558,-0.829999983,10.300000190734863,-0.100000001,0,0.10000000149011612,1020.8662719726562,22.100000381469727,15.612574577331543,2.766193389892578,374001664,1267774592,-23.89999962,0.4578555226325989,164.5399932861328,4,1,-4.960000038,-0.75999999,6.190000057220459,-5.78000021,0,131590,131623,132099,131610,0,131623,STANDBY
1.159999966621399,-0.829999983,10.300000190734863,0.10000000149011612,-0.200000003,-0.200000003,1020.9827270507812,22.170000076293945,14.667459487915039,-1.254004478,374001664,1267774592,-23.89999962,0.4578555226325989,164.5399932861328,4,1,-4.980000019,-0.75,6.170000076293945,-5.769999981,0,131690,131723,132209,131721,0,131723,STANDBY
1.0099999904632568,-0.99000001,10.31000042,-0.100000001,0,0.10000000149011612,1021.096191,22.239999771118164,13.745712280273438,-3.752153873,374001664,1267774592,-23.89999962,0.4578555226325989,164.5399932861328,4,1,-4.989999771,-0.75999999,6.159999847412109,-5.769999981,0,131790,131823,132303,131815,0,131823,STANDBY
1.2000000476837158,-0.819999993,10.289999961853027,-0.100000001,0,0.10000000149011612,1021.0250244140625,22.200000762939453,14.324725151062012,-0.548537254,374001664,1267774592,-23.89999962,0.4578555226325989,164.5399932861328,4,1,-4.96999979,-0.75,6.179999828338623,-5.760000229,0,131890,131923,132398,131909,0,131923,STANDBY
1.1299999952316284,-0.889999986,10.300000190734863,0.10000000149011612,-0.300000012,-0.200000003,1020.9617309570312,22.15999984741211,14.838826179504395,1.2940595149993896,374001664,1267774592,-23.89999962,0.4578555226325989,164.5399932861328,4,1,-5.010000229,-0.75999999,6.150000095367432,-5.760000229,0,131990,132023,132507,132018,0,132023,STANDBY
1.0399999618530273,-0.959999979,10.300000190734863,-0.200000003,0.10000000149011612,0.30000001192092896,1020.8992309570312,22.12000084,15.345137596130371,2.448394775390625,374001664,1267774592,-23.89999962,0.4578555226325989,164.5399932861328,4,1,-5,-0.75999999,6.170000076293945,-5.760000229,0,132090,132123,132601,132114,0,132123,STANDBY
1.190000057220459,-0.810000002,10.300000190734863,-0.100000001,0,0.10000000149011612,1021.013427734375,22.190000534057617,14.418198585510254,-1.399232268,374001664,1267774592,-23.89999962,0.4578555226325989,164.5399932861328,4,1,-4.989999771,-0.75999999,6.179999828338623,-5.739999771,0,132190,132224,132712,132224,0,132224,STANDBY
1.0399999618530273,-0.949999988,10.31000042,0.10000000149011612,-0.200000003,-0.100000001,1021.1238403320312,22.270000457763672,13.522416114807129,-3.762012482,374001664,1267774592,-23.89999962,0.4578555226325989,164.5399932861328,4,1,-5.019999981,-0.769999981,6.130000114440918,-5.75,0,132290,132324,132806,132318,0,132324,STANDBY
1.100000023841858,-0.910000026,10.31000042,-0.200000003,0.10000000149011612,0.30000001192092896,1021.0482788085938,22.219999313354492,14.135183334350586,-0.446832865,374001632,1267774592,-23.89999962,0.4475666284561157,164.4600067138672,4,1,-4.989999771,-0.75999999,6.170000076293945,-5.739999771,0,132390,132424,132900,132412,0,132424,STANDBY
1.190000057220459,-0.819999993,10.31000042,0,0,0,1020.9771728515625,22.170000076293945,14.711599349975586,1.5585582256317139,374001632,1267774592,-24.10000038,0.4475666284561157,164.4600067138672,5,1,-4.980000019,-0.75999999,6.159999847412109,-5.739999771,0,132490,132524,133010,132523,0,132524,STANDBY
1.0499999523162842,-0.970000029,10.300000190734863,0.10000000149011612,-0.100000001,-0.100000001,1020.9138793945312,22.12999916,15.225700378417969,2.6426007747650146,374001632,1267774592,-24.10000038,0.4475666284561157,164.4600067138672,5,1,-4.989999771,-0.769999981,6.130000114440918,-5.75,0,132590,132624,133104,132617,0,132624,STANDBY
1.100000023841858,-0.889999986,10.300000190734863,-0.200000003,0.10000000149011612,0.30000001192092896,1021.0296630859375,22.200000762939453,14.285778045654297,-1.316486955,374001632,1267774592,-24.10000038,0.4475666284561157,164.4600067138672,5,1,-4.960000038,-0.769999981,6.170000076293945,-5.739999771,0,132690,132724,133199,132711,0,132724,STANDBY
1.1799999475479126,-0.819999993,10.31000042,-0.100000001,0,0,1021.1342163085938,22.270000457763672,13.436732292175293,-3.55949831,374001632,1267774592,-24.10000038,0.4475666284561157,164.4600067138672,5,1,-4.980000019,-0.75999999,6.159999847412109,-5.739999771,0,132790,132824,133309,132820,0,132824,STANDBY
1.0299999713897705,-0.980000019,10.300000190734863,0.10000000149011612,-0.100000001,-0.100000001,1021.0526733398438,22.219999313354492,14.098832130432129,-0.159359559,374001632,1267774592,-24.10000038,0.4475666284561157,164.4600067138672,5,1,-5.010000229,-0.769999981,6.130000114440918,-5.739999771,0,132890,132924,133403,132915,0,132924,STANDBY
1.149999976158142,-0.860000014,10.300000190734863,-0.200000003,0.10000000149011612,0.30000001192092896,1020.969238,22.15999984741211,14.776511192321777,2.0665829181671143,374001632,1267774592,-24.10000038,0.4475666284561157,164.4600067138672,5,1,-4.960000038,-0.769999981,6.170000076293945,-5.730000019,0,132990,133024,133497,133010,0,133024,STANDBY
1.1799999475479126,-0.850000024,10.300000190734863,0,-0.200000003,-0.100000001,1020.8920288085938,22.12000084,15.40485668182373,3.3333187103271484,374001632,1267774592,-24.10000038,0.4475666284561157,164.4600067138672,5,1,-4.989999771,-0.769999981,6.150000095367432,-5.739999771,0,133090,133124,133608,133120,0,133124,STANDBY
1.0099999904632568,-0.99000001,10.31000042,0,0,0.10000000149011612,1021.011719,22.190000534057617,14.431180953979492,-0.982438266,374001632,1267774592,-24.10000038,0.4475666284561157,164.4600067138672,5,1,-4.989999771,-0.779999971,6.150000095367432,-5.739999771,0,133190,133224,133702,133214,0,133224,STANDBY
1.149999976158142,-0.860000014,10.300000190734863,-0.200000003,0.10000000149011612,0.30000001192092896,1021.1195068359375,22.260000228881836,13.556170463562012,-3.428794146,374001632,1267774592,-24.10000038,0.4475666284561157,164.4600067138672,5,1,-4.960000038,-0.779999971,6.179999828338623,-5.739999771,0,133291,133324,133812,133323,0,133324,STANDBY
1.1299999952316284,-0.870000005,10.300000190734863,0.10000000149011612,-0.200000003,-0.200000003,1021.0379638671875,22.209999084472656,14.218270301818848,-0.075708769,374000768,1267774848,-24.10000038,0.756233275,163.5399932861328,5,1,-4.989999771,-0.790000021,6.150000095367432,-5.739999771,0,133391,133424,133906,133417,0,133424,STANDBY
1.0399999618530273,-0.980000019,10.300000190734863,-0.200000003,0.10000000149011612,0.10000000149011612,1020.9584350585938,22.15999984741211,14.864790916442871,2.0204124450683594,374000768,1267774848,-33.70000076,0.756233275,163.5399932861328,6,1,-4.989999771,-0.790000021,6.159999847412109,-5.739999771,0,133491,133524,134001,133513,0,133524,STANDBY
1.1799999475479126,-0.829999983,10.300000190734863,-0.200000003,0.10000000149011612,0.30000001192092896,1020.8803100585938,22.110000610351562,15.498330116271973,3.320389509,374000768,1267774848,-33.70000076,0.756233275,163.5399932861328,6,1,-4.96999979,-0.779999971,6.179999828338623,-5.730000019,0,133591,133624,134111,133622,0,133624,STANDBY
1.090000033378601,-0.920000017,10.31000042,0.10000000149011612,-0.200000003,-0.100000001,1020.994141,22.18000030517578,14.573986053466797,-0.832851589,374000768,1267774848,-33.70000076,0.756233275,163.5399932861328,6,1,-5,-0.790000021,6.139999866485596,-5.730000019,0,133691,133724,134205,133716,0,133724,STANDBY
1.0700000524520874,-0.930000007,10.300000190734863,-0.200000003,0.10000000149011612,0.20000000298023224,1021.1043090820312,22.25,13.680800437927246,-3.391218901,374000768,1267774848,-33.70000076,0.756233275,163.5399932861328,6,1,-4.980000019,-0.790000021,6.170000076293945,-5.730000019,0,133791,133824,134300,133811,0,133824,STANDBY
1.190000057220459,-0.819999993,10.289999961853027,0,0,0.10000000149011612,1021.0223999023438,22.200000762939453,14.345497131347656,-0.043350793,374000768,1267774848,-33.70000076,0.756233275,163.5399932861328,6,1,-4.980000019,-0.790000021,6.179999828338623,-5.710000038,0,133891,133924,134410,133921,0,133924,STANDBY
1.0700000524520874,-0.949999988,10.300000190734863,0.10000000149011612,-0.200000003,-0.100000001,1020.9432983398438,22.149999618530273,14.986824989318848,2.0245046615600586,374000768,1267774848,-33.70000076,0.756233275,163.5399932861328,6,1,-5,-0.790000021,6.159999847412109,-5.71999979,0,133991,134024,134504,134016,0,134024,STANDBY
1.100000023841858,-0.889999986,10.31000042,-0.200000003,0.10000000149011612,0.30000001192092896,1020.870361328125,22.100000381469727,15.57882022857666,3.190067768096924,374000768,1267774848,-33.70000076,0.756233275,163.5399932861328,6,1,-4.96999979,-0.790000021,6.190000057220459,-5.710000038,0,134091,134124,134598,134110,0,134124,STANDBY
1.190000057220459,-0.810000002,10.289999961853027,0,0,-0.100000001,1020.9861450195312,22.18000030517578,14.638897895812988,-0.966108143,374000768,1267774848,-33.70000076,0.756233275,163.5399932861328,6,1,-4.960000038,-0.779999971,6.179999828338623,-5.699999809,0,134191,134224,134709,134220,0,134224,STANDBY
1.0499999523162842,-0.970000029,10.300000190734863,0,-0.100000001,0,1021.097656,22.25,13.735326766967773,-3.509736776,374000768,1267774848,-33.70000076,0.756233275,163.5399932861328,6,1,-4.989999771,-0.790000021,6.159999847412109,-5.710000038,0,134291,134324,134803,134315,0,134324,STANDBY
1.1299999952316284,-0.879999995,10.300000190734863,-0.200000003,0.10000000149011612,0.30000001192092896,1021.034668,22.209999084472656,14.246830940246582,-0.609418333,374000384,1267774976,-33.70000076,0.992877722,163.0500030517578,6,1,-4.940000057,-0.790000021,6.190000057220459,-5.710000038,0,134391,134424,134897,134409,0,134424,STANDBY
1.1699999570846558,-0.829999983,10.300000190734863,0.10000000149011612,-0.100000001,0,1020.9568481445312,22.15999984741211,14.87777328491211,1.6289876699447632,374000384,1267774976,-38.09999847,0.992877722,163.0500030517578,7,1,-4.96999979,-0.800000012,6.170000076293945,-5.710000038,0,134491,134524,135007,134518,0,134524,STANDBY
1.0700000524520874,-0.970000029,10.31000042,0,-0.100000001,0,1020.884277,22.110000610351562,15.467172622680664,2.9286301136016846,374000384,1267774976,-38.09999847,0.992877722,163.0500030517578,7,1,-4.989999771,-0.800000012,6.170000076293945,-5.710000038,0,134591,134624,135102,134612,0,134624,STANDBY
1.1100000143051147,-0.899999976,10.300000190734863,-0.200000003,0.10000000149011612,0.20000000298023224,1020.999755859375,22.190000534057617,14.52984619140625,-1.125121355,374000384,1267774976,-38.09999847,0.992877722,163.0500030517578,7,1,-4.96999979,-0.800000012,6.190000057220459,-5.699999809,0,134691,134724,135212,134723,0,134724,STANDBY
1.1399999856948853,-0.839999974,10.31000042,0,-0.200000003,-0.100000001,1021.1099243164062,22.260000228881836,13.63666058,-3.522228718,374000384,1267774976,-38.09999847,0.992877722,163.0500030517578,7,1,-4.989999771,-0.800000012,6.170000076293945,-5.699999809,0,134792,134824,135306,134817,0,134824,STANDBY
1.059999942779541,-0.949999988,10.300000190734863,-0.100000001,0,0.10000000149011612,1021.1091918945312,22.25,13.641853332519531,-2.237609625,374000384,1267774976,-38.09999847,0.992877722,163.0500030517578,7,1,-5.010000229,-0.810000002,6.170000076293945,-5.699999809,0,134892,134924,135400,134912,0,134924,STANDBY
1.1399999856948853,-0.879999995,10.300000190734863,-0.100000001,0.10000000149011612,0.20000000298023224,1021.0296630859375,22.200000762939453,14.285778045654297,0.6284889578819275,374000384,1267774976,-38.09999847,0.992877722,163.0500030517578,7,1,-4.980000019,-0.810000002,6.190000057220459,-5.690000057,0,134992,135024,135511,135019,0,135024,STANDBY
1.1299999952316284,-0.870000005,10.300000190734863,0,-0.200000003,-0.100000001,1020.9489135742188,22.149999618530273,14.94268513,2.504335641860962,374000384,1267774976,-38.09999847,0.992877722,163.0500030517578,7,1,-4.980000019,-0.810000002,6.179999828338623,-5.690000057,0,135092,135124,135605,135116,0,135124,STANDBY
1.059999942779541,-0.930000007,10.31000042,-0.100000001,0,0.10000000149011612,1021.0646362304688,22.229999542236328,14.002762794494629,-1.404976726,374000384,1267774976,-38.09999847,0.992877722,163.0500030517578,7,1,-4.96999979,-0.810000002,6.179999828338623,-5.690000057,0,135192,135224,135699,135211,0,135224,STANDBY
1.1399999856948853,-0.860000014,10.31000042,0,0,0.20000000298023224,1021.172119140625,22.299999237060547,13.130349159240723,-3.690908909,374000384,1267774976,-38.09999847,0.992877722,163.0500030517578,7,1,-4.96999979,-0.810000002,6.190000057220459,-5.679999828,0,135292,135324,135810,135321,0,135324,STANDBY
1.1100000143051147,-0.910000026,10.31000042,0.10000000149011612,-0.100000001,-0.100000001,1021.2509155273438,22.34000015258789,12.491617202758789,-4.406124115,374000480,1267774976,-38.09999847,0.9517222046852112,163.27999877929688,7,1,-4.989999771,-0.819999993,6.170000076293945,-5.690000057,0,135392,135424,135904,135415,0,135424,STANDBY
1.090000033378601,-0.920000017,10.300000190734863,-0.100000001,0,0.10000000149011612,1021.1593627929688,22.290000915527344,13.234208106994629,-0.44362852,374000480,1267774976,-37,0.9517222046852112,163.27999877929688,7,1,-4.96999979,-0.819999993,6.179999828338623,-5.679999828,0,135492,135524,135998,135510,0,135524,STANDBY
1.1399999856948853,-0.860000014,10.289999961853027,-0.100000001,0,0.10000000149011612,1021.0745239257812,22.229999542236328,13.922272682189941,1.9178844690322876,374000480,1267774976,-37,0.9517222046852112,163.27999877929688,7,1,-4.96999979,-0.819999993,6.179999828338623,-5.679999828,0,135592,135624,136109,135620,0,135624,STANDBY
1.0700000524520874,-0.920000017,10.300000190734863,0,-0.100000001,0,1021.1787719726562,22.299999237060547,13.075822830200195,-1.481193423,374000480,1267774976,-37,0.9517222046852112,163.27999877929688,7,1,-4.960000038,-0.819999993,6.170000076293945,-5.690000057,0,135692,135724,136203,135714,0,135724,STANDBY
1.1200000047683716,-0.879999995,10.31000042,-0.100000001,0.10000000149011612,0.20000000298023224,1021.2782592773438,22.37000084,12.26832103729248,-3.531969547,374000480,1267774976,-37,0.9517222046852112,163.27999877929688,7,1,-4.949999809,-0.829999983,6.190000057220459,-5.690000057,0,135792,135824,136297,135809,0,135824,STANDBY
1.159999966621399,-0.870000005,10.31000042,0,-0.100000001,0,1021.3690795898438,22.420000076293945,11.533519744873047,-4.611824989,374000480,1267774976,-37,0.9517222046852112,163.27999877929688,7,1,-4.949999809,-0.829999983,6.179999828338623,-5.679999828,0,135892,135924,136408,135919,0,135924,STANDBY
1.0700000524520874,-0.930000007,10.300000190734863,0,0,0.10000000149011612,1021.2692260742188,22.360000610351562,12.341022491455078,-0.367559254,374000480,1267774976,-37,0.9517222046852112,163.27999877929688,7,1,-4.949999809,-0.829999983,6.170000076293945,-5.679999828,0,135992,136024,136502,136013,0,136024,STANDBY
1.1100000143051147,-0.889999986,10.31000042,-0.100000001,0,0.20000000298023224,1021.1737670898438,22.299999237060547,13.117366790771484,2.2490639686584473,374000480,1267774976,-37,0.9517222046852112,163.27999877929688,7,1,-4.960000038,-0.829999983,6.179999828338623,-5.670000076,0,136092,136124,136612,136124,0,136124,STANDBY
1.1299999952316284,-0.889999986,10.289999961853027,0.10000000149011612,0,0,1021.2759399414062,22.360000610351562,12.28649616241455,-1.219385028,374000480,1267774976,-37,0.9517222046852112,163.27999877929688,7,1,-4.96999979,-0.829999983,6.170000076293945,-5.679999828,0,136192,136224,136707,136218,0,136224,STANDBY
1.0800000429153442,-0.939999998,10.300000190734863,-0.100000001,0,0.10000000149011612,1021.3690795898438,22.420000076293945,11.533519744873047,-3.189930916,374000480,1267774976,-37,0.9517222046852112,163.27999877929688,7,1,-4.960000038,-0.839999974,6.170000076293945,-5.679999828,0,136292,136324,136802,136312,0,136324,STANDBY
1.1200000047683716,-0.870000005,10.31000042,-0.100000001,0,0.10000000149011612,1021.4595336914062,22.479999542236328,10.79871940612793,-4.392917156,374000704,1267774976,-37,0.8745555281639099,163.30999755859375,7,1,-4.940000057,-0.839999974,6.179999828338623,-5.670000076,0,136392,136424,136911,136423,0,136424,STANDBY
1.1200000047683716,-0.889999986,10.300000190734863,0,-0.100000001,0,1021.357666015625,22.40999984741211,11.624396324157715,-0.169300839,374000704,1267774976,-34.59999847,0.8745555281639099,163.30999755859375,6,1,-4.960000038,-0.839999974,6.159999847412109,-5.679999828,0,136492,136524,137007,136518,0,136524,STANDBY
1.0700000524520874,-0.949999988,10.300000190734863,-0.100000001,0,0.10000000149011612,1021.2581176757812,22.350000381469727,12.431899070739746,2.475656270980835,374000704,1267774976,-34.59999847,0.8745555281639099,163.30999755859375,6,1,-4.96999979,-0.839999974,6.159999847412109,-5.670000076,0,136592,136624,137101,136612,0,136624,STANDBY
1.1399999856948853,-0.860000014,10.300000190734863,-0.100000001,0.10000000149011612,0.20000000298023224,1021.3504028320312,22.40999984741211,11.684115409851074,-0.808487713,374000704,1267774976,-34.59999847,0.8745555281639099,163.30999755859375,6,1,-4.949999809,-0.839999974,6.179999828338623,-5.659999847,0,136692,136724,137210,136723,0,136724,STANDBY
1.1200000047683716,-0.879999995,10.300000190734863,0,-0.200000003,-0.100000001,1021.4403076171875,22.469999313354492,10.954506874084473,-2.852179527,374000704,1267774976,-34.59999847,0.8745555281639099,163.30999755859375,6,1,-4.960000038,-0.839999974,6.170000076293945,-5.670000076,0,136792,136824,137306,136817,0,136824,STANDBY
1.059999942779541,-0.949999988,10.300000190734863,-0.100000001,0,0.10000000149011612,1021.5284423828125,22.520000457763672,10.237881660461426,-4.118596077,374000704,1267774976,-34.59999847,0.8745555281639099,163.30999755859375,6,1,-4.949999809,-0.850000024,6.179999828338623,-5.670000076,0,136892,136924,137400,136911,0,136924,STANDBY
1.149999976158142,-0.860000014,10.300000190734863,-0.100000001,0,0.20000000298023224,1021.418212890625,22.450000762939453,11.133663177490234,0.23059940338134766,374000704,1267774976,-34.59999847,0.8745555281639099,163.30999755859375,6,1,-4.960000038,-0.850000024,6.179999828338623,-5.659999847,0,136992,137024,137510,137019,0,137024,STANDBY
1.090000033378601,-0.920000017,10.289999961853027,0.10000000149011612,-0.200000003,-0.100000001,1021.3206176757812,22.389999389648438,11.925586700439453,2.681738853,374000704,1267774976,-34.59999847,0.8745555281639099,163.30999755859375,6,1,-4.980000019,-0.850000024,6.170000076293945,-5.670000076,0,137092,137124,137605,137116,0,137124,STANDBY
1.0800000429153442,-0.920000017,10.289999961853027,-0.100000001,0,0.10000000149011612,1021.4102172851562,22.440000534057617,11.198575019836426,-0.610124409,374000704,1267774976,-34.59999847,0.8745555281639099,163.30999755859375,6,1,-4.980000019,-0.850000024,6.179999828338623,-5.659999847,0,137192,137224,137699,137210,0,137224,STANDBY
1.1399999856948853,-0.860000014,10.289999961853027,-0.100000001,0,0.10000000149011612,1021.496094,22.5,10.502721786499023,-2.61721015,374000704,1267774976,-34.59999847,0.8745555281639099,163.30999755859375,6,1,-4.960000038,-0.850000024,6.179999828338623,-5.659999847,0,137292,137324,137809,137321,0,137324,STANDBY
1.090000033378601,-0.930000007,10.289999961853027,0,0,-0.100000001,1021.578613,22.549999237060547,9.832832336425781,-3.818660736,374000768,1267774848,-34.59999847,0.7716666460037231,162.41000366210938,6,1,-4.989999771,-0.860000014,6.159999847412109,-5.659999847,0,137392,137424,137904,137415,0,137424,STANDBY
1.100000023841858,-0.910000026,10.289999961853027,-0.100000001,0,0.20000000298023224,1021.466797,22.479999542236328,10.73900032043457,0.45579472184181213,374000768,1267774848,-33.40000153,0.7716666460037231,162.41000366210938,6,1,-4.96999979,-0.860000014,6.170000076293945,-5.659999847,0,137492,137524,137998,137509,0,137524,STANDBY
1.149999976158142,-0.860000014,10.300000190734863,0,0,0.10000000149011612,1021.3649291992188,22.40999984741211,11.56727409362793,2.9421846866607666,374000768,1267774848,-33.40000153,0.7716666460037231,162.41000366210938,6,1,-4.989999771,-0.860000014,6.179999828338623,-5.650000095,0,137592,137624,138108,137620,0,137624,STANDBY
1.0700000524520874,-0.920000017,10.31000042,0,-0.100000001,-0.100000001,1021.449219,22.469999313354492,10.881806373596191,-0.267488867,374000768,1267774848,-33.40000153,0.7716666460037231,162.41000366210938,6,1,-4.989999771,-0.870000005,6.159999847412109,-5.650000095,0,137693,137724,138203,137714,0,137724,STANDBY
1.1100000143051147,-0.899999976,10.289999961853027,-0.100000001,0,0.20000000298023224,1021.5307006835938,22.520000457763672,10.219706535339355,-2.289912462,374000768,1267774848,-33.40000153,0.7716666460037231,162.41000366210938,6,1,-4.980000019,-0.860000014,6.179999828338623,-5.639999866,0,137793,137824,138297,137808,0,137824,STANDBY
1.149999976158142,-0.850000024,10.300000190734863,0,-0.100000001,0.10000000149011612,1021.6118774414062,22.579999923706055,9.562799453735352,-3.567646742,374000768,1267774848,-33.40000153,0.7716666460037231,162.41000366210938,6,1,-4.989999771,-0.870000005,6.170000076293945,-5.639999866,0,137893,137924,138407,137919,0,137924,STANDBY
1.090000033378601,-0.939999998,10.300000190734863,0,0,0,1021.496094,22.5,10.502721786499023,0.7244575619697571,374000768,1267774848,-33.40000153,0.7716666460037231,162.41000366210938,6,1,-5,-0.879999995,6.170000076293945,-5.639999866,0,137993,138024,138502,138013,0,138024,STANDBY
1.090000033378601,-0.920000017,10.31000042,-0.100000001,0,0.20000000298023224,1021.386962890625,22.43000030517578,11.388117790222168,3.296920061,374000768,1267774848,-33.40000153,0.7716666460037231,162.41000366210938,6,1,-4.96999979,-0.879999995,6.170000076293945,-5.650000095,0,138093,138124,138612,138124,0,138124,STANDBY
1.1299999952316284,-0.870000005,10.300000190734863,0,0,0,1021.474853515625,22.489999771118164,10.674088478088379,-0.174864963,374000768,1267774848,-33.40000153,0.7716666460037231,162.41000366210938,6,1,-4.989999771,-0.879999995,6.159999847412109,-5.639999866,0,138193,138224,138706,138218,0,138224,STANDBY
1.0700000524520874,-0.939999998,10.300000190734863,0,0,0,1021.5527954101562,22.540000915527344,10.040549278259277,-2.139239073,374000768,1267774848,-33.40000153,0.7716666460037231,162.41000366210938,6,1,-5,-0.889999986,6.150000095367432,-5.639999866,0,138293,138324,138801,138312,0,138324,STANDBY
1.090000033378601,-0.920000017,10.289999961853027,-0.100000001,0,0.10000000149011612,1021.6349487304688,22.59000015258789,9.375853538513184,-3.496139526,374001568,1267774592,-33.40000153,0.097744435,162.41000366210938,6,1,-4.989999771,-0.889999986,6.159999847412109,-5.639999866,0,138393,138424,138911,138423,0,138424,STANDBY
1.1399999856948853,-0.860000014,10.300000190734863,0,-0.100000001,0.10000000149011612,1021.5134887695312,22.520000457763672,10.359915733337402,0.9114696383476257,374001568,1267774592,-24.70000076,0.097744435,162.41000366210938,8,1,-4.980000019,-0.889999986,6.159999847412109,-5.639999866,0,138493,138524,139005,138517,0,138524,STANDBY
1.0700000524520874,-0.930000007,10.300000190734863,0,0,0,1021.4043579101562,22.450000762939453,11.245311737060547,3.416607618331909,374001568,1267774592,-24.70000076,0.097744435,162.41000366210938,8,1,-4.989999771,-0.899999976,6.159999847412109,-5.639999866,0,138593,138624,139101,138611,0,138624,STANDBY
1.1100000143051147,-0.899999976,10.31000042,0,0,0.10000000149011612,1021.487060546875,22.5,10.575422286987305,0.042982675,374001568,1267774592,-24.70000076,0.097744435,162.41000366210938,8,1,-4.980000019,-0.889999986,6.170000076293945,-5.630000114,0,138693,138724,139210,138722,0,138724,STANDBY
1.1100000143051147,-0.889999986,10.300000190734863,0,-0.100000001,0.10000000149011612,1021.566895,22.559999465942383,9.926304817199707,-2.04966712,374001568,1267774592,-24.70000076,0.097744435,162.41000366210938,8,1,-4.980000019,-0.899999976,6.170000076293945,-5.630000114,0,138793,138824,139305,138817,0,138824,STANDBY
1.100000023841858,-0.899999976,10.300000190734863,-0.100000001,0,0.10000000149011612,1021.644043,22.610000610351562,9.300556182861328,-3.314182758,374001568,1267774592,-24.70000076,0.097744435,162.41000366210938,8,1,-4.989999771,-0.899999976,6.179999828338623,-5.630000114,0,138893,138924,139400,138911,0,138924,STANDBY
1.100000023841858,-0.889999986,10.289999961853027,0,0,0.10000000149011612,1021.5226440429688,22.530000686645508,10.287214279174805,1.0362290143966675,374001568,1267774592,-24.70000076,0.097744435,162.41000366210938,8,1,-4.980000019,-0.899999976,6.170000076293945,-5.630000114,0,138993,139025,139510,139020,0,139025,STANDBY
1.1100000143051147,-0.899999976,10.300000190734863,0,-0.100000001,0,1021.4115600585938,22.459999084472656,11.188189506530762,3.546307325363159,374001568,1267774592,-24.70000076,0.097744435,162.41000366210938,8,1,-4.989999771,-0.899999976,6.159999847412109,-5.630000114,0,139094,139125,139604,139116,0,139125,STANDBY
1.100000023841858,-0.899999976,10.31000042,0,-0.100000001,0.10000000149011612,1021.4901733398438,22.510000228881836,10.549457550048828,0.2256944626569748,374001568,1267774592,-24.70000076,0.097744435,162.41000366210938,8,1,-4.96999979,-0.899999976,6.170000076293945,-5.619999886,0,139194,139225,139699,139210,0,139225,STANDBY
1.1299999952316284,-0.879999995,10.289999961853027,0,0,0.10000000149011612,1021.5717163085938,22.56999969482422,9.887357711791992,-1.974274993,374001568,1267774592,-24.70000076,0.097744435,162.41000366210938,8,1,-4.980000019,-0.899999976,6.170000076293945,-5.619999886,0,139294,139325,139809,139321,0,139325,STANDBY
1.100000023841858,-0.910000026,10.289999961853027,0,0,0.10000000149011612,1021.646240234375,22.610000610351562,9.282380104064941,-3.19946456,374000928,1267774848,-24.70000076,1.2398110628128052,161.6300048828125,8,1,-4.989999771,-0.910000026,6.159999847412109,-5.619999886,0,139394,139425,139905,139415,0,139425,STANDBY
1.100000023841858,-0.910000026,10.289999961853027,0,0,0.10000000149011612,1021.529052734375,22.540000915527344,10.232688903808594,0.9933307766914368,374000928,1267774848,-32.40000153,1.2398110628128052,161.6300048828125,8,1,-4.989999771,-0.910000026,6.159999847412109,-5.619999886,0,139494,139528,140014,139523,0,139528,STANDBY
1.1100000143051147,-0.889999986,10.300000190734863,0,0,0.10000000149011612,1021.4173583984375,22.469999313354492,11.14145278930664,3.543776035308838,374000928,1267774848,-32.40000153,1.2398110628128052,161.6300048828125,8,1,-5,-0.910000026,6.159999847412109,-5.610000134,0,139594,139628,140109,139621,0,139628,STANDBY
1.090000033378601,-0.899999976,10.300000190734863,-0.100000001,0.10000000149011612,0.10000000149011612,1021.4972534179688,22.520000457763672,10.492335319519043,0.1908407211303711,374000928,1267774848,-32.40000153,1.2398110628128052,161.6300048828125,8,1,-4.989999771,-0.910000026,6.150000095367432,-5.610000134,0,139694,139728,140204,139715,0,139728,STANDBY
1.1200000047683716,-0.870000005,10.300000190734863,0,0,0.10000000149011612,1021.5734252929688,22.56999969482422,9.874375343322754,-1.855333924,374000928,1267774848,-32.40000153,1.2398110628128052,161.6300048828125,8,1,-4.980000019,-0.910000026,6.159999847412109,-5.610000134,0,139794,139828,140314,139826,0,139828,STANDBY
1.090000033378601,-0.899999976,10.300000190734863,0.10000000149011612,-0.100000001,0.10000000149011612,1021.6487426757812,22.62000084,9.264204978942871,-3.139959097,374000928,1267774848,-32.40000153,1.2398110628128052,161.6300048828125,8,1,-4.980000019,-0.910000026,6.139999866485596,-5.599999905,0,139894,139928,140408,139920,0,139928,STANDBY
1.100000023841858,-0.889999986,10.289999961853027,0,0,0.10000000149011612,1021.5289306640625,22.549999237060547,10.235284805297852,1.097881555557251,374000928,1267774848,-32.40000153,1.2398110628128052,161.6300048828125,8,1,-4.96999979,-0.920000017,6.150000095367432,-5.599999905,0,139994,140028,140503,140014,0,140028,STANDBY
1.1200000047683716,-0.879999995,10.31000042,0,0,0.10000000149011612,1021.4195556640625,22.479999542236328,11.12327766418457,3.5442216396331787,374000928,1267774848,-32.40000153,1.2398110628128052,161.6300048828125,8,1,-4.949999809,-0.920000017,6.150000095367432,-5.610000134,0,140094,140128,140613,140125,0,140128,STANDBY
1.100000023841858,-0.889999986,10.300000190734863,0,0,0.10000000149011612,1021.499755859375,22.530000686645508,10.471563339233398,0.18281613290309906,374000928,1267774848,-32.40000153,1.2398110628128052,161.6300048828125,8,1,-4.949999809,-0.920000017,6.150000095367432,-5.610000134,0,140194,140228,140708,140219,0,140228,STANDBY
1.1200000047683716,-0.889999986,10.31000042,0,0,0.10000000149011612,1021.5773315429688,22.579999923706055,9.843217849731445,-1.893703341,374000928,1267774848,-32.40000153,1.2398110628128052,161.6300048828125,8,1,-4.949999809,-0.930000007,6.159999847412109,-5.610000134,0,140294,140328,140803,140314,0,140328,STANDBY
1.1200000047683716,-0.899999976,10.31000042,0,0,0.10000000149011612,1021.652832,22.62999916,9.230450630187988,-3.172825336,374001312,1267774720,-32.40000153,1.157499909,162.1699981689453,8,1,-4.96999979,-0.930000007,6.159999847412109,-5.599999905,0,140394,140428,140913,140425,0,140428,STANDBY
1.100000023841858,-0.910000026,10.31000042,-0.100000001,0,0.10000000149011612,1021.532715,22.549999237060547,10.204127311706543,1.0851572751998901,374001312,1267774720,-28,1.157499909,162.1699981689453,8,1,-4.96999979,-0.930000007,6.159999847412109,-5.599999905,0,140494,140528,141007,140519,0,140528,STANDBY
1.1200000047683716,-0.879999995,10.300000190734863,0,0,0.10000000149011612,1021.4232788085938,22.479999542236328,11.092120170593262,3.5360779762268066,374001312,1267774720,-28,1.157499909,162.1699981689453,8,1,-4.980000019,-0.930000007,6.159999847412109,-5.599999905,0,140594,140628,141103,140613,0,140628,STANDBY
1.1200000047683716,-0.889999986,10.300000190734863,0,0,0,1021.5018920898438,22.540000915527344,10.453388214111328,0.2191476821899414,374001312,1267774720,-28,1.157499909,162.1699981689453,8,1,-4.960000038,-0.939999998,6.159999847412109,-5.599999905,0,140694,140728,141212,140724,0,140728,STANDBY
1.090000033378601,-0.920000017,10.31000042,0,0,0.10000000149011612,1021.578125,22.59000015258789,9.835428237915039,-1.837217331,374001312,1267774720,-28,1.157499909,162.1699981689453,8,1,-4.949999809,-0.939999998,6.159999847412109,-5.599999905,0,140794,140828,141307,140819,0,140828,STANDBY
1.1299999952316284,-0.870000005,10.300000190734863,-0.100000001,0,0.10000000149011612,1021.6490478515625,22.639999389648438,9.261609077453613,-3.012040377,374001312,1267774720,-28,1.157499909,162.1699981689453,8,1,-4.960000038,-0.939999998,6.159999847412109,-5.599999905,0,140894,140928,141402,140913,0,140928,STANDBY
1.1200000047683716,-0.879999995,10.300000190734863,0.10000000149011612,-0.100000001,-0.100000001,1021.5332641601562,22.559999465942383,10.198934555053711,1.0717356204986572,374001312,1267774720,-28,1.157499909,162.1699981689453,8,1,-4.96999979,-0.949999988,6.150000095367432,-5.599999905,0,140994,141028,141512,141023,0,141028,STANDBY
1.0700000524520874,-0.930000007,10.300000190734863,-0.100000001,0,0.10000000149011612,1021.420166015625,22.489999771118164,11.118084907531738,3.6271920204162598,374001312,1267774720,-28,1.157499909,162.1699981689453,8,1,-4.960000038,-0.949999988,6.150000095367432,-5.599999905,0,141094,141128,141606,141118,0,141128,STANDBY
1.149999976158142,-0.860000014,10.300000190734863,0,0,0.10000000149011612,1021.4971313476562,22.540000915527344,10.492335319519043,0.31900426745414734,374001312,1267774720,-28,1.157499909,162.1699981689453,8,1,-4.960000038,-0.949999988,6.170000076293945,-5.590000153,0,141194,141228,141702,141212,0,141228,STANDBY
1.1200000047683716,-0.879999995,10.300000190734863,0.10000000149011612,-0.100000001,-0.100000001,1021.5744018554688,22.59000015258789,9.866586685180664,-1.798232913,374001312,1267774720,-28,1.157499909,162.1699981689453,8,1,-4.960000038,-0.949999988,6.150000095367432,-5.599999905,0,141294,141328,141811,141323,0,141328,STANDBY
1.0700000524520874,-0.920000017,10.31000042,0,0.10000000149011612,0.10000000149011612,1021.6459350585938,22.639999389648438,9.284976959228516,-3.012020111,374000576,1267774976,-28,2.0166220664978027,163.35000610351562,8,1,-4.960000038,-0.959999979,6.159999847412109,-5.599999905,0,141394,141428,141906,141418,0,141428,STANDBY
1.1299999952316284,-0.860000014,10.300000190734863,0,0,0.10000000149011612,1021.526123046875,22.559999465942383,10.25865364074707,1.1880724430084229,374000576,1267774976,-36.09999847,2.0166220664978027,163.35000610351562,8,1,-4.960000038,-0.959999979,6.159999847412109,-5.590000153,0,141494,141528,142016,141528,0,141528,STANDBY
1.1100000143051147,-0.910000026,10.31000042,0,0,0,1021.4126586914062,22.489999771118164,11.177803993225098,3.7016475200653076,374000576,1267774976,-36.09999847,2.0166220664978027,163.35000610351562,8,1,-4.96999979,-0.959999979,6.150000095367432,-5.590000153,0,141594,141628,142111,141622,0,141628,STANDBY
1.100000023841858,-0.910000026,10.300000190734863,-0.100000001,0,0.10000000149011612,1021.5645141601562,22.549999237060547,9.947076797485352,-2.044946194,374000576,1267774976,-36.09999847,2.0166220664978027,163.35000610351562,8,1,-4.96999979,-0.959999979,6.159999847412109,-5.590000153,0,141694,141728,142205,141717,0,141728,STANDBY
1.1200000047683716,-0.879999995,10.300000190734863,0,0,0.10000000149011612,1021.5645141601562,22.59000015258789,9.947076797485352,-1.30876565,374000576,1267774976,-36.09999847,2.0166220664978027,163.35000610351562,8,1,-4.96999979,-0.970000029,6.159999847412109,-5.579999924,0,141794,141828,142316,141827,0,141828,STANDBY
1.1100000143051147,-0.889999986,10.300000190734863,0,0,0,1021.5218505859375,22.639999389648438,10.292407035827637,1.0463871955871582,374000576,1267774976,-36.09999847,2.0166220664978027,163.35000610351562,8,1,-4.960000038,-0.970000029,6.150000095367432,-5.579999924,0,141894,141928,142410,141922,0,141928,STANDBY
1.090000033378601,-0.910000026,10.300000190734863,-0.100000001,0,0.10000000149011612,1021.4060668945312,22.489999771118164,11.232329368591309,4.355658054351807,374000576,1267774976,-36.09999847,2.0166220664978027,163.35000610351562,8,1,-4.949999809,-0.970000029,6.159999847412109,-5.590000153,0,141995,142028,142504,142016,0,142028,STANDBY
1.149999976158142,-0.860000014,10.300000190734863,-0.100000001,0,0.10000000149011612,1021.4902954101562,22.549999237060547,10.549457550048828,0.056133986,374000576,1267774976,-36.09999847,2.0166220664978027,163.35000610351562,8,1,-4.949999809,-0.970000029,6.159999847412109,-5.579999924,0,142095,142128,142615,142127,0,142128,STANDBY
1.090000033378601,-0.920000017,10.31000042,0,-0.100000001,0,1021.5656127929688,22.600000381469727,9.936691284179688,-2.415139198,374000576,1267774976,-36.09999847,2.0166220664978027,163.35000610351562,8,1,-4.980000019,-0.970000029,6.150000095367432,-5.570000172,0,142195,142228,142709,142221,0,142228,STANDBY
1.1100000143051147,-0.889999986,10.31000042,-0.100000001,0.10000000149011612,0.20000000298023224,1021.644043,22.649999618530273,9.300556182861328,-4.090229511,374000576,1267774976,-36.09999847,2.0166220664978027,163.35000610351562,8,1,-4.96999979,-0.970000029,6.159999847412109,-5.570000172,0,142295,142328,142804,142315,0,142328,STANDBY
1.1399999856948853,-0.860000014,10.300000190734863,0,0,0.10000000149011612,1021.527587890625,22.56999969482422,10.245671272277832,1.1627132892608643,374001472,1267774720,-36.09999847,0.8231110572814941,162.77999877929688,8,1,-4.96999979,-0.980000019,6.159999847412109,-5.570000172,0,142395,142428,142915,142426,0,142428,STANDBY
1.0700000524520874,-0.930000007,10.300000190734863,0,0,0.10000000149011612,1021.417724609375,22.5,11.138856887817383,4.316878795623779,374001472,1267774720,-26.5,0.8231110572814941,162.77999877929688,8,1,-4.989999771,-0.980000019,6.139999866485596,-5.570000172,0,142495,142528,143009,142520,0,142528,STANDBY
1.1299999952316284,-0.879999995,10.300000190734863,0,0,0.20000000298023224,1021.5009155273438,22.549999237060547,10.461177825927734,0.052086353,374001472,1267774720,-26.5,0.8231110572814941,162.77999877929688,8,1,-4.960000038,-0.99000001,6.150000095367432,-5.570000172,0,142595,142628,143104,142615,0,142628,STANDBY
1.1200000047683716,-0.870000005,10.300000190734863,0,0,0,1021.5745239257812,22.600000381469727,9.866586685180664,-2.345029354,374001472,1267774720,-26.5,0.8231110572814941,162.77999877929688,8,1,-4.960000038,-0.99000001,6.139999866485596,-5.570000172,0,142695,142728,143214,142725,0,142728,STANDBY
1.059999942779541,-0.930000007,10.300000190734863,-0.100000001,0,0.10000000149011612,1021.649658203125,22.649999618530273,9.256415367126465,-3.941504002,374001472,1267774720,-26.5,0.8231110572814941,162.77999877929688,8,1,-4.96999979,-1,6.139999866485596,-5.570000172,0,142795,142828,143308,142820,0,142828,STANDBY
1.1399999856948853,-0.870000005,10.300000190734863,0,0,0.10000000149011612,1021.5292358398438,22.56999969482422,10.232688903808594,1.3825314044952393,374001472,1267774720,-26.5,0.8231110572814941,162.77999877929688,8,1,-4.96999979,-0.99000001,6.150000095367432,-5.559999943,0,142895,142928,143403,142914,0,142928,STANDBY
1.1299999952316284,-0.899999976,10.289999961853027,0.10000000149011612,-0.100000001,-0.100000001,1021.417724609375,22.5,11.138856887817383,4.509491920471191,374001472,1267774720,-26.5,0.8231110572814941,162.77999877929688,8,1,-4.980000019,-1,6.139999866485596,-5.570000172,0,142995,143028,143513,143023,0,143028,STANDBY
1.0700000524520874,-0.930000007,10.300000190734863,-0.100000001,0,0.10000000149011612,1021.4992065429688,22.549999237060547,10.476757049560547,0.23767542839050293,374001472,1267774720,-26.5,0.8231110572814941,162.77999877929688,8,1,-4.96999979,-1,6.150000095367432,-5.570000172,0,143095,143128,143607,143119,0,143128,STANDBY
1.1399999856948853,-0.860000014,10.300000190734863,0,0,0.10000000149011612,1021.576904296875,22.600000381469727,9.845814705,-2.371657133,374001472,1267774720,-26.5,0.8231110572814941,162.77999877929688,8,1,-4.96999979,-1,6.159999847412109,-5.559999943,0,143195,143228,143703,143213,0,143228,STANDBY
1.100000023841858,-0.899999976,10.300000190734863,0,-0.200000003,-0.100000001,1021.649658203125,22.649999618530273,9.256415367126465,-3.875458002,374001472,1267774720,-26.5,0.8231110572814941,162.77999877929688,8,1,-4.980000019,-1.00999999,6.150000095367432,-5.570000172,0,143295,143328,143812,143324,0,143328,STANDBY
1.100000023841858,-0.920000017,10.300000190734863,-0.200000003,0,0.10000000149011612,1021.5331420898438,22.56999969482422,10.201530456542969,1.3001673221588135,374001824,1267774464,-26.5,0.8951332569122314,163.4600067138672,8,1,-4.960000038,-1.00999999,6.159999847412109,-5.570000172,0,143395,143428,143907,143418,0,143428,STANDBY
1.149999976158142,-0.870000005,10.289999961853027,0,0,0.10000000149011612,1021.4193725585938,22.5,11.12327766418457,4.5190958976745605,374001824,1267774464,-22.79999924,0.8951332569122314,163.4600067138672,8,1,-4.940000057,-1.00999999,6.170000076293945,-5.570000172,0,143496,143528,144017,143528,0,143528,STANDBY
1.0800000429153442,-0.910000026,10.300000190734863,0.10000000149011612,-0.100000001,0,1021.506591796875,22.549999237060547,10.417037963867188,0.06726265,374001824,1267774464,-22.79999924,0.8951332569122314,163.4600067138672,8,1,-4.940000057,-1.00999999,6.159999847412109,-5.570000172,0,143596,143628,144112,143623,0,143628,STANDBY
1.100000023841858,-0.910000026,10.31000042,0,0.10000000149011612,0.10000000149011612,1021.5817260742188,22.600000381469727,9.806867599487305,-2.397633314,374001824,1267774464,-22.79999924,0.8951332569122314,163.4600067138672,8,1,-4.940000057,-1.00999999,6.170000076293945,-5.570000172,0,143696,143728,144206,143718,0,143728,STANDBY
1.159999966621399,-0.860000014,10.300000190734863,0,0,0,1021.6546020507812,22.649999618530273,9.214872360229492,-3.902466297,374001824,1267774464,-22.79999924,0.8951332569122314,163.4600067138672,8,1,-4.940000057,-1.00999999,6.179999828338623,-5.559999943,0,143796,143828,144317,143827,0,143828,STANDBY
1.059999942779541,-0.949999988,10.289999961853027,0,0,0,1021.5348510742188,22.56999969482422,10.185952186584473,1.3867409229278564,374001824,1267774464,-22.79999924,0.8951332569122314,163.4600067138672,8,1,-4.960000038,-1.019999981,6.159999847412109,-5.570000172,0,143896,143928,144411,143923,0,143928,STANDBY
1.1100000143051147,-0.870000005,10.300000190734863,-0.100000001,0,0.20000000298023224,1021.42334,22.5,11.092120170593262,4.512186050415039,374001824,1267774464,-22.79999924,0.8951332569122314,163.4600067138672,8,1,-4.940000057,-1.019999981,6.170000076293945,-5.570000172,0,143996,144028,144505,144017,0,144028,STANDBY
1.1299999952316284,-0.860000014,10.300000190734863,0,-0.100000001,0,1021.5049438476562,22.549999237060547,10.430020332336426,0.23939967155456543,374001824,1267774464,-22.79999924,0.8951332569122314,163.4600067138672,8,1,-4.960000038,-1.019999981,6.159999847412109,-5.559999943,0,144096,144128,144616,144126,0,144128,STANDBY
1.0700000524520874,-0.949999988,10.300000190734863,0,0,0,1021.58252,22.600000381469727,9.799077987670898,-2.370553493,374001824,1267774464,-22.79999924,0.8951332569122314,163.4600067138672,8,1,-4.96999979,-1.019999981,6.159999847412109,-5.559999943,0,144196,144228,144710,144222,0,144228,STANDBY
1.149999976158142,-0.870000005,10.289999961853027,-0.100000001,0.10000000149011612,0.10000000149011612,1021.6556396484375,22.649999618530273,9.207082748413086,-3.885135174,374001824,1267774464,-22.79999924,0.8951332569122314,163.4600067138672,8,1,-4.960000038,-1.019999981,6.170000076293945,-5.559999943,0,144296,144328,144804,144316,0,144328,STANDBY
1.1299999952316284,-0.870000005,10.289999961853027,0,-0.200000003,-0.100000001,1021.5374755859375,22.56999969482422,10.165180206298828,1.3459031581878662,374001984,1267774464,-22.79999924,0.8282555341720581,163.94000244140625,8,1,-4.96999979,-1.019999981,6.159999847412109,-5.550000191,0,144396,144428,144915,144427,0,144428,STANDBY
1.0700000524520874,-0.930000007,10.300000190734863,-0.100000001,0,0.10000000149011612,1021.4257202148438,22.5,11.071348190307617,4.486050128936768,374001984,1267774464,-20.60000038,0.8282555341720581,163.94000244140625,8,1,-4.940000057,-1.029999971,6.159999847412109,-5.559999943,0,144496,144528,145009,144521,0,144528,STANDBY
1.149999976158142,-0.850000024,10.300000190734863,0,0,0.10000000149011612,1021.5089111328125,22.559999465942383,10.398862838745117,0.18113088607788086,374001984,1267774464,-20.60000038,0.8282555341720581,163.94000244140625,8,1,-4.949999809,-1.019999981,6.170000076293945,-5.550000191,0,144596,144628,145103,144615,0,144628,STANDBY
1.1200000047683716,-0.899999976,10.300000190734863,0.10000000149011612,-0.200000003,0,1021.5841674804688,22.600000381469727,9.786095619,-2.335144997,374001984,1267774464,-20.60000038,0.8282555341720581,163.94000244140625,8,1,-4.960000038,-1.029999971,6.170000076293945,-5.559999943,0,144696,144728,145214,144726,0,144728,STANDBY
1.0800000429153442,-0.930000007,10.31000042,-0.200000003,0,0.10000000149011612,1021.6612548828125,22.649999618530273,9.162942886352539,-3.987103939,374001984,1267774464,-20.60000038,0.8282555341720581,163.94000244140625,8,1,-4.960000038,-1.029999971,6.179999828338623,-5.559999943,0,144796,144828,145308,144820,0,144828,STANDBY
1.149999976158142,-0.829999983,10.289999961853027,0,0,0.10000000149011612,1021.541504,22.579999923706055,10.13402271270752,1.3325726985931396,374001984,1267774464,-20.60000038,0.8282555341720581,163.94000244140625,8,1,-4.940000057,-1.029999971,6.179999828338623,-5.559999943,0,144896,144928,145403,144914,0,144928,STANDBY
1.0800000429153442,-0.920000017,10.289999961853027,0.10000000149011612,-0.200000003,-0.100000001,1021.429688,22.5,11.040190696716309,4.477518558502197,374001984,1267774464,-20.60000038,0.8282555341720581,163.94000244140625,8,1,-4.949999809,-1.039999962,6.159999847412109,-5.559999943,0,144996,145029,145513,145024,0,145029,STANDBY
1.1100000143051147,-0.910000026,10.300000190734863,-0.200000003,0,0.20000000298023224,1021.51123,22.559999465942383,10.378090858459473,0.21721243858337402,374001984,1267774464,-20.60000038,0.8282555341720581,163.94000244140625,8,1,-4.949999809,-1.039999962,6.179999828338623,-5.550000191,0,145096,145129,145608,145119,0,145129,STANDBY
1.149999976158142,-0.850000024,10.300000190734863,-0.100000001,0,0.10000000149011612,1021.5851440429688,22.610000610351562,9.778306007385254,-2.260123491,374001984,1267774464,-20.60000038,0.8282555341720581,163.94000244140625,8,1,-4.96999979,-1.039999962,6.170000076293945,-5.539999962,0,145196,145229,145718,145229,0,145229,STANDBY
1.0700000524520874,-0.920000017,10.300000190734863,0,-0.100000001,0,1021.6564331054688,22.649999618530273,9.201889991760254,-3.752143145,374001984,1267774464,-20.60000038,0.8282555341720581,163.94000244140625,8,1,-4.980000019,-1.049999952,6.159999847412109,-5.550000191,0,145296,145329,145813,145324,0,145329,STANDBY
1.100000023841858,-0.889999986,10.300000190734863,-0.200000003,0,0.10000000149011612,1021.5462646484375,22.579999923706055,10.095075607299805,1.1713707447052002,374002112,1267774464,-20.60000038,0.6687777638435364,163.1199951171875,8,1,-4.96999979,-1.049999952,6.170000076293945,-5.550000191,0,145396,145429,145907,145419,0,145429,STANDBY
1.149999976158142,-0.860000014,10.300000190734863,0,-0.100000001,0.10000000149011612,1021.4447631835938,22.520000457763672,10.918156623840332,4.042001247406006,374002112,1267774464,-19.20000076,0.6687777638435364,163.1199951171875,8,1,-4.980000019,-1.049999952,6.170000076293945,-5.550000191,0,145496,145529,146017,145524,0,145529,STANDBY
1.0499999523162842,-0.939999998,10.289999961853027,0,0,0.10000000149011612,1021.5226440429688,22.56999969482422,10.287214279174805,0.063111544,374002112,1267774464,-19.20000076,0.6687777638435364,163.1199951171875,8,1,-4.980000019,-1.059999943,6.159999847412109,-5.550000191,0,145596,145629,146112,145623,0,145629,STANDBY
1.1299999952316284,-0.870000005,10.31000042,-0.200000003,0,0.20000000298023224,1021.603759765625,22.62000084,9.627711296081543,-2.597620487,374002112,1267774464,-19.20000076,0.6687777638435364,163.1199951171875,8,1,-4.949999809,-1.059999943,6.179999828338623,-5.550000191,0,145696,145729,146206,145718,0,145729,STANDBY
1.1200000047683716,-0.879999995,10.300000190734863,0,0,0,1021.6749877929688,22.670000076293945,9.051294326782227,-3.968144894,374002112,1267774464,-19.20000076,0.6687777638435364,163.1199951171875,8,1,-4.96999979,-1.059999943,6.159999847412109,-5.550000191,0,145796,145829,146317,145827,0,145829,STANDBY
1.0800000429153442,-0.939999998,10.300000190734863,0,0,0.10000000149011612,1021.5689086914062,22.600000381469727,9.910726547241211,0.8981161117553711,374002112,1267774464,-19.20000076,0.6687777638435364,163.1199951171875,8,1,-4.980000019,-1.070000052,6.150000095367432,-5.550000191,0,145896,145929,146411,145922,0,145929,STANDBY
1.1299999952316284,-0.870000005,10.31000042,-0.100000001,0,0.10000000149011612,1021.4710083007812,22.530000686645508,10.705245971679688,3.7528719902038574,374002112,1267774464,-19.20000076,0.6687777638435364,163.1199951171875,8,1,-4.960000038,-1.070000052,6.170000076293945,-5.550000191,0,145996,146029,146505,146017,0,146029,STANDBY
1.1299999952316284,-0.870000005,10.300000190734863,0,0,-0.100000001,1021.5471801757812,22.579999923706055,10.087285995483398,-0.070001841,374002112,1267774464,-19.20000076,0.6687777638435364,163.1199951171875,8,1,-4.949999809,-1.059999943,6.159999847412109,-5.539999962,0,146096,146129,146616,146127,0,146129,STANDBY
1.0800000429153442,-0.939999998,10.31000042,-0.100000001,0,0.10000000149011612,1021.6207885742188,22.62999916,9.490097999572754,-2.433553219,374002112,1267774464,-19.20000076,0.6687777638435364,163.1199951171875,8,1,-4.960000038,-1.070000052,6.159999847412109,-5.550000191,0,146196,146229,146710,146222,0,146229,STANDBY
1.1399999856948853,-0.860000014,10.300000190734863,0,0,0.10000000149011612,1021.6917114257812,22.68000030517578,8.913681983947754,-3.863138199,374002112,1267774464,-19.20000076,0.6687777638435364,163.1199951171875,8,1,-4.940000057,-1.070000052,6.170000076293945,-5.539999962,0,146296,146329,146805,146316,0,146329,STANDBY
1.100000023841858,-0.899999976,10.31000042,0.10000000149011612,-0.100000001,-0.100000001,1021.5736083984375,22.600000381469727,9.871779441833496,1.3599812984466553,374002144,1267774464,-19.20000076,0.6481999158859253,163.50999450683594,8,1,-4.960000038,-1.070000052,6.150000095367432,-5.539999962,0,146397,146429,146915,146426,0,146429,STANDBY
1.100000023841858,-0.920000017,10.31000042,-0.100000001,0,0.20000000298023224,1021.466064453125,22.530000686645508,10.744193077087402,4.360042572021484,374002144,1267774464,-18.79999924,0.6481999158859253,163.50999450683594,6,1,-4.949999809,-1.070000052,6.170000076293945,-5.539999962,0,146497,146529,147010,146521,0,146529,STANDBY
1.159999966621399,-0.860000014,10.289999961853027,0,-0.100000001,-0.100000001,1021.5423583984375,22.579999923706055,10.126233100891113,0.3185873031616211,374002144,1267774464,-18.79999924,0.6481999158859253,163.50999450683594,6,1,-4.960000038,-1.070000052,6.170000076293945,-5.53000021,0,146597,146629,147104,146615,0,146629,STANDBY
1.0800000429153442,-0.920000017,10.31000042,0.10000000149011612,-0.200000003,-0.100000001,1021.615966796875,22.62999916,9.529045104980469,-2.184856176,374002144,1267774464,-18.79999924,0.6481999158859253,163.50999450683594,6,1,-4.96999979,-1.080000043,6.159999847412109,-5.539999962,0,146697,146729,147214,146725,0,146729,STANDBY
1.1100000143051147,-0.889999986,10.31000042,-0.100000001,0.10000000149011612,0.10000000149011612,1021.683594,22.68000030517578,8.981189727783203,-3.589729548,374002144,1267774464,-18.79999924,0.6481999158859253,163.50999450683594,6,1,-4.940000057,-1.080000043,6.179999828338623,-5.539999962,0,146797,146829,147309,146820,0,146829,STANDBY
1.1399999856948853,-0.860000014,10.289999961853027,0.10000000149011612,-0.100000001,-0.100000001,1021.5614013671875,22.600000381469727,9.973041534423828,1.6699802875518799,374002144,1267774464,-18.79999924,0.6481999158859253,163.50999450683594,6,1,-4.949999809,-1.070000052,6.170000076293945,-5.53000021,0,146897,146929,147403,146914,0,146929,STANDBY
1.0299999713897705,-0.980000019,10.300000190734863,0,-0.100000001,0,1021.4495849609375,22.530000686645508,10.879209518432617,4.693459510803223,374002144,1267774464,-18.79999924,0.6481999158859253,163.50999450683594,6,1,-4.980000019,-1.080000043,6.159999847412109,-5.53000021,0,146997,147030,147513,147023,0,147030,STANDBY
1.159999966621399,-0.850000024,10.300000190734863,-0.200000003,0.20000000298023224,0.30000001192092896,1021.525879,22.579999923706055,10.261249542236328,0.5319743156433105,374002144,1267774464,-18.79999924,0.6481999158859253,163.50999450683594,6,1,-4.940000057,-1.070000052,6.199999809265137,-5.519999981,0,147097,147130,147608,147119,0,147130,STANDBY
1.2100000381469727,-0.810000002,10.289999961853027,0.10000000149011612,-0.200000003,-0.200000003,1021.599365234375,22.62999916,9.664061546325684,-2.048288345,374002144,1267774464,-18.79999924,0.6481999158859253,163.50999450683594,6,1,-4.980000019,-1.059999943,6.179999828338623,-5.510000229,0,147197,147230,147718,147229,0,147230,STANDBY
1.0099999904632568,-1,10.300000190734863,-0.100000001,0,0,1021.6690063476562,22.670000076293945,9.098031044006348,-3.575026512,374002240,1267774336,-18.79999924,0.5658888816833496,164.66000366210938,6,1,-4.980000019,-1.080000043,6.159999847412109,-5.519999981,0,147297,147330,147812,147323,0,147330,STANDBY
1.149999976158142,-0.829999983,10.289999961853027,-0.200000003,0.10000000149011612,0.20000000298023224,1021.5465698242188,22.59000015258789,10.09247875213623,1.6897737979888916,374002240,1267774336,-18.79999924,0.5658888816833496,164.66000366210938,6,1,-4.949999809,-1.070000052,6.190000057220459,-5.5,0,147397,147430,147907,147418,0,147430,STANDBY
1.1399999856948853,-0.850000024,10.300000190734863,0.10000000149011612,-0.200000003,-0.100000001,1021.4367065429688,22.520000457763672,10.983068466186523,4.6438140869140625,374002240,1267774336,-17.70000076,0.5658888816833496,164.66000366210938,7,1,-4.989999771,-1.070000052,6.170000076293945,-5.5,0,147497,147530,148017,147525,0,147530,STANDBY
1.0399999618530273,-0.970000029,10.31000042,-0.100000001,0,0.10000000149011612,1021.5145874023438,22.56999969482422,10.352126121520996,0.4482717514038086,374002240,1267774336,-17.70000076,0.5658888816833496,164.66000366210938,7,1,-4.980000019,-1.080000043,6.179999828338623,-5.510000229,0,147597,147630,148111,147622,0,147630,STANDBY
1.1699999570846558,-0.850000024,10.289999961853027,-0.100000001,0,0.10000000149011612,1021.59375,22.62999916,9.708201408,-2.288805008,374002240,1267774336,-17.70000076,0.5658888816833496,164.66000366210938,7,1,-4.949999809,-1.070000052,6.190000057220459,-5.5,0,147697,147730,148205,147717,0,147730,STANDBY
1.1299999952316284,-0.879999995,10.289999961853027,0,-0.200000003,-0.100000001,1021.6646728515625,22.670000076293945,9.134381294250488,-3.715110302,374002240,1267774336,-17.70000076,0.5658888816833496,164.66000366210938,7,1,-4.960000038,-1.070000052,6.179999828338623,-5.5,0,147798,147830,148316,147827,0,147830,STANDBY
1.0399999618530273,-0.930000007,10.31000042,-0.100000001,0,0.10000000149011612,1021.548095703125,22.59000015258789,10.079496383666992,1.402789593,374002240,1267774336,-17.70000076,0.5658888816833496,164.66000366210938,7,1,-4.949999809,-1.070000052,6.179999828338623,-5.5,0,147898,147930,148410,147921,0,147930,STANDBY
1.1699999570846558,-0.829999983,10.300000190734863,0,0,0.10000000149011612,1021.4343872070312,22.520000457763672,11.001243591308594,4.584774017333984,374002240,1267774336,-17.70000076,0.5658888816833496,164.66000366210938,7,1,-4.940000057,-1.070000052,6.190000057220459,-5.489999771,0,147998,148030,148505,148016,0,148030,STANDBY
1.1100000143051147,-0.899999976,10.31000042,0,-0.200000003,-0.100000001,1021.5145874023438,22.56999969482422,10.352126121520996,0.3377854824066162,374002240,1267774336,-17.70000076,0.5658888816833496,164.66000366210938,7,1,-4.960000038,-1.070000052,6.159999847412109,-5.489999771,0,148098,148130,148615,148125,0,148130,STANDBY
1.0499999523162842,-0.949999988,10.300000190734863,-0.200000003,0.10000000149011612,0.10000000149011612,1021.5897827148438,22.62000084,9.741955757141113,-2.224498749,374002240,1267774336,-17.70000076,0.5658888816833496,164.66000366210938,7,1,-4.949999809,-1.070000052,6.179999828338623,-5.489999771,0,148198,148230,148709,148220,0,148230,STANDBY
1.190000057220459,-0.810000002,10.31000042,0,0,0.10000000149011612,1021.6610107421875,22.670000076293945,9.162942886352539,-3.739730835,374002240,1267774336,-17.70000076,0.5658888816833496,164.66000366210938,7,1,-4.949999809,-1.070000052,6.190000057220459,-5.480000019,0,148298,148330,148804,148315,0,148330,STANDBY
1.090000033378601,-0.910000026,10.31000042,0.10000000149011612,-0.200000003,-0.100000001,1021.539551,22.59000015258789,10.149601936340332,1.553208351135254,374002304,1267774336,-17.70000076,0.581322193,164.64999389648438,7,1,-4.949999809,-1.080000043,6.170000076293945,-5.489999771,0,148398,148430,148914,148424,0,148430,STANDBY
1.0700000524520874,-0.939999998,10.289999961853027,-0.200000003,0.10000000149011612,0.20000000298023224,1021.4234619140625,22.520000457763672,11.089523315429688,4.753738880157471,374002304,1267774336,-17.20000076,0.581322193,164.64999389648438,7,1,-4.920000076,-1.080000043,6.179999828338623,-5.489999771,0,148498,148530,149008,148519,0,148530,STANDBY
1.1799999475479126,-0.829999983,10.289999961853027,-0.100000001,0,0.10000000149011612,1021.5053100585938,22.56999969482422,10.427423477172852,0.445922852,374002304,1267774336,-17.20000076,0.581322193,164.64999389648438,7,1,-4.920000076,-1.070000052,6.179999828338623,-5.489999771,0,148599,148630,149118,148630,0,148630,STANDBY
1.0700000524520874,-0.920000017,10.300000190734863,0.10000000149011612,-0.100000001,-0.100000001,1021.5792236328125,22.62000084,9.82763958,-2.113744974,374002304,1267774336,-17.20000076,0.581322193,164.64999389648438,7,1,-4.940000057,-1.080000043,6.159999847412109,-5.489999771,0,148699,148730,149213,148724,0,148730,STANDBY
1.1100000143051147,-0.899999976,10.300000190734863,-0.200000003,0.10000000149011612,0.30000001192092896,1021.652832,22.670000076293945,9.230450630187988,-3.74155283,374002304,1267774336,-17.20000076,0.581322193,164.64999389648438,7,1,-4.909999847,-1.080000043,6.190000057220459,-5.489999771,0,148799,148830,149307,148818,0,148830,STANDBY
1.1799999475479126,-0.829999983,10.300000190734863,-0.100000001,0,0.10000000149011612,1021.5306396484375,22.59000015258789,10.222302436828613,1.5728132724761963,374002304,1267774336,-17.20000076,0.581322193,164.64999389648438,7,1,-4.929999828,-1.080000043,6.179999828338623,-5.480000019,0,148899,148930,149417,148928,0,148930,STANDBY
1.059999942779541,-0.959999979,10.300000190734863,0,-0.100000001,0,1021.421875,22.520000457763672,11.10510254,4.5378007888793945,374002304,1267774336,-17.20000076,0.581322193,164.64999389648438,7,1,-4.929999828,-1.090000033,6.170000076293945,-5.489999771,0,149000,149030,149512,149023,0,149030,STANDBY
1.1200000047683716,-0.879999995,10.300000190734863,-0.200000003,0.10000000149011612,0.30000001192092896,1021.5021362304688,22.56999969482422,10.453388214111328,0.2973353862762451,374002304,1267774336,-17.20000076,0.581322193,164.64999389648438,7,1,-4.909999847,-1.090000033,6.190000057220459,-5.489999771,0,149100,149130,149606,149117,0,149130,STANDBY
1.149999976158142,-0.839999974,10.300000190734863,0.10000000149011612,-0.100000001,0,1021.575927734375,22.62000084,9.853604316711426,-2.208840847,374002304,1267774336,-17.20000076,0.581322193,164.64999389648438,7,1,-4.929999828,-1.090000033,6.170000076293945,-5.489999771,0,149200,149230,149716,149228,0,149230,STANDBY
1.0700000524520874,-0.949999988,10.31000042,0,-0.100000001,0.10000000149011612,1021.647216796875,22.670000076293945,9.274591445922852,-3.729709625,374002304,1267774336,-17.20000076,0.581322193,164.64999389648438,7,1,-4.929999828,-1.100000024,6.179999828338623,-5.5,0,149300,149330,149811,149322,0,149330,STANDBY
1.1399999856948853,-0.860000014,10.31000042,-0.100000001,0,0.20000000298023224,1021.529052734375,22.59000015258789,10.232688903808594,1.445375680923462,374002336,1267774336,-17.20000076,0.7253665924072266,166.17999267578125,7,1,-4.900000095,-1.100000024,6.190000057220459,-5.5,0,149400,149430,149905,149416,0,149430,STANDBY
1.1399999856948853,-0.870000005,10.300000190734863,0,-0.100000001,-0.100000001,1021.4185791015625,22.520000457763672,11.131067276000977,4.518553733825684,374002336,1267774336,-16.5,0.7253665924072266,166.17999267578125,6,1,-4.940000057,-1.100000024,6.170000076293945,-5.489999771,0,149500,149530,150016,149525,0,149530,STANDBY
1.0499999523162842,-0.949999988,10.31000042,0,0,0.10000000149011612,1021.500488,22.56999969482422,10.466370582580566,0.23308777809143066,374002336,1267774336,-16.5,0.7253665924072266,166.17999267578125,6,1,-4.929999828,-1.100000024,6.170000076293945,-5.5,0,149600,149630,150110,149620,0,149630,STANDBY
1.159999966621399,-0.839999974,10.300000190734863,-0.100000001,0,0.10000000149011612,1021.575927734375,22.62000084,9.853604316711426,-2.301888943,374002336,1267774336,-16.5,0.7253665924072266,166.17999267578125,6,1,-4.940000057,-1.100000024,6.179999828338623,-5.489999771,0,149700,149730,150204,149715,0,149730,STANDBY
1.1100000143051147,-0.910000026,10.300000190734863,0.10000000149011612,-0.200000003,-0.100000001,1021.6511840820312,22.670000076293945,9.243432998657227,-3.913894176,374002336,1267774336,-16.5,0.7253665924072266,166.17999267578125,6,1,-4.960000038,-1.100000024,6.159999847412109,-5.489999771,0,149800,149830,150315,149825,0,149830,STANDBY
1.0800000429153442,-0.939999998,10.300000190734863,-0.100000001,0,0.20000000298023224,1021.5306396484375,22.59000015258789,10.222302436828613,1.4105854034423828,374002336,1267774336,-16.5,0.7253665924072266,166.17999267578125,6,1,-4.940000057,-1.110000014,6.170000076293945,-5.489999771,0,149900,149931,150409,149920,0,149931,STANDBY
1.1699999570846558,-0.829999983,10.300000190734863,0,0,0.20000000298023224,1021.4202270507812,22.520000457763672,11.118084907531738,4.485904693603516,374002336,1267774336,-16.5,0.7253665924072266,166.17999267578125,6,1,-4.929999828,-1.110000014,6.179999828338623,-5.489999771,0,150000,150031,150519,150030,0,150031,STANDBY
1.090000033378601,-0.910000026,10.300000190734863,0.10000000149011612,-0.100000001,0,1021.5021362304688,22.56999969482422,10.453388214111328,0.21219229698181152,374002336,1267774336,-16.5,0.7253665924072266,166.17999267578125,6,1,-4.929999828,-1.120000005,6.170000076293945,-5.5,0,150100,150131,150614,150125,0,150131,STANDBY
1.100000023841858,-0.910000026,10.31000042,-0.200000003,0,0.20000000298023224,1021.5800170898438,22.62000084,9.819849967956543,-2.39835,374002336,1267774336,-16.5,0.7253665924072266,166.17999267578125,6,1,-4.909999847,-1.120000005,6.190000057220459,-5.5,0,150200,150231,150708,150219,0,150231,STANDBY
1.149999976158142,-0.860000014,10.300000190734863,0,0,0,1021.6495361328125,22.670000076293945,9.256415367126465,-3.788682461,374002336,1267774336,-16.5,0.7253665924072266,166.17999267578125,6,1,-4.940000057,-1.120000005,6.190000057220459,-5.489999771,0,150300,150331,150818,150329,0,150331,STANDBY
1.0800000429153442,-0.899999976,10.289999961853027,0,0,-0.100000001,1021.5274047851562,22.59000015258789,10.24826717376709,1.5426504611968994,374002368,1267774336,-16.5,0.5144444108009338,166.1699981689453,6,1,-4.929999828,-1.120000005,6.170000076293945,-5.5,0,150400,150431,150913,150423,0,150431,STANDBY
1.090000033378601,-0.910000026,10.31000042,-0.100000001,0.10000000149011612,0.10000000149011612,1021.4136962890625,22.520000457763672,11.170014381408691,4.674284934997559,374002368,1267774336,-16,0.5144444108009338,166.1699981689453,6,1,-4.929999828,-1.120000005,6.179999828338623,-5.5,0,150500,150531,151007,150518,0,150531,STANDBY
1.1399999856948853,-0.839999974,10.300000190734863,-0.100000001,0,0.10000000149011612,1021.493896484375,22.56999969482422,10.51830005645752,0.3846852779388428,374002368,1267774336,-16,0.5144444108009338,166.1699981689453,6,1,-4.929999828,-1.110000014,6.170000076293945,-5.489999771,0,150600,150631,151117,150628,0,150631,STANDBY
1.0800000429153442,-0.920000017,10.300000190734863,0,-0.100000001,0,1021.5734252929688,22.62000084,9.874375343322754,-2.329500198,374002368,1267774336,-16,0.5144444108009338,166.1699981689453,6,1,-4.949999809,-1.120000005,6.159999847412109,-5.489999771,0,150700,150731,151212,150722,0,150731,STANDBY
1.1100000143051147,-0.899999976,10.31000042,-0.100000001,0.10000000149011612,0.10000000149011612,1021.6447143554688,22.670000076293945,9.295362473,-3.806931496,374002368,1267774336,-16,0.5144444108009338,166.1699981689453,6,1,-4.929999828,-1.120000005,6.179999828338623,-5.489999771,0,150800,150831,151306,150817,0,150831,STANDBY
1.159999966621399,-0.839999974,10.300000190734863,0,0,0.10000000149011612,1021.5281372070312,22.59000015258789,10.240477561950684,1.3440239429473877,374002368,1267774336,-16,0.5144444108009338,166.1699981689453,6,1,-4.929999828,-1.120000005,6.170000076293945,-5.489999771,0,150900,150931,151416,150927,0,150931,STANDBY
1.0700000524520874,-0.930000007,10.300000190734863,0,0,0,1021.4163818359375,22.520000457763672,11.149242401123047,4.495234489440918,374002368,1267774336,-16,0.5144444108009338,166.1699981689453,6,1,-4.920000076,-1.129999995,6.170000076293945,-5.5,0,151000,151031,151511,151021,0,151031,STANDBY
1.149999976158142,-0.860000014,10.300000190734863,-0.100000001,0,0.10000000149011612,1021.496582,22.56999969482422,10.497528076171875,0.2700927257537842,374002368,1267774336,-16,0.5144444108009338,166.1699981689453,6,1,-4.909999847,-1.120000005,6.190000057220459,-5.489999771,0,151100,151131,151605,151116,0,151131,STANDBY
1.1299999952316284,-0.879999995,10.289999961853027,0,-0.200000003,0,1021.571777,22.62000084,9.887357711791992,-2.267822027,374002368,1267774336,-16,0.5144444108009338,166.1699981689453,6,1,-4.940000057,-1.129999995,6.179999828338623,-5.489999771,0,151200,151231,151715,151226,0,151231,STANDBY
1.059999942779541,-0.930000007,10.31000042,-0.100000001,0,0.10000000149011612,1021.641357421875,22.670000076293945,9.323924065,-3.705140591,374002368,1267774336,-16,0.5144444108009338,166.1699981689453,6,1,-4.949999809,-1.129999995,6.179999828338623,-5.489999771,0,151300,151331,151810,151321,0,151331,STANDBY
1.1699999570846558,-0.839999974,10.300000190734863,-0.100000001,0,0,1021.5253295898438,22.59000015258789,10.263846397399902,1.388399362564087,374002336,1267774336,-16,0.5144444108009338,164.8300018310547,6,1,-4.940000057,-1.120000005,6.190000057220459,-5.480000019,0,151400,151431,151904,151415,0,151431,STANDBY
1.090000033378601,-0.920000017,10.300000190734863,0.10000000149011612,-0.100000001,-0.100000001,1021.4154663085938,22.520000457763672,11.157032012939453,4.461318016052246,374002336,1267774336,-16.39999962,0.5144444108009338,164.8300018310547,5,1,-4.960000038,-1.129999995,6.170000076293945,-5.480000019,0,151500,151531,152014,151525,0,151531,STANDBY
1.1100000143051147,-0.899999976,10.300000190734863,-0.200000003,0,0.10000000149011612,1021.495605,22.579999923706055,10.505317687988281,0.24838614463806152,374002336,1267774336,-16.39999962,0.5144444108009338,164.8300018310547,5,1,-4.929999828,-1.129999995,6.190000057220459,-5.480000019,0,151600,151631,152109,151620,0,151631,STANDBY
1.149999976158142,-0.850000024,10.300000190734863,-0.100000001,0,0.10000000149011612,1021.5748291015625,22.62999916,9.86398983,-2.406344414,374002336,1267774336,-16.39999962,0.5144444108009338,164.8300018310547,5,1,-4.920000076,-1.120000005,6.190000057220459,-5.480000019,0,151700,151731,152219,151730,0,151731,STANDBY
1.0700000524520874,-0.920000017,10.31000042,0,-0.100000001,-0.100000001,1021.6444702148438,22.670000076293945,9.297959327697754,-3.804182529,374002336,1267774336,-16.39999962,0.5144444108009338,164.8300018310547,5,1,-4.940000057,-1.129999995,6.170000076293945,-5.480000019,0,151800,151831,152313,151825,0,151831,STANDBY
1.1299999952316284,-0.879999995,10.289999961853027,-0.200000003,0.10000000149011612,0.20000000298023224,1021.5262451171875,22.600000381469727,10.256056785583496,1.3977129459381104,374002336,1267774336,-16.39999962,0.5144444108009338,164.8300018310547,5,1,-4.940000057,-1.129999995,6.190000057220459,-5.46999979,0,151901,151931,152408,151919,0,151931,STANDBY
1.1399999856948853,-0.879999995,10.300000190734863,0,0,0,1021.414551,22.520000457763672,11.162224769592285,4.5192084312438965,374002336,1267774336,-16.39999962,0.5144444108009338,164.8300018310547,5,1,-4.949999809,-1.129999995,6.179999828338623,-5.46999979,0,152001,152031,152518,152029,0,152031,STANDBY
1.0700000524520874,-0.930000007,10.31000042,-0.100000001,-0.100000001,0.10000000149011612,1021.4963989257812,22.579999923706055,10.50012493133545,0.24389410018920898,374002336,1267774336,-16.39999962,0.5144444108009338,164.8300018310547,5,1,-4.960000038,-1.129999995,6.179999828338623,-5.480000019,0,152101,152131,152612,152123,0,152131,STANDBY
1.1299999952316284,-0.839999974,10.31000042,-0.200000003,0,0.10000000149011612,1021.571533203125,22.62999916,9.889954566955566,-2.284589291,374002336,1267774336,-16.39999962,0.5144444108009338,164.8300018310547,5,1,-4.949999809,-1.129999995,6.179999828338623,-5.46999979,0,152201,152231,152707,152218,0,152231,STANDBY
1.1100000143051147,-0.889999986,10.300000190734863,0.10000000149011612,-0.100000001,0,1021.642822265625,22.670000076293945,9.310941696166992,-3.778188705,374002336,1267774336,-16.39999962,0.5144444108009338,164.8300018310547,5,1,-4.96999979,-1.129999995,6.170000076293945,-5.46999979,0,152301,152331,152817,152328,0,152331,STANDBY
1.090000033378601,-0.930000007,10.289999961853027,-0.100000001,0,0.10000000149011612,1021.524658203125,22.600000381469727,10.269039154052734,1.414348840713501,374002304,1267774336,-16.39999962,0.44242218136787415,163.9600067138672,5,1,-4.96999979,-1.139999986,6.170000076293945,-5.46999979,0,152401,152431,152911,152423,0,152431,STANDBY
1.1200000047683716,-0.879999995,10.300000190734863,0,0,0.10000000149011612,1021.414551,22.520000457763672,11.162224769592285,4.477925777435303,374002304,1267774336,-16.60000038,0.44242218136787415,163.9600067138672,5,1,-4.949999809,-1.139999986,6.179999828338623,-5.480000019,0,152501,152531,153007,152517,0,152531,STANDBY
1.1100000143051147,-0.889999986,10.300000190734863,0,0,0,1021.4963989257812,22.579999923706055,10.50012493133545,0.21747326850891113,374002304,1267774336,-16.60000038,0.44242218136787415,163.9600067138672,5,1,-4.949999809,-1.139999986,6.170000076293945,-5.480000019,0,152601,152631,153116,152628,0,152631,STANDBY
1.1100000143051147,-0.910000026,10.300000190734863,-0.100000001,0,0.10000000149011612,1021.5700073242188,22.62999916,9.902936935424805,-2.249569178,374002304,1267774336,-16.60000038,0.44242218136787415,163.9600067138672,5,1,-4.960000038,-1.149999976,6.170000076293945,-5.480000019,0,152701,152731,153211,152722,0,152731,STANDBY
1.100000023841858,-0.899999976,10.300000190734863,0,0,0.10000000149011612,1021.6451416015625,22.68000030517578,9.292766571044922,-3.880405903,374002304,1267774336,-16.60000038,0.44242218136787415,163.9600067138672,5,1,-4.960000038,-1.139999986,6.179999828338623,-5.480000019,0,152801,152832,153306,152816,0,152832,STANDBY
1.1200000047683716,-0.879999995,10.300000190734863,0,0,0.10000000149011612,1021.522949,22.600000381469727,10.284618377685547,1.4839472770690918,374002304,1267774336,-16.60000038,0.44242218136787415,163.9600067138672,5,1,-4.940000057,-1.149999976,6.190000057220459,-5.480000019,0,152901,152932,153416,152927,0,152932,STANDBY
1.090000033378601,-0.920000017,10.300000190734863,0,0,-0.100000001,1021.414551,22.520000457763672,11.162224769592285,4.460151672363281,374002304,1267774336,-16.60000038,0.44242218136787415,163.9600067138672,5,1,-4.960000038,-1.149999976,6.179999828338623,-5.480000019,0,153001,153032,153510,153021,0,153032,STANDBY
1.1100000143051147,-0.910000026,10.300000190734863,-0.100000001,0,0.10000000149011612,1021.438232421875,22.540000915527344,10.970086097717285,2.085942506790161,374002304,1267774336,-16.60000038,0.44242218136787415,163.9600067138672,5,1,-4.960000038,-1.139999986,6.190000057220459,-5.46999979,0,153101,153132,153620,153132,0,153132,STANDBY
1.1200000047683716,-0.879999995,10.289999961853027,0,0,0,1021.5154418945312,22.59000015258789,10.34433650970459,-1.167995095,374002304,1267774336,-16.60000038,0.44242218136787415,163.9600067138672,5,1,-4.96999979,-1.139999986,6.179999828338623,-5.46999979,0,153201,153232,153715,153226,0,153232,STANDBY
1.090000033378601,-0.920000017,10.300000190734863,0,0,0,1021.5909423828125,22.639999389648438,9.731570244,-3.150521994,374002304,1267774336,-16.60000038,0.44242218136787415,163.9600067138672,5,1,-4.96999979,-1.139999986,6.170000076293945,-5.460000038,0,153302,153332,153809,153320,0,153332,STANDBY
1.100000023841858,-0.899999976,10.300000190734863,-0.100000001,0,0.10000000149011612,1021.4784545898438,22.56999969482422,10.645526885986328,1.6394922733306885,374002368,1267774336,-16.60000038,0.4732888340950012,164.85000610351562,5,1,-4.929999828,-1.129999995,6.179999828338623,-5.46999979,0,153402,153432,153920,153431,0,153432,STANDBY
1.1299999952316284,-0.870000005,10.300000190734863,0,-0.100000001,-0.100000001,1021.3685913085938,22.5,11.536116600036621,4.611634254455566,374002368,1267774336,-16,0.4732888340950012,164.85000610351562,6,1,-4.929999828,-1.129999995,6.179999828338623,-5.46999979,0,153502,153534,154014,153525,0,153534,STANDBY
1.100000023841858,-0.910000026,10.289999961853027,0,-0.100000001,0.10000000149011612,1021.260254,22.43000030517578,12.416319847106934,6.472259044647217,374002368,1267774336,-16,0.4732888340950012,164.85000610351562,6,1,-4.949999809,-1.139999986,6.179999828338623,-5.460000038,0,153602,153634,154108,153620,0,153634,STANDBY
1.1100000143051147,-0.910000026,10.31000042,-0.200000003,0,0.10000000149011612,1021.349853515625,22.489999771118164,11.689308166503906,1.234199047088623,374002368,1267774336,-16,0.4732888340950012,164.85000610351562,6,1,-4.949999809,-1.129999995,6.179999828338623,-5.460000038,0,153702,153734,154219,153730,0,153734,STANDBY
1.1100000143051147,-0.879999995,10.31000042,0,0,0,1021.4356079101562,22.549999237060547,10.993453979492188,-1.99352932,374002368,1267774336,-16,0.4732888340950012,164.85000610351562,6,1,-4.960000038,-1.129999995,6.179999828338623,-5.449999809,0,153802,153834,154313,153825,0,153834,STANDBY
1.100000023841858,-0.910000026,10.300000190734863,0,0,0,1021.3295288085938,22.479999542236328,11.852886199951172,2.161870002746582,374002368,1267774336,-16,0.4732888340950012,164.85000610351562,6,1,-4.96999979,-1.129999995,6.179999828338623,-5.449999809,0,153902,153934,154407,153919,0,153934,STANDBY
1.1200000047683716,-0.889999986,10.289999961853027,0,0,0,1021.2316284179688,22.40999984741211,12.647405624389648,4.561674595,374002368,1267774336,-16,0.4732888340950012,164.85000610351562,6,1,-4.960000038,-1.129999995,6.179999828338623,-5.440000057,0,154002,154034,154518,154029,0,154034,STANDBY
1.1100000143051147,-0.889999986,10.300000190734863,-0.100000001,0,-0.100000001,1021.129638671875,22.350000381469727,13.475679397583008,6.232566833496094,374002368,1267774336,-16,0.4732888340950012,164.85000610351562,6,1,-4.980000019,-1.120000005,6.170000076293945,-5.440000057,0,154102,154134,154613,154124,0,154134,STANDBY
1.100000023841858,-0.899999976,10.300000190734863,0,0,0.10000000149011612,1021.2274780273438,22.40999984741211,12.681159973144531,0.7899932861328125,374002368,1267774336,-16,0.4732888340950012,164.85000610351562,6,1,-4.960000038,-1.129999995,6.179999828338623,-5.440000057,0,154202,154234,154723,154234,0,154234,STANDBY
1.1200000047683716,-0.879999995,10.300000190734863,0,0,0.10000000149011612,1021.3197021484375,22.479999542236328,11.93337631225586,-2.516696453,374002368,1267774336,-16,0.4732888340950012,164.85000610351562,6,1,-4.949999809,-1.129999995,6.179999828338623,-5.440000057,0,154302,154334,154818,154329,0,154334,STANDBY
1.090000033378601,-0.920000017,10.289999961853027,0,-0.100000001,0.10000000149011612,1021.2178344726562,22.40999984741211,12.759054183959961,1.031483531,374002496,1267774336,-16,0.34467777609825134,164.80999755859375,6,1,-4.940000057,-1.129999995,6.170000076293945,-5.449999809,0,154402,154434,154912,154423,0,154434,STANDBY
1.1200000047683716,-0.889999986,10.300000190734863,0,0,0.10000000149011612,1021.1263427734375,22.350000381469727,13.501644134521484,3.0364372730255127,374002496,1267774336,-14.80000019,0.34467777609825134,164.80999755859375,6,1,-4.929999828,-1.129999995,6.179999828338623,-5.449999809,0,154502,154534,155023,154529,0,154534,STANDBY
1.100000023841858,-0.910000026,10.300000190734863,0,0,0,1021.035645,22.290000915527344,14.239042282104492,4.3029937744140625,374002496,1267774336,-14.80000019,0.34467777609825134,164.80999755859375,6,1,-4.929999828,-1.139999986,6.179999828338623,-5.449999809,0,154602,154634,155117,154628,0,154634,STANDBY
1.1200000047683716,-0.899999976,10.300000190734863,-0.100000001,0,0.10000000149011612,1021.1358032226562,22.360000610351562,13.426346778869629,0.15329037606716156,374002496,1267774336,-14.80000019,0.34467777609825134,164.80999755859375,6,1,-4.929999828,-1.139999986,6.179999828338623,-5.449999809,0,154702,154734,155211,154723,0,154734,STANDBY
1.1100000143051147,-0.899999976,10.31000042,0,0,0,1021.233887,22.420000076293945,12.629230499267578,-2.452666283,374002496,1267774336,-14.80000019,0.34467777609825134,164.80999755859375,6,1,-4.920000076,-1.139999986,6.179999828338623,-5.460000038,0,154802,154834,155322,154833,0,154834,STANDBY
1.100000023841858,-0.889999986,10.289999961853027,-0.100000001,0,0,1021.1417236328125,22.360000610351562,13.37701416015625,0.8232012987136841,374002496,1267774336,-14.80000019,0.34467777609825134,164.80999755859375,6,1,-4.920000076,-1.139999986,6.179999828338623,-5.449999809,0,154902,154934,155416,154928,0,154934,STANDBY
1.1200000047683716,-0.899999976,10.289999961853027,0,0,0,1021.054199,22.309999465942383,14.088446617126465,2.8034327030181885,374002496,1267774336,-14.80000019,0.34467777609825134,164.80999755859375,6,1,-4.929999828,-1.129999995,6.179999828338623,-5.449999809,0,155002,155034,155511,155022,0,155034,STANDBY
1.1100000143051147,-0.910000026,10.289999961853027,0,0,0,1020.9678344726562,22.25,14.789493560791016,4.037547588348389,374002496,1267774336,-14.80000019,0.34467777609825134,164.80999755859375,6,1,-4.929999828,-1.129999995,6.170000076293945,-5.440000057,0,155102,155134,155621,155131,0,155134,STANDBY
1.100000023841858,-0.889999986,10.300000190734863,0,0,0.10000000149011612,1021.077637,22.31999969482422,13.896307945251465,-0.274163455,374002496,1267774336,-14.80000019,0.34467777609825134,164.80999755859375,6,1,-4.929999828,-1.129999995,6.179999828338623,-5.440000057,0,155202,155234,155716,155227,0,155234,STANDBY
1.100000023841858,-0.889999986,10.300000190734863,0,0,0.10000000149011612,1021.1773681640625,22.389999389648438,13.088805198669434,-2.759473562,374002496,1267774336,-14.80000019,0.34467777609825134,164.80999755859375,6,1,-4.929999828,-1.129999995,6.179999828338623,-5.440000057,0,155302,155334,155810,155321,0,155334,STANDBY
1.1100000143051147,-0.899999976,10.300000190734863,0,0,0,1021.0875244140625,22.329999923706055,13.815816879272461,0.5603742599487305,374002560,1267774336,-14.80000019,0.3395332992076874,165.10000610351562,6,1,-4.940000057,-1.129999995,6.179999828338623,-5.440000057,0,155402,155435,155921,155431,0,155435,STANDBY
1.1100000143051147,-0.899999976,10.300000190734863,0,0,0,1021.002441,22.280000686645508,14.506478309631348,2.568756103515625,374002560,1267774336,-13.5,0.3395332992076874,165.10000610351562,7,1,-4.949999809,-1.129999995,6.179999828338623,-5.440000057,0,155502,155535,156015,155526,0,155535,STANDBY
1.1100000143051147,-0.889999986,10.300000190734863,0,0,0.10000000149011612,1020.914306640625,22.219999313354492,15.223103523254395,3.9372048377990723,374002560,1267774336,-13.5,0.3395332992076874,165.10000610351562,7,1,-4.940000057,-1.129999995,6.170000076293945,-5.440000057,0,155602,155635,156109,155621,0,155635,STANDBY
1.1100000143051147,-0.899999976,10.300000190734863,0,0,0.10000000149011612,1021.0264892578125,22.299999237060547,14.311742782592773,-0.396543324,374002560,1267774336,-13.5,0.3395332992076874,165.10000610351562,7,1,-4.949999809,-1.129999995,6.170000076293945,-5.429999828,0,155702,155735,156220,155730,0,155735,STANDBY
1.090000033378601,-0.899999976,10.300000190734863,0,-0.100000001,0,1021.1303100585938,22.360000610351562,13.470486640930176,-2.945807457,374002560,1267774336,-13.5,0.3395332992076874,165.10000610351562,7,1,-4.949999809,-1.129999995,6.170000076293945,-5.429999828,0,155802,155835,156314,155826,0,155835,STANDBY
1.1100000143051147,-0.899999976,10.289999961853027,0,0,0.10000000149011612,1021.0460815429688,22.309999465942383,14.153358459472656,0.2998729646205902,374002560,1267774336,-13.5,0.3395332992076874,165.10000610351562,7,1,-4.940000057,-1.129999995,6.179999828338623,-5.429999828,0,155902,155935,156409,155920,0,155935,STANDBY
1.100000023841858,-0.910000026,10.289999961853027,0,0,0.10000000149011612,1020.962891,22.25,14.82844066619873,2.352181911468506,374002560,1267774336,-13.5,0.3395332992076874,165.10000610351562,7,1,-4.96999979,-1.129999995,6.170000076293945,-5.429999828,0,156002,156035,156519,156028,0,156035,STANDBY
1.090000033378601,-0.910000026,10.289999961853027,-0.100000001,0,0.10000000149011612,1020.878418,22.200000762939453,15.513908386230469,3.6988930702209473,374002560,1267774336,-13.5,0.3395332992076874,165.10000610351562,7,1,-4.96999979,-1.129999995,6.170000076293945,-5.429999828,0,156102,156135,156614,156125,0,156135,STANDBY
1.1200000047683716,-0.870000005,10.289999961853027,-0.100000001,0,0.10000000149011612,1020.9925537109375,22.280000686645508,14.586968421936035,-0.598916233,374002560,1267774336,-13.5,0.3395332992076874,165.10000610351562,7,1,-4.960000038,-1.129999995,6.179999828338623,-5.420000076,0,156203,156235,156724,156235,0,156235,STANDBY
1.090000033378601,-0.910000026,10.300000190734863,0.10000000149011612,0,-0.100000001,1021.0970458984375,22.34000015258789,13.740519523620605,-3.091942787,374002688,1267774208,-13.5,0.27265554666519165,163.32000732421875,7,1,-4.960000038,-1.129999995,6.159999847412109,-5.429999828,0,156303,156335,156819,156329,0,156335,STANDBY
1.100000023841858,-0.920000017,10.289999961853027,0,0,0.10000000149011612,1021.0120239257812,22.290000915527344,14.428584098815918,0.2229631394147873,374002688,1267774208,-13.5,0.27265554666519165,163.32000732421875,7,1,-4.940000057,-1.129999995,6.170000076293945,-5.429999828,0,156403,156435,156913,156424,0,156435,STANDBY
1.1399999856948853,-0.879999995,10.289999961853027,0,0,0.10000000149011612,1020.9268798828125,22.239999771118164,15.121841430664062,2.3611199855804443,374002688,1267774208,-12.5,0.27265554666519165,163.32000732421875,7,1,-4.940000057,-1.129999995,6.170000076293945,-5.429999828,0,156503,156535,157024,156534,0,156535,STANDBY
1.090000033378601,-0.920000017,10.300000190734863,-0.100000001,-0.100000001,0,1020.8543090820312,22.190000534057617,15.711240768432617,3.3971946239471436,374002688,1267774208,-12.5,0.27265554666519165,163.32000732421875,7,1,-4.96999979,-1.129999995,6.159999847412109,-5.429999828,0,156603,156635,157118,156628,0,156635,STANDBY
1.100000023841858,-0.899999976,10.300000190734863,0,0,0.10000000149011612,1020.9684448242188,22.270000457763672,14.784300804138184,-0.792003274,374002688,1267774208,-12.5,0.27265554666519165,163.32000732421875,7,1,-4.96999979,-1.129999995,6.170000076293945,-5.429999828,0,156703,156735,157212,156723,0,156735,STANDBY
1.1299999952316284,-0.879999995,10.300000190734863,0,0,0.10000000149011612,1021.074219,22.329999923706055,13.92486858,-3.257065296,374002688,1267774208,-12.5,0.27265554666519165,163.32000732421875,7,1,-4.980000019,-1.129999995,6.159999847412109,-5.420000076,0,156803,156835,157323,156833,0,156835,STANDBY
1.0700000524520874,-0.930000007,10.300000190734863,0,-0.100000001,-0.100000001,1020.9923706054688,22.280000686645508,14.58956527709961,0.042507555,374002688,1267774208,-12.5,0.27265554666519165,163.32000732421875,7,1,-4.989999771,-1.139999986,6.150000095367432,-5.429999828,0,156903,156935,157417,156928,0,156935,STANDBY
1.1100000143051147,-0.899999976,10.289999961853027,-0.200000003,0.10000000149011612,0.20000000298023224,1020.9148559570312,22.229999542236328,15.217910766601562,2.0379104614257812,374002688,1267774208,-12.5,0.27265554666519165,163.32000732421875,7,1,-4.96999979,-1.139999986,6.170000076293945,-5.420000076,0,157003,157035,157511,157022,0,157035,STANDBY
1.1699999570846558,-0.819999993,10.300000190734863,0,-0.100000001,0,1020.840332,22.18000030517578,15.822888374328613,3.2401909828186035,374002688,1267774208,-12.5,0.27265554666519165,163.32000732421875,7,1,-4.949999809,-1.129999995,6.159999847412109,-5.429999828,0,157103,157135,157622,157132,0,157135,STANDBY
1.0199999809265137,-0.99000001,10.300000190734863,0,-0.100000001,-0.100000001,1020.9545288085938,22.260000228881836,14.89594841003418,-0.892485619,374002688,1267774208,-12.5,0.27265554666519165,163.32000732421875,7,1,-4.960000038,-1.139999986,6.139999866485596,-5.440000057,0,157203,157235,157716,157227,0,157235,STANDBY
1.159999966621399,-0.850000024,10.300000190734863,-0.200000003,0.10000000149011612,0.30000001192092896,1021.062988,22.329999923706055,14.015745162963867,-3.387840986,374002688,1267774208,-12.5,0.27265554666519165,163.32000732421875,7,1,-4.920000076,-1.129999995,6.179999828338623,-5.429999828,0,157303,157335,157810,157321,0,157335,STANDBY
1.149999976158142,-0.870000005,10.279999732971191,0.10000000149011612,-0.200000003,-0.100000001,1020.9795532226562,22.280000686645508,14.693424224853516,0.000354767,374002752,1267774208,-12.5,0.2675110995769501,161.6300048828125,7,1,-4.960000038,-1.139999986,6.150000095367432,-5.429999828,0,157403,157435,157921,157431,0,157435,STANDBY
1.0499999523162842,-0.970000029,10.300000190734863,-0.200000003,0,0.20000000298023224,1020.9003295898438,22.219999313354492,15.337348937988281,2.060786008834839,374002752,1267774208,-11.5,0.2675110995769501,161.6300048828125,6,1,-4.949999809,-1.149999976,6.159999847412109,-5.440000057,0,157503,157535,158015,157526,0,157535,STANDBY
1.1399999856948853,-0.829999983,10.289999961853027,0,-0.100000001,0.10000000149011612,1020.8258666992188,22.18000030517578,15.939729690551758,3.246521472930908,374002752,1267774208,-11.5,0.2675110995769501,161.6300048828125,6,1,-4.929999828,-1.149999976,6.179999828338623,-5.440000057,0,157603,157635,158109,157620,0,157635,STANDBY
1.1100000143051147,-0.899999976,10.289999961853027,0.10000000149011612,-0.200000003,-0.100000001,1020.9423217773438,22.25,14.994614601135254,-0.887293279,374002752,1267774208,-11.5,0.2675110995769501,161.6300048828125,6,1,-4.949999809,-1.149999976,6.159999847412109,-5.449999809,0,157704,157735,158219,157730,0,157735,STANDBY
1.0800000429153442,-0.949999988,10.300000190734863,-0.200000003,0,0.10000000149011612,1021.048095703125,22.31999969482422,14.137779235839844,-3.309740782,374002752,1267774208,-11.5,0.2675110995769501,161.6300048828125,6,1,-4.940000057,-1.149999976,6.170000076293945,-5.449999809,0,157804,157835,158314,157825,0,157835,STANDBY
1.159999966621399,-0.850000024,10.289999961853027,-0.100000001,0,0.10000000149011612,1020.9706420898438,22.270000457763672,14.766125679016113,-0.107525446,374002752,1267774208,-11.5,0.2675110995769501,161.6300048828125,6,1,-4.940000057,-1.149999976,6.170000076293945,-5.440000057,0,157904,157935,158424,157934,0,157935,STANDBY
1.0800000429153442,-0.920000017,10.289999961853027,0.10000000149011612,-0.200000003,-0.100000001,1020.8953857421875,22.219999313354492,15.376296043395996,1.8837288618087769,374002752,1267774208,-11.5,0.2675110995769501,161.6300048828125,6,1,-4.96999979,-1.149999976,6.150000095367432,-5.449999809,0,158004,158035,158518,158029,0,158035,STANDBY
1.090000033378601,-0.920000017,10.289999961853027,-0.100000001,0.10000000149011612,0.20000000298023224,1020.8265380859375,22.18000030517578,15.934536933898926,2.991957426071167,374002752,1267774208,-11.5,0.2675110995769501,161.6300048828125,6,1,-4.940000057,-1.149999976,6.179999828338623,-5.449999809,0,158104,158135,158613,158124,0,158135,STANDBY
1.159999966621399,-0.850000024,10.289999961853027,0,0,0.10000000149011612,1020.940673828125,22.25,15.010193824768066,-1.043045282,374002752,1267774208,-11.5,0.2675110995769501,161.6300048828125,6,1,-4.940000057,-1.149999976,6.179999828338623,-5.449999809,0,158204,158235,158723,158233,0,158235,STANDBY
1.090000033378601,-0.920000017,10.289999961853027,0.10000000149011612,-0.200000003,-0.100000001,1021.0488891601562,22.329999923706055,14.129989624023438,-3.484202623,374002752,1267774208,-11.5,0.3395332992076874,160.9499969482422,6,1,-4.960000038,-1.159999967,6.159999847412109,-5.449999809,0,158304,158336,158817,158328,0,158336,STANDBY
1.0800000429153442,-0.920000017,10.289999961853027,-0.200000003,0,0.20000000298023224,1020.9736938476562,22.280000686645508,14.740160942077637,-0.277341455,374002752,1267774208,-11.5,0.3395332992076874,160.9499969482422,6,1,-4.929999828,-1.159999967,6.179999828338623,-5.460000038,0,158404,158436,158912,158423,0,158436,STANDBY
1.149999976158142,-0.829999983,10.289999961853027,0,-0.100000001,0,1020.906494140625,22.229999542236328,15.285419464111328,1.5673288106918335,374002752,1267774208,-11.69999981,0.3395332992076874,160.9499969482422,6,1,-4.940000057,-1.159999967,6.170000076293945,-5.449999809,0,158504,158536,159022,158530,0,158536,STANDBY
1.0299999713897705,-0.959999979,10.300000190734863,0,0,0,1020.8456420898438,22.200000762939453,15.78134536743164,2.5900533199310303,374002752,1267774208,-11.69999981,0.3395332992076874,160.9499969482422,6,1,-4.960000038,-1.159999967,6.150000095367432,-5.460000038,0,158604,158636,159116,158627,0,158636,STANDBY
1.159999966621399,-0.870000005,10.289999961853027,-0.100000001,0,0.10000000149011612,1020.9584350585938,22.270000457763672,14.864790916442871,-1.27534008,374002752,1267774208,-11.69999981,0.3395332992076874,160.9499969482422,6,1,-4.929999828,-1.149999976,6.170000076293945,-5.449999809,0,158704,158736,159210,158722,0,158736,STANDBY
1.1200000047683716,-0.899999976,10.270000457763672,0,-0.100000001,0.10000000149011612,1021.0701293945312,22.34000015258789,13.958622932434082,-3.715955496,374002752,1267774208,-11.69999981,0.3395332992076874,160.9499969482422,6,1,-4.940000057,-1.159999967,6.150000095367432,-5.460000038,0,158804,158836,159321,158831,0,158836,STANDBY
1.090000033378601,-0.910000026,10.289999961853027,-0.100000001,0,-0.100000001,1020.9970092773438,22.299999237060547,14.550618171691895,-0.483826846,374002752,1267774208,-11.69999981,0.3395332992076874,160.9499969482422,6,1,-4.960000038,-1.159999967,6.150000095367432,-5.460000038,0,158904,158936,159415,158926,0,158936,STANDBY
1.090000033378601,-0.889999986,10.300000190734863,-0.100000001,0,0.10000000149011612,1020.9318237304688,22.25,15.08029842376709,1.385327696800232,374002752,1267774208,-11.69999981,0.3395332992076874,160.9499969482422,6,1,-4.960000038,-1.159999967,6.150000095367432,-5.449999809,0,159004,159036,159510,159021,0,159036,STANDBY
1.149999976158142,-0.839999974,10.289999961853027,0,0,0.10000000149011612,1020.8652954101562,22.209999084472656,15.62036418914795,2.6148202419281006,374002752,1267774208,-11.69999981,0.3395332992076874,160.9499969482422,6,1,-4.960000038,-1.159999967,6.159999847412109,-5.449999809,0,159104,159136,159620,159130,0,159136,STANDBY
1.0800000429153442,-0.949999988,10.300000190734863,0,-0.100000001,-0.100000001,1020.9794311523438,22.290000915527344,14.693424224853516,-1.29272294,374002752,1267774208,-11.69999981,0.3395332992076874,160.9499969482422,6,1,-4.980000019,-1.159999967,6.150000095367432,-5.460000038,0,159204,159236,159714,159224,0,159236,STANDBY
1.059999942779541,-0.959999979,10.279999732971191,-0.200000003,0.10000000149011612,0.30000001192092896,1021.0839233398438,22.360000610351562,13.84697437286377,-3.535982132,374002752,1267774208,-11.69999981,0.3395332992076874,160.9499969482422,6,1,-4.960000038,-1.159999967,6.170000076293945,-5.449999809,0,159304,159336,159824,159335,0,159336,STANDBY
1.2000000476837158,-0.790000021,10.289999961853027,0,-0.100000001,-0.100000001,1021.0020141601562,22.299999237060547,14.51167106628418,-0.135999113,374002848,1267774208,-11.69999981,0.2417888641357422,164.0399932861328,6,1,-4.940000057,-1.149999976,6.159999847412109,-5.449999809,0,159404,159436,159919,159429,0,159436,STANDBY
0.9900000095367432,-1,10.289999961853027,0,0,0.10000000149011612,1020.929199,22.25,15.101069450378418,1.7990354299545288,374002848,1267774208,-10.80000019,0.2417888641357422,164.0399932861328,7,1,-4.960000038,-1.169999957,6.139999866485596,-5.46999979,0,159504,159536,160013,159523,0,159536,STANDBY
1.100000023841858,-0.879999995,10.300000190734863,-0.300000012,0.10000000149011612,0.30000001192092896,1020.854736328125,22.209999084472656,15.706047058105469,3.087311267852783,374002848,1267774208,-10.80000019,0.2417888641357422,164.0399932861328,7,1,-4.940000057,-1.159999967,6.170000076293945,-5.460000038,0,159604,159636,160123,159634,0,159636,STANDBY
1.149999976158142,-0.870000005,10.289999961853027,0.10000000149011612,-0.200000003,-0.100000001,1020.9712524414062,22.290000915527344,14.760931968688965,-1.048488975,374002848,1267774208,-10.80000019,0.2417888641357422,164.0399932861328,7,1,-4.960000038,-1.159999967,6.150000095367432,-5.460000038,0,159704,159736,160218,159728,0,159736,STANDBY
1.0399999618530273,-0.970000029,10.300000190734863,-0.100000001,0,0.10000000149011612,1021.0773315429688,22.360000610351562,13.898903846740723,-3.42952323,374002848,1267774208,-10.80000019,0.2417888641357422,164.0399932861328,7,1,-4.960000038,-1.169999957,6.150000095367432,-5.46999979,0,159804,159836,160312,159822,0,159836,STANDBY
1.1299999952316284,-0.879999995,10.300000190734863,-0.200000003,0.10000000149011612,0.30000001192092896,1020.9898681640625,22.299999237060547,14.610337257385254,0.081691936,374002848,1267774208,-10.80000019,0.2417888641357422,164.0399932861328,7,1,-4.940000057,-1.169999957,6.170000076293945,-5.460000038,0,159904,159936,160422,159933,0,159936,STANDBY
1.1399999856948853,-0.870000005,10.289999961853027,0.10000000149011612,-0.200000003,-0.100000001,1020.9087524414062,22.25,15.267244338989258,2.154385566711426,374002848,1267774208,-10.80000019,0.2417888641357422,164.0399932861328,7,1,-4.960000038,-1.169999957,6.150000095367432,-5.46999979,0,160014,160036,160517,160027,0,160036,STANDBY
1.0399999618530273,-0.99000001,10.300000190734863,-0.100000001,0,0.10000000149011612,1020.8319702148438,22.200000762939453,15.890397071838379,3.3728954792022705,374002848,1267774208,-10.80000019,0.2417888641357422,164.0399932861328,7,1,-4.960000038,-1.169999957,6.150000095367432,-5.46999979,0,160114,160136,160611,160121,0,160136,STANDBY
1.159999966621399,-0.850000024,10.300000190734863,-0.200000003,0.10000000149011612,0.20000000298023224,1020.9484252929688,22.280000686645508,14.945281982421875,-0.865715206,374002848,1267774208,-10.80000019,0.2417888641357422,164.0399932861328,7,1,-4.949999809,-1.169999957,6.159999847412109,-5.46999979,0,160214,160236,160720,160232,0,160236,STANDBY
1.090000033378601,-0.899999976,10.289999961853027,0.10000000149011612,-0.200000003,-0.200000003,1021.0562744140625,22.34000015258789,14.070271492004395,-3.354091406,374002848,1267774208,-10.80000019,0.2366444170475006,163.94000244140625,7,1,-4.980000019,-1.169999957,6.119999885559082,-5.46999979,0,160314,160336,160816,160326,0,160336,STANDBY
1.0399999618530273,-0.949999988,10.289999961853027,-0.200000003,0.10000000149011612,0.30000001192092896,1020.9686889648438,22.290000915527344,14.78170394897461,0.1299654096364975,374002848,1267774208,-10.80000019,0.2366444170475006,163.94000244140625,7,1,-4.949999809,-1.169999957,6.150000095367432,-5.46999979,0,160414,160436,160910,160420,0,160436,STANDBY
1.190000057220459,-0.819999993,10.289999961853027,0,0,0.10000000149011612,1020.8875732421875,22.239999771118164,15.441207885742188,2.1935906410217285,374002848,1267774208,-10.5,0.2366444170475006,163.94000244140625,5,1,-4.940000057,-1.169999957,6.150000095367432,-5.46999979,0,160514,160536,161019,160530,0,160536,STANDBY
1.0700000524520874,-0.930000007,10.300000190734863,0.10000000149011612,-0.200000003,-0.200000003,1020.8110961914062,22.190000534057617,16.061763763427734,3.389676809310913,374002848,1267774208,-10.5,0.2366444170475006,163.94000244140625,5,1,-4.960000038,-1.169999957,6.119999885559082,-5.480000019,0,160614,160636,161114,160624,0,160636,STANDBY
1.0099999904632568,-0.980000019,10.289999961853027,0,0,0.10000000149011612,1020.927490234375,22.270000457763672,15.11664867401123,-0.393630803,374002848,1267774208,-10.5,0.2366444170475006,163.94000244140625,5,1,-4.929999828,-1.179999948,6.130000114440918,-5.489999771,0,160723,160736,161224,160735,0,160736,STANDBY
1.2000000476837158,-0.790000021,10.289999961853027,-0.100000001,0,0.10000000149011612,1021.037353515625,22.34000015258789,14.22346305847168,-3.110117674,374002848,1267774208,-10.5,0.2366444170475006,163.94000244140625,5,1,-4.900000095,-1.169999957,6.159999847412109,-5.480000019,0,160823,160836,161318,160829,0,160836,STANDBY
1.0299999713897705,-0.970000029,10.279999732971191,0.10000000149011612,-0.200000003,-0.100000001,1020.9554443359375,22.280000686645508,14.88815975189209,0.13655415177345276,374002848,1267774208,-10.5,0.2366444170475006,163.94000244140625,5,1,-4.96999979,-1.179999948,6.119999885559082,-5.489999771,0,160923,160936,161413,160926,0,160936,STANDBY
1.0499999523162842,-0.970000029,10.289999961853027,-0.200000003,0.10000000149011612,0.20000000298023224,1020.872314453125,22.229999542236328,15.563241958618164,2.2476577758789062,374002848,1267774208,-10.5,0.2366444170475006,163.94000244140625,5,1,-4.949999809,-1.169999957,6.150000095367432,-5.480000019,0,161024,161036,161523,161030,0,161036,STANDBY
1.2100000381469727,-0.800000012,10.300000190734863,0,-0.200000003,0,1020.799560546875,22.18000030517578,16.155237197875977,3.332885742,374002848,1267774208,-10.5,0.2366444170475006,163.94000244140625,5,1,-4.940000057,-1.169999957,6.150000095367432,-5.46999979,0,161124,161136,161617,161128,0,161136,STANDBY
1,-0.980000019,10.289999961853027,0,-0.200000003,-0.100000001,1020.9176635742188,22.260000228881836,15.19454288482666,-0.941174924,374002848,1267774208,-10.5,0.2366444170475006,163.94000244140625,5,1,-4.989999771,-1.179999948,6.119999885559082,-5.489999771,0,161224,161236,161712,161222,0,161236,STANDBY
1.059999942779541,-0.939999998,10.300000190734863,-0.300000012,0.20000000298023224,0.4000000059604645,1021.031005859375,22.329999923706055,14.275392532348633,-3.543633223,374002848,1267774208,-10.5,0.20577776432037354,163.77000427246094,5,1,-4.949999809,-1.179999948,6.159999847412109,-5.489999771,0,161324,161336,161821,161333,0,161336,STANDBY
1.2100000381469727,-0.819999993,10.289999961853027,0,-0.200000003,-0.100000001,1020.947509765625,22.280000686645508,14.953070640563965,-0.099355318,374002848,1267774208,-10.5,0.20577776432037354,163.77000427246094,5,1,-5,-1.169999957,6.150000095367432,-5.46999979,0,161424,161436,161916,161427,0,161436,STANDBY
1,-1.00999999,10.300000190734863,-0.100000001,-0.100000001,0,1020.8699951171875,22.229999542236328,15.581417083740234,1.947121262550354,374002848,1267774208,-10.60000038,0.20577776432037354,163.77000427246094,5,1,-5,-1.179999948,6.119999885559082,-5.480000019,0,161524,161536,162011,161521,0,161536,STANDBY
1.1299999952316284,-0.850000024,10.300000190734863,-0.200000003,0.10000000149011612,0.30000001192092896,1020.7931518554688,22.18000030517578,16.20716667175293,3.248556613922119,374002848,1267774208,-10.60000038,0.20577776432037354,163.77000427246094,5,1,-4.960000038,-1.169999957,6.159999847412109,-5.480000019,0,161624,161636,162120,161631,0,161636,STANDBY
1.149999976158142,-0.860000014,10.289999961853027,0.10000000149011612,-0.200000003,-0.100000001,1020.9112548828125,22.25,15.246472358703613,-0.995145619,374002848,1267774208,-10.60000038,0.20577776432037354,163.77000427246094,5,1,-4.980000019,-1.169999957,6.139999866485596,-5.480000019,0,161724,161736,162214,161727,0,161736,STANDBY
1.0499999523162842,-1,10.300000190734863,-0.200000003,0.10000000149011612,0.20000000298023224,1021.0211181640625,22.329999923706055,14.35588264465332,-3.486780167,374002848,1267774208,-10.60000038,0.20577776432037354,163.77000427246094,5,1,-4.960000038,-1.179999948,6.159999847412109,-5.489999771,0,161824,161836,162310,161820,0,161836,STANDBY
1.159999966621399,-0.829999983,10.289999961853027,-0.200000003,0.10000000149011612,0.20000000298023224,1020.947509765625,22.280000686645508,14.953070640563965,-0.320537776,374002848,1267774208,-10.60000038,0.20577776432037354,163.77000427246094,5,1,-4.940000057,-1.169999957,6.179999828338623,-5.480000019,0,161924,161936,162419,161930,0,161936,STANDBY
1.090000033378601,-0.899999976,10.289999961853027,0,-0.200000003,-0.100000001,1020.8699951171875,22.229999542236328,15.581417083740234,1.805564522743225,374002848,1267774208,-10.60000038,0.20577776432037354,163.77000427246094,5,1,-4.96999979,-1.169999957,6.139999866485596,-5.489999771,0,162024,162036,162513,162027,0,162036,STANDBY
1.0399999618530273,-0.959999979,10.300000190734863,0,0,0.10000000149011612,1020.797119140625,22.18000030517578,16.173412322998047,3.0499463081359863,374002848,1267774208,-10.60000038,0.20577776432037354,163.77000427246094,5,1,-4.980000019,-1.179999948,6.150000095367432,-5.489999771,0,162124,162136,162624,162135,0,162136,STANDBY
1.1699999570846558,-0.829999983,10.289999961853027,-0.100000001,0.10000000149011612,0.10000000149011612,1020.9152221679688,22.260000228881836,15.215314865112305,-1.113946199,374002848,1267774208,-10.60000038,0.20577776432037354,163.77000427246094,5,1,-4.980000019,-1.169999957,6.170000076293945,-5.480000019,0,162224,162236,162718,162229,0,162236,STANDBY
1.0800000429153442,-0.930000007,10.300000190734863,0.10000000149011612,-0.200000003,-0.200000003,1021.0270385742188,22.329999923706055,14.306550025939941,-3.620973349,374003136,1267774080,-10.60000038,0.030866666,163.77000427246094,5,1,-5.010000229,-1.179999948,6.130000114440918,-5.480000019,0,162324,162336,162812,162323,0,162336,STANDBY
1.0499999523162842,-0.949999988,10.31000042,-0.200000003,0.10000000149011612,0.10000000149011612,1021.0003051757812,22.309999465942383,14.524653434753418,-1.619492173,374003136,1267774080,-10.60000038,0.030866666,163.77000427246094,5,1,-4.980000019,-1.179999948,6.159999847412109,-5.480000019,0,162424,162436,162923,162434,0,162436,STANDBY
1.1799999475479126,-0.810000002,10.300000190734863,0,0,0.10000000149011612,1020.918457,22.260000228881836,15.189350128173828,1.0488481521606445,374003136,1267774080,-7.300000191,0.030866666,163.77000427246094,7,1,-4.96999979,-1.169999957,6.170000076293945,-5.480000019,0,162525,162536,163017,162528,0,162536,STANDBY
1.059999942779541,-0.949999988,10.289999961853027,0.10000000149011612,-0.100000001,-0.100000001,1020.8473510742188,22.209999084472656,15.765766143798828,2.515794038772583,374003136,1267774080,-7.300000191,0.030866666,163.77000427246094,7,1,-4.96999979,-1.179999948,6.139999866485596,-5.489999771,0,162625,162636,163111,162622,0,162636,STANDBY
1.0499999523162842,-0.949999988,10.300000190734863,-0.200000003,0,0.20000000298023224,1020.963134765625,22.290000915527344,14.825843811035156,-1.397643328,374003136,1267774080,-7.300000191,0.030866666,163.77000427246094,7,1,-4.940000057,-1.169999957,6.170000076293945,-5.489999771,0,162725,162736,163222,162733,0,162736,STANDBY
1.2000000476837158,-0.810000002,10.300000190734863,0,0,0,1021.072509765625,22.360000610351562,13.937850952148438,-3.736068726,374003136,1267774080,-7.300000191,0.030866666,163.77000427246094,7,1,-4.929999828,-1.169999957,6.170000076293945,-5.480000019,0,162825,162836,163316,162828,0,162836,STANDBY
1.0299999713897705,-0.99000001,10.300000190734863,0.10000000149011612,-0.100000001,0,1021.098145,22.37000084,13.730134010314941,-3.055778265,374003136,1267774080,-7.300000191,0.030866666,163.77000427246094,7,1,-4.960000038,-1.179999948,6.150000095367432,-5.489999771,0,162925,162936,163410,162921,0,162936,STANDBY
1.090000033378601,-0.910000026,10.300000190734863,-0.200000003,0.10000000149011612,0.20000000298023224,1020.9265747070312,22.309999465942383,15.124438285827637,3.044064521789551,374003136,1267774080,-7.300000191,0.030866666,163.77000427246094,7,1,-4.920000076,-1.179999948,6.179999828338623,-5.489999771,0,163025,163036,163520,163030,0,163036,STANDBY
1.159999966621399,-0.829999983,10.300000190734863,0.10000000149011612,-0.200000003,-0.100000001,1020.9232177734375,22.260000228881836,15.150403022766113,2.052060366,374003136,1267774080,-7.300000191,0.030866666,163.77000427246094,7,1,-4.949999809,-1.169999957,6.159999847412109,-5.489999771,0,163125,163136,163615,163128,0,163136,STANDBY
1.0299999713897705,-0.959999979,10.31000042,0.10000000149011612,-0.200000003,-0.100000001,1021.144043,22.34000015258789,13.358838081359863,-5.09061718,374003136,1267774080,-7.300000191,0.030866666,163.77000427246094,7,1,-4.96999979,-1.179999948,6.150000095367432,-5.489999771,0,163225,163236,163725,163235,0,163236,STANDBY
1.1200000047683716,-0.899999976,10.300000190734863,-0.200000003,0.20000000298023224,0.30000001192092896,1021.2431030273438,22.469999313354492,12.553933143615723,-6.477615356,374003264,1267774080,-7.300000191,0.10288888216018677,163.77000427246094,7,1,-4.949999809,-1.169999957,6.179999828338623,-5.489999771,0,163325,163336,163819,163331,0,163336,STANDBY
1.159999966621399,-0.850000024,10.289999961853027,0.10000000149011612,-0.200000003,-0.200000003,1021.1489868164062,22.399999618530273,13.31729507446289,-1.092226028,374003264,1267774080,-6.099999905,0.10288888216018677,163.77000427246094,6,1,-4.960000038,-1.169999957,6.159999847412109,-5.489999771,0,163425,163436,163914,163425,0,163436,STANDBY
1.0199999809265137,-0.99000001,10.289999961853027,0,-0.100000001,0.10000000149011612,1021.0578002929688,22.34000015258789,14.057289123535156,2.260951519012451,374003264,1267774080,-6.099999905,0.10288888216018677,163.77000427246094,6,1,-4.980000019,-1.179999948,6.150000095367432,-5.5,0,163525,163536,164024,163534,0,163536,STANDBY
1.1399999856948853,-0.850000024,10.31000042,-0.200000003,0.10000000149011612,0.10000000149011612,1021.165283203125,22.40999984741211,13.184874534606934,-2.042649269,374003264,1267774080,-6.099999905,0.10288888216018677,163.77000427246094,6,1,-4.940000057,-1.179999948,6.179999828338623,-5.489999771,0,163625,163636,164118,163630,0,163636,STANDBY
1.1299999952316284,-0.879999995,10.300000190734863,0.10000000149011612,-0.200000003,-0.200000003,1021.2591552734375,22.479999542236328,12.42410945892334,-4.350356102,374003264,1267774080,-6.099999905,0.10288888216018677,163.77000427246094,6,1,-4.980000019,-1.179999948,6.150000095367432,-5.489999771,0,163726,163736,164213,163724,0,163736,STANDBY
1.0399999618530273,-0.980000019,10.300000190734863,-0.200000003,0,0,1021.355469,22.530000686645508,11.642571449279785,-5.910380363,374003264,1267774080,-6.099999905,0.10288888216018677,163.77000427246094,6,1,-4.96999979,-1.179999948,6.159999847412109,-5.489999771,0,163826,163836,164323,163833,0,163836,STANDBY
1.1699999570846558,-0.829999983,10.289999961853027,-0.100000001,-0.100000001,0.10000000149011612,1021.2520141601562,22.469999313354492,12.481231689453125,-0.428002596,374003264,1267774080,-6.099999905,0.10288888216018677,163.77000427246094,6,1,-4.949999809,-1.169999957,6.170000076293945,-5.489999771,0,163926,163936,164417,163929,0,163936,STANDBY
1.0499999523162842,-0.930000007,10.31000042,0,-0.100000001,-0.100000001,1021.15625,22.40999984741211,13.260172843933105,2.8418428897857666,374003264,1267774080,-6.099999905,0.10288888216018677,163.77000427246094,6,1,-4.96999979,-1.179999948,6.159999847412109,-5.5,0,164026,164036,164512,164023,0,164036,STANDBY
1.0800000429153442,-0.920000017,10.300000190734863,0,0.10000000149011612,0.20000000298023224,1021.254395,22.469999313354492,12.463056564331055,-1.369685531,374003264,1267774080,-6.099999905,0.10288888216018677,163.77000427246094,6,1,-4.940000057,-1.179999948,6.179999828338623,-5.5,0,164126,164136,164622,164132,0,164136,STANDBY
1.1699999570846558,-0.860000014,10.289999961853027,0,-0.100000001,-0.100000001,1021.344238,22.530000686645508,11.733448028564453,-3.795032978,374003264,1267774080,-6.099999905,0.10288888216018677,163.77000427246094,6,1,-4.949999809,-1.169999957,6.170000076293945,-5.5,0,164226,164236,164716,164229,0,164236,STANDBY
1.059999942779541,-0.970000029,10.300000190734863,0,0,0.10000000149011612,1021.4349975585938,22.59000015258789,10.996050834655762,-5.378410339,374003424,1267773952,-6.099999905,0.056588884,163.77000427246094,6,1,-4.960000038,-1.179999948,6.159999847412109,-5.5,0,164326,164336,164810,164322,0,164336,STANDBY
1.1200000047683716,-0.899999976,10.289999961853027,-0.200000003,0.10000000149011612,0.20000000298023224,1021.3269653320312,22.520000457763672,11.87365723,0.068243027,374003424,1267773952,-4.5,0.056588884,163.77000427246094,6,1,-4.929999828,-1.179999948,6.190000057220459,-5.5,0,164426,164436,164921,164431,0,164436,STANDBY
1.1399999856948853,-0.829999983,10.279999732971191,0.10000000149011612,-0.200000003,-0.100000001,1021.2218017578125,22.450000762939453,12.727896690368652,3.4606332778930664,374003424,1267773952,-4.5,0.056588884,163.77000427246094,6,1,-4.949999809,-1.169999957,6.170000076293945,-5.5,0,164526,164536,165015,164529,0,164536,STANDBY
1,-1.00999999,10.31000042,0,0,0,1021.3143920898438,22.510000228881836,11.974920272827148,-0.797100306,374003424,1267773952,-4.5,0.056588884,163.77000427246094,6,1,-4.949999809,-1.190000057,6.159999847412109,-5.519999981,0,164626,164636,165126,164636,0,164636,STANDBY
1.190000057220459,-0.829999983,10.289999961853027,-0.200000003,0.10000000149011612,0.30000001192092896,1021.399902,22.56999969482422,11.281661987304688,-3.283177376,374003424,1267773952,-4.5,0.056588884,163.77000427246094,6,1,-4.920000076,-1.179999948,6.199999809265137,-5.5,0,164726,164736,165220,164730,0,164736,STANDBY
1.0800000429153442,-0.920000017,10.31000042,0.10000000149011612,-0.300000012,-0.200000003,1021.4849853515625,22.62000084,10.591001510620117,-4.863875389,374003424,1267773952,-4.5,0.056588884,163.77000427246094,6,1,-4.96999979,-1.179999948,6.150000095367432,-5.5,0,164826,164836,165314,164825,0,164836,STANDBY
1.0099999904632568,-0.980000019,10.300000190734863,-0.200000003,0.10000000149011612,0.20000000298023224,1021.371582,22.549999237060547,11.512748718261719,0.574108362,374003424,1267773952,-4.5,0.056588884,163.77000427246094,6,1,-4.980000019,-1.190000057,6.159999847412109,-5.510000229,0,164926,164936,165424,164935,0,164936,STANDBY
1.2100000381469727,-0.800000012,10.289999961853027,-0.100000001,0,0.10000000149011612,1021.262207,22.479999542236328,12.400740623474121,3.9193968772888184,374003424,1267773952,-4.5,0.056588884,163.77000427246094,6,1,-4.96999979,-1.179999948,6.190000057220459,-5.489999771,0,165026,165036,165519,165029,0,165036,STANDBY
1.0499999523162842,-0.959999979,10.289999961853027,0.10000000149011612,-0.200000003,-0.100000001,1021.3563842773438,22.540000915527344,11.634782791137695,-0.555417299,374003424,1267773952,-4.5,0.056588884,163.77000427246094,6,1,-4.989999771,-1.190000057,6.150000095367432,-5.510000229,0,165126,165136,165613,165124,0,165136,STANDBY
1.0399999618530273,-0.970000029,10.289999961853027,-0.200000003,0.10000000149011612,0.30000001192092896,1021.437988,22.600000381469727,10.97268295288086,-3.003866434,374003424,1267773952,-4.5,0.056588884,163.77000427246094,6,1,-4.96999979,-1.190000057,6.179999828338623,-5.510000229,0,165226,165236,165723,165233,0,165236,STANDBY
1.2000000476837158,-0.790000021,10.279999732971191,0,-0.100000001,-0.100000001,1021.5203247070312,22.649999618530273,10.305389404296875,-4.591648579,374003520,1267773952,-4.5,0.12346666306257248,163.77000427246094,6,1,-4.960000038,-1.179999948,6.179999828338623,-5.5,0,165326,165336,165817,165329,0,165336,STANDBY
1.0199999809265137,-0.99000001,10.300000190734863,0,0,0,1021.4049072265625,22.56999969482422,11.242715835571289,0.8106505870819092,374003520,1267773952,-3.5,0.12346666306257248,163.77000427246094,6,1,-4.980000019,-1.190000057,6.159999847412109,-5.510000229,0,165427,165436,165912,165422,0,165436,STANDBY
1.090000033378601,-0.910000026,10.289999961853027,-0.200000003,0.10000000149011612,0.30000001192092896,1021.3013916015625,22.510000228881836,12.081375122070312,3.8734536170959473,374003520,1267773952,-3.5,0.12346666306257248,163.77000427246094,6,1,-4.940000057,-1.190000057,6.190000057220459,-5.510000229,0,165527,165536,166022,165530,0,165536,STANDBY
1.1699999570846558,-0.839999974,10.300000190734863,0.10000000149011612,-0.200000003,-0.200000003,1021.386962890625,22.559999465942383,11.388117790222168,-0.294018984,374003520,1267773952,-3.5,0.12346666306257248,163.77000427246094,6,1,-4.96999979,-1.179999948,6.159999847412109,-5.5,0,165627,165636,166116,165626,0,165636,STANDBY
1.0299999713897705,-0.99000001,10.31000042,-0.100000001,0,0.20000000298023224,1021.470458984375,22.62000084,10.71043872833252,-2.89888835,374003520,1267773952,-3.5,0.12346666306257248,163.77000427246094,6,1,-4.96999979,-1.190000057,6.170000076293945,-5.510000229,0,165727,165736,166210,165721,0,165736,STANDBY
1.149999976158142,-0.839999974,10.300000190734863,-0.200000003,0.10000000149011612,0.30000001192092896,1021.547363,22.670000076293945,10.08469009399414,-4.358283043,374003520,1267773952,-3.5,0.12346666306257248,163.77000427246094,6,1,-4.940000057,-1.190000057,6.190000057220459,-5.5,0,165827,165836,166321,165831,0,165836,STANDBY
1.090000033378601,-0.879999995,10.300000190734863,0.20000000298023224,-0.200000003,-0.200000003,1021.4315795898438,22.59000015258789,11.024611473083496,0.9703843593597412,374003520,1267773952,-3.5,0.12346666306257248,163.77000427246094,6,1,-4.960000038,-1.190000057,6.150000095367432,-5.510000229,0,165927,165936,166415,165925,0,165936,STANDBY
1.0199999809265137,-1.00999999,10.31000042,-0.100000001,0,0.10000000149011612,1021.3222045898438,22.520000457763672,11.912604331970215,4.173017501831055,374003520,1267773952,-3.5,0.12346666306257248,163.77000427246094,6,1,-4.96999979,-1.200000048,6.150000095367432,-5.510000229,0,166027,166036,166525,166036,0,166036,STANDBY
1.190000057220459,-0.810000002,10.289999961853027,-0.100000001,0,0.10000000149011612,1021.4064331054688,22.579999923706055,11.22973346710205,-0.060752153,374003520,1267773952,-3.5,0.12346666306257248,163.77000427246094,6,1,-4.949999809,-1.179999948,6.170000076293945,-5.5,0,166127,166136,166620,166130,0,166136,STANDBY
1.0700000524520874,-0.930000007,10.300000190734863,0.10000000149011612,-0.200000003,-0.100000001,1021.488281,22.62999916,10.56503677368164,-2.697668076,374003520,1267773952,-3.5,0.12346666306257248,163.77000427246094,6,1,-4.980000019,-1.190000057,6.139999866485596,-5.510000229,0,166227,166236,166714,166224,0,166236,STANDBY
1.0399999618530273,-0.959999979,10.31000042,-0.100000001,0,0.10000000149011612,1021.564697265625,22.68000030517578,9.944479942321777,-4.208734989,374003488,1267773952,-3.5,0.097744435,163.77000427246094,6,1,-4.949999809,-1.200000048,6.159999847412109,-5.519999981,0,166327,166336,166824,166335,0,166336,STANDBY
1.1699999570846558,-0.829999983,10.289999961853027,0,0,0.10000000149011612,1021.446044921875,22.610000610351562,10.907771110534668,1.159574270248413,374003488,1267773952,-3.900000095,0.097744435,163.77000427246094,5,1,-4.949999809,-1.190000057,6.170000076293945,-5.510000229,0,166427,166436,166919,166430,0,166436,STANDBY
1.0499999523162842,-0.949999988,10.289999961853027,0.10000000149011612,-0.200000003,-0.100000001,1021.3309326171875,22.530000686645508,11.842499732971191,4.4077301025390625,374003488,1267773952,-3.900000095,0.097744435,163.77000427246094,5,1,-4.989999771,-1.200000048,6.139999866485596,-5.519999981,0,166528,166536,167013,166523,0,166536,STANDBY
1.0499999523162842,-0.959999979,10.300000190734863,-0.200000003,0.10000000149011612,0.20000000298023224,1021.4168701171875,22.59000015258789,11.144049644470215,0.027147055,374003488,1267773952,-3.900000095,0.097744435,163.77000427246094,5,1,-4.96999979,-1.200000048,6.159999847412109,-5.519999981,0,166628,166636,167123,166633,0,166636,STANDBY
1.190000057220459,-0.819999993,10.289999961853027,0,-0.100000001,-0.100000001,1021.4967041015625,22.649999618530273,10.497528076171875,-2.568712234,374003488,1267773952,-3.900000095,0.097744435,163.77000427246094,5,1,-4.960000038,-1.190000057,6.170000076293945,-5.510000229,0,166728,166736,167218,166728,0,166736,STANDBY
1.0299999713897705,-0.980000019,10.289999961853027,0,-0.100000001,-0.100000001,1021.5739135742188,22.690000534057617,9.869182586669922,-4.157357693,374003488,1267773952,-3.900000095,0.097744435,163.77000427246094,5,1,-5,-1.200000048,6.139999866485596,-5.519999981,0,166828,166836,167312,166822,0,166836,STANDBY
1.090000033378601,-0.910000026,10.300000190734863,-0.300000012,0.10000000149011612,0.10000000149011612,1021.460449,22.62000084,10.790929794311523,1.0262796878814697,374003488,1267773952,-3.900000095,0.097744435,163.77000427246094,5,1,-4.960000038,-1.190000057,6.179999828338623,-5.510000229,0,166928,166936,167421,166933,0,166936,STANDBY
1.1699999570846558,-0.829999983,10.289999961853027,0,-0.200000003,-0.100000001,1021.3613891601562,22.559999465942383,11.59583568572998,3.8764426708221436,374003488,1267773952,-3.900000095,0.097744435,163.77000427246094,5,1,-4.96999979,-1.190000057,6.170000076293945,-5.510000229,0,167028,167036,167517,167026,0,167036,STANDBY
1.0299999713897705,-0.949999988,10.31000042,0,-0.100000001,0.10000000149011612,1021.4432983398438,22.610000610351562,10.93113899230957,-0.177863359,374003488,1267773952,-3.900000095,0.097744435,163.77000427246094,5,1,-4.96999979,-1.200000048,6.159999847412109,-5.519999981,0,167128,167136,167611,167121,0,167136,STANDBY
1.100000023841858,-0.889999986,10.289999961853027,-0.200000003,0.10000000149011612,0.10000000149011612,1021.5211181640625,22.670000076293945,10.297599792480469,-2.647989273,374003488,1267773952,-3.900000095,0.097744435,163.77000427246094,5,1,-4.940000057,-1.190000057,6.170000076293945,-5.510000229,0,167228,167236,167720,167231,0,167236,STANDBY
1.1399999856948853,-0.860000014,10.300000190734863,0,-0.200000003,0,1021.5935668945312,22.709999084472656,9.710798263549805,-4.041919231,374003552,1267773952,-3.900000095,0.092599995,163.77000427246094,5,1,-4.949999809,-1.190000057,6.159999847412109,-5.519999981,0,167328,167336,167816,167325,0,167336,STANDBY
1.0700000524520874,-0.949999988,10.279999732971191,-0.100000001,0,0.10000000149011612,1021.4901733398438,22.649999618530273,10.549457550048828,0.7678086757659912,374003552,1267773952,-3.5,0.092599995,163.77000427246094,6,1,-4.949999809,-1.190000057,6.159999847412109,-5.519999981,0,167428,167436,167910,167420,0,167436,STANDBY
1.1399999856948853,-0.879999995,10.289999961853027,-0.100000001,0,0.10000000149011612,1021.3890380859375,22.579999923706055,11.369942665100098,3.7733380794525146,374003552,1267773952,-3.5,0.092599995,163.77000427246094,6,1,-4.929999828,-1.190000057,6.179999828338623,-5.519999981,0,167528,167536,168019,167532,0,167536,STANDBY
1.100000023841858,-0.889999986,10.300000190734863,0.10000000149011612,-0.200000003,-0.100000001,1021.4706420898438,22.639999389648438,10.707842826843262,-0.233462811,374003552,1267773952,-3.5,0.092599995,163.77000427246094,6,1,-4.960000038,-1.190000057,6.159999847412109,-5.519999981,0,167628,167636,168115,167624,0,167636,STANDBY
1.0499999523162842,-0.939999998,10.31000042,0,0,0.10000000149011612,1021.5460815429688,22.68000030517578,10.095075607299805,-2.600485086,374003552,1267773952,-3.5,0.092599995,163.77000427246094,6,1,-4.96999979,-1.190000057,6.170000076293945,-5.519999981,0,167728,167736,168224,167735,0,167736,STANDBY
1.149999976158142,-0.860000014,10.300000190734863,0,0,0.10000000149011612,1021.618896484375,22.729999542236328,9.505677223205566,-4.021903992,374003552,1267773952,-3.5,0.092599995,163.77000427246094,6,1,-4.949999809,-1.179999948,6.179999828338623,-5.519999981,0,167828,167836,168318,167832,0,167836,STANDBY
1.0800000429153442,-0.920000017,10.300000190734863,0,-0.100000001,0.10000000149011612,1021.5015869140625,22.65999984741211,10.455985069274902,1.227212667,374003552,1267773952,-3.5,0.092599995,163.77000427246094,6,1,-4.96999979,-1.190000057,6.159999847412109,-5.53000021,0,167928,167936,168414,167924,0,167936,STANDBY
1.0700000524520874,-0.910000026,10.300000190734863,-0.100000001,0,0.10000000149011612,1021.388427734375,22.579999923706055,11.37513542175293,4.462017536,374003552,1267773952,-3.5,0.092599995,163.77000427246094,6,1,-4.96999979,-1.190000057,6.170000076293945,-5.53000021,0,168029,168036,168523,168035,0,168036,STANDBY
1.1399999856948853,-0.860000014,10.300000190734863,0,0,0,1021.4696655273438,22.639999389648438,10.715631484985352,0.21767568588256836,374003552,1267773952,-3.5,0.092599995,163.77000427246094,6,1,-4.960000038,-1.190000057,6.179999828338623,-5.53000021,0,168129,168136,168619,168129,0,168136,STANDBY
1.100000023841858,-0.910000026,10.300000190734863,0,-0.100000001,0,1021.5459594726562,22.690000534057617,10.097672462463379,-2.332523584,374003552,1267773952,-3.5,0.092599995,163.77000427246094,6,1,-4.980000019,-1.190000057,6.170000076293945,-5.519999981,0,168229,168236,168713,168223,0,168236,STANDBY
1.090000033378601,-0.930000007,10.289999961853027,-0.100000001,-0.100000001,0.10000000149011612,1021.6187744140625,22.739999771118164,9.505677223205566,-3.860795975,374003552,1267773952,-3.5,0.092599995,163.77000427246094,6,1,-4.960000038,-1.200000048,6.170000076293945,-5.53000021,0,168329,168336,168823,168334,0,168336,STANDBY
1.1200000047683716,-0.879999995,10.289999961853027,0,0,0.20000000298023224,1021.4989624023438,22.65999984741211,10.479352951049805,1.4237933158874512,374003680,1267773952,-3.5,0.20577776432037354,69.81999969482422,6,1,-4.949999809,-1.200000048,6.179999828338623,-5.53000021,0,168429,168436,168918,168428,0,168436,STANDBY
1.1100000143051147,-0.889999986,10.300000190734863,0,-0.100000001,0,1021.3836059570312,22.579999923706055,11.414082527160645,4.650146007537842,374003680,1267773952,-2.099999905,0.20577776432037354,69.81999969482422,7,1,-4.949999809,-1.200000048,6.179999828338623,-5.539999962,0,168529,168536,169012,168522,0,168536,STANDBY
1.090000033378601,-0.910000026,10.300000190734863,-0.100000001,-0.100000001,0.10000000149011612,1021.464844,22.639999389648438,10.754578590393066,0.3380777835845947,374003680,1267773952,-2.099999905,0.20577776432037354,69.81999969482422,7,1,-4.960000038,-1.200000048,6.179999828338623,-5.539999962,0,168629,168636,169122,168632,0,168636,STANDBY
1.1100000143051147,-0.889999986,10.279999732971191,0,0,0.10000000149011612,1021.5426635742188,22.690000534057617,10.123637199401855,-2.307395697,374003680,1267773952,-2.099999905,0.20577776432037354,69.81999969482422,7,1,-4.960000038,-1.200000048,6.179999828338623,-5.539999962,0,168729,168736,169217,168727,0,168736,STANDBY
1.100000023841858,-0.899999976,10.300000190734863,0,0,0.10000000149011612,1021.615478515625,22.739999771118164,9.534237862,-3.834330559,374003680,1267773952,-2.099999905,0.20577776432037354,69.81999969482422,7,1,-4.96999979,-1.200000048,6.170000076293945,-5.53000021,0,168829,168836,169311,168822,0,168836,STANDBY
1.1399999856948853,-0.870000005,10.289999961853027,-0.100000001,0,0,1021.4957885742188,22.65999984741211,10.502721786499023,1.419964075088501,374003680,1267773952,-2.099999905,0.20577776432037354,69.81999969482422,7,1,-4.960000038,-1.200000048,6.159999847412109,-5.539999962,0,168929,168936,169421,168932,0,168936,STANDBY
1.0700000524520874,-0.920000017,10.289999961853027,0,-0.200000003,0.10000000149011612,1021.3803100585938,22.579999923706055,11.440047264099121,4.658079147338867,374003680,1267773952,-2.099999905,0.20577776432037354,69.81999969482422,7,1,-4.96999979,-1.200000048,6.150000095367432,-5.539999962,0,169029,169036,169516,169026,0,169036,STANDBY
1.100000023841858,-0.899999976,10.289999961853027,-0.100000001,0,0.10000000149011612,1021.4614868164062,22.639999389648438,10.783140182495117,0.3535423278808594,374003680,1267773952,-2.099999905,0.20577776432037354,69.81999969482422,7,1,-4.940000057,-1.200000048,6.170000076293945,-5.550000191,0,169129,169136,169611,169120,0,169136,STANDBY
1.1299999952316284,-0.879999995,10.289999961853027,0,-0.100000001,0,1021.5410766601562,22.690000534057617,10.136619567871094,-2.359815359,374003680,1267773952,-2.099999905,0.20577776432037354,69.81999969482422,7,1,-4.940000057,-1.200000048,6.170000076293945,-5.550000191,0,169229,169236,169720,169233,0,169236,STANDBY
1.090000033378601,-0.939999998,10.289999961853027,0,0,0,1021.615478515625,22.739999771118164,9.534237862,-3.919808865,374003712,1267773952,-2.099999905,0.12346666306257248,69.81999969482422,7,1,-4.949999809,-1.200000048,6.159999847412109,-5.539999962,0,169329,169336,169815,169326,0,169336,STANDBY
1.100000023841858,-0.889999986,10.300000190734863,-0.100000001,0,0.10000000149011612,1021.4940795898438,22.65999984741211,10.51830005645752,1.3503899574279785,374003712,1267773952,-1.799999952,0.12346666306257248,69.81999969482422,6,1,-4.949999809,-1.200000048,6.159999847412109,-5.539999962,0,169430,169436,169925,169436,0,169436,STANDBY
1.100000023841858,-0.860000014,10.289999961853027,0,-0.100000001,0,1021.3826293945312,22.59000015258789,11.42187213897705,4.4785380363464355,374003712,1267773952,-1.799999952,0.12346666306257248,69.81999969482422,6,1,-4.960000038,-1.200000048,6.150000095367432,-5.539999962,0,169530,169536,170019,169533,0,169536,STANDBY
1.100000023841858,-0.939999998,10.289999961853027,0,0,0.10000000149011612,1021.4642333984375,22.639999389648438,10.759772300720215,0.21786499,374003712,1267773952,-1.799999952,0.12346666306257248,69.81999969482422,6,1,-4.960000038,-1.200000048,6.159999847412109,-5.550000191,0,169630,169636,170115,169624,0,169636,STANDBY
1.149999976158142,-0.889999986,10.300000190734863,-0.100000001,-0.100000001,0.10000000149011612,1021.541748046875,22.690000534057617,10.131425857543945,-2.37395215,374003712,1267773952,-1.799999952,0.12346666306257248,69.81999969482422,6,1,-4.960000038,-1.190000057,6.170000076293945,-5.539999962,0,169730,169736,170224,169735,0,169736,STANDBY
1.090000033378601,-0.920000017,10.289999961853027,0,-0.100000001,0,1021.614501953125,22.739999771118164,9.542027473449707,-3.876923084,374003712,1267773952,-1.799999952,0.12346666306257248,69.81999969482422,6,1,-4.96999979,-1.190000057,6.159999847412109,-5.539999962,0,169830,169836,170318,169829,0,169836,STANDBY
1.1100000143051147,-0.879999995,10.289999961853027,0,0,0.10000000149011612,1021.4907836914062,22.65999984741211,10.544264793395996,1.5277185440063477,374003712,1267773952,-1.799999952,0.12346666306257248,69.81999969482422,6,1,-4.949999809,-1.190000057,6.170000076293945,-5.539999962,0,169930,169936,170414,169923,0,169936,STANDBY
1.1100000143051147,-0.879999995,10.300000190734863,0,0,0,1021.3810424804688,22.59000015258789,11.434854507446289,4.540098667144775,374003712,1267773952,-1.799999952,0.12346666306257248,69.81999969482422,6,1,-4.980000019,-1.190000057,6.159999847412109,-5.539999962,0,170030,170038,170523,170038,0,170038,STANDBY
1.090000033378601,-0.930000007,10.279999732971191,0,-0.100000001,-0.100000001,1021.4625244140625,22.639999389648438,10.775350570678711,0.26764750480651855,374003712,1267773952,-1.799999952,0.12346666306257248,69.81999969482422,6,1,-4.989999771,-1.190000057,6.150000095367432,-5.539999962,0,170130,170138,170618,170129,0,170138,STANDBY
1.090000033378601,-0.870000005,10.279999732971191,-0.5,0,-0.100000001,1021.541748046875,22.690000534057617,10.131425857543945,-2.404404402,374003712,1267773952,-1.799999952,0.12346666306257248,69.81999969482422,6,1,-4.96999979,-1.169999957,6.170000076293945,-5.53000021,0,170230,170238,170713,170223,0,170238,STANDBY
1.059999942779541,-0.75999999,10.369999885559082,-1.200000048,0.30000001192092896,-0.699999988,1021.614501953125,22.739999771118164,9.542027473449707,-3.896412373,374003680,1267773952,-1.799999952,0.2366444170475006,123.11000061035156,6,1,-4.949999809,-1.159999967,6.150000095367432,-5.519999981,0,170330,170338,170822,170334,0,170338,STANDBY
0.5899999737739563,-0.379999995,16,-1.700000048,1,-4,1021.4996948242188,22.65999984741211,10.471563339233398,1.2244393825531006,374003680,1267773952,-1.799999952,0.2366444170475006,123.11000061035156,6,1,-4.78000021,-1.029999971,5.849999904632568,-5.380000114,0,170430,170438,170916,170427,0,170438,STANDBY
0.9399999976158142,-1.230000019,21.540000915527344,-3.400000095,3.299999952316284,-4.400000095,1021.3875732421875,22.59000015258789,11.382925033569336,4.429088115692139,374003680,1267773952,-2.099999905,0.2366444170475006,123.11000061035156,6,1,-4.78000021,-0.479999989,5.199999809265137,-4.840000153,0,170530,170539,171027,170537,1,170539,LAUNCHED
1.440000057220459,-0.730000019,23.709999084472656,-4.199999809,2,-15.10000038,1021.467529296875,22.639999389648438,10.733807563781738,0.23814654350280762,374003680,1267773952,-2.099999905,0.2366444170475006,123.11000061035156,6,1,-4.739999771,0.5400000214576721,4.739999771118164,-3.799999952,0,170630,170639,171121,170634,1,170639,LAUNCHED
1.3200000524520874,-0.959999979,26.059999465942383,0.30000001192092896,-0.400000006,16.5,1021.534423828125,22.690000534057617,10.191144943237305,-2.018236637,374003680,1267773952,-2.099999905,0.2366444170475006,123.11000061035156,6,1,-4.599999905,0.8799999952316284,4.46999979,-3.430000067,0,170730,170739,171214,170725,1,170739,LAUNCHED
0.6299999952316284,-0.379999995,30.190000534057617,5.300000190734863,-0.699999988,33.29999923706055,1021.6007690429688,22.739999771118164,9.651079177856445,-3.451934576,374003680,1267773952,-2.099999905,0.2366444170475006,123.11000061035156,6,1,-4.190000057,-2.130000114,4.039999961853027,-6.409999847,0,170830,170839,171325,170835,1,170839,LAUNCHED
0.7200000286102295,-0.75999999,33.38999938964844,0.6000000238418579,-9.399999619,54.599998474121094,1021.4728393554688,22.65999984741211,10.689667701721191,1.9451158046722412,374003680,1267773952,-2.099999905,0.2366444170475006,123.11000061035156,6,1,-4.199999809,-6.670000076,3.940000057220459,-10.89000034,0,170930,170939,171419,170930,1,170939,LAUNCHED
0.4300000071525574,-0.939999998,36.68000030517578,0.30000001192092896,-13.10000038,55.099998474121094,1021.344970703125,22.59000015258789,11.728255271911621,5.399224281311035,374003680,1267773952,-2.099999905,0.2366444170475006,123.11000061035156,6,1,-4.380000114,-11.93000031,4.130000114440918,-16.09000015,0,171030,171039,171513,171024,1,171039,LAUNCHED
0.36000001430511475,-1.269999981,40.58000183105469,-2.200000048,-15,51.70000076293945,1021.4003295898438,22.639999389648438,11.27906608581543,1.6587467193603516,374003680,1267773952,-2.099999905,0.2366444170475006,123.11000061035156,6,1,-4.880000114,-17.87999916,4.489999771118164,-21.95000076,0,171130,171139,171624,171133,1,171139,LAUNCHED
0.36000001430511475,-1.50999999,43.869998931884766,-5.5,-16.89999962,45.099998474121094,1021.436279296875,22.690000534057617,10.985664367675781,-0.112008929,374003680,1267773952,-2.099999905,0.2366444170475006,123.11000061035156,6,1,-5.53000021,-22.44000053,4.840000152587891,-26.44000053,0,171230,171239,171718,171229,1,171239,LAUNCHED
0.33000001311302185,-1.549999952,47.38999938964844,-10.69999981,-19.39999962,37.70000076293945,1021.4550170898438,22.739999771118164,10.83506965637207,-0.674064577,374003520,1267773312,-2.099999905,7.552043914794922,244.5399932861328,6,1,-6.579999924,-26.84000015,5.400000095367432,-30.76000023,0,171330,171339,171828,171338,1,171339,LAUNCHED
0.3199999928474426,-1.419999957,49.91999816894531,-15,-20.39999962,34,1021.2731323242188,22.65999984741211,12.30986499786377,5.467780113220215,374003520,1267773312,-2.099999905,7.552043914794922,244.5399932861328,6,1,-7.800000191,-30.20000076,5.849999904632568,-34.06999969,0,171430,171439,171923,171433,1,171439,LAUNCHED
-0.01,-1.409999967,53.189998626708984,-18.10000038,-20.70000076,34,1021.0775146484375,22.579999923706055,13.898903846740723,9.855534553527832,374003520,1267773312,-0.100000001,7.552043914794922,244.5399932861328,5,1,-9.100000381,-33.36999893,6.210000038146973,-37.20999908,0,171530,171539,172017,171528,1,171539,LAUNCHED
-0.839999974,-0.99000001,51.06999969482422,-19.60000038,-15.80000019,38.099998474121094,1021.0670166015625,22.639999389648438,13.981990814208984,6.639890193939209,374003520,1267773312,-0.100000001,7.552043914794922,244.5399932861328,5,1,-10.60999966,-37.34999847,6.050000190734863,-41.16999817,0,171630,171639,172128,171638,1,171639,LAUNCHED
-1.289999962,-0.519999981,42.97999954223633,-17.20000076,-5.900000095,39.099998474121094,1021.0328369140625,22.690000534057617,14.25981330871582,5.3608198165893555,374003520,1267773312,-0.100000001,7.552043914794922,244.5399932861328,5,1,-11.46000004,-41.06999969,4.929999828338623,-44.90000153,0,171730,171739,172223,171734,1,171739,LAUNCHED
-1.49000001,0,36.36000061035156,-11.69999981,4.800000190734863,43.79999923706055,1020.9818725585938,22.739999771118164,14.675249099731445,5.092667579650879,374003520,1267773312,-0.100000001,7.552043914794922,244.5399932861328,5,1,-11.59000015,-45.09999847,2.8499999046325684,-48.95000076,0,171830,171839,172317,171828,1,171839,LAUNCHED
-0.629999995,0,30.450000762939453,-2.200000048,12.600000381469727,51.400001525878906,1020.714111328125,22.65999984741211,16.848493576049805,11.952285766601562,374003520,1267773312,-0.100000001,7.552043914794922,244.5399932861328,5,1,-10.52000046,-50.58000183,-0.209999993,-54.41999817,0,171930,171939,172428,171938,1,171939,LAUNCHED
-0.059999999,-0.349999994,26.40999984741211,4.099999904632568,12.800000190734863,62.900001525878906,1020.4375,22.579999923706055,19.094440460205078,16.633251190185547,374003520,1267773312,-0.100000001,7.552043914794922,244.5399932861328,5,1,-8.789999962,-56.15999985,-2.569999933,-59.97000122,0,172030,172039,172522,172034,1,172039,LAUNCHED
0.3700000047683716,-0.860000014,23.62999916,5.900000095367432,7.800000190734863,72.80000305175781,1020.3303833007812,22.639999389648438,19.964258193969727,14.124552726745605,374003520,1267773312,-0.100000001,7.552043914794922,244.5399932861328,5,1,-6.880000114,-62.65000153,-4.119999886,-66.40000153,0,172130,172139,172617,172128,1,172139,LAUNCHED
0.44999998807907104,-1.690000057,21.229999542236328,0.6000000238418579,-1.100000024,88.19999694824219,1020.201904296875,22.690000534057617,21.008039474487305,13.214838981628418,374003520,1267773312,-0.100000001,7.552043914794922,244.5399932861328,5,1,-5.25,-71.62999725,-4.730000019,-75.31999969,0,172230,172239,172728,172238,1,172239,LAUNCHED
-0.25999999,-2.019999981,19.90999984741211,-12.80000019,-1.200000048,99.19999694824219,1020.0470581054688,22.739999771118164,22.26473045349121,13.385698318481445,374003488,1267771392,-0.100000001,19.343111038208008,270.45001220703125,5,1,-5.059999943,-80.61000061,-4.940000057,-84.27999878,0,172331,172339,172823,172335,1,172339,LAUNCHED
-0.079999998,-0.850000024,17.479999542236328,-21.29999924,7.599999904632568,109.5,1019.6868896484375,22.65999984741211,25.19095230102539,20.27173614501953,374003488,1267771392,-0.100000001,19.343111038208008,270.45001220703125,5,1,-5.559999943,-90.73000336,-5.989999771,-94.38999939,0,172431,172439,172917,172428,1,172439,LAUNCHED
0.5699999928474426,0.5,14.81000042,-15.19999981,13.899999618530273,127.30000305175781,1019.3153076171875,22.59000015258789,28.210647583007812,25.052692413330078,374003488,1267771392,1,19.343111038208008,270.45001220703125,4,1,-4.949999809,-103.9700012,-7.619999886,-107.6200027,0,172531,172539,173029,172539,1,172539,LAUNCHED
1.649999976158142,0.38999998569488525,12.039999961853027,-2.799999952,10.899999618530273,146.3000030517578,1019.118408203125,22.639999389648438,29.81007194519043,22.431421279907227,374003488,1267771392,1,19.343111038208008,270.45001220703125,4,1,-2.809999943,-117.1299973,-8.039999962,-120.7399979,0,172631,172639,173124,172634,1,172639,LAUNCHED
1.6100000143051147,0.15000000596046448,10.119999885559082,5,-4.800000191,170,1018.8995361328125,22.690000534057617,31.588655471801758,21.470443725585938,374003488,1267771392,1,19.343111038208008,270.45001220703125,4,1,-0.140000001,-132.1399994,-6.239999771,-135.7299957,0,172731,172739,173218,172729,1,172739,LAUNCHED
1.090000033378601,-0.939999998,8.039999961853027,4.400000095367432,-18,196.10000610351562,1018.6610717773438,22.739999771118164,33.52821731567383,21.499332427978516,374003488,1267771392,1,19.343111038208008,270.45001220703125,4,1,1.4800000190734863,-152.3600006,-2.700000048,-155.9299927,0,172831,172839,173329,172839,1,172839,LAUNCHED
-0.389999986,-0.660000026,5.730000019073486,-5.300000191,-22.60000038,214.1999969482422,1018.2218627929688,22.65999984741211,37.10095977783203,28.05054473876953,374003488,1267771392,1,19.343111038208008,270.45001220703125,4,1,0.41999998688697815,-172.1300049,-0.280000001,-175.6799927,0,172931,172939,173424,172935,1,172939,LAUNCHED
-1.629999995,0.1599999964237213,2.700000047683716,-9.800000191,-14.5,213,1017.7765502929688,22.59000015258789,40.72303771972656,32.44065856933594,374003488,1267771392,1,19.343111038208008,270.45001220703125,4,1,-0.620000005,167.6300048828125,-1.389999986,164.0800018310547,0,173031,173039,173519,173030,1,173039,LAUNCHED
-1.690000057,1.4900000095367432,-0.270000011,-1.100000024,-0.200000003,210.89999389648438,1017.517333984375,22.649999618530273,42.83396530151367,29.205732345581055,374003488,1267771392,1,19.343111038208008,270.45001220703125,4,1,3.869999885559082,147.64999389648438,-6.739999771,144.16000366210938,0,173131,173139,173614,173124,1,173139,LAUNCHED
-0.270000011,1.2799999713897705,-1.340000033,18.700000762939453,2.5999999046325684,212.60000610351562,1017.2471923828125,22.690000534057617,45.03317642211914,27.488513946533203,374003488,1267771392,1,19.343111038208008,270.45001220703125,4,1,15.949999809265137,124.9800033569336,-8.130000114,121.54000091552734,0,173231,173239,173724,173235,1,173239,LAUNCHED
-0.119999997,-0.01,-1.340000033,26.200000762939453,-8.199999809,225.3000030517578,1016.9692993164062,22.739999771118164,47.294700622558594,26.46137237548828,374003616,1267769344,1,18.93669891357422,272.05999755859375,4,1,25.59000015258789,102.9800033569336,-1.610000014,99.54000091552734,0,173332,173339,173820,173330,1,173339,LAUNCHED
-1.110000014,-1.24000001,-1.340000033,19.200000762939453,-15.69999981,239.5,1016.491699,22.65999984741211,51.18421555,32.49333953857422,374003616,1267769344,1,18.93669891357422,272.05999755859375,4,1,26.649999618530273,79.22000122070312,7.510000228881836,75.66000366210938,0,173432,173440,173916,173426,1,173440,LAUNCHED
-2.349999905,-0.319999993,-1.24000001,7.900000095367432,-9.100000381,257.3999938964844,1016.0155639648438,22.59000015258789,55.06333923339844,35.71544647216797,374003616,1267769344,1.600000023841858,18.93669891357422,272.05999755859375,4,1,22.360000610351562,51.709999084472656,14.770000457763672,47.959999084472656,0,173535,173540,174027,173539,1,173540,LAUNCHED
-1.850000024,0.46000000834465027,-1.179999948,12.5,3.5,269.20001220703125,1015.7316284179688,22.649999618530273,57.379390716552734,32.122093200683594,374003616,1267769344,1.600000023841858,18.93669891357422,272.05999755859375,4,1,18.739999771118164,27.729999542236328,18.18000030517578,24.290000915527344,0,173635,173640,174124,173634,1,173640,LAUNCHED
-0.699999988,-0.200000003,-1.149999976,21.600000381469727,4.5,280,1015.4400024414062,22.690000534057617,59.75516128540039,30.06122398376465,374003616,1267769344,1.600000023841858,18.93669891357422,272.05999755859375,4,1,13.180000305175781,2.2200000286102295,22.12000084,-0.170000002,0,173735,173740,174219,173729,1,173740,LAUNCHED
-0.419999987,-1.210000038,-1.080000043,19.5,-3.5,287.5,1015.145751953125,22.739999771118164,62.154300689697266,28.83574104309082,374003616,1267769344,1.600000023841858,18.93669891357422,272.05999755859375,4,1,-3.420000076,-28.20999908,24.760000228881836,-28.65999985,0,173835,173840,174329,173839,1,173840,LAUNCHED
-0.600000024,-1.399999976,-1,9.199999809265137,-8,287.5,1014.6618041992188,22.65999984741211,66.10093688964844,33.931880950927734,374003616,1267769344,1.600000023841858,18.93669891357422,272.05999755859375,4,1,-21.12000084,-54.33000183,18.65999984741211,-54.41999817,0,173936,173940,174425,173934,1,173940,LAUNCHED
-0.790000021,-1.110000014,-0.949999988,-0.800000012,-4.599999905,285.5,1014.1859130859375,22.59000015258789,69.98525238,37.25366973876953,374003616,1267769344,1.600000023841858,18.93669891357422,272.05999755859375,4,1,-33.84000015,-84.33000183,0.30000001192092896,-86.69999695,0,174036,174040,174521,174030,1,174040,LAUNCHED
-1.090000033,-0.360000014,-0.870000005,-3.599999905,3.799999952316284,279.79998779296875,1013.901855,22.649999618530273,72.30130767822266,33.106571197509766,374003616,1267769344,1.600000023841858,18.93669891357422,272.05999755859375,4,1,-33,-119.6900024,-26.61000061,-123.3899994,0,174136,174140,174617,174128,1,174140,LAUNCHED
-0.600000024,0.090000004,-0.790000021,4.199999809265137,11,272.6000061035156,1013.610107421875,22.690000534057617,74.68486785888672,30.722448348999023,374003616,1267769344,1.600000023841858,18.93669891357422,272.05999755859375,4,1,-14.63000011,-154.3600006,-50.02999878,-155.1100006,0,174236,174242,174730,174239,1,174242,LAUNCHED
-0.49000001,0.1899999976158142,-0.75,13.199999809265137,9.5,265.1000061035156,1013.3124389648438,22.739999771118164,77.11515808105469,29.383527755737305,374003616,1267769344,1.600000023841858,18.93669891357422,272.05999755859375,4,1,7.519999980926514,-172.0800018,-60.83000183,-170.8600006,0,174336,174342,174825,174336,1,174342,LAUNCHED
-0.529999971,-0.109999999,-0.720000029,20.299999237060547,4,264.20001220703125,1012.830322265625,22.65999984741211,81.05400848388672,34.56085968017578,374003744,1267767296,1.600000023841858,18.81323242,273.2099914550781,4,1,30.510000228881836,177.44000244140625,-67.73000336,179.99000549316406,0,174436,174442,174921,174432,1,174442,LAUNCHED
-0.680000007,-0.349999994,-0.620000005,21.200000762939453,-2.700000048,258.20001220703125,1012.3563842773438,22.59000015258789,84.92534637451172,37.60430145263672,374003744,1267767296,2.5,18.81323242,273.2099914550781,5,1,50.959999084472656,170.9600067138672,-72.79000092,175.6199951171875,0,174536,174542,175017,174528,1,174542,LAUNCHED
-0.889999986,0,-0.519999981,19.5,-5.300000191,232.60000610351562,1012.074707,22.639999389648438,87.22840881347656,33.27900314331055,374003744,1267767296,2.5,18.81323242,273.2099914550781,5,1,71.12000274658203,166.22000122070312,-80,177.22999572753906,0,174636,174642,175130,174640,1,174642,LAUNCHED
-1.110000014,0.17000000178813934,-0.49000001,20.100000381469727,-5.699999809,216.1999969482422,1011.7957153320312,22.690000534057617,89.50811004638672,30.417367935180664,374003744,1267767296,2.5,18.81323242,273.2099914550781,5,1,85.06999969482422,162.4499969482422,-117.5,-147.3300018,0,174736,174742,175226,174739,1,174742,LAUNCHED
-0.860000014,0.20999999344348907,-0.460000008,21.899999618530273,-6.199999809,201.60000610351562,1011.5191650390625,22.739999771118164,91.76963806152344,28.513227462768555,374003744,1267767296,2.5,18.81323242,273.2099914550781,5,1,78.58999633789062,-18.21999931,133.74000549316406,-38.90999985,0,174836,174842,175323,174833,1,174842,LAUNCHED
-0.769999981,0.23999999463558197,-0.460000008,23.399999618530273,-8.300000191,198.3000030517578,1011.056396484375,22.65999984741211,95.55529022216797,33.391075134277344,374003744,1267767296,2.5,18.81323242,273.2099914550781,5,1,65.90000153,-19.64999962,125.6500015258789,-29.29999924,0,174936,174942,175419,174929,1,174942,LAUNCHED
-0.620000005,-0.170000002,-0.430000007,23.100000381469727,-12.39999962,200.10000610351562,1010.606689453125,22.579999923706055,99.23448944091797,36.08708572387695,374003744,1267767296,2.5,18.81323242,273.2099914550781,5,1,49.15999984741211,-18.87000084,125.69000244140625,-24.55999947,0,175036,175042,175532,175042,1,175042,LAUNCHED
-0.720000029,-0.389999986,-0.370000005,18.700000762939453,-15,201.3000030517578,1010.357422,22.639999389648438,101.27531433105469,31.259035110473633,374003744,1267767296,2.5,18.81323242,273.2099914550781,5,1,32.36000061035156,-14.73999977,127.27999877929688,-18.65999985,0,175136,175142,175628,175139,1,175142,LAUNCHED
-0.569999993,-0.550000012,-0.340000004,12.100000381469727,-15.10000038,204.3000030517578,1010.1112670898438,22.68000030517578,103.29017639160156,26.45334243774414,374003744,1267767296,2.5,18.81323242,273.2099914550781,5,1,13.40999984741211,-7.71999979,130.17999267578125,-9.949999809,0,175236,175242,175724,175235,1,175242,LAUNCHED
-0.569999993,-0.449999988,-0.319999993,5.599999904632568,-13.89999962,203.89999389648438,1009.870605,22.729999542236328,105.26089477539062,22.764917373657227,374003776,1267765376,2.5,16.961231231689453,270.6600036621094,5,1,-5.150000095,2.180000066757202,136.3000030517578,2.130000114440918,0,175336,175342,175819,175329,1,175342,LAUNCHED
-0.720000029,-0.419999987,-0.270000011,0,-10,199.89999389648438,1009.444091796875,22.649999618530273,108.7531509399414,25.744770050048828,374003776,1267765376,2.5,16.961231231689453,270.6600036621094,5,1,-23.09000015,19.959999084472656,149.02000427246094,22.62999916,0,175436,175442,175931,175440,1,175442,LAUNCHED
-0.769999981,-0.379999995,-0.239999995,-2.5,-4.300000191,195.3000030517578,1009.0335693359375,22.579999923706055,112.11817169189453,27.244720458984375,374003776,1267765376,3.200000047683716,16.961231231689453,270.6600036621094,3,1,-32.84000015,43.33000183105469,165.2100067138672,46.58000183105469,0,175536,175542,176027,175540,1,175542,LAUNCHED
-0.699999988,-0.330000013,-0.200000003,-3,1.7000000476837158,189.5,1008.826416015625,22.62999916,113.81626892089844,22.870532989501953,374003776,1267765376,3.200000047683716,16.961231231689453,270.6600036621094,3,1,-36.24000168,72.79000091552734,-176.1300049,74.08000183105469,0,175636,175642,176123,175633,1,175642,LAUNCHED
-0.720000029,-0.370000005,-0.159999996,-1.5,6.5,182.8000030517578,1008.617188,22.68000030517578,115.52993774414062,20.120882034301758,374003776,1267765376,3.200000047683716,16.961231231689453,270.6600036621094,3,1,-34.00999832,100.05999755859375,-159.2200012,100.5999984741211,0,175736,175742,176220,175730,1,175742,LAUNCHED
-0.720000029,-0.360000014,-0.119999997,1.399999976158142,11.199999809265137,174.6999969482422,1008.4068603515625,22.719999313354492,117.25399017333984,18.286157608032227,374003776,1267765376,3.200000047683716,16.961231231689453,270.6600036621094,3,1,-28.03000069,120.52999877929688,-146.1999969,123.37000274658203,0,175837,175842,176317,175826,1,175842,LAUNCHED
-0.829999983,-0.25,-0.109999999,5.300000190734863,15,164.10000610351562,1008.0181274414062,22.639999389648438,120.44245910644531,21.906240463256836,374003776,1267765376,3.200000047683716,16.961231231689453,270.6600036621094,3,1,-18.96999931,137.47999572753906,-136.1499939,144.52999877929688,0,175937,175942,176430,175940,1,175942,LAUNCHED
-0.730000019,-0.129999995,-0.079999998,10.100000381469727,17.200000762939453,158.1999969482422,1007.6439208984375,22.56999969482422,123.51148223876953,23.84086799621582,374003776,1267765376,3.200000047683716,16.961231231689453,270.6600036621094,3,1,-9.779999733,148.8000030517578,-130.6999969,159.08999633789062,0,176037,176043,176525,176031,1,176043,LAUNCHED
-0.670000017,-0.090000004,-0.050000001,15.600000381469727,17.600000381469727,151.39999389648438,1007.4725952148438,22.62000084,124.91617584228516,19.753175735473633,374003776,1267765376,3.200000047683716,16.961231231689453,270.6600036621094,3,1,-0.839999974,158.67999267578125,-127.3799973,171.36000061035156,0,176137,176143,176620,176131,1,176143,LAUNCHED
-0.639999986,-0.090000004,-0.029999999,21.5,16.100000381469727,143.10000610351562,1007.3057861328125,22.670000076293945,126.28451538085938,17.020719528198242,374003776,1267765376,3.200000047683716,16.961231231689453,270.6600036621094,3,1,8.25,169.3699951171875,-125.25,-176.3699951,0,176237,176243,176732,176242,1,176243,LAUNCHED
-0.649999976,-0.07,-0.02,25.5,13.899999618530273,136.8000030517578,1007.1454467773438,22.719999313354492,127.60092163085938,15.105761528015137,374003776,1267765376,3.200000047683716,16.961231231689453,270.6600036621094,3,1,14.989999771118164,178.27999877929688,-124.4199982,-167.0800018,0,176337,176343,176828,176340,1,176343,LAUNCHED
-0.579999983,-0.029999999,0,28.799999237060547,10.800000190734863,130.5,1006.800781,22.639999389648438,130.4310760498047,18.72418212890625,374003168,1267765248,3.200000047683716,10.479231834411621,247.75999450683594,3,1,20.989999771118164,-172.8699951,-124.3099976,-158.6199951,0,176437,176443,176924,176435,1,176443,LAUNCHED
-0.620000005,0,0,31.600000381469727,7.300000190734863,125.5999984741211,1006.4744262695312,22.559999465942383,133.1106414794922,20.558088302612305,374003168,1267765248,4,10.479231834411621,247.75999450683594,4,1,26.489999771118164,-164.2200012,-124.5800018,-150.9499969,0,176537,176543,177021,176531,1,176543,LAUNCHED
-0.550000012,0.019999999552965164,0.01,33.900001525878906,3.5999999046325684,122.5999984741211,1006.353759765625,22.62000084,134.09988403320312,16.322751998901367,374003168,1267765248,4,10.479231834411621,247.75999450683594,4,1,31.559999465942383,-155.5399933,-125.3799973,-143.6999969,0,176637,176643,177118,176628,1,176643,LAUNCHED
-0.460000008,0.029999999329447746,0.019999999552965164,35.5,-1.299999952,118.19999694824219,1006.2362670898438,22.670000076293945,135.06578063964844,13.537429809570312,374003168,1267765248,4,10.479231834411621,247.75999450683594,4,1,36.40999984741211,-145.5299988,-126.6500015,-135.7100067,0,176737,176760,177231,176741,1,176760,LAUNCHED
-0.349999994,-0.01,0.029999999329447746,35.70000076293945,-7.099999905,114.80000305175781,1006.121094,22.709999084472656,136.01089477539062,11.68832015991211,374003168,1267765248,4,10.479231834411621,247.75999450683594,4,1,40.400001525878906,-136.0399933,-127.7399979,-128.4799957,0,176837,176860,177344,176855,1,176860,LAUNCHED
-0.289999992,-0.01,0.039999999,34.599998474121094,-11.89999962,109.5,1005.8262329101562,22.62999916,138.4333953857422,15.232527732849121,374003168,1267765248,4,10.479231834411621,247.75999450683594,4,1,42.869998931884766,-128.4400024,-128.4900055,-122.9000015,0,176937,176960,177441,176951,1,176960,LAUNCHED
-0.170000002,-0.029999999,-2.789999962,32,-12.89999962,103.80000305175781,1005.5567016601562,22.559999465942383,140.6481934,16.836172103881836,374003168,1267765248,4,10.479231834411621,247.75999450683594,4,1,43.529998779296875,-112.4199982,-142.4700012,-108.3199997,0,177037,177060,177538,177048,1,177060,LAUNCHED
0.07,0.079999998,0.46000000834465027,30,-17.70000076,90.69999694824219,1005.4866333007812,22.610000610351562,141.2246094,12.619681358337402,374003168,1267765248,4,10.479231834411621,247.75999450683594,4,1,41.970001220703125,-99.56999969,-151.6000061,-95.56999969,0,177137,177165,177651,177145,1,177165,LAUNCHED
-0.200000003,0.30000001192092896,0,-0.600000024,0.8999999761581421,-0.100000001,1005.418212890625,22.65999984741211,141.7854461669922,9.871273994,374003168,1267765248,4,10.479231834411621,247.75999450683594,4,1,47.41999816894531,-94.34999847,-153.3200073,-89.16000366,0,177238,177265,177747,177258,1,177265,LAUNCHED
0.059999999,-0.310000002,0.10000000149011612,24.399999618530273,-27.5,69.40000153,1005.3533325195312,22.700000762939453,142.3203125,8.029188156,374002464,1267765120,4,8.858733177185059,224.72999572753906,4,1,51.099998474121094,-88.44000244,-157.9799957,-81.62999725,0,177338,177366,177846,177356,1,177366,LAUNCHED
0,-0.319999993,-0.300000012,20.600000381469727,-31.10000038,47.400001525878906,1005.103759765625,22.62000084,144.37152099609375,11.702548027038574,374002464,1267765120,4.599999904632568,8.858733177185059,224.72999572753906,4,1,42.56999969482422,-78.44000244,-165.5,-72.55999756,0,177438,177466,177949,177464,1,177466,LAUNCHED
0,-0.319999993,-0.300000012,20.600000381469727,-31.10000038,47.400001525878906,1004.871582,22.530000686645508,146.27993774414062,13.596564292907715,374002464,1267765120,4.599999904632568,8.858733177185059,224.72999572753906,4,1,42.56999969482422,-78.44000244,-165.5,-72.55999756,0,177538,177566,178051,177565,1,177566,LAUNCHED
1.0199999809265137,0.28999999165534973,-0.409999996,-16.10000038,11,44.599998474121094,1004.4312744140625,22.520000457763672,149.8994141,10.061012268066406,374002464,1267765120,4.599999904632568,8.858733177185059,224.72999572753906,4,1,43.02000045776367,-75.23999786,-171.0299988,-68.87000275,0,178039,178075,178557,178068,1,178075,LAUNCHED
1.6799999475479126,0.8299999833106995,-1.24000001,-25.20000076,10.399999618530273,55,1004.454345703125,22.579999923706055,149.70986938476562,5.832505226135254,374002464,1267765120,4.599999904632568,8.858733177185059,224.72999572753906,4,1,43.54999923706055,-63.16999817,173.22999572753906,-56.72000122,0,178139,178176,178654,178164,1,178176,LAUNCHED
2.299999952316284,0.8399999737739563,-0.800000012,-32.40000153,10.899999618530273,58.79999923706055,1004.4813842773438,22.62999916,149.48916625976562,3.0265533924102783,374002464,1267765120,4.599999904632568,8.858733177185059,224.72999572753906,4,1,42.689998626708984,-46.41999817,156.55999755859375,-42.16999817,0,178239,178276,178762,178273,1,178276,LAUNCHED
2.9200000762939453,1.090000033378601,-1.620000005,-32.79999924,19.799999237060547,53.900001525878906,1004.5087280273438,22.670000076293945,149.26327514648438,1.2141426801681519,374000672,1267764224,4.599999904632568,13.020587921142578,211.2100067138672,4,1,39.130001068115234,-31.34000015,143.49000549316406,-30.62000084,0,178339,178376,178860,178369,1,178376,LAUNCHED
3.619999885559082,1.2599999904632568,-2.609999895,-52.29999924,41.400001525878906,90.30000305175781,1004.3568725585938,22.600000381469727,150.51217651367188,4.695173263549805,374000672,1267764224,4.900000095367432,13.020587921142578,211.2100067138672,4,1,34.880001068115234,-17.03000069,132.1699981689453,-19.54999924,0,178440,178476,178956,178465,1,178476,LAUNCHED
4.599999904632568,-0.270000011,-1.980000019,-59.90000153,75.40000153,142.6999969482422,1004.2242431640625,22.520000457763672,151.60269165039062,6.4945597648620605,374000672,1267764224,4.900000095367432,13.020587921142578,211.2100067138672,4,1,24.700000762939453,0.7200000286102295,117.0999984741211,-4.639999866,0,178540,178576,179063,178574,1,178576,LAUNCHED
6.050000190734863,-2.690000057,-2.660000086,-32.70000076,116.5,195.5,1004.2979736328125,22.579999923706055,150.99771118164062,2.220580816268921,374000672,1267764224,4.900000095367432,13.020587921142578,211.2100067138672,4,1,7.619999885559082,12.170000076293945,104.58000183105469,5.880000114440918,0,178640,178677,179160,178656,1,178677,LAUNCHED
4.78000021,-6.460000038,-1.730000019,73.40000153,143.39999389648438,311.6000061035156,1004.400634765625,22.62999916,150.15126037597656,-1.134151459,374000672,1267764224,4.900000095367432,13.020587921142578,211.2100067138672,4,1,-23.15999985,13.850000381469727,90.34999847,7.610000133514404,0,178743,178777,179265,178776,1,178777,LAUNCHED
2.119999885559082,-8.119999886,-1.379999995,163.89999389648438,90.40000153,267.5,1004.5166625976562,22.68000030517578,149.1983642578125,-3.001429796,374000672,1267764224,4.900000095367432,13.020587921142578,211.2100067138672,4,1,-52.75999832,-4.820000172,65.16000366210938,-13.46000004,0,178860,178877,179361,178872,1,178877,LAUNCHED
-0.800000012,-7.619999886,-1.269999981,206,16.100000381469727,258.1000061035156,1004.3767700195312,22.59000015258789,150.34860229492188,1.7598466873168945,374000672,1267764224,4.900000095367432,13.020587921142578,211.2100067138672,4,1,-58.93000031,-56.75999832,13.100000381469727,-67.26000214,0,178960,178977,179458,178968,1,178977,LAUNCHED
-3.75,-3.49000001,-1.110000014,185.89999389648438,-108.4000015,364.20001220703125,1004.2062377929688,22.510000228881836,151.7506866455078,5.612971782684326,374000672,1267764224,4.900000095367432,13.020587921142578,211.2100067138672,4,1,-36.45999908,-118.25,-25.45999908,-118.7200012,0,179060,179077,179566,179076,1,179077,LAUNCHED
-3.470000029,0.039999999,-0.270000011,101.80000305175781,-174.5,350.1000061035156,1004.289551,22.56999969482422,151.0652313232422,1.3988449573516846,374000672,1267764224,4.900000095367432,13.020587921142578,211.2100067138672,4,1,-8.340000153,-151.1499939,-29.59000015,-147.4100037,0,179160,179177,179662,179173,1,179177,LAUNCHED
-0.910000026,1.600000023841858,0.3100000023841858,-2,-185.6999969,367,1004.4198608398438,22.62000084,149.9954833984375,-2.527932644,374000672,1267764224,4.900000095367432,13.020587921142578,211.2100067138672,4,1,13.789999961853027,179.33999633789062,-16.04999924,-176.3899994,0,179260,179277,179758,179267,1,179277,LAUNCHED
9.869999885559082,-1.039999962,5.900000095367432,-103.4000015,-108.4000015,347.29998779296875,1004.5700073242188,22.65999984741211,148.75955200195312,-5.572857857,373997760,1267763584,4.900000095367432,19.908998489379883,198.97000122070312,4,1,12.020000457763672,139.72999572753906,14.119999885559082,143.4199981689453,0,179360,179377,179864,179375,1,179377,LAUNCHED
4.239999771118164,-2.960000038,4.210000038146973,-85.30000305,52.79999923706055,312.29998779296875,1004.5159301757812,22.56999969482422,149.20355224609375,-2.173686981,373997760,1267763584,6,19.908998489379883,198.97000122070312,4,1,-7.329999924,112.25,17.440000534057617,116.0199966430664,0,179461,179477,179959,179469,1,179477,LAUNCHED
-1.299999952,-3.470000029,5.960000038146973,4.5,87.80000305175781,267.79998779296875,1004.5164184570312,22.5,149.20095825195312,-1.399460554,373997760,1267763584,6,19.908998489379883,198.97000122070312,4,1,-16.29999924,81.23000336,0.090000004,85.36000061035156,0,179561,179577,180066,179576,1,179577,LAUNCHED
-1.590000033,-0.449999988,4.710000038146973,23.200000762939453,56.20000076293945,208.39999389648438,1004.6913452148438,22.559999465942383,147.76251220703125,-5.498682022,373997760,1267763584,6,19.908998489379883,198.97000122070312,4,1,-9.460000038,57.20000076293945,-12.35000038,62.540000915527344,0,179661,179677,180161,179672,1,179677,LAUNCHED
-1.49000001,0.10999999940395355,3.690000057220459,-5.5,49.5,110.30000305175781,1004.8587646484375,22.610000610351562,146.3837891,-7.844562531,373997760,1267763584,6,19.908998489379883,198.97000122070312,4,1,-2.450000048,44,-16.54000092,50,0,179762,179777,180255,179766,1,179777,LAUNCHED
-2.25999999,-0.779999971,3.2699999809265137,-31.5,68.90000153,41.400001525878906,1005.0267944335938,22.649999618530273,145.00247192382812,-9.440734863,373997760,1267763584,6,19.908998489379883,198.97000122070312,4,1,-1.74000001,36.529998779296875,-20.46999931,43.56999969482422,0,179862,179877,180362,179871,1,179877,LAUNCHED
-3.450000048,-2.119999886,3.619999885559082,-41.09999847,87.5,4.599999904632568,1004.9955444335938,22.579999923706055,145.2595215,-5.219511986,373997760,1267763584,6,19.908998489379883,198.97000122070312,4,1,-5.440000057,33.540000915527344,-25.88999939,42.279998779296875,0,179962,179977,180455,179965,1,179977,LAUNCHED