imu_ax,imu_ay,imu_az,imu_gx,imu_gy,imu_gz,baro_pressure_hPa,baro_temperature_C,baro_altitude_m,baro_climbRate_mps,gps_latE7,gps_lonE7,gps_altitude_m,gps_speed_mps,gps_heading_deg,gps_sats,gps_fix,roll_deg,filterRoll_deg,pitch_deg,yaw_deg,servoDegree_deg,baroTimeMs,gpsTimeMs,aTimeMs,aRxTimeMs,state,timeMs,stateStr
0.0,0.0,0.0,0.0,0.0,0.0,1022.8143920898438,24.3700008392334,0.0051929401233792305,0.0,0,0,0.0,0.0,0.0,0,0,0.0,0.0,0.0,0.0,0.0,4668,4668,2271,4668,0,4668,STANDBY
-3.1500000953674316,9.270000457763672,1.7300000190734863,0.0,0.0,-0.10000000149011612,1022.8111572265625,24.3700008392334,0.031157640740275383,0.08308703452348709,0,0,0.0,0.0,0.0,0,0,66.29000091552734,54.709999084472656,-33.689998626708984,20.43000030517578,0.0,4768,4768,4761,4764,0,4768,STANDBY
-3.1500000953674316,9.260000228881836,1.7300000190734863,0.0,-0.10000000149011612,-0.10000000149011612,1022.6349487304688,24.260000228881836,1.4592161178588867,4.622962951660156,0,0,0.0,0.0,0.0,0,0,66.31999969482422,55.560001373291016,-33.619998931884766,20.93000030517578,0.0,4868,4868,4856,4859,0,4868,STANDBY
-3.1600000858306885,9.270000457763672,1.7200000286102295,0.0,0.0,0.10000000149011612,1022.4703979492188,24.149999618530273,2.793801784515381,7.2293701171875,0,0,0.0,0.0,0.0,0,0,66.31999969482422,56.290000915527344,-33.5,21.399999618530273,0.0,4968,4968,4953,4956,0,4968,STANDBY
-3.1600000858306885,9.260000228881836,1.7300000190734863,0.0,-0.10000000149011612,0.10000000149011612,1022.489990234375,24.170000076293945,2.6328206062316895,4.111657619476318,0,0,0.0,0.0,0.0,0,0,66.33000183105469,56.97999954223633,-33.380001068115234,21.979999542236328,0.0,5068,5068,5065,5068,0,5068,STANDBY
-3.1700000762939453,9.270000457763672,1.7200000286102295,0.0,0.0,0.20000000298023224,1022.5093994140625,24.18000030517578,2.477032423019409,2.132938861846924,374006944,1267769984,0.0,0.524733304977417,0.0,0,1,66.36000061035156,57.4900016784668,-33.2599983215332,22.459999084472656,0.0,5168,5168,5161,5165,0,5168,STANDBY
-3.1500000953674316,9.260000228881836,1.7300000190734863,0.0,-0.10000000149011612,0.20000000298023224,1022.5293579101562,24.200000762939453,2.3134548664093018,0.8416327834129333,374006944,1267769984,6.900000095367432,0.524733304977417,0.0,6,1,66.4000015258789,57.88999938964844,-33.47999954223633,23.260000228881836,0.0,5268,5268,5257,5261,0,5268,STANDBY
-3.1600000858306885,9.279999732971191,1.7300000190734863,0.0,-0.10000000149011612,-0.10000000149011612,1022.3677978515625,24.09000015258789,3.6246721744537354,4.7345404624938965,374006944,1267769984,6.900000095367432,0.524733304977417,0.0,6,1,66.51000213623047,58.20000076293945,-33.5,23.84000015258789,0.0,5368,5368,5353,5356,0,5368,STANDBY
-3.1600000858306885,9.270000457763672,1.7300000190734863,0.0,-0.10000000149011612,0.0,1022.2182006835938,24.0,4.837223529815674,8.542736053466797,374006944,1267769984,6.900000095367432,0.524733304977417,0.0,6,1,66.55999755859375,58.439998626708984,-33.470001220703125,24.399999618530273,0.0,5419,5468,5449,5452,0,5468,STANDBY
-3.130000114440918,9.279999732971191,1.7300000190734863,0.0,-0.10000000149011612,-0.10000000149011612,1022.2554931640625,24.020000457763672,4.5360331535339355,4.262589931488037,374006944,1267769984,6.900000095367432,0.524733304977417,0.0,6,1,66.63999938964844,58.61000061035156,-33.33000183105469,24.969999313354492,0.0,5523,5568,5561,5564,0,5568,STANDBY
-3.140000104904175,9.279999732971191,1.7400000095367432,0.0,-0.10000000149011612,0.30000001192092896,1022.2884521484375,24.049999237060547,4.268596649169922,1.6583116054534912,374006944,1267769984,6.900000095367432,0.524733304977417,0.0,6,1,66.7300033569336,58.720001220703125,-33.349998474121094,25.56999969482422,0.0,5623,5668,5657,5660,0,5668,STANDBY
-3.1600000858306885,9.260000228881836,1.7300000190734863,0.0,0.0,0.4000000059604645,1022.3233642578125,24.06999969482422,3.985581636428833,-0.07074058055877686,374006944,1267769984,6.900000095367432,0.524733304977417,0.0,6,1,66.76000213623047,58.790000915527344,-33.290000915527344,26.1299991607666,0.0,5733,5768,5753,5756,0,5768,STANDBY
-3.1500000953674316,9.260000228881836,1.7300000190734863,0.0,0.0,0.20000000298023224,1022.1751708984375,23.969999313354492,5.185150623321533,4.753002166748047,374006944,1267769984,6.900000095367432,0.524733304977417,0.0,6,1,66.86000061035156,58.83000183105469,-33.279998779296875,26.809999465942383,0.0,5833,5868,5865,5868,0,5868,STANDBY
-3.1500000953674316,9.270000457763672,1.7400000095367432,0.0,-0.10000000149011612,-0.20000000298023224,1022.033935546875,23.8799991607666,6.332790374755859,7.632480621337891,374006944,1267769984,6.900000095367432,0.524733304977417,0.0,6,1,66.9000015258789,58.810001373291016,-33.220001220703125,27.399999618530273,0.0,5933,5968,5961,5964,0,5968,STANDBY
-3.140000104904175,9.279999732971191,1.7300000190734863,0.0,0.0,0.10000000149011612,1022.0870361328125,23.920000076293945,5.901776313781738,3.160731792449951,374006944,1267769984,6.900000095367432,0.524733304977417,0.0,6,1,66.94000244140625,58.7599983215332,-33.2599983215332,28.079999923706055,0.0,6034,6068,6056,6061,0,6068,STANDBY
-3.140000104904175,9.289999961853027,1.7400000095367432,0.0,-0.10000000149011612,0.20000000298023224,1022.13232421875,23.950000762939453,5.533077716827393,0.5480740070343018,374006688,1267769984,6.900000095367432,1.7182443141937256,173.5399932861328,6,1,67.04000091552734,58.65999984741211,-33.459999084472656,28.850000381469727,0.0,6134,6168,6153,6156,0,6168,STANDBY
-3.140000104904175,9.270000457763672,1.7400000095367432,0.0,0.0,0.30000001192092896,1022.1751708984375,23.979999542236328,5.185150623321533,-1.0409409999847412,374006688,1267769984,9.300000190734863,1.7182443141937256,173.5399932861328,5,1,67.06999969482422,58.54999923706055,-33.15999984741211,29.3700008392334,0.0,6234,6268,6265,6267,0,6268,STANDBY
-3.1500000953674316,9.279999732971191,1.7300000190734863,0.0,0.0,0.30000001192092896,1022.0371704101562,23.889999389648438,6.306825637817383,3.820497751235962,374006688,1267769984,9.300000190734863,1.7182443141937256,173.5399932861328,5,1,67.11000061035156,58.43000030517578,-33.13999938964844,30.0,0.0,6334,6368,6361,6364,0,6368,STANDBY
-3.1500000953674316,9.25,1.7300000190734863,0.0,0.0,-0.20000000298023224,1021.9076538085938,23.809999465942383,7.355799674987793,6.64101505279541,374006688,1267769984,9.300000190734863,1.7182443141937256,173.5399932861328,5,1,67.13999938964844,58.31999969482422,-33.18000030517578,30.729999542236328,0.0,6434,6468,6457,6460,0,6468,STANDBY
-3.1600000858306885,9.270000457763672,1.7400000095367432,0.0,0.0,0.0,1021.9635009765625,23.850000381469727,6.9040141105651855,2.4431076049804688,374006688,1267769984,9.300000190734863,1.7182443141937256,173.5399932861328,5,1,67.2300033569336,58.18000030517578,-33.439998626708984,31.610000610351562,0.0,6534,6568,6553,6556,0,6568,STANDBY
-3.130000114440918,9.279999732971191,1.7400000095367432,0.0,-0.10000000149011612,0.10000000149011612,1022.0167236328125,23.8799991607666,6.47040319442749,-0.17085468769073486,374006688,1267769984,9.300000190734863,1.7182443141937256,173.5399932861328,5,1,67.26000213623047,58.02000045776367,-33.130001068115234,32.040000915527344,0.0,6634,6668,6649,6651,0,6668,STANDBY
-3.1500000953674316,9.270000457763672,1.7300000190734863,0.0,-0.10000000149011612,0.30000001192092896,1022.06591796875,23.920000076293945,6.073143482208252,-1.6983858346939087,374006688,1267769984,9.300000190734863,1.7182443141937256,173.5399932861328,5,1,67.30000305175781,57.84000015258789,-33.11000061035156,32.86000061035156,0.0,6735,6768,6761,6764,0,6768,STANDBY
-3.1500000953674316,9.279999732971191,1.7300000190734863,0.0,0.0,0.30000001192092896,1021.932373046875,23.829999923706055,7.155871391296387,3.2439446449279785,374006688,1267769984,9.300000190734863,1.7182443141937256,173.5399932861328,5,1,67.33999633789062,57.68000030517578,-32.95000076293945,33.45000076293945,0.0,6835,6868,6857,6860,0,6868,STANDBY
-3.1500000953674316,9.260000228881836,1.7300000190734863,0.0,0.0,-0.30000001192092896,1021.8126831054688,23.75,8.126951217651367,5.96044397354126,374006688,1267769984,9.300000190734863,1.7182443141937256,173.5399932861328,5,1,67.41000366210938,57.52000045776367,-32.77000045776367,34.0099983215332,0.0,6935,6968,6953,6957,0,6968,STANDBY
-3.1500000953674316,9.270000457763672,1.7100000381469727,0.0,0.0,-0.20000000298023224,1021.69482421875,23.68000030517578,9.082451820373535,7.6366868019104,374006688,1267769984,9.300000190734863,1.7182443141937256,173.5399932861328,5,1,67.5,57.349998474121094,-33.119998931884766,35.150001525878906,0.0,7036,7068,7065,7068,0,7068,STANDBY
-3.119999885559082,9.289999961853027,1.7200000286102295,0.0,-0.10000000149011612,0.10000000149011612,1021.7642822265625,23.729999542236328,8.519018173217773,2.6337451934814453,374006592,1267770112,9.300000190734863,1.4352998733520508,170.5399932861328,5,1,67.63999938964844,57.189998626708984,-33.58000183105469,36.2400016784668,0.0,7136,7168,7161,7164,0,7168,STANDBY
-3.140000104904175,9.260000228881836,1.7100000381469727,0.0,0.0,0.30000001192092896,1021.8314208984375,23.770000457763672,7.973759651184082,-0.49543702602386475,374006592,1267770112,8.899999618530273,1.4352998733520508,170.5399932861328,4,1,67.70999908447266,57.040000915527344,-33.5,36.90999984741211,0.0,7236,7268,7257,7260,0,7268,STANDBY
-3.140000104904175,9.270000457763672,1.7300000190734863,0.0,0.0,0.10000000149011612,1021.721435546875,23.700000762939453,8.866945266723633,3.255662679672241,374006592,1267770112,8.899999618530273,1.4352998733520508,170.5399932861328,4,1,67.77999877929688,56.86000061035156,-33.560001373291016,37.70000076293945,0.0,7336,7368,7353,7356,0,7368,STANDBY
-3.1500000953674316,9.279999732971191,1.7400000095367432,0.0,0.0,-0.10000000149011612,1021.6140747070312,23.6299991607666,9.736763000488281,5.562894821166992,374006592,1267770112,8.899999618530273,1.4352998733520508,170.5399932861328,4,1,67.83999633789062,56.65999984741211,-33.56999969482422,38.459999084472656,0.0,7436,7468,7448,7451,0,7468,STANDBY
-3.1500000953674316,9.260000228881836,1.7400000095367432,0.0,-0.10000000149011612,0.0,1021.5054931640625,23.559999465942383,10.619562149047852,7.091449737548828,374006592,1267770112,8.899999618530273,1.4352998733520508,170.5399932861328,4,1,67.91000366210938,56.43000030517578,-33.18000030517578,39.0099983215332,0.0,7536,7568,7561,7563,0,7568,STANDBY
-3.130000114440918,9.300000190734863,1.7400000095367432,0.0,0.0,0.0,1021.5889282226562,23.6200008392334,9.94188404083252,1.8278155326843262,374006592,1267770112,8.899999618530273,1.4352998733520508,170.5399932861328,4,1,67.98999786376953,56.220001220703125,-33.220001220703125,39.810001373291016,0.0,7636,7668,7656,7659,0,7668,STANDBY
-3.140000104904175,9.270000457763672,1.7200000286102295,0.0,0.0,-0.10000000149011612,1021.66796875,23.670000076293945,9.300556182861328,-1.3955093622207642,374006592,1267770112,8.899999618530273,1.4352998733520508,170.5399932861328,4,1,68.06999969482422,56.040000915527344,-33.189998626708984,40.56999969482422,0.0,7736,7768,7751,7755,0,7768,STANDBY
-3.1500000953674316,9.270000457763672,1.7300000190734863,0.0,-0.10000000149011612,0.0,1021.5646362304688,23.600000381469727,10.139215469360352,2.4615111351013184,374006592,1267770112,8.899999618530273,1.4352998733520508,170.5399932861328,4,1,68.16999816894531,55.84000015258789,-33.220001220703125,41.5,0.0,7836,7868,7864,7867,0,7868,STANDBY
-3.140000104904175,9.279999732971191,1.7300000190734863,0.0,-0.10000000149011612,0.0,1021.463623046875,23.540000915527344,10.957103729248047,4.846920013427734,374006592,1267770112,8.899999618530273,1.4352998733520508,170.5399932861328,4,1,68.25,55.66999816894531,-33.619998931884766,42.650001525878906,0.0,7936,7968,7959,7963,0,7968,STANDBY
-3.1500000953674316,9.25,1.7200000286102295,0.0,-0.10000000149011612,0.20000000298023224,1021.3652954101562,23.479999542236328,11.756816864013672,6.300881385803223,374006592,1267770112,8.899999618530273,1.4352998733520508,170.5399932861328,4,1,68.30999755859375,55.5099983215332,-33.58000183105469,43.43000030517578,0.0,8036,8068,8055,8058,0,8068,STANDBY
-3.1500000953674316,9.25,1.7300000190734863,0.0,0.0,0.0,1021.4553833007812,23.540000915527344,11.024611473083496,1.1037425994873047,374006624,1267770112,8.899999618530273,0.14918887615203857,170.5399932861328,4,1,68.43000030517578,55.34000015258789,-33.97999954223633,44.560001373291016,0.0,8136,8168,8152,8154,0,8168,STANDBY
-3.1600000858306885,9.260000228881836,1.7300000190734863,0.0,0.0,-0.10000000149011612,1021.5448608398438,23.600000381469727,10.297599792480469,-2.2016513347625732,374006624,1267770112,8.199999809265137,0.14918887615203857,170.5399932861328,6,1,68.55000305175781,55.13999938964844,-34.25,45.720001220703125,0.0,8236,8268,8263,8266,0,8268,STANDBY
-3.1500000953674316,9.270000457763672,1.7300000190734863,0.0,0.0,-0.10000000149011612,1021.4437255859375,23.530000686645508,11.118084907531738,1.8728835582733154,374006624,1267770112,8.199999809265137,0.14918887615203857,170.5399932861328,6,1,68.63999938964844,54.959999084472656,-33.95000076293945,46.279998779296875,0.0,8336,8368,8359,8363,0,8368,STANDBY
-3.140000104904175,9.279999732971191,1.7100000381469727,0.0,0.0,0.10000000149011612,1021.35107421875,23.469999313354492,11.871061325073242,4.2105512619018555,374006624,1267770112,8.199999809265137,0.14918887615203857,170.5399932861328,6,1,68.75,54.81999969482422,-34.27000045776367,47.380001068115234,0.0,8436,8468,8456,8459,0,8468,STANDBY
-3.1500000953674316,9.279999732971191,1.7200000286102295,0.0,0.0,0.4000000059604645,1021.2628173828125,23.420000076293945,12.587686538696289,5.561253547668457,374006624,1267770112,8.199999809265137,0.14918887615203857,170.5399932861328,6,1,68.87000274658203,54.689998626708984,-34.70000076293945,48.560001373291016,0.0,8536,8568,8551,8554,0,8568,STANDBY
-3.140000104904175,9.279999732971191,1.7300000190734863,0.0,0.0,0.30000001192092896,1021.3604736328125,23.479999542236328,11.79576301574707,0.3915081024169922,374006624,1267770112,8.199999809265137,0.14918887615203857,170.5399932861328,6,1,69.01000213623047,54.5,-34.83000183105469,49.619998931884766,0.0,8636,8668,8664,8667,0,8668,STANDBY
-3.1500000953674316,9.260000228881836,1.7300000190734863,0.0,-0.10000000149011612,0.10000000149011612,1021.447021484375,23.540000915527344,11.092120170593262,-2.5640060901641846,374006624,1267770112,8.199999809265137,0.14918887615203857,170.5399932861328,6,1,69.08999633789062,54.349998474121094,-34.66999816894531,50.33000183105469,0.0,8737,8768,8759,8762,0,8768,STANDBY
-3.130000114440918,9.279999732971191,1.7200000286102295,0.0,0.0,-0.20000000298023224,1021.3556518554688,23.479999542236328,11.834710121154785,1.3293958902359009,374006624,1267770112,8.199999809265137,0.14918887615203857,170.5399932861328,6,1,69.19999694824219,54.18000030517578,-34.540000915527344,51.08000183105469,0.0,8837,8868,8855,8858,0,8868,STANDBY
-3.140000104904175,9.289999961853027,1.7400000095367432,0.0,0.0,0.10000000149011612,1021.2652587890625,23.43000030517578,12.566915512084961,3.779634952545166,374006624,1267770112,8.199999809265137,0.14918887615203857,170.5399932861328,6,1,69.30999755859375,54.02000045776367,-34.38999938964844,51.79999923706055,0.0,8937,8968,8951,8954,0,8968,STANDBY
-3.130000114440918,9.279999732971191,1.7200000286102295,0.0,-0.10000000149011612,0.4000000059604645,1021.17919921875,23.3799991607666,13.265365600585938,5.212766647338867,374006624,1267770112,8.199999809265137,0.14918887615203857,170.5399932861328,6,1,69.43000030517578,53.83000183105469,-34.650001525878906,53.029998779296875,0.0,9037,9068,9063,9066,0,9068,STANDBY
-3.1500000953674316,9.270000457763672,1.7300000190734863,0.0,0.0,0.20000000298023224,1021.2793579101562,23.440000534057617,12.452670097351074,0.0853886604309082,374007008,1267770112,8.199999809265137,0.2572222054004669,170.5399932861328,6,1,69.54000091552734,53.70000076293945,-34.970001220703125,54.15999984741211,0.0,9138,9168,9159,9162,0,9168,STANDBY
-3.1500000953674316,9.270000457763672,1.7400000095367432,0.0,0.0,-0.20000000298023224,1021.3773193359375,23.510000228881836,11.658150672912598,-3.1234290599823,374007008,1267770112,9.5,0.2572222054004669,170.5399932861328,9,1,69.62999725341797,53.52000045776367,-35.380001068115234,55.36000061035156,0.0,9238,9268,9255,9257,0,9268,STANDBY
-3.140000104904175,9.279999732971191,1.7400000095367432,0.0,-0.10000000149011612,-0.20000000298023224,1021.2859497070312,23.450000762939453,12.400740623474121,0.9713650941848755,374007008,1267770112,9.5,0.2572222054004669,170.5399932861328,9,1,69.70999908447266,53.349998474121094,-35.709999084472656,56.54999923706055,0.0,9338,9368,9351,9354,0,9368,STANDBY
-3.140000104904175,9.279999732971191,1.7400000095367432,0.0,-0.10000000149011612,0.10000000149011612,1021.2052612304688,23.399999618530273,13.055051803588867,3.2389183044433594,374007008,1267770112,9.5,0.2572222054004669,170.5399932861328,9,1,69.80000305175781,53.150001525878906,-35.959999084472656,57.79999923706055,0.0,9438,9468,9463,9466,0,9468,STANDBY
-3.140000104904175,9.279999732971191,1.7200000286102295,0.0,0.0,0.30000001192092896,1021.1193237304688,23.34000015258789,13.75090503692627,4.856320858001709,374007008,1267770112,9.5,0.2572222054004669,170.5399932861328,9,1,69.9000015258789,53.02000045776367,-36.060001373291016,58.779998779296875,0.0,9538,9568,9559,9562,0,9568,STANDBY
-3.1600000858306885,9.270000457763672,1.7200000286102295,0.0,0.0,-0.10000000149011612,1021.2276611328125,23.420000076293945,12.873298645019531,-0.40238022804260254,374007008,1267770112,9.5,0.2572222054004669,170.5399932861328,9,1,70.0,52.88999938964844,-36.279998779296875,59.84000015258789,0.0,9638,9668,9655,9658,0,9668,STANDBY
-3.140000104904175,9.279999732971191,1.7200000286102295,-0.10000000149011612,0.0,0.0,1021.32373046875,23.479999542236328,12.091760635375977,-3.3836753368377686,374007008,1267770112,9.5,0.2572222054004669,170.5399932861328,9,1,70.0999984741211,52.72999954223633,-36.2400016784668,60.720001220703125,0.0,9738,9768,9751,9753,0,9768,STANDBY
-3.140000104904175,9.289999961853027,1.7100000381469727,0.0,0.0,-0.10000000149011612,1021.2349853515625,23.420000076293945,12.813579559326172,0.7217233180999756,374007008,1267770112,9.5,0.2572222054004669,170.5399932861328,9,1,70.20999908447266,52.58000183105469,-36.779998779296875,62.25,0.0,9838,9868,9863,9866,0,9868,STANDBY
-3.140000104904175,9.279999732971191,1.7000000476837158,0.0,-0.10000000149011612,0.10000000149011612,1021.1539306640625,23.3700008392334,13.470486640930176,3.089531183242798,374007008,1267770112,9.5,0.2572222054004669,170.5399932861328,9,1,70.31999969482422,52.5,-37.150001525878906,63.470001220703125,0.0,9938,9968,9959,9962,0,9968,STANDBY
-3.140000104904175,9.260000228881836,1.7000000476837158,0.0,-0.10000000149011612,0.10000000149011612,1021.0739135742188,23.31999969482422,14.119604110717773,4.573770046234131,374007008,1267770112,9.5,0.2572222054004669,170.5399932861328,9,1,70.44999694824219,52.43000030517578,-37.15999984741211,64.38999938964844,0.0,10038,10068,10054,10058,0,10068,STANDBY
-3.1500000953674316,9.270000457763672,1.7200000286102295,0.0,0.0,-0.10000000149011612,1021.1846923828125,23.399999618530273,13.22122573852539,-0.6663005352020264,374007264,1267770112,9.5,0.8539777398109436,106.69999694824219,9,1,70.55000305175781,52.31999969482422,-37.77000045776367,65.81999969482422,0.0,10138,10168,10150,10153,0,10168,STANDBY
-3.1500000953674316,9.270000457763672,1.7200000286102295,0.0,0.0,-0.10000000149011612,1021.2863159179688,23.469999313354492,12.395547866821289,-3.7291438579559326,374007264,1267770112,9.899999618530273,0.8539777398109436,106.69999694824219,9,1,70.66999816894531,52.18000030517578,-37.84000015258789,66.94999694824219,0.0,10238,10268,10262,10266,0,10268,STANDBY
-3.130000114440918,9.270000457763672,1.7100000381469727,-0.10000000149011612,0.0,-0.10000000149011612,1021.2013549804688,23.40999984741211,13.086209297180176,0.3759934902191162,374007264,1267770112,9.899999618530273,0.8539777398109436,106.69999694824219,9,1,70.76000213623047,52.04999923706055,-38.029998779296875,68.05000305175781,0.0,10338,10368,10358,10361,0,10368,STANDBY
-3.1500000953674316,9.289999961853027,1.7300000190734863,0.0,0.0,0.10000000149011612,1021.1209106445312,23.360000610351562,13.737922668457031,2.847489356994629,374007264,1267770112,9.899999618530273,0.8539777398109436,106.69999694824219,9,1,70.83999633789062,51.91999816894531,-38.45000076293945,69.33999633789062,0.0,10438,10468,10455,10458,0,10468,STANDBY
-3.1500000953674316,9.279999732971191,1.7300000190734863,0.0,0.0,0.10000000149011612,1021.0388793945312,23.309999465942383,14.405216217041016,4.439230918884277,374007264,1267770112,9.899999618530273,0.8539777398109436,106.69999694824219,9,1,70.94000244140625,51.79999923706055,-38.86000061035156,70.62000274658203,0.0,10539,10568,10551,10554,0,10568,STANDBY
-3.140000104904175,9.270000457763672,1.7200000286102295,0.0,0.0,-0.20000000298023224,1021.1512451171875,23.389999389648438,13.493854522705078,-0.8043389320373535,374007264,1267770112,9.899999618530273,0.8539777398109436,106.69999694824219,9,1,71.02999877929688,51.689998626708984,-39.290000915527344,72.08999633789062,0.0,10639,10668,10662,10665,0,10668,STANDBY
-3.1500000953674316,9.229999542236328,1.7200000286102295,0.0,0.0,0.10000000149011612,1021.2529907226562,23.450000762939453,12.668177604675293,-3.8174846172332764,374007264,1267770112,9.899999618530273,0.8539777398109436,106.69999694824219,9,1,71.11000061035156,51.61000061035156,-39.45000076293945,73.19000244140625,0.0,10739,10768,10759,10762,0,10768,STANDBY
-3.140000104904175,9.270000457763672,1.7200000286102295,0.10000000149011612,0.0,0.10000000149011612,1021.1738891601562,23.399999618530273,13.309505462646484,0.12212109565734863,374007264,1267770112,9.899999618530273,0.8539777398109436,106.69999694824219,9,1,71.19000244140625,51.5,-39.970001220703125,74.5999984741211,0.0,10839,10868,10855,10857,0,10868,STANDBY
-3.1500000953674316,9.270000457763672,1.7200000286102295,0.0,-0.20000000298023224,0.10000000149011612,1021.09716796875,23.350000381469727,13.932658195495605,2.570768356323242,374007264,1267770112,9.899999618530273,0.8539777398109436,106.69999694824219,9,1,71.29000091552734,51.41999816894531,-40.20000076293945,75.73999786376953,0.0,10939,10968,10950,10953,0,10968,STANDBY
-3.140000104904175,9.279999732971191,1.7200000286102295,0.0,0.0,0.20000000298023224,1021.0211181640625,23.309999465942383,14.54802131652832,4.106744289398193,374007264,1267770112,9.899999618530273,0.8539777398109436,106.69999694824219,9,1,71.37000274658203,51.29999923706055,-41.029998779296875,77.55999755859375,0.0,11039,11068,11063,11065,0,11068,STANDBY
-3.1500000953674316,9.279999732971191,1.7200000286102295,0.0,0.0,-0.10000000149011612,1021.1334228515625,23.3799991607666,13.6366605758667,-1.0171265602111816,374007392,1267770112,9.899999618530273,0.5144444108009338,32.75,9,1,71.44000244140625,51.189998626708984,-41.4900016784668,78.91000366210938,0.0,11139,11168,11158,11161,0,11168,STANDBY
-3.1600000858306885,9.25,1.7200000286102295,0.0,-0.10000000149011612,0.10000000149011612,1021.2335205078125,23.450000762939453,12.823966026306152,-3.9017391204833984,374007392,1267770112,10.100000381469727,0.5144444108009338,32.75,9,1,71.48999786376953,51.11000061035156,-42.099998474121094,80.38999938964844,0.0,11239,11268,11254,11257,0,11268,STANDBY
-3.140000104904175,9.270000457763672,1.7200000286102295,0.0,0.0,0.0,1021.15283203125,23.399999618530273,13.48087215423584,0.13051152229309082,374007392,1267770112,10.100000381469727,0.5144444108009338,32.75,9,1,71.55000305175781,51.0,-42.41999816894531,81.62999725341797,0.0,11339,11368,11351,11354,0,11368,STANDBY
-3.1600000858306885,9.279999732971191,1.7300000190734863,0.0,0.0,0.10000000149011612,1021.0744018554688,23.350000381469727,14.1170072555542,2.6280677318573,374007392,1267770112,10.100000381469727,0.5144444108009338,32.75,9,1,71.62000274658203,50.869998931884766,-42.900001525878906,83.16000366210938,0.0,11439,11468,11462,11465,0,11468,STANDBY
-3.130000114440918,9.289999961853027,1.7400000095367432,0.0,0.0,0.10000000149011612,1021.0023193359375,23.299999237060547,14.701213836669922,4.018789768218994,374007392,1267770112,10.100000381469727,0.5144444108009338,32.75,9,1,71.68000030517578,50.75,-43.34000015258789,84.48999786376953,0.0,11539,11568,11558,11561,0,11568,STANDBY
-3.1600000858306885,9.260000228881836,1.7300000190734863,0.0,0.0,-0.10000000149011612,1021.1143798828125,23.3799991607666,13.792448997497559,-1.0630338191986084,374007392,1267770112,10.100000381469727,0.5144444108009338,32.75,9,1,71.70999908447266,50.65999984741211,-43.959999084472656,85.97000122070312,0.0,11639,11668,11655,11658,0,11668,STANDBY
-3.1600000858306885,9.239999771118164,1.7200000286102295,0.0,-0.10000000149011612,0.0,1021.2220458984375,23.450000762939453,12.917438507080078,-4.180383682250977,374007392,1267770112,10.100000381469727,0.5144444108009338,32.75,9,1,71.75,50.56999969482422,-44.279998779296875,87.23999786376953,0.0,11739,11768,11751,11754,0,11768,STANDBY
-3.130000114440918,9.289999961853027,1.75,0.0,0.0,-0.20000000298023224,1021.141357421875,23.399999618530273,13.574345588684082,-0.047817230224609375,374007392,1267770112,10.100000381469727,0.5144444108009338,32.75,9,1,71.79000091552734,50.40999984741211,-44.810001373291016,88.81999969482422,0.0,11839,11868,11863,11866,0,11868,STANDBY
-3.1500000953674316,9.270000457763672,1.7400000095367432,0.0,0.0,-0.10000000149011612,1021.068603515625,23.350000381469727,14.16374397277832,2.3269906044006348,374007392,1267770112,10.100000381469727,0.5144444108009338,32.75,9,1,71.77999877929688,50.310001373291016,-45.619998931884766,90.4800033569336,0.0,11939,11968,11959,11962,0,11968,STANDBY
-3.140000104904175,9.279999732971191,1.7400000095367432,0.0,-0.10000000149011612,0.20000000298023224,1020.9998168945312,23.309999465942383,14.72198486328125,3.7222375869750977,374007392,1267770112,10.100000381469727,0.5144444108009338,32.75,9,1,71.80000305175781,50.20000076293945,-46.16999816894531,91.88999938964844,0.0,12040,12068,12055,12058,0,12068,STANDBY
-3.1500000953674316,9.260000228881836,1.7300000190734863,0.0,0.0,-0.10000000149011612,1021.11376953125,23.3799991607666,13.79764175415039,-1.3359119892120361,374007456,1267769984,10.100000381469727,0.7202221751213074,121.33999633789062,9,1,71.83999633789062,50.099998474121094,-46.54999923706055,93.16000366210938,0.0,12140,12168,12151,12153,0,12168,STANDBY
-3.1600000858306885,9.25,1.7400000095367432,0.0,0.0,0.20000000298023224,1021.2195434570312,23.450000762939453,12.938210487365723,-3.60516357421875,374007456,1267769984,8.5,0.7202221751213074,121.33999633789062,9,1,71.87999725341797,50.0099983215332,-47.040000915527344,94.69000244140625,0.0,12240,12268,12263,12266,0,12268,STANDBY
-3.1600000858306885,9.270000457763672,1.7400000095367432,0.0,-0.10000000149011612,0.10000000149011612,1021.1404418945312,23.399999618530273,13.579538345336914,-0.25505563616752625,374007456,1267769984,8.5,0.7202221751213074,121.33999633789062,9,1,71.86000061035156,49.91999816894531,-47.810001373291016,96.29000091552734,0.0,12340,12368,12359,12362,0,12368,STANDBY
-3.1500000953674316,9.279999732971191,1.75,0.0,-0.10000000149011612,-0.5,1021.067626953125,23.350000381469727,14.171533584594727,1.7311490774154663,374007456,1267769984,8.5,0.7202221751213074,121.33999633789062,9,1,71.88999938964844,49.790000915527344,-48.130001068115234,97.5199966430664,0.0,12440,12468,12455,12459,0,12468,STANDBY
-3.180000066757202,9.260000228881836,1.7400000095367432,0.0,0.0,0.30000001192092896,1020.9972534179688,23.309999465942383,14.742756843566895,2.9000084400177,374007456,1267769984,8.5,0.7202221751213074,121.33999633789062,9,1,71.8499984741211,49.7400016784668,-48.7400016784668,98.98999786376953,0.0,12541,12568,12551,12554,0,12568,STANDBY
-3.1600000858306885,9.270000457763672,1.7300000190734863,0.0,0.0,-0.20000000298023224,1021.1095581054688,23.3799991607666,13.831396102905273,-1.0603488683700562,374007456,1267769984,8.5,0.7202221751213074,121.33999633789062,9,1,71.86000061035156,49.630001068115234,-49.349998474121094,100.5999984741211,0.0,12641,12668,12663,12665,0,12668,STANDBY
-3.1700000762939453,9.260000228881836,1.7400000095367432,0.0,-0.10000000149011612,-0.4000000059604645,1021.21533203125,23.450000762939453,12.971964836120605,-3.4288032054901123,374007456,1267769984,8.5,0.7202221751213074,121.33999633789062,9,1,71.8499984741211,49.54999923706055,-49.880001068115234,102.0,0.0,12741,12768,12760,12762,0,12768,STANDBY
-3.119999885559082,9.289999961853027,1.7300000190734863,0.0,0.0,0.4000000059604645,1021.1361694335938,23.399999618530273,13.615888595581055,-0.13387814164161682,374007456,1267769984,8.5,0.7202221751213074,121.33999633789062,9,1,71.86000061035156,49.43000030517578,-50.310001373291016,103.29000091552734,0.0,12841,12868,12856,12859,0,12868,STANDBY
-3.180000066757202,9.25,1.7400000095367432,0.0,-0.10000000149011612,0.30000001192092896,1021.0594482421875,23.350000381469727,14.236445426940918,1.9000999927520752,374007456,1267769984,8.5,0.7202221751213074,121.33999633789062,9,1,71.83000183105469,49.400001525878906,-50.83000183105469,104.69999694824219,0.0,12941,12968,12952,12954,0,12968,STANDBY
-3.1600000858306885,9.25,1.7300000190734863,0.0,0.0,0.4000000059604645,1020.9930419921875,23.309999465942383,14.776511192321777,2.944274663925171,374007456,1267769984,8.5,0.7202221751213074,121.33999633789062,9,1,71.80000305175781,49.349998474121094,-51.400001525878906,106.30000305175781,0.0,13041,13068,13064,13067,0,13068,STANDBY
-3.1600000858306885,9.270000457763672,1.7400000095367432,0.0,-0.10000000149011612,-0.30000001192092896,1021.1054077148438,23.389999389648438,13.865150451660156,-1.0320185422897339,374007456,1267769984,8.5,0.3549666702747345,149.44000244140625,9,1,71.77999877929688,49.27000045776367,-52.0099983215332,107.7300033569336,0.0,13142,13168,13160,13163,0,13168,STANDBY
-3.1600000858306885,9.260000228881836,1.7400000095367432,0.0,0.0,-0.10000000149011612,1021.2111206054688,23.459999084472656,13.005718231201172,-3.410675048828125,374007456,1267769984,8.399999618530273,0.3549666702747345,149.44000244140625,10,1,71.69000244140625,49.189998626708984,-52.83000183105469,109.3499984741211,0.0,13242,13268,13256,13259,0,13268,STANDBY
-3.140000104904175,9.279999732971191,1.7300000190734863,0.0,-0.10000000149011612,0.30000001192092896,1021.130615234375,23.399999618530273,13.660029411315918,-0.08903636783361435,374007456,1267769984,8.399999618530273,0.3549666702747345,149.44000244140625,10,1,71.70999908447266,49.119998931884766,-53.09000015258789,110.48999786376953,0.0,13342,13368,13352,13356,0,13368,STANDBY
-3.1700000762939453,9.270000457763672,1.75,0.0,0.0,0.10000000149011612,1021.0576782226562,23.360000610351562,14.252023696899414,1.8373985290527344,374007456,1267769984,8.399999618530273,0.3549666702747345,149.44000244140625,10,1,71.69000244140625,49.06999969482422,-53.560001373291016,111.9800033569336,0.0,13442,13468,13464,13467,0,13468,STANDBY
-3.1600000858306885,9.270000457763672,1.7400000095367432,0.0,0.0,0.30000001192092896,1020.9874877929688,23.309999465942383,14.820651054382324,2.995542526245117,374007456,1267769984,8.399999618530273,0.3549666702747345,149.44000244140625,10,1,71.66999816894531,49.0,-53.880001068115234,113.16000366210938,0.0,13542,13568,13560,13563,0,13568,STANDBY
-3.1500000953674316,9.279999732971191,1.7300000190734863,0.0,0.0,-0.20000000298023224,1021.0995483398438,23.389999389648438,13.911886215209961,-0.9909002184867859,374007456,1267769984,8.399999618530273,0.3549666702747345,149.44000244140625,10,1,71.69000244140625,48.91999816894531,-54.06999969482422,114.25,0.0,13642,13668,13657,13660,0,13668,STANDBY
-3.1700000762939453,9.25,1.7400000095367432,0.0,0.0,-0.10000000149011612,1021.2039184570312,23.459999084472656,13.065437316894531,-3.3428127765655518,374007456,1267769984,8.399999618530273,0.3549666702747345,149.44000244140625,10,1,71.6500015258789,48.86000061035156,-54.47999954223633,115.5199966430664,0.0,13742,13768,13753,13756,0,13768,STANDBY
-3.1500000953674316,9.279999732971191,1.7400000095367432,0.0,0.0,0.10000000149011612,1021.19970703125,23.459999084472656,13.099191665649414,-2.031386375427246,374007456,1267769984,8.399999618530273,0.3549666702747345,149.44000244140625,10,1,71.6500015258789,48.779998779296875,-54.720001220703125,116.63999938964844,0.0,13842,13868,13849,13852,0,13868,STANDBY
-3.1600000858306885,9.270000457763672,1.7400000095367432,0.0,0.0,0.10000000149011612,1021.12451171875,23.40999984741211,13.709362030029297,0.6524578928947449,374007456,1267769984,8.399999618530273,0.3549666702747345,149.44000244140625,10,1,71.62999725341797,48.70000076293945,-55.099998474121094,118.0199966430664,0.0,13942,13968,13962,13965,0,13968,STANDBY
-3.1600000858306885,9.260000228881836,1.75,0.0,-0.10000000149011612,0.30000001192092896,1021.0504760742188,23.360000610351562,14.309146881103516,2.3368847370147705,374007456,1267769984,8.399999618530273,0.3549666702747345,149.44000244140625,10,1,71.55000305175781,48.630001068115234,-55.58000183105469,119.33000183105469,0.0,14042,14068,14058,14061,0,14068,STANDBY
-3.1600000858306885,9.279999732971191,1.7300000190734863,0.0,0.0,0.10000000149011612,1021.158447265625,23.43000030517578,13.434136390686035,-1.3044273853302002,374007456,1267769984,8.399999618530273,0.41155552864074707,139.69000244140625,10,1,71.48999786376953,48.56999969482422,-56.09000015258789,120.6500015258789,0.0,14142,14168,14154,14157,0,14168,STANDBY
-3.1600000858306885,9.260000228881836,1.75,0.0,-0.10000000149011612,-0.10000000149011612,1021.2601318359375,23.5,12.608458518981934,-3.4770028591156006,374007456,1267769984,8.699999809265137,0.41155552864074707,139.69000244140625,11,1,71.37999725341797,48.52000045776367,-56.650001525878906,122.0,0.0,14242,14268,14251,14254,0,14268,STANDBY
-3.1500000953674316,9.279999732971191,1.7400000095367432,0.0,0.0,0.0,1021.3504638671875,23.559999465942383,11.876254081726074,-4.568336009979248,374007456,1267769984,8.699999809265137,0.41155552864074707,139.69000244140625,11,1,71.30000305175781,48.459999084472656,-57.150001525878906,123.44999694824219,0.0,14342,14368,14362,14365,0,14368,STANDBY
-3.1600000858306885,9.260000228881836,1.7400000095367432,0.0,0.0,0.0,1021.2619018554688,23.5,12.595476150512695,-0.6222244501113892,374007456,1267769984,8.699999809265137,0.41155552864074707,139.69000244140625,11,1,71.19999694824219,48.40999984741211,-57.650001525878906,124.73999786376953,0.0,14442,14468,14458,14461,0,14468,STANDBY
-3.1600000858306885,9.270000457763672,1.75,0.0,0.0,0.10000000149011612,1021.1810913085938,23.450000762939453,13.249786376953125,1.6955690383911133,374007456,1267769984,8.699999809265137,0.41155552864074707,139.69000244140625,11,1,71.08999633789062,48.349998474121094,-58.150001525878906,126.0199966430664,0.0,14542,14568,14555,14558,0,14568,STANDBY
-3.1500000953674316,9.279999732971191,1.7400000095367432,0.0,-0.10000000149011612,0.10000000149011612,1021.2798461914062,23.510000228881836,12.450074195861816,-1.4739148616790771,374007456,1267769984,8.699999809265137,0.41155552864074707,139.69000244140625,11,1,70.97000122070312,48.279998779296875,-58.630001068115234,127.26000213623047,0.0,14642,14668,14651,14654,0,14668,STANDBY
-3.1600000858306885,9.260000228881836,1.7400000095367432,0.0,0.0,0.10000000149011612,1021.3748168945312,23.579999923706055,11.678922653198242,-3.4109904766082764,374007456,1267769984,8.699999809265137,0.41155552864074707,139.69000244140625,11,1,70.88999938964844,48.2400016784668,-59.0099983215332,128.57000732421875,0.0,14742,14768,14764,14767,0,14768,STANDBY
-3.1600000858306885,9.270000457763672,1.7300000190734863,0.10000000149011612,0.0,0.10000000149011612,1021.4679565429688,23.639999389648438,10.923349380493164,-4.600868225097656,374007456,1267769984,8.699999809265137,0.41155552864074707,139.69000244140625,11,1,70.80999755859375,48.209999084472656,-59.400001525878906,129.74000549316406,0.0,14842,14868,14860,14863,0,14868,STANDBY
-3.1600000858306885,9.260000228881836,1.7200000286102295,0.0,-0.10000000149011612,0.0,1021.3765869140625,23.579999923706055,11.66334342956543,-0.5765747427940369,374007456,1267769984,8.699999809265137,0.41155552864074707,139.69000244140625,11,1,70.7300033569336,48.189998626708984,-59.72999954223633,130.86000061035156,0.0,14942,14968,14956,14959,0,14968,STANDBY
-3.1600000858306885,9.270000457763672,1.7300000190734863,0.0,0.0,-0.10000000149011612,1021.2874755859375,23.520000457763672,12.387758255004883,1.9036661386489868,374007456,1267769984,8.699999809265137,0.41155552864074707,139.69000244140625,11,1,70.6500015258789,48.150001525878906,-60.029998779296875,131.94000244140625,0.0,15043,15068,15052,15055,0,15068,STANDBY
-3.1500000953674316,9.289999961853027,1.7200000286102295,0.0,-0.10000000149011612,-0.10000000149011612,1021.381591796875,23.579999923706055,11.624396324157715,-1.2244118452072144,374007456,1267770112,8.699999809265137,0.48872220516204834,112.69999694824219,11,1,70.5,48.119998931884766,-60.619998931884766,133.3800048828125,0.0,15143,15168,15165,15168,0,15168,STANDBY
-3.1600000858306885,9.270000457763672,1.7200000286102295,0.0,0.0,0.30000001192092896,1021.4725952148438,23.639999389648438,10.88440227508545,-3.151604413986206,374007456,1267770112,8.699999809265137,0.48872220516204834,112.69999694824219,11,1,70.41000366210938,48.11000061035156,-60.93000030517578,134.4499969482422,0.0,15243,15268,15261,15263,0,15268,STANDBY
-3.1500000953674316,9.260000228881836,1.7300000190734863,0.0,0.0,0.30000001192092896,1021.5609130859375,23.690000534057617,10.167777061462402,-4.310227870941162,374007456,1267770112,9.199999809265137,0.48872220516204834,112.69999694824219,10,1,70.23999786376953,48.08000183105469,-61.43000030517578,135.64999389648438,0.0,15343,15368,15357,15360,0,15368,STANDBY
-3.1500000953674316,9.270000457763672,1.7300000190734863,0.0,0.0,-0.10000000149011612,1021.4774780273438,23.639999389648438,10.845455169677734,-0.5899759531021118,374007456,1267770112,9.199999809265137,0.48872220516204834,112.69999694824219,10,1,70.12000274658203,48.040000915527344,-61.779998779296875,136.72000122070312,0.0,15443,15468,15454,15457,0,15468,STANDBY
-3.1600000858306885,9.260000228881836,1.7200000286102295,0.0,0.0,-0.10000000149011612,1021.3943481445312,23.59000015258789,11.520537376403809,1.782678484916687,374007456,1267770112,9.199999809265137,0.48872220516204834,112.69999694824219,10,1,70.08999633789062,48.040000915527344,-61.93000030517578,137.7899932861328,0.0,15543,15568,15565,15568,0,15568,STANDBY
-3.140000104904175,9.270000457763672,1.7200000286102295,0.0,0.0,-0.10000000149011612,1021.484130859375,23.649999618530273,10.790929794311523,-1.1938300132751465,374007456,1267770112,9.199999809265137,0.48872220516204834,112.69999694824219,10,1,69.95999908447266,48.0,-62.279998779296875,138.83999633789062,0.0,15643,15668,15662,15665,0,15668,STANDBY
-3.1500000953674316,9.279999732971191,1.7300000190734863,0.0,-0.10000000149011612,0.0,1021.5656127929688,23.700000762939453,10.131425857543945,-2.8744637966156006,374007456,1267770112,9.199999809265137,0.48872220516204834,112.69999694824219,10,1,69.8499984741211,47.970001220703125,-62.540000915527344,139.82000732421875,0.0,15744,15768,15758,15761,0,15768,STANDBY
-3.1500000953674316,9.270000457763672,1.7300000190734863,0.0,0.0,0.20000000298023224,1021.64794921875,23.75,9.46153736114502,-3.983299970626831,374007456,1267770112,9.199999809265137,0.48872220516204834,112.69999694824219,10,1,69.7300033569336,47.93000030517578,-62.79999923706055,140.7899932861328,0.0,15844,15868,15854,15857,0,15868,STANDBY
-3.1600000858306885,9.270000457763672,1.7300000190734863,0.0,-0.10000000149011612,0.10000000149011612,1021.556884765625,23.690000534057617,10.201530456542969,-0.18133412301540375,374007456,1267770112,9.199999809265137,0.48872220516204834,112.69999694824219,10,1,69.56999969482422,47.900001525878906,-63.150001525878906,141.80999755859375,0.0,15944,15968,15950,15953,0,15968,STANDBY
-3.1600000858306885,9.270000457763672,1.7200000286102295,0.0,0.0,0.10000000149011612,1021.4679565429688,23.639999389648438,10.923349380493164,2.1937668323516846,374007456,1267770112,9.199999809265137,0.48872220516204834,112.69999694824219,10,1,69.48999786376953,47.869998931884766,-63.310001373291016,142.80999755859375,0.0,16044,16068,16063,16066,0,16068,STANDBY
-3.1700000762939453,9.260000228881836,1.7100000381469727,0.0,0.0,0.0,1021.5509643554688,23.690000534057617,10.24826717376709,-0.7562522888183594,374007456,1267770112,9.199999809265137,0.15433332324028015,112.69999694824219,10,1,69.4000015258789,47.880001068115234,-63.5099983215332,143.72000122070312,0.0,16144,16168,16159,16162,0,16168,STANDBY
-3.1700000762939453,9.270000457763672,1.7100000381469727,0.0,0.0,-0.10000000149011612,1021.6304931640625,23.739999771118164,9.604342460632324,-2.544560670852661,374007456,1267770112,9.199999809265137,0.15433332324028015,112.69999694824219,11,1,69.25,47.88999938964844,-63.849998474121094,144.72000122070312,0.0,16244,16268,16256,16259,0,16268,STANDBY
-3.1600000858306885,9.270000457763672,1.7100000381469727,0.0,0.0,0.0,1021.7072143554688,23.790000915527344,8.981189727783203,-3.622607469558716,374007456,1267770112,9.199999809265137,0.15433332324028015,112.69999694824219,11,1,69.11000061035156,47.88999938964844,-64.12000274658203,145.64999389648438,0.0,16344,16368,16352,16355,0,16368,STANDBY
-3.1500000953674316,9.270000457763672,1.7100000381469727,0.0,0.0,0.0,1021.6034545898438,23.719999313354492,9.8224458694458,0.37355080246925354,374007456,1267770112,9.199999809265137,0.15433332324028015,112.69999694824219,11,1,68.93000030517578,47.869998931884766,-64.43000030517578,146.7100067138672,0.0,16444,16468,16464,16467,0,16468,STANDBY
-3.1600000858306885,9.260000228881836,1.7100000381469727,0.0,0.0,0.10000000149011612,1021.49853515625,23.65999984741211,10.674088478088379,2.9643287658691406,374007456,1267770112,9.199999809265137,0.15433332324028015,112.69999694824219,11,1,68.8499984741211,47.84000015258789,-64.54000091552734,147.49000549316406,0.0,16544,16568,16561,16563,0,16568,STANDBY
-3.1700000762939453,9.270000457763672,1.7100000381469727,0.0,0.0,0.20000000298023224,1021.5798950195312,23.709999084472656,10.014585494995117,-0.21323910355567932,374007456,1267770112,9.199999809265137,0.15433332324028015,112.69999694824219,11,1,68.66999816894531,47.849998474121094,-64.83000183105469,148.39999389648438,0.0,16644,16668,16657,16660,0,16668,STANDBY
-3.1600000858306885,9.260000228881836,1.7200000286102295,0.0,0.0,-0.10000000149011612,1021.6593627929688,23.760000228881836,9.370660781860352,-2.1970322132110596,374007456,1267770112,9.199999809265137,0.15433332324028015,112.69999694824219,11,1,68.58000183105469,47.810001373291016,-64.93000030517578,149.16000366210938,0.0,16744,16768,16753,16756,0,16768,STANDBY
-3.1600000858306885,9.260000228881836,1.7300000190734863,0.0,-0.10000000149011612,-0.10000000149011612,1021.7321166992188,23.809999465942383,8.778665542602539,-3.300485372543335,374007456,1267770112,9.199999809265137,0.15433332324028015,112.69999694824219,11,1,68.55999755859375,47.77000045776367,-64.9000015258789,149.8300018310547,0.0,16844,16868,16849,16851,0,16868,STANDBY
-3.1500000953674316,9.260000228881836,1.7300000190734863,0.0,-0.10000000149011612,-0.10000000149011612,1021.6192016601562,23.739999771118164,9.695219039916992,0.8206605911254883,374007456,1267770112,9.199999809265137,0.15433332324028015,112.69999694824219,11,1,68.37000274658203,47.7400016784668,-65.12000274658203,150.77999877929688,0.0,16944,16968,16961,16964,0,16968,STANDBY
-3.1500000953674316,9.270000457763672,1.7400000095367432,0.0,0.0,0.10000000149011612,1021.511474609375,23.670000076293945,10.570229530334473,3.32525634765625,374007456,1267770112,9.199999809265137,0.15433332324028015,112.69999694824219,11,1,68.2699966430664,47.68000030517578,-65.19000244140625,151.47999572753906,0.0,17044,17068,17057,17060,0,17068,STANDBY
-3.1600000858306885,9.289999961853027,1.7300000190734863,0.0,0.0,0.20000000298023224,1021.5929565429688,23.719999313354492,9.908129692077637,0.009444618597626686,374007424,1267769984,9.199999809265137,0.7922444343566895,225.69000244140625,11,1,68.16000366210938,47.619998931884766,-65.2699966430664,152.19000244140625,0.0,17144,17168,17154,17157,0,17168,STANDBY
-3.1600000858306885,9.270000457763672,1.7400000095367432,0.0,0.0,0.20000000298023224,1021.6707763671875,23.770000457763672,9.27718734741211,-1.973382592201233,374007424,1267769984,9.5,0.7922444343566895,225.69000244140625,11,1,68.05000305175781,47.59000015258789,-65.36000061035156,152.88999938964844,0.0,17245,17268,17251,17253,0,17268,STANDBY
-3.1600000858306885,9.270000457763672,1.7300000190734863,0.0,0.0,0.10000000149011612,1021.7431030273438,23.81999969482422,8.690384864807129,-3.140733003616333,374007424,1267769984,9.5,0.7922444343566895,225.69000244140625,11,1,67.94999694824219,47.529998779296875,-65.38999938964844,153.66000366210938,0.0,17345,17368,17362,17366,0,17368,STANDBY
-3.1600000858306885,9.270000457763672,1.7300000190734863,0.0,0.0,-0.10000000149011612,1021.6318969726562,23.75,9.591360092163086,0.873051643371582,374007424,1267769984,9.5,0.7922444343566895,225.69000244140625,11,1,67.77999877929688,47.5,-65.56999969482422,154.41000366210938,0.0,17445,17468,17459,17462,0,17468,STANDBY
-3.1500000953674316,9.279999732971191,1.7400000095367432,0.0,0.0,-0.10000000149011612,1021.5242309570312,23.68000030517578,10.466370582580566,3.3587868213653564,374007424,1267769984,9.5,0.7922444343566895,225.69000244140625,11,1,67.66000366210938,47.459999084472656,-65.66000366210938,155.0800018310547,0.0,17545,17568,17555,17558,0,17568,STANDBY
-3.1600000858306885,9.270000457763672,1.7300000190734863,0.0,0.0,0.10000000149011612,1021.60595703125,23.729999542236328,9.80427074432373,0.030904198065400124,374007424,1267769984,9.5,0.7922444343566895,225.69000244140625,11,1,67.54000091552734,47.43000030517578,-65.73999786376953,155.72999572753906,0.0,17645,17668,17651,17654,0,17668,STANDBY
-3.140000104904175,9.270000457763672,1.7400000095367432,0.0,0.0,0.10000000149011612,1021.681396484375,23.780000686645508,9.19150447845459,-1.9410734176635742,374007424,1267769984,9.5,0.7922444343566895,225.69000244140625,11,1,67.5,47.36000061035156,-65.6500015258789,156.3699951171875,0.0,17745,17768,17764,17766,0,17768,STANDBY
-3.1600000858306885,9.25,1.7400000095367432,0.0,0.0,0.10000000149011612,1021.7537231445312,23.829999923706055,8.60470199584961,-3.1200549602508545,374007424,1267769984,9.5,0.7922444343566895,225.69000244140625,11,1,67.33000183105469,47.31999969482422,-65.7699966430664,157.0500030517578,0.0,17845,17868,17860,17863,0,17868,STANDBY
-3.1500000953674316,9.270000457763672,1.7400000095367432,0.0,0.0,0.10000000149011612,1021.6398315429688,23.75,9.529045104980469,0.9610628485679626,374007424,1267769984,9.5,0.7922444343566895,225.69000244140625,11,1,67.16999816894531,47.27000045776367,-65.88999938964844,157.6999969482422,0.0,17945,17968,17956,17959,0,17968,STANDBY
-3.1500000953674316,9.279999732971191,1.7400000095367432,0.0,0.0,0.10000000149011612,1021.5340576171875,23.68000030517578,10.385880470275879,3.3569533824920654,374007424,1267769984,9.5,0.7922444343566895,225.69000244140625,11,1,67.05999755859375,47.22999954223633,-65.94000244140625,158.3000030517578,0.0,18045,18068,18053,18056,0,18068,STANDBY
-3.1500000953674316,9.270000457763672,1.7400000095367432,0.0,0.0,0.10000000149011612,1021.6141967773438,23.739999771118164,9.736763000488281,0.07127437740564346,374007424,1267769984,9.5,0.2160666435956955,225.69000244140625,11,1,67.04000091552734,47.16999816894531,-65.80999755859375,158.8800048828125,0.0,18145,18168,18165,18168,0,18168,STANDBY
-3.1600000858306885,9.270000457763672,1.7400000095367432,0.0,0.0,0.0,1021.6906127929688,23.780000686645508,9.116206169128418,-1.9401663541793823,374007424,1267769984,8.5,0.2160666435956955,225.69000244140625,10,1,66.86000061035156,47.13999938964844,-65.95999908447266,159.5399932861328,0.0,18245,18268,18262,18265,0,18268,STANDBY
-3.1500000953674316,9.270000457763672,1.75,0.0,0.0,0.0,1021.763427734375,23.829999923706055,8.52680778503418,-3.127781391143799,374007424,1267769984,8.5,0.2160666435956955,225.69000244140625,10,1,66.7300033569336,47.08000183105469,-66.01000213623047,160.10000610351562,0.0,18345,18368,18358,18361,0,18368,STANDBY
-3.1600000858306885,9.270000457763672,1.7400000095367432,0.0,0.0,0.10000000149011612,1021.6481323242188,23.760000228881836,9.46153736114502,0.9893545508384705,374007424,1267769984,8.5,0.2160666435956955,225.69000244140625,10,1,66.63999938964844,47.04999923706055,-66.0,160.6300048828125,0.0,18445,18468,18454,18457,0,18468,STANDBY
-3.1500000953674316,9.279999732971191,1.7400000095367432,0.0,0.0,0.10000000149011612,1021.538818359375,23.690000534057617,10.346933364868164,3.466454267501831,374007424,1267769984,8.5,0.2160666435956955,225.69000244140625,10,1,66.48999786376953,47.0099983215332,-66.08000183105469,161.1999969482422,0.0,18545,18568,18550,18553,0,18568,STANDBY
-3.1500000953674316,9.260000228881836,1.7400000095367432,0.0,0.0,0.20000000298023224,1021.6165771484375,23.739999771118164,9.715991020202637,0.19951534271240234,374007424,1267769984,8.5,0.2160666435956955,225.69000244140625,10,1,66.37999725341797,46.97999954223633,-66.08000183105469,161.7899932861328,0.0,18646,18668,18663,18666,0,18668,STANDBY
-3.1500000953674316,9.279999732971191,1.7400000095367432,0.0,0.0,0.0,1021.6956176757812,23.790000915527344,9.074663162231445,-1.924559473991394,374007424,1267769984,8.5,0.2160666435956955,225.69000244140625,10,1,66.30000305175781,46.959999084472656,-66.06999969482422,162.3000030517578,0.0,18746,18768,18759,18761,0,18768,STANDBY
-3.1600000858306885,9.260000228881836,1.7300000190734863,0.0,0.0,-0.10000000149011612,1021.766845703125,23.84000015258789,8.498246192932129,-3.0762524604797363,374007424,1267769984,8.5,0.2160666435956955,225.69000244140625,10,1,66.2300033569336,46.93000030517578,-66.05000305175781,162.8000030517578,0.0,18846,18868,18855,18859,0,18868,STANDBY
-3.1600000858306885,9.270000457763672,1.7300000190734863,0.0,0.0,0.10000000149011612,1021.6478271484375,23.760000228881836,9.464133262634277,1.1220369338989258,374007424,1267769984,8.5,0.2160666435956955,225.69000244140625,10,1,66.02999877929688,46.91999816894531,-66.19000244140625,163.3800048828125,0.0,18946,18968,18952,18955,0,18968,STANDBY
-3.1600000858306885,9.270000457763672,1.7400000095367432,0.0,-0.10000000149011612,0.0,1021.5388793945312,23.690000534057617,10.346933364868164,3.5430641174316406,374007424,1267769984,8.5,0.2160666435956955,225.69000244140625,10,1,65.95999908447266,46.88999938964844,-66.12999725341797,163.91000366210938,0.0,19046,19068,19064,19066,0,19068,STANDBY
-3.1500000953674316,9.260000228881836,1.7400000095367432,0.0,0.0,-0.20000000298023224,1021.620361328125,23.75,9.687429428100586,0.1571485549211502,374007456,1267769984,8.5,0.22635553777217865,225.69000244140625,10,1,65.88999938964844,46.880001068115234,-66.11000061035156,164.39999389648438,0.0,19146,19168,19161,19164,0,19168,STANDBY
-3.140000104904175,9.270000457763672,1.7300000190734863,0.0,-0.10000000149011612,0.0,1021.6905517578125,23.790000915527344,9.116206169128418,-1.7273393869400024,374007456,1267769984,7.900000095367432,0.22635553777217865,225.69000244140625,10,1,65.77999877929688,46.84000015258789,-66.12999725341797,164.8800048828125,0.0,19246,19268,19257,19260,0,19268,STANDBY
-3.1500000953674316,9.279999732971191,1.7400000095367432,0.0,-0.10000000149011612,0.30000001192092896,1021.7633056640625,23.84000015258789,8.52680778503418,-2.991572141647339,374007456,1267769984,7.900000095367432,0.22635553777217865,225.69000244140625,10,1,65.75,46.81999969482422,-66.05999755859375,165.3000030517578,0.0,19346,19368,19353,19356,0,19368,STANDBY
-3.1600000858306885,9.260000228881836,1.7300000190734863,0.0,0.0,0.10000000149011612,1021.64599609375,23.770000457763672,9.477115631103516,1.1263788938522339,374007456,1267769984,7.900000095367432,0.22635553777217865,225.69000244140625,10,1,65.66999816894531,46.810001373291016,-66.04000091552734,165.75999450683594,0.0,19446,19468,19449,19452,0,19468,STANDBY
-3.140000104904175,9.270000457763672,1.7300000190734863,0.0,0.0,0.0,1021.53466796875,23.690000534057617,10.380687713623047,3.6123130321502686,374007456,1267769984,7.900000095367432,0.22635553777217865,225.69000244140625,10,1,65.55999755859375,46.790000915527344,-66.05999755859375,166.3000030517578,0.0,19546,19568,19562,19565,0,19568,STANDBY
-3.1500000953674316,9.279999732971191,1.7300000190734863,0.0,0.0,-0.10000000149011612,1021.6160888671875,23.75,9.721183776855469,0.20146770775318146,374007456,1267769984,7.900000095367432,0.22635553777217865,225.69000244140625,10,1,65.51000213623047,46.77000045776367,-66.0199966430664,166.72999572753906,0.0,19646,19668,19658,19661,0,19668,STANDBY
-3.1500000953674316,9.270000457763672,1.7200000286102295,0.0,0.0,0.20000000298023224,1021.689697265625,23.799999237060547,9.123995780944824,-1.7820624113082886,374007456,1267769984,7.900000095367432,0.22635553777217865,225.69000244140625,10,1,65.37999725341797,46.77000045776367,-66.08999633789062,167.2100067138672,0.0,19746,19768,19755,19757,0,19768,STANDBY
-3.1700000762939453,9.270000457763672,1.7200000286102295,0.10000000149011612,-0.10000000149011612,0.20000000298023224,1021.7608032226562,23.84000015258789,8.547579765319824,-2.985051393508911,374007456,1267769984,7.900000095367432,0.22635553777217865,225.69000244140625,10,1,65.25,46.79999923706055,-66.13999938964844,167.6699981689453,0.0,19846,19868,19851,19854,0,19868,STANDBY
-3.1500000953674316,9.279999732971191,1.7300000190734863,-0.10000000149011612,0.0,0.30000001192092896,1021.6453857421875,23.770000457763672,9.482308387756348,1.0806986093521118,374007456,1267769984,7.900000095367432,0.22635553777217865,225.69000244140625,10,1,65.12999725341797,46.810001373291016,-66.16999816894531,168.19000244140625,0.0,19946,19968,19963,19966,0,19968,STANDBY
-3.1500000953674316,9.270000457763672,1.7200000286102295,0.0,-0.10000000149011612,0.0,1021.5321044921875,23.700000762939453,10.401458740234375,3.6329281330108643,374007456,1267769984,7.900000095367432,0.22635553777217865,225.69000244140625,10,1,65.06999969482422,46.790000915527344,-66.12999725341797,168.57000732421875,0.0,20046,20068,20060,20063,0,20068,STANDBY
-3.1500000953674316,9.279999732971191,1.7400000095367432,0.0,0.0,0.0,1021.6102905273438,23.75,9.76792049407959,0.29775163531303406,374007584,1267769984,7.900000095367432,0.6121888160705566,232.5399932861328,10,1,64.97000122070312,46.7599983215332,-66.12000274658203,168.9600067138672,0.0,20146,20168,20156,20159,0,20168,STANDBY
-3.1500000953674316,9.270000457763672,1.7300000190734863,0.0,0.0,0.10000000149011612,1021.6853637695312,23.799999237060547,9.157750129699707,-1.76198410987854,374007584,1267769984,7.900000095367432,0.6121888160705566,232.5399932861328,10,1,64.93000030517578,46.72999954223633,-66.04000091552734,169.30999755859375,0.0,20246,20268,20252,20255,0,20268,STANDBY
-3.1600000858306885,9.279999732971191,1.7400000095367432,0.0,0.0,0.10000000149011612,1021.7568969726562,23.850000381469727,8.578737258911133,-2.98051118850708,374007584,1267769984,5.400000095367432,0.6121888160705566,232.5399932861328,9,1,64.87999725341797,46.72999954223633,-65.9800033569336,169.74000549316406,0.0,20346,20368,20365,20368,0,20368,STANDBY
-3.1600000858306885,9.279999732971191,1.7400000095367432,0.0,-0.10000000149011612,0.10000000149011612,1021.6395263671875,23.770000457763672,9.531641960144043,1.1417678594589233,374007584,1267769984,5.400000095367432,0.6121888160705566,232.5399932861328,9,1,64.79000091552734,46.709999084472656,-65.94999694824219,170.08999633789062,0.0,20446,20468,20461,20464,0,20468,STANDBY
-3.1600000858306885,9.270000457763672,1.7200000286102295,0.0,-0.10000000149011612,0.10000000149011612,1021.524658203125,23.700000762939453,10.461177825927734,3.7052464485168457,374007584,1267769984,5.400000095367432,0.6121888160705566,232.5399932861328,9,1,64.62000274658203,46.70000076293945,-66.0199966430664,170.49000549316406,0.0,20546,20568,20557,20560,0,20568,STANDBY
-3.1500000953674316,9.270000457763672,1.7300000190734863,0.0,0.0,-0.10000000149011612,1021.6044311523438,23.75,9.814657211303711,0.3024917542934418,374007584,1267769984,5.400000095367432,0.6121888160705566,232.5399932861328,9,1,64.55000305175781,46.689998626708984,-65.9800033569336,170.83999633789062,0.0,20646,20668,20654,20657,0,20668,STANDBY
-3.1600000858306885,9.260000228881836,1.7200000286102295,0.0,0.0,0.10000000149011612,1021.6821899414062,23.809999465942383,9.183714866638184,-1.8254207372665405,374007584,1267769984,5.400000095367432,0.6121888160705566,232.5399932861328,9,1,64.44999694824219,46.709999084472656,-66.0,171.2100067138672,0.0,20746,20768,20750,20753,0,20768,STANDBY
-3.1600000858306885,9.270000457763672,1.7300000190734863,0.0,0.0,0.0,1021.751708984375,23.850000381469727,8.620280265808105,-2.9712600708007812,374007584,1267769984,5.400000095367432,0.6121888160705566,232.5399932861328,9,1,64.48999786376953,46.709999084472656,-65.87999725341797,171.5800018310547,0.0,20846,20868,20862,20865,0,20868,STANDBY
-3.1600000858306885,9.260000228881836,1.7400000095367432,-0.10000000149011612,0.0,-0.10000000149011612,1021.6344604492188,23.780000686645508,9.570589065551758,1.1393816471099854,374007584,1267769984,5.400000095367432,0.6121888160705566,232.5399932861328,9,1,64.37000274658203,46.70000076293945,-65.87999725341797,171.9199981689453,0.0,20946,20968,20959,20962,0,20968,STANDBY
-3.1500000953674316,9.270000457763672,1.7400000095367432,0.0,0.0,0.0,1021.5211181640625,23.700000762939453,10.492335319519043,3.6787922382354736,374007584,1267769984,5.400000095367432,0.6121888160705566,232.5399932861328,9,1,64.31999969482422,46.689998626708984,-65.81999969482422,172.22999572753906,0.0,21046,21068,21055,21058,0,21068,STANDBY
-3.1500000953674316,9.289999961853027,1.7400000095367432,0.0,0.0,0.10000000149011612,1021.6012573242188,23.760000228881836,9.840621948242188,0.2689443528652191,374007616,1267769984,5.400000095367432,0.6276221871376038,349.07000732421875,9,1,64.30000305175781,46.650001525878906,-65.72000122070312,172.5,0.0,21146,21168,21151,21154,0,21168,STANDBY
-3.1600000858306885,9.270000457763672,1.7400000095367432,0.0,0.0,0.10000000149011612,1021.673095703125,23.809999465942383,9.259012222290039,-1.6890267133712769,374007616,1267769984,4.199999809265137,0.6276221871376038,349.07000732421875,7,1,64.33999633789062,46.619998931884766,-65.55999755859375,172.80999755859375,0.0,21246,21268,21264,21266,0,21268,STANDBY
-3.1500000953674316,9.279999732971191,1.7200000286102295,0.0,-0.10000000149011612,0.10000000149011612,1021.7442016601562,23.850000381469727,8.682596206665039,-2.925508499145508,374007616,1267769984,4.199999809265137,0.6276221871376038,349.07000732421875,7,1,64.29000091552734,46.619998931884766,-65.52999877929688,173.1199951171875,0.0,21346,21368,21360,21363,0,21368,STANDBY
-3.1500000953674316,9.260000228881836,1.7300000190734863,0.0,0.0,0.0,1021.627197265625,23.780000686645508,9.6303071975708,1.160349726676941,374007616,1267769984,4.199999809265137,0.6276221871376038,349.07000732421875,7,1,64.0999984741211,46.619998931884766,-65.61000061035156,173.49000549316406,0.0,21446,21468,21456,21459,0,21468,STANDBY
-3.1500000953674316,9.279999732971191,1.7400000095367432,0.0,0.0,-0.10000000149011612,1021.5192260742188,23.709999084472656,10.507914543151855,3.5509674549102783,374007616,1267769984,4.199999809265137,0.6276221871376038,349.07000732421875,7,1,63.9900016784668,46.599998474121094,-65.62999725341797,173.8000030517578,0.0,21547,21568,21553,21556,0,21568,STANDBY
-3.1500000953674316,9.270000457763672,1.7300000190734863,0.0,0.0,0.0,1021.5970458984375,23.760000228881836,9.874375343322754,0.24529381096363068,374007616,1267769984,4.199999809265137,0.6276221871376038,349.07000732421875,7,1,64.0,46.599998474121094,-65.52999877929688,174.11000061035156,0.0,21647,21668,21665,21667,0,21668,STANDBY
-3.1500000953674316,9.279999732971191,1.7400000095367432,0.0,-0.10000000149011612,0.0,1021.6763916015625,23.809999465942383,9.233047485351562,-1.8952611684799194,374007616,1267769984,4.199999809265137,0.6276221871376038,349.07000732421875,7,1,63.939998626708984,46.59000015258789,-65.48999786376953,174.3800048828125,0.0,21747,21768,21762,21764,0,21768,STANDBY
-3.1500000953674316,9.279999732971191,1.7400000095367432,0.0,-0.10000000149011612,0.20000000298023224,1021.7489013671875,23.860000610351562,8.643649101257324,-3.0990421772003174,374007616,1267769984,4.199999809265137,0.6276221871376038,349.07000732421875,7,1,63.790000915527344,46.560001373291016,-65.5,174.6699981689453,0.0,21847,21868,21858,21860,0,21868,STANDBY
-3.1500000953674316,9.270000457763672,1.7300000190734863,0.0,0.0,0.10000000149011612,1021.631591796875,23.780000686645508,9.59395694732666,1.0575981140136719,374007616,1267769984,4.199999809265137,0.6276221871376038,349.07000732421875,7,1,63.7400016784668,46.54999923706055,-65.47000122070312,174.9199981689453,0.0,21947,21968,21954,21956,0,21968,STANDBY
-3.1500000953674316,9.270000457763672,1.7300000190734863,0.0,-0.10000000149011612,-0.10000000149011612,1021.5186767578125,23.709999084472656,10.510510444641113,3.6098339557647705,374007616,1267769984,4.199999809265137,0.6276221871376038,349.07000732421875,7,1,63.619998931884766,46.540000915527344,-65.48999786376953,175.2100067138672,0.0,22047,22068,22049,22052,0,22068,STANDBY
-3.1500000953674316,9.270000457763672,1.7200000286102295,-0.10000000149011612,-0.10000000149011612,0.0,1021.5984497070312,23.770000457763672,9.86398983001709,0.24142780900001526,374007616,1267770112,4.199999809265137,0.6687777638435364,349.07000732421875,7,1,63.66999816894531,46.540000915527344,-65.37000274658203,175.49000549316406,0.0,22147,22168,22162,22165,0,22168,STANDBY
-3.1600000858306885,9.270000457763672,1.7400000095367432,0.0,0.0,-0.10000000149011612,1021.6738891601562,23.81999969482422,9.251222610473633,-1.8063414096832275,374007616,1267770112,3.5999999046325684,0.6687777638435364,349.07000732421875,7,1,63.619998931884766,46.52000045776367,-65.31999969482422,175.72999572753906,0.0,22247,22268,22258,22261,0,22268,STANDBY
-3.140000104904175,9.270000457763672,1.7300000190734863,0.0,0.0,0.0,1021.7413940429688,23.860000610351562,8.703367233276367,-2.9091956615448,374007616,1267770112,3.5999999046325684,0.6687777638435364,349.07000732421875,7,1,63.56999969482422,46.5099983215332,-65.27999877929688,175.97999572753906,0.0,22347,22368,22354,22358,0,22368,STANDBY
-3.140000104904175,9.289999961853027,1.7300000190734863,0.0,0.0,0.20000000298023224,1021.62744140625,23.790000915527344,9.6303071975708,1.1043226718902588,374007616,1267770112,3.5999999046325684,0.6687777638435364,349.07000732421875,7,1,63.540000915527344,46.4900016784668,-65.22000122070312,176.1999969482422,0.0,22447,22468,22451,22453,0,22468,STANDBY
-3.140000104904175,9.270000457763672,1.7400000095367432,0.0,0.0,0.10000000149011612,1021.5184326171875,23.719999313354492,10.513107299804688,3.531726837158203,374007616,1267770112,3.5999999046325684,0.6687777638435364,349.07000732421875,7,1,63.52000045776367,46.459999084472656,-65.12999725341797,176.4499969482422,0.0,22547,22568,22563,22565,0,22568,STANDBY
-3.1500000953674316,9.270000457763672,1.7400000095367432,0.0,0.0,0.10000000149011612,1021.5985717773438,23.770000457763672,9.86398983001709,0.18312931060791016,374007616,1267770112,3.5999999046325684,0.6687777638435364,349.07000732421875,7,1,63.459999084472656,46.439998626708984,-65.08000183105469,176.66000366210938,0.0,22647,22668,22660,22662,0,22668,STANDBY
-3.1500000953674316,9.270000457763672,1.7300000190734863,0.0,0.0,0.10000000149011612,1021.6734619140625,23.81999969482422,9.256415367126465,-1.8270355463027954,374007616,1267770112,3.5999999046325684,0.6687777638435364,349.07000732421875,7,1,63.40999984741211,46.45000076293945,-65.04000091552734,176.8800048828125,0.0,22747,22768,22756,22758,0,22768,STANDBY
-3.1600000858306885,9.260000228881836,1.7400000095367432,0.0,0.0,-0.10000000149011612,1021.7427978515625,23.8700008392334,8.692981719970703,-2.972290515899658,374007616,1267770112,3.5999999046325684,0.6687777638435364,349.07000732421875,7,1,63.310001373291016,46.45000076293945,-65.04000091552734,177.11000061035156,0.0,22847,22868,22851,22854,0,22868,STANDBY
-3.1500000953674316,9.270000457763672,1.7300000190734863,0.0,0.0,-0.10000000149011612,1021.6292114257812,23.790000915527344,9.614728927612305,1.0473251342773438,374007616,1267770112,3.5999999046325684,0.6687777638435364,349.07000732421875,7,1,63.2400016784668,46.45000076293945,-65.0199966430664,177.3699951171875,0.0,22947,22968,22964,22967,0,22968,STANDBY
-3.1500000953674316,9.270000457763672,1.7300000190734863,-0.10000000149011612,0.0,-0.10000000149011612,1021.5175170898438,23.719999313354492,10.520896911621094,3.5131683349609375,374007616,1267770112,3.5999999046325684,0.6687777638435364,349.07000732421875,7,1,63.15999984741211,46.439998626708984,-65.0,177.57000732421875,0.0,23048,23068,23060,23063,0,23068,STANDBY
-3.1500000953674316,9.279999732971191,1.7400000095367432,0.0,-0.10000000149011612,0.0,1021.6009521484375,23.770000457763672,9.843217849731445,0.07985477894544601,374007680,1267770112,3.5999999046325684,0.5761777758598328,349.07000732421875,7,1,63.27000045776367,46.41999816894531,-64.83000183105469,177.7100067138672,0.0,23148,23168,23156,23159,0,23168,STANDBY
-3.1500000953674316,9.270000457763672,1.7300000190734863,0.0,-0.10000000149011612,0.10000000149011612,1021.678466796875,23.829999923706055,9.214872360229492,-1.9595985412597656,374007680,1267770112,2.700000047683716,0.5761777758598328,349.07000732421875,8,1,63.130001068115234,46.40999984741211,-64.87000274658203,177.91000366210938,0.0,23248,23268,23252,23256,0,23268,STANDBY
-3.1700000762939453,9.260000228881836,1.7400000095367432,0.0,0.0,0.20000000298023224,1021.747802734375,23.8700008392334,8.65143871307373,-3.057130813598633,374007680,1267770112,2.700000047683716,0.5761777758598328,349.07000732421875,8,1,63.029998779296875,46.43000030517578,-64.88999938964844,178.16000366210938,0.0,23348,23368,23365,23367,0,23368,STANDBY
-3.1600000858306885,9.270000457763672,1.7400000095367432,-0.10000000149011612,0.0,0.10000000149011612,1021.6265869140625,23.790000915527344,9.635499954223633,1.1924322843551636,374007680,1267770112,2.700000047683716,0.5761777758598328,349.07000732421875,8,1,62.970001220703125,46.439998626708984,-64.86000061035156,178.33999633789062,0.0,23448,23468,23461,23463,0,23468,STANDBY
-3.1600000858306885,9.260000228881836,1.7300000190734863,0.0,0.0,0.10000000149011612,1021.5126342773438,23.729999542236328,10.559844017028809,3.7522151470184326,374007680,1267770112,2.700000047683716,0.5761777758598328,349.07000732421875,8,1,62.86000061035156,46.439998626708984,-64.88999938964844,178.55999755859375,0.0,23548,23568,23558,23560,0,23568,STANDBY
-3.1700000762939453,9.25,1.7200000286102295,0.0,0.0,-0.10000000149011612,1021.5960693359375,23.780000686645508,9.88216495513916,0.24323062598705292,374007680,1267770112,2.700000047683716,0.5761777758598328,349.07000732421875,8,1,62.880001068115234,46.459999084472656,-64.83000183105469,178.72999572753906,0.0,23648,23668,23654,23656,0,23668,STANDBY
-3.1500000953674316,9.260000228881836,1.7400000095367432,0.0,0.0,-0.10000000149011612,1021.7459106445312,23.829999923706055,8.667016983032227,-4.2105560302734375,374007680,1267770112,2.700000047683716,0.5761777758598328,349.07000732421875,8,1,62.95000076293945,46.439998626708984,-64.70999908447266,178.86000061035156,0.0,23748,23768,23750,23752,0,23768,STANDBY
-3.130000114440918,9.260000228881836,1.7300000190734863,0.0,0.0,-0.20000000298023224,1021.6264038085938,23.799999237060547,9.638096809387207,1.189563274383545,374007680,1267770112,2.700000047683716,0.5761777758598328,349.07000732421875,8,1,62.90999984741211,46.45000076293945,-64.68000030517578,179.0500030517578,0.0,23848,23868,23863,23865,0,23868,STANDBY
-3.1600000858306885,9.270000457763672,1.7400000095367432,0.0,0.0,0.30000001192092896,1021.517333984375,23.729999542236328,10.523492813110352,4.3029046058654785,374007680,1267770112,2.700000047683716,0.5761777758598328,349.07000732421875,8,1,62.880001068115234,46.45000076293945,-64.66000366210938,179.22000122070312,0.0,23949,23968,23959,23961,0,23968,STANDBY
-3.1600000858306885,9.270000457763672,1.7200000286102295,0.0,-0.10000000149011612,0.4000000059604645,1021.59716796875,23.780000686645508,9.874375343322754,0.15738916397094727,374007680,1267770112,2.700000047683716,0.5761777758598328,349.07000732421875,8,1,62.79999923706055,46.45000076293945,-64.66999816894531,179.39999389648438,0.0,24049,24068,24055,24057,0,24068,STANDBY
-3.1500000953674316,9.260000228881836,1.7200000286102295,0.0,0.0,0.10000000149011612,1021.670654296875,23.829999923706055,9.27718734741211,-2.241184949874878,374007712,1267770112,2.700000047683716,0.24693332612514496,349.07000732421875,8,1,62.77000045776367,46.4900016784668,-64.68000030517578,179.61000061035156,0.0,24150,24168,24152,24154,0,24168,STANDBY
-3.1600000858306885,9.260000228881836,1.7300000190734863,0.0,-0.10000000149011612,0.0,1021.740478515625,23.8799991607666,8.711156845092773,-3.6984806060791016,374007712,1267770112,1.899999976158142,0.24693332612514496,349.07000732421875,9,1,62.77000045776367,46.4900016784668,-64.62000274658203,179.75999450683594,0.0,24250,24268,24264,24266,0,24268,STANDBY
-3.1500000953674316,9.270000457763672,1.7200000286102295,0.10000000149011612,0.0,-0.20000000298023224,1021.6248168945312,23.809999465942383,9.651079177856445,1.3926615715026855,374007712,1267770112,1.899999976158142,0.24693332612514496,349.07000732421875,9,1,62.79999923706055,46.52000045776367,-64.56999969482422,179.88999938964844,0.0,24350,24368,24360,24363,0,24368,STANDBY
-3.1500000953674316,9.270000457763672,1.7300000190734863,0.0,0.0,-0.20000000298023224,1021.5131225585938,23.729999542236328,10.557247161865234,4.515975475311279,374007712,1267770112,1.899999976158142,0.24693332612514496,349.07000732421875,9,1,62.689998626708984,46.529998779296875,-64.62000274658203,-179.94000244140625,0.0,24450,24468,24457,24459,0,24468,STANDBY
-3.140000104904175,9.289999961853027,1.7200000286102295,0.0,-0.10000000149011612,0.30000001192092896,1021.5914306640625,23.790000915527344,9.921112060546875,0.3456838130950928,374007712,1267770112,1.899999976158142,0.24693332612514496,349.07000732421875,9,1,62.630001068115234,46.529998779296875,-64.61000061035156,-179.8300018310547,0.0,24550,24568,24553,24556,0,24568,STANDBY
-3.1600000858306885,9.260000228881836,1.7100000381469727,0.0,-0.10000000149011612,0.4000000059604645,1021.66748046875,23.84000015258789,9.303152084350586,-2.2506022453308105,374007712,1267770112,1.899999976158142,0.24693332612514496,349.07000732421875,9,1,62.650001525878906,46.56999969482422,-64.58000183105469,-179.67999267578125,0.0,24650,24668,24649,24653,0,24668,STANDBY
-3.1600000858306885,9.270000457763672,1.7200000286102295,0.0,0.0,0.30000001192092896,1021.7385864257812,23.8799991607666,8.726736068725586,-3.746049404144287,374007712,1267770112,1.899999976158142,0.24693332612514496,349.07000732421875,9,1,62.689998626708984,46.59000015258789,-64.51000213623047,-179.55999755859375,0.0,24750,24768,24762,24765,0,24768,STANDBY
-3.180000066757202,9.260000228881836,1.7200000286102295,0.0,-0.10000000149011612,-0.10000000149011612,1021.6246337890625,23.809999465942383,9.651079177856445,1.299900770187378,374007712,1267770112,1.899999976158142,0.24693332612514496,349.07000732421875,9,1,62.54999923706055,46.599998474121094,-64.55999755859375,-179.42999267578125,0.0,24850,24868,24859,24861,0,24868,STANDBY
-3.1600000858306885,9.260000228881836,1.7100000381469727,0.0,0.0,-0.4000000059604645,1021.5133056640625,23.739999771118164,10.554651260375977,4.446224689483643,374007712,1267770112,1.899999976158142,0.24693332612514496,349.07000732421875,9,1,62.5099983215332,46.59000015258789,-64.55000305175781,-179.30999755859375,0.0,24950,24968,24955,24957,0,24968,STANDBY
-3.140000104904175,9.279999732971191,1.7100000381469727,-0.10000000149011612,0.0,0.30000001192092896,1021.5946655273438,23.790000915527344,9.895147323608398,0.20756816864013672,374007712,1267770112,1.899999976158142,0.24693332612514496,349.07000732421875,9,1,62.41999816894531,46.560001373291016,-64.56999969482422,-179.22000122070312,0.0,25050,25068,25052,25055,0,25068,STANDBY
-3.130000114440918,9.289999961853027,1.7300000190734863,0.0,-0.10000000149011612,0.4000000059604645,1021.6681518554688,23.84000015258789,9.297959327697754,-2.255908250808716,374007712,1267770112,1.899999976158142,0.5144444108009338,349.07000732421875,9,1,62.400001525878906,46.560001373291016,-64.5199966430664,-179.1300048828125,0.0,25150,25168,25164,25166,0,25168,STANDBY
-3.1700000762939453,9.270000457763672,1.7200000286102295,0.0,-0.10000000149011612,0.6000000238418579,1021.741943359375,23.889999389648438,8.70077133178711,-3.832533359527588,374007712,1267770112,2.0999999046325684,0.5144444108009338,349.07000732421875,8,1,62.380001068115234,46.56999969482422,-64.48999786376953,-179.05999755859375,0.0,25250,25268,25261,25263,0,25268,STANDBY
-3.180000066757202,9.25,1.7300000190734863,0.0,0.0,-0.10000000149011612,1021.622314453125,23.809999465942383,9.67185115814209,1.4314978122711182,374007712,1267770112,2.0999999046325684,0.5144444108009338,349.07000732421875,8,1,62.43000030517578,46.560001373291016,-64.41000366210938,-179.0,0.0,25350,25368,25357,25360,0,25368,STANDBY
-3.1700000762939453,9.270000457763672,1.7300000190734863,0.0,0.0,-0.5,1021.5130615234375,23.739999771118164,10.557247161865234,4.457742691040039,374007712,1267770112,2.0999999046325684,0.5144444108009338,349.07000732421875,8,1,62.4900016784668,46.540000915527344,-64.31999969482422,-178.9600067138672,0.0,25450,25468,25454,25456,0,25468,STANDBY
-3.1500000953674316,9.289999961853027,1.7400000095367432,0.0,0.0,0.0,1021.5945434570312,23.799999237060547,9.895147323608398,0.20455622673034668,374007712,1267770112,2.0999999046325684,0.5144444108009338,349.07000732421875,8,1,62.47999954223633,46.52000045776367,-64.27999877929688,-178.89999389648438,0.0,25550,25568,25550,25553,0,25568,STANDBY
-3.140000104904175,9.270000457763672,1.7200000286102295,0.10000000149011612,-0.10000000149011612,0.30000001192092896,1021.6665649414062,23.850000381469727,9.310941696166992,-2.205906629562378,374007712,1267770112,2.0999999046325684,0.5144444108009338,349.07000732421875,8,1,62.38999938964844,46.540000915527344,-64.30999755859375,-178.7899932861328,0.0,25650,25668,25663,25665,0,25668,STANDBY
-3.1600000858306885,9.270000457763672,1.7200000286102295,0.0,0.0,0.4000000059604645,1021.73779296875,23.889999389648438,8.734525680541992,-3.71744441986084,374007712,1267770112,2.0999999046325684,0.5144444108009338,349.07000732421875,8,1,62.31999969482422,46.58000183105469,-64.3499984741211,-178.6999969482422,0.0,25750,25768,25759,25761,0,25768,STANDBY
-3.1600000858306885,9.25,1.7200000286102295,-0.10000000149011612,-0.10000000149011612,0.10000000149011612,1021.6181030273438,23.81999969482422,9.705605506896973,1.5051548480987549,374007712,1267770112,2.0999999046325684,0.5144444108009338,349.07000732421875,8,1,62.29999923706055,46.56999969482422,-64.33999633789062,-178.6199951171875,0.0,25850,25868,25856,25859,0,25868,STANDBY
-3.1600000858306885,9.260000228881836,1.7200000286102295,0.0,0.0,-0.20000000298023224,1021.510498046875,23.75,10.578019142150879,4.452953815460205,374007712,1267770112,2.0999999046325684,0.5144444108009338,349.07000732421875,8,1,62.36000061035156,46.56999969482422,-64.2699966430664,-178.5800018310547,0.0,25950,25968,25953,25955,0,25968,STANDBY
-3.1600000858306885,9.260000228881836,1.7300000190734863,0.0,0.0,-0.20000000298023224,1021.59033203125,23.799999237060547,9.928901672363281,0.2534205913543701,374007712,1267770112,2.0999999046325684,0.5144444108009338,349.07000732421875,8,1,62.310001373291016,46.560001373291016,-64.2699966430664,-178.50999450683594,0.0,26050,26068,26064,26067,0,26068,STANDBY
-3.1500000953674316,9.270000457763672,1.7100000381469727,0.0,0.0,0.10000000149011612,1021.6624145507812,23.850000381469727,9.344696044921875,-2.174633264541626,374007744,1267770112,2.0999999046325684,0.3395332992076874,349.07000732421875,8,1,62.22999954223633,46.560001373291016,-64.30000305175781,-178.44000244140625,0.0,26150,26168,26162,26164,0,26168,STANDBY
-3.1500000953674316,9.279999732971191,1.7200000286102295,0.0,-0.10000000149011612,0.20000000298023224,1021.735595703125,23.899999618530273,8.750103950500488,-3.7701337337493896,374007744,1267770112,2.0999999046325684,0.3395332992076874,349.07000732421875,8,1,62.400001525878906,46.56999969482422,-64.19000244140625,-178.41000366210938,0.0,26250,26268,26258,26260,0,26268,STANDBY
-3.1700000762939453,9.239999771118164,1.7100000381469727,0.0,0.0,0.30000001192092896,1021.6175537109375,23.81999969482422,9.70820140838623,1.419504165649414,374007744,1267770112,3.0999999046325684,0.3395332992076874,349.07000732421875,9,1,62.439998626708984,46.59000015258789,-64.16000366210938,-178.35000610351562,0.0,26350,26368,26354,26357,0,26368,STANDBY
-3.1500000953674316,9.270000457763672,1.7100000381469727,0.0,0.0,-0.10000000149011612,1021.5086059570312,23.75,10.593597412109375,4.450066566467285,374007744,1267770112,3.0999999046325684,0.3395332992076874,349.07000732421875,9,1,62.31999969482422,46.61000061035156,-64.2300033569336,-178.2899932861328,0.0,26450,26468,26450,26455,0,26468,STANDBY
-3.1700000762939453,9.239999771118164,1.7000000476837158,-0.10000000149011612,0.0,-0.30000001192092896,1021.58642578125,23.799999237060547,9.962656021118164,0.3242771625518799,374007744,1267770112,3.0999999046325684,0.3395332992076874,349.07000732421875,9,1,62.290000915527344,46.650001525878906,-64.26000213623047,-178.2100067138672,0.0,26550,26568,26563,26566,0,26568,STANDBY
-3.1500000953674316,9.279999732971191,1.7000000476837158,0.0,0.0,-0.20000000298023224,1021.6621704101562,23.850000381469727,9.347291946411133,-2.2539188861846924,374007744,1267770112,3.0999999046325684,0.3395332992076874,349.07000732421875,9,1,62.34000015258789,46.650001525878906,-64.22000122070312,-178.1999969482422,0.0,26650,26668,26659,26662,0,26668,STANDBY
-3.140000104904175,9.279999732971191,1.7000000476837158,0.0,-0.10000000149011612,0.0,1021.7332763671875,23.899999618530273,8.770875930786133,-3.7481722831726074,374007744,1267770112,3.0999999046325684,0.3395332992076874,349.07000732421875,9,1,62.459999084472656,46.66999816894531,-64.13999938964844,-178.1999969482422,0.0,26750,26768,26757,26759,0,26768,STANDBY
-3.140000104904175,9.279999732971191,1.7100000381469727,0.10000000149011612,0.0,0.30000001192092896,1021.6240844726562,23.829999923706055,9.656271934509277,1.1427538394927979,374007744,1267770112,3.0999999046325684,0.3395332992076874,349.07000732421875,9,1,62.349998474121094,46.689998626708984,-64.20999908447266,-178.14999389648438,0.0,26850,26868,26853,26855,0,26868,STANDBY
-3.1700000762939453,9.279999732971191,1.690000057220459,0.0,0.0,0.4000000059604645,1021.5263061523438,23.770000457763672,10.448195457458496,3.8990566730499268,374007744,1267770112,3.0999999046325684,0.3395332992076874,349.07000732421875,9,1,62.310001373291016,46.75,-64.26000213623047,-178.0800018310547,0.0,26950,26968,26949,26953,0,26968,STANDBY
-3.1700000762939453,9.25,1.7100000381469727,0.0,-0.10000000149011612,0.30000001192092896,1021.6077880859375,23.81999969482422,9.788692474365234,-0.09088993072509766,374007744,1267770112,3.0999999046325684,0.3395332992076874,349.07000732421875,9,1,62.40999984741211,46.779998779296875,-64.20999908447266,-178.07000732421875,0.0,27051,27068,27062,27065,0,27068,STANDBY
-3.1700000762939453,9.25,1.7100000381469727,0.0,0.0,-0.10000000149011612,1021.6798706054688,23.8700008392334,9.204485893249512,-2.394995927810669,374007744,1267770112,3.0999999046325684,0.31895554065704346,349.07000732421875,9,1,62.41999816894531,46.790000915527344,-64.18000030517578,-178.05999755859375,0.0,27151,27168,27158,27161,0,27168,STANDBY
-3.1500000953674316,9.279999732971191,1.7100000381469727,0.0,0.0,-0.20000000298023224,1021.745361328125,23.90999984741211,8.672209739685059,-3.6619019508361816,374007744,1267770112,3.0999999046325684,0.31895554065704346,349.07000732421875,9,1,62.5,46.779998779296875,-64.12999725341797,-178.05999755859375,0.0,27251,27268,27254,27257,0,27268,STANDBY
-3.140000104904175,9.279999732971191,1.7100000381469727,0.0,0.0,-0.20000000298023224,1021.639404296875,23.84000015258789,9.531641960144043,1.094111680984497,374007744,1267770112,3.0999999046325684,0.31895554065704346,349.07000732421875,9,1,62.470001220703125,46.779998779296875,-64.1500015258789,-178.02999877929688,0.0,27351,27368,27352,27354,0,27368,STANDBY
-3.1500000953674316,9.260000228881836,1.7000000476837158,0.0,0.0,-0.10000000149011612,1021.5387573242188,23.780000686645508,10.346933364868164,3.961397171020508,374007744,1267770112,3.0999999046325684,0.31895554065704346,349.07000732421875,9,1,62.43000030517578,46.779998779296875,-64.16999816894531,-178.02000427246094,0.0,27451,27468,27464,27466,0,27468,STANDBY
-3.1500000953674316,9.289999961853027,1.7100000381469727,0.0,-0.10000000149011612,0.20000000298023224,1021.6157836914062,23.829999923706055,9.723780632019043,0.04268336296081543,374007744,1267770112,3.0999999046325684,0.31895554065704346,349.07000732421875,9,1,62.290000915527344,46.79999923706055,-64.27999877929688,-177.97000122070312,0.0,27551,27568,27560,27563,0,27568,STANDBY
-3.1500000953674316,9.270000457763672,1.7000000476837158,0.0,-0.10000000149011612,0.4000000059604645,1021.6912231445312,23.8799991607666,9.111013412475586,-2.4237515926361084,374007744,1267770112,3.0999999046325684,0.31895554065704346,349.07000732421875,9,1,62.25,46.83000183105469,-64.30999755859375,-177.9499969482422,0.0,27651,27668,27657,27659,0,27668,STANDBY
-3.1500000953674316,9.270000457763672,1.7000000476837158,0.0,0.0,0.30000001192092896,1021.7583618164062,23.920000076293945,8.565754890441895,-3.7322351932525635,374007744,1267770112,3.0999999046325684,0.31895554065704346,349.07000732421875,9,1,62.310001373291016,46.81999969482422,-64.26000213623047,-178.0,0.0,27751,27768,27753,27755,0,27768,STANDBY
-3.1600000858306885,9.25,1.7000000476837158,0.0,-0.10000000149011612,-0.10000000149011612,1021.6403198242188,23.850000381469727,9.523852348327637,1.4437592029571533,374007744,1267770112,3.0999999046325684,0.31895554065704346,349.07000732421875,9,1,62.27000045776367,46.83000183105469,-64.27999877929688,-178.00999450683594,0.0,27851,27868,27849,27854,0,27868,STANDBY
-3.1700000762939453,9.270000457763672,1.7100000381469727,0.0,0.0,-0.10000000149011612,1021.5303955078125,23.770000457763672,10.417037963867188,4.496748447418213,374007744,1267770112,3.0999999046325684,0.31895554065704346,349.07000732421875,9,1,62.209999084472656,46.84000015258789,-64.30999755859375,-178.02999877929688,0.0,27951,27968,27962,27964,0,27968,STANDBY
-3.140000104904175,9.260000228881836,1.7100000381469727,0.0,0.0,-0.4000000059604645,1021.6118774414062,23.829999923706055,9.754938125610352,0.22951960563659668,374007744,1267770112,3.0999999046325684,0.31895554065704346,349.07000732421875,9,1,62.2400016784668,46.83000183105469,-64.27999877929688,-178.10000610351562,0.0,28051,28068,28058,28061,0,28068,STANDBY
-3.1600000858306885,9.270000457763672,1.7200000286102295,-0.10000000149011612,-0.10000000149011612,-0.20000000298023224,1021.6813354492188,23.8700008392334,9.19150447845459,-2.106842041015625,374007840,1267770240,3.0999999046325684,0.812822163105011,29.540000915527344,9,1,62.189998626708984,46.790000915527344,-64.27999877929688,-178.13999938964844,0.0,28151,28168,28155,28157,0,28168,STANDBY
-3.140000104904175,9.279999732971191,1.7200000286102295,0.0,0.0,0.20000000298023224,1021.7507934570312,23.920000076293945,8.628069877624512,-3.6021175384521484,374007840,1267770240,3.0999999046325684,0.812822163105011,29.540000915527344,9,1,62.29999923706055,46.77000045776367,-64.20999908447266,-178.2100067138672,0.0,28251,28268,28252,28254,0,28268,STANDBY
-3.140000104904175,9.289999961853027,1.7100000381469727,0.0,-0.10000000149011612,0.4000000059604645,1021.627197265625,23.84000015258789,9.6303071975708,1.7035939693450928,374007840,1267770240,3.5,0.812822163105011,29.540000915527344,11,1,62.369998931884766,46.77000045776367,-64.16000366210938,-178.27000427246094,0.0,28351,28368,28364,28366,0,28368,STANDBY
-3.1500000953674316,9.25,1.7000000476837158,0.0,-0.20000000298023224,0.699999988079071,1021.5142211914062,23.770000457763672,10.54686164855957,4.7565178871154785,374007840,1267770240,3.5,0.812822163105011,29.540000915527344,11,1,62.279998779296875,46.779998779296875,-64.2300033569336,-178.3000030517578,0.0,28451,28468,28461,28463,0,28468,STANDBY
-3.1600000858306885,9.270000457763672,1.7100000381469727,-0.10000000149011612,-0.10000000149011612,0.30000001192092896,1021.5973510742188,23.81999969482422,9.871779441833496,0.3438427448272705,374007840,1267770240,3.5,0.812822163105011,29.540000915527344,11,1,62.38999938964844,46.7400016784668,-64.1500015258789,-178.3800048828125,0.0,28552,28568,28557,28559,0,28568,STANDBY
-3.1500000953674316,9.270000457763672,1.7300000190734863,0.0,0.0,-0.4000000059604645,1021.6690673828125,23.8700008392334,9.290169715881348,-2.106379508972168,374007840,1267770240,3.5,0.812822163105011,29.540000915527344,11,1,62.40999984741211,46.689998626708984,-64.08999633789062,-178.47999572753906,0.0,28652,28668,28653,28656,0,28668,STANDBY
-3.130000114440918,9.289999961853027,1.7300000190734863,0.0,-0.10000000149011612,0.0,1021.7379150390625,23.920000076293945,8.731928825378418,-3.5810465812683105,374007840,1267770240,3.5,0.812822163105011,29.540000915527344,11,1,62.439998626708984,46.63999938964844,-64.02999877929688,-178.58999633789062,0.0,28752,28768,28749,28752,0,28768,STANDBY
-3.140000104904175,9.289999961853027,1.7300000190734863,0.0,-0.10000000149011612,0.10000000149011612,1021.619873046875,23.84000015258789,9.69002628326416,1.5405199527740479,374007840,1267770240,3.5,0.812822163105011,29.540000915527344,11,1,62.459999084472656,46.63999938964844,-64.0199966430664,-178.66000366210938,0.0,28852,28868,28862,28865,0,28868,STANDBY
-3.1600000858306885,9.239999771118164,1.7300000190734863,0.0,-0.20000000298023224,0.6000000238418579,1021.50830078125,23.770000457763672,10.59619426727295,4.610604763031006,374007840,1267770240,3.5,0.812822163105011,29.540000915527344,11,1,62.439998626708984,46.65999984741211,-64.02999877929688,-178.7100067138672,0.0,28952,28968,28958,28961,0,28968,STANDBY
-3.140000104904175,9.279999732971191,1.7300000190734863,0.0,-0.10000000149011612,0.30000001192092896,1021.5634155273438,23.799999237060547,10.149601936340332,1.1644179821014404,374007840,1267770240,3.5,0.812822163105011,29.540000915527344,11,1,62.54999923706055,46.61000061035156,-63.939998626708984,-178.80999755859375,0.0,29052,29068,29056,29058,0,29068,STANDBY
-3.1500000953674316,9.329999923706055,1.75,0.0,0.0,-0.20000000298023224,1021.64013671875,23.850000381469727,9.526448249816895,-1.747387170791626,374007872,1267770240,3.5,0.7922444343566895,358.20001220703125,11,1,62.52000045776367,46.560001373291016,-63.939998626708984,-178.89999389648438,0.0,29152,29168,29152,29156,0,29168,STANDBY
-3.1500000953674316,9.329999923706055,1.75,0.0,0.0,-0.699999988079071,1021.7168579101562,23.899999618530273,8.903295516967773,-3.610938787460327,374007872,1267770240,3.5,0.7922444343566895,358.20001220703125,11,1,62.540000915527344,46.560001373291016,-63.91999816894531,-178.99000549316406,0.0,29252,29268,29264,29266,0,29268,STANDBY
-3.1500000953674316,9.239999771118164,1.7400000095367432,0.0,0.0,-0.20000000298023224,1021.5946655273438,23.81999969482422,9.895147323608398,1.6564064025878906,374007872,1267770240,4.800000190734863,0.7922444343566895,358.20001220703125,10,1,62.58000183105469,46.630001068115234,-63.91999816894531,-179.02999877929688,0.0,29352,29368,29361,29363,0,29368,STANDBY
-3.1700000762939453,9.170000076293945,1.7100000381469727,0.0,0.0,0.10000000149011612,1021.486572265625,23.75,10.772754669189453,4.570529460906982,374007872,1267770240,4.800000190734863,0.7922444343566895,358.20001220703125,10,1,62.439998626708984,46.689998626708984,-64.05000305175781,-179.00999450683594,0.0,29452,29468,29457,29459,0,29468,STANDBY
-3.1700000762939453,9.300000190734863,1.7200000286102295,-0.10000000149011612,-0.10000000149011612,0.10000000149011612,1021.4461059570312,23.719999313354492,11.099909782409668,4.23375940322876,374007872,1267770240,4.800000190734863,0.7922444343566895,358.20001220703125,10,1,62.630001068115234,46.68000030517578,-63.95000076293945,-179.1300048828125,0.0,29552,29568,29553,29555,0,29568,STANDBY
-3.140000104904175,9.279999732971191,1.7300000190734863,-0.10000000149011612,0.0,0.10000000149011612,1021.5310668945312,23.780000686645508,10.409248352050781,0.053215980529785156,374007872,1267770240,4.800000190734863,0.7922444343566895,358.20001220703125,10,1,62.720001220703125,46.650001525878906,-63.91999816894531,-179.1999969482422,0.0,29654,29668,29649,29651,0,29668,STANDBY
-3.1600000858306885,9.289999961853027,1.7400000095367432,0.0,0.0,0.10000000149011612,1021.6101684570312,23.829999923706055,9.76792049407959,-2.5312530994415283,374007872,1267770240,4.800000190734863,0.7922444343566895,358.20001220703125,10,1,62.77000045776367,46.619998931884766,-63.880001068115234,-179.30999755859375,0.0,29754,29768,29762,29764,0,29768,STANDBY
-3.1600000858306885,9.270000457763672,1.7300000190734863,0.0,0.0,-0.10000000149011612,1021.4962768554688,23.75,10.69226360321045,2.0773704051971436,374007872,1267770240,4.800000190734863,0.7922444343566895,358.20001220703125,10,1,62.720001220703125,46.630001068115234,-63.93000030517578,-179.36000061035156,0.0,29854,29868,29858,29860,0,29868,STANDBY
-3.1700000762939453,9.239999771118164,1.7200000286102295,0.0,-0.10000000149011612,0.0,1021.39453125,23.690000534057617,11.51794147491455,4.632228851318359,374007872,1267770240,4.800000190734863,0.7922444343566895,358.20001220703125,10,1,62.56999969482422,46.65999984741211,-64.06999969482422,-179.3800048828125,0.0,29954,29968,29955,29957,0,29968,STANDBY
-3.1500000953674316,9.270000457763672,1.7200000286102295,0.0,-0.10000000149011612,0.10000000149011612,1021.2869262695312,23.6200008392334,12.390355110168457,6.454280853271484,374007872,1267770240,4.800000190734863,0.7922444343566895,358.20001220703125,10,1,62.470001220703125,46.650001525878906,-64.1500015258789,-179.4499969482422,0.0,30065,30069,30052,30054,0,30069,STANDBY
-3.1600000858306885,9.279999732971191,1.7300000190734863,0.0,-0.10000000149011612,-0.10000000149011612,1021.38232421875,23.68000030517578,11.616606712341309,1.0964326858520508,374007904,1267770240,4.800000190734863,0.5967555046081543,32.97999954223633,10,1,62.599998474121094,46.65999984741211,-64.08000183105469,-179.60000610351562,0.0,30166,30169,30163,30169,0,30169,STANDBY
-3.1600000858306885,9.270000457763672,1.7200000286102295,0.0,0.0,0.20000000298023224,1021.4696655273438,23.739999771118164,10.910367012023926,-2.123241901397705,374007904,1267770240,8.199999809265137,0.5967555046081543,32.97999954223633,10,1,62.599998474121094,46.66999816894531,-64.08999633789062,-179.72000122070312,0.0,30266,30269,30261,30263,0,30269,STANDBY
-3.1600000858306885,9.25,1.7300000190734863,0.0,0.0,-0.10000000149011612,1021.36767578125,23.670000076293945,11.736044883728027,1.9438366889953613,374007904,1267770240,8.199999809265137,0.5967555046081543,32.97999954223633,10,1,62.54999923706055,46.68000030517578,-64.13999938964844,-179.82000732421875,0.0,30366,30369,30357,30359,0,30369,STANDBY
-3.180000066757202,9.25,1.7400000095367432,0.0,0.0,0.10000000149011612,1021.2723388671875,23.610000610351562,12.50979232788086,4.339045524597168,374007904,1267770240,8.199999809265137,0.5967555046081543,32.97999954223633,10,1,62.59000015258789,46.66999816894531,-64.11000061035156,-179.9499969482422,0.0,30466,30469,30453,30455,0,30469,STANDBY
-3.130000114440918,9.289999961853027,1.7400000095367432,0.0,0.0,0.30000001192092896,1021.1817016601562,23.559999465942383,13.244593620300293,5.716194152832031,374007904,1267770240,8.199999809265137,0.5967555046081543,32.97999954223633,10,1,62.63999938964844,46.63999938964844,-64.08999633789062,179.88999938964844,0.0,30566,30569,30566,30569,0,30569,STANDBY
-3.1600000858306885,9.289999961853027,1.7300000190734863,0.0,0.0,-0.10000000149011612,1021.28369140625,23.6200008392334,12.418916702270508,0.35565686225891113,374007904,1267770240,8.199999809265137,0.5967555046081543,32.97999954223633,10,1,62.720001220703125,46.619998931884766,-64.04000091552734,179.74000549316406,0.0,30666,30669,30662,30664,0,30669,STANDBY
-3.190000057220459,9.239999771118164,1.7200000286102295,0.0,0.0,0.30000001192092896,1021.375,23.68000030517578,11.676325798034668,-2.7427432537078857,374007904,1267770240,8.199999809265137,0.5967555046081543,32.97999954223633,10,1,62.599998474121094,46.66999816894531,-64.16999816894531,179.69000244140625,0.0,30766,30769,30758,30760,0,30769,STANDBY
-3.140000104904175,9.300000190734863,1.7400000095367432,0.0,0.0,-0.30000001192092896,1021.2813110351562,23.6200008392334,12.437091827392578,1.2877084016799927,374007904,1267770240,8.199999809265137,0.5967555046081543,32.97999954223633,10,1,62.58000183105469,46.630001068115234,-64.19999694824219,179.55999755859375,0.0,30866,30869,30855,30857,0,30869,STANDBY
-3.130000114440918,9.260000228881836,1.7300000190734863,0.0,-0.10000000149011612,0.8999999761581421,1021.1900024414062,23.559999465942383,13.177085876464844,3.784109592437744,374007904,1267770240,8.199999809265137,0.5967555046081543,32.97999954223633,10,1,62.5,46.650001525878906,-64.29000091552734,179.4199981689453,0.0,30966,30969,30966,30969,0,30969,STANDBY
-3.190000057220459,9.239999771118164,1.7300000190734863,0.0,0.0,-1.0,1021.1052856445312,23.510000228881836,13.865150451660156,5.174088478088379,374007904,1267770240,8.199999809265137,0.5967555046081543,32.97999954223633,10,1,62.52000045776367,46.650001525878906,-64.29000091552734,179.27999877929688,0.0,31066,31070,31063,31066,0,31070,STANDBY
-3.130000114440918,9.289999961853027,1.7400000095367432,0.0,0.0,0.30000001192092896,1021.2109375,23.579999923706055,13.008315086364746,-0.11592483520507812,374007808,1267770240,8.199999809265137,2.0937888622283936,186.74000549316406,10,1,62.47999954223633,46.63999938964844,-64.36000061035156,179.1300048828125,0.0,31166,31170,31159,31162,0,31170,STANDBY
-3.130000114440918,9.289999961853027,1.7400000095367432,0.0,0.0,0.699999988079071,1021.3118896484375,23.639999389648438,12.19042682647705,-3.3457448482513428,374007808,1267770240,9.600000381469727,2.0937888622283936,186.74000549316406,11,1,62.61000061035156,46.619998931884766,-64.2699966430664,178.9199981689453,0.0,31266,31270,31256,31258,0,31270,STANDBY
-3.190000057220459,9.199999809265137,1.7300000190734863,0.0,-0.10000000149011612,-0.10000000149011612,1021.2182006835938,23.579999923706055,12.948596000671387,0.8913998603820801,374007808,1267770240,9.600000381469727,2.0937888622283936,186.74000549316406,11,1,62.630001068115234,46.66999816894531,-64.29000091552734,178.8000030517578,0.0,31366,31370,31352,31354,0,31370,STANDBY
-3.1600000858306885,9.270000457763672,1.7400000095367432,0.0,0.0,-0.10000000149011612,1021.138427734375,23.530000686645508,13.597713470458984,3.166965961456299,374007808,1267770240,9.600000381469727,2.0937888622283936,186.74000549316406,11,1,62.779998779296875,46.650001525878906,-64.22000122070312,178.60000610351562,0.0,31466,31470,31464,31469,0,31470,STANDBY
-3.1500000953674316,9.289999961853027,1.7300000190734863,0.0,0.0,-0.699999988079071,1021.052001953125,23.469999313354492,14.298760414123535,4.831046104431152,374007808,1267770240,9.600000381469727,2.0937888622283936,186.74000549316406,11,1,62.849998474121094,46.619998931884766,-64.19999694824219,178.42999267578125,0.0,31566,31570,31560,31563,0,31570,STANDBY
-3.1600000858306885,9.270000457763672,1.7300000190734863,0.0,0.0,0.10000000149011612,1021.1649780273438,23.540000915527344,13.382206916809082,-0.5743443965911865,374007808,1267770240,9.600000381469727,2.0937888622283936,186.74000549316406,11,1,62.970001220703125,46.650001525878906,-64.13999938964844,178.24000549316406,0.0,31666,31684,31673,31684,0,31684,STANDBY
-3.140000104904175,9.270000457763672,1.7300000190734863,0.0,0.0,0.4000000059604645,1021.2667236328125,23.610000610351562,12.55652904510498,-3.6702919006347656,374007808,1267770240,9.600000381469727,2.0937888622283936,186.74000549316406,11,1,62.90999984741211,46.65999984741211,-64.23999786376953,178.1199951171875,0.0,31766,31784,31769,31771,0,31784,STANDBY
-3.1700000762939453,9.25,1.7300000190734863,0.0,0.0,0.30000001192092896,1021.1812744140625,23.549999237060547,13.249786376953125,0.4240424633026123,374007808,1267770240,9.600000381469727,2.0937888622283936,186.74000549316406,11,1,62.93000030517578,46.70000076293945,-64.27999877929688,177.9600067138672,0.0,31866,31884,31881,31884,0,31884,STANDBY
-3.1700000762939453,9.260000228881836,1.7400000095367432,0.0,0.0,-0.10000000149011612,1021.097900390625,23.5,13.9248685836792,2.9717159271240234,374007808,1267770240,9.600000381469727,2.0937888622283936,186.74000549316406,11,1,62.959999084472656,46.70000076293945,-64.2699966430664,177.77000427246094,0.0,31966,31984,31977,31980,0,31984,STANDBY
-3.1700000762939453,9.270000457763672,1.7300000190734863,-0.10000000149011612,0.0,-0.4000000059604645,1021.017822265625,23.450000762939453,14.576582908630371,4.48590612411499,374007808,1267770240,9.600000381469727,2.0937888622283936,186.74000549316406,11,1,62.88999938964844,46.68000030517578,-64.36000061035156,177.6199951171875,0.0,32066,32084,32073,32076,0,32084,STANDBY
-3.1500000953674316,9.25,1.7300000190734863,0.0,0.0,-0.10000000149011612,1021.1292114257812,23.520000457763672,13.670414924621582,-0.028757667168974876,374007808,1267770240,9.600000381469727,0.5967555046081543,182.9499969482422,11,1,62.970001220703125,46.689998626708984,-64.33999633789062,177.4499969482422,0.0,32166,32184,32169,32172,0,32184,STANDBY
-3.1500000953674316,9.270000457763672,1.7200000286102295,0.0,0.0,0.30000001192092896,1021.2351684570312,23.59000015258789,12.810983657836914,-2.768584966659546,374007808,1267770240,11.199999809265137,0.5967555046081543,182.9499969482422,10,1,62.959999084472656,46.720001220703125,-64.4000015258789,177.2899932861328,0.0,32266,32284,32266,32269,0,32284,STANDBY
-3.140000104904175,9.279999732971191,1.7200000286102295,-0.10000000149011612,0.0,0.0,1021.1497802734375,23.540000915527344,13.504240989685059,0.44652900099754333,374007808,1267770240,11.199999809265137,0.5967555046081543,182.9499969482422,10,1,62.95000076293945,46.709999084472656,-64.47000122070312,177.0800018310547,0.0,32366,32384,32378,32380,0,32384,STANDBY
-3.1600000858306885,9.25,1.7100000381469727,0.0,-0.10000000149011612,0.30000001192092896,1021.0687255859375,23.479999542236328,14.161148071289062,2.387881278991699,374007808,1267770240,11.199999809265137,0.5967555046081543,182.9499969482422,10,1,62.959999084472656,46.72999954223633,-64.5,176.91000366210938,0.0,32466,32484,32475,32477,0,32484,STANDBY
-3.140000104904175,9.279999732971191,1.7200000286102295,0.0,0.0,0.10000000149011612,1020.9902954101562,23.43000030517578,14.79987907409668,3.57218337059021,374007808,1267770240,11.199999809265137,0.5967555046081543,182.9499969482422,10,1,63.15999984741211,46.72999954223633,-64.41000366210938,176.67999267578125,0.0,32566,32584,32571,32573,0,32584,STANDBY
-3.1700000762939453,9.260000228881836,1.7400000095367432,0.0,0.0,0.10000000149011612,1021.10595703125,23.510000228881836,13.859956741333008,-0.7215539813041687,374007808,1267770240,11.199999809265137,0.5967555046081543,182.9499969482422,10,1,63.220001220703125,46.77000045776367,-64.41999816894531,176.47999572753906,0.0,32666,32686,32683,32686,0,32686,STANDBY
-3.1500000953674316,9.279999732971191,1.7300000190734863,0.0,-0.20000000298023224,0.5,1021.2100219726562,23.579999923706055,13.016104698181152,-3.162121295928955,374007808,1267770240,11.199999809265137,0.5967555046081543,182.9499969482422,10,1,63.369998931884766,46.77000045776367,-64.33000183105469,176.25,0.0,32766,32786,32779,32782,0,32786,STANDBY
-3.180000066757202,9.25,1.7300000190734863,0.0,0.0,-0.20000000298023224,1021.1292724609375,23.530000686645508,13.670414924621582,0.07003498077392578,374007808,1267770240,11.199999809265137,0.5967555046081543,182.9499969482422,10,1,63.45000076293945,46.779998779296875,-64.30999755859375,176.05999755859375,0.0,32866,32886,32875,32878,0,32886,STANDBY
-3.1500000953674316,9.270000457763672,1.7300000190734863,0.0,-0.10000000149011612,-0.30000001192092896,1021.0420532226562,23.479999542236328,14.379251480102539,2.3130993843078613,374007808,1267770240,11.199999809265137,0.5967555046081543,182.9499969482422,10,1,63.400001525878906,46.77000045776367,-64.37999725341797,175.88999938964844,0.0,32966,32986,32971,32973,0,32986,STANDBY
-3.130000114440918,9.279999732971191,1.7300000190734863,0.0,0.0,-0.10000000149011612,1020.9578247070312,23.43000030517578,15.06212329864502,3.6655735969543457,374007808,1267770240,11.199999809265137,0.5967555046081543,182.9499969482422,10,1,63.43000030517578,46.75,-64.38999938964844,175.69000244140625,0.0,33067,33086,33068,33070,0,33086,STANDBY
-3.1600000858306885,9.260000228881836,1.7400000095367432,0.0,-0.10000000149011612,0.0,1021.060302734375,23.5,14.231252670288086,-0.3128189146518707,374007808,1267770368,11.199999809265137,0.43727776408195496,182.9499969482422,10,1,63.380001068115234,46.75,-64.45999908447266,175.4600067138672,0.0,33167,33186,33180,33182,0,33186,STANDBY
-3.1500000953674316,9.270000457763672,1.7400000095367432,0.0,0.0,0.10000000149011612,1021.15771484375,23.56999969482422,13.439329147338867,-2.7343595027923584,374007808,1267770368,10.899999618530273,0.43727776408195496,182.9499969482422,10,1,63.40999984741211,46.7400016784668,-64.45999908447266,175.25,0.0,33267,33286,33276,33278,0,33286,STANDBY
-3.140000104904175,9.260000228881836,1.7300000190734863,0.0,-0.10000000149011612,0.30000001192092896,1021.0701293945312,23.520000457763672,14.150761604309082,0.526593804359436,374007808,1267770368,10.899999618530273,0.43727776408195496,182.9499969482422,10,1,63.38999938964844,46.75,-64.52999877929688,175.05999755859375,0.0,33367,33386,33373,33375,0,33386,STANDBY
-3.1600000858306885,9.279999732971191,1.7400000095367432,0.0,-0.10000000149011612,0.0,1020.9865112304688,23.469999313354492,14.831036567687988,2.5139000415802,374007808,1267770368,10.899999618530273,0.43727776408195496,182.9499969482422,10,1,63.40999984741211,46.7400016784668,-64.55000305175781,174.8699951171875,0.0,33467,33486,33469,33471,0,33486,STANDBY
-3.180000066757202,9.279999732971191,1.75,0.0,-0.10000000149011612,0.10000000149011612,1020.9012451171875,23.420000076293945,15.521697998046875,3.819012403488159,374007808,1267770368,10.899999618530273,0.43727776408195496,182.9499969482422,10,1,63.4900016784668,46.75,-64.5199966430664,174.60000610351562,0.0,33567,33586,33581,33583,0,33586,STANDBY
-3.1600000858306885,9.25,1.7400000095367432,0.0,0.0,0.5,1021.0086669921875,23.5,14.649284362792969,-0.3475557267665863,374007808,1267770368,10.899999618530273,0.43727776408195496,182.9499969482422,10,1,63.56999969482422,46.77000045776367,-64.48999786376953,174.3699951171875,0.0,33667,33687,33677,33685,0,33687,STANDBY
-3.1500000953674316,9.260000228881836,1.7400000095367432,0.0,0.0,-0.30000001192092896,1021.11376953125,23.56999969482422,13.79764175415039,-2.9476921558380127,374007808,1267770368,10.899999618530273,0.43727776408195496,182.9499969482422,10,1,63.630001068115234,46.75,-64.47000122070312,174.1300048828125,0.0,33767,33787,33773,33776,0,33787,STANDBY
-3.1700000762939453,9.25,1.7400000095367432,0.0,0.0,-0.6000000238418579,1021.0306396484375,23.510000228881836,14.472723960876465,0.2737400233745575,374007808,1267770368,10.899999618530273,0.43727776408195496,182.9499969482422,10,1,63.599998474121094,46.7400016784668,-64.52999877929688,173.9199981689453,0.0,33867,33887,33869,33872,0,33887,STANDBY
-3.1600000858306885,9.289999961853027,1.7300000190734863,0.0,-0.10000000149011612,-0.10000000149011612,1020.9512329101562,23.459999084472656,15.11664867401123,2.235752820968628,374007808,1267770368,10.899999618530273,0.43727776408195496,182.9499969482422,10,1,63.61000061035156,46.7400016784668,-64.58000183105469,173.66000366210938,0.0,33967,33987,33982,33984,0,33987,STANDBY
-3.1600000858306885,9.260000228881836,1.7200000286102295,0.0,-0.10000000149011612,0.20000000298023224,1020.8817749023438,23.420000076293945,15.680082321166992,3.2338695526123047,374007808,1267770368,10.899999618530273,0.43727776408195496,182.9499969482422,10,1,63.720001220703125,46.779998779296875,-64.55999755859375,173.42999267578125,0.0,34067,34087,34078,34080,0,34087,STANDBY
-3.1700000762939453,9.239999771118164,1.7200000286102295,0.0,-0.10000000149011612,-0.10000000149011612,1020.9990844726562,23.489999771118164,14.727178573608398,-0.9796153903007507,374007904,1267770240,10.899999618530273,1.3889999389648438,342.19000244140625,10,1,63.81999969482422,46.81999969482422,-64.52999877929688,173.2100067138672,0.0,34167,34187,34174,34177,0,34187,STANDBY
-3.1500000953674316,9.279999732971191,1.7400000095367432,0.0,0.0,-0.10000000149011612,1021.1112670898438,23.559999465942383,13.815816879272461,-3.543311357498169,374007904,1267770240,11.300000190734863,1.3889999389648438,342.19000244140625,10,1,63.900001525878906,46.81999969482422,-64.51000213623047,172.97000122070312,0.0,34267,34287,34271,34273,0,34287,STANDBY
-3.1500000953674316,9.279999732971191,1.7400000095367432,0.0,0.0,0.20000000298023224,1021.0331420898438,23.510000228881836,14.45195198059082,-0.2320869415998459,374007904,1267770240,11.300000190734863,1.3889999389648438,342.19000244140625,10,1,63.900001525878906,46.81999969482422,-64.58000183105469,172.74000549316406,0.0,34367,34387,34383,34385,0,34387,STANDBY
-3.1500000953674316,9.270000457763672,1.7300000190734863,0.0,0.0,0.30000001192092896,1020.9629516601562,23.459999084472656,15.02057933807373,1.6710718870162964,374007904,1267770240,11.300000190734863,1.3889999389648438,342.19000244140625,10,1,63.90999984741211,46.81999969482422,-64.61000061035156,172.50999450683594,0.0,34467,34487,34480,34482,0,34487,STANDBY
-3.1700000762939453,9.25,1.7300000190734863,0.0,-0.10000000149011612,0.20000000298023224,1020.8875732421875,23.40999984741211,15.633346557617188,2.9918932914733887,374007904,1267770240,11.300000190734863,1.3889999389648438,342.19000244140625,10,1,63.9900016784668,46.83000183105469,-64.5999984741211,172.25999450683594,0.0,34568,34587,34576,34578,0,34587,STANDBY
-3.1700000762939453,9.260000228881836,1.7400000095367432,0.0,0.0,0.0,1021.0072021484375,23.489999771118164,14.662266731262207,-1.1926437616348267,374007904,1267770240,11.300000190734863,1.3889999389648438,342.19000244140625,10,1,64.01000213623047,46.84000015258789,-64.62999725341797,172.02999877929688,0.0,34668,34689,34672,34686,0,34689,STANDBY
-3.1600000858306885,9.270000457763672,1.7300000190734863,0.0,0.0,0.10000000149011612,1021.1177978515625,23.559999465942383,13.763887405395508,-3.638105869293213,374007904,1267770240,11.300000190734863,1.3889999389648438,342.19000244140625,10,1,64.12999725341797,46.84000015258789,-64.58000183105469,171.72000122070312,0.0,34768,34789,34785,34787,0,34789,STANDBY
-3.1600000858306885,9.270000457763672,1.7400000095367432,0.0,0.0,0.0,1021.0379638671875,23.5,14.413004875183105,-0.251211941242218,374007904,1267770240,11.300000190734863,1.3889999389648438,342.19000244140625,10,1,64.04000091552734,46.86000061035156,-64.73999786376953,171.57000732421875,0.0,34868,34889,34881,34883,0,34889,STANDBY
-3.1500000953674316,9.25,1.7400000095367432,0.0,0.0,0.10000000149011612,1020.9678344726562,23.450000762939453,14.981632232666016,1.6588319540023804,374007904,1267770240,11.300000190734863,1.3889999389648438,342.19000244140625,10,1,64.08000183105469,46.83000183105469,-64.7300033569336,171.30999755859375,0.0,34968,34989,34976,34979,0,34989,STANDBY
-3.1500000953674316,9.270000457763672,1.7400000095367432,0.0,0.0,-0.10000000149011612,1020.8982543945312,23.40999984741211,15.545065879821777,2.8646399974823,374007904,1267770240,11.300000190734863,1.3889999389648438,342.19000244140625,10,1,64.16000366210938,46.81999969482422,-64.69000244140625,171.0399932861328,0.0,35068,35089,35073,35075,0,35089,STANDBY
-3.180000066757202,9.270000457763672,1.7400000095367432,0.0,-0.10000000149011612,0.10000000149011612,1021.0155639648438,23.479999542236328,14.594758033752441,-1.2076154947280884,374008000,1267770240,11.300000190734863,0.7716666460037231,344.0400085449219,10,1,64.3499984741211,46.81999969482422,-64.56999969482422,170.69000244140625,0.0,35168,35189,35185,35187,0,35189,STANDBY
-3.1500000953674316,9.260000228881836,1.7200000286102295,0.0,0.0,0.10000000149011612,1021.127197265625,23.549999237060547,13.688590049743652,-3.672611713409424,374008000,1267770240,12.399999618530273,0.7716666460037231,344.0400085449219,10,1,64.41000366210938,46.84000015258789,-64.55999755859375,170.44000244140625,0.0,35268,35289,35281,35283,0,35289,STANDBY
-3.1500000953674316,9.260000228881836,1.7200000286102295,0.0,0.0,0.10000000149011612,1021.0552978515625,23.5,14.2701997756958,-0.4893203675746918,374008000,1267770240,12.399999618530273,0.7716666460037231,344.0400085449219,10,1,64.51000213623047,46.869998931884766,-64.54000091552734,170.19000244140625,0.0,35368,35389,35378,35380,0,35389,STANDBY
-3.1700000762939453,9.279999732971191,1.7300000190734863,0.0,0.0,-0.10000000149011612,1020.9955444335938,23.459999084472656,14.755739212036133,1.2405611276626587,374008000,1267770240,12.399999618530273,0.7716666460037231,344.0400085449219,10,1,64.55000305175781,46.90999984741211,-64.58000183105469,169.97000122070312,0.0,35468,35489,35474,35476,0,35489,STANDBY
-3.1500000953674316,9.270000457763672,1.7300000190734863,0.0,0.0,0.10000000149011612,1020.9266967773438,23.420000076293945,15.313980102539062,2.5803298950195312,374008000,1267770240,12.399999618530273,0.7716666460037231,344.0400085449219,10,1,64.52999877929688,46.93000030517578,-64.66000366210938,169.75999450683594,0.0,35568,35589,35570,35572,0,35589,STANDBY
-3.1600000858306885,9.260000228881836,1.7300000190734863,0.0,0.0,0.10000000149011612,1021.0423583984375,23.489999771118164,14.376654624938965,-1.3480303287506104,374008000,1267770240,12.399999618530273,0.7716666460037231,344.0400085449219,10,1,64.51000213623047,46.95000076293945,-64.73999786376953,169.50999450683594,0.0,35668,35689,35683,35688,0,35689,STANDBY
-3.1600000858306885,9.25,1.7200000286102295,0.0,0.0,0.10000000149011612,1021.1536865234375,23.56999969482422,13.47308349609375,-3.754167318344116,374008000,1267770240,12.399999618530273,0.7716666460037231,344.0400085449219,10,1,64.54000091552734,46.970001220703125,-64.79000091552734,169.3000030517578,0.0,35768,35789,35779,35781,0,35789,STANDBY
-3.1600000858306885,9.260000228881836,1.7100000381469727,0.0,0.0,-0.4000000059604645,1021.0881958007812,23.520000457763672,14.005359649658203,-0.6993833780288696,374008000,1267770240,12.399999618530273,0.7716666460037231,344.0400085449219,10,1,64.56999969482422,46.970001220703125,-64.81999969482422,169.0399932861328,0.0,35868,35889,35875,35877,0,35889,STANDBY
-3.140000104904175,9.270000457763672,1.7300000190734863,0.0,0.0,-0.20000000298023224,1021.025390625,23.479999542236328,14.514267921447754,1.1809011697769165,374008000,1267770240,12.399999618530273,0.7716666460037231,344.0400085449219,10,1,64.58000183105469,46.97999954223633,-64.87000274658203,168.8000030517578,0.0,35968,35989,35972,35974,0,35989,STANDBY
-3.140000104904175,9.289999961853027,1.7300000190734863,0.0,0.0,0.20000000298023224,1020.964599609375,23.440000534057617,15.007596969604492,2.3344297409057617,374008000,1267770240,12.399999618530273,0.7716666460037231,344.0400085449219,10,1,64.69000244140625,46.9900016784668,-64.81999969482422,168.4600067138672,0.0,36068,36089,36083,36085,0,36089,STANDBY
-3.1600000858306885,9.260000228881836,1.7200000286102295,0.0,0.0,0.6000000238418579,1021.074951171875,23.510000228881836,14.111814498901367,-1.3724688291549683,374008000,1267770112,12.399999618530273,0.08745554834604263,344.0400085449219,10,1,64.72000122070312,47.0099983215332,-64.8499984741211,168.2100067138672,0.0,36168,36189,36179,36183,0,36189,STANDBY
-3.180000066757202,9.260000228881836,1.7300000190734863,0.0,0.0,0.20000000298023224,1021.1821899414062,23.579999923706055,13.241997718811035,-3.6617939472198486,374008000,1267770112,12.699999809265137,0.08745554834604263,344.0400085449219,9,1,64.80000305175781,47.02000045776367,-64.80999755859375,167.91000366210938,0.0,36268,36289,36276,36279,0,36289,STANDBY
-3.1700000762939453,9.260000228881836,1.7200000286102295,0.0,0.0,-0.20000000298023224,1021.1104736328125,23.540000915527344,13.823606491088867,-0.48240014910697937,374008000,1267770112,12.699999809265137,0.08745554834604263,344.0400085449219,9,1,64.72000122070312,47.029998779296875,-64.95999908447266,167.72000122070312,0.0,36368,36389,36372,36374,0,36389,STANDBY
-3.1700000762939453,9.270000457763672,1.7200000286102295,0.0,-0.10000000149011612,-0.20000000298023224,1021.0449829101562,23.489999771118164,14.35588264465332,1.3945475816726685,374008000,1267770112,12.699999809265137,0.08745554834604263,344.0400085449219,9,1,64.70999908447266,47.02000045776367,-65.01000213623047,167.41000366210938,0.0,36468,36489,36485,36487,0,36489,STANDBY
-3.1500000953674316,9.270000457763672,1.7400000095367432,0.0,0.0,-0.20000000298023224,1020.9761962890625,23.450000762939453,14.914124488830566,2.678884506225586,374008000,1267770112,12.699999809265137,0.08745554834604263,344.0400085449219,9,1,64.87999725341797,47.0099983215332,-64.9000015258789,167.07000732421875,0.0,36568,36589,36581,36583,0,36589,STANDBY
-3.1600000858306885,9.270000457763672,1.75,0.0,-0.10000000149011612,0.0,1021.0858764648438,23.520000457763672,14.023534774780273,-1.1354010105133057,374008000,1267770112,12.699999809265137,0.08745554834604263,344.0400085449219,9,1,64.9800033569336,47.0,-64.80999755859375,166.72999572753906,0.0,36668,36689,36677,36687,0,36689,STANDBY
-3.1600000858306885,9.279999732971191,1.7300000190734863,0.0,-0.10000000149011612,0.20000000298023224,1021.1935424804688,23.59000015258789,13.148524284362793,-3.5266902446746826,374008000,1267770112,12.699999809265137,0.08745554834604263,344.0400085449219,9,1,64.9800033569336,46.97999954223633,-64.83000183105469,166.4600067138672,0.0,36768,36789,36773,36775,0,36789,STANDBY
-3.1500000953674316,9.270000457763672,1.7400000095367432,0.0,0.0,0.4000000059604645,1021.112060546875,23.540000915527344,13.810624122619629,-0.138362318277359,374008000,1267770112,12.699999809265137,0.08745554834604263,344.0400085449219,9,1,65.08999633789062,46.97999954223633,-64.7699966430664,166.10000610351562,0.0,36868,36889,36886,36888,0,36889,STANDBY
-3.1700000762939453,9.260000228881836,1.7300000190734863,0.0,-0.10000000149011612,0.30000001192092896,1021.0382690429688,23.489999771118164,14.410408973693848,1.8307596445083618,374008000,1267770112,12.699999809265137,0.08745554834604263,344.0400085449219,9,1,65.13999938964844,47.0,-64.76000213623047,165.82000732421875,0.0,36968,36989,36982,36984,0,36989,STANDBY
-3.1600000858306885,9.25,1.7300000190734863,0.0,0.0,0.0,1020.9658813476562,23.440000534057617,14.997211456298828,3.0494542121887207,374008000,1267770112,12.699999809265137,0.08745554834604263,344.0400085449219,9,1,65.16999816894531,47.02000045776367,-64.79000091552734,165.57000732421875,0.0,37068,37089,37079,37081,0,37089,STANDBY
-3.1500000953674316,9.260000228881836,1.7100000381469727,0.0,0.0,-0.4000000059604645,1021.0765380859375,23.510000228881836,14.098832130432129,-0.9231630563735962,374007936,1267770112,12.699999809265137,0.756233274936676,192.8000030517578,9,1,65.26000213623047,47.029998779296875,-64.76000213623047,165.27000427246094,0.0,37168,37189,37175,37177,0,37189,STANDBY
-3.140000104904175,9.260000228881836,1.7200000286102295,0.0,0.0,-0.30000001192092896,1021.1821899414062,23.579999923706055,13.241997718811035,-3.3326947689056396,374007936,1267770112,10.899999618530273,0.756233274936676,192.8000030517578,9,1,65.41999816894531,47.06999969482422,-64.68000030517578,164.9199981689453,0.0,37268,37289,37287,37289,0,37289,STANDBY
-3.140000104904175,9.289999961853027,1.7300000190734863,0.0,-0.10000000149011612,0.10000000149011612,1021.1004638671875,23.530000686645508,13.904097557067871,-0.01420516986399889,374007936,1267770112,10.899999618530273,0.756233274936676,192.8000030517578,9,1,65.45999908447266,47.06999969482422,-64.69000244140625,164.66000366210938,0.0,37368,37389,37384,37386,0,37389,STANDBY
-3.1500000953674316,9.260000228881836,1.7300000190734863,0.0,0.0,0.4000000059604645,1021.0211181640625,23.479999542236328,14.54802131652832,2.011061668395996,374007936,1267770112,10.899999618530273,0.756233274936676,192.8000030517578,9,1,65.51000213623047,47.08000183105469,-64.66000366210938,164.3699951171875,0.0,37469,37489,37480,37482,0,37489,STANDBY
-3.1700000762939453,9.260000228881836,1.7200000286102295,0.0,0.0,0.10000000149011612,1020.9486083984375,23.43000030517578,15.137420654296875,3.1731574535369873,374007936,1267770112,10.899999618530273,0.756233274936676,192.8000030517578,9,1,65.4800033569336,47.099998474121094,-64.73999786376953,164.14999389648438,0.0,37569,37590,37576,37578,0,37590,STANDBY
-3.1700000762939453,9.270000457763672,1.7100000381469727,0.0,0.0,0.0,1021.0665893554688,23.510000228881836,14.179323196411133,-1.0350910425186157,374007936,1267770112,10.899999618530273,0.756233274936676,192.8000030517578,9,1,65.4800033569336,47.119998931884766,-64.81999969482422,163.8800048828125,0.0,37669,37690,37689,37690,0,37690,STANDBY
-3.1600000858306885,9.270000457763672,1.7000000476837158,0.0,-0.10000000149011612,0.0,1021.17236328125,23.579999923706055,13.322487831115723,-3.404331684112549,374007936,1267770112,10.899999618530273,0.756233274936676,192.8000030517578,9,1,65.5999984741211,47.15999984741211,-64.7699966430664,163.5800018310547,0.0,37769,37790,37785,37786,0,37790,STANDBY
-3.1600000858306885,9.260000228881836,1.690000057220459,0.0,0.0,-0.10000000149011612,1021.1738891601562,23.579999923706055,13.309505462646484,-2.220315933227539,374007936,1267770112,10.899999618530273,0.756233274936676,192.8000030517578,9,1,65.63999938964844,47.2400016784668,-64.83000183105469,163.35000610351562,0.0,37869,37890,37881,37883,0,37890,STANDBY
-3.140000104904175,9.260000228881836,1.7000000476837158,0.0,0.0,0.10000000149011612,1021.0908813476562,23.530000686645508,13.981990814208984,0.7309509515762329,374007936,1267770112,10.899999618530273,0.756233274936676,192.8000030517578,9,1,65.66999816894531,47.279998779296875,-64.88999938964844,163.11000061035156,0.0,37969,37990,37978,37979,0,37990,STANDBY
-3.1600000858306885,9.260000228881836,1.7100000381469727,0.0,0.0,-0.10000000149011612,1021.0158081054688,23.479999542236328,14.592162132263184,2.4203567504882812,374007936,1267770112,10.899999618530273,0.756233274936676,192.8000030517578,9,1,65.70999908447266,47.279998779296875,-64.88999938964844,162.8300018310547,0.0,38069,38090,38074,38075,0,38090,STANDBY
-3.1500000953674316,9.270000457763672,1.7100000381469727,0.0,0.0,-0.10000000149011612,1021.1241455078125,23.549999237060547,13.711957931518555,-1.2676252126693726,374007904,1267770112,10.899999618530273,0.051444441080093384,192.8000030517578,9,1,65.79000091552734,47.290000915527344,-64.8499984741211,162.47000122070312,0.0,38169,38190,38185,38188,0,38190,STANDBY
-3.1600000858306885,9.279999732971191,1.7000000476837158,0.0,0.0,0.10000000149011612,1021.2313842773438,23.6200008392334,12.842141151428223,-3.594693899154663,374007904,1267770112,11.300000190734863,0.051444441080093384,192.8000030517578,12,1,65.91999816894531,47.310001373291016,-64.7699966430664,162.13999938964844,0.0,38269,38290,38282,38284,0,38290,STANDBY
-3.140000104904175,9.25,1.7000000476837158,0.0,-0.10000000149011612,0.699999988079071,1021.3050537109375,23.65999984741211,12.244953155517578,-4.211606025695801,374007904,1267770112,11.300000190734863,0.051444441080093384,192.8000030517578,12,1,65.91999816894531,47.36000061035156,-64.83000183105469,161.91000366210938,0.0,38369,38390,38378,38380,0,38390,STANDBY
-3.1500000953674316,9.289999961853027,1.7100000381469727,0.0,0.0,-0.6000000238418579,1021.2137451171875,23.600000381469727,12.984947204589844,-0.32744693756103516,374007904,1267770112,11.300000190734863,0.051444441080093384,192.8000030517578,12,1,65.93000030517578,47.36000061035156,-64.9000015258789,161.6699981689453,0.0,38469,38490,38474,38476,0,38490,STANDBY
-3.2100000381469727,9.210000038146973,1.7100000381469727,0.0,0.0,0.4000000059604645,1021.13232421875,23.549999237060547,13.64704704284668,1.9091533422470093,374007904,1267770112,11.300000190734863,0.051444441080093384,192.8000030517578,12,1,65.98999786376953,47.439998626708984,-64.86000061035156,161.33999633789062,0.0,38569,38590,38587,38589,0,38590,STANDBY
-3.109999895095825,9.319999694824219,1.7000000476837158,0.0,-0.20000000298023224,-0.10000000149011612,1021.2379760742188,23.6200008392334,12.787614822387695,-1.5283249616622925,374007904,1267770112,11.300000190734863,0.051444441080093384,192.8000030517578,12,1,66.1500015258789,47.380001068115234,-64.7300033569336,160.9499969482422,0.0,38669,38690,38683,38688,0,38690,STANDBY
-3.200000047683716,9.239999771118164,1.7100000381469727,0.0,-0.10000000149011612,-0.4000000059604645,1021.3333740234375,23.68000030517578,12.013867378234863,-3.454119920730591,374007904,1267770112,11.300000190734863,0.051444441080093384,192.8000030517578,12,1,66.20999908447266,47.459999084472656,-64.69999694824219,160.67999267578125,0.0,38769,38790,38779,38781,0,38790,STANDBY
-3.1500000953674316,9.229999542236328,1.7000000476837158,0.0,0.0,1.0,1021.427978515625,23.739999771118164,11.247908592224121,-4.661705017089844,374007904,1267770112,11.300000190734863,0.051444441080093384,192.8000030517578,12,1,66.2300033569336,47.5099983215332,-64.69999694824219,160.41000366210938,0.0,38870,38890,38876,38878,0,38890,STANDBY
-3.1500000953674316,9.289999961853027,1.7100000381469727,0.10000000149011612,0.0,-1.2999999523162842,1021.33154296875,23.670000076293945,12.02944564819336,-0.4825727641582489,374007904,1267770112,11.300000190734863,0.051444441080093384,192.8000030517578,12,1,66.37999725341797,47.43000030517578,-64.55000305175781,159.97000122070312,0.0,38970,38990,38987,38990,0,38990,STANDBY
-3.180000066757202,9.25,1.7200000286102295,0.0,0.0,0.8999999761581421,1021.2445068359375,23.6200008392334,12.735685348510742,1.951120376586914,374007904,1267770112,11.300000190734863,0.051444441080093384,192.8000030517578,12,1,66.36000061035156,47.47999954223633,-64.61000061035156,159.74000549316406,0.0,39070,39090,39085,39086,0,39090,STANDBY
-3.109999895095825,9.329999923706055,1.7300000190734863,-0.10000000149011612,-0.20000000298023224,1.600000023841858,1021.3382568359375,23.68000030517578,11.974920272827148,-1.185731291770935,374007904,1267770112,11.300000190734863,0.37039998173713684,234.3800048828125,12,1,66.5199966430664,47.400001525878906,-64.41999816894531,159.3300018310547,0.0,39170,39190,39181,39182,0,39190,STANDBY
-3.2200000286102295,9.1899995803833,1.7200000286102295,0.0,0.0,-1.5,1021.427978515625,23.739999771118164,11.247908592224121,-3.0853054523468018,374007904,1267770112,10.399999618530273,0.37039998173713684,234.3800048828125,9,1,66.5199966430664,47.459999084472656,-64.41999816894531,159.07000732421875,0.0,39270,39290,39277,39279,0,39290,STANDBY
-3.130000114440918,9.270000457763672,1.7300000190734863,0.0,0.0,-0.6000000238418579,1021.5183715820312,23.790000915527344,10.513107299804688,-4.3259596824646,374007904,1267770112,10.399999618530273,0.37039998173713684,234.3800048828125,9,1,66.51000213623047,47.380001068115234,-64.43000030517578,158.77000427246094,0.0,39370,39390,39373,39375,0,39390,STANDBY
-3.0999999046325684,9.329999923706055,1.7400000095367432,0.0,0.0,-0.699999988079071,1021.4166259765625,23.729999542236328,11.338785171508789,-0.126445010304451,374007904,1267770112,10.399999618530273,0.37039998173713684,234.3800048828125,9,1,66.55999755859375,47.2599983215332,-64.37999725341797,158.36000061035156,0.0,39470,39490,39485,39487,0,39490,STANDBY
-3.200000047683716,9.229999542236328,1.7300000190734863,0.0,-0.10000000149011612,1.7000000476837158,1021.3197021484375,23.670000076293945,12.12551498413086,2.436610698699951,374007904,1267770112,10.399999618530273,0.37039998173713684,234.3800048828125,9,1,66.5199966430664,47.349998474121094,-64.43000030517578,158.13999938964844,0.0,39570,39590,39581,39583,0,39590,STANDBY
-3.130000114440918,9.25,1.7200000286102295,0.0,0.0,0.699999988079071,1021.4166259765625,23.729999542236328,11.338785171508789,-0.9581045508384705,374007904,1267770112,10.399999618530273,0.37039998173713684,234.3800048828125,9,1,66.55000305175781,47.34000015258789,-64.38999938964844,157.82000732421875,0.0,39670,39690,39677,39689,0,39690,STANDBY
-3.140000104904175,9.279999732971191,1.7400000095367432,0.0,0.0,-2.299999952316284,1021.5037231445312,23.780000686645508,10.63254451751709,-2.873157262802124,374007904,1267770112,10.399999618530273,0.37039998173713684,234.3800048828125,9,1,66.72000122070312,47.25,-64.19999694824219,157.38999938964844,0.0,39770,39790,39774,39776,0,39790,STANDBY
-3.140000104904175,9.3100004196167,1.75,0.0,0.0,0.20000000298023224,1021.5903930664062,23.84000015258789,9.928901672363281,-4.09047794342041,374007904,1267770112,10.399999618530273,0.37039998173713684,234.3800048828125,9,1,66.70999908447266,47.2599983215332,-64.18000030517578,157.0399932861328,0.0,39870,39890,39886,39888,0,39890,STANDBY
-3.119999885559082,9.3100004196167,1.7300000190734863,0.0,-0.20000000298023224,1.5,1021.479736328125,23.770000457763672,10.827280044555664,0.25690481066703796,374007904,1267770112,10.399999618530273,0.37039998173713684,234.3800048828125,9,1,66.83000183105469,47.2400016784668,-64.02999877929688,156.6699981689453,0.0,39970,39990,39983,39985,0,39990,STANDBY
-3.2200000286102295,9.1899995803833,1.7300000190734863,0.0,-0.10000000149011612,-0.5,1021.3735961914062,23.700000762939453,11.689308166503906,2.9229092597961426,374007904,1267770112,10.399999618530273,0.37039998173713684,234.3800048828125,9,1,66.7300033569336,47.29999923706055,-64.1500015258789,156.47000122070312,0.0,40070,40090,40079,40081,0,40090,STANDBY
-3.200000047683716,9.220000267028809,1.7400000095367432,0.0,0.10000000149011612,-1.100000023841858,1021.455078125,23.760000228881836,11.02720832824707,-0.248057559132576,374007936,1267770112,10.399999618530273,0.3858333230018616,279.3900146484375,9,1,66.68000030517578,47.33000183105469,-64.23999786376953,156.25,0.0,40170,40190,40175,40177,0,40190,STANDBY
-3.069999933242798,9.369999885559082,1.7400000095367432,0.0,0.0,-1.0,1021.5282592773438,23.81999969482422,10.432616233825684,-2.0614516735076904,374007936,1267770112,10.399999618530273,0.3858333230018616,279.3900146484375,9,1,66.94999694824219,47.15999984741211,-63.91999816894531,155.6699981689453,0.0,40270,40291,40288,40289,0,40291,STANDBY
-3.200000047683716,9.260000228881836,1.7400000095367432,0.10000000149011612,-0.10000000149011612,1.2000000476837158,1021.602783203125,23.8700008392334,9.82763957977295,-3.2552545070648193,374007936,1267770112,10.399999618530273,0.3858333230018616,279.3900146484375,9,1,66.94000244140625,47.27000045776367,-63.939998626708984,155.44000244140625,0.0,40370,40391,40384,40385,0,40391,STANDBY
-3.140000104904175,9.239999771118164,1.7200000286102295,-0.10000000149011612,-0.10000000149011612,1.100000023841858,1021.487060546875,23.799999237060547,10.767560958862305,0.9243854880332947,374007936,1267770112,10.399999618530273,0.3858333230018616,279.3900146484375,9,1,66.97000122070312,47.29999923706055,-63.91999816894531,155.14999389648438,0.0,40470,40491,40480,40482,0,40491,STANDBY
-3.140000104904175,9.300000190734863,1.7400000095367432,0.0,0.0,-1.600000023841858,1021.3770141601562,23.729999542236328,11.660746574401855,3.449800968170166,374007936,1267770112,10.399999618530273,0.3858333230018616,279.3900146484375,9,1,67.08999633789062,47.22999954223633,-63.790000915527344,154.77999877929688,0.0,40570,40591,40577,40579,0,40591,STANDBY
-3.1700000762939453,9.25,1.7400000095367432,0.0,0.0,-0.20000000298023224,1021.4562377929688,23.790000915527344,11.016822814941406,0.1473165601491928,374007936,1267770112,10.399999618530273,0.3858333230018616,279.3900146484375,9,1,67.1500015258789,47.310001373291016,-63.709999084472656,154.4199981689453,0.0,40670,40691,40688,40691,0,40691,STANDBY
-3.109999895095825,9.319999694824219,1.7200000286102295,0.0,0.0,0.20000000298023224,1021.5320434570312,23.84000015258789,10.401458740234375,-1.8748825788497925,374007936,1267770112,10.399999618530273,0.3858333230018616,279.3900146484375,9,1,67.20999908447266,47.2599983215332,-63.66999816894531,154.11000061035156,0.0,40770,40791,40785,40786,0,40791,STANDBY
-3.180000066757202,9.229999542236328,1.7300000190734863,0.0,-0.10000000149011612,0.5,1021.6090698242188,23.889999389648438,9.778306007385254,-3.1940135955810547,374007936,1267770112,10.399999618530273,0.3858333230018616,279.3900146484375,9,1,67.23999786376953,47.34000015258789,-63.65999984741211,153.86000061035156,0.0,40870,40891,40882,40884,0,40891,STANDBY
-3.1700000762939453,9.260000228881836,1.7200000286102295,0.0,-0.10000000149011612,0.30000001192092896,1021.4918823242188,23.81999969482422,10.72861385345459,0.9968164563179016,374007936,1267770112,10.399999618530273,0.3858333230018616,279.3900146484375,9,1,67.22000122070312,47.36000061035156,-63.709999084472656,153.6199951171875,0.0,40970,40991,40978,40980,0,40991,STANDBY
-3.130000114440918,9.279999732971191,1.7400000095367432,0.0,0.0,-0.8999999761581421,1021.38330078125,23.75,11.608818054199219,3.454615831375122,374007936,1267770112,10.399999618530273,0.3858333230018616,279.3900146484375,9,1,67.37999725341797,47.31999969482422,-63.5,153.1999969482422,0.0,41070,41091,41074,41076,0,41091,STANDBY
-3.180000066757202,9.260000228881836,1.7400000095367432,-0.10000000149011612,0.0,-0.10000000149011612,1021.4617309570312,23.799999237060547,10.97268295288086,0.1753217726945877,374007840,1267770112,10.399999618530273,0.2366444170475006,238.3300018310547,9,1,67.41999816894531,47.33000183105469,-63.41999816894531,152.83999633789062,0.0,41170,41191,41186,41189,0,41191,STANDBY
-3.119999885559082,9.3100004196167,1.7300000190734863,0.0,-0.10000000149011612,0.20000000298023224,1021.5342407226562,23.850000381469727,10.385880470275879,-1.7655620574951172,374007840,1267770112,13.5,0.2366444170475006,238.3300018310547,10,1,67.38999938964844,47.290000915527344,-63.5099983215332,152.6199951171875,0.0,41270,41291,41282,41284,0,41291,STANDBY
-3.1700000762939453,9.260000228881836,1.7400000095367432,0.0,-0.10000000149011612,0.20000000298023224,1021.603759765625,23.899999618530273,9.819849967956543,-2.9412574768066406,374007840,1267770112,13.5,0.2366444170475006,238.3300018310547,10,1,67.38999938964844,47.33000183105469,-63.529998779296875,152.3800048828125,0.0,41370,41391,41378,41380,0,41391,STANDBY
-3.180000066757202,9.220000267028809,1.7300000190734863,0.0,-0.10000000149011612,0.20000000298023224,1021.48486328125,23.829999923706055,10.785737037658691,1.208433747291565,374007840,1267770112,13.5,0.2366444170475006,238.3300018310547,10,1,67.37999725341797,47.349998474121094,-63.529998779296875,152.11000061035156,0.0,41470,41491,41476,41477,0,41491,STANDBY
-3.140000104904175,9.279999732971191,1.7200000286102295,0.0,0.0,-0.5,1021.3742065429688,23.760000228881836,11.684115409851074,3.6482083797454834,374007840,1267770112,13.5,0.2366444170475006,238.3300018310547,10,1,67.41000366210938,47.31999969482422,-63.5,151.77000427246094,0.0,41570,41591,41587,41589,0,41591,STANDBY
-3.1600000858306885,9.279999732971191,1.75,0.0,0.0,-0.4000000059604645,1021.4523315429688,23.809999465942383,11.050576210021973,0.30752792954444885,374007840,1267770112,13.5,0.2366444170475006,238.3300018310547,10,1,67.41999816894531,47.34000015258789,-63.52000045776367,151.50999450683594,0.0,41670,41691,41684,41689,0,41691,STANDBY
-3.140000104904175,9.289999961853027,1.7400000095367432,0.0,-0.10000000149011612,0.4000000059604645,1021.52587890625,23.860000610351562,10.453388214111328,-1.7141838073730469,374007840,1267770112,13.5,0.2366444170475006,238.3300018310547,10,1,67.48999786376953,47.290000915527344,-63.380001068115234,151.1300048828125,0.0,41771,41791,41781,41782,0,41791,STANDBY
-3.1500000953674316,9.279999732971191,1.7300000190734863,0.0,-0.10000000149011612,0.4000000059604645,1021.5946044921875,23.899999618530273,9.895147323608398,-2.883448362350464,374007840,1267770112,13.5,0.2366444170475006,238.3300018310547,10,1,67.55000305175781,47.29999923706055,-63.290000915527344,150.8000030517578,0.0,41871,41891,41877,41879,0,41891,STANDBY
-3.190000057220459,9.239999771118164,1.7400000095367432,0.0,-0.10000000149011612,0.10000000149011612,1021.4806518554688,23.829999923706055,10.819490432739258,1.1124910116195679,374007840,1267770112,13.5,0.2366444170475006,238.3300018310547,10,1,67.55999755859375,47.349998474121094,-63.279998779296875,150.5399932861328,0.0,41971,41991,41973,41974,0,41991,STANDBY
-3.1700000762939453,9.25,1.7400000095367432,0.0,-0.10000000149011612,0.0,1021.375,23.760000228881836,11.676325798034668,3.4538674354553223,374007840,1267770112,13.5,0.2366444170475006,238.3300018310547,10,1,67.58999633789062,47.33000183105469,-63.20000076293945,150.1699981689453,0.0,42071,42091,42086,42088,0,42091,STANDBY
-3.1500000953674316,9.279999732971191,1.7400000095367432,0.0,-0.10000000149011612,-0.30000001192092896,1021.4573364257812,23.809999465942383,11.009033203125,0.07513885945081711,374007840,1267770112,13.5,0.18005554378032684,238.3300018310547,10,1,67.63999938964844,47.310001373291016,-63.150001525878906,149.8699951171875,0.0,42171,42191,42182,42183,0,42191,STANDBY
-3.1600000858306885,9.260000228881836,1.7400000095367432,0.0,-0.20000000298023224,-0.10000000149011612,1021.53564453125,23.860000610351562,10.37289810180664,-1.9875434637069702,374007840,1267770112,13.399999618530273,0.18005554378032684,238.3300018310547,9,1,67.66999816894531,47.31999969482422,-63.099998474121094,149.57000732421875,0.0,42271,42291,42278,42279,0,42291,STANDBY
-3.1500000953674316,9.279999732971191,1.7400000095367432,-0.10000000149011612,0.0,0.10000000149011612,1021.6133422851562,23.90999984741211,9.744552612304688,-3.282733678817749,374007840,1267770112,13.399999618530273,0.18005554378032684,238.3300018310547,9,1,67.69000244140625,47.31999969482422,-63.06999969482422,149.27999877929688,0.0,42371,42391,42375,42377,0,42391,STANDBY
-3.1600000858306885,9.270000457763672,1.7400000095367432,0.0,-0.10000000149011612,0.20000000298023224,1021.4993896484375,23.829999923706055,10.668895721435547,0.8569483160972595,374007840,1267770112,13.399999618530273,0.18005554378032684,238.3300018310547,9,1,67.72000122070312,47.33000183105469,-63.040000915527344,148.9600067138672,0.0,42471,42491,42487,42489,0,42491,STANDBY
-3.1700000762939453,9.260000228881836,1.7400000095367432,0.0,-0.10000000149011612,0.20000000298023224,1021.3897094726562,23.760000228881836,11.556888580322266,3.390024185180664,374007840,1267770112,13.399999618530273,0.18005554378032684,238.3300018310547,9,1,67.72000122070312,47.349998474121094,-63.02000045776367,148.67999267578125,0.0,42571,42591,42584,42586,0,42591,STANDBY
-3.1600000858306885,9.270000457763672,1.7400000095367432,0.0,0.0,-0.10000000149011612,1021.46875,23.809999465942383,10.915559768676758,0.1173633560538292,374007840,1267770112,13.399999618530273,0.18005554378032684,238.3300018310547,9,1,67.7699966430664,47.34000015258789,-62.939998626708984,148.35000610351562,0.0,42671,42691,42680,42689,0,42691,STANDBY
-3.1600000858306885,9.260000228881836,1.75,0.0,0.0,0.10000000149011612,1021.5401611328125,23.860000610351562,10.336546897888184,-1.7777286767959595,374007840,1267770112,13.399999618530273,0.18005554378032684,238.3300018310547,9,1,67.81999969482422,47.33000183105469,-62.849998474121094,148.02000427246094,0.0,42771,42791,42776,42778,0,42791,STANDBY
-3.1600000858306885,9.260000228881836,1.7300000190734863,0.0,0.0,0.30000001192092896,1021.6102905273438,23.899999618530273,9.76792049407959,-2.957350969314575,374007840,1267770112,13.399999618530273,0.18005554378032684,238.3300018310547,9,1,67.8499984741211,47.349998474121094,-62.83000183105469,147.6999969482422,0.0,42871,42891,42889,42891,0,42891,STANDBY
-3.1500000953674316,9.279999732971191,1.7400000095367432,0.0,0.0,-0.20000000298023224,1021.496337890625,23.829999923706055,10.69226360321045,1.0651934146881104,374007840,1267770112,13.399999618530273,0.18005554378032684,238.3300018310547,9,1,68.0,47.34000015258789,-62.56999969482422,147.27000427246094,0.0,42971,42991,42985,42987,0,42991,STANDBY
-3.180000066757202,9.25,1.75,0.0,0.0,-0.10000000149011612,1021.3863525390625,23.75,11.58544921875,3.5399177074432373,374007840,1267770112,13.399999618530273,0.18005554378032684,238.3300018310547,9,1,67.98999786376953,47.369998931884766,-62.59000015258789,147.0399932861328,0.0,43071,43091,43081,43083,0,43091,STANDBY
-3.130000114440918,9.279999732971191,1.7400000095367432,0.0,0.0,0.10000000149011612,1021.4673461914062,23.809999465942383,10.928542137145996,0.16344471275806427,374007840,1267769984,13.399999618530273,0.06687777489423752,238.3300018310547,9,1,67.9800033569336,47.349998474121094,-62.619998931884766,146.8000030517578,0.0,43171,43191,43177,43180,0,43191,STANDBY
-3.1700000762939453,9.279999732971191,1.7400000095367432,0.0,0.0,-0.10000000149011612,1021.5401611328125,23.850000381469727,10.336546897888184,-1.7526355981826782,374007840,1267769984,14.0,0.06687777489423752,238.3300018310547,9,1,68.12000274658203,47.349998474121094,-62.36000061035156,146.3699951171875,0.0,43272,43291,43274,43276,0,43291,STANDBY
-3.1500000953674316,9.270000457763672,1.7599999904632568,0.0,-0.10000000149011612,0.5,1021.6118774414062,23.899999618530273,9.754938125610352,-2.982835054397583,374007840,1267769984,14.0,0.06687777489423752,238.3300018310547,9,1,68.1500015258789,47.34000015258789,-62.279998779296875,146.00999450683594,0.0,43372,43392,43386,43388,0,43392,STANDBY
-3.1600000858306885,9.25,1.7400000095367432,0.0,-0.10000000149011612,0.10000000149011612,1021.4954833984375,23.81999969482422,10.700053215026855,1.1153538227081299,374007840,1267769984,14.0,0.06687777489423752,238.3300018310547,9,1,68.12000274658203,47.349998474121094,-62.34000015258789,145.82000732421875,0.0,43472,43492,43483,43485,0,43492,STANDBY
-3.180000066757202,9.239999771118164,1.75,0.0,0.0,-0.4000000059604645,1021.3875122070312,23.75,11.575063705444336,3.513859987258911,374007840,1267769984,14.0,0.06687777489423752,238.3300018310547,9,1,68.25,47.380001068115234,-62.08000183105469,145.39999389648438,0.0,43572,43592,43579,43581,0,43592,STANDBY
-3.130000114440918,9.300000190734863,1.7400000095367432,0.0,0.0,0.4000000059604645,1021.466552734375,23.799999237060547,10.933735847473145,0.19662132859230042,374007840,1267769984,14.0,0.06687777489423752,238.3300018310547,9,1,68.41000366210938,47.36000061035156,-61.779998779296875,144.9600067138672,0.0,43672,43693,43675,43691,0,43693,STANDBY
-3.130000114440918,9.279999732971191,1.7400000095367432,0.0,0.0,0.0,1021.5376586914062,23.84000015258789,10.357318878173828,-1.7186965942382812,374007840,1267769984,14.0,0.06687777489423752,238.3300018310547,9,1,68.38999938964844,47.31999969482422,-61.86000061035156,144.72999572753906,0.0,43772,43793,43788,43790,0,43793,STANDBY
-3.1700000762939453,9.25,1.75,0.0,0.0,0.30000001192092896,1021.6057739257812,23.8799991607666,9.80427074432373,-2.869719982147217,374007840,1267769984,14.0,0.06687777489423752,238.3300018310547,9,1,68.33000183105469,47.369998931884766,-61.95000076293945,144.57000732421875,0.0,43872,43893,43884,43886,0,43893,STANDBY
-3.130000114440918,9.279999732971191,1.7400000095367432,0.0,-0.10000000149011612,0.10000000149011612,1021.4893798828125,23.809999465942383,10.749385833740234,1.1877473592758179,374007840,1267769984,14.0,0.06687777489423752,238.3300018310547,9,1,68.33000183105469,47.33000183105469,-61.959999084472656,144.32000732421875,0.0,43972,43993,43981,43982,0,43993,STANDBY
-3.1600000858306885,9.279999732971191,1.7599999904632568,0.0,-0.10000000149011612,-0.30000001192092896,1021.3829956054688,23.739999771118164,11.611413955688477,3.518648147583008,374007840,1267769984,14.0,0.06687777489423752,238.3300018310547,9,1,68.45999908447266,47.34000015258789,-61.720001220703125,143.92999267578125,0.0,44072,44093,44078,44080,0,44093,STANDBY
-3.1700000762939453,9.270000457763672,1.75,0.0,0.0,-0.10000000149011612,1021.4634399414062,23.790000915527344,10.959700584411621,0.16645203530788422,374007840,1267769984,14.0,0.19548887014389038,238.3300018310547,9,1,68.51000213623047,47.369998931884766,-61.59000015258789,143.58999633789062,0.0,44172,44193,44189,44192,0,44193,STANDBY
-3.130000114440918,9.300000190734863,1.75,0.0,-0.10000000149011612,-0.10000000149011612,1021.5404052734375,23.829999923706055,10.333950996398926,-1.9291038513183594,374007840,1267769984,12.100000381469727,0.19548887014389038,238.3300018310547,12,1,68.48999786376953,47.349998474121094,-61.650001525878906,143.38999938964844,0.0,44272,44293,44286,44288,0,44293,STANDBY
-3.1600000858306885,9.260000228881836,1.7599999904632568,0.0,-0.10000000149011612,0.10000000149011612,1021.61572265625,23.8700008392334,9.723780632019043,-3.2307918071746826,374007840,1267769984,12.100000381469727,0.19548887014389038,238.3300018310547,12,1,68.45999908447266,47.369998931884766,-61.70000076293945,143.1999969482422,0.0,44372,44393,44383,44384,0,44393,STANDBY
-3.140000104904175,9.260000228881836,1.75,0.0,-0.10000000149011612,0.30000001192092896,1021.4944458007812,23.799999237060547,10.707842826843262,1.0812921524047852,374007840,1267769984,12.100000381469727,0.19548887014389038,238.3300018310547,12,1,68.4000015258789,47.36000061035156,-61.79999923706055,143.0399932861328,0.0,44472,44493,44479,44481,0,44493,STANDBY
-3.1500000953674316,9.289999961853027,1.75,-0.10000000149011612,0.0,-0.10000000149011612,1021.463134765625,23.729999542236328,10.962296485900879,0.9973704814910889,374007840,1267769984,12.100000381469727,0.19548887014389038,238.3300018310547,12,1,68.45999908447266,47.349998474121094,-61.68000030517578,142.72000122070312,0.0,44572,44593,44575,44576,0,44593,STANDBY
-3.1500000953674316,9.270000457763672,1.7300000190734863,0.0,0.0,0.10000000149011612,1021.5372924804688,23.770000457763672,10.359915733337402,-1.7712059020996094,374007840,1267769984,12.100000381469727,0.19548887014389038,238.3300018310547,12,1,68.51000213623047,47.380001068115234,-61.59000015258789,142.38999938964844,0.0,44672,44693,44688,44691,0,44693,STANDBY
-3.1600000858306885,9.270000457763672,1.75,0.0,-0.10000000149011612,0.10000000149011612,1021.6093139648438,23.81999969482422,9.775710105895996,-3.4703943729400635,374007840,1267769984,12.100000381469727,0.19548887014389038,238.3300018310547,12,1,68.55000305175781,47.380001068115234,-61.4900016784668,142.10000610351562,0.0,44772,44793,44784,44786,0,44793,STANDBY
-3.1700000762939453,9.25,1.75,0.0,-0.10000000149011612,0.0,1021.4906005859375,23.780000686645508,10.73900032043457,1.632108449935913,374007840,1267769984,12.100000381469727,0.19548887014389038,238.3300018310547,12,1,68.56999969482422,47.41999816894531,-61.43000030517578,141.83999633789062,0.0,44872,44893,44880,44882,0,44893,STANDBY
-3.1500000953674316,9.260000228881836,1.7400000095367432,0.0,-0.10000000149011612,0.10000000149011612,1021.382568359375,23.709999084472656,11.616606712341309,4.5549750328063965,374007840,1267769984,12.100000381469727,0.19548887014389038,238.3300018310547,12,1,68.58999633789062,47.43000030517578,-61.400001525878906,141.58999633789062,0.0,44972,44993,44977,44979,0,44993,STANDBY
-3.1700000762939453,9.270000457763672,1.7400000095367432,0.0,0.0,-0.20000000298023224,1021.4609375,23.760000228881836,10.98047161102295,0.37064361572265625,374007840,1267769984,12.100000381469727,0.19548887014389038,238.3300018310547,12,1,68.6500015258789,47.439998626708984,-61.279998779296875,141.25999450683594,0.0,45072,45093,45089,45091,0,45093,STANDBY
-3.1500000953674316,9.270000457763672,1.75,0.0,-0.10000000149011612,0.0,1021.5353393554688,23.809999465942383,10.375494003295898,-2.1826984882354736,374007840,1267769984,12.100000381469727,0.19548887014389038,238.3300018310547,12,1,68.70999908447266,47.459999084472656,-61.13999938964844,140.9499969482422,0.0,45172,45193,45186,45188,0,45193,STANDBY
-3.1500000953674316,9.279999732971191,1.75,0.0,0.0,-0.20000000298023224,1021.6057739257812,23.850000381469727,9.80427074432373,-3.6818201541900635,374007904,1267769984,12.100000381469727,1.054611086845398,317.8699951171875,12,1,68.72000122070312,47.470001220703125,-61.119998931884766,140.72000122070312,0.0,45272,45293,45283,45285,0,45293,STANDBY
-3.1500000953674316,9.270000457763672,1.7400000095367432,0.0,-0.10000000149011612,0.10000000149011612,1021.49267578125,23.770000457763672,10.723421096801758,1.3202364444732666,374007904,1267769984,11.600000381469727,1.054611086845398,317.8699951171875,10,1,68.76000213623047,47.5,-61.04999923706055,140.47000122070312,0.0,45372,45393,45379,45381,0,45393,STANDBY
-3.1600000858306885,9.270000457763672,1.7599999904632568,0.0,-0.10000000149011612,0.30000001192092896,1021.3803100585938,23.700000762939453,11.634782791137695,4.490397930145264,374007904,1267769984,11.600000381469727,1.054611086845398,317.8699951171875,10,1,68.75,47.5,-61.060001373291016,140.25999450683594,0.0,45472,45493,45475,45477,0,45493,STANDBY
-3.1500000953674316,9.260000228881836,1.75,0.0,-0.10000000149011612,0.20000000298023224,1021.458740234375,23.75,10.99864673614502,0.32931041717529297,374007904,1267769984,11.600000381469727,1.054611086845398,317.8699951171875,10,1,68.77999877929688,47.4900016784668,-60.959999084472656,139.9499969482422,0.0,45572,45593,45588,45590,0,45593,STANDBY
-3.1700000762939453,9.25,1.7599999904632568,0.0,-0.10000000149011612,0.10000000149011612,1021.5347900390625,23.790000915527344,10.380687713623047,-2.261077404022217,374007904,1267769984,11.600000381469727,1.054611086845398,317.8699951171875,10,1,68.88999938964844,47.5099983215332,-60.689998626708984,139.55999755859375,0.0,45672,45693,45684,45690,0,45693,STANDBY
-3.1600000858306885,9.25,1.7400000095367432,-0.10000000149011612,-0.10000000149011612,-0.20000000298023224,1021.6068115234375,23.84000015258789,9.796481132507324,-3.7839159965515137,374007904,1267769984,11.600000381469727,1.054611086845398,317.8699951171875,10,1,68.9000015258789,47.5,-60.650001525878906,139.32000732421875,0.0,45772,45793,45780,45783,0,45793,STANDBY
-3.1500000953674316,9.279999732971191,1.7400000095367432,0.0,0.0,-0.10000000149011612,1021.4863891601562,23.760000228881836,10.772754669189453,1.4833879470825195,374007904,1267769984,11.600000381469727,1.054611086845398,317.8699951171875,10,1,68.94000244140625,47.5,-60.54999923706055,139.0500030517578,0.0,45872,45893,45877,45879,0,45893,STANDBY
-3.1500000953674316,9.279999732971191,1.75,-0.10000000149011612,0.0,0.10000000149011612,1021.37744140625,23.68000030517578,11.658150672912598,4.490952491760254,374007904,1267769984,11.600000381469727,1.054611086845398,317.8699951171875,10,1,68.95999908447266,47.52000045776367,-60.47999954223633,138.77999877929688,0.0,45972,45993,45989,45991,0,45993,STANDBY
-3.130000114440918,9.279999732971191,1.75,0.0,-0.10000000149011612,0.20000000298023224,1021.455810546875,23.729999542236328,11.022015571594238,0.3296692371368408,374007904,1267769984,11.600000381469727,1.054611086845398,317.8699951171875,10,1,68.98999786376953,47.5099983215332,-60.40999984741211,138.52999877929688,0.0,46072,46093,46086,46088,0,46093,STANDBY
-3.1500000953674316,9.279999732971191,1.75,0.0,-0.10000000149011612,0.10000000149011612,1021.5321044921875,23.780000686645508,10.401458740234375,-2.2712390422821045,374007904,1267769984,11.600000381469727,1.054611086845398,317.8699951171875,10,1,69.0199966430664,47.5099983215332,-60.33000183105469,138.27999877929688,0.0,46173,46193,46182,46184,0,46193,STANDBY
-3.180000066757202,9.260000228881836,1.7599999904632568,0.0,0.0,0.0,1021.6011962890625,23.81999969482422,9.840621948242188,-3.6969401836395264,374007904,1267769984,11.600000381469727,0.5504555106163025,336.94000244140625,10,1,68.9800033569336,47.529998779296875,-60.40999984741211,138.14999389648438,0.0,46273,46294,46279,46280,0,46294,STANDBY
-3.1600000858306885,9.260000228881836,1.7400000095367432,0.0,0.0,-0.10000000149011612,1021.4868774414062,23.739999771118164,10.770157814025879,1.3521015644073486,374007904,1267769984,12.399999618530273,0.5504555106163025,336.94000244140625,9,1,69.0999984741211,47.540000915527344,-60.11000061035156,137.7100067138672,0.0,46373,46394,46391,46393,0,46394,STANDBY
-3.1500000953674316,9.289999961853027,1.7400000095367432,0.0,0.0,0.10000000149011612,1021.3744506835938,23.670000076293945,11.6815185546875,4.5107879638671875,374007904,1267769984,12.399999618530273,0.5504555106163025,336.94000244140625,9,1,69.11000061035156,47.540000915527344,-60.119998931884766,137.52999877929688,0.0,46473,46494,46487,46489,0,46494,STANDBY
-3.1700000762939453,9.279999732971191,1.75,0.0,-0.10000000149011612,-0.10000000149011612,1021.4528198242188,23.719999313354492,11.04538345336914,0.3423640727996826,374007904,1267769984,12.399999618530273,0.5504555106163025,336.94000244140625,9,1,69.19000244140625,47.58000183105469,-59.90999984741211,137.2100067138672,0.0,46573,46594,46583,46585,0,46594,STANDBY
-3.1500000953674316,9.260000228881836,1.7599999904632568,0.0,-0.10000000149011612,0.30000001192092896,1021.5289306640625,23.760000228881836,10.427423477172852,-2.2527267932891846,374007904,1267769984,12.399999618530273,0.5504555106163025,336.94000244140625,9,1,69.16000366210938,47.59000015258789,-59.95000076293945,137.05999755859375,0.0,46673,46694,46681,46692,0,46694,STANDBY
-3.1500000953674316,9.25,1.75,0.0,0.0,-0.10000000149011612,1021.6024780273438,23.809999465942383,9.830235481262207,-3.8304972648620605,374007904,1267769984,12.399999618530273,0.5504555106163025,336.94000244140625,9,1,69.1500015258789,47.59000015258789,-59.970001220703125,136.89999389648438,0.0,46773,46794,46777,46779,0,46794,STANDBY
-3.1700000762939453,9.270000457763672,1.7400000095367432,0.0,-0.10000000149011612,-0.20000000298023224,1021.482177734375,23.729999542236328,10.80650806427002,1.4535720348358154,374007904,1267769984,12.399999618530273,0.5504555106163025,336.94000244140625,9,1,69.2300033569336,47.619998931884766,-59.790000915527344,136.57000732421875,0.0,46873,46894,46888,46891,0,46894,STANDBY
-3.140000104904175,9.279999732971191,1.75,0.0,0.0,-0.10000000149011612,1021.3699340820312,23.649999618530273,11.717869758605957,4.575732707977295,374007904,1267769984,12.399999618530273,0.5504555106163025,336.94000244140625,9,1,69.19000244140625,47.61000061035156,-59.88999938964844,136.47999572753906,0.0,46974,46994,46986,46987,0,46994,STANDBY
-3.1600000858306885,9.25,1.75,0.0,-0.10000000149011612,0.30000001192092896,1021.4469604492188,23.700000762939453,11.092120170593262,0.42547059059143066,374007904,1267769984,12.399999618530273,0.5504555106163025,336.94000244140625,9,1,69.12000274658203,47.630001068115234,-60.04999923706055,136.4199981689453,0.0,47074,47094,47082,47084,0,47094,STANDBY
-3.1500000953674316,9.25,1.7400000095367432,0.0,0.0,-0.20000000298023224,1021.5211181640625,23.75,10.492335319519043,-2.126838207244873,374007904,1267769984,12.399999618530273,0.5504555106163025,336.94000244140625,9,1,69.20999908447266,47.630001068115234,-59.84000015258789,136.10000610351562,0.0,47174,47194,47178,47179,0,47194,STANDBY
-3.140000104904175,9.279999732971191,1.7400000095367432,0.0,0.0,0.5,1021.5914306640625,23.790000915527344,9.921112060546875,-3.6012678146362305,374007872,1267769984,12.399999618530273,0.41669997572898865,244.63999938964844,9,1,69.20999908447266,47.650001525878906,-59.83000183105469,135.88999938964844,0.0,47275,47294,47290,47292,0,47294,STANDBY
-3.130000114440918,9.25,1.7599999904632568,0.0,0.0,0.20000000298023224,1021.4807739257812,23.719999313354492,10.819490432739258,1.2887020111083984,374007872,1267769984,11.100000381469727,0.41669997572898865,244.63999938964844,9,1,69.20999908447266,47.619998931884766,-59.83000183105469,135.7100067138672,0.0,47375,47394,47387,47388,0,47394,STANDBY
-3.1600000858306885,9.270000457763672,1.7400000095367432,0.0,0.0,-0.5,1021.374267578125,23.649999618530273,11.6815185546875,4.272881984710693,374007872,1267769984,11.100000381469727,0.41669997572898865,244.63999938964844,9,1,69.2300033569336,47.66999816894531,-59.75,135.5,0.0,47475,47494,47483,47484,0,47494,STANDBY
-3.140000104904175,9.270000457763672,1.75,0.0,0.0,0.6000000238418579,1021.45263671875,23.690000534057617,11.047980308532715,0.20049166679382324,374007872,1267769984,11.100000381469727,0.41669997572898865,244.63999938964844,9,1,69.22000122070312,47.65999984741211,-59.79999923706055,135.36000061035156,0.0,47575,47594,47580,47582,0,47594,STANDBY
-3.140000104904175,9.279999732971191,1.75,0.0,-0.10000000149011612,0.10000000149011612,1021.5320434570312,23.739999771118164,10.401458740234375,-2.4577715396881104,374007872,1267769984,11.100000381469727,0.41669997572898865,244.63999938964844,9,1,69.30999755859375,47.68000030517578,-59.619998931884766,135.0399932861328,0.0,47675,47694,47692,47694,0,47694,STANDBY
-3.190000057220459,9.239999771118164,1.7599999904632568,0.0,-0.10000000149011612,-0.20000000298023224,1021.6079711914062,23.780000686645508,9.78609561920166,-4.034426212310791,374007872,1267769984,11.100000381469727,0.41669997572898865,244.63999938964844,9,1,69.27999877929688,47.720001220703125,-59.619998931884766,134.89999389648438,0.0,47775,47794,47789,47790,0,47794,STANDBY
-3.1600000858306885,9.3100004196167,1.7599999904632568,0.0,0.0,0.4000000059604645,1021.5120849609375,23.709999084472656,10.56503677368164,0.5337316989898682,374007872,1267769984,11.100000381469727,0.41669997572898865,244.63999938964844,9,1,69.33999633789062,47.70000076293945,-59.41999816894531,134.5800018310547,0.0,47875,47894,47885,47887,0,47894,STANDBY
-3.1500000953674316,9.260000228881836,1.7400000095367432,0.0,0.0,0.20000000298023224,1021.4241943359375,23.649999618530273,11.276469230651855,3.1873180866241455,374007872,1267769984,11.100000381469727,0.41669997572898865,244.63999938964844,9,1,69.31999969482422,47.720001220703125,-59.5,134.47999572753906,0.0,47975,47994,47981,47982,0,47994,STANDBY
-3.1700000762939453,9.239999771118164,1.7400000095367432,0.0,0.0,-0.20000000298023224,1021.5075073242188,23.700000762939453,10.601387023925781,-0.6604452133178711,374007872,1267769984,11.100000381469727,0.41669997572898865,244.63999938964844,9,1,69.33000183105469,47.75,-59.459999084472656,134.3000030517578,0.0,48075,48094,48077,48078,0,48094,STANDBY
-3.1500000953674316,9.279999732971191,1.7599999904632568,0.0,0.0,-0.4000000059604645,1021.5828247070312,23.739999771118164,9.991216659545898,-2.8633663654327393,374007872,1267769984,11.100000381469727,0.41669997572898865,244.63999938964844,9,1,69.37999725341797,47.72999954223633,-59.310001373291016,134.0,0.0,48175,48194,48190,48191,0,48194,STANDBY
-3.1500000953674316,9.279999732971191,1.75,0.0,0.0,-0.10000000149011612,1021.6539306640625,23.780000686645508,9.414800643920898,-4.138218402862549,374007840,1267769984,11.100000381469727,0.14918887615203857,244.63999938964844,9,1,69.38999938964844,47.72999954223633,-59.290000915527344,133.8300018310547,0.0,48275,48294,48286,48287,0,48294,STANDBY
-3.130000114440918,9.279999732971191,1.75,-0.10000000149011612,-0.10000000149011612,0.30000001192092896,1021.552001953125,23.709999084472656,10.240477561950684,0.6542477607727051,374007840,1267769984,10.899999618530273,0.14918887615203857,244.63999938964844,9,1,69.47000122070312,47.72999954223633,-59.09000015258789,133.5399932861328,0.0,48375,48394,48382,48385,0,48394,STANDBY
-3.180000066757202,9.279999732971191,1.75,0.0,-0.10000000149011612,0.30000001192092896,1021.4473266601562,23.639999389648438,11.089523315429688,3.81490159034729,374007840,1267769984,10.899999618530273,0.14918887615203857,244.63999938964844,9,1,69.4800033569336,47.7599983215332,-59.0099983215332,133.33999633789062,0.0,48475,48494,48479,48481,0,48494,STANDBY
-3.1500000953674316,9.229999542236328,1.7300000190734863,0.0,-0.10000000149011612,0.4000000059604645,1021.5289916992188,23.690000534057617,10.427423477172852,-0.206862211227417,374007840,1267769984,10.899999618530273,0.14918887615203857,244.63999938964844,9,1,69.44000244140625,47.79999923706055,-59.130001068115234,133.27999877929688,0.0,48575,48594,48591,48592,0,48594,STANDBY
-3.1500000953674316,9.289999961853027,1.7300000190734863,-0.10000000149011612,0.0,-0.5,1021.6043090820312,23.729999542236328,9.817253112792969,-2.573073387145996,374007840,1267769984,10.899999618530273,0.14918887615203857,244.63999938964844,9,1,69.52999877929688,47.810001373291016,-58.95000076293945,133.00999450683594,0.0,48676,48695,48688,48695,0,48695,STANDBY
-3.1700000762939453,9.25,1.7400000095367432,0.0,0.0,-0.20000000298023224,1021.6812744140625,23.770000457763672,9.19150447845459,-4.14976167678833,374007840,1267769984,10.899999618530273,0.14918887615203857,244.63999938964844,9,1,69.54000091552734,47.84000015258789,-58.900001525878906,132.83999633789062,0.0,48776,48795,48784,48785,0,48795,STANDBY
-3.140000104904175,9.300000190734863,1.7400000095367432,0.0,0.0,0.5,1021.5675048828125,23.690000534057617,10.11584758758545,1.041524887084961,374007840,1267769984,10.899999618530273,0.14918887615203857,244.63999938964844,9,1,69.51000213623047,47.83000183105469,-58.97999954223633,132.75,0.0,48876,48896,48880,48882,0,48896,STANDBY
-3.1500000953674316,9.260000228881836,1.7200000286102295,0.0,-0.10000000149011612,0.30000001192092896,1021.4617309570312,23.6200008392334,10.97268295288086,4.093917369842529,374007840,1267769984,10.899999618530273,0.14918887615203857,244.63999938964844,9,1,69.55000305175781,47.88999938964844,-58.939998626708984,132.5800018310547,0.0,48976,48996,48993,48994,0,48996,STANDBY
-3.180000066757202,9.239999771118164,1.7300000190734863,0.0,0.0,0.20000000298023224,1021.5449829101562,23.670000076293945,10.297599792480469,-0.08022546768188477,374007840,1267769984,10.899999618530273,0.14918887615203857,244.63999938964844,9,1,69.5,47.959999084472656,-59.099998474121094,132.5800018310547,0.0,49076,49096,49089,49090,0,49096,STANDBY
-3.1500000953674316,9.270000457763672,1.7400000095367432,0.0,-0.10000000149011612,-0.10000000149011612,1021.614501953125,23.719999313354492,9.734166145324707,-2.3050789833068848,374007840,1267769984,10.899999618530273,0.14918887615203857,244.63999938964844,9,1,69.51000213623047,47.939998626708984,-59.060001373291016,132.41000366210938,0.0,49176,49196,49185,49186,0,49196,STANDBY
-3.1600000858306885,9.270000457763672,1.7400000095367432,0.0,0.0,-0.20000000298023224,1021.676025390625,23.760000228881836,9.235644340515137,-3.4693379402160645,374007808,1267769984,10.899999618530273,0.2160666435956955,230.74000549316406,9,1,69.56999969482422,47.939998626708984,-58.86000061035156,132.1300048828125,0.0,49276,49296,49282,49283,0,49296,STANDBY
-3.1600000858306885,9.270000457763672,1.75,0.0,0.0,0.10000000149011612,1021.556396484375,23.68000030517578,10.204127311706543,1.6535553932189941,374007808,1267769984,10.199999809265137,0.2160666435956955,230.74000549316406,10,1,69.63999938964844,47.95000076293945,-58.619998931884766,131.82000732421875,0.0,49376,49396,49393,49395,0,49396,STANDBY
-3.130000114440918,9.279999732971191,1.7400000095367432,0.0,0.0,-0.10000000149011612,1021.440673828125,23.600000381469727,11.144049644470215,4.817965030670166,374007808,1267769984,10.199999809265137,0.2160666435956955,230.74000549316406,10,1,69.63999938964844,47.939998626708984,-58.63999938964844,131.7100067138672,0.0,49476,49496,49489,49491,0,49496,STANDBY
-3.1500000953674316,9.270000457763672,1.7300000190734863,0.0,0.0,0.10000000149011612,1021.5125122070312,23.649999618530273,10.562439918518066,0.75705885887146,374007808,1267769984,10.199999809265137,0.2160666435956955,230.74000549316406,10,1,69.66000366210938,47.95000076293945,-58.59000015258789,131.5500030517578,0.0,49576,49596,49587,49588,0,49596,STANDBY
-3.140000104904175,9.289999961853027,1.7400000095367432,0.0,-0.10000000149011612,0.6000000238418579,1021.5836181640625,23.700000762939453,9.983427047729492,-1.8315337896347046,374007808,1267769984,10.199999809265137,0.2160666435956955,230.74000549316406,10,1,69.62000274658203,47.959999084472656,-58.66999816894531,131.5,0.0,49676,49696,49683,49694,0,49696,STANDBY
-3.190000057220459,9.25,1.7300000190734863,-0.10000000149011612,0.0,0.10000000149011612,1021.662353515625,23.739999771118164,9.344696044921875,-3.7271056175231934,374007808,1267769984,10.199999809265137,0.2160666435956955,230.74000549316406,10,1,69.66999816894531,48.0099983215332,-58.529998779296875,131.2899932861328,0.0,49776,49796,49779,49781,0,49796,STANDBY
-3.1600000858306885,9.260000228881836,1.7300000190734863,0.0,0.0,-0.10000000149011612,1021.5501708984375,23.65999984741211,10.256056785583496,1.2600953578948975,374007808,1267769984,10.199999809265137,0.2160666435956955,230.74000549316406,10,1,69.6500015258789,48.02000045776367,-58.560001373291016,131.17999267578125,0.0,49876,49896,49891,49893,0,49896,STANDBY
-3.1700000762939453,9.270000457763672,1.75,0.0,0.0,-0.5,1021.4500122070312,23.59000015258789,11.06875228881836,4.0572428703308105,374007808,1267769984,10.199999809265137,0.2160666435956955,230.74000549316406,10,1,69.63999938964844,48.02000045776367,-58.560001373291016,131.05999755859375,0.0,49976,49996,49988,49989,0,49996,STANDBY
-3.1600000858306885,9.279999732971191,1.7400000095367432,0.0,0.0,0.10000000149011612,1021.5332641601562,23.639999389648438,10.393670082092285,-0.10369324684143066,374007808,1267769984,10.199999809265137,0.2160666435956955,230.74000549316406,10,1,69.69999694824219,48.040000915527344,-58.38999938964844,130.83999633789062,0.0,50076,50096,50084,50085,0,50096,STANDBY
-3.140000104904175,9.289999961853027,1.75,0.0,-0.10000000149011612,0.30000001192092896,1021.6165771484375,23.690000534057617,9.715991020202637,-2.7770798206329346,374007808,1267769984,10.199999809265137,0.2160666435956955,230.74000549316406,10,1,69.68000030517578,48.029998779296875,-58.439998626708984,130.75999450683594,0.0,50176,50196,50181,50182,0,50196,STANDBY
-3.1700000762939453,9.260000228881836,1.75,0.0,0.0,0.20000000298023224,1021.68798828125,23.729999542236328,9.136978149414062,-4.093382835388184,374007744,1267769984,10.199999809265137,0.13375554978847504,230.74000549316406,10,1,69.76000213623047,48.029998779296875,-58.16999816894531,130.42999267578125,0.0,50276,50296,50292,50294,0,50296,STANDBY
-3.180000066757202,9.25,1.75,-0.10000000149011612,-0.10000000149011612,0.10000000149011612,1021.5748291015625,23.649999618530273,10.05612850189209,1.0568363666534424,374007744,1267769984,9.800000190734863,0.13375554978847504,230.74000549316406,10,1,69.76000213623047,48.029998779296875,-58.04999923706055,130.25,0.0,50376,50396,50388,50391,0,50396,STANDBY
-3.140000104904175,9.34000015258789,1.7400000095367432,0.0,-0.10000000149011612,0.10000000149011612,1021.4684448242188,23.579999923706055,10.918156623840332,4.12448787689209,374007744,1267769984,9.800000190734863,0.13375554978847504,230.74000549316406,10,1,69.83999633789062,47.9900016784668,-57.880001068115234,130.02000427246094,0.0,50476,50496,50485,50487,0,50496,STANDBY
-3.2100000381469727,9.239999771118164,1.7599999904632568,0.0,-0.10000000149011612,0.4000000059604645,1021.5488891601562,23.6299991607666,10.26644229888916,0.032814979553222656,374007744,1267769984,9.800000190734863,0.13375554978847504,230.74000549316406,10,1,69.83999633789062,48.06999969482422,-57.84000015258789,129.9199981689453,0.0,50576,50596,50581,50583,0,50596,STANDBY
-3.1700000762939453,9.239999771118164,1.75,0.0,-0.10000000149011612,0.10000000149011612,1021.6235961914062,23.68000030517578,9.66146469116211,-2.398908853530884,374007744,1267769984,9.800000190734863,0.13375554978847504,230.74000549316406,10,1,69.8499984741211,48.04999923706055,-57.75,129.74000549316406,0.0,50676,50696,50694,50696,0,50696,STANDBY
-3.1600000858306885,9.260000228881836,1.7400000095367432,-0.10000000149011612,0.0,-1.2999999523162842,1021.6903686523438,23.719999313354492,9.118803024291992,-3.7059483528137207,374007744,1267769984,9.800000190734863,0.13375554978847504,230.74000549316406,10,1,69.91000366210938,48.02000045776367,-57.619998931884766,129.55999755859375,0.0,50776,50796,50790,50792,0,50796,STANDBY
-3.1500000953674316,9.300000190734863,1.7599999904632568,0.0,0.0,0.10000000149011612,1021.5711059570312,23.649999618530273,10.087285995483398,1.5021250247955322,374007744,1267769984,9.800000190734863,0.13375554978847504,230.74000549316406,10,1,69.87999725341797,48.029998779296875,-57.68000030517578,129.52999877929688,0.0,50876,50896,50886,50888,0,50896,STANDBY
-3.130000114440918,9.289999961853027,1.7400000095367432,0.0,-0.10000000149011612,1.399999976158142,1021.4522094726562,23.56999969482422,11.050576210021973,4.814520835876465,374007744,1267769984,9.800000190734863,0.13375554978847504,230.74000549316406,10,1,69.91000366210938,48.040000915527344,-57.599998474121094,129.38999938964844,0.0,50976,50996,50982,50984,0,50996,STANDBY
-3.190000057220459,9.220000267028809,1.7400000095367432,0.0,0.0,-0.4000000059604645,1021.5296630859375,23.6200008392334,10.42223072052002,0.5679113864898682,374007744,1267769984,9.800000190734863,0.13375554978847504,230.74000549316406,10,1,69.87000274658203,48.09000015258789,-57.65999984741211,129.3800048828125,0.0,51076,51096,51079,51081,0,51096,STANDBY
-3.190000057220459,9.229999542236328,1.7400000095367432,0.0,0.0,-0.5,1021.5974731445312,23.670000076293945,9.871779441833496,-1.8383418321609497,374007744,1267769984,9.800000190734863,0.21092219650745392,230.74000549316406,10,1,69.87999725341797,48.11000061035156,-57.59000015258789,129.25,0.0,51176,51196,51191,51192,0,51196,STANDBY
-3.119999885559082,9.300000190734863,1.75,0.0,0.0,-0.800000011920929,1021.6629638671875,23.709999084472656,9.339503288269043,-3.3056435585021973,374007744,1267769984,9.899999618530273,0.21092219650745392,230.74000549316406,11,1,69.93000030517578,48.040000915527344,-57.47999954223633,129.07000732421875,0.0,51276,51296,51288,51290,0,51296,STANDBY
-3.1700000762939453,9.270000457763672,1.7599999904632568,0.0,-0.20000000298023224,0.699999988079071,1021.5449829101562,23.639999389648438,10.297599792480469,1.7167742252349854,374007744,1267769984,9.899999618530273,0.21092219650745392,230.74000549316406,11,1,69.87999725341797,48.06999969482422,-57.54999923706055,129.05999755859375,0.0,51376,51396,51384,51386,0,51396,STANDBY
-3.1500000953674316,9.260000228881836,1.75,0.0,-0.20000000298023224,0.8999999761581421,1021.4276733398438,23.559999465942383,11.250504493713379,4.9103546142578125,374007744,1267769984,9.899999618530273,0.21092219650745392,230.74000549316406,11,1,69.8499984741211,48.06999969482422,-57.61000061035156,129.0399932861328,0.0,51476,51496,51480,51482,0,51496,STANDBY
-3.180000066757202,9.239999771118164,1.7599999904632568,0.0,0.0,0.4000000059604645,1021.5011596679688,23.610000610351562,10.653316497802734,0.7538750171661377,374007744,1267769984,9.899999618530273,0.21092219650745392,230.74000549316406,11,1,69.8499984741211,48.09000015258789,-57.58000183105469,128.94000244140625,0.0,51576,51596,51593,51594,0,51596,STANDBY
-3.1600000858306885,9.270000457763672,1.75,0.0,0.0,-0.4000000059604645,1021.574951171875,23.65999984741211,10.05612850189209,-1.9062719345092773,374007744,1267769984,9.899999618530273,0.21092219650745392,230.74000549316406,11,1,69.87999725341797,48.06999969482422,-57.4900016784668,128.7899932861328,0.0,51677,51696,51689,51696,0,51696,STANDBY
-3.1500000953674316,9.279999732971191,1.7599999904632568,0.0,0.0,-0.5,1021.6378173828125,23.700000762939453,9.544624328613281,-3.266030788421631,374007744,1267769984,9.899999618530273,0.21092219650745392,230.74000549316406,11,1,69.8499984741211,48.060001373291016,-57.58000183105469,128.7899932861328,0.0,51777,51796,51785,51786,0,51796,STANDBY
-3.1500000953674316,9.270000457763672,1.75,0.0,-0.10000000149011612,0.4000000059604645,1021.5214233398438,23.6200008392334,10.489739418029785,1.6902005672454834,374007744,1267769984,9.899999618530273,0.21092219650745392,230.74000549316406,11,1,69.88999938964844,48.06999969482422,-57.38999938964844,128.58999633789062,0.0,51877,51896,51881,51883,0,51896,STANDBY
-3.130000114440918,9.279999732971191,1.75,0.0,0.0,0.20000000298023224,1021.4109497070312,23.549999237060547,11.385520935058594,4.664854526519775,374007744,1267769984,9.899999618530273,0.21092219650745392,230.74000549316406,11,1,69.9000015258789,48.040000915527344,-57.369998931884766,128.49000549316406,0.0,51977,51996,51993,51995,0,51996,STANDBY
-3.1700000762939453,9.270000457763672,1.7400000095367432,0.0,0.0,0.0,1021.4946899414062,23.600000381469727,10.705245971679688,0.2644071578979492,374007744,1267769984,9.899999618530273,0.21092219650745392,230.74000549316406,11,1,69.91000366210938,48.08000183105469,-57.33000183105469,128.39999389648438,0.0,52077,52096,52089,52091,0,52096,STANDBY
-3.1700000762939453,9.260000228881836,1.7400000095367432,0.0,0.0,0.30000001192092896,1021.5744018554688,23.649999618530273,10.058725357055664,-2.4168617725372314,374007712,1267769984,9.899999618530273,0.1903444230556488,230.74000549316406,11,1,69.94000244140625,48.130001068115234,-57.279998779296875,128.32000732421875,0.0,52177,52196,52186,52188,0,52196,STANDBY
-3.140000104904175,9.289999961853027,1.7400000095367432,0.0,-0.10000000149011612,0.10000000149011612,1021.6510009765625,23.690000534057617,9.4381685256958,-4.029018878936768,374007712,1267769984,10.0,0.1903444230556488,230.74000549316406,11,1,69.94999694824219,48.130001068115234,-57.29999923706055,128.27999877929688,0.0,52277,52296,52282,52284,0,52296,STANDBY
-3.180000066757202,9.239999771118164,1.7400000095367432,0.0,-0.10000000149011612,-0.20000000298023224,1021.5372924804688,23.610000610351562,10.359915733337402,1.1084167957305908,374007712,1267769984,10.0,0.1903444230556488,230.74000549316406,11,1,69.91999816894531,48.16999816894531,-57.369998931884766,128.3000030517578,0.0,52377,52396,52378,52381,0,52396,STANDBY
-3.140000104904175,9.260000228881836,1.7300000190734863,0.0,0.0,-0.4000000059604645,1021.4373168945312,23.540000915527344,11.170014381408691,3.9497814178466797,374007712,1267769984,10.0,0.1903444230556488,230.74000549316406,11,1,70.01000213623047,48.16999816894531,-57.119998931884766,128.0500030517578,0.0,52477,52496,52491,52493,0,52496,STANDBY
-3.1600000858306885,9.279999732971191,1.7300000190734863,0.0,0.0,-0.4000000059604645,1021.51904296875,23.59000015258789,10.507914543151855,-0.12053918838500977,374007712,1267769984,10.0,0.1903444230556488,230.74000549316406,11,1,70.05000305175781,48.18000030517578,-57.029998779296875,127.94999694824219,0.0,52577,52596,52587,52589,0,52596,STANDBY
-3.140000104904175,9.260000228881836,1.75,0.0,0.0,0.699999988079071,1021.596435546875,23.6299991607666,9.879569053649902,-2.590527057647705,374007712,1267769984,10.0,0.1903444230556488,230.74000549316406,11,1,70.05000305175781,48.20000076293945,-56.970001220703125,127.86000061035156,0.0,52677,52696,52683,52696,0,52696,STANDBY
-3.1500000953674316,9.279999732971191,1.75,0.0,-0.10000000149011612,0.4000000059604645,1021.670166015625,23.68000030517578,9.282380104064941,-4.046693325042725,374007712,1267769984,10.0,0.1903444230556488,230.74000549316406,11,1,70.05999755859375,48.18000030517578,-56.93000030517578,127.79000091552734,0.0,52777,52796,52780,52782,0,52796,STANDBY
-3.200000047683716,9.229999542236328,1.7400000095367432,0.0,-0.10000000149011612,0.30000001192092896,1021.5537719726562,23.600000381469727,10.227495193481445,1.1905765533447266,374007712,1267769984,10.0,0.1903444230556488,230.74000549316406,11,1,69.95999908447266,48.25,-57.20000076293945,127.97000122070312,0.0,52877,52896,52892,52893,0,52896,STANDBY
-3.140000104904175,9.289999961853027,1.75,0.0,0.0,-0.30000001192092896,1021.4407958984375,23.530000686645508,11.144049644470215,4.428186893463135,374007712,1267769984,10.0,0.1903444230556488,230.74000549316406,11,1,69.94000244140625,48.22999954223633,-57.279998779296875,127.98999786376953,0.0,52977,52996,52988,52989,0,52996,STANDBY
-3.1600000858306885,9.260000228881836,1.75,0.0,0.0,-0.699999988079071,1021.5125732421875,23.579999923706055,10.559844017028809,0.5430371761322021,374007712,1267769984,10.0,0.1903444230556488,230.74000549316406,11,1,70.02999877929688,48.209999084472656,-57.0,127.73999786376953,0.0,53078,53096,53085,53086,0,53096,STANDBY
-3.130000114440918,9.289999961853027,1.75,0.0,-0.10000000149011612,0.30000001192092896,1021.584716796875,23.6299991607666,9.975638389587402,-1.9892786741256714,374007680,1267769984,10.0,0.632766604423523,229.1199951171875,11,1,70.0999984741211,48.18000030517578,-56.7599983215332,127.5199966430664,0.0,53178,53196,53181,53183,0,53196,STANDBY
-3.1600000858306885,9.279999732971191,1.7400000095367432,0.0,-0.10000000149011612,-0.20000000298023224,1021.6459350585938,23.670000076293945,9.47971248626709,-3.2568421363830566,374007680,1267769984,10.800000190734863,0.632766604423523,229.1199951171875,11,1,70.05999755859375,48.209999084472656,-56.86000061035156,127.58999633789062,0.0,53278,53296,53293,53295,0,53296,STANDBY
-3.1600000858306885,9.239999771118164,1.7400000095367432,0.0,-0.10000000149011612,0.30000001192092896,1021.5263061523438,23.59000015258789,10.448195457458496,1.789552927017212,374007680,1267769984,10.800000190734863,0.632766604423523,229.1199951171875,11,1,70.0,48.2599983215332,-57.02000045776367,127.70999908447266,0.0,53378,53396,53389,53391,0,53396,STANDBY
-3.119999885559082,9.300000190734863,1.75,0.0,-0.10000000149011612,0.30000001192092896,1021.4149169921875,23.520000457763672,11.354363441467285,4.769986152648926,374007680,1267769984,10.800000190734863,0.632766604423523,229.1199951171875,11,1,70.0,48.209999084472656,-57.040000915527344,127.68000030517578,0.0,53478,53496,53485,53487,0,53496,STANDBY
-3.180000066757202,9.239999771118164,1.75,0.0,-0.10000000149011612,0.10000000149011612,1021.48974609375,23.56999969482422,10.746789932250977,0.6224973201751709,374007680,1267769984,10.800000190734863,0.632766604423523,229.1199951171875,11,1,69.94000244140625,48.2400016784668,-57.209999084472656,127.80000305175781,0.0,53578,53596,53581,53583,0,53596,STANDBY
-3.1700000762939453,9.270000457763672,1.75,0.0,0.0,0.10000000149011612,1021.5635375976562,23.6200008392334,10.147005081176758,-2.0007410049438477,374007680,1267769984,10.800000190734863,0.632766604423523,229.1199951171875,11,1,69.88999938964844,48.22999954223633,-57.34000015258789,127.86000061035156,0.0,53678,53697,53694,53697,0,53697,STANDBY
-3.1500000953674316,9.270000457763672,1.75,0.0,0.0,-0.10000000149011612,1021.6264038085938,23.65999984741211,9.638096809387207,-3.3161072731018066,374007680,1267769984,10.800000190734863,0.632766604423523,229.1199951171875,11,1,69.9000015258789,48.220001220703125,-57.310001373291016,127.80000305175781,0.0,53778,53797,53790,53792,0,53797,STANDBY
-3.1500000953674316,9.289999961853027,1.75,0.0,0.0,-0.10000000149011612,1021.5084228515625,23.579999923706055,10.593597412109375,1.6996936798095703,374007680,1267769984,10.800000190734863,0.632766604423523,229.1199951171875,11,1,69.94000244140625,48.20000076293945,-57.16999816894531,127.66000366210938,0.0,53878,53897,53886,53889,0,53897,STANDBY
-3.130000114440918,9.279999732971191,1.75,0.10000000149011612,-0.10000000149011612,0.10000000149011612,1021.3947143554688,23.5,11.51794147491455,4.78518009185791,374007680,1267769984,10.800000190734863,0.632766604423523,229.1199951171875,11,1,69.93000030517578,48.209999084472656,-57.209999084472656,127.66999816894531,0.0,53978,53997,53983,53985,0,53997,STANDBY
-3.1600000858306885,9.260000228881836,1.7400000095367432,0.0,0.0,0.20000000298023224,1021.4734497070312,23.559999465942383,10.879209518432617,0.5075874328613281,374007680,1267769984,10.800000190734863,0.632766604423523,229.1199951171875,11,1,69.97000122070312,48.220001220703125,-57.060001373291016,127.54000091552734,0.0,54078,54098,54095,54096,0,54098,STANDBY
-3.1500000953674316,9.279999732971191,1.7400000095367432,0.0,0.0,0.10000000149011612,1021.5465698242188,23.600000381469727,10.284618377685547,-2.0535085201263428,374007680,1267769984,10.800000190734863,0.2160666435956955,229.1199951171875,11,1,69.94000244140625,48.2400016784668,-57.20000076293945,127.62999725341797,0.0,54178,54198,54192,54194,0,54198,STANDBY
-3.1500000953674316,9.279999732971191,1.75,0.0,0.0,0.20000000298023224,1021.6185913085938,23.649999618530273,9.700411796569824,-3.6510720252990723,374007680,1267769984,10.899999618530273,0.2160666435956955,229.1199951171875,10,1,69.95999908447266,48.2400016784668,-57.099998474121094,127.52999877929688,0.0,54278,54298,54288,54289,0,54298,STANDBY
-3.1600000858306885,9.260000228881836,1.7300000190734863,0.0,0.0,0.10000000149011612,1021.5045166015625,23.56999969482422,10.627351760864258,1.3710737228393555,374007680,1267769984,10.899999618530273,0.2160666435956955,229.1199951171875,10,1,69.94999694824219,48.279998779296875,-57.15999984741211,127.56999969482422,0.0,54378,54398,54384,54385,0,54398,STANDBY
-3.130000114440918,9.3100004196167,1.75,-0.10000000149011612,-0.10000000149011612,0.30000001192092896,1021.4029541015625,23.489999771118164,11.450432777404785,4.169811248779297,374007680,1267769984,10.899999618530273,0.2160666435956955,229.1199951171875,10,1,69.9800033569336,48.2400016784668,-57.11000061035156,127.51000213623047,0.0,54478,54498,54480,54481,0,54498,STANDBY
-3.2200000286102295,9.220000267028809,1.7400000095367432,0.0,-0.10000000149011612,0.30000001192092896,1021.4879760742188,23.540000915527344,10.759772300720215,-0.0939626693725586,374007680,1267769984,10.899999618530273,0.2160666435956955,229.1199951171875,10,1,69.91000366210938,48.34000015258789,-57.2599983215332,127.62999725341797,0.0,54578,54598,54593,54594,0,54598,STANDBY
-3.130000114440918,9.270000457763672,1.7200000286102295,-0.10000000149011612,0.0,-0.30000001192092896,1021.5689086914062,23.59000015258789,10.102865219116211,-2.6877644062042236,374007680,1267769984,10.899999618530273,0.2160666435956955,229.1199951171875,10,1,69.94999694824219,48.31999969482422,-57.18000030517578,127.55000305175781,0.0,54678,54699,54689,54697,0,54699,STANDBY
-3.1500000953674316,9.300000190734863,1.7400000095367432,0.0,0.0,-0.6000000238418579,1021.6439208984375,23.6299991607666,9.495290756225586,-4.1504669189453125,374007680,1267769984,10.899999618530273,0.2160666435956955,229.1199951171875,10,1,70.0,48.31999969482422,-57.060001373291016,127.44999694824219,0.0,54778,54799,54786,54787,0,54799,STANDBY
-3.1700000762939453,9.270000457763672,1.75,0.0,-0.10000000149011612,0.10000000149011612,1021.5357666015625,23.559999465942383,10.37289810180664,0.8541305065155029,374007680,1267769984,10.899999618530273,0.2160666435956955,229.1199951171875,10,1,69.93000030517578,48.380001068115234,-57.22999954223633,127.5999984741211,0.0,54878,54899,54897,54899,0,54899,STANDBY
-3.130000114440918,9.300000190734863,1.7400000095367432,0.0,-0.10000000149011612,0.4000000059604645,1021.434326171875,23.479999542236328,11.195979118347168,3.8389675617218018,374007680,1267769984,10.899999618530273,0.2160666435956955,229.1199951171875,10,1,69.97000122070312,48.349998474121094,-57.150001525878906,127.51000213623047,0.0,54978,54999,54993,54995,0,54999,STANDBY
-3.1700000762939453,9.239999771118164,1.7300000190734863,0.0,-0.10000000149011612,0.4000000059604645,1021.5159301757812,23.530000686645508,10.533879280090332,-0.19145989418029785,374007680,1267769984,10.899999618530273,0.2160666435956955,229.1199951171875,10,1,69.9000015258789,48.40999984741211,-57.31999969482422,127.6500015258789,0.0,55078,55099,55090,55092,0,55099,STANDBY
-3.1500000953674316,9.270000457763672,1.7400000095367432,0.0,-0.10000000149011612,0.20000000298023224,1021.5962524414062,23.579999923706055,9.88216495513916,-2.729391574859619,374007744,1267769984,10.899999618530273,0.9465776681900024,350.3399963378906,10,1,69.8499984741211,48.41999816894531,-57.52000045776367,127.80000305175781,0.0,55178,55199,55186,55188,0,55199,STANDBY
-3.1500000953674316,9.260000228881836,1.7300000190734863,0.0,0.0,-0.6000000238418579,1021.66845703125,23.6299991607666,9.29536247253418,-4.094020843505859,374007744,1267769984,11.5,0.9465776681900024,350.3399963378906,10,1,69.87999725341797,48.439998626708984,-57.4900016784668,127.7699966430664,0.0,55278,55299,55282,55284,0,55299,STANDBY
-3.1700000762939453,9.260000228881836,1.7400000095367432,0.0,0.0,-0.30000001192092896,1021.55029296875,23.549999237060547,10.253459930419922,1.2122163772583008,374007744,1267769984,11.5,0.9465776681900024,350.3399963378906,10,1,69.87000274658203,48.47999954223633,-57.52000045776367,127.79000091552734,0.0,55378,55399,55395,55397,0,55399,STANDBY
-3.1500000953674316,9.289999961853027,1.7300000190734863,0.0,-0.20000000298023224,0.4000000059604645,1021.43701171875,23.479999542236328,11.17261028289795,4.452419757843018,374007744,1267769984,11.5,0.9465776681900024,350.3399963378906,10,1,69.87999725341797,48.470001220703125,-57.52000045776367,127.79000091552734,0.0,55478,55499,55491,55493,0,55499,STANDBY
-3.180000066757202,9.260000228881836,1.75,0.0,-0.10000000149011612,0.20000000298023224,1021.4989013671875,23.520000457763672,10.671491622924805,0.8450741767883301,374007744,1267769984,11.5,0.9465776681900024,350.3399963378906,10,1,69.8499984741211,48.5099983215332,-57.599998474121094,127.86000061035156,0.0,55578,55599,55587,55589,0,55599,STANDBY
-3.180000066757202,9.25,1.7300000190734863,0.0,-0.10000000149011612,0.10000000149011612,1021.5728149414062,23.56999969482422,10.071707725524902,-1.858288049697876,374007744,1267769984,11.5,0.9465776681900024,350.3399963378906,10,1,69.87000274658203,48.540000915527344,-57.52000045776367,127.80000305175781,0.0,55678,55699,55684,55697,0,55699,STANDBY
-3.1700000762939453,9.239999771118164,1.7400000095367432,0.0,0.0,-0.5,1021.63623046875,23.610000610351562,9.55760669708252,-3.245708465576172,374007744,1267769984,11.5,0.9465776681900024,350.3399963378906,10,1,69.91000366210938,48.56999969482422,-57.40999984741211,127.7300033569336,0.0,55778,55799,55796,55797,0,55799,STANDBY
-3.1600000858306885,9.260000228881836,1.7400000095367432,0.0,0.0,-0.5,1021.5137329101562,23.540000915527344,10.552054405212402,1.9005372524261475,374007744,1267769984,11.5,0.9465776681900024,350.3399963378906,10,1,69.87000274658203,48.56999969482422,-57.54999923706055,127.83000183105469,0.0,55878,55899,55892,55895,0,55899,STANDBY
-3.119999885559082,9.289999961853027,1.7400000095367432,0.0,0.0,0.20000000298023224,1021.400390625,23.459999084472656,11.47120475769043,4.820855140686035,374007744,1267769984,11.5,0.9465776681900024,350.3399963378906,10,1,69.9000015258789,48.540000915527344,-57.470001220703125,127.7699966430664,0.0,55979,55999,55989,55991,0,55999,STANDBY
-3.180000066757202,9.270000457763672,1.7400000095367432,0.0,-0.10000000149011612,0.5,1021.4051513671875,23.469999313354492,11.432257652282715,2.908787250518799,374007744,1267769984,11.5,0.9465776681900024,350.3399963378906,10,1,69.88999938964844,48.58000183105469,-57.470001220703125,127.79000091552734,0.0,56079,56099,56085,56086,0,56099,STANDBY
-3.180000066757202,9.25,1.7400000095367432,0.0,0.0,0.4000000059604645,1021.4826049804688,23.520000457763672,10.803912162780762,-0.14908161759376526,374007744,1267769984,11.5,0.41669997572898865,350.3399963378906,10,1,69.83000183105469,48.599998474121094,-57.630001068115234,127.91999816894531,0.0,56179,56199,56181,56182,0,56199,STANDBY
-3.1500000953674316,9.260000228881836,1.7400000095367432,0.0,-0.10000000149011612,0.30000001192092896,1021.5537719726562,23.56999969482422,10.227495193481445,-1.9399465322494507,374007744,1267769984,11.600000381469727,0.41669997572898865,350.3399963378906,10,1,69.88999938964844,48.59000015258789,-57.439998626708984,127.77999877929688,0.0,56279,56299,56294,56295,0,56299,STANDBY
-3.1700000762939453,9.260000228881836,1.7599999904632568,0.0,0.0,-0.10000000149011612,1021.4383544921875,23.489999771118164,11.162224769592285,1.7495689392089844,374007744,1267769984,11.600000381469727,0.41669997572898865,350.3399963378906,10,1,69.98999786376953,48.56999969482422,-57.11000061035156,127.55000305175781,0.0,56379,56399,56390,56392,0,56399,STANDBY
-3.1500000953674316,9.289999961853027,1.75,0.0,0.0,0.10000000149011612,1021.3306884765625,23.420000076293945,12.037235260009766,3.919757843017578,374007744,1267769984,11.600000381469727,0.41669997572898865,350.3399963378906,10,1,69.94000244140625,48.54999923706055,-57.2400016784668,127.66000366210938,0.0,56479,56499,56486,56488,0,56499,STANDBY
-3.140000104904175,9.270000457763672,1.7400000095367432,0.0,-0.10000000149011612,0.10000000149011612,1021.2709350585938,23.389999389648438,12.52017879486084,4.0540642738342285,374007744,1267769984,11.600000381469727,0.41669997572898865,350.3399963378906,10,1,69.88999938964844,48.540000915527344,-57.43000030517578,127.80999755859375,0.0,56579,56599,56583,56585,0,56599,STANDBY
-3.200000047683716,9.229999542236328,1.7400000095367432,0.0,0.0,-0.20000000298023224,1021.3526611328125,23.440000534057617,11.858078956604004,0.47588178515434265,374007744,1267769984,11.600000381469727,0.41669997572898865,350.3399963378906,10,1,69.91000366210938,48.56999969482422,-57.310001373291016,127.75,0.0,56679,56699,56695,56698,0,56699,STANDBY
-3.130000114440918,9.270000457763672,1.75,0.0,0.0,-0.20000000298023224,1021.43505859375,23.489999771118164,11.190786361694336,-1.830772042274475,374007744,1267769984,11.600000381469727,0.41669997572898865,350.3399963378906,10,1,69.94999694824219,48.540000915527344,-57.189998626708984,127.66999816894531,0.0,56779,56799,56792,56793,0,56799,STANDBY
-3.130000114440918,9.300000190734863,1.75,0.0,0.0,-0.20000000298023224,1021.3250122070312,23.420000076293945,12.081375122070312,1.6781898736953735,374007744,1267769984,11.600000381469727,0.41669997572898865,350.3399963378906,10,1,69.93000030517578,48.5099983215332,-57.27000045776367,127.73999786376953,0.0,56879,56899,56888,56889,0,56899,STANDBY
-3.1600000858306885,9.270000457763672,1.75,0.0,-0.10000000149011612,0.4000000059604645,1021.2200927734375,23.350000381469727,12.93301773071289,3.799298048019409,374007744,1267769984,11.600000381469727,0.41669997572898865,350.3399963378906,10,1,69.94000244140625,48.529998779296875,-57.16999816894531,127.69999694824219,0.0,56979,57004,57000,56997,0,57004,STANDBY
-3.140000104904175,9.279999732971191,1.7400000095367432,0.0,-0.10000000149011612,0.30000001192092896,1021.12109375,23.290000915527344,13.737922668457031,5.007246494293213,374007744,1267769984,11.600000381469727,0.41669997572898865,350.3399963378906,10,1,69.9000015258789,48.529998779296875,-57.33000183105469,127.8499984741211,0.0,57079,57104,57097,57098,0,57104,STANDBY
-3.1600000858306885,9.239999771118164,1.7400000095367432,0.0,-0.10000000149011612,0.10000000149011612,1021.2128295898438,23.350000381469727,12.992735862731934,0.8200401663780212,374007712,1267769984,11.600000381469727,0.15433332324028015,350.3399963378906,10,1,69.91999816894531,48.560001373291016,-57.220001220703125,127.79000091552734,0.0,57179,57204,57193,57194,0,57204,STANDBY
-3.1700000762939453,9.279999732971191,1.7599999904632568,0.0,-0.10000000149011612,0.10000000149011612,1021.3031005859375,23.40999984741211,12.260531425476074,-1.8182286024093628,374007712,1267769984,11.0,0.15433332324028015,350.3399963378906,10,1,69.91000366210938,48.560001373291016,-57.25,127.8499984741211,0.0,57279,57304,57289,57290,0,57304,STANDBY
-3.180000066757202,9.239999771118164,1.75,-0.10000000149011612,-0.10000000149011612,0.10000000149011612,1021.2054443359375,23.34000015258789,13.052454948425293,1.3704890012741089,374007712,1267769984,11.0,0.15433332324028015,350.3399963378906,10,1,69.86000061035156,48.56999969482422,-57.36000061035156,127.97000122070312,0.0,57379,57404,57402,57403,0,57404,STANDBY
-3.1600000858306885,9.229999542236328,1.7300000190734863,-0.10000000149011612,-0.10000000149011612,-0.6000000238418579,1021.107666015625,23.280000686645508,13.84697437286377,3.369722843170166,374007712,1267769984,11.0,0.15433332324028015,350.3399963378906,10,1,69.83999633789062,48.59000015258789,-57.40999984741211,128.0399932861328,0.0,57480,57504,57498,57499,0,57504,STANDBY
-3.1500000953674316,9.289999961853027,1.75,-0.10000000149011612,0.0,-0.20000000298023224,1021.0147094726562,23.219999313354492,14.599950790405273,4.566147327423096,374007712,1267769984,11.0,0.15433332324028015,350.3399963378906,10,1,69.86000061035156,48.54999923706055,-57.34000015258789,128.0,0.0,57580,57604,57594,57595,0,57604,STANDBY
-3.1700000762939453,9.279999732971191,1.75,0.0,-0.10000000149011612,0.20000000298023224,1021.115966796875,23.280000686645508,13.77946662902832,0.2967849671840668,374007712,1267769984,11.0,0.15433332324028015,350.3399963378906,10,1,69.94999694824219,48.58000183105469,-57.060001373291016,127.83999633789062,0.0,57680,57704,57691,57699,0,57704,STANDBY
-3.1600000858306885,9.260000228881836,1.75,0.0,0.0,0.30000001192092896,1021.2103271484375,23.34000015258789,13.013507843017578,-2.2611258029937744,374007712,1267769984,11.0,0.15433332324028015,350.3399963378906,10,1,69.94999694824219,48.59000015258789,-57.029998779296875,127.87000274658203,0.0,57780,57804,57802,57804,0,57804,STANDBY
-3.180000066757202,9.289999961853027,1.7699999809265137,0.0,-0.10000000149011612,0.30000001192092896,1021.1185913085938,23.280000686645508,13.758694648742676,0.9374772310256958,374007712,1267769984,11.0,0.15433332324028015,350.3399963378906,10,1,69.91000366210938,48.599998474121094,-57.119998931884766,127.98999786376953,0.0,57880,57904,57899,57901,0,57904,STANDBY
-3.1700000762939453,9.25,1.75,0.0,0.0,0.0,1021.026123046875,23.219999313354492,14.509075164794922,3.0012032985687256,374007712,1267769984,11.0,0.15433332324028015,350.3399963378906,10,1,69.83000183105469,48.619998931884766,-57.36000061035156,128.22000122070312,0.0,57980,58004,57995,57997,0,58004,STANDBY
-3.180000066757202,9.25,1.7599999904632568,0.0,0.0,-0.4000000059604645,1020.9430541992188,23.170000076293945,15.181560516357422,4.072723388671875,374007712,1267769984,11.0,0.15433332324028015,350.3399963378906,10,1,69.83000183105469,48.61000061035156,-57.29999923706055,128.2100067138672,0.0,58080,58104,58092,58093,0,58104,STANDBY
-3.1500000953674316,9.289999961853027,1.7599999904632568,0.0,0.0,0.0,1021.0513305664062,23.229999542236328,14.303953170776367,-0.20180054008960724,374007680,1267769984,11.0,0.13375554978847504,350.3399963378906,10,1,69.80999755859375,48.61000061035156,-57.439998626708984,128.35000610351562,0.0,58180,58204,58188,58189,0,58204,STANDBY
-3.1500000953674316,9.270000457763672,1.75,0.0,-0.10000000149011612,0.20000000298023224,1021.1500244140625,23.290000915527344,13.501644134521484,-2.6965413093566895,374007680,1267769984,10.899999618530273,0.13375554978847504,350.3399963378906,10,1,69.80000305175781,48.630001068115234,-57.459999084472656,128.4199981689453,0.0,58280,58304,58300,58302,0,58304,STANDBY
-3.1500000953674316,9.260000228881836,1.75,0.0,0.0,0.4000000059604645,1021.0611572265625,23.229999542236328,14.22346305847168,0.5840341448783875,374007680,1267769984,10.899999618530273,0.13375554978847504,350.3399963378906,10,1,69.80000305175781,48.630001068115234,-57.43000030517578,128.44000244140625,0.0,58380,58404,58396,58398,0,58404,STANDBY
-3.1700000762939453,9.25,1.75,0.0,-0.10000000149011612,0.10000000149011612,1020.9851684570312,23.18000030517578,14.841423034667969,2.3512537479400635,374007680,1267769984,10.899999618530273,0.13375554978847504,350.3399963378906,10,1,69.73999786376953,48.65999984741211,-57.619998931884766,128.6300048828125,0.0,58480,58504,58493,58494,0,58504,STANDBY
-3.200000047683716,9.25,1.75,-0.10000000149011612,0.0,-0.10000000149011612,1020.9119262695312,23.1200008392334,15.436014175415039,3.407494068145752,374007680,1267769984,10.899999618530273,0.13375554978847504,350.3399963378906,10,1,69.83999633789062,48.70000076293945,-57.31999969482422,128.47000122070312,0.0,58580,58604,58590,58591,0,58604,STANDBY
-3.1600000858306885,9.270000457763672,1.7599999904632568,0.0,0.0,-0.30000001192092896,1021.0324096679688,23.190000534057617,14.457145690917969,-0.9515829086303711,374007680,1267769984,10.899999618530273,0.13375554978847504,350.3399963378906,10,1,69.88999938964844,48.689998626708984,-57.189998626708984,128.4199981689453,0.0,58680,58704,58701,58703,0,58704,STANDBY
-3.1700000762939453,9.25,1.7599999904632568,0.0,-0.10000000149011612,-0.4000000059604645,1021.143310546875,23.25,13.556170463562012,-3.492133855819702,374007680,1267769984,10.899999618530273,0.13375554978847504,350.3399963378906,10,1,69.8499984741211,48.689998626708984,-57.290000915527344,128.5500030517578,0.0,58780,58804,58798,58800,0,58804,STANDBY
-3.1500000953674316,9.289999961853027,1.7699999809265137,0.0,-0.10000000149011612,0.4000000059604645,1021.0636596679688,23.200000762939453,14.202691078186035,-0.16609974205493927,374007680,1267769984,10.899999618530273,0.13375554978847504,350.3399963378906,10,1,69.83999633789062,48.66999816894531,-57.27000045776367,128.5800018310547,0.0,58880,58904,58894,58896,0,58904,STANDBY
-3.1600000858306885,9.270000457763672,1.75,0.0,-0.10000000149011612,0.30000001192092896,1020.9876708984375,23.139999389648438,14.820651054382324,1.8711681365966797,374007680,1267769984,10.899999618530273,0.13375554978847504,350.3399963378906,10,1,69.81999969482422,48.70000076293945,-57.349998474121094,128.6999969482422,0.0,58980,59004,58991,58992,0,59004,STANDBY
-3.180000066757202,9.25,1.75,0.0,0.0,0.10000000149011612,1020.9151611328125,23.09000015258789,15.410049438476562,3.083622455596924,374007680,1267769984,10.899999618530273,0.13375554978847504,350.3399963378906,10,1,69.80000305175781,48.709999084472656,-57.45000076293945,128.8300018310547,0.0,59080,59104,59087,59088,0,59104,STANDBY
-3.190000057220459,9.300000190734863,1.7699999809265137,0.10000000149011612,0.0,0.4000000059604645,1021.0349731445312,23.15999984741211,14.436373710632324,-1.1422439813613892,374007680,1267769984,10.899999618530273,0.03086666576564312,350.3399963378906,10,1,69.80000305175781,48.720001220703125,-57.4900016784668,128.91000366210938,0.0,59180,59204,59199,59201,0,59204,STANDBY
-3.180000066757202,9.25,1.7400000095367432,0.0,0.0,-0.10000000149011612,1021.1465454101562,23.229999542236328,13.530205726623535,-3.6307735443115234,374007680,1267769984,10.5,0.03086666576564312,350.3399963378906,10,1,69.86000061035156,48.7599983215332,-57.33000183105469,128.86000061035156,0.0,59280,59304,59296,59297,0,59304,STANDBY
-3.1700000762939453,9.25,1.7400000095367432,0.10000000149011612,0.0,-0.4000000059604645,1021.0733032226562,23.170000076293945,14.124796867370605,-0.4210035502910614,374007680,1267769984,10.5,0.03086666576564312,350.3399963378906,10,1,69.83999633789062,48.779998779296875,-57.43000030517578,129.0,0.0,59380,59404,59393,59394,0,59404,STANDBY
-3.1500000953674316,9.279999732971191,1.75,0.0,0.0,0.20000000298023224,1021.0044555664062,23.1200008392334,14.683037757873535,1.5169285535812378,374007680,1267769984,10.5,0.03086666576564312,350.3399963378906,10,1,69.87999725341797,48.79999923706055,-57.369998931884766,129.02000427246094,0.0,59480,59504,59489,59490,0,59504,STANDBY
-3.1500000953674316,9.270000457763672,1.7400000095367432,0.0,-0.10000000149011612,0.4000000059604645,1020.9365844726562,23.079999923706055,15.236085891723633,2.740588426589966,374007680,1267769984,10.5,0.03086666576564312,350.3399963378906,10,1,69.83999633789062,48.81999969482422,-57.54999923706055,129.22999572753906,0.0,59580,59604,59600,59602,0,59604,STANDBY
-3.1600000858306885,9.260000228881836,1.75,0.0,-0.10000000149011612,0.4000000059604645,1021.048828125,23.149999618530273,14.324725151062012,-1.1623777151107788,374007680,1267769984,10.5,0.03086666576564312,350.3399963378906,10,1,69.86000061035156,48.84000015258789,-57.5,129.25,0.0,59680,59704,59697,59700,0,59704,STANDBY
-3.1600000858306885,9.270000457763672,1.75,0.0,-0.20000000298023224,0.10000000149011612,1021.1571655273438,23.209999084472656,13.4445219039917,-3.5605721473693848,374007680,1267769984,10.5,0.03086666576564312,350.3399963378906,10,1,69.83000183105469,48.84000015258789,-57.61000061035156,129.39999389648438,0.0,59780,59804,59794,59795,0,59804,STANDBY
-3.1700000762939453,9.25,1.75,0.0,0.0,-0.10000000149011612,1021.0960693359375,23.170000076293945,13.940447807312012,-0.6918033957481384,374007680,1267769984,10.5,0.03086666576564312,350.3399963378906,10,1,69.81999969482422,48.849998474121094,-57.650001525878906,129.5,0.0,59880,59904,59890,59891,0,59904,STANDBY
-3.1500000953674316,9.279999732971191,1.75,-0.10000000149011612,0.0,0.10000000149011612,1021.0331420898438,23.1200008392334,14.45195198059082,1.1940592527389526,374007680,1267769984,10.5,0.03086666576564312,350.3399963378906,10,1,69.77999877929688,48.849998474121094,-57.7400016784668,129.6300048828125,0.0,59980,60004,60002,60004,0,60004,STANDBY
-3.1500000953674316,9.25,1.7400000095367432,0.0,0.0,0.10000000149011612,1020.9765625,23.079999923706055,14.911527633666992,2.234840154647827,374007680,1267769984,10.5,0.03086666576564312,350.3399963378906,10,1,69.73999786376953,48.86000061035156,-57.880001068115234,129.8000030517578,0.0,60080,60104,60099,60100,0,60104,STANDBY
-3.1700000762939453,9.260000228881836,1.7400000095367432,0.0,0.0,-0.10000000149011612,1021.0907592773438,23.149999618530273,13.984587669372559,-1.5359101295471191,374007712,1267769984,10.5,0.3343888819217682,350.3399963378906,10,1,69.75,48.880001068115234,-57.880001068115234,129.86000061035156,0.0,60180,60204,60195,60196,0,60204,STANDBY
-3.1500000953674316,9.279999732971191,1.7400000095367432,0.0,0.0,0.0,1021.1964111328125,23.209999084472656,13.12515640258789,-3.7331626415252686,374007712,1267769984,10.399999618530273,0.3343888819217682,350.3399963378906,10,1,69.7699966430664,48.88999938964844,-57.880001068115234,129.91000366210938,0.0,60280,60304,60292,60293,0,60304,STANDBY
-3.140000104904175,9.260000228881836,1.7300000190734863,0.0,0.0,-0.10000000149011612,1021.1257934570312,23.15999984741211,13.698976516723633,-0.5890039801597595,374007712,1267769984,10.399999618530273,0.3343888819217682,350.3399963378906,10,1,69.87999725341797,48.90999984741211,-57.619998931884766,129.7899932861328,0.0,60381,60404,60388,60389,0,60404,STANDBY
-3.1700000762939453,9.260000228881836,1.7200000286102295,0.0,0.0,0.10000000149011612,1021.052978515625,23.110000610351562,14.290970802307129,1.5174192190170288,374007712,1267769984,10.399999618530273,0.3343888819217682,350.3399963378906,10,1,69.83999633789062,48.95000076293945,-57.77000045776367,130.0,0.0,60481,60504,60500,60498,0,60504,STANDBY
-3.1700000762939453,9.279999732971191,1.7200000286102295,0.0,-0.10000000149011612,0.10000000149011612,1020.9795532226562,23.059999465942383,14.885562896728516,2.87384295463562,374007712,1267769984,10.399999618530273,0.3343888819217682,350.3399963378906,10,1,69.83999633789062,49.0099983215332,-57.86000061035156,130.13999938964844,0.0,60581,60604,60597,60598,0,60604,STANDBY
-3.1600000858306885,9.260000228881836,1.7200000286102295,0.0,0.0,0.10000000149011612,1021.0943603515625,23.1299991607666,13.95343017578125,-1.1435651779174805,374007712,1267769984,10.399999618530273,0.3343888819217682,350.3399963378906,10,1,69.9000015258789,49.04999923706055,-57.720001220703125,130.1199951171875,0.0,60681,60704,60693,60699,0,60704,STANDBY
-3.1500000953674316,9.270000457763672,1.7200000286102295,0.0,0.0,0.10000000149011612,1021.2011108398438,23.200000762939453,13.088805198669434,-3.4986817836761475,374007712,1267769984,10.399999618530273,0.3343888819217682,350.3399963378906,10,1,69.88999938964844,49.06999969482422,-57.83000183105469,130.27999877929688,0.0,60781,60804,60789,60790,0,60804,STANDBY
-3.1600000858306885,9.270000457763672,1.7200000286102295,0.0,0.0,-0.10000000149011612,1021.114501953125,23.139999389648438,13.789852142333984,0.0041938782669603825,374007712,1267769984,10.399999618530273,0.3343888819217682,350.3399963378906,10,1,69.8499984741211,49.11000061035156,-58.04999923706055,130.5399932861328,0.0,60881,60904,60901,60903,0,60904,STANDBY
-3.1700000762939453,9.25,1.7100000381469727,0.0,0.0,-0.20000000298023224,1021.0387573242188,23.09000015258789,14.405216217041016,1.9718490839004517,374007712,1267769984,10.399999618530273,0.3343888819217682,350.3399963378906,10,1,69.9000015258789,49.16999816894531,-57.95000076293945,130.5500030517578,0.0,60981,61004,60998,60999,0,61004,STANDBY
-3.1600000858306885,9.279999732971191,1.7200000286102295,-0.10000000149011612,-0.10000000149011612,0.0,1020.9579467773438,23.040000915527344,15.06212329864502,3.364086151123047,374007712,1267769984,10.399999618530273,0.3343888819217682,350.3399963378906,10,1,69.91999816894531,49.18000030517578,-57.91999816894531,130.61000061035156,0.0,61081,61104,61094,61095,0,61104,STANDBY
-3.1500000953674316,9.270000457763672,1.7200000286102295,0.0,-0.10000000149011612,0.30000001192092896,1021.0765380859375,23.110000610351562,14.098832130432129,-0.929516613483429,374007712,1267769984,10.399999618530273,0.10288888216018677,350.3399963378906,10,1,69.87000274658203,49.189998626708984,-58.11000061035156,130.8300018310547,0.0,61181,61204,61191,61192,0,61204,STANDBY
-3.1600000858306885,9.270000457763672,1.7300000190734863,-0.10000000149011612,-0.10000000149011612,0.10000000149011612,1021.1832885742188,23.18000030517578,13.231611251831055,-3.369997501373291,374007712,1267769984,10.0,0.10288888216018677,350.3399963378906,12,1,69.8499984741211,49.220001220703125,-58.20000076293945,130.99000549316406,0.0,61281,61304,61302,61304,0,61304,STANDBY
-3.1600000858306885,9.270000457763672,1.7400000095367432,0.0,0.0,0.10000000149011612,1021.0978393554688,23.1200008392334,13.927465438842773,0.06993503868579865,374007712,1267769984,10.0,0.10288888216018677,350.3399963378906,12,1,69.86000061035156,49.209999084472656,-58.150001525878906,131.02999877929688,0.0,61381,61404,61400,61401,0,61404,STANDBY
-3.1600000858306885,9.270000457763672,1.7300000190734863,0.0,0.0,0.20000000298023224,1021.0203247070312,23.06999969482422,14.555810928344727,2.055464029312134,374007712,1267769984,10.0,0.10288888216018677,350.3399963378906,12,1,69.83999633789062,49.220001220703125,-58.220001220703125,131.1699981689453,0.0,61481,61504,61496,61497,0,61504,STANDBY
-3.1600000858306885,9.260000228881836,1.7300000190734863,0.0,-0.10000000149011612,0.0,1020.94482421875,23.020000457763672,15.168578147888184,3.2763519287109375,374007712,1267769984,10.0,0.10288888216018677,350.3399963378906,12,1,69.81999969482422,49.220001220703125,-58.279998779296875,131.27999877929688,0.0,61581,61604,61592,61593,0,61604,STANDBY
-3.1600000858306885,9.270000457763672,1.7300000190734863,0.0,0.0,-0.10000000149011612,1021.0662231445312,23.100000381469727,14.18191909790039,-1.0604437589645386,374007712,1267769984,10.0,0.10288888216018677,350.3399963378906,12,1,69.76000213623047,49.220001220703125,-58.43000030517578,131.47000122070312,0.0,61681,61704,61688,61700,0,61704,STANDBY
-3.1600000858306885,9.270000457763672,1.7200000286102295,0.0,-0.10000000149011612,-0.10000000149011612,1021.17578125,23.170000076293945,13.293926239013672,-3.52026104927063,374007712,1267769984,10.0,0.10288888216018677,350.3399963378906,12,1,69.73999786376953,49.2400016784668,-58.47999954223633,131.60000610351562,0.0,61782,61804,61801,61802,0,61804,STANDBY
-3.1600000858306885,9.270000457763672,1.7200000286102295,-0.10000000149011612,0.0,-0.10000000149011612,1021.0914306640625,23.110000610351562,13.979394912719727,-0.059467315673828125,374007712,1267769984,10.0,0.10288888216018677,350.3399963378906,12,1,69.73999786376953,49.25,-58.4900016784668,131.67999267578125,0.0,61882,61904,61897,61898,0,61904,STANDBY
-3.1600000858306885,9.270000457763672,1.75,0.0,0.0,0.30000001192092896,1021.017822265625,23.059999465942383,14.576582908630371,1.872942566871643,374007712,1267769984,10.0,0.10288888216018677,350.3399963378906,12,1,69.68000030517578,49.2400016784668,-58.61000061035156,131.85000610351562,0.0,61982,62004,61993,61996,0,62004,STANDBY
-3.1600000858306885,9.260000228881836,1.7300000190734863,0.0,0.0,0.30000001192092896,1020.9430541992188,23.020000457763672,15.181560516357422,3.1346116065979004,374007712,1267769984,10.0,0.10288888216018677,350.3399963378906,12,1,69.6500015258789,49.25,-58.70000076293945,131.99000549316406,0.0,62082,62104,62090,62091,0,62104,STANDBY
-3.1600000858306885,9.260000228881836,1.7300000190734863,0.0,-0.10000000149011612,0.4000000059604645,1021.0584106445312,23.09000015258789,14.246830940246582,-0.9849832653999329,374007712,1267769984,10.0,0.08231110870838165,350.3399963378906,12,1,69.69000244140625,49.2599983215332,-58.61000061035156,132.00999450683594,0.0,62182,62204,62202,62203,0,62204,STANDBY
-3.1600000858306885,9.260000228881836,1.7400000095367432,0.0,0.0,0.30000001192092896,1021.1701049804688,23.15999984741211,13.340662956237793,-3.5301270484924316,374007712,1267769984,9.800000190734863,0.08231110870838165,350.3399963378906,12,1,69.70999908447266,49.27000045776367,-58.54999923706055,132.0500030517578,0.0,62282,62304,62299,62300,0,62304,STANDBY
-3.1700000762939453,9.260000228881836,1.75,0.0,0.0,-0.20000000298023224,1021.0882568359375,23.110000610351562,14.002762794494629,-0.14056186378002167,374007712,1267769984,9.800000190734863,0.08231110870838165,350.3399963378906,12,1,69.73999786376953,49.2599983215332,-58.41999816894531,132.02999877929688,0.0,62382,62404,62395,62397,0,62404,STANDBY
-3.1600000858306885,9.270000457763672,1.7400000095367432,0.0,0.0,-0.30000001192092896,1021.0108032226562,23.059999465942383,14.633705139160156,1.9290560483932495,374007712,1267769984,9.800000190734863,0.08231110870838165,350.3399963378906,12,1,69.70999908447266,49.25,-58.5,132.1699981689453,0.0,62482,62504,62491,62493,0,62504,STANDBY
-3.1600000858306885,9.270000457763672,1.7300000190734863,0.0,0.0,-0.10000000149011612,1020.9364013671875,23.010000228881836,15.236085891723633,3.1622142791748047,374007712,1267769984,9.800000190734863,0.08231110870838165,350.3399963378906,12,1,69.7300033569336,49.25,-58.459999084472656,132.24000549316406,0.0,62582,62604,62587,62589,0,62604,STANDBY
-3.1500000953674316,9.270000457763672,1.7400000095367432,0.0,-0.10000000149011612,0.10000000149011612,1021.0504760742188,23.09000015258789,14.309146881103516,-0.942387580871582,374007712,1267769984,9.800000190734863,0.08231110870838165,350.3399963378906,12,1,69.68000030517578,49.25,-58.599998474121094,132.42999267578125,0.0,62682,62704,62700,62701,0,62704,STANDBY
-3.1600000858306885,9.270000457763672,1.7400000095367432,0.0,-0.10000000149011612,0.4000000059604645,1021.1634521484375,23.15999984741211,13.392592430114746,-3.536102294921875,374007712,1267769984,9.800000190734863,0.08231110870838165,350.3399963378906,12,1,69.66000366210938,49.22999954223633,-58.619998931884766,132.52999877929688,0.0,62782,62804,62796,62797,0,62804,STANDBY
-3.1700000762939453,9.260000228881836,1.7400000095367432,0.0,0.0,0.30000001192092896,1021.0816650390625,23.100000381469727,14.057289123535156,-0.1360761672258377,374007712,1267769984,9.800000190734863,0.08231110870838165,350.3399963378906,12,1,69.62999725341797,49.2400016784668,-58.709999084472656,132.6699981689453,0.0,62882,62904,62893,62894,0,62904,STANDBY
-3.1700000762939453,9.260000228881836,1.7200000286102295,0.0,-0.10000000149011612,-0.10000000149011612,1021.0028076171875,23.049999237060547,14.696020126342773,1.9568504095077515,374007712,1267769984,9.800000190734863,0.08231110870838165,350.3399963378906,12,1,69.66000366210938,49.2599983215332,-58.630001068115234,132.6999969482422,0.0,62982,63004,62989,62991,0,63004,STANDBY
-3.180000066757202,9.260000228881836,1.7100000381469727,0.10000000149011612,0.0,-0.10000000149011612,1020.928466796875,23.010000228881836,15.300997734069824,3.188312530517578,374007712,1267769984,9.800000190734863,0.08231110870838165,350.3399963378906,12,1,69.66000366210938,49.310001373291016,-58.66999816894531,132.85000610351562,0.0,63082,63104,63101,63102,0,63104,STANDBY
-3.1700000762939453,9.260000228881836,1.7300000190734863,0.0,0.0,-0.20000000298023224,1021.0480346679688,23.079999923706055,14.329917907714844,-1.066935420036316,374007712,1267769984,9.800000190734863,0.12861110270023346,350.3399963378906,12,1,69.58999633789062,49.33000183105469,-58.91999816894531,133.1199951171875,0.0,63182,63204,63198,63200,0,63204,STANDBY
-3.1600000858306885,9.279999732971191,1.7300000190734863,0.0,0.0,0.10000000149011612,1021.1554565429688,23.149999618530273,13.457504272460938,-3.474562406539917,374007712,1267769984,9.800000190734863,0.12861110270023346,350.3399963378906,10,1,69.61000061035156,49.33000183105469,-58.88999938964844,133.17999267578125,0.0,63282,63304,63294,63296,0,63304,STANDBY
-3.1700000762939453,9.260000228881836,1.7200000286102295,0.0,0.0,0.20000000298023224,1021.0792846679688,23.100000381469727,14.075464248657227,-0.2462480515241623,374007712,1267769984,9.800000190734863,0.12861110270023346,350.3399963378906,10,1,69.5999984741211,49.349998474121094,-58.91999816894531,133.2899932861328,0.0,63382,63404,63390,63392,0,63404,STANDBY
-3.1600000858306885,9.260000228881836,1.7300000190734863,0.0,0.0,0.10000000149011612,1021.0021362304688,23.049999237060547,14.70380973815918,1.8531068563461304,374007712,1267769984,9.800000190734863,0.12861110270023346,350.3399963378906,10,1,69.55000305175781,49.349998474121094,-59.040000915527344,133.47000122070312,0.0,63482,63504,63503,63504,0,63504,STANDBY
-3.1500000953674316,9.260000228881836,1.7300000190734863,-0.10000000149011612,0.0,0.10000000149011612,1020.9349975585938,23.010000228881836,15.249068260192871,2.9308156967163086,374007712,1267769984,9.800000190734863,0.12861110270023346,350.3399963378906,10,1,69.52999877929688,49.349998474121094,-59.08000183105469,133.57000732421875,0.0,63582,63604,63599,63600,0,63604,STANDBY
-3.1700000762939453,9.260000228881836,1.7300000190734863,0.0,0.0,0.0,1021.05029296875,23.079999923706055,14.311742782592773,-1.1237194538116455,374007712,1267769984,9.800000190734863,0.12861110270023346,350.3399963378906,10,1,69.5,49.36000061035156,-59.15999984741211,133.7100067138672,0.0,63682,63704,63696,63700,0,63704,STANDBY
-3.1700000762939453,9.260000228881836,1.7300000190734863,0.0,0.0,-0.10000000149011612,1021.16357421875,23.149999618530273,13.392592430114746,-3.66046142578125,374007712,1267769984,9.800000190734863,0.12861110270023346,350.3399963378906,10,1,69.5,49.380001068115234,-59.15999984741211,133.7899932861328,0.0,63782,63804,63793,63794,0,63804,STANDBY
-3.1600000858306885,9.260000228881836,1.7300000190734863,0.0,0.0,0.0,1021.0801391601562,23.100000381469727,14.070271492004395,-0.17412243783473969,374007712,1267769984,9.800000190734863,0.12861110270023346,350.3399963378906,10,1,69.4800033569336,49.38999938964844,-59.25,133.94000244140625,0.0,63882,63904,63889,63890,0,63904,STANDBY
-3.1600000858306885,9.25,1.7400000095367432,0.0,0.0,0.0,1021.0070190429688,23.049999237060547,14.662266731262207,1.7829464673995972,374007712,1267769984,9.800000190734863,0.12861110270023346,350.3399963378906,10,1,69.4000015258789,49.38999938964844,-59.41999816894531,134.16000366210938,0.0,63982,64005,64002,64000,0,64005,STANDBY
-3.1600000858306885,9.260000228881836,1.7400000095367432,0.0,0.0,0.10000000149011612,1020.9356079101562,23.0,15.243875503540039,3.0022339820861816,374007712,1267769984,9.800000190734863,0.12861110270023346,350.3399963378906,10,1,69.36000061035156,49.38999938964844,-59.529998779296875,134.30999755859375,0.0,64082,64105,64098,64099,0,64105,STANDBY
-3.1600000858306885,9.260000228881836,1.7400000095367432,-0.10000000149011612,0.0,0.10000000149011612,1021.0535888671875,23.079999923706055,14.285778045654297,-1.1444820165634155,374007744,1267769984,9.800000190734863,0.5453110933303833,359.8500061035156,10,1,69.31999969482422,49.38999938964844,-59.61000061035156,134.44000244140625,0.0,64182,64205,64194,64195,0,64205,STANDBY
-3.1600000858306885,9.25,1.7300000190734863,0.0,0.0,-0.10000000149011612,1021.16357421875,23.149999618530273,13.392592430114746,-3.5906624794006348,374007744,1267769984,10.399999618530273,0.5453110933303833,359.8500061035156,9,1,69.26000213623047,49.38999938964844,-59.77000045776367,134.6199951171875,0.0,64282,64305,64290,64292,0,64305,STANDBY
-3.1600000858306885,9.260000228881836,1.7300000190734863,0.0,0.0,0.10000000149011612,1021.0801391601562,23.100000381469727,14.070271492004395,-0.1294509917497635,374007744,1267769984,10.399999618530273,0.5453110933303833,359.8500061035156,9,1,69.2699966430664,49.38999938964844,-59.7400016784668,134.67999267578125,0.0,64382,64405,64403,64404,0,64405,STANDBY
-3.1700000762939453,9.25,1.7400000095367432,-0.10000000149011612,0.0,0.0,1021.0037231445312,23.049999237060547,14.690827369689941,1.9029302597045898,374007744,1267769984,10.399999618530273,0.5453110933303833,359.8500061035156,9,1,69.31999969482422,49.38999938964844,-59.63999938964844,134.6699981689453,0.0,64482,64505,64499,64500,0,64505,STANDBY
-3.1500000953674316,9.260000228881836,1.7300000190734863,0.0,0.0,-0.10000000149011612,1020.932373046875,23.0,15.269840240478516,3.070716619491577,374007744,1267769984,10.399999618530273,0.5453110933303833,359.8500061035156,9,1,69.33999633789062,49.380001068115234,-59.59000015258789,134.7100067138672,0.0,64582,64605,64595,64598,0,64605,STANDBY
-3.1500000953674316,9.270000457763672,1.7300000190734863,0.0,0.0,0.10000000149011612,1021.0546264648438,23.079999923706055,14.275392532348633,-1.216974139213562,374007744,1267769984,10.399999618530273,0.5453110933303833,359.8500061035156,9,1,69.3499984741211,49.400001525878906,-59.61000061035156,134.7899932861328,0.0,64683,64705,64693,64701,0,64705,STANDBY
-3.1500000953674316,9.270000457763672,1.7300000190734863,0.0,0.0,0.10000000149011612,1021.1659545898438,23.149999618530273,13.374417304992676,-3.6619842052459717,374007744,1267769984,10.399999618530273,0.5453110933303833,359.8500061035156,9,1,69.4000015258789,49.40999984741211,-59.5099983215332,134.8000030517578,0.0,64783,64805,64789,64790,0,64805,STANDBY
-3.1600000858306885,9.270000457763672,1.7400000095367432,0.0,0.0,0.10000000149011612,1021.0948486328125,23.110000610351562,13.950833320617676,-0.49913865327835083,374007744,1267769984,10.399999618530273,0.5453110933303833,359.8500061035156,9,1,69.41999816894531,49.43000030517578,-59.459999084472656,134.86000061035156,0.0,64883,64905,64902,64903,0,64905,STANDBY
-3.1600000858306885,9.260000228881836,1.7300000190734863,0.0,-0.10000000149011612,0.20000000298023224,1021.0140380859375,23.059999465942383,14.605144500732422,1.774347186088562,374007744,1267769984,10.399999618530273,0.5453110933303833,359.8500061035156,9,1,69.41999816894531,49.439998626708984,-59.45000076293945,134.92999267578125,0.0,64983,65005,64998,64999,0,65005,STANDBY
-3.1700000762939453,9.260000228881836,1.7400000095367432,0.0,-0.10000000149011612,0.0,1020.9453125,23.010000228881836,15.163385391235352,2.9219532012939453,374007744,1267769984,10.399999618530273,0.5453110933303833,359.8500061035156,9,1,69.37000274658203,49.45000076293945,-59.59000015258789,135.1199951171875,0.0,65083,65105,65094,65095,0,65105,STANDBY
-3.1600000858306885,9.260000228881836,1.7400000095367432,0.0,0.0,-0.10000000149011612,1021.0632934570312,23.09000015258789,14.20528793334961,-1.19586181640625,374007808,1267769984,10.399999618530273,0.1388999968767166,359.8500061035156,9,1,69.37999725341797,49.439998626708984,-59.56999969482422,135.17999267578125,0.0,65183,65205,65190,65191,0,65205,STANDBY
-3.1700000762939453,9.260000228881836,1.7300000190734863,-0.10000000149011612,0.0,-0.20000000298023224,1021.1716918945312,23.15999984741211,13.327680587768555,-3.573694944381714,374007808,1267769984,10.800000190734863,0.1388999968767166,359.8500061035156,8,1,69.36000061035156,49.43000030517578,-59.56999969482422,135.27000427246094,0.0,65283,65305,65303,65304,0,65305,STANDBY
-3.1600000858306885,9.260000228881836,1.7300000190734863,0.0,0.0,-0.10000000149011612,1021.1531372070312,23.149999618530273,13.478276252746582,-1.8052587509155273,374007808,1267769984,10.800000190734863,0.1388999968767166,359.8500061035156,8,1,69.31999969482422,49.439998626708984,-59.709999084472656,135.4499969482422,0.0,65383,65405,65399,65400,0,65405,STANDBY
-3.1500000953674316,9.279999732971191,1.7200000286102295,0.0,-0.10000000149011612,0.10000000149011612,1021.072021484375,23.100000381469727,14.135183334350586,0.9467369914054871,374007808,1267769984,10.800000190734863,0.1388999968767166,359.8500061035156,8,1,69.2699966430664,49.459999084472656,-59.900001525878906,135.66000366210938,0.0,65483,65505,65496,65498,0,65505,STANDBY
-3.1600000858306885,9.270000457763672,1.7300000190734863,0.0,0.0,0.30000001192092896,1020.9978637695312,23.049999237060547,14.737564086914062,2.5335299968719482,374007808,1267769984,10.800000190734863,0.1388999968767166,359.8500061035156,8,1,69.3499984741211,49.47999954223633,-59.70000076293945,135.58999633789062,0.0,65583,65605,65592,65594,0,65605,STANDBY
-3.1500000953674316,9.260000228881836,1.7300000190734863,0.0,-0.10000000149011612,0.20000000298023224,1021.1118774414062,23.1299991607666,13.813220977783203,-1.336438775062561,374007808,1267769984,10.800000190734863,0.1388999968767166,359.8500061035156,8,1,69.31999969482422,49.47999954223633,-59.779998779296875,135.72999572753906,0.0,65683,65705,65689,65701,0,65705,STANDBY
-3.1700000762939453,9.270000457763672,1.7300000190734863,0.0,0.0,0.10000000149011612,1021.216064453125,23.200000762939453,12.966771125793457,-3.563960313796997,374007808,1267769984,10.800000190734863,0.1388999968767166,359.8500061035156,8,1,69.3499984741211,49.5099983215332,-59.7400016784668,135.8000030517578,0.0,65783,65805,65802,65803,0,65805,STANDBY
-3.1600000858306885,9.270000457763672,1.7300000190734863,0.0,0.0,-0.10000000149011612,1021.3203125,23.260000228881836,12.120322227478027,-4.989571571350098,374007808,1267769984,10.800000190734863,0.1388999968767166,359.8500061035156,8,1,69.30000305175781,49.5099983215332,-59.869998931884766,135.97000122070312,0.0,65883,65905,65898,65899,0,65905,STANDBY
-3.1500000953674316,9.279999732971191,1.7400000095367432,0.0,0.0,-0.10000000149011612,1021.2273559570312,23.200000762939453,12.875895500183105,-0.7754913568496704,374007808,1267769984,10.800000190734863,0.1388999968767166,359.8500061035156,8,1,69.27999877929688,49.5099983215332,-59.93000030517578,136.08999633789062,0.0,65983,66006,65994,65995,0,66006,STANDBY
-3.1600000858306885,9.260000228881836,1.7400000095367432,0.0,0.0,0.0,1021.1448364257812,23.149999618530273,13.545783996582031,1.6473287343978882,374007808,1267769984,10.800000190734863,0.1388999968767166,359.8500061035156,8,1,69.26000213623047,49.5099983215332,-59.970001220703125,136.19000244140625,0.0,66083,66106,66091,66092,0,66106,STANDBY
-3.1500000953674316,9.279999732971191,1.7400000095367432,0.0,-0.10000000149011612,0.10000000149011612,1021.2489624023438,23.219999313354492,12.699335098266602,-1.6012357473373413,374007808,1267769984,10.800000190734863,0.5144444108009338,300.8699951171875,8,1,69.2300033569336,49.5,-60.02000045776367,136.30999755859375,0.0,66184,66206,66203,66204,0,66206,STANDBY
-3.1600000858306885,9.260000228881836,1.7300000190734863,0.10000000149011612,-0.10000000149011612,0.10000000149011612,1021.3453979492188,23.280000686645508,11.917798042297363,-3.525709629058838,374007808,1267769984,10.699999809265137,0.5144444108009338,300.8699951171875,8,1,69.23999786376953,49.5099983215332,-59.970001220703125,136.35000610351562,0.0,66284,66306,66299,66300,0,66306,STANDBY
-3.1700000762939453,9.270000457763672,1.7300000190734863,0.0,-0.10000000149011612,0.20000000298023224,1021.4381103515625,23.34000015258789,11.16482162475586,-4.665978908538818,374007808,1267769984,10.699999809265137,0.5144444108009338,300.8699951171875,8,1,69.20999908447266,49.54999923706055,-60.09000015258789,136.52000427246094,0.0,66384,66406,66396,66397,0,66406,STANDBY
-3.1600000858306885,9.260000228881836,1.7300000190734863,0.0,0.0,-0.10000000149011612,1021.343017578125,23.280000686645508,11.935973167419434,-0.5185415148735046,374007808,1267769984,10.699999809265137,0.5144444108009338,300.8699951171875,8,1,69.13999938964844,49.56999969482422,-60.279998779296875,136.72999572753906,0.0,66484,66506,66492,66493,0,66506,STANDBY
-3.1600000858306885,9.25,1.7200000286102295,0.0,0.0,-0.10000000149011612,1021.2553100585938,23.219999313354492,12.647405624389648,1.944717288017273,374007808,1267769984,10.699999809265137,0.5144444108009338,300.8699951171875,8,1,69.16999816894531,49.59000015258789,-60.22999954223633,136.77000427246094,0.0,66584,66606,66588,66590,0,66606,STANDBY
-3.1600000858306885,9.279999732971191,1.7300000190734863,0.0,0.0,-0.10000000149011612,1021.35302734375,23.290000915527344,11.85548210144043,-1.2895362377166748,374007808,1267769984,10.699999809265137,0.5144444108009338,300.8699951171875,8,1,69.1500015258789,49.61000061035156,-60.279998779296875,136.88999938964844,0.0,66684,66706,66701,66703,0,66706,STANDBY
-3.1500000953674316,9.270000457763672,1.7300000190734863,0.0,0.0,-0.10000000149011612,1021.4439086914062,23.350000381469727,11.118084907531738,-3.184974431991577,374007808,1267769984,10.699999809265137,0.5144444108009338,300.8699951171875,8,1,69.1500015258789,49.599998474121094,-60.29999923706055,136.97000122070312,0.0,66784,66806,66797,66799,0,66806,STANDBY
-3.1700000762939453,9.270000457763672,1.7300000190734863,0.0,0.0,0.10000000149011612,1021.5342407226562,23.40999984741211,10.385880470275879,-4.3814377784729,374007808,1267769984,10.699999809265137,0.5144444108009338,300.8699951171875,8,1,69.19999694824219,49.619998931884766,-60.15999984741211,136.94000244140625,0.0,66884,66906,66894,66895,0,66906,STANDBY
-3.1500000953674316,9.270000457763672,1.7400000095367432,0.0,0.0,0.20000000298023224,1021.4332885742188,23.34000015258789,11.203768730163574,-0.18687783181667328,374007808,1267769984,10.699999809265137,0.5144444108009338,300.8699951171875,8,1,69.18000030517578,49.599998474121094,-60.209999084472656,137.0399932861328,0.0,66984,67006,66991,66992,0,67006,STANDBY
-3.1500000953674316,9.260000228881836,1.7300000190734863,0.0,-0.10000000149011612,0.10000000149011612,1021.3348388671875,23.280000686645508,12.003480911254883,2.4394772052764893,374007808,1267769984,10.699999809265137,0.5144444108009338,300.8699951171875,8,1,69.16000366210938,49.599998474121094,-60.27000045776367,137.1699981689453,0.0,67084,67106,67103,67104,0,67106,STANDBY
-3.1500000953674316,9.260000228881836,1.7300000190734863,0.0,-0.10000000149011612,0.10000000149011612,1021.4290771484375,23.34000015258789,11.23752212524414,-0.8898026347160339,374007840,1267769984,10.699999809265137,0.20063331723213196,300.8699951171875,8,1,69.23999786376953,49.599998474121094,-60.06999969482422,137.10000610351562,0.0,67184,67206,67200,67201,0,67206,STANDBY
-3.1600000858306885,9.260000228881836,1.7300000190734863,0.0,0.0,-0.10000000149011612,1021.5148315429688,23.399999618530273,10.541668891906738,-2.796204090118408,374007840,1267769984,10.399999618530273,0.20063331723213196,300.8699951171875,8,1,69.27999877929688,49.61000061035156,-59.97999954223633,137.10000610351562,0.0,67284,67306,67296,67297,0,67306,STANDBY
-3.1600000858306885,9.260000228881836,1.7300000190734863,0.0,0.0,0.0,1021.5979614257812,23.459999084472656,9.869182586669922,-3.9415268898010254,374007840,1267769984,10.399999618530273,0.20063331723213196,300.8699951171875,8,1,69.30000305175781,49.619998931884766,-59.91999816894531,137.13999938964844,0.0,67384,67406,67392,67393,0,67406,STANDBY
-3.1600000858306885,9.279999732971191,1.7300000190734863,0.0,-0.10000000149011612,-0.10000000149011612,1021.4912719726562,23.389999389648438,10.733807563781738,0.24422264099121094,374007840,1267769984,10.399999618530273,0.20063331723213196,300.8699951171875,8,1,69.2300033569336,49.630001068115234,-60.09000015258789,137.36000061035156,0.0,67484,67507,67505,67502,0,67507,STANDBY
-3.1600000858306885,9.25,1.7300000190734863,0.0,-0.10000000149011612,-0.10000000149011612,1021.3902587890625,23.31999969482422,11.554291725158691,2.7818517684936523,374007840,1267769984,10.399999618530273,0.20063331723213196,300.8699951171875,8,1,69.18000030517578,49.65999984741211,-60.18000030517578,137.50999450683594,0.0,67584,67607,67601,67602,0,67607,STANDBY
-3.1600000858306885,9.260000228881836,1.7400000095367432,0.0,0.0,0.10000000149011612,1021.4783325195312,23.3799991607666,10.837666511535645,-0.5128154754638672,374007840,1267769984,10.399999618530273,0.20063331723213196,300.8699951171875,8,1,69.1500015258789,49.650001525878906,-60.2599983215332,137.63999938964844,0.0,67684,67707,67697,67702,0,67707,STANDBY
-3.1600000858306885,9.270000457763672,1.7300000190734863,0.0,0.0,0.0,1021.5625,23.440000534057617,10.154794692993164,-2.5133917331695557,374007840,1267769984,10.399999618530273,0.20063331723213196,300.8699951171875,8,1,69.19999694824219,49.650001525878906,-60.130001068115234,137.6199951171875,0.0,67784,67807,67793,67794,0,67807,STANDBY
-3.1700000762939453,9.260000228881836,1.7300000190734863,0.0,-0.10000000149011612,0.10000000149011612,1021.6456298828125,23.489999771118164,9.482308387756348,-3.7605271339416504,374007840,1267769984,10.399999618530273,0.20063331723213196,300.8699951171875,8,1,69.13999938964844,49.66999816894531,-60.27000045776367,137.80999755859375,0.0,67884,67907,67890,67892,0,67907,STANDBY
-3.1600000858306885,9.270000457763672,1.7300000190734863,0.0,0.0,0.0,1021.5323486328125,23.420000076293945,10.398862838745117,0.5262369513511658,374007840,1267769984,10.399999618530273,0.20063331723213196,300.8699951171875,8,1,69.22000122070312,49.65999984741211,-60.08000183105469,137.75,0.0,67984,68007,68002,68002,0,68007,STANDBY
-3.1600000858306885,9.270000457763672,1.7400000095367432,0.0,0.0,-0.10000000149011612,1021.4296264648438,23.360000610351562,11.232329368591309,3.0038845539093018,374007840,1267769984,10.399999618530273,0.20063331723213196,300.8699951171875,8,1,69.13999938964844,49.65999984741211,-60.279998779296875,137.97000122070312,0.0,68084,68107,68099,68101,0,68107,STANDBY
-3.1500000953674316,9.270000457763672,1.7400000095367432,0.0,0.0,0.10000000149011612,1021.5062255859375,23.420000076293945,10.611773490905762,-0.06329269707202911,374007840,1267769984,10.399999618530273,0.20577776432037354,300.8699951171875,8,1,69.06999969482422,49.650001525878906,-60.43000030517578,138.14999389648438,0.0,68184,68207,68196,68197,0,68207,STANDBY
-3.1500000953674316,9.270000457763672,1.7400000095367432,0.0,0.0,0.0,1021.5765380859375,23.469999313354492,10.043146133422852,-1.8601149320602417,374007840,1267769984,10.300000190734863,0.20577776432037354,300.8699951171875,8,1,69.0,49.63999938964844,-60.58000183105469,138.32000732421875,0.0,68284,68307,68292,68293,0,68307,STANDBY
-3.1500000953674316,9.260000228881836,1.7400000095367432,0.0,-0.10000000149011612,-0.10000000149011612,1021.6456298828125,23.520000457763672,9.482308387756348,-2.985154390335083,374007840,1267769984,10.300000190734863,0.20577776432037354,300.8699951171875,8,1,69.08999633789062,49.619998931884766,-60.310001373291016,138.1999969482422,0.0,68384,68407,68405,68406,0,68407,STANDBY
-3.1600000858306885,9.270000457763672,1.7400000095367432,0.0,0.0,0.0,1021.5260009765625,23.450000762939453,10.45079231262207,1.1886497735977173,374007840,1267769984,10.300000190734863,0.20577776432037354,300.8699951171875,8,1,69.0,49.619998931884766,-60.529998779296875,138.42999267578125,0.0,68484,68507,68501,68502,0,68507,STANDBY
-3.1500000953674316,9.270000457763672,1.7300000190734863,0.0,0.0,0.10000000149011612,1021.4241943359375,23.3799991607666,11.276469230651855,3.4029018878936768,374007840,1267769984,10.300000190734863,0.20577776432037354,300.8699951171875,8,1,69.04000091552734,49.630001068115234,-60.459999084472656,138.4499969482422,0.0,68584,68608,68597,68598,0,68608,STANDBY
-3.1600000858306885,9.260000228881836,1.75,0.0,0.0,0.10000000149011612,1021.510009765625,23.440000534057617,10.580615043640137,-0.048876192420721054,374007840,1267769984,10.300000190734863,0.20577776432037354,300.8699951171875,8,1,69.06999969482422,49.619998931884766,-60.380001068115234,138.4600067138672,0.0,68684,68708,68694,68703,0,68708,STANDBY
-3.1500000953674316,9.270000457763672,1.7400000095367432,0.0,0.0,0.10000000149011612,1021.5931396484375,23.489999771118164,9.908129692077637,-2.1832339763641357,374007840,1267769984,10.300000190734863,0.20577776432037354,300.8699951171875,8,1,69.05999755859375,49.619998931884766,-60.36000061035156,138.52999877929688,0.0,68784,68808,68806,68807,0,68808,STANDBY
-3.180000066757202,9.260000228881836,1.7400000095367432,0.0,0.0,0.10000000149011612,1021.669921875,23.540000915527344,9.284976959228516,-3.4017446041107178,374007840,1267769984,10.300000190734863,0.20577776432037354,300.8699951171875,8,1,69.04000091552734,49.630001068115234,-60.400001525878906,138.6300048828125,0.0,68884,68908,68902,68903,0,68908,STANDBY
-3.140000104904175,9.279999732971191,1.7400000095367432,0.0,0.0,0.10000000149011612,1021.44921875,23.469999313354492,11.073945045471191,4.218509674072266,374007840,1267769984,10.300000190734863,0.20577776432037354,300.8699951171875,8,1,69.01000213623047,49.619998931884766,-60.459999084472656,138.74000549316406,0.0,68984,69008,68999,69001,0,69008,STANDBY
-3.1600000858306885,9.270000457763672,1.75,-0.10000000149011612,-0.10000000149011612,-0.10000000149011612,1021.5333862304688,23.459999084472656,10.391073226928711,-0.03164100646972656,374007840,1267769984,10.300000190734863,0.20577776432037354,300.8699951171875,8,1,68.94999694824219,49.61000061035156,-60.61000061035156,138.91000366210938,0.0,69085,69108,69095,69097,0,69108,STANDBY
-3.1600000858306885,9.260000228881836,1.75,0.0,-0.10000000149011612,-0.10000000149011612,1021.6124877929688,23.510000228881836,9.74974536895752,-2.585561752319336,374007840,1267769984,10.300000190734863,0.18005554378032684,300.8699951171875,8,1,68.9800033569336,49.599998474121094,-60.4900016784668,138.88999938964844,0.0,69185,69208,69192,69193,0,69208,STANDBY
-3.1500000953674316,9.279999732971191,1.75,0.0,0.0,-0.10000000149011612,1021.689208984375,23.559999465942383,9.126592636108398,-4.147370338439941,374007840,1267769984,10.0,0.18005554378032684,300.8699951171875,8,1,68.9800033569336,49.599998474121094,-60.47999954223633,138.9600067138672,0.0,69285,69308,69304,69305,0,69308,STANDBY
-3.1600000858306885,9.270000457763672,1.7300000190734863,0.0,-0.10000000149011612,-0.10000000149011612,1021.5719604492188,23.479999542236328,10.079496383666992,1.1572978496551514,374007840,1267769984,10.0,0.18005554378032684,300.8699951171875,8,1,68.97000122070312,49.630001068115234,-60.5099983215332,139.05999755859375,0.0,69385,69408,69401,69402,0,69408,STANDBY
-3.1500000953674316,9.289999961853027,1.75,0.0,0.0,0.20000000298023224,1021.4669799804688,23.420000076293945,10.93113899230957,4.147241115570068,374007840,1267769984,10.0,0.18005554378032684,300.8699951171875,8,1,68.93000030517578,49.630001068115234,-60.619998931884766,139.1999969482422,0.0,69485,69508,69497,69498,0,69508,STANDBY
-3.1600000858306885,9.279999732971191,1.75,0.0,-0.10000000149011612,0.20000000298023224,1021.5470581054688,23.469999313354492,10.282021522521973,0.057764530181884766,374007840,1267769984,10.0,0.18005554378032684,300.8699951171875,8,1,68.94999694824219,49.63999938964844,-60.56999969482422,139.22999572753906,0.0,69585,69608,69594,69595,0,69608,STANDBY
-3.140000104904175,9.25,1.7400000095367432,0.0,0.0,0.20000000298023224,1021.624267578125,23.520000457763672,9.65367603302002,-2.476412773132324,374007840,1267769984,10.0,0.18005554378032684,300.8699951171875,8,1,68.87000274658203,49.63999938964844,-60.72999954223633,139.4199981689453,0.0,69685,69708,69706,69707,0,69708,STANDBY
-3.1600000858306885,9.270000457763672,1.7599999904632568,-0.10000000149011612,0.0,0.0,1021.701416015625,23.56999969482422,9.027926445007324,-4.087902545928955,374007840,1267769984,10.0,0.18005554378032684,300.8699951171875,8,1,68.83000183105469,49.630001068115234,-60.79999923706055,139.52000427246094,0.0,69785,69808,69803,69804,0,69808,STANDBY
-3.1500000953674316,9.260000228881836,1.7400000095367432,0.0,-0.10000000149011612,0.10000000149011612,1021.5856323242188,23.5,9.967848777770996,1.1434316635131836,374007840,1267769984,10.0,0.18005554378032684,300.8699951171875,8,1,68.87999725341797,49.63999938964844,-60.68000030517578,139.5,0.0,69885,69908,69899,69900,0,69908,STANDBY
-3.1500000953674316,9.239999771118164,1.7400000095367432,0.0,0.0,-0.4000000059604645,1021.4806518554688,23.43000030517578,10.819490432739258,4.138362884521484,374007840,1267769984,10.0,0.18005554378032684,300.8699951171875,8,1,68.94999694824219,49.630001068115234,-60.5099983215332,139.4600067138672,0.0,69985,70016,70011,70016,0,70016,STANDBY
-3.1500000953674316,9.279999732971191,1.7599999904632568,0.0,0.0,-0.20000000298023224,1021.5588989257812,23.479999542236328,10.185952186584473,0.11439943313598633,374007840,1267769984,10.0,0.18005554378032684,300.8699951171875,8,1,68.91999816894531,49.619998931884766,-60.560001373291016,139.55999755859375,0.0,70085,70116,70108,70109,0,70116,STANDBY
-3.130000114440918,9.289999961853027,1.7400000095367432,0.0,0.0,0.10000000149011612,1021.6383056640625,23.540000915527344,9.539430618286133,-2.5128705501556396,374007840,1267769984,10.0,0.13375554978847504,300.8699951171875,8,1,68.87999725341797,49.619998931884766,-60.66999816894531,139.6999969482422,0.0,70185,70216,70204,70205,0,70216,STANDBY
-3.1600000858306885,9.270000457763672,1.75,0.0,-0.10000000149011612,0.30000001192092896,1021.7134399414062,23.579999923706055,8.931857109069824,-4.038531303405762,374007840,1267769984,9.800000190734863,0.13375554978847504,300.8699951171875,7,1,68.87999725341797,49.63999938964844,-60.63999938964844,139.74000549316406,0.0,70285,70316,70301,70302,0,70316,STANDBY
-3.1500000953674316,9.270000457763672,1.75,0.0,0.0,0.5,1021.5960693359375,23.510000228881836,9.88216495513916,1.2165710926055908,374007840,1267769984,9.800000190734863,0.13375554978847504,300.8699951171875,7,1,68.83000183105469,49.650001525878906,-60.7599983215332,139.89999389648438,0.0,70385,70416,70413,70415,0,70416,STANDBY
-3.1500000953674316,9.260000228881836,1.7400000095367432,0.0,0.0,0.0,1021.4871215820312,23.440000534057617,10.767560958862305,4.250746726989746,374007840,1267769984,9.800000190734863,0.13375554978847504,300.8699951171875,7,1,68.86000061035156,49.68000030517578,-60.720001220703125,139.94000244140625,0.0,70486,70516,70510,70511,0,70516,STANDBY
-3.1600000858306885,9.25,1.75,0.0,0.0,-0.20000000298023224,1021.5725708007812,23.5,10.07430362701416,-0.0525515079498291,374007840,1267769984,9.800000190734863,0.13375554978847504,300.8699951171875,7,1,68.91000366210938,49.68000030517578,-60.59000015258789,139.9199981689453,0.0,70586,70616,70606,70607,0,70616,STANDBY
-3.140000104904175,9.289999961853027,1.7599999904632568,0.0,0.0,-0.20000000298023224,1021.6503295898438,23.549999237060547,9.443361282348633,-2.5574023723602295,374007840,1267769984,9.800000190734863,0.13375554978847504,300.8699951171875,7,1,68.91000366210938,49.65999984741211,-60.599998474121094,139.99000549316406,0.0,70686,70716,70703,70706,0,70716,STANDBY
-3.1600000858306885,9.260000228881836,1.75,-0.10000000149011612,0.0,-0.10000000149011612,1021.7212524414062,23.59000015258789,8.866945266723633,-3.942401885986328,374007840,1267769984,9.800000190734863,0.13375554978847504,300.8699951171875,7,1,68.94000244140625,49.66999816894531,-60.4900016784668,139.97999572753906,0.0,70786,70816,70815,70816,0,70816,STANDBY
-3.1500000953674316,9.270000457763672,1.7400000095367432,0.0,0.0,0.10000000149011612,1021.607177734375,23.520000457763672,9.793885231018066,1.1846225261688232,374007840,1267769984,9.800000190734863,0.13375554978847504,300.8699951171875,7,1,68.91999816894531,49.65999984741211,-60.529998779296875,140.07000732421875,0.0,70886,70916,70912,70913,0,70916,STANDBY
-3.140000104904175,9.270000457763672,1.7400000095367432,0.0,0.0,0.20000000298023224,1021.4998168945312,23.450000762939453,10.663702964782715,4.237429618835449,374007840,1267769984,9.800000190734863,0.13375554978847504,300.8699951171875,7,1,68.91000366210938,49.66999816894531,-60.59000015258789,140.17999267578125,0.0,70986,71016,71008,71006,0,71016,STANDBY
-3.1600000858306885,9.260000228881836,1.7599999904632568,0.0,0.0,0.10000000149011612,1021.5831909179688,23.5,9.98862075805664,0.011626243591308594,374007840,1267769984,9.800000190734863,0.13375554978847504,300.8699951171875,7,1,68.9000015258789,49.65999984741211,-60.61000061035156,140.25,0.0,71086,71116,71104,71105,0,71116,STANDBY
-3.1600000858306885,9.270000457763672,1.75,0.0,0.0,0.30000001192092896,1021.660400390625,23.559999465942383,9.360274314880371,-2.5059449672698975,374007840,1267770112,9.800000190734863,0.5144444108009338,342.3599853515625,7,1,68.88999938964844,49.66999816894531,-60.599998474121094,140.30999755859375,0.0,71186,71216,71201,71202,0,71216,STANDBY
-3.140000104904175,9.260000228881836,1.75,-0.10000000149011612,0.0,0.30000001192092896,1021.7318725585938,23.600000381469727,8.781261444091797,-3.919856309890747,374007840,1267770112,9.199999809265137,0.5144444108009338,342.3599853515625,7,1,68.81999969482422,49.66999816894531,-60.779998779296875,140.52000427246094,0.0,71286,71316,71314,71315,0,71316,STANDBY
-3.1500000953674316,9.260000228881836,1.7599999904632568,0.0,0.0,0.0,1021.614501953125,23.530000686645508,9.734166145324707,1.3029108047485352,374007840,1267770112,9.199999809265137,0.5144444108009338,342.3599853515625,7,1,68.70999908447266,49.68000030517578,-61.029998779296875,140.75,0.0,71386,71416,71410,71411,0,71416,STANDBY
-3.1600000858306885,9.260000228881836,1.75,0.0,0.0,-0.10000000149011612,1021.5111083984375,23.459999084472656,10.572826385498047,4.188503742218018,374007840,1267770112,9.199999809265137,0.5144444108009338,342.3599853515625,7,1,68.72000122070312,49.68000030517578,-61.0,140.7899932861328,0.0,71486,71516,71506,71505,0,71516,STANDBY
-3.140000104904175,9.270000457763672,1.7400000095367432,0.0,-0.10000000149011612,-0.10000000149011612,1021.5896606445312,23.510000228881836,9.934094429016113,0.12571477890014648,374007840,1267770112,9.199999809265137,0.5144444108009338,342.3599853515625,7,1,68.63999938964844,49.689998626708984,-61.189998626708984,140.97000122070312,0.0,71586,71616,71603,71604,0,71616,STANDBY
-3.1600000858306885,9.270000457763672,1.7400000095367432,0.0,-0.10000000149011612,-0.10000000149011612,1021.6668090820312,23.56999969482422,9.308344841003418,-2.4225409030914307,374007840,1267770112,9.199999809265137,0.5144444108009338,342.3599853515625,7,1,68.68000030517578,49.709999084472656,-61.119998931884766,140.97999572753906,0.0,71686,71716,71715,71716,0,71716,STANDBY
-3.1500000953674316,9.279999732971191,1.7400000095367432,0.0,0.0,0.10000000149011612,1021.7346801757812,23.610000610351562,8.757893562316895,-3.7522313594818115,374007840,1267770112,9.199999809265137,0.5144444108009338,342.3599853515625,7,1,68.66999816894531,49.72999954223633,-61.150001525878906,141.0500030517578,0.0,71786,71816,71812,71813,0,71816,STANDBY
-3.1600000858306885,9.270000457763672,1.7400000095367432,0.0,-0.10000000149011612,0.10000000149011612,1021.61767578125,23.540000915527344,9.70820140838623,1.3998034000396729,374007840,1267770112,9.199999809265137,0.5144444108009338,342.3599853515625,7,1,68.7300033569336,49.7400016784668,-61.02000045776367,141.00999450683594,0.0,71886,71916,71909,71910,0,71916,STANDBY
-3.1500000953674316,9.260000228881836,1.75,0.0,0.0,-0.10000000149011612,1021.5116577148438,23.469999313354492,10.567632675170898,4.333599090576172,374007840,1267770112,9.199999809265137,0.5144444108009338,342.3599853515625,7,1,68.70999908447266,49.7400016784668,-61.060001373291016,141.10000610351562,0.0,71986,72016,72005,72006,0,72016,STANDBY
-3.1600000858306885,9.260000228881836,1.7400000095367432,0.0,-0.10000000149011612,0.10000000149011612,1021.597412109375,23.530000686645508,9.871779441833496,-0.009909391403198242,374007840,1267770112,9.199999809265137,0.5144444108009338,342.3599853515625,7,1,68.63999938964844,49.77000045776367,-61.209999084472656,141.25999450683594,0.0,72086,72116,72101,72102,0,72116,STANDBY
-3.140000104904175,9.279999732971191,1.75,0.0,-0.10000000149011612,0.0,1021.6732788085938,23.579999923706055,9.256415367126465,-2.4677982330322266,374007744,1267770112,9.199999809265137,0.08231110870838165,342.3599853515625,7,1,68.69999694824219,49.77000045776367,-61.08000183105469,141.22000122070312,0.0,72186,72216,72214,72216,0,72216,STANDBY
-3.1700000762939453,9.260000228881836,1.7400000095367432,0.0,-0.10000000149011612,0.10000000149011612,1021.7427978515625,23.6200008392334,8.692981719970703,-3.833125591278076,374007744,1267770112,8.300000190734863,0.08231110870838165,342.3599853515625,8,1,68.7300033569336,49.790000915527344,-61.0,141.22999572753906,0.0,72286,72316,72310,72311,0,72316,STANDBY
-3.140000104904175,9.270000457763672,1.7400000095367432,0.0,-0.10000000149011612,-0.10000000149011612,1021.6358032226562,23.559999465942383,9.560202598571777,1.0156831741333008,374007744,1267770112,8.300000190734863,0.08231110870838165,342.3599853515625,8,1,68.79000091552734,49.779998779296875,-60.880001068115234,141.1999969482422,0.0,72386,72416,72408,72409,0,72416,STANDBY
-3.1600000858306885,9.270000457763672,1.7400000095367432,0.0,0.0,-0.10000000149011612,1021.5430297851562,23.5,10.313179016113281,3.661942958831787,374007744,1267770112,8.300000190734863,0.08231110870838165,342.3599853515625,8,1,68.77999877929688,49.79999923706055,-60.91999816894531,141.2899932861328,0.0,72486,72516,72504,72505,0,72516,STANDBY
-3.1500000953674316,9.270000457763672,1.7400000095367432,0.0,-0.10000000149011612,0.20000000298023224,1021.62158203125,23.549999237060547,9.677043914794922,-0.2008967399597168,374007744,1267770112,8.300000190734863,0.08231110870838165,342.3599853515625,8,1,68.77999877929688,49.83000183105469,-60.939998626708984,141.3699951171875,0.0,72586,72616,72600,72601,0,72616,STANDBY
-3.1600000858306885,9.270000457763672,1.7400000095367432,0.0,-0.10000000149011612,0.10000000149011612,1021.6947631835938,23.600000381469727,9.082451820373535,-2.5069422721862793,374007744,1267770112,8.300000190734863,0.08231110870838165,342.3599853515625,8,1,68.81999969482422,49.869998931884766,-60.880001068115234,141.41000366210938,0.0,72686,72716,72713,72714,0,72716,STANDBY
-3.1600000858306885,9.260000228881836,1.75,0.0,0.0,0.10000000149011612,1021.7661743164062,23.649999618530273,8.503439903259277,-3.9204907417297363,374007744,1267770112,8.300000190734863,0.08231110870838165,342.3599853515625,8,1,68.72000122070312,49.90999984741211,-61.150001525878906,141.66000366210938,0.0,72786,72816,72809,72810,0,72816,STANDBY
-3.140000104904175,9.279999732971191,1.7400000095367432,-0.10000000149011612,0.0,0.0,1021.6624755859375,23.579999923706055,9.344696044921875,0.8559105396270752,374007744,1267770112,8.300000190734863,0.08231110870838165,342.3599853515625,8,1,68.66999816894531,49.880001068115234,-61.2400016784668,141.77000427246094,0.0,72886,72916,72905,72907,0,72916,STANDBY
-3.1500000953674316,9.25,1.7400000095367432,0.0,0.0,-0.10000000149011612,1021.569091796875,23.520000457763672,10.102865219116211,3.5804595947265625,374007744,1267770112,8.300000190734863,0.08231110870838165,342.3599853515625,8,1,68.70999908447266,49.88999938964844,-61.150001525878906,141.75,0.0,72986,73016,73003,73003,0,73016,STANDBY
-3.1500000953674316,9.289999961853027,1.75,0.0,-0.10000000149011612,-0.10000000149011612,1021.6448364257812,23.56999969482422,9.48750114440918,-0.16996216773986816,374007744,1267770112,8.300000190734863,0.08231110870838165,342.3599853515625,8,1,68.73999786376953,49.880001068115234,-61.08000183105469,141.75999450683594,0.0,73086,73116,73114,73116,0,73116,STANDBY
-3.1500000953674316,9.279999732971191,1.75,-0.10000000149011612,0.0,0.0,1021.719970703125,23.6200008392334,8.877330780029297,-2.549457311630249,374007744,1267770112,8.300000190734863,0.1388999968767166,342.3599853515625,8,1,68.75,49.880001068115234,-61.029998779296875,141.77000427246094,0.0,73186,73217,73211,73212,0,73217,STANDBY
-3.1600000858306885,9.270000457763672,1.75,0.0,-0.10000000149011612,0.20000000298023224,1021.7855224609375,23.65999984741211,8.347651481628418,-3.7503700256347656,374007744,1267770112,8.199999809265137,0.1388999968767166,342.3599853515625,7,1,68.75,49.869998931884766,-61.0,141.80999755859375,0.0,73286,73317,73308,73309,0,73317,STANDBY
-3.1500000953674316,9.270000457763672,1.7400000095367432,0.0,0.0,0.10000000149011612,1021.66748046875,23.579999923706055,9.303152084350586,1.3468244075775146,374007744,1267770112,8.199999809265137,0.1388999968767166,342.3599853515625,7,1,68.69999694824219,49.869998931884766,-61.130001068115234,141.94000244140625,0.0,73387,73417,73404,73405,0,73417,STANDBY
-3.1700000762939453,9.260000228881836,1.7400000095367432,0.0,-0.10000000149011612,-0.10000000149011612,1021.5584106445312,23.510000228881836,10.18854808807373,4.4035515785217285,374007744,1267770112,8.199999809265137,0.1388999968767166,342.3599853515625,7,1,68.69000244140625,49.88999938964844,-61.150001525878906,142.00999450683594,0.0,73487,73517,73500,73501,0,73517,STANDBY
-3.1500000953674316,9.260000228881836,1.75,0.0,0.0,-0.10000000149011612,1021.6356811523438,23.56999969482422,9.562799453735352,0.3152785301208496,374007744,1267770112,8.199999809265137,0.1388999968767166,342.3599853515625,7,1,68.70999908447266,49.88999938964844,-61.09000015258789,142.02999877929688,0.0,73587,73617,73613,73614,0,73617,STANDBY
-3.140000104904175,9.279999732971191,1.7599999904632568,0.0,0.0,0.0,1021.7111206054688,23.6200008392334,8.950032234191895,-2.249290704727173,374007744,1267770112,8.199999809265137,0.1388999968767166,342.3599853515625,7,1,68.63999938964844,49.869998931884766,-61.220001220703125,142.16000366210938,0.0,73687,73717,73709,73710,0,73717,STANDBY
-3.1600000858306885,9.270000457763672,1.7400000095367432,0.0,0.0,-0.20000000298023224,1021.7806396484375,23.65999984741211,8.386598587036133,-3.6932806968688965,374007744,1267770112,8.199999809265137,0.1388999968767166,342.3599853515625,7,1,68.68000030517578,49.900001525878906,-61.16999816894531,142.19000244140625,0.0,73787,73817,73806,73806,0,73817,STANDBY
-3.1500000953674316,9.270000457763672,1.7400000095367432,0.0,0.0,0.6000000238418579,1021.6593017578125,23.579999923706055,9.370660781860352,1.5725491046905518,374007744,1267770112,8.199999809265137,0.1388999968767166,342.3599853515625,7,1,68.68000030517578,49.93000030517578,-61.15999984741211,142.22999572753906,0.0,73887,73917,73903,73904,0,73917,STANDBY
-3.109999895095825,9.289999961853027,1.7400000095367432,0.0,0.0,0.30000001192092896,1021.5519409179688,23.510000228881836,10.240477561950684,4.485698699951172,374007744,1267770112,8.199999809265137,0.1388999968767166,342.3599853515625,7,1,68.68000030517578,49.88999938964844,-61.209999084472656,142.30999755859375,0.0,73987,74017,74015,74015,0,74017,STANDBY
-3.190000057220459,9.229999542236328,1.7400000095367432,0.0,0.0,-0.20000000298023224,1021.6275024414062,23.56999969482422,9.627711296081543,0.4197821617126465,374007744,1267770112,8.199999809265137,0.1388999968767166,342.3599853515625,7,1,68.62999725341797,49.95000076293945,-61.29999923706055,142.42999267578125,0.0,74087,74117,74112,74113,0,74117,STANDBY
-3.130000114440918,9.319999694824219,1.75,0.0,0.0,0.30000001192092896,1021.70361328125,23.6200008392334,9.009751319885254,-2.203179359436035,374007744,1267770112,8.199999809265137,0.3292444348335266,342.3599853515625,7,1,68.62999725341797,49.91999816894531,-61.310001373291016,142.47000122070312,0.0,74187,74217,74208,74209,0,74217,STANDBY
-3.1500000953674316,9.25,1.75,0.0,-0.10000000149011612,-0.10000000149011612,1021.7731323242188,23.65999984741211,8.446316719055176,-3.66377329826355,374007744,1267770112,8.600000381469727,0.3292444348335266,342.3599853515625,7,1,68.63999938964844,49.91999816894531,-61.279998779296875,142.49000549316406,0.0,74287,74317,74304,74305,0,74317,STANDBY
-3.1700000762939453,9.25,1.7400000095367432,0.0,0.0,0.4000000059604645,1021.6534423828125,23.59000015258789,9.417396545410156,1.5395042896270752,374007744,1267770112,8.600000381469727,0.3292444348335266,342.3599853515625,7,1,68.58000183105469,49.970001220703125,-61.400001525878906,142.6300048828125,0.0,74387,74417,74400,74401,0,74417,STANDBY
-3.140000104904175,9.329999923706055,1.7599999904632568,0.0,-0.10000000149011612,0.30000001192092896,1021.54443359375,23.520000457763672,10.302793502807617,4.5268707275390625,374007744,1267770112,8.600000381469727,0.3292444348335266,342.3599853515625,7,1,68.5,49.93000030517578,-61.59000015258789,142.7899932861328,0.0,74487,74517,74513,74514,0,74517,STANDBY
-3.190000057220459,9.210000038146973,1.7400000095367432,0.0,-0.10000000149011612,0.30000001192092896,1021.61865234375,23.56999969482422,9.700411796569824,0.4876706600189209,374007744,1267770112,8.600000381469727,0.3292444348335266,342.3599853515625,7,1,68.44000244140625,50.0099983215332,-61.68000030517578,142.89999389648438,0.0,74587,74617,74609,74610,0,74617,STANDBY
-3.130000114440918,9.25,1.7300000190734863,0.0,0.0,-0.5,1021.6945190429688,23.6200008392334,9.08504867553711,-2.149343252182007,374007744,1267770112,8.600000381469727,0.3292444348335266,342.3599853515625,7,1,68.47000122070312,50.0,-61.66999816894531,142.9199981689453,0.0,74687,74717,74706,74707,0,74717,STANDBY
-3.1600000858306885,9.289999961853027,1.7599999904632568,0.0,0.0,-0.5,1021.7640380859375,23.670000076293945,8.521615028381348,-3.629314422607422,374007744,1267770112,8.600000381469727,0.3292444348335266,342.3599853515625,7,1,68.51000213623047,49.9900016784668,-61.56999969482422,142.8800048828125,0.0,74787,74817,74803,74803,0,74817,STANDBY
-3.1500000953674316,9.279999732971191,1.7400000095367432,0.0,-0.10000000149011612,0.5,1021.64501953125,23.59000015258789,9.484905242919922,1.5303995609283447,374007744,1267770112,8.600000381469727,0.3292444348335266,342.3599853515625,7,1,68.47000122070312,50.029998779296875,-61.630001068115234,142.97000122070312,0.0,74888,74917,74914,74916,0,74917,STANDBY
-3.140000104904175,9.279999732971191,1.7300000190734863,0.10000000149011612,0.0,0.30000001192092896,1021.5301513671875,23.520000457763672,10.417037963867188,4.707986831665039,374007744,1267770112,8.600000381469727,0.3292444348335266,342.3599853515625,7,1,68.5999984741211,50.040000915527344,-61.38999938964844,142.83999633789062,0.0,74988,75017,75012,75012,0,75017,STANDBY
-3.180000066757202,9.25,1.75,0.0,-0.10000000149011612,0.10000000149011612,1021.6102905273438,23.56999969482422,9.76792049407959,0.4166419506072998,374007744,1267770112,8.600000381469727,0.3292444348335266,342.3599853515625,7,1,68.56999969482422,50.08000183105469,-61.43000030517578,142.9199981689453,0.0,75088,75117,75108,75109,0,75117,STANDBY
-3.140000104904175,9.260000228881836,1.7400000095367432,0.10000000149011612,0.0,-0.10000000149011612,1021.6864013671875,23.6299991607666,9.1499605178833,-2.2051889896392822,374007712,1267770112,8.600000381469727,0.6584888696670532,258.3399963378906,7,1,68.5999984741211,50.06999969482422,-61.369998931884766,142.91000366210938,0.0,75188,75217,75204,75205,0,75217,STANDBY
-3.140000104904175,9.279999732971191,1.75,0.0,0.0,-0.20000000298023224,1021.755615234375,23.670000076293945,8.589122772216797,-3.654672145843506,374007712,1267770112,8.199999809265137,0.6584888696670532,258.3399963378906,8,1,68.62000274658203,50.029998779296875,-61.31999969482422,142.91000366210938,0.0,75289,75317,75300,75301,0,75317,STANDBY
-3.1700000762939453,9.260000228881836,1.75,0.0,0.0,0.30000001192092896,1021.6383056640625,23.600000381469727,9.539430618286133,1.4622411727905273,374007712,1267770112,8.199999809265137,0.6584888696670532,258.3399963378906,8,1,68.55999755859375,50.04999923706055,-61.40999984741211,143.02000427246094,0.0,75389,75417,75413,75414,0,75417,STANDBY
-3.130000114440918,9.270000457763672,1.7400000095367432,0.0,0.0,0.0,1021.5292358398438,23.530000686645508,10.424827575683594,4.47742223739624,374007712,1267770112,8.199999809265137,0.6584888696670532,258.3399963378906,8,1,68.66000366210938,50.040000915527344,-61.22999954223633,142.92999267578125,0.0,75489,75517,75509,75507,0,75517,STANDBY
-3.180000066757202,9.260000228881836,1.7400000095367432,0.0,0.0,-0.10000000149011612,1021.609375,23.579999923706055,9.775710105895996,0.26908040046691895,374007712,1267770112,8.199999809265137,0.6584888696670532,258.3399963378906,8,1,68.66000366210938,50.060001373291016,-61.20000076293945,142.9600067138672,0.0,75589,75617,75606,75607,0,75617,STANDBY
-3.1500000953674316,9.279999732971191,1.75,0.0,-0.10000000149011612,0.6000000238418579,1021.6812744140625,23.6299991607666,9.19150447845459,-2.1646111011505127,374007712,1267770112,8.199999809265137,0.6584888696670532,258.3399963378906,8,1,68.58999633789062,50.04999923706055,-61.34000015258789,143.08999633789062,0.0,75689,75717,75702,75708,0,75717,STANDBY
-3.1700000762939453,9.279999732971191,1.7400000095367432,0.0,-0.10000000149011612,0.30000001192092896,1021.7564086914062,23.68000030517578,8.58133316040039,-3.8260364532470703,374007712,1267770112,8.199999809265137,0.6584888696670532,258.3399963378906,8,1,68.55999755859375,50.060001373291016,-61.43000030517578,143.2100067138672,0.0,75789,75817,75814,75815,0,75817,STANDBY
-3.180000066757202,9.220000267028809,1.7300000190734863,0.0,0.0,0.0,1021.6408081054688,23.600000381469727,9.521255493164062,1.311025857925415,374007712,1267770112,8.199999809265137,0.6584888696670532,258.3399963378906,8,1,68.43000030517578,50.119998931884766,-61.70000076293945,143.44000244140625,0.0,75889,75917,75911,75912,0,75917,STANDBY
-3.140000104904175,9.289999961853027,1.7300000190734863,0.0,0.0,-0.4000000059604645,1021.53173828125,23.540000915527344,10.40405559539795,4.301018238067627,374007712,1267770112,8.199999809265137,0.6584888696670532,258.3399963378906,8,1,68.44999694824219,50.099998474121094,-61.709999084472656,143.47000122070312,0.0,75990,76017,76007,76007,0,76017,STANDBY
-3.140000104904175,9.289999961853027,1.7400000095367432,0.0,0.0,0.30000001192092896,1021.611572265625,23.59000015258789,9.75753402709961,0.1665656566619873,374007712,1267770112,8.199999809265137,0.6584888696670532,258.3399963378906,8,1,68.38999938964844,50.11000061035156,-61.84000015258789,143.5800018310547,0.0,76090,76118,76104,76105,0,76118,STANDBY
-3.1600000858306885,9.289999961853027,1.75,0.0,-0.10000000149011612,0.8999999761581421,1021.6890869140625,23.639999389648438,9.129188537597656,-2.4067800045013428,374007712,1267770112,8.199999809265137,0.06173333153128624,258.3399963378906,8,1,68.4000015258789,50.15999984741211,-61.79999923706055,143.58999633789062,0.0,76190,76218,76216,76217,0,76218,STANDBY
-3.1500000953674316,9.260000228881836,1.75,0.0,-0.10000000149011612,0.4000000059604645,1021.7568969726562,23.690000534057617,8.578737258911133,-3.7421443462371826,374007712,1267770112,8.300000190734863,0.06173333153128624,258.3399963378906,9,1,68.55000305175781,50.16999816894531,-61.4900016784668,143.41000366210938,0.0,76290,76318,76312,76314,0,76318,STANDBY
-3.1700000762939453,9.239999771118164,1.7400000095367432,0.0,0.0,-0.5,1021.6412353515625,23.610000610351562,9.51606273651123,1.3543293476104736,374007712,1267770112,8.300000190734863,0.06173333153128624,258.3399963378906,9,1,68.58999633789062,50.16999816894531,-61.36000061035156,143.36000061035156,0.0,76390,76418,76409,76409,0,76418,STANDBY
-3.119999885559082,9.300000190734863,1.7400000095367432,0.0,0.0,0.0,1021.5281982421875,23.540000915527344,10.432616233825684,4.532984733581543,374007712,1267770112,8.300000190734863,0.06173333153128624,258.3399963378906,9,1,68.62000274658203,50.13999938964844,-61.33000183105469,143.3699951171875,0.0,76490,76518,76506,76507,0,76518,STANDBY
-3.119999885559082,9.279999732971191,1.7400000095367432,0.0,0.0,0.4000000059604645,1021.6096801757812,23.59000015258789,9.773113250732422,0.26309847831726074,374007712,1267770112,8.300000190734863,0.06173333153128624,258.3399963378906,9,1,68.62999725341797,50.119998931884766,-61.290000915527344,143.36000061035156,0.0,76590,76618,76602,76603,0,76618,STANDBY
-3.1600000858306885,9.25,1.75,0.0,0.0,0.5,1021.6858520507812,23.649999618530273,9.155153274536133,-2.3034567832946777,374007712,1267770112,8.300000190734863,0.06173333153128624,258.3399963378906,9,1,68.51000213623047,50.13999938964844,-61.5099983215332,143.57000732421875,0.0,76690,76718,76715,76716,0,76718,STANDBY
-3.1700000762939453,9.279999732971191,1.7400000095367432,0.0,-0.10000000149011612,0.10000000149011612,1021.7553100585938,23.690000534057617,8.591719627380371,-3.7279469966888428,374007712,1267770112,8.300000190734863,0.06173333153128624,258.3399963378906,9,1,68.44999694824219,50.13999938964844,-61.630001068115234,143.67999267578125,0.0,76790,76818,76811,76812,0,76818,STANDBY
-3.1600000858306885,9.229999542236328,1.75,0.0,0.0,-0.30000001192092896,1021.6381225585938,23.6200008392334,9.542027473449707,1.4153451919555664,374007712,1267770112,8.300000190734863,0.06173333153128624,258.3399963378906,9,1,68.48999786376953,50.15999984741211,-61.58000183105469,143.6699981689453,0.0,76890,76918,76907,76908,0,76918,STANDBY
-3.140000104904175,9.3100004196167,1.75,0.0,-0.10000000149011612,0.20000000298023224,1021.529052734375,23.549999237060547,10.427423477172852,4.447404861450195,374007712,1267770112,8.300000190734863,0.06173333153128624,258.3399963378906,9,1,68.5199966430664,50.15999984741211,-61.5099983215332,143.64999389648438,0.0,76990,77018,77003,77004,0,77018,STANDBY
-3.130000114440918,9.3100004196167,1.7599999904632568,0.0,0.0,0.699999988079071,1021.60888671875,23.600000381469727,9.778306007385254,0.24986934661865234,374007712,1267770112,8.300000190734863,0.06173333153128624,258.3399963378906,9,1,68.48999786376953,50.130001068115234,-61.54999923706055,143.6999969482422,0.0,77090,77118,77116,77117,0,77118,STANDBY
-3.200000047683716,9.229999542236328,1.7599999904632568,0.0,-0.10000000149011612,0.4000000059604645,1021.6846923828125,23.649999618530273,9.162942886352539,-2.3015360832214355,374007712,1267769984,8.300000190734863,0.41669997572898865,247.17999267578125,9,1,68.43000030517578,50.20000076293945,-61.630001068115234,143.80999755859375,0.0,77190,77218,77212,77213,0,77218,STANDBY
-3.1500000953674316,9.25,1.7200000286102295,0.0,0.0,-0.800000011920929,1021.7542114257812,23.700000762939453,8.599509239196777,-3.726717710494995,374007712,1267769984,8.399999618530273,0.41669997572898865,247.17999267578125,7,1,68.5199966430664,50.189998626708984,-61.470001220703125,143.72000122070312,0.0,77290,77318,77308,77309,0,77318,STANDBY
-3.1500000953674316,9.3100004196167,1.7599999904632568,0.0,-0.10000000149011612,-0.8999999761581421,1021.6388549804688,23.6299991607666,9.536834716796875,1.3642024993896484,374007712,1267769984,8.399999618530273,0.41669997572898865,247.17999267578125,7,1,68.47000122070312,50.150001525878906,-61.58000183105469,143.80999755859375,0.0,77390,77418,77405,77406,0,77418,STANDBY
-3.140000104904175,9.300000190734863,1.7599999904632568,0.0,-0.10000000149011612,1.0,1021.5292358398438,23.559999465942383,10.424827575683594,4.425061225891113,374007712,1267769984,8.399999618530273,0.41669997572898865,247.17999267578125,7,1,68.45999908447266,50.15999984741211,-61.56999969482422,143.8300018310547,0.0,77490,77518,77502,77503,0,77518,STANDBY
-3.140000104904175,9.289999961853027,1.75,0.0,-0.10000000149011612,1.100000023841858,1021.609375,23.610000610351562,9.775710105895996,0.23556947708129883,374007712,1267769984,8.399999618530273,0.41669997572898865,247.17999267578125,7,1,68.4800033569336,50.15999984741211,-61.529998779296875,143.8300018310547,0.0,77590,77618,77614,77615,0,77618,STANDBY
-3.180000066757202,9.229999542236328,1.75,0.10000000149011612,-0.10000000149011612,0.4000000059604645,1021.684814453125,23.65999984741211,9.162942886352539,-2.300304412841797,374007712,1267769984,8.399999618530273,0.41669997572898865,247.17999267578125,7,1,68.38999938964844,50.189998626708984,-61.68000030517578,143.97999572753906,0.0,77690,77718,77711,77711,0,77718,STANDBY
-3.140000104904175,9.260000228881836,1.75,0.0,0.0,-0.6000000238418579,1021.755615234375,23.700000762939453,8.589122772216797,-3.7674753665924072,374007712,1267769984,8.399999618530273,0.41669997572898865,247.17999267578125,7,1,68.37000274658203,50.15999984741211,-61.709999084472656,144.0,0.0,77790,77818,77807,77808,0,77818,STANDBY
-3.1500000953674316,9.270000457763672,1.75,0.0,0.0,-0.5,1021.6419677734375,23.6299991607666,9.510869979858398,1.2758045196533203,374007712,1267769984,8.399999618530273,0.41669997572898865,247.17999267578125,7,1,68.4000015258789,50.18000030517578,-61.65999984741211,143.99000549316406,0.0,77890,77918,77903,77904,0,77918,STANDBY
-3.130000114440918,9.300000190734863,1.7599999904632568,0.0,-0.10000000149011612,-0.10000000149011612,1021.5326538085938,23.559999465942383,10.398862838745117,4.368486404418945,374007712,1267769984,8.399999618530273,0.41669997572898865,247.17999267578125,7,1,68.48999786376953,50.15999984741211,-61.459999084472656,143.8699951171875,0.0,77990,78018,78016,78017,0,78018,STANDBY
-3.119999885559082,9.300000190734863,1.7599999904632568,0.0,-0.10000000149011612,0.6000000238418579,1021.6127319335938,23.6200008392334,9.747148513793945,0.18897414207458496,374007712,1267769984,8.399999618530273,0.41669997572898865,247.17999267578125,7,1,68.5,50.150001525878906,-61.43000030517578,143.8699951171875,0.0,78090,78118,78112,78113,0,78118,STANDBY
-3.180000066757202,9.25,1.75,0.10000000149011612,0.0,0.30000001192092896,1021.69189453125,23.670000076293945,9.105820655822754,-2.4443678855895996,374007712,1267769984,8.399999618530273,0.051444441080093384,247.17999267578125,7,1,68.45999908447266,50.209999084472656,-61.5,143.9600067138672,0.0,78190,78218,78209,78210,0,78218,STANDBY
-3.1600000858306885,9.25,1.7400000095367432,0.0,0.0,-0.10000000149011612,1021.7613525390625,23.709999084472656,8.542386054992676,-3.81813383102417,374007712,1267769984,8.0,0.051444441080093384,247.17999267578125,8,1,68.5199966430664,50.22999954223633,-61.40999984741211,143.94000244140625,0.0,78290,78318,78305,78306,0,78318,STANDBY
-3.1700000762939453,9.260000228881836,1.7400000095367432,0.0,0.0,-0.4000000059604645,1021.6481323242188,23.639999389648438,9.46153736114502,1.232999563217163,374007712,1267769984,8.0,0.051444441080093384,247.17999267578125,8,1,68.4000015258789,50.2599983215332,-61.689998626708984,144.16000366210938,0.0,78390,78418,78402,78403,0,78418,STANDBY
-3.1600000858306885,9.260000228881836,1.75,0.0,0.0,-0.4000000059604645,1021.5430297851562,23.56999969482422,10.313179016113281,4.195686340332031,374007712,1267769984,8.0,0.051444441080093384,247.17999267578125,8,1,68.12000274658203,50.29999923706055,-62.31999969482422,144.6300048828125,0.0,78490,78518,78514,78515,0,78518,STANDBY
-3.130000114440918,9.3100004196167,1.75,0.0,0.0,0.20000000298023224,1021.6248168945312,23.6299991607666,9.651079177856445,0.036839962005615234,374007712,1267769984,8.0,0.051444441080093384,247.17999267578125,8,1,67.97000122070312,50.2599983215332,-62.68000030517578,144.86000061035156,0.0,78590,78618,78610,78611,0,78618,STANDBY
-3.1700000762939453,9.260000228881836,1.7599999904632568,0.0,0.0,0.4000000059604645,1021.697998046875,23.68000030517578,9.056488037109375,-2.3547868728637695,374007712,1267769984,8.0,0.051444441080093384,247.17999267578125,8,1,67.91999816894531,50.279998779296875,-62.75,144.89999389648438,0.0,78690,78718,78706,78709,0,78718,STANDBY
-3.1700000762939453,9.25,1.7599999904632568,0.0,0.0,0.30000001192092896,1021.7675170898438,23.719999313354492,8.493053436279297,-3.7608020305633545,374007712,1267769984,8.0,0.051444441080093384,247.17999267578125,8,1,67.87999725341797,50.29999923706055,-62.790000915527344,144.91000366210938,0.0,78790,78818,78803,78803,0,78818,STANDBY
-3.1600000858306885,9.260000228881836,1.7400000095367432,0.0,0.0,-0.10000000149011612,1021.6560668945312,23.649999618530273,9.396625518798828,1.1365065574645996,374007712,1267769984,8.0,0.051444441080093384,247.17999267578125,8,1,67.8499984741211,50.310001373291016,-62.880001068115234,144.9499969482422,0.0,78891,78918,78915,78916,0,78918,STANDBY
-3.180000066757202,9.25,1.7400000095367432,0.0,0.0,-0.10000000149011612,1021.5494384765625,23.579999923706055,10.261249542236328,4.1858601570129395,374007712,1267769984,8.0,0.051444441080093384,247.17999267578125,8,1,67.7300033569336,50.34000015258789,-63.130001068115234,145.11000061035156,0.0,78991,79019,79011,79012,0,79019,STANDBY
-3.140000104904175,9.3100004196167,1.75,0.0,-0.10000000149011612,0.0,1021.6292724609375,23.639999389648438,9.614728927612305,0.09286808967590332,374007712,1267769984,8.0,0.051444441080093384,247.17999267578125,8,1,67.68000030517578,50.33000183105469,-63.2400016784668,145.13999938964844,0.0,79091,79119,79108,79109,0,79119,STANDBY
-3.1500000953674316,9.270000457763672,1.75,0.0,0.0,-0.10000000149011612,1021.7028198242188,23.690000534057617,9.01754093170166,-2.3293163776397705,374007680,1267769984,8.0,0.025722220540046692,247.17999267578125,8,1,67.62000274658203,50.33000183105469,-63.349998474121094,145.17999267578125,0.0,79191,79219,79205,79205,0,79219,STANDBY
-3.1500000953674316,9.270000457763672,1.7200000286102295,0.0,0.0,0.10000000149011612,1021.7706298828125,23.729999542236328,8.46708869934082,-3.6925716400146484,374007680,1267769984,7.699999809265137,0.025722220540046692,247.17999267578125,9,1,67.63999938964844,50.380001068115234,-63.33000183105469,145.1199951171875,0.0,79291,79319,79316,79318,0,79319,STANDBY
-3.140000104904175,9.279999732971191,1.7200000286102295,0.0,-0.10000000149011612,0.10000000149011612,1021.6592407226562,23.65999984741211,9.370660781860352,1.251042366027832,374007680,1267769984,7.699999809265137,0.025722220540046692,247.17999267578125,9,1,67.72000122070312,50.400001525878906,-63.2400016784668,145.00999450683594,0.0,79391,79419,79413,79414,0,79419,STANDBY
-3.1700000762939453,9.25,1.75,0.0,-0.10000000149011612,0.4000000059604645,1021.5505981445312,23.59000015258789,10.253459930419922,4.331863880157471,374007680,1267769984,7.699999809265137,0.025722220540046692,247.17999267578125,9,1,67.75,50.439998626708984,-63.15999984741211,144.92999267578125,0.0,79491,79519,79509,79507,0,79519,STANDBY
-3.1600000858306885,9.239999771118164,1.75,0.0,0.0,0.30000001192092896,1021.6325073242188,23.649999618530273,9.588764190673828,0.11361002922058105,374007680,1267769984,7.699999809265137,0.025722220540046692,247.17999267578125,9,1,67.81999969482422,50.439998626708984,-62.9900016784668,144.77999877929688,0.0,79591,79619,79606,79606,0,79619,STANDBY
-3.1500000953674316,9.279999732971191,1.7200000286102295,0.0,0.0,-0.5,1021.7042846679688,23.700000762939453,9.004558563232422,-2.2641119956970215,374007680,1267769984,7.699999809265137,0.025722220540046692,247.17999267578125,9,1,67.88999938964844,50.45000076293945,-62.880001068115234,144.6699981689453,0.0,79691,79719,79703,79710,0,79719,STANDBY
-3.180000066757202,9.25,1.7200000286102295,0.0,0.0,-0.4000000059604645,1021.7754516601562,23.739999771118164,8.428141593933105,-3.75469970703125,374007680,1267769984,7.699999809265137,0.025722220540046692,247.17999267578125,9,1,67.94999694824219,50.529998779296875,-62.810001373291016,144.60000610351562,0.0,79791,79819,79814,79815,0,79819,STANDBY
-3.119999885559082,9.289999961853027,1.7300000190734863,-0.10000000149011612,0.0,0.10000000149011612,1021.6637573242188,23.670000076293945,9.334309577941895,1.2216639518737793,374007680,1267769984,7.699999809265137,0.025722220540046692,247.17999267578125,9,1,68.04000091552734,50.5099983215332,-62.650001525878906,144.4600067138672,0.0,79891,79919,79911,79912,0,79919,STANDBY
-3.1500000953674316,9.270000457763672,1.7300000190734863,0.0,-0.10000000149011612,0.20000000298023224,1021.5587768554688,23.600000381469727,10.185952186584473,4.1884355545043945,374007680,1267769984,7.699999809265137,0.025722220540046692,247.17999267578125,9,1,68.12000274658203,50.529998779296875,-62.5099983215332,144.33999633789062,0.0,79991,80019,80008,80015,0,80019,STANDBY
-3.1600000858306885,9.260000228881836,1.7200000286102295,0.0,-0.10000000149011612,0.4000000059604645,1021.63623046875,23.65999984741211,9.55760669708252,0.16721701622009277,374007680,1267769984,7.699999809265137,0.025722220540046692,247.17999267578125,9,1,68.08999633789062,50.560001373291016,-62.54999923706055,144.35000610351562,0.0,80091,80119,80104,80105,0,80119,STANDBY
-3.1600000858306885,9.260000228881836,1.75,-0.10000000149011612,0.0,0.0,1021.71142578125,23.700000762939453,8.94743537902832,-2.3336663246154785,374007712,1267769984,7.699999809265137,0.2880888879299164,322.4599914550781,9,1,68.06999969482422,50.54999923706055,-62.599998474121094,144.36000061035156,0.0,80191,80219,80217,80217,0,80219,STANDBY
-3.1600000858306885,9.260000228881836,1.75,0.0,0.0,-0.10000000149011612,1021.7808837890625,23.75,8.384001731872559,-3.7680530548095703,374007712,1267769984,7.0,0.2880888879299164,322.4599914550781,9,1,68.0199966430664,50.529998779296875,-62.63999938964844,144.36000061035156,0.0,80291,80319,80313,80313,0,80319,STANDBY
-3.140000104904175,9.289999961853027,1.75,-0.10000000149011612,-0.10000000149011612,-0.10000000149011612,1021.6651611328125,23.68000030517578,9.32392406463623,1.3593358993530273,374007712,1267769984,7.0,0.2880888879299164,322.4599914550781,9,1,68.02999877929688,50.4900016784668,-62.59000015258789,144.27999877929688,0.0,80392,80419,80409,80410,0,80419,STANDBY
-3.1500000953674316,9.260000228881836,1.7300000190734863,0.0,-0.10000000149011612,0.0,1021.5601806640625,23.610000610351562,10.175565719604492,3.5952281951904297,374007712,1267769984,7.0,0.2880888879299164,322.4599914550781,9,1,68.05999755859375,50.5099983215332,-62.529998779296875,144.2100067138672,0.0,80492,80519,80505,80506,0,80519,STANDBY
-3.1500000953674316,9.279999732971191,1.75,0.0,0.0,0.30000001192092896,1021.6363525390625,23.65999984741211,9.55760669708252,0.323477178812027,374007712,1267769984,7.0,0.2880888879299164,322.4599914550781,9,1,68.12000274658203,50.52000045776367,-62.38999938964844,144.08999633789062,0.0,80592,80619,80618,80619,0,80619,STANDBY
-3.140000104904175,9.270000457763672,1.7400000095367432,0.0,0.0,0.0,1021.7095336914062,23.709999084472656,8.963014602661133,-1.695669412612915,374007712,1267769984,7.0,0.2880888879299164,322.4599914550781,9,1,68.16000366210938,50.5099983215332,-62.29999923706055,144.0,0.0,80692,80719,80714,80715,0,80719,STANDBY
-3.1500000953674316,9.270000457763672,1.75,0.0,-0.10000000149011612,0.30000001192092896,1021.7750244140625,23.75,8.43073844909668,-2.7885119915008545,374007712,1267769984,7.0,0.2880888879299164,322.4599914550781,9,1,68.12999725341797,50.5,-62.31999969482422,143.99000549316406,0.0,80792,80819,80811,80812,0,80819,STANDBY
-3.1500000953674316,9.270000457763672,1.7400000095367432,0.0,0.0,0.10000000149011612,1021.665283203125,23.68000030517578,9.321327209472656,1.0652363300323486,374007712,1267769984,7.0,0.2880888879299164,322.4599914550781,9,1,68.04000091552734,50.47999954223633,-62.52000045776367,144.08999633789062,0.0,80892,80919,80907,80908,0,80919,STANDBY
-3.190000057220459,9.260000228881836,1.7400000095367432,0.0,0.0,-0.10000000149011612,1021.555908203125,23.610000610351562,10.209320068359375,3.5233285427093506,374007712,1267769984,7.0,0.2880888879299164,322.4599914550781,9,1,67.83999633789062,50.529998779296875,-62.970001220703125,144.36000061035156,0.0,80992,81019,81003,81004,0,81019,STANDBY
-3.180000066757202,9.25,1.7400000095367432,0.0,-0.10000000149011612,0.6000000238418579,1021.6337280273438,23.65999984741211,9.578377723693848,0.23591481149196625,374007712,1267769984,7.0,0.2880888879299164,322.4599914550781,9,1,67.63999938964844,50.58000183105469,-63.36000061035156,144.5399932861328,0.0,81092,81119,81116,81117,0,81119,STANDBY
-3.1600000858306885,9.260000228881836,1.7400000095367432,0.0,-0.10000000149011612,-0.699999988079071,1021.7029418945312,23.709999084472656,9.01754093170166,-1.6436922550201416,374007712,1267769984,7.0,0.1646222174167633,285.82000732421875,9,1,67.81999969482422,50.56999969482422,-63.040000915527344,144.27000427246094,0.0,81192,81219,81212,81213,0,81219,STANDBY
-3.1600000858306885,9.289999961853027,1.75,0.0,0.0,-0.4000000059604645,1021.772705078125,23.760000228881836,8.451510429382324,-2.8632607460021973,374007712,1267769984,7.300000190734863,0.1646222174167633,285.82000732421875,11,1,68.25,50.56999969482422,-62.2599983215332,143.74000549316406,0.0,81292,81319,81308,81309,0,81319,STANDBY
-3.140000104904175,9.289999961853027,1.75,0.0,0.0,0.4000000059604645,1021.6587524414062,23.68000030517578,9.375853538513184,1.125411033630371,374007712,1267769984,7.300000190734863,0.1646222174167633,285.82000732421875,11,1,68.5999984741211,50.58000183105469,-61.619998931884766,143.30999755859375,0.0,81392,81419,81404,81405,0,81419,STANDBY
-3.1500000953674316,9.270000457763672,1.75,0.0,-0.10000000149011612,0.30000001192092896,1021.5454711914062,23.610000610351562,10.295003890991211,3.66154408454895,374007712,1267769984,7.300000190734863,0.1646222174167633,285.82000732421875,11,1,68.73999786376953,50.58000183105469,-61.279998779296875,143.0800018310547,0.0,81492,81519,81517,81518,0,81519,STANDBY
-3.1600000858306885,9.270000457763672,1.7599999904632568,0.0,-0.10000000149011612,0.5,1021.5906372070312,23.639999389648438,9.926304817199707,1.1635512113571167,374007712,1267769984,7.300000190734863,0.1646222174167633,285.82000732421875,11,1,68.73999786376953,50.59000015258789,-61.220001220703125,143.0500030517578,0.0,81592,81619,81613,81614,0,81619,STANDBY
-3.1700000762939453,9.260000228881836,1.7300000190734863,0.0,0.0,-0.10000000149011612,1021.665771484375,23.690000534057617,9.318731307983398,-1.199562430381775,374007712,1267769984,7.300000190734863,0.1646222174167633,285.82000732421875,11,1,68.75,50.599998474121094,-61.189998626708984,143.0399932861328,0.0,81692,81719,81710,81712,0,81719,STANDBY
-3.1600000858306885,9.270000457763672,1.7400000095367432,0.0,0.0,0.0,1021.7371826171875,23.739999771118164,8.73712158203125,-2.628871202468872,374007712,1267769984,7.300000190734863,0.1646222174167633,285.82000732421875,11,1,68.75,50.59000015258789,-61.16999816894531,143.0399932861328,0.0,81792,81819,81807,81807,0,81819,STANDBY
-3.140000104904175,9.270000457763672,1.7300000190734863,0.0,0.0,0.30000001192092896,1021.62158203125,23.65999984741211,9.677043914794922,1.325273871421814,374007712,1267769984,7.300000190734863,0.1646222174167633,285.82000732421875,11,1,68.7699966430664,50.61000061035156,-61.11000061035156,143.02000427246094,0.0,81892,81920,81903,81904,0,81920,STANDBY
-3.1700000762939453,9.270000457763672,1.7400000095367432,0.0,-0.20000000298023224,0.4000000059604645,1021.5154418945312,23.59000015258789,10.53647518157959,3.598355531692505,374007712,1267769984,7.300000190734863,0.1646222174167633,285.82000732421875,11,1,68.83999633789062,50.65999984741211,-60.9900016784668,142.97000122070312,0.0,81992,82020,82015,82016,0,82020,STANDBY
-3.1600000858306885,9.25,1.7400000095367432,0.0,0.0,0.10000000149011612,1021.4717407226562,23.56999969482422,10.892191886901855,3.4412410259246826,374007712,1267769984,7.300000190734863,0.1646222174167633,285.82000732421875,11,1,68.80000305175781,50.68000030517578,-61.060001373291016,143.0399932861328,0.0,82092,82120,82112,82113,0,82120,STANDBY
-3.1500000953674316,9.270000457763672,1.7300000190734863,0.0,0.0,-0.20000000298023224,1021.55517578125,23.6200008392334,10.214512825012207,0.03382129594683647,374007712,1267769984,7.300000190734863,0.09259999543428421,285.82000732421875,11,1,68.76000213623047,50.689998626708984,-61.13999938964844,143.1199951171875,0.0,82192,82220,82208,82209,0,82220,STANDBY
-3.1600000858306885,9.25,1.7300000190734863,0.0,0.0,-0.20000000298023224,1021.6342163085938,23.670000076293945,9.573184967041016,-2.0306036472320557,374007712,1267769984,7.199999809265137,0.09259999543428421,285.82000732421875,11,1,68.62999725341797,50.709999084472656,-61.41999816894531,143.3300018310547,0.0,82292,82320,82305,82306,0,82320,STANDBY
-3.140000104904175,9.270000457763672,1.7400000095367432,0.0,0.0,0.10000000149011612,1021.5259399414062,23.600000381469727,10.45079231262207,1.5087571144104004,374007712,1267769984,7.199999809265137,0.09259999543428421,285.82000732421875,11,1,68.5999984741211,50.720001220703125,-61.4900016784668,143.38999938964844,0.0,82392,82420,82417,82418,0,82420,STANDBY
-3.1500000953674316,9.260000228881836,1.7400000095367432,-0.10000000149011612,0.0,-0.10000000149011612,1021.4224853515625,23.530000686645508,11.292048454284668,3.6576240062713623,374007712,1267769984,7.199999809265137,0.09259999543428421,285.82000732421875,11,1,68.58999633789062,50.720001220703125,-61.5,143.38999938964844,0.0,82492,82520,82513,82514,0,82520,STANDBY
-3.1700000762939453,9.239999771118164,1.7300000190734863,0.0,0.0,-0.4000000059604645,1021.3241577148438,23.469999313354492,12.089164733886719,4.891651630401611,374007712,1267769984,7.199999809265137,0.09259999543428421,285.82000732421875,11,1,68.55999755859375,50.7400016784668,-61.52000045776367,143.41000366210938,0.0,82592,82620,82610,82611,0,82620,STANDBY
-3.1500000953674316,9.289999961853027,1.75,0.0,0.0,-0.20000000298023224,1021.4168701171875,23.530000686645508,11.336188316345215,0.7211324572563171,374007712,1267769984,7.199999809265137,0.09259999543428421,285.82000732421875,11,1,68.48999786376953,50.72999954223633,-61.68000030517578,143.50999450683594,0.0,82692,82720,82706,82710,0,82720,STANDBY
-3.1500000953674316,9.270000457763672,1.75,0.0,0.0,-0.20000000298023224,1021.5042114257812,23.59000015258789,10.629948616027832,-1.7984422445297241,374007712,1267769984,7.199999809265137,0.09259999543428421,285.82000732421875,11,1,68.43000030517578,50.7400016784668,-61.779998779296875,143.58999633789062,0.0,82792,82820,82819,82819,0,82820,STANDBY
-3.140000104904175,9.25,1.7300000190734863,0.0,-0.10000000149011612,0.10000000149011612,1021.4039306640625,23.520000457763672,11.442643165588379,1.4496195316314697,374007712,1267769984,7.199999809265137,0.09259999543428421,285.82000732421875,11,1,68.4800033569336,50.7400016784668,-61.65999984741211,143.5,0.0,82892,82920,82915,82916,0,82920,STANDBY
-3.1500000953674316,9.289999961853027,1.7599999904632568,0.0,0.0,0.10000000149011612,1021.3128051757812,23.459999084472656,12.182637214660645,3.2957375049591064,374007712,1267769984,7.199999809265137,0.09259999543428421,285.82000732421875,11,1,68.45999908447266,50.709999084472656,-61.68000030517578,143.49000549316406,0.0,82992,83020,83011,83012,0,83020,STANDBY
-3.180000066757202,9.25,1.7400000095367432,0.0,-0.10000000149011612,0.6000000238418579,1021.2240600585938,23.399999618530273,12.901859283447266,4.410782814025879,374007712,1267769984,7.199999809265137,0.09259999543428421,285.82000732421875,11,1,68.4800033569336,50.7599983215332,-61.630001068115234,143.47000122070312,0.0,83092,83120,83107,83108,0,83120,STANDBY
-3.1600000858306885,9.239999771118164,1.7400000095367432,0.0,0.0,-0.30000001192092896,1021.3214721679688,23.469999313354492,12.109936714172363,0.28874874114990234,374007712,1267770112,7.199999809265137,0.14918887615203857,285.82000732421875,11,1,68.44000244140625,50.77000045776367,-61.709999084472656,143.52000427246094,0.0,83192,83220,83204,83205,0,83220,STANDBY
-3.1700000762939453,9.25,1.75,-0.10000000149011612,0.0,-1.0,1021.4129028320312,23.530000686645508,11.369942665100098,-2.1367509365081787,374007712,1267770112,6.599999904632568,0.14918887615203857,285.82000732421875,11,1,68.54000091552734,50.7400016784668,-61.470001220703125,143.33999633789062,0.0,83293,83320,83316,83317,0,83320,STANDBY
-3.140000104904175,9.289999961853027,1.75,0.0,-0.10000000149011612,0.4000000059604645,1021.3247680664062,23.469999313354492,12.083971977233887,0.9173731803894043,374007712,1267770112,6.599999904632568,0.14918887615203857,285.82000732421875,11,1,68.55999755859375,50.7400016784668,-61.439998626708984,143.32000732421875,0.0,83393,83420,83412,83414,0,83420,STANDBY
-3.130000114440918,9.260000228881836,1.7400000095367432,0.0,-0.10000000149011612,0.699999988079071,1021.2374267578125,23.40999984741211,12.792807579040527,2.8553929328918457,374007712,1267770112,6.599999904632568,0.14918887615203857,285.82000732421875,11,1,68.58999633789062,50.75,-61.369998931884766,143.27000427246094,0.0,83493,83520,83509,83507,0,83520,STANDBY
-3.1700000762939453,9.239999771118164,1.75,0.0,-0.10000000149011612,0.10000000149011612,1021.1613159179688,23.3700008392334,13.410767555236816,3.8049232959747314,374007712,1267770112,6.599999904632568,0.14918887615203857,285.82000732421875,11,1,68.62000274658203,50.75,-61.27000045776367,143.2100067138672,0.0,83593,83620,83605,83606,0,83620,STANDBY
-3.140000104904175,9.279999732971191,1.75,0.0,-0.10000000149011612,0.10000000149011612,1021.2650146484375,23.43000030517578,12.569511413574219,-0.25686874985694885,374007712,1267770112,6.599999904632568,0.14918887615203857,285.82000732421875,11,1,68.61000061035156,50.75,-61.279998779296875,143.22000122070312,0.0,83693,83720,83718,83719,0,83720,STANDBY
-3.130000114440918,9.270000457763672,1.75,0.0,-0.10000000149011612,-0.30000001192092896,1021.3604125976562,23.489999771118164,11.79576301574707,-2.6403908729553223,374007712,1267770112,6.599999904632568,0.14918887615203857,285.82000732421875,11,1,68.58999633789062,50.720001220703125,-61.349998474121094,143.25999450683594,0.0,83793,83820,83814,83815,0,83820,STANDBY
-3.180000066757202,9.279999732971191,1.7699999809265137,0.0,-0.10000000149011612,-0.10000000149011612,1021.28662109375,23.450000762939453,12.392951965332031,0.22115440666675568,374007712,1267770112,6.599999904632568,0.14918887615203857,285.82000732421875,11,1,68.58000183105469,50.75,-61.33000183105469,143.25999450683594,0.0,83893,83920,83911,83911,0,83920,STANDBY
-3.130000114440918,9.279999732971191,1.7400000095367432,0.0,0.0,0.5,1021.217529296875,23.399999618530273,12.953788757324219,1.9362165927886963,374007712,1267770112,6.599999904632568,0.14918887615203857,285.82000732421875,11,1,68.54000091552734,50.7599983215332,-61.41999816894531,143.3300018310547,0.0,83993,84020,84007,84006,0,84020,STANDBY
-3.130000114440918,9.260000228881836,1.7400000095367432,0.0,-0.10000000149011612,0.10000000149011612,1021.1493530273438,23.360000610351562,13.50943374633789,3.017242670059204,374007712,1267770112,6.599999904632568,0.14918887615203857,285.82000732421875,11,1,68.58999633789062,50.7599983215332,-61.33000183105469,143.25999450683594,0.0,84093,84120,84104,84105,0,84120,STANDBY
-3.1600000858306885,9.279999732971191,1.7599999904632568,0.0,0.0,0.6000000238418579,1021.2514038085938,23.420000076293945,12.681159973144531,-0.7194406390190125,374007712,1267770112,6.599999904632568,0.03086666576564312,285.82000732421875,11,1,68.56999969482422,50.77000045776367,-61.34000015258789,143.27999877929688,0.0,84193,84220,84216,84217,0,84220,STANDBY
-3.140000104904175,9.270000457763672,1.75,0.0,-0.10000000149011612,0.30000001192092896,1021.34814453125,23.489999771118164,11.894429206848145,-2.977980375289917,374007712,1267770112,6.5,0.03086666576564312,285.82000732421875,11,1,68.58999633789062,50.77000045776367,-61.279998779296875,143.24000549316406,0.0,84293,84320,84313,84313,0,84320,STANDBY
-3.1700000762939453,9.260000228881836,1.7400000095367432,0.0,-0.10000000149011612,-0.10000000149011612,1021.2732543945312,23.440000534057617,12.50200366973877,0.038330841809511185,374007712,1267770112,6.5,0.03086666576564312,285.82000732421875,11,1,68.52999877929688,50.81999969482422,-61.43000030517578,143.36000061035156,0.0,84393,84420,84409,84409,0,84420,STANDBY
-3.1500000953674316,9.279999732971191,1.75,-0.10000000149011612,0.0,0.0,1021.201904296875,23.389999389648438,13.081016540527344,1.8773729801177979,374007712,1267770112,6.5,0.03086666576564312,285.82000732421875,11,1,68.5,50.79999923706055,-61.4900016784668,143.38999938964844,0.0,84493,84520,84505,84506,0,84520,STANDBY
-3.1500000953674316,9.270000457763672,1.75,0.0,-0.10000000149011612,0.0,1021.1358032226562,23.350000381469727,13.618485450744629,2.921419143676758,374007712,1267770112,6.5,0.03086666576564312,285.82000732421875,11,1,68.4000015258789,50.79999923706055,-61.70000076293945,143.5399932861328,0.0,84593,84620,84618,84619,0,84620,STANDBY
-3.1500000953674316,9.260000228881836,1.7599999904632568,0.0,-0.10000000149011612,0.20000000298023224,1021.2431030273438,23.420000076293945,12.746071815490723,-0.922015368938446,374007712,1267770112,6.5,0.03086666576564312,285.82000732421875,11,1,68.37000274658203,50.790000915527344,-61.720001220703125,143.5399932861328,0.0,84694,84720,84714,84715,0,84720,STANDBY
-3.140000104904175,9.289999961853027,1.7599999904632568,0.0,0.0,0.30000001192092896,1021.3368530273438,23.479999542236328,11.985305786132812,-3.024541139602661,374007712,1267770112,6.5,0.03086666576564312,285.82000732421875,11,1,68.38999938964844,50.77000045776367,-61.70000076293945,143.50999450683594,0.0,84794,84820,84810,84811,0,84820,STANDBY
-3.1600000858306885,9.239999771118164,1.7400000095367432,0.0,-0.10000000149011612,0.0,1021.2496948242188,23.420000076293945,12.69414234161377,0.3325706422328949,374007712,1267770112,6.5,0.03086666576564312,285.82000732421875,11,1,68.3499984741211,50.790000915527344,-61.77000045776367,143.5500030517578,0.0,84894,84920,84907,84908,0,84920,STANDBY
-3.1500000953674316,9.279999732971191,1.7400000095367432,0.0,0.0,-0.10000000149011612,1021.1663818359375,23.3700008392334,13.369224548339844,2.373108386993408,374007712,1267770112,6.5,0.03086666576564312,285.82000732421875,11,1,68.36000061035156,50.779998779296875,-61.7400016784668,143.50999450683594,0.0,84994,85020,85019,85019,0,85020,STANDBY
-3.1500000953674316,9.270000457763672,1.75,0.0,0.0,0.10000000149011612,1021.0856323242188,23.31999969482422,14.026131629943848,3.62089204788208,374007712,1267770112,6.5,0.03086666576564312,285.82000732421875,11,1,68.4000015258789,50.810001373291016,-61.650001525878906,143.42999267578125,0.0,85094,85120,85115,85116,0,85120,STANDBY
-3.1600000858306885,9.260000228881836,1.7400000095367432,0.0,0.0,0.0,1021.1913452148438,23.389999389648438,13.166699409484863,-0.4328121244907379,374007680,1267770112,6.5,0.07716666162014008,285.82000732421875,11,1,68.5199966430664,50.83000183105469,-61.41999816894531,143.27000427246094,0.0,85194,85220,85212,85213,0,85220,STANDBY
-3.140000104904175,9.270000457763672,1.75,0.0,-0.10000000149011612,-0.20000000298023224,1021.294677734375,23.459999084472656,12.32804012298584,-2.9607093334198,374007680,1267770112,6.800000190734863,0.07716666162014008,285.82000732421875,12,1,68.58000183105469,50.81999969482422,-61.279998779296875,143.16000366210938,0.0,85294,85320,85308,85309,0,85320,STANDBY
-3.1500000953674316,9.270000457763672,1.75,0.0,0.0,0.10000000149011612,1021.2076416015625,23.399999618530273,13.034279823303223,0.3651130795478821,374007680,1267770112,6.800000190734863,0.07716666162014008,285.82000732421875,12,1,68.58999633789062,50.84000015258789,-61.279998779296875,143.1699981689453,0.0,85394,85420,85404,85405,0,85420,STANDBY
-3.130000114440918,9.260000228881836,1.75,0.0,0.0,0.20000000298023224,1021.130126953125,23.350000381469727,13.66522216796875,2.252687931060791,374007680,1267770112,6.800000190734863,0.07716666162014008,285.82000732421875,12,1,68.58999633789062,50.83000183105469,-61.279998779296875,143.16000366210938,0.0,85494,85520,85517,85518,0,85520,STANDBY
-3.1500000953674316,9.289999961853027,1.75,0.0,0.0,0.10000000149011612,1021.0457763671875,23.299999237060547,14.34809398651123,3.6269099712371826,374007680,1267770112,6.800000190734863,0.07716666162014008,285.82000732421875,12,1,68.58999633789062,50.83000183105469,-61.27000045776367,143.14999389648438,0.0,85594,85620,85613,85614,0,85620,STANDBY
-3.1600000858306885,9.270000457763672,1.7599999904632568,0.0,0.0,0.20000000298023224,1021.161376953125,23.3700008392334,13.410767555236816,-0.678222119808197,374007680,1267770112,6.800000190734863,0.07716666162014008,285.82000732421875,12,1,68.58999633789062,50.84000015258789,-61.2400016784668,143.1300048828125,0.0,85694,85720,85710,85713,0,85720,STANDBY
-3.8299999237060547,9.229999542236328,1.8200000524520874,0.5,-0.4000000059604645,11.800000190734863,1021.26513671875,23.440000534057617,12.569511413574219,-3.126081943511963,374007680,1267770112,6.800000190734863,0.07716666162014008,285.82000732421875,12,1,68.27999877929688,50.970001220703125,-61.470001220703125,143.35000610351562,0.0,85794,85820,85807,85807,0,85820,STANDBY
-2.4600000381469727,9.75,1.7899999618530273,3.4000000953674316,-3.799999952316284,115.9000015258789,1021.1817016601562,23.3799991607666,13.244593620300293,0.15957050025463104,374007680,1267770112,6.800000190734863,0.07716666162014008,285.82000732421875,12,1,75.37000274658203,36.119998931884766,-46.5099983215332,128.0800018310547,0.0,85894,85920,85918,85919,0,85920,STANDBY
0.1599999964237213,9.609999656677246,1.659999966621399,5.099999904632568,-2.4000000953674316,153.60000610351562,1021.1013793945312,23.329999923706055,13.898903846740723,2.195917844772339,374007680,1267770112,6.800000190734863,0.07716666162014008,285.82000732421875,12,1,79.87999725341797,-26.59000015258789,18.56999969482422,62.41999816894531,0.0,85994,86020,86014,86016,0,86020,STANDBY
3.109999895095825,8.760000228881836,1.3799999952316284,3.9000000953674316,0.20000000298023224,104.4000015258789,1021.02001953125,23.290000915527344,14.5584077835083,3.5158002376556396,374007680,1267770112,6.800000190734863,0.07716666162014008,285.82000732421875,12,1,70.69999694824219,-71.08999633789062,61.5099983215332,19.329999923706055,0.0,86094,86120,86111,86112,0,86120,STANDBY
4.139999866485596,8.65999984741211,1.6799999475479126,0.6000000238418579,-1.399999976158142,90.30000305175781,1021.1307983398438,23.360000610351562,13.657432556152344,-0.633008599281311,374007648,1267770112,6.800000190734863,0.6224777102470398,182.80999755859375,12,1,60.72999954223633,-82.52999877929688,71.83000183105469,9.609999656677246,0.0,86194,86220,86207,86208,0,86220,STANDBY
5.289999961853027,8.119999885559082,1.559999942779541,0.5,0.10000000149011612,82.80000305175781,1021.2274780273438,23.43000030517578,12.873298645019531,-2.914354085922241,374007648,1267770112,7.099999904632568,0.6224777102470398,182.80999755859375,12,1,51.38999938964844,-87.70999908447266,76.20999908447266,6.019999980926514,0.0,86294,86320,86303,86303,0,86320,STANDBY
6.679999828338623,6.980000019073486,1.4700000286102295,-0.6000000238418579,0.20000000298023224,67.80000305175781,1021.1392211914062,23.3700008392334,13.589923858642578,0.42801401019096375,374007648,1267770112,7.099999904632568,0.6224777102470398,182.80999755859375,12,1,41.91999816894531,-91.04000091552734,78.98999786376953,4.739999771118164,0.0,86394,86420,86415,86416,0,86420,STANDBY
7.340000152587891,6.559999942779541,1.5299999713897705,-0.30000001192092896,0.10000000149011612,36.79999923706055,1021.0535888671875,23.31999969482422,14.285778045654297,2.5006625652313232,374007648,1267770112,7.099999904632568,0.6224777102470398,182.80999755859375,12,1,35.43000030517578,-92.55999755859375,80.44000244140625,5.010000228881836,0.0,86494,86520,86511,86511,0,86520,STANDBY
7.579999923706055,6.21999979019165,1.5299999713897705,-0.20000000298023224,0.10000000149011612,13.300000190734863,1020.9685668945312,23.270000457763672,14.976439476013184,3.8105409145355225,374007648,1267770112,7.099999904632568,0.6224777102470398,182.80999755859375,12,1,32.18000030517578,-93.1500015258789,81.19000244140625,6.010000228881836,0.0,86594,86620,86607,86607,0,86620,STANDBY
7.440000057220459,6.289999961853027,1.5399999618530273,0.10000000149011612,-0.20000000298023224,-4.199999809265137,1021.0733642578125,23.34000015258789,14.124796867370605,-0.28651008009910583,374007648,1267770112,7.099999904632568,0.6224777102470398,182.80999755859375,12,1,31.15999984741211,-93.18000030517578,81.72000122070312,7.590000152587891,0.0,86694,86720,86719,86720,0,86720,STANDBY
7.75,6.210000038146973,1.5299999713897705,0.699999988079071,-0.20000000298023224,-30.899999618530273,1021.174560546875,23.40999984741211,13.304312705993652,-2.808915853500366,374007648,1267770112,7.099999904632568,0.6224777102470398,182.80999755859375,12,1,32.09000015258789,-92.87000274658203,81.87999725341797,9.039999961853027,0.0,86794,86820,86815,86816,0,86820,STANDBY
6.909999847412109,6.760000228881836,1.4900000095367432,0.20000000298023224,-1.399999976158142,-100.5,1021.0838012695312,23.360000610351562,14.039113998413086,0.5536579489707947,374007648,1267770112,7.099999904632568,0.6224777102470398,182.80999755859375,12,1,38.77000045776367,-90.94999694824219,81.36000061035156,11.180000305175781,0.0,86894,86920,86912,86913,0,86920,STANDBY
5.179999828338623,8.020000457763672,1.4500000476837158,-1.100000023841858,0.4000000059604645,-161.39999389648438,1021.0014038085938,23.309999465942383,14.709002494812012,2.4979844093322754,374007648,1267770112,7.099999904632568,0.6224777102470398,182.80999755859375,12,1,52.529998779296875,-85.13999938964844,78.48999786376953,15.079999923706055,0.0,86994,87020,87009,87007,0,87020,STANDBY
1.7799999713897705,9.239999771118164,1.590000033378601,-6.400000095367432,2.0999999046325684,-207.1999969482422,1020.9210815429688,23.260000228881836,15.360716819763184,3.6841957569122314,374007648,1267770112,7.099999904632568,0.6224777102470398,182.80999755859375,12,1,71.61000061035156,-60.869998931884766,65.2699966430664,28.780000686645508,0.0,87094,87120,87105,87105,0,87120,STANDBY
-3.3299999237060547,11.979999542236328,1.840000033378601,-8.300000190734863,1.7000000476837158,-239.39999389648438,1021.03515625,23.329999923706055,14.43377685546875,-0.6083225607872009,374007616,1267770112,7.099999904632568,0.3035221993923187,182.80999755859375,12,1,75.0199966430664,46.18000030517578,-55.279998779296875,149.55999755859375,0.0,87194,87220,87217,87217,0,87220,STANDBY
-6.119999885559082,7.139999866485596,1.8799999952316284,0.8999999761581421,-4.699999809265137,-66.0,1021.14599609375,23.399999618530273,13.535398483276367,-3.2641372680664062,374007616,1267770112,8.199999809265137,0.3035221993923187,182.80999755859375,12,1,59.13999938964844,62.06999969482422,-72.6500015258789,167.5399932861328,0.0,87294,87320,87313,87313,0,87320,STANDBY
-4.579999923706055,8.59000015258789,1.9700000286102295,5.199999809265137,-1.399999976158142,74.30000305175781,1021.0823974609375,23.350000381469727,14.052096366882324,-0.43561458587646484,374007616,1267770112,8.199999809265137,0.3035221993923187,182.80999755859375,12,1,61.040000915527344,60.279998779296875,-70.86000061035156,165.61000061035156,0.0,87394,87420,87409,87409,0,87420,STANDBY
-3.7100000381469727,9.15999984741211,1.75,0.8999999761581421,-0.8999999761581421,21.700000762939453,1021.0138549804688,23.299999237060547,14.60774040222168,1.499267578125,374007616,1267770112,8.199999809265137,0.3035221993923187,182.80999755859375,12,1,64.91000366210938,56.849998474121094,-67.8499984741211,162.25,0.0,87494,87520,87505,87505,0,87520,STANDBY
-3.6700000762939453,9.079999923706055,1.7300000190734863,0.0,0.4000000059604645,-9.699999809265137,1020.944091796875,23.260000228881836,15.173770904541016,2.77082896232605,374007616,1267770112,8.199999809265137,0.3035221993923187,182.80999755859375,12,1,64.66999816894531,56.439998626708984,-67.44999694824219,161.6300048828125,0.0,87595,87620,87617,87618,0,87620,STANDBY
-4.0,8.930000305175781,1.7300000190734863,0.0,-0.10000000149011612,0.30000001192092896,1021.0613403320312,23.329999923706055,14.22346305847168,-1.2676546573638916,374007616,1267770112,8.199999809265137,0.3035221993923187,182.80999755859375,12,1,63.4900016784668,57.220001220703125,-67.97000122070312,162.0399932861328,0.0,87695,87720,87713,87714,0,87720,STANDBY
-3.7699999809265137,9.069999694824219,1.75,0.0,-0.10000000149011612,0.699999988079071,1021.170654296875,23.399999618530273,13.335470199584961,-3.652876377105713,374007616,1267770112,8.199999809265137,0.3035221993923187,182.80999755859375,12,1,63.47999954223633,56.93000030517578,-67.54000091552734,161.47999572753906,0.0,87795,87820,87810,87811,0,87820,STANDBY
-3.9000000953674316,8.979999542236328,1.7300000190734863,-0.10000000149011612,0.0,-0.699999988079071,1021.0931396484375,23.350000381469727,13.963815689086914,-0.327135294675827,374007616,1267770112,8.199999809265137,0.3035221993923187,182.80999755859375,12,1,62.97999954223633,57.15999984741211,-67.58999633789062,161.41000366210938,0.0,87895,87920,87906,87907,0,87920,STANDBY
-3.8399999141693115,9.029999732971191,1.7300000190734863,0.0,0.0,-0.8999999761581421,1021.0177612304688,23.299999237060547,14.576582908630371,1.7514885663986206,374007616,1267770112,8.199999809265137,0.3035221993923187,182.80999755859375,12,1,62.81999969482422,57.11000061035156,-67.37999725341797,161.0500030517578,0.0,87995,88020,88018,88018,0,88020,STANDBY
-3.859999895095825,9.050000190734863,1.75,0.0,-0.10000000149011612,0.8999999761581421,1020.9450073242188,23.25,15.16598129272461,3.0070273876190186,374007616,1267770112,8.199999809265137,0.3035221993923187,182.80999755859375,12,1,62.70000076293945,57.13999938964844,-67.16999816894531,160.8000030517578,0.0,88095,88120,88115,88116,0,88120,STANDBY
-3.8499999046325684,9.039999961853027,1.75,0.0,-0.10000000149011612,-0.5,1021.06298828125,23.329999923706055,14.207883834838867,-1.1414142847061157,374007648,1267770112,8.199999809265137,0.19548887014389038,182.80999755859375,12,1,62.650001525878906,57.150001525878906,-66.95999908447266,160.5399932861328,0.0,88195,88220,88211,88211,0,88220,STANDBY
-3.8499999046325684,9.020000457763672,1.7200000286102295,0.0,0.0,0.30000001192092896,1021.170654296875,23.399999618530273,13.335470199584961,-3.522228717803955,374007648,1267770112,8.199999809265137,0.19548887014389038,182.80999755859375,12,1,62.4900016784668,57.18000030517578,-66.91000366210938,160.3699951171875,0.0,88295,88320,88307,88307,0,88320,STANDBY
-3.869999885559082,9.020000457763672,1.7300000190734863,0.0,-0.10000000149011612,-0.20000000298023224,1021.0931396484375,23.350000381469727,13.963815689086914,-0.24352093040943146,374007648,1267770112,8.199999809265137,0.19548887014389038,182.80999755859375,12,1,62.34000015258789,57.209999084472656,-66.88999938964844,160.22999572753906,0.0,88395,88420,88403,88403,0,88420,STANDBY
-3.859999895095825,9.010000228881836,1.7200000286102295,0.0,-0.10000000149011612,0.10000000149011612,1021.0193481445312,23.299999237060547,14.563600540161133,1.7634581327438354,374007648,1267770112,8.199999809265137,0.19548887014389038,182.80999755859375,12,1,62.220001220703125,57.27000045776367,-66.8499984741211,160.07000732421875,0.0,88495,88520,88515,88516,0,88520,STANDBY
-3.8399999141693115,9.029999732971191,1.7300000190734863,0.0,0.0,0.30000001192092896,1020.9483032226562,23.25,15.140016555786133,2.97314453125,374007648,1267770112,8.199999809265137,0.19548887014389038,182.80999755859375,12,1,62.13999938964844,57.279998779296875,-66.83000183105469,159.92999267578125,0.0,88595,88620,88611,88612,0,88620,STANDBY
-3.880000114440918,9.010000228881836,1.7300000190734863,0.0,0.0,0.0,1021.06787109375,23.329999923706055,14.168936729431152,-1.1437124013900757,374007648,1267770112,8.199999809265137,0.19548887014389038,182.80999755859375,12,1,62.130001068115234,57.31999969482422,-66.72000122070312,159.75,0.0,88696,88720,88708,88715,0,88720,STANDBY
-3.8499999046325684,9.010000228881836,1.7300000190734863,0.0,-0.10000000149011612,-0.10000000149011612,1021.1754760742188,23.399999618530273,13.296523094177246,-3.4689598083496094,374007648,1267770112,8.199999809265137,0.19548887014389038,182.80999755859375,12,1,62.15999984741211,57.31999969482422,-66.5999984741211,159.55999755859375,0.0,88797,88820,88804,88805,0,88820,STANDBY
-3.8499999046325684,9.010000228881836,1.7300000190734863,0.0,-0.10000000149011612,-0.20000000298023224,1021.09814453125,23.350000381469727,13.9248685836792,-0.2094287872314453,374007648,1267770112,8.199999809265137,0.19548887014389038,182.80999755859375,12,1,62.16999816894531,57.33000183105469,-66.51000213623047,159.3699951171875,0.0,88897,88920,88916,88918,0,88920,STANDBY
-3.8499999046325684,9.029999732971191,1.7400000095367432,0.0,-0.10000000149011612,0.5,1021.0242309570312,23.299999237060547,14.524653434753418,1.785277247428894,374007648,1267770112,8.199999809265137,0.19548887014389038,182.80999755859375,12,1,62.130001068115234,57.34000015258789,-66.48999786376953,159.25,0.0,88997,89020,89013,89014,0,89020,STANDBY
-3.8499999046325684,9.010000228881836,1.7200000286102295,0.0,-0.10000000149011612,-0.10000000149011612,1020.95556640625,23.260000228881836,15.08029842376709,2.9206414222717285,374007648,1267770112,8.199999809265137,0.19548887014389038,182.80999755859375,12,1,62.060001373291016,57.369998931884766,-66.52999877929688,159.1699981689453,0.0,89097,89120,89109,89110,0,89120,STANDBY
-3.8499999046325684,9.010000228881836,1.7300000190734863,0.0,0.0,-0.20000000298023224,1021.0734252929688,23.329999923706055,14.124796867370605,-1.1883944272994995,374007616,1267770112,8.199999809265137,0.3035221993923187,174.49000549316406,12,1,62.130001068115234,57.369998931884766,-66.41999816894531,158.99000549316406,0.0,89197,89220,89205,89206,0,89220,STANDBY
-3.8299999237060547,9.020000457763672,1.7300000190734863,0.0,0.0,-0.10000000149011612,1021.181396484375,23.399999618530273,13.247190475463867,-3.568912982940674,374007616,1267770112,8.899999618530273,0.3035221993923187,174.49000549316406,12,1,62.189998626708984,57.36000061035156,-66.33000183105469,158.80999755859375,0.0,89297,89320,89318,89318,0,89320,STANDBY
-3.859999895095825,9.010000228881836,1.7200000286102295,0.0,0.0,0.10000000149011612,1021.1036987304688,23.350000381469727,13.878132820129395,-0.26508885622024536,374007616,1267770112,8.899999618530273,0.3035221993923187,174.49000549316406,12,1,62.150001525878906,57.380001068115234,-66.37000274658203,158.72000122070312,0.0,89397,89420,89414,89414,0,89420,STANDBY
-3.8399999141693115,9.029999732971191,1.7300000190734863,0.0,-0.10000000149011612,0.10000000149011612,1021.0342407226562,23.309999465942383,14.441566467285156,1.6333307027816772,374007616,1267770112,8.899999618530273,0.3035221993923187,174.49000549316406,12,1,62.18000030517578,57.38999938964844,-66.33999633789062,158.58999633789062,0.0,89497,89520,89510,89507,0,89520,STANDBY
-3.869999885559082,9.010000228881836,1.7599999904632568,0.0,-0.10000000149011612,0.10000000149011612,1020.9654541015625,23.260000228881836,14.999807357788086,2.831702470779419,374007616,1267770112,8.899999618530273,0.3035221993923187,174.49000549316406,12,1,62.15999984741211,57.400001525878906,-66.3499984741211,158.49000549316406,0.0,89597,89620,89607,89608,0,89620,STANDBY
-3.8499999046325684,9.010000228881836,1.7400000095367432,0.0,-0.10000000149011612,0.10000000149011612,1021.081787109375,23.34000015258789,14.057289123535156,-1.2037687301635742,374007616,1267770112,8.899999618530273,0.3035221993923187,174.49000549316406,12,1,62.16999816894531,57.40999984741211,-66.33999633789062,158.3699951171875,0.0,89697,89720,89719,89719,0,89720,STANDBY
-3.859999895095825,9.010000228881836,1.7300000190734863,0.0,0.0,-0.20000000298023224,1021.1914672851562,23.40999984741211,13.166699409484863,-3.6202991008758545,374007616,1267770112,8.899999618530273,0.3035221993923187,174.49000549316406,12,1,62.189998626708984,57.43000030517578,-66.33000183105469,158.27000427246094,0.0,89797,89820,89816,89816,0,89820,STANDBY
-3.8299999237060547,9.010000228881836,1.7300000190734863,0.0,-0.10000000149011612,0.30000001192092896,1021.1084594726562,23.360000610351562,13.83918571472168,-0.16503524780273438,374007616,1267770112,8.899999618530273,0.3035221993923187,174.49000549316406,12,1,62.2400016784668,57.439998626708984,-66.29000091552734,158.1300048828125,0.0,89897,89920,89912,89912,0,89920,STANDBY
-3.869999885559082,9.0,1.75,0.0,0.0,-0.5,1021.0332641601562,23.309999465942383,14.449356079101562,1.846922755241394,374007616,1267770112,8.899999618530273,0.3035221993923187,174.49000549316406,12,1,62.29999923706055,57.459999084472656,-66.23999786376953,158.00999450683594,0.0,89997,90020,90008,90016,0,90020,STANDBY
-3.8399999141693115,9.020000457763672,1.7200000286102295,0.0,0.0,-0.10000000149011612,1020.9645385742188,23.270000457763672,15.007596969604492,2.9684014320373535,374007616,1267770112,8.899999618530273,0.3035221993923187,174.49000549316406,12,1,62.31999969482422,57.47999954223633,-66.23999786376953,157.91000366210938,0.0,90097,90120,90104,90104,0,90120,STANDBY
-3.809999942779541,8.989999771118164,1.7100000381469727,0.0,0.0,0.10000000149011612,1021.08251953125,23.34000015258789,14.04949951171875,-1.1661348342895508,374007616,1267770112,8.899999618530273,0.15947777032852173,174.49000549316406,12,1,62.369998931884766,57.470001220703125,-66.20999908447266,157.77000427246094,0.0,90198,90220,90216,90218,0,90220,STANDBY
-3.9000000953674316,9.050000190734863,1.75,0.0,0.0,0.6000000238418579,1021.1925048828125,23.40999984741211,13.158909797668457,-3.5962135791778564,374007616,1267770112,9.199999809265137,0.15947777032852173,174.49000549316406,12,1,62.310001373291016,57.52000045776367,-66.2699966430664,157.72000122070312,0.0,90298,90320,90312,90313,0,90320,STANDBY
-3.8399999141693115,9.010000228881836,1.7400000095367432,0.0,-0.10000000149011612,-0.4000000059604645,1021.1358032226562,23.3799991607666,13.618485450744629,-0.8309347033500671,374007616,1267770112,9.199999809265137,0.15947777032852173,174.49000549316406,12,1,62.349998474121094,57.459999084472656,-66.27999877929688,157.58999633789062,0.0,90398,90420,90408,90408,0,90420,STANDBY
-3.869999885559082,8.970000267028809,1.7400000095367432,0.0,0.0,0.10000000149011612,1021.05859375,23.329999923706055,14.244235038757324,1.4706004858016968,374007616,1267770112,9.199999809265137,0.15947777032852173,174.49000549316406,12,1,62.34000015258789,57.5,-66.27999877929688,157.50999450683594,0.0,90498,90520,90505,90506,0,90520,STANDBY
-3.8399999141693115,9.050000190734863,1.75,0.0,0.0,0.10000000149011612,1020.9880981445312,23.280000686645508,14.81805419921875,2.7774055004119873,374007616,1267770112,9.199999809265137,0.15947777032852173,174.49000549316406,12,1,62.40999984741211,57.45000076293945,-66.2300033569336,157.3300018310547,0.0,90598,90620,90617,90617,0,90620,STANDBY
-3.869999885559082,8.989999771118164,1.75,0.0,-0.10000000149011612,-0.10000000149011612,1021.1060791015625,23.360000610351562,13.859956741333008,-1.288372278213501,374007616,1267770112,9.199999809265137,0.15947777032852173,174.49000549316406,12,1,62.380001068115234,57.459999084472656,-66.26000213623047,157.25,0.0,90698,90720,90714,90718,0,90720,STANDBY
-3.8299999237060547,9.020000457763672,1.7300000190734863,0.0,0.0,0.30000001192092896,1021.2118530273438,23.43000030517578,13.00052547454834,-3.5747382640838623,374007616,1267770112,9.199999809265137,0.15947777032852173,174.49000549316406,12,1,62.470001220703125,57.439998626708984,-66.19000244140625,157.08999633789062,0.0,90798,90820,90810,90811,0,90820,STANDBY
-3.8499999046325684,9.039999961853027,1.75,0.0,-0.10000000149011612,-0.10000000149011612,1021.3128051757812,23.489999771118164,12.182637214660645,-4.9050750732421875,374007616,1267770112,9.199999809265137,0.15947777032852173,174.49000549316406,12,1,62.52000045776367,57.41999816894531,-66.16000366210938,156.9600067138672,0.0,90898,90920,90906,90907,0,90920,STANDBY
-3.859999895095825,8.989999771118164,1.7400000095367432,0.0,-0.10000000149011612,0.20000000298023224,1021.2296752929688,23.440000534057617,12.855123519897461,-0.9872919321060181,374007616,1267770112,9.199999809265137,0.15947777032852173,174.49000549316406,12,1,62.5099983215332,57.45000076293945,-66.19999694824219,156.85000610351562,0.0,90998,91020,91019,91019,0,91020,STANDBY
-3.819999933242798,9.020000457763672,1.7400000095367432,0.0,0.0,-0.10000000149011612,1021.1470336914062,23.389999389648438,13.527608871459961,1.5200862884521484,374007616,1267770112,9.199999809265137,0.15947777032852173,174.49000549316406,12,1,62.470001220703125,57.40999984741211,-66.30000305175781,156.8000030517578,0.0,91098,91120,91115,91115,0,91120,STANDBY
-3.880000114440918,9.010000228881836,1.7599999904632568,0.0,0.0,0.4000000059604645,1021.2498168945312,23.459999084472656,12.69414234161377,-1.6942375898361206,374007616,1267770112,9.199999809265137,0.041155554354190826,174.49000549316406,12,1,62.470001220703125,57.439998626708984,-66.33000183105469,156.6999969482422,0.0,91198,91220,91210,91211,0,91220,STANDBY
-3.8499999046325684,9.020000457763672,1.7400000095367432,0.0,-0.20000000298023224,0.5,1021.3515625,23.530000686645508,11.868464469909668,-3.7264811992645264,374007616,1267770112,9.199999809265137,0.041155554354190826,174.49000549316406,12,1,62.529998779296875,57.40999984741211,-66.29000091552734,156.5500030517578,0.0,91298,91320,91307,91308,0,91320,STANDBY
-3.8399999141693115,9.010000228881836,1.7799999713897705,0.10000000149011612,-0.10000000149011612,1.2999999523162842,1021.4445190429688,23.579999923706055,11.112892150878906,-4.802779674530029,374007616,1267770112,9.199999809265137,0.041155554354190826,174.49000549316406,12,1,62.59000015258789,57.380001068115234,-66.30999755859375,156.41000366210938,0.0,91398,91420,91419,91420,0,91420,STANDBY
-3.8399999141693115,9.069999694824219,1.7200000286102295,0.0,0.0,-0.699999988079071,1021.3515625,23.530000686645508,11.868464469909668,-0.6559476852416992,374007616,1267770112,9.199999809265137,0.041155554354190826,174.49000549316406,12,1,62.66999816894531,57.27000045776367,-66.27999877929688,156.22999572753906,0.0,91498,91520,91515,91516,0,91520,STANDBY
-3.819999933242798,9.020000457763672,1.7599999904632568,0.0,-0.10000000149011612,1.0,1021.2625122070312,23.469999313354492,12.590283393859863,1.8900140523910522,374007616,1267770112,9.199999809265137,0.041155554354190826,174.49000549316406,12,1,62.68000030517578,57.290000915527344,-66.27999877929688,156.11000061035156,0.0,91598,91620,91612,91613,0,91620,STANDBY
-3.8299999237060547,9.010000228881836,1.75,0.0,0.0,-0.8999999761581421,1021.3585815429688,23.530000686645508,11.811342239379883,-1.2830027341842651,374007616,1267770112,9.199999809265137,0.041155554354190826,174.49000549316406,12,1,62.75,57.290000915527344,-66.22000122070312,155.9499969482422,0.0,91698,91720,91708,91716,0,91720,STANDBY
-3.819999933242798,9.020000457763672,1.75,0.0,-0.10000000149011612,0.30000001192092896,1021.4506225585938,23.59000015258789,11.063558578491211,-3.2140297889709473,374007616,1267770112,9.199999809265137,0.041155554354190826,174.49000549316406,12,1,62.810001373291016,57.29999923706055,-66.18000030517578,155.82000732421875,0.0,91798,91820,91804,91805,0,91820,STANDBY
-3.809999942779541,9.029999732971191,1.7200000286102295,0.0,0.0,0.4000000059604645,1021.5380249023438,23.649999618530273,10.35472297668457,-4.325253486633301,374007616,1267770112,9.199999809265137,0.041155554354190826,174.49000549316406,12,1,62.86000061035156,57.31999969482422,-66.16999816894531,155.67999267578125,0.0,91898,91920,91917,91917,0,91920,STANDBY
-3.8399999141693115,9.029999732971191,1.7400000095367432,0.10000000149011612,0.0,-0.10000000149011612,1021.4386596679688,23.59000015258789,11.159627914428711,-0.19246654212474823,374007616,1267770112,9.199999809265137,0.041155554354190826,174.49000549316406,12,1,62.880001068115234,57.349998474121094,-66.20999908447266,155.58999633789062,0.0,91998,92020,92013,92010,0,92020,STANDBY
-3.8399999141693115,9.039999961853027,1.7400000095367432,0.0,0.0,0.10000000149011612,1021.3440551757812,23.530000686645508,11.928183555603027,2.3361995220184326,374007616,1267770112,9.199999809265137,0.041155554354190826,174.49000549316406,12,1,62.939998626708984,57.369998931884766,-66.16999816894531,155.47000122070312,0.0,92098,92120,92109,92110,0,92120,STANDBY
-3.809999942779541,9.039999961853027,1.7200000286102295,0.0,-0.10000000149011612,0.10000000149011612,1021.4328002929688,23.59000015258789,11.208961486816406,-0.7731077075004578,374007616,1267770112,9.199999809265137,0.18519999086856842,190.44000244140625,12,1,62.97999954223633,57.36000061035156,-66.18000030517578,155.35000610351562,0.0,92198,92220,92206,92206,0,92220,STANDBY
-3.8299999237060547,9.020000457763672,1.7200000286102295,0.0,0.0,0.20000000298023224,1021.5218505859375,23.649999618530273,10.484545707702637,-2.8129193782806396,374007616,1267770112,9.300000190734863,0.18519999086856842,190.44000244140625,12,1,63.060001373291016,57.38999938964844,-66.13999938964844,155.2100067138672,0.0,92298,92320,92317,92318,0,92320,STANDBY
-3.819999933242798,9.050000190734863,1.7400000095367432,0.0,-0.10000000149011612,0.30000001192092896,1021.6082763671875,23.700000762939453,9.783498764038086,-4.043618679046631,374007616,1267770112,9.300000190734863,0.18519999086856842,190.44000244140625,12,1,63.060001373291016,57.400001525878906,-66.19999694824219,155.1199951171875,0.0,92398,92420,92413,92414,0,92420,STANDBY
-3.8299999237060547,9.010000228881836,1.7400000095367432,0.0,0.0,-0.20000000298023224,1021.4021606445312,23.6299991607666,11.455625534057617,3.4171996116638184,374007616,1267770112,9.300000190734863,0.18519999086856842,190.44000244140625,12,1,63.02000045776367,57.40999984741211,-66.2699966430664,155.0500030517578,0.0,92498,92520,92510,92510,0,92520,STANDBY
-3.8399999141693115,9.039999961853027,1.7400000095367432,-0.10000000149011612,0.0,0.0,1021.3973388671875,23.56999969482422,11.494572639465332,2.3427960872650146,374007616,1267770112,9.300000190734863,0.18519999086856842,190.44000244140625,12,1,63.04999923706055,57.400001525878906,-66.26000213623047,154.9199981689453,0.0,92598,92620,92606,92607,0,92620,STANDBY
-3.819999933242798,9.050000190734863,1.7400000095367432,0.0,-0.10000000149011612,0.10000000149011612,1021.5758056640625,23.6299991607666,10.048338890075684,-3.6561617851257324,374007616,1267770112,9.300000190734863,0.18519999086856842,190.44000244140625,12,1,63.119998931884766,57.400001525878906,-66.20999908447266,154.75,0.0,92698,92721,92719,92721,0,92721,STANDBY
-3.809999942779541,9.0,1.7400000095367432,0.0,0.0,-0.20000000298023224,1021.6585083007812,23.739999771118164,9.375853538513184,-5.029885292053223,374007616,1267770112,9.300000190734863,0.18519999086856842,190.44000244140625,12,1,63.06999969482422,57.38999938964844,-66.29000091552734,154.6699981689453,0.0,92798,92821,92815,92816,0,92821,STANDBY
-3.819999933242798,9.039999961853027,1.75,0.0,-0.10000000149011612,0.4000000059604645,1021.552490234375,23.670000076293945,10.237881660461426,0.22898602485656738,374007616,1267770112,9.300000190734863,0.18519999086856842,190.44000244140625,12,1,63.060001373291016,57.380001068115234,-66.31999969482422,154.5500030517578,0.0,92898,92921,92911,92911,0,92921,STANDBY
-3.8299999237060547,9.020000457763672,1.75,-0.10000000149011612,-0.10000000149011612,0.10000000149011612,1021.451416015625,23.600000381469727,11.055769920349121,3.4181041717529297,374007616,1267770112,9.300000190734863,0.18519999086856842,190.44000244140625,12,1,63.150001525878906,57.349998474121094,-66.20999908447266,154.35000610351562,0.0,92998,93021,93007,93007,0,93021,STANDBY
-3.8399999141693115,9.029999732971191,1.75,0.0,0.0,-0.5,1021.53564453125,23.65999984741211,10.37289810180664,-0.4903419017791748,374007616,1267770112,9.300000190734863,0.18519999086856842,190.44000244140625,12,1,63.130001068115234,57.34000015258789,-66.25,154.22000122070312,0.0,93099,93121,93120,93120,0,93121,STANDBY
-3.8299999237060547,9.09000015258789,1.75,0.0,-0.10000000149011612,0.699999988079071,1021.615478515625,23.709999084472656,9.7263765335083,-2.899905204772949,374007616,1267770112,9.300000190734863,0.03086666576564312,190.44000244140625,12,1,63.209999084472656,57.33000183105469,-66.18000030517578,154.0500030517578,0.0,93199,93221,93216,93217,0,93221,STANDBY
-3.809999942779541,9.029999732971191,1.7300000190734863,0.0,0.0,-0.800000011920929,1021.6921997070312,23.760000228881836,9.10322380065918,-4.348550319671631,374007616,1267770112,9.5,0.03086666576564312,190.44000244140625,12,1,63.310001373291016,57.33000183105469,-66.08999633789062,153.8800048828125,0.0,93299,93321,93313,93313,0,93321,STANDBY
-3.8399999141693115,9.0,1.7599999904632568,0.10000000149011612,0.0,0.5,1021.5831298828125,23.690000534057617,9.98862075805664,0.7585155963897705,374007616,1267770112,9.5,0.03086666576564312,190.44000244140625,12,1,63.22999954223633,57.369998931884766,-66.18000030517578,153.82000732421875,0.0,93399,93421,93409,93409,0,93421,STANDBY
-3.819999933242798,9.039999961853027,1.75,-0.10000000149011612,-0.10000000149011612,0.10000000149011612,1021.4765625,23.6299991607666,10.85324478149414,3.943946123123169,374007616,1267770112,9.5,0.03086666576564312,190.44000244140625,12,1,63.349998474121094,57.34000015258789,-66.08999633789062,153.61000061035156,0.0,93499,93521,93521,93521,0,93521,STANDBY
-3.8399999141693115,9.0,1.7400000095367432,0.0,-0.10000000149011612,-0.4000000059604645,1021.5504760742188,23.68000030517578,10.253459930419922,0.12498617172241211,374007616,1267770112,9.5,0.03086666576564312,190.44000244140625,12,1,63.290000915527344,57.369998931884766,-66.18000030517578,153.5500030517578,0.0,93599,93621,93618,93618,0,93621,STANDBY
-3.819999933242798,9.029999732971191,1.7400000095367432,0.0,-0.10000000149011612,0.5,1021.6148681640625,23.729999542236328,9.73157024383545,-2.0075676441192627,374007616,1267770112,9.5,0.03086666576564312,190.44000244140625,12,1,63.279998779296875,57.36000061035156,-66.19999694824219,153.42999267578125,0.0,93699,93721,93714,93717,0,93721,STANDBY
-3.8499999046325684,9.069999694824219,1.7599999904632568,-0.10000000149011612,0.0,-0.10000000149011612,1021.6817016601562,23.780000686645508,9.188907623291016,-3.455493927001953,374007616,1267770112,9.5,0.03086666576564312,190.44000244140625,12,1,63.36000061035156,57.36000061035156,-66.12999725341797,153.25999450683594,0.0,93799,93821,93810,93810,0,93821,STANDBY
-3.8499999046325684,8.979999542236328,1.7400000095367432,0.0,0.0,0.30000001192092896,1021.5684204101562,23.709999084472656,10.108057975769043,1.4650852680206299,374007616,1267770112,9.5,0.03086666576564312,190.44000244140625,12,1,63.290000915527344,57.400001525878906,-66.26000213623047,153.22000122070312,0.0,93899,93921,93906,93906,0,93921,STANDBY
-3.8499999046325684,9.0600004196167,1.7400000095367432,0.0,0.0,-0.20000000298023224,1021.4667358398438,23.639999389648438,10.933735847473145,4.240365982055664,374007616,1267770112,9.5,0.03086666576564312,190.44000244140625,12,1,63.349998474121094,57.380001068115234,-66.2300033569336,153.0500030517578,0.0,93999,94021,94018,94019,0,94021,STANDBY
-3.8299999237060547,9.0,1.75,0.0,0.0,0.30000001192092896,1021.5518188476562,23.700000762939453,10.243074417114258,-0.04881143569946289,374007616,1267770112,9.5,0.03086666576564312,190.44000244140625,12,1,63.38999938964844,57.41999816894531,-66.20999908447266,152.9199981689453,0.0,94099,94121,94114,94114,0,94121,STANDBY
-3.809999942779541,9.020000457763672,1.75,0.0,0.0,-0.30000001192092896,1021.6309204101562,23.75,9.599149703979492,-2.606938123703003,374007584,1267770112,9.5,0.09774443507194519,190.44000244140625,12,1,63.459999084472656,57.400001525878906,-66.1500015258789,152.75,0.0,94199,94221,94211,94211,0,94221,STANDBY
-3.8299999237060547,9.020000457763672,1.75,0.0,0.0,0.20000000298023224,1021.705322265625,23.790000915527344,8.996768951416016,-4.077963352203369,374007584,1267770112,9.699999809265137,0.09774443507194519,190.44000244140625,12,1,63.45000076293945,57.400001525878906,-66.19000244140625,152.63999938964844,0.0,94299,94321,94307,94308,0,94321,STANDBY
-3.8399999141693115,9.029999732971191,1.7400000095367432,0.0,0.0,0.4000000059604645,1021.596923828125,23.719999313354492,9.876972198486328,0.9109163284301758,374007584,1267770112,9.699999809265137,0.09774443507194519,190.44000244140625,12,1,63.43000030517578,57.43000030517578,-66.26000213623047,152.5500030517578,0.0,94399,94422,94419,94420,0,94422,STANDBY
-3.809999942779541,9.020000457763672,1.7300000190734863,0.0,0.0,-0.30000001192092896,1021.4951782226562,23.65999984741211,10.70265007019043,3.885697841644287,374007584,1267770112,9.699999809265137,0.09774443507194519,190.44000244140625,12,1,63.43000030517578,57.41999816894531,-66.30000305175781,152.44000244140625,0.0,94499,94522,94516,94516,0,94522,STANDBY
-3.8299999237060547,9.020000457763672,1.7400000095367432,0.0,0.0,0.0,1021.5783081054688,23.709999084472656,10.027566909790039,-0.2134859561920166,374007584,1267770112,9.699999809265137,0.09774443507194519,190.44000244140625,12,1,63.529998779296875,57.41999816894531,-66.19000244140625,152.24000549316406,0.0,94600,94622,94612,94612,0,94622,STANDBY
-3.8399999141693115,9.0,1.75,0.0,0.0,0.5,1021.65771484375,23.760000228881836,9.38364315032959,-2.7123260498046875,374007584,1267770112,9.699999809265137,0.09774443507194519,190.44000244140625,12,1,63.540000915527344,57.439998626708984,-66.18000030517578,152.1199951171875,0.0,94700,94722,94708,94718,0,94722,STANDBY
-3.8499999046325684,9.029999732971191,1.7400000095367432,0.0,-0.10000000149011612,-0.30000001192092896,1021.7321166992188,23.809999465942383,8.778665542602539,-4.15579891204834,374007584,1267770112,9.699999809265137,0.09774443507194519,190.44000244140625,12,1,63.61000061035156,57.439998626708984,-66.11000061035156,151.92999267578125,0.0,94800,94822,94821,94821,0,94822,STANDBY
-3.819999933242798,9.029999732971191,1.75,0.0,0.0,-0.10000000149011612,1021.6207885742188,23.739999771118164,9.682236671447754,0.9545731544494629,374007584,1267770112,9.699999809265137,0.09774443507194519,190.44000244140625,12,1,63.630001068115234,57.439998626708984,-66.11000061035156,151.8000030517578,0.0,94900,94922,94917,94917,0,94922,STANDBY
-3.819999933242798,9.029999732971191,1.7400000095367432,0.0,-0.10000000149011612,0.4000000059604645,1021.5131225585938,23.670000076293945,10.557247161865234,4.110968589782715,374007584,1267770112,9.699999809265137,0.09774443507194519,190.44000244140625,12,1,63.61000061035156,57.43000030517578,-66.16000366210938,151.6999969482422,0.0,95000,95022,95013,95011,0,95022,STANDBY
-3.819999933242798,9.039999961853027,1.7300000190734863,0.0,0.0,-0.20000000298023224,1021.584716796875,23.719999313354492,9.975638389587402,0.30458498001098633,374007584,1267770112,9.699999809265137,0.09774443507194519,190.44000244140625,12,1,63.65999984741211,57.439998626708984,-66.13999938964844,151.57000732421875,0.0,95100,95122,95110,95110,0,95122,STANDBY
-3.8499999046325684,9.029999732971191,1.75,0.0,0.0,-0.10000000149011612,1021.6641235351562,23.770000457763672,9.331713676452637,-2.3807644844055176,374007584,1267770112,9.699999809265137,0.20577776432037354,190.44000244140625,12,1,63.720001220703125,57.47999954223633,-66.08999633789062,151.39999389648438,0.0,95200,95222,95222,95222,0,95222,STANDBY
-3.799999952316284,9.0600004196167,1.75,0.0,0.0,0.30000001192092896,1021.73828125,23.81999969482422,8.729331970214844,-3.933216094970703,374007584,1267770112,9.699999809265137,0.20577776432037354,190.44000244140625,11,1,63.84000015258789,57.439998626708984,-65.94999694824219,151.17999267578125,0.0,95300,95322,95319,95319,0,95322,STANDBY
-3.8299999237060547,9.0,1.7400000095367432,0.0,0.0,-0.10000000149011612,1021.6325073242188,23.75,9.588764190673828,0.9204704761505127,374007584,1267770112,9.699999809265137,0.20577776432037354,190.44000244140625,11,1,63.81999969482422,57.45000076293945,-66.0199966430664,151.10000610351562,0.0,95400,95422,95415,95415,0,95422,STANDBY
-3.819999933242798,9.020000457763672,1.7400000095367432,0.0,-0.20000000298023224,0.30000001192092896,1021.52685546875,23.68000030517578,10.445598602294922,4.016438961029053,374007584,1267770112,9.699999809265137,0.20577776432037354,190.44000244140625,11,1,63.779998779296875,57.45000076293945,-66.0999984741211,151.02999877929688,0.0,95500,95522,95510,95511,0,95522,STANDBY
-3.8399999141693115,9.029999732971191,1.7400000095367432,-0.10000000149011612,-0.10000000149011612,-0.20000000298023224,1021.6099243164062,23.729999542236328,9.770516395568848,-0.129807710647583,374007584,1267770112,9.699999809265137,0.20577776432037354,190.44000244140625,11,1,63.790000915527344,57.45000076293945,-66.08999633789062,150.89999389648438,0.0,95600,95622,95606,95607,0,95622,STANDBY
-3.8299999237060547,9.020000457763672,1.75,0.0,-0.10000000149011612,0.20000000298023224,1021.6890869140625,23.780000686645508,9.129188537597656,-2.648388385772705,374007584,1267770112,9.699999809265137,0.20577776432037354,190.44000244140625,11,1,63.79999923706055,57.439998626708984,-66.06999969482422,150.74000549316406,0.0,95700,95722,95719,95720,0,95722,STANDBY
-3.809999942779541,9.050000190734863,1.75,0.0,-0.10000000149011612,0.0,1021.7658081054688,23.829999923706055,8.506035804748535,-4.18757963180542,374007584,1267770112,9.699999809265137,0.20577776432037354,190.44000244140625,11,1,63.970001220703125,57.40999984741211,-65.87000274658203,150.47999572753906,0.0,95800,95822,95815,95815,0,95822,STANDBY
-3.8499999046325684,9.020000457763672,1.7599999904632568,0.0,-0.10000000149011612,0.20000000298023224,1021.6600952148438,23.760000228881836,9.362871170043945,0.7472903728485107,374007584,1267770112,9.699999809265137,0.20577776432037354,190.44000244140625,11,1,63.90999984741211,57.439998626708984,-65.97000122070312,150.42999267578125,0.0,95900,95922,95911,95911,0,95922,STANDBY
-3.809999942779541,9.020000457763672,1.7400000095367432,0.0,-0.10000000149011612,0.10000000149011612,1021.5687255859375,23.700000762939453,10.105461120605469,3.4486255645751953,374007584,1267770112,9.699999809265137,0.20577776432037354,190.44000244140625,11,1,63.880001068115234,57.439998626708984,-66.04000091552734,150.35000610351562,0.0,96000,96022,96008,96008,0,96022,STANDBY
-3.8399999141693115,9.050000190734863,1.7400000095367432,0.0,-0.10000000149011612,-0.20000000298023224,1021.6448364257812,23.760000228881836,9.48750114440918,-0.26471948623657227,374007584,1267770112,9.699999809265137,0.20577776432037354,190.44000244140625,11,1,63.939998626708984,57.439998626708984,-65.9800033569336,150.16000366210938,0.0,96100,96122,96119,96119,0,96122,STANDBY
-3.8499999046325684,9.029999732971191,1.75,0.0,0.0,0.20000000298023224,1021.7222900390625,23.809999465942383,8.859155654907227,-2.682802438735962,374007488,1267770112,9.699999809265137,1.3272665739059448,164.0500030517578,11,1,63.970001220703125,57.470001220703125,-65.94999694824219,150.02999877929688,0.0,96200,96222,96216,96217,0,96222,STANDBY
-3.819999933242798,9.010000228881836,1.7300000190734863,0.0,0.0,-0.10000000149011612,1021.7918090820312,23.850000381469727,8.295722007751465,-3.9707281589508057,374007488,1267770112,10.100000381469727,1.3272665739059448,164.0500030517578,11,1,63.900001525878906,57.4900016784668,-66.11000061035156,150.0,0.0,96300,96322,96312,96312,0,96322,STANDBY
-3.809999942779541,9.039999961853027,1.7100000381469727,0.0,-0.10000000149011612,0.10000000149011612,1021.6924438476562,23.790000915527344,9.100627899169922,0.6783573627471924,374007488,1267770112,10.100000381469727,1.3272665739059448,164.0500030517578,11,1,63.90999984741211,57.529998779296875,-66.16999816894531,149.91000366210938,0.0,96400,96422,96408,96408,0,96422,STANDBY
-3.8299999237060547,9.020000457763672,1.7100000381469727,0.0,-0.10000000149011612,0.30000001192092896,1021.5953979492188,23.729999542236328,9.889954566955566,3.5914554595947266,374007488,1267770112,10.100000381469727,1.3272665739059448,164.0500030517578,11,1,63.959999084472656,57.599998474121094,-66.18000030517578,149.8000030517578,0.0,96500,96522,96521,96521,0,96522,STANDBY
-3.8299999237060547,9.0,1.7100000381469727,0.10000000149011612,0.0,-0.10000000149011612,1021.6785278320312,23.780000686645508,9.214872360229492,-0.4017972946166992,374007488,1267770112,10.100000381469727,1.3272665739059448,164.0500030517578,11,1,64.02999877929688,57.650001525878906,-66.1500015258789,149.6699981689453,0.0,96600,96622,96617,96617,0,96622,STANDBY
-3.819999933242798,9.0600004196167,1.7400000095367432,0.0,0.0,1.100000023841858,1021.7503051757812,23.829999923706055,8.633262634277344,-2.5835890769958496,374007488,1267770112,10.100000381469727,1.3272665739059448,164.0500030517578,11,1,64.12000274658203,57.650001525878906,-66.08999633789062,149.5,0.0,96700,96722,96713,96718,0,96722,STANDBY
-3.809999942779541,9.010000228881836,1.75,0.0,0.0,-0.4000000059604645,1021.8157958984375,23.8700008392334,8.10098648071289,-3.782601833343506,374007488,1267770112,10.100000381469727,1.3272665739059448,164.0500030517578,11,1,64.12999725341797,57.65999984741211,-66.13999938964844,149.39999389648438,0.0,96800,96822,96809,96809,0,96822,STANDBY
-3.809999942779541,9.039999961853027,1.7400000095367432,0.0,0.0,0.10000000149011612,1021.6986083984375,23.799999237060547,9.051294326782227,1.3803660869598389,374007488,1267770112,10.100000381469727,1.3272665739059448,164.0500030517578,11,1,64.1500015258789,57.650001525878906,-66.12000274658203,149.22999572753906,0.0,96900,96922,96921,96922,0,96922,STANDBY
-3.819999933242798,9.029999732971191,1.7400000095367432,0.0,-0.10000000149011612,0.4000000059604645,1021.5918579101562,23.729999542236328,9.9185152053833,4.352317810058594,374007488,1267770112,10.100000381469727,1.3272665739059448,164.0500030517578,11,1,64.12999725341797,57.65999984741211,-66.16000366210938,149.1300048828125,0.0,97000,97022,97017,97018,0,97022,STANDBY
-3.809999942779541,8.989999771118164,1.7400000095367432,0.0,0.0,-0.5,1021.6701049804688,23.790000915527344,9.282380104064941,0.24094295501708984,374007488,1267770112,10.100000381469727,1.3272665739059448,164.0500030517578,11,1,64.19000244140625,57.65999984741211,-66.05999755859375,148.9499969482422,0.0,97100,97122,97114,97114,0,97122,STANDBY
-3.809999942779541,9.029999732971191,1.7300000190734863,0.0,-0.10000000149011612,0.4000000059604645,1021.7421875,23.84000015258789,8.698174476623535,-2.182619094848633,374007456,1267770112,10.100000381469727,0.3138110935688019,164.0500030517578,11,1,64.37000274658203,57.650001525878906,-65.83000183105469,148.69000244140625,0.0,97200,97222,97210,97211,0,97222,STANDBY
-3.809999942779541,8.989999771118164,1.7200000286102295,0.0,-0.10000000149011612,0.10000000149011612,1021.8133544921875,23.8799991607666,8.121758460998535,-3.702540397644043,374007456,1267770112,10.300000190734863,0.3138110935688019,164.0500030517578,11,1,64.41999816894531,57.650001525878906,-65.73999786376953,148.50999450683594,0.0,97300,97323,97306,97307,0,97323,STANDBY
-3.799999952316284,9.020000457763672,1.7300000190734863,0.0,0.0,-0.4000000059604645,1021.6920166015625,23.809999465942383,9.105820655822754,1.5666229724884033,374007456,1267770112,10.300000190734863,0.3138110935688019,164.0500030517578,11,1,64.41999816894531,57.68000030517578,-65.81999969482422,148.44000244140625,0.0,97400,97423,97419,97419,0,97423,STANDBY
-3.799999952316284,9.069999694824219,1.7400000095367432,0.0,-0.10000000149011612,0.5,1021.5787353515625,23.729999542236328,10.024971008300781,4.6792402267456055,374007456,1267770112,10.300000190734863,0.3138110935688019,164.0500030517578,11,1,64.38999938964844,57.68000030517578,-65.87000274658203,148.36000061035156,0.0,97501,97523,97515,97512,0,97523,STANDBY
-3.8299999237060547,9.010000228881836,1.7300000190734863,0.0,0.0,-0.30000001192092896,1021.6602172851562,23.790000915527344,9.362871170043945,0.3463144302368164,374007456,1267770112,10.300000190734863,0.3138110935688019,164.0500030517578,11,1,64.4000015258789,57.709999084472656,-65.83999633789062,148.22999572753906,0.0,97601,97623,97611,97612,0,97623,STANDBY
-3.799999952316284,9.050000190734863,1.7400000095367432,0.0,0.0,0.20000000298023224,1021.7340698242188,23.84000015258789,8.763086318969727,-2.1774981021881104,374007456,1267770112,10.300000190734863,0.3138110935688019,164.0500030517578,11,1,64.45999908447266,57.70000076293945,-65.79000091552734,148.0800018310547,0.0,97701,97723,97708,97720,0,97723,STANDBY
-3.8399999141693115,9.039999961853027,1.7200000286102295,0.0,-0.10000000149011612,0.20000000298023224,1021.80517578125,23.8799991607666,8.186670303344727,-3.699263095855713,374007456,1267770112,10.300000190734863,0.3138110935688019,164.0500030517578,11,1,64.4000015258789,57.7400016784668,-65.93000030517578,148.0500030517578,0.0,97801,97823,97820,97820,0,97823,STANDBY
-3.799999952316284,9.010000228881836,1.7300000190734863,0.0,0.0,0.0,1021.6838989257812,23.809999465942383,9.170732498168945,1.5687203407287598,374007456,1267770112,10.300000190734863,0.3138110935688019,164.0500030517578,11,1,64.4000015258789,57.7400016784668,-65.94000244140625,147.92999267578125,0.0,97901,97923,97916,97916,0,97923,STANDBY
-3.809999942779541,9.0600004196167,1.7400000095367432,0.0,0.0,0.20000000298023224,1021.5765380859375,23.739999771118164,10.043146133422852,4.493635654449463,374007456,1267770112,10.300000190734863,0.3138110935688019,164.0500030517578,11,1,64.4000015258789,57.709999084472656,-65.94999694824219,147.8000030517578,0.0,98001,98023,98013,98013,0,98023,STANDBY
-3.8299999237060547,9.010000228881836,1.7400000095367432,0.0,0.0,0.30000001192092896,1021.6563110351562,23.790000915527344,9.394028663635254,0.27945685386657715,374007456,1267770112,10.300000190734863,0.3138110935688019,164.0500030517578,11,1,64.37000274658203,57.7400016784668,-66.0,147.72000122070312,0.0,98101,98123,98109,98109,0,98123,STANDBY
-3.819999933242798,9.039999961853027,1.7400000095367432,0.0,0.0,-0.20000000298023224,1021.729736328125,23.84000015258789,8.799436569213867,-2.1995160579681396,374007424,1267770112,10.300000190734863,0.01543333288282156,164.0500030517578,11,1,64.43000030517578,57.72999954223633,-65.91999816894531,147.52999877929688,0.0,98201,98223,98221,98222,0,98223,STANDBY
-3.799999952316284,9.039999961853027,1.7200000286102295,0.0,0.0,-0.10000000149011612,1021.79931640625,23.8799991607666,8.233407020568848,-3.6718087196350098,374007424,1267770112,10.199999809265137,0.01543333288282156,164.0500030517578,12,1,64.43000030517578,57.720001220703125,-65.95999908447266,147.42999267578125,0.0,98301,98323,98317,98317,0,98323,STANDBY
-3.8299999237060547,9.029999732971191,1.7200000286102295,0.0,-0.10000000149011612,0.30000001192092896,1021.6796875,23.809999465942383,9.204485893249512,1.5343577861785889,374007424,1267770112,10.199999809265137,0.01543333288282156,164.0500030517578,12,1,64.45999908447266,57.77000045776367,-65.94000244140625,147.30999755859375,0.0,98401,98423,98413,98413,0,98423,STANDBY
-3.799999952316284,9.029999732971191,1.7200000286102295,0.0,0.0,0.10000000149011612,1021.572265625,23.739999771118164,10.076900482177734,4.471647262573242,374007424,1267770112,10.199999809265137,0.01543333288282156,164.0500030517578,12,1,64.48999786376953,57.790000915527344,-65.91000366210938,147.17999267578125,0.0,98501,98523,98509,98509,0,98523,STANDBY
-3.8299999237060547,9.039999961853027,1.7300000190734863,0.0,0.0,-0.20000000298023224,1021.652099609375,23.790000915527344,9.427783012390137,0.2653844356536865,374007424,1267770112,10.199999809265137,0.01543333288282156,164.0500030517578,12,1,64.52999877929688,57.79999923706055,-65.87000274658203,147.02000427246094,0.0,98601,98623,98622,98622,0,98623,STANDBY
-3.819999933242798,9.029999732971191,1.7200000286102295,0.0,-0.10000000149011612,0.20000000298023224,1021.7271728515625,23.84000015258789,8.820208549499512,-2.2604517936706543,374007424,1267770112,10.199999809265137,0.01543333288282156,164.0500030517578,12,1,64.5,57.810001373291016,-65.94999694824219,146.9499969482422,0.0,98701,98723,98718,98719,0,98723,STANDBY
-3.7899999618530273,9.050000190734863,1.7400000095367432,0.0,-0.10000000149011612,0.10000000149011612,1021.79833984375,23.889999389648438,8.241195678710938,-3.7627406120300293,374007424,1267770112,10.199999809265137,0.01543333288282156,164.0500030517578,12,1,64.58999633789062,57.79999923706055,-65.81999969482422,146.75,0.0,98802,98823,98814,98814,0,98823,STANDBY
-3.819999933242798,9.050000190734863,1.7400000095367432,0.0,-0.10000000149011612,0.10000000149011612,1021.6846923828125,23.809999465942383,9.162942886352539,1.278834581375122,374007424,1267770112,10.199999809265137,0.01543333288282156,164.0500030517578,12,1,64.51000213623047,57.779998779296875,-65.94000244140625,146.6999969482422,0.0,98902,98923,98911,98911,0,98923,STANDBY
-3.799999952316284,9.039999961853027,1.7400000095367432,0.0,0.0,0.30000001192092896,1021.5753784179688,23.739999771118164,10.050935745239258,4.370425701141357,374007424,1267770112,10.199999809265137,0.01543333288282156,164.0500030517578,12,1,64.61000061035156,57.77000045776367,-65.77999877929688,146.4600067138672,0.0,99002,99023,99022,99023,0,99023,STANDBY
-3.8299999237060547,9.020000457763672,1.7300000190734863,0.0,0.0,0.0,1021.6551513671875,23.799999237060547,9.404414176940918,0.21098613739013672,374007424,1267770112,10.199999809265137,0.01543333288282156,164.0500030517578,12,1,64.61000061035156,57.779998779296875,-65.80000305175781,146.36000061035156,0.0,99102,99123,99119,99120,0,99123,STANDBY
-3.8299999237060547,9.029999732971191,1.7400000095367432,0.0,0.0,-0.10000000149011612,1021.7306518554688,23.850000381469727,8.791647911071777,-2.3160338401794434,374007424,1267770112,10.199999809265137,0.06687777489423752,164.0500030517578,12,1,64.58000183105469,57.779998779296875,-65.83999633789062,146.27000427246094,0.0,99202,99223,99215,99216,0,99223,STANDBY
-3.809999942779541,9.039999961853027,1.7400000095367432,0.0,-0.20000000298023224,0.10000000149011612,1021.800048828125,23.889999389648438,8.2282133102417,-3.7360000610351562,374007424,1267770112,10.100000381469727,0.06687777489423752,164.0500030517578,11,1,64.58000183105469,57.75,-65.80999755859375,146.1300048828125,0.0,99302,99323,99311,99312,0,99323,STANDBY
-3.809999942779541,9.050000190734863,1.7400000095367432,0.0,0.0,0.10000000149011612,1021.6804809570312,23.81999969482422,9.19929313659668,1.493279218673706,374007424,1267770112,10.100000381469727,0.06687777489423752,164.0500030517578,11,1,64.48999786376953,57.75,-65.9800033569336,146.10000610351562,0.0,99402,99423,99407,99407,0,99423,STANDBY
-3.859999895095825,9.029999732971191,1.7400000095367432,0.0,0.0,0.5,1021.5711059570312,23.75,10.087285995483398,4.507669925689697,374007424,1267770112,10.100000381469727,0.06687777489423752,164.0500030517578,11,1,64.5,57.779998779296875,-65.94999694824219,145.94000244140625,0.0,99502,99523,99520,99520,0,99523,STANDBY
-3.799999952316284,9.029999732971191,1.7400000095367432,0.0,-0.10000000149011612,-0.20000000298023224,1021.6509399414062,23.799999237060547,9.4381685256958,0.2884390354156494,374007424,1267770112,10.100000381469727,0.06687777489423752,164.0500030517578,11,1,64.62999725341797,57.75,-65.75,145.69000244140625,0.0,99602,99623,99616,99616,0,99623,STANDBY
-3.819999933242798,9.029999732971191,1.7300000190734863,0.0,0.0,0.0,1021.7246704101562,23.850000381469727,8.840980529785156,-2.204150915145874,374007424,1267770112,10.100000381469727,0.06687777489423752,164.0500030517578,11,1,64.66999816894531,57.75,-65.66999816894531,145.52000427246094,0.0,99702,99723,99713,99721,0,99723,STANDBY
-3.809999942779541,9.039999961853027,1.7300000190734863,0.0,0.0,0.4000000059604645,1021.792236328125,23.899999618530273,8.29312515258789,-3.6020781993865967,374007424,1267770112,10.100000381469727,0.06687777489423752,164.0500030517578,11,1,64.70999908447266,57.77000045776367,-65.61000061035156,145.3699951171875,0.0,99802,99823,99809,99809,0,99823,STANDBY
-3.819999933242798,9.010000228881836,1.7300000190734863,0.0,-0.10000000149011612,-0.20000000298023224,1021.6749877929688,23.81999969482422,9.243432998657227,1.495901346206665,374007424,1267770112,10.100000381469727,0.06687777489423752,164.0500030517578,11,1,64.69999694824219,57.79999923706055,-65.66000366210938,145.27999877929688,0.0,99902,99923,99921,99921,0,99923,STANDBY
-3.8299999237060547,9.029999732971191,1.7400000095367432,0.0,0.0,-0.10000000149011612,1021.5643920898438,23.75,10.139215469360352,4.540506839752197,374007424,1267770112,10.100000381469727,0.06687777489423752,164.0500030517578,11,1,64.62999725341797,57.79999923706055,-65.76000213623047,145.22999572753906,0.0,100002,100023,100018,100019,0,100023,STANDBY
-3.7899999618530273,9.050000190734863,1.7200000286102295,-0.10000000149011612,-0.10000000149011612,0.20000000298023224,1021.6422119140625,23.799999237060547,9.508273124694824,0.382155179977417,374007424,1267770112,10.100000381469727,0.06687777489423752,164.0500030517578,11,1,64.73999786376953,57.790000915527344,-65.61000061035156,145.00999450683594,0.0,100102,100123,100114,100114,0,100123,STANDBY
-3.8299999237060547,9.010000228881836,1.7100000381469727,0.0,0.0,-0.20000000298023224,1021.7179565429688,23.850000381469727,8.895506858825684,-2.2064857482910156,374007488,1267770112,10.100000381469727,0.8848443627357483,76.19000244140625,11,1,64.72000122070312,57.83000183105469,-65.66000366210938,144.9499969482422,0.0,100202,100224,100210,100210,0,100224,STANDBY
-3.809999942779541,9.050000190734863,1.7300000190734863,0.0,-0.10000000149011612,0.10000000149011612,1021.7848510742188,23.899999618530273,8.35284423828125,-3.582801342010498,374007488,1267770112,9.899999618530273,0.8848443627357483,76.19000244140625,11,1,64.75,57.86000061035156,-65.66000366210938,144.82000732421875,0.0,100302,100324,100322,100323,0,100324,STANDBY
-3.8299999237060547,9.020000457763672,1.7200000286102295,0.0,0.0,-0.10000000149011612,1021.6695556640625,23.81999969482422,9.28757381439209,1.445925235748291,374007488,1267770112,9.899999618530273,0.8848443627357483,76.19000244140625,11,1,64.76000213623047,57.88999938964844,-65.69000244140625,144.74000549316406,0.0,100402,100424,100418,100418,0,100424,STANDBY
-3.8299999237060547,9.020000457763672,1.7200000286102295,0.0,-0.10000000149011612,0.30000001192092896,1021.564453125,23.760000228881836,10.139215469360352,4.331958770751953,374007488,1267770112,9.899999618530273,0.8848443627357483,76.19000244140625,11,1,64.7699966430664,57.90999984741211,-65.69000244140625,144.6300048828125,0.0,100502,100524,100514,100513,0,100524,STANDBY
-3.799999952316284,9.050000190734863,1.75,0.0,0.0,0.10000000149011612,1021.6419677734375,23.809999465942383,9.510869979858398,0.25907182693481445,374007488,1267770112,9.899999618530273,0.8848443627357483,76.19000244140625,11,1,64.86000061035156,57.88999938964844,-65.56999969482422,144.42999267578125,0.0,100602,100624,100611,100611,0,100624,STANDBY
-3.8399999141693115,9.010000228881836,1.7400000095367432,0.0,0.0,0.10000000149011612,1021.7156982421875,23.860000610351562,8.913681983947754,-2.2229459285736084,374007488,1267770112,9.899999618530273,0.8848443627357483,76.19000244140625,11,1,64.87999725341797,57.91999816894531,-65.5,144.27999877929688,0.0,100702,100724,100723,100723,0,100724,STANDBY
-3.809999942779541,9.029999732971191,1.7300000190734863,0.0,-0.10000000149011612,0.0,1021.7864990234375,23.899999618530273,8.339861869812012,-3.717966079711914,374007488,1267770112,9.899999618530273,0.8848443627357483,76.19000244140625,11,1,64.86000061035156,57.90999984741211,-65.55000305175781,144.1999969482422,0.0,100802,100824,100819,100819,0,100824,STANDBY
-3.809999942779541,9.050000190734863,1.7300000190734863,0.0,0.0,0.10000000149011612,1021.6709594726562,23.829999923706055,9.27718734741211,1.3698036670684814,374007488,1267770112,9.899999618530273,0.8848443627357483,76.19000244140625,11,1,64.95999908447266,57.91999816894531,-65.43000030517578,144.02000427246094,0.0,100903,100924,100916,100916,0,100924,STANDBY
-3.8399999141693115,9.0,1.7100000381469727,0.0,-0.10000000149011612,0.30000001192092896,1021.5635375976562,23.760000228881836,10.147005081176758,4.355945110321045,374007488,1267770112,9.899999618530273,0.8848443627357483,76.19000244140625,11,1,64.94000244140625,57.959999084472656,-65.45999908447266,143.9499969482422,0.0,101003,101024,101012,101012,0,101024,STANDBY
-3.799999952316284,9.039999961853027,1.7000000476837158,0.0,0.0,-0.20000000298023224,1021.6453247070312,23.809999465942383,9.484905242919922,0.1394057273864746,374007488,1267770112,9.899999618530273,0.8848443627357483,76.19000244140625,11,1,64.9800033569336,57.9900016784668,-65.47000122070312,143.86000061035156,0.0,101103,101124,101108,101108,0,101124,STANDBY
-3.819999933242798,9.029999732971191,1.7200000286102295,0.10000000149011612,0.0,-0.10000000149011612,1021.7201538085938,23.860000610351562,8.877330780029297,-2.341078281402588,374007488,1267770112,9.899999618530273,0.08231110870838165,76.19000244140625,11,1,64.97000122070312,58.040000915527344,-65.54000091552734,143.80999755859375,0.0,101203,101224,101221,101221,0,101224,STANDBY
-3.8299999237060547,9.029999732971191,1.7100000381469727,0.0,-0.10000000149011612,0.30000001192092896,1021.791259765625,23.90999984741211,8.300914764404297,-3.8039541244506836,374007488,1267770112,10.0,0.08231110870838165,76.19000244140625,12,1,64.93000030517578,58.08000183105469,-65.61000061035156,143.75999450683594,0.0,101303,101324,101317,101317,0,101324,STANDBY
-3.819999933242798,9.020000457763672,1.7100000381469727,0.0,0.0,-0.20000000298023224,1021.6755981445312,23.829999923706055,9.238240242004395,1.3147711753845215,374007488,1267770112,10.0,0.08231110870838165,76.19000244140625,12,1,65.04000091552734,58.08000183105469,-65.47000122070312,143.57000732421875,0.0,101403,101424,101413,101413,0,101424,STANDBY
-3.809999942779541,9.029999732971191,1.7200000286102295,0.0,0.0,-0.10000000149011612,1021.56982421875,23.760000228881836,10.097672462463379,4.211775779724121,374007488,1267770112,10.0,0.08231110870838165,76.19000244140625,12,1,65.0199966430664,58.099998474121094,-65.5,143.5,0.0,101504,101524,101510,101510,0,101524,STANDBY
-3.809999942779541,9.050000190734863,1.7200000286102295,0.0,0.0,0.20000000298023224,1021.6476440429688,23.81999969482422,9.464133262634277,0.16137981414794922,374007488,1267770112,10.0,0.08231110870838165,76.19000244140625,12,1,65.12999725341797,58.099998474121094,-65.31999969482422,143.27000427246094,0.0,101604,101624,101621,101622,0,101624,STANDBY
-3.8299999237060547,9.020000457763672,1.7100000381469727,0.0,0.0,0.10000000149011612,1021.7207641601562,23.860000610351562,8.872138023376465,-2.264697790145874,374007488,1267770112,10.0,0.08231110870838165,76.19000244140625,12,1,65.12999725341797,58.119998931884766,-65.33999633789062,143.19000244140625,0.0,101704,101726,101719,101723,0,101726,STANDBY
-3.819999933242798,9.020000457763672,1.7000000476837158,0.0,-0.10000000149011612,0.10000000149011612,1021.7919311523438,23.90999984741211,8.29312515258789,-3.765458106994629,374007488,1267770112,10.0,0.08231110870838165,76.19000244140625,12,1,65.19999694824219,58.15999984741211,-65.2699966430664,143.07000732421875,0.0,101804,101826,101814,101815,0,101826,STANDBY
-3.819999933242798,9.029999732971191,1.7200000286102295,0.0,0.0,-0.20000000298023224,1021.6765747070312,23.84000015258789,9.230450630187988,1.3394086360931396,374007488,1267770112,10.0,0.08231110870838165,76.19000244140625,12,1,65.19000244140625,58.16999816894531,-65.31999969482422,143.00999450683594,0.0,101904,101926,101926,101926,0,101926,STANDBY
-3.8399999141693115,9.020000457763672,1.7200000286102295,0.0,-0.10000000149011612,0.10000000149011612,1021.5673217773438,23.770000457763672,10.11584758758545,4.398809432983398,374007488,1267770112,10.0,0.08231110870838165,76.19000244140625,12,1,65.13999938964844,58.189998626708984,-65.38999938964844,142.97000122070312,0.0,102004,102026,102023,102023,0,102026,STANDBY
-3.819999933242798,9.029999732971191,1.7200000286102295,0.0,-0.10000000149011612,0.30000001192092896,1021.6431274414062,23.81999969482422,9.500483512878418,0.35378170013427734,374007488,1267770112,10.0,0.08231110870838165,76.19000244140625,12,1,65.19000244140625,58.16999816894531,-65.29000091552734,142.8000030517578,0.0,102104,102126,102119,102119,0,102126,STANDBY
-3.819999933242798,9.020000457763672,1.7100000381469727,0.0,0.0,-0.10000000149011612,1021.71826171875,23.8700008392334,8.89291000366211,-2.203873634338379,374007456,1267770112,10.0,0.11317776888608932,76.19000244140625,12,1,65.19000244140625,58.189998626708984,-65.30999755859375,142.74000549316406,0.0,102204,102226,102215,102216,0,102226,STANDBY
-3.809999942779541,9.039999961853027,1.7300000190734863,0.0,0.0,0.10000000149011612,1021.7880249023438,23.90999984741211,8.326879501342773,-3.6746010780334473,374007456,1267770112,10.100000381469727,0.11317776888608932,76.19000244140625,12,1,65.1500015258789,58.16999816894531,-65.37000274658203,142.67999267578125,0.0,102304,102326,102312,102312,0,102326,STANDBY
-3.819999933242798,9.029999732971191,1.7200000286102295,0.0,-0.10000000149011612,0.20000000298023224,1021.6755981445312,23.84000015258789,9.238240242004395,1.2936983108520508,374007456,1267770112,10.100000381469727,0.11317776888608932,76.19000244140625,12,1,65.16999816894531,58.15999984741211,-65.31999969482422,142.5399932861328,0.0,102404,102426,102424,102424,0,102426,STANDBY
-3.819999933242798,9.029999732971191,1.7300000190734863,0.0,0.0,0.20000000298023224,1021.5682983398438,23.770000457763672,10.108057975769043,4.3072381019592285,374007456,1267770112,10.100000381469727,0.11317776888608932,76.19000244140625,12,1,65.2300033569336,58.15999984741211,-65.19999694824219,142.3800048828125,0.0,102504,102526,102520,102520,0,102526,STANDBY
-3.809999942779541,9.039999961853027,1.7300000190734863,-0.10000000149011612,0.0,0.0,1021.6454467773438,23.81999969482422,9.482308387756348,0.2536342144012451,374007456,1267770112,10.100000381469727,0.11317776888608932,76.19000244140625,12,1,65.22000122070312,58.119998931884766,-65.19999694824219,142.27999877929688,0.0,102604,102626,102617,102618,0,102626,STANDBY
-3.809999942779541,9.020000457763672,1.7300000190734863,0.0,0.0,-0.10000000149011612,1021.71923828125,23.8700008392334,8.885120391845703,-2.226426124572754,374007456,1267770112,10.100000381469727,0.11317776888608932,76.19000244140625,12,1,65.3499984741211,58.130001068115234,-64.9800033569336,142.05999755859375,0.0,102704,102726,102713,102722,0,102726,STANDBY
-3.819999933242798,9.029999732971191,1.75,0.0,0.0,0.20000000298023224,1021.790283203125,23.920000076293945,8.308704376220703,-3.730576992034912,374007456,1267770112,10.100000381469727,0.11317776888608932,76.19000244140625,12,1,65.41999816894531,58.099998474121094,-64.80999755859375,141.86000061035156,0.0,102804,102827,102825,102825,0,102827,STANDBY
-3.819999933242798,9.039999961853027,1.7300000190734863,0.0,0.0,0.4000000059604645,1021.6763916015625,23.84000015258789,9.233047485351562,1.3098032474517822,374007456,1267770112,10.100000381469727,0.11317776888608932,76.19000244140625,12,1,65.33999633789062,58.09000015258789,-64.91999816894531,141.85000610351562,0.0,102904,102927,102922,102922,0,102927,STANDBY
-3.819999933242798,9.020000457763672,1.7300000190734863,0.0,0.0,-0.4000000059604645,1021.5706176757812,23.770000457763672,10.089882850646973,4.265615463256836,374007456,1267770112,10.100000381469727,0.11317776888608932,76.19000244140625,12,1,65.37000274658203,58.099998474121094,-64.8499984741211,141.74000549316406,0.0,103005,103027,103018,103015,0,103027,STANDBY
-3.809999942779541,9.029999732971191,1.7400000095367432,0.0,0.0,0.0,1021.6497802734375,23.81999969482422,9.448554992675781,0.16468262672424316,374007456,1267770112,10.100000381469727,0.11317776888608932,76.19000244140625,12,1,65.4000015258789,58.08000183105469,-64.80000305175781,141.6199951171875,0.0,103105,103127,103114,103115,0,103127,STANDBY
-3.7899999618530273,9.039999961853027,1.7200000286102295,0.0,-0.10000000149011612,0.10000000149011612,1021.7232666015625,23.8700008392334,8.85136604309082,-2.2833588123321533,374007456,1267770112,10.100000381469727,0.05658888444304466,76.19000244140625,12,1,65.29000091552734,58.06999969482422,-65.05000305175781,141.6999969482422,0.0,103205,103227,103227,103227,0,103227,STANDBY
-3.8299999237060547,9.010000228881836,1.7300000190734863,0.0,-0.10000000149011612,0.5,1021.7943725585938,23.920000076293945,8.27495002746582,-3.7670137882232666,374007456,1267770112,10.100000381469727,0.05658888444304466,76.19000244140625,12,1,65.30000305175781,58.08000183105469,-64.98999786376953,141.5800018310547,0.0,103305,103327,103323,103323,0,103327,STANDBY
-3.8299999237060547,9.029999732971191,1.7400000095367432,0.0,0.0,-0.10000000149011612,1021.6787719726562,23.84000015258789,9.212275505065918,1.3384130001068115,374007456,1267770112,10.100000381469727,0.05658888444304466,76.19000244140625,12,1,65.30000305175781,58.060001373291016,-64.94999694824219,141.47999572753906,0.0,103405,103427,103419,103419,0,103427,STANDBY
-3.809999942779541,9.050000190734863,1.75,0.0,-0.10000000149011612,-0.20000000298023224,1021.5714111328125,23.770000457763672,10.08469009399414,4.346242904663086,374007456,1267770112,10.100000381469727,0.05658888444304466,76.19000244140625,12,1,65.33000183105469,58.029998779296875,-64.87999725341797,141.35000610351562,0.0,103505,103527,103516,103515,0,103527,STANDBY
-3.819999933242798,9.029999732971191,1.7400000095367432,0.0,0.0,0.20000000298023224,1021.647216796875,23.829999923706055,9.46932601928711,0.32013916969299316,374007456,1267770112,10.100000381469727,0.05658888444304466,76.19000244140625,12,1,65.3499984741211,58.040000915527344,-64.80000305175781,141.22999572753906,0.0,103605,103627,103612,103613,0,103627,STANDBY
-3.799999952316284,9.050000190734863,1.7300000190734863,0.0,-0.10000000149011612,0.6000000238418579,1021.7206420898438,23.8700008392334,8.872138023376465,-2.1838629245758057,374007456,1267770112,10.100000381469727,0.05658888444304466,76.19000244140625,12,1,65.33000183105469,58.040000915527344,-64.8499984741211,141.17999267578125,0.0,103705,103727,103725,103725,0,103727,STANDBY
-3.819999933242798,9.020000457763672,1.7400000095367432,0.0,-0.10000000149011612,-0.20000000298023224,1021.7901611328125,23.920000076293945,8.308704376220703,-3.200659990310669,374007456,1267770112,10.100000381469727,0.05658888444304466,76.19000244140625,12,1,65.31999969482422,58.040000915527344,-64.86000061035156,141.11000061035156,0.0,103805,103827,103821,103821,0,103827,STANDBY
-3.809999942779541,9.039999961853027,1.7400000095367432,0.0,0.0,0.10000000149011612,1021.673095703125,23.850000381469727,9.259012222290039,1.7528088092803955,374007456,1267770112,10.100000381469727,0.05658888444304466,76.19000244140625,12,1,65.3499984741211,58.029998779296875,-64.81999969482422,141.0,0.0,103905,103927,103917,103917,0,103927,STANDBY
-3.809999942779541,9.039999961853027,1.7300000190734863,0.0,-0.10000000149011612,0.10000000149011612,1021.5655517578125,23.780000686645508,10.131425857543945,4.623915672302246,374007456,1267770112,10.100000381469727,0.05658888444304466,76.19000244140625,12,1,65.33999633789062,58.029998779296875,-64.83999633789062,140.9499969482422,0.0,104005,104027,104013,104013,0,104027,STANDBY
-3.8499999046325684,9.0,1.7300000190734863,0.0,-0.10000000149011612,0.20000000298023224,1021.6437377929688,23.829999923706055,9.495290756225586,0.9236738085746765,374007456,1267770112,10.100000381469727,0.05658888444304466,76.19000244140625,12,1,65.37000274658203,58.09000015258789,-64.75,140.8300018310547,0.0,104105,104127,104126,104126,0,104127,STANDBY
-3.759999990463257,9.069999694824219,1.7400000095367432,0.0,0.0,0.30000001192092896,1021.717529296875,23.8799991607666,8.898102760314941,-1.3198503255844116,374007488,1267770112,10.100000381469727,0.15433332324028015,76.19000244140625,12,1,65.43000030517578,58.040000915527344,-64.68000030517578,140.69000244140625,0.0,104205,104227,104222,104222,0,104227,STANDBY
-3.859999895095825,8.989999771118164,1.7300000190734863,0.0,-0.10000000149011612,-0.699999988079071,1021.7870483398438,23.93000030517578,8.33466911315918,-2.6476919651031494,374007488,1267770112,9.899999618530273,0.15433332324028015,76.19000244140625,12,1,65.41999816894531,58.099998474121094,-64.63999938964844,140.6199951171875,0.0,104305,104327,104318,104318,0,104327,STANDBY
-3.9200000762939453,8.949999809265137,1.7100000381469727,-0.10000000149011612,0.0,-1.399999976158142,1021.669677734375,23.850000381469727,9.28757381439209,1.3547722101211548,374007488,1267770112,9.899999618530273,0.15433332324028015,76.19000244140625,12,1,65.18000030517578,58.33000183105469,-64.94000244140625,140.8300018310547,0.0,104406,104427,104415,104415,0,104427,STANDBY
-3.680000066757202,9.109999656677246,1.7200000286102295,0.10000000149011612,-0.20000000298023224,2.299999952316284,1021.558349609375,23.780000686645508,10.18854808807373,3.7501721382141113,374007488,1267770112,9.899999618530273,0.15433332324028015,76.19000244140625,12,1,65.69999694824219,57.88999938964844,-64.43000030517578,140.25,0.0,104506,104527,104526,104527,0,104527,STANDBY
-3.9200000762939453,8.920000076293945,1.7400000095367432,0.0,0.10000000149011612,-2.799999952316284,1021.6378173828125,23.829999923706055,9.544624328613281,0.33955422043800354,374007488,1267770112,9.899999618530273,0.15433332324028015,76.19000244140625,12,1,65.44000244140625,58.220001220703125,-64.6500015258789,140.4600067138672,0.0,104606,104627,104623,104623,0,104627,STANDBY
-3.740000009536743,9.09000015258789,1.7300000190734863,0.0,-0.20000000298023224,2.799999952316284,1021.711669921875,23.8799991607666,8.944839477539062,-1.7019968032836914,374007488,1267770112,9.899999618530273,0.15433332324028015,76.19000244140625,12,1,65.66999816894531,58.0099983215332,-64.36000061035156,140.1300048828125,0.0,104706,104727,104719,104724,0,104727,STANDBY
-3.8399999141693115,9.020000457763672,1.7300000190734863,0.0,0.0,-2.200000047683716,1021.78271484375,23.93000030517578,8.368423461914062,-2.933809280395508,374007488,1267770112,9.899999618530273,0.15433332324028015,76.19000244140625,12,1,65.5999984741211,58.119998931884766,-64.44000244140625,140.1699981689453,0.0,104806,104827,104815,104816,0,104827,STANDBY
-3.809999942779541,8.989999771118164,1.7200000286102295,0.0,-0.10000000149011612,1.0,1021.6671752929688,23.850000381469727,9.30574893951416,1.1218035221099854,374007488,1267770112,9.899999618530273,0.15433332324028015,76.19000244140625,12,1,65.62999725341797,58.119998931884766,-64.4000015258789,140.08999633789062,0.0,104906,104927,104911,104912,0,104927,STANDBY
-3.7699999809265137,9.079999923706055,1.7000000476837158,0.0,0.0,0.6000000238418579,1021.5594482421875,23.780000686645508,10.18075942993164,3.5179879665374756,374007488,1267770112,9.899999618530273,0.15433332324028015,76.19000244140625,12,1,65.6500015258789,58.099998474121094,-64.44000244140625,140.0500030517578,0.0,105006,105027,105024,105024,0,105027,STANDBY
-3.869999885559082,9.0,1.7400000095367432,0.0,0.0,-1.0,1021.6412353515625,23.84000015258789,9.51606273651123,0.12448292225599289,374007488,1267770112,9.899999618530273,0.15433332324028015,76.19000244140625,12,1,65.52999877929688,58.20000076293945,-64.5999984741211,140.13999938964844,0.0,105106,105127,105120,105120,0,105127,STANDBY
-3.7799999713897705,9.050000190734863,1.7200000286102295,0.0,-0.10000000149011612,0.800000011920929,1021.7164306640625,23.889999389648438,8.905892372131348,-1.8728761672973633,374007488,1267770112,9.899999618530273,0.06687777489423752,76.19000244140625,12,1,65.62999725341797,58.16999816894531,-64.44000244140625,139.9600067138672,0.0,105206,105227,105217,105217,0,105227,STANDBY
-3.809999942779541,9.039999961853027,1.7300000190734863,0.0,0.0,-0.5,1021.7874755859375,23.93000030517578,8.332072257995605,-3.034865140914917,374007488,1267770112,9.600000381469727,0.06687777489423752,76.19000244140625,12,1,65.66999816894531,58.16999816894531,-64.37999725341797,139.8699951171875,0.0,105306,105327,105313,105313,0,105327,STANDBY
-3.8399999141693115,9.020000457763672,1.7400000095367432,-0.10000000149011612,-0.10000000149011612,0.6000000238418579,1021.6718139648438,23.860000610351562,9.269397735595703,1.057127833366394,374007488,1267770112,9.600000381469727,0.06687777489423752,76.19000244140625,12,1,65.58000183105469,58.209999084472656,-64.51000213623047,139.9199981689453,0.0,105406,105427,105425,105425,0,105427,STANDBY
-3.7699999809265137,9.0600004196167,1.7200000286102295,0.0,-0.10000000149011612,0.0,1021.5628051757812,23.790000915527344,10.15219783782959,3.5015220642089844,374007488,1267770112,9.600000381469727,0.06687777489423752,76.19000244140625,12,1,65.66999816894531,58.150001525878906,-64.38999938964844,139.77000427246094,0.0,105506,105527,105522,105522,0,105527,STANDBY
-3.8399999141693115,9.020000457763672,1.75,0.0,0.0,-0.20000000298023224,1021.6403198242188,23.84000015258789,9.523852348327637,0.2302686721086502,374007488,1267770112,9.600000381469727,0.06687777489423752,76.19000244140625,12,1,65.63999938964844,58.18000030517578,-64.38999938964844,139.72999572753906,0.0,105606,105627,105618,105618,0,105627,STANDBY
-3.809999942779541,9.029999732971191,1.75,0.0,-0.10000000149011612,0.6000000238418579,1021.718017578125,23.889999389648438,8.89291000366211,-1.8716436624526978,374007488,1267770112,9.600000381469727,0.06687777489423752,76.19000244140625,12,1,65.62000274658203,58.15999984741211,-64.37999725341797,139.6699981689453,0.0,105706,105728,105714,105724,0,105728,STANDBY
-3.7899999618530273,9.029999732971191,1.7200000286102295,0.0,0.0,-0.699999988079071,1021.78564453125,23.940000534057617,8.345054626464844,-2.950989246368408,374007488,1267770112,9.600000381469727,0.06687777489423752,76.19000244140625,12,1,65.68000030517578,58.150001525878906,-64.27999877929688,139.5399932861328,0.0,105806,105828,105826,105826,0,105828,STANDBY
-3.8399999141693115,9.010000228881836,1.7400000095367432,0.0,0.0,0.6000000238418579,1021.664306640625,23.860000610351562,9.329116821289062,1.2603658437728882,374007488,1267770112,9.600000381469727,0.06687777489423752,76.19000244140625,12,1,65.6500015258789,58.15999984741211,-64.29000091552734,139.50999450683594,0.0,105906,105928,105922,105922,0,105928,STANDBY
-3.7699999809265137,9.0600004196167,1.75,0.0,0.0,0.699999988079071,1021.5487670898438,23.790000915527344,10.26644229888916,3.8060758113861084,374007488,1267770112,9.600000381469727,0.06687777489423752,76.19000244140625,12,1,65.68000030517578,58.099998474121094,-64.2699966430664,139.4199981689453,0.0,106006,106028,106018,106017,0,106028,STANDBY
-3.8299999237060547,9.020000457763672,1.75,0.0,0.0,-1.0,1021.5787353515625,23.81999969482422,10.024971008300781,1.6631803512573242,374007488,1267770112,9.600000381469727,0.06687777489423752,76.19000244140625,12,1,65.58999633789062,58.119998931884766,-64.44000244140625,139.5,0.0,106106,106128,106115,106116,0,106128,STANDBY
-3.799999952316284,9.029999732971191,1.7400000095367432,0.0,-0.10000000149011612,0.8999999761581421,1021.657470703125,23.8700008392334,9.386239051818848,-0.97950679063797,374007488,1267770112,9.600000381469727,0.2675110995769501,88.77999877929688,12,1,65.56999969482422,58.11000061035156,-64.45999908447266,139.4499969482422,0.0,106206,106228,106227,106227,0,106228,STANDBY
-3.75,9.09000015258789,1.7300000190734863,0.0,0.0,1.0,1021.734619140625,23.920000076293945,8.760490417480469,-2.6292800903320312,374007488,1267770112,9.600000381469727,0.2675110995769501,88.77999877929688,12,1,65.69999694824219,58.02000045776367,-64.25,139.22999572753906,0.0,106306,106328,106323,106323,0,106328,STANDBY
-3.869999885559082,8.470000267028809,1.6399999856948853,2.0999999046325684,-4.0,3.0999999046325684,1021.62060546875,23.84000015258789,9.684833526611328,1.2751587629318237,374007488,1267770112,9.600000381469727,0.2675110995769501,88.77999877929688,12,1,64.76000213623047,59.27000045776367,-65.31999969482422,140.55999755859375,0.0,106406,106428,106420,106420,0,106428,STANDBY
-3.1600000858306885,8.960000038146973,1.6699999570846558,1.399999976158142,-1.0,35.70000076293945,1021.5172729492188,23.770000457763672,10.523492813110352,3.4998116493225098,374007488,1267770112,9.600000381469727,0.2675110995769501,88.77999877929688,12,1,67.79000091552734,56.08000183105469,-62.13999938964844,137.1999969482422,0.0,106506,106528,106516,106516,0,106528,STANDBY
-2.8399999141693115,9.289999961853027,1.6699999570846558,0.20000000298023224,-0.20000000298023224,4.699999809265137,1021.4857788085938,23.760000228881836,10.777947425842285,3.0541341304779053,374007488,1267770112,9.600000381469727,0.2675110995769501,88.77999877929688,12,1,69.62999725341797,53.709999084472656,-59.65999984741211,134.60000610351562,0.0,106606,106628,106612,106612,0,106628,STANDBY
-3.309999942779541,9.289999961853027,1.7300000190734863,-0.6000000238418579,0.30000001192092896,-16.5,1021.5714721679688,23.809999465942383,10.082093238830566,-0.2720874845981598,374007488,1267770112,9.600000381469727,0.2675110995769501,88.77999877929688,12,1,68.63999938964844,55.09000015258789,-61.130001068115234,136.05999755859375,0.0,106706,106729,106725,106726,0,106729,STANDBY
-3.559999942779541,9.100000381469727,1.7000000476837158,-0.10000000149011612,0.30000001192092896,-5.400000095367432,1021.6486206054688,23.860000610351562,9.456343650817871,-2.176534652709961,374007488,1267770112,9.600000381469727,0.2675110995769501,88.77999877929688,12,1,67.45999908447266,56.560001373291016,-62.709999084472656,137.61000061035156,0.0,106806,106829,106821,106821,0,106829,STANDBY
-3.4200000762939453,9.210000038146973,1.7100000381469727,0.10000000149011612,-0.20000000298023224,4.699999809265137,1021.5445556640625,23.790000915527344,10.300196647644043,1.3073474168777466,374007488,1267770112,9.600000381469727,0.2675110995769501,88.77999877929688,12,1,67.70999908447266,56.29999923706055,-62.400001525878906,137.25,0.0,106906,106929,106917,106917,0,106929,STANDBY
-3.3299999237060547,9.15999984741211,1.7300000190734863,0.0,0.30000001192092896,1.2000000476837158,1021.443603515625,23.729999542236328,11.120680809020996,3.462251663208008,374007488,1267770112,9.600000381469727,0.2675110995769501,88.77999877929688,12,1,67.87000274658203,56.099998474121094,-62.2400016784668,137.00999450683594,0.0,107006,107029,107014,107014,0,107029,STANDBY
-3.430000066757202,8.970000267028809,1.7599999904632568,-0.10000000149011612,0.0,1.0,1021.3473510742188,23.670000076293945,11.90221881866455,4.716762542724609,374007488,1267770112,9.600000381469727,0.2675110995769501,88.77999877929688,12,1,67.83000183105469,56.18000030517578,-62.27000045776367,136.99000549316406,0.0,107106,107129,107126,107126,0,107129,STANDBY
-3.2899999618530273,9.140000343322754,1.690000057220459,0.10000000149011612,-0.20000000298023224,2.799999952316284,1021.43701171875,23.729999542236328,11.17261028289795,0.6839807629585266,374007488,1267770112,9.600000381469727,0.1183222085237503,88.77999877929688,12,1,68.16000366210938,55.86000061035156,-61.83000183105469,136.52000427246094,0.0,107206,107229,107223,107223,0,107229,STANDBY
-3.799999952316284,9.3100004196167,1.7200000286102295,0.5,-2.5999999046325684,40.29999923706055,1021.5284423828125,23.790000915527344,10.432616233825684,-1.9302332401275635,374007488,1267770112,9.600000381469727,0.1183222085237503,88.77999877929688,12,1,69.41000366210938,54.41999816894531,-59.9900016784668,134.69000244140625,0.0,107307,107329,107319,107319,0,107329,STANDBY
-2.2300000190734863,9.5,1.6699999570846558,2.9000000953674316,-3.799999952316284,92.9000015258789,1021.4386596679688,23.729999542236328,11.159627914428711,1.0910881757736206,374007488,1267770112,9.600000381469727,0.1183222085237503,88.77999877929688,12,1,75.30999755859375,42.5099983215332,-46.86000061035156,121.27999877929688,0.0,107407,107429,107415,107415,0,107429,STANDBY
-0.25,9.630000114440918,1.559999942779541,3.9000000953674316,-2.200000047683716,110.0999984741211,1021.3562622070312,23.68000030517578,11.829517364501953,2.841942548751831,374007488,1267770112,9.600000381469727,0.1183222085237503,88.77999877929688,12,1,80.2699966430664,-6.889999866485596,7.130000114440918,66.83999633789062,0.0,107507,107529,107527,107528,0,107529,STANDBY
1.440000057220459,9.420000076293945,1.5099999904632568,4.699999809265137,-1.600000023841858,145.6999969482422,1021.2767333984375,23.6299991607666,12.473442077636719,3.8794021606445312,374007488,1267770112,9.600000381469727,0.1183222085237503,88.77999877929688,12,1,72.73999786376953,-62.29999923706055,56.959999084472656,16.8799991607666,0.0,107607,107629,107623,107623,0,107629,STANDBY
3.9600000381469727,8.239999771118164,1.4199999570846558,3.299999952316284,-0.6000000238418579,165.89999389648438,1021.3657836914062,23.690000534057617,11.751623153686523,0.1729969084262848,374007488,1267770112,9.600000381469727,0.1183222085237503,88.77999877929688,12,1,57.369998931884766,-82.08999633789062,73.3499984741211,0.699999988079071,0.0,107707,107729,107719,107725,0,107729,STANDBY
6.849999904632568,6.179999828338623,1.2799999713897705,-2.200000047683716,1.0,216.6999969482422,1021.4519653320312,23.75,11.053173065185547,-2.1243224143981934,374007488,1267770112,9.600000381469727,0.1183222085237503,88.77999877929688,12,1,37.310001373291016,-89.94000244140625,79.4000015258789,-4.309999942779541,0.0,107807,107829,107815,107815,0,107829,STANDBY
8.979999542236328,3.809999942779541,1.409999966621399,-8.399999618530273,-4.900000095367432,33.900001525878906,1021.3638916015625,23.700000762939453,11.767202377319336,0.9253274202346802,374007488,1267770112,9.600000381469727,0.1183222085237503,88.77999877929688,12,1,18.940000534057617,-92.36000061035156,82.33000183105469,-3.2100000381469727,0.0,107907,107929,107927,107927,0,107929,STANDBY
8.210000038146973,5.869999885559082,1.5700000524520874,-2.5,-0.8999999761581421,-36.29999923706055,1021.2815551757812,23.649999618530273,12.434494972229004,2.727545976638794,374007488,1267770112,9.600000381469727,0.1183222085237503,88.77999877929688,12,1,19.969999313354492,-91.30000305175781,82.63999938964844,-0.3700000047683716,0.0,108007,108029,108023,108023,0,108029,STANDBY
8.40999984741211,4.909999847412109,1.4500000476837158,-2.0,-1.100000023841858,11.100000381469727,1021.2062377929688,23.600000381469727,13.047262191772461,3.70648455619812,374007488,1267770112,9.600000381469727,0.1183222085237503,88.77999877929688,12,1,19.670000076293945,-91.22000122070312,82.81999969482422,1.2799999713897705,0.0,108107,108129,108120,108120,0,108129,STANDBY
8.359999656677246,5.059999942779541,1.4600000381469727,-5.0,-4.900000095367432,4.199999809265137,1021.3023681640625,23.670000076293945,12.265724182128906,-0.12877140939235687,374007488,1267770112,9.600000381469727,0.2675110995769501,88.77999877929688,12,1,18.8799991607666,-90.83000183105469,83.16000366210938,3.140000104904175,0.0,108207,108229,108216,108216,0,108229,STANDBY
8.550000190734863,4.489999771118164,1.4700000286102295,-9.399999618530273,-8.600000381469727,17.100000381469727,1021.390380859375,23.729999542236328,11.551694869995117,-2.367307424545288,374007488,1267770112,9.5,0.2675110995769501,88.77999877929688,12,1,16.6299991607666,-90.33000183105469,83.91000366210938,5.550000190734863,0.0,108307,108329,108327,108327,0,108329,STANDBY
8.699999809265137,4.320000171661377,1.3200000524520874,-16.299999237060547,-14.100000381469727,-2.9000000953674316,1021.29736328125,23.670000076293945,12.307268142700195,0.9027577638626099,374007488,1267770112,9.5,0.2675110995769501,88.77999877929688,12,1,16.0,-88.87999725341797,84.73999786376953,8.270000457763672,0.0,108407,108429,108424,108423,0,108429,STANDBY
8.890000343322754,4.239999771118164,1.2200000286102295,-8.699999809265137,-7.400000095367432,15.199999809265137,1021.204345703125,23.610000610351562,13.062840461730957,2.995596408843994,374007488,1267770112,9.5,0.2675110995769501,88.77999877929688,12,1,15.300000190734863,-87.73999786376953,85.43000030517578,10.5600004196167,0.0,108507,108529,108519,108518,0,108529,STANDBY
8.920000076293945,3.4700000286102295,1.190000057220459,-3.200000047683716,0.0,-32.400001525878906,1021.12109375,23.559999465942383,13.737922668457031,4.077445030212402,374007488,1267770112,9.5,0.2675110995769501,88.77999877929688,12,1,15.880000114440918,-87.19000244140625,85.47000122070312,12.050000190734863,0.0,108607,108630,108615,108615,0,108630,STANDBY
7.429999828338623,6.28000020980835,1.2599999904632568,0.30000001192092896,0.0,-37.79999923706055,1021.217529296875,23.6299991607666,12.953788757324219,0.10033626854419708,374007488,1267770112,9.5,0.2675110995769501,88.77999877929688,12,1,23.950000762939453,-85.68000030517578,84.5999984741211,13.649999618530273,0.0,108707,108730,108728,108730,0,108730,STANDBY
8.529999732971191,4.710000038146973,1.2400000095367432,0.10000000149011612,-1.399999976158142,43.20000076293945,1021.3109130859375,23.690000534057617,12.198216438293457,-2.3062076568603516,374007488,1267770112,9.5,0.2675110995769501,88.77999877929688,12,1,22.649999618530273,-86.08000183105469,84.3499984741211,14.010000228881836,0.0,108808,108830,108824,108824,0,108830,STANDBY
8.569999694824219,4.679999828338623,1.25,-0.20000000298023224,-0.20000000298023224,-8.199999809265137,1021.2181396484375,23.6299991607666,12.948596000671387,0.9252416491508484,374007488,1267770112,9.5,0.2675110995769501,88.77999877929688,12,1,21.450000762939453,-86.27999877929688,84.31999969482422,14.75,0.0,108908,108930,108921,108921,0,108930,STANDBY
8.319999694824219,5.059999942779541,1.2999999523162842,-1.5,-1.100000023841858,-2.4000000953674316,1021.1331176757812,23.56999969482422,13.639257431030273,2.8022713661193848,374007488,1267770112,9.5,0.2675110995769501,88.77999877929688,12,1,22.809999465942383,-86.02999877929688,84.08000183105469,15.680000305175781,0.0,109008,109030,109018,109018,0,109030,STANDBY
8.510000228881836,4.769999980926514,1.2799999713897705,-1.100000023841858,-1.0,3.200000047683716,1021.0548706054688,23.530000686645508,14.275392532348633,3.8290863037109375,374007488,1267770112,9.5,0.2675110995769501,88.77999877929688,12,1,23.030000686645508,-85.88999938964844,83.9000015258789,16.600000381469727,0.0,109108,109130,109130,109130,0,109130,STANDBY
8.4399995803833,4.889999866485596,1.2699999809265137,-0.6000000238418579,-0.5,-0.4000000059604645,1021.1531982421875,23.59000015258789,13.478276252746582,-0.10015678405761719,374007488,1267770112,9.5,0.11317776888608932,88.77999877929688,12,1,23.6299991607666,-85.81999969482422,83.66000366210938,17.229999542236328,0.0,109208,109230,109227,109227,0,109230,STANDBY
8.470000267028809,4.860000133514404,1.2699999809265137,-0.20000000298023224,-0.4000000059604645,-0.6000000238418579,1021.2485961914062,23.649999618530273,12.701931953430176,-2.5484020709991455,374007488,1267770112,9.399999618530273,0.11317776888608932,88.77999877929688,12,1,23.979999542236328,-85.77999877929688,83.51000213623047,17.8799991607666,0.0,109308,109330,109323,109323,0,109330,STANDBY
8.460000038146973,4.829999923706055,1.2699999809265137,-0.20000000298023224,-0.20000000298023224,-0.20000000298023224,1021.1571655273438,23.59000015258789,13.4445219039917,0.7453104257583618,374007488,1267770112,9.399999618530273,0.11317776888608932,88.77999877929688,12,1,24.3700008392334,-85.75,83.33999633789062,18.510000228881836,0.0,109408,109430,109419,109419,0,109430,STANDBY
8.4399995803833,4.840000152587891,1.2699999809265137,-0.10000000149011612,-0.10000000149011612,-0.10000000149011612,1021.078125,23.540000915527344,14.08584976196289,2.529247999191284,374007488,1267770112,9.399999618530273,0.11317776888608932,88.77999877929688,12,1,24.75,-85.7300033569336,83.16999816894531,19.1200008392334,0.0,109508,109530,109516,109516,0,109530,STANDBY
8.470000267028809,4.849999904632568,1.2400000095367432,0.0,-0.10000000149011612,-0.20000000298023224,1020.997314453125,23.489999771118164,14.742756843566895,3.7208213806152344,374007488,1267770112,9.399999618530273,0.11317776888608932,88.77999877929688,12,1,25.1200008392334,-85.70999908447266,83.0199966430664,19.799999237060547,0.0,109608,109630,109628,109628,0,109630,STANDBY
8.449999809265137,4.849999904632568,1.2599999904632568,0.0,0.0,-0.10000000149011612,1021.1046752929688,23.559999465942383,13.870343208312988,-0.4103979170322418,374007488,1267770112,9.399999618530273,0.11317776888608932,88.77999877929688,12,1,25.329999923706055,-85.69999694824219,82.93000030517578,20.450000762939453,0.0,109708,109730,109725,109726,0,109730,STANDBY
8.460000038146973,4.849999904632568,1.2699999809265137,0.0,-0.10000000149011612,0.10000000149011612,1021.2017211914062,23.6200008392334,13.083612442016602,-2.7801930904388428,374007488,1267770112,9.399999618530273,0.11317776888608932,88.77999877929688,12,1,25.600000381469727,-85.69000244140625,82.81999969482422,21.020000457763672,0.0,109808,109830,109821,109821,0,109830,STANDBY
8.449999809265137,4.840000152587891,1.2699999809265137,0.0,-0.10000000149011612,0.0,1021.1218872070312,23.56999969482422,13.730134010314941,0.2895454466342926,374007488,1267770112,9.399999618530273,0.11317776888608932,88.77999877929688,12,1,25.940000534057617,-85.69000244140625,82.68000030517578,21.530000686645508,0.0,109908,109930,109918,109918,0,109930,STANDBY
8.470000267028809,4.849999904632568,1.2799999713897705,0.0,0.0,0.20000000298023224,1021.0427856445312,23.520000457763672,14.374058723449707,2.24586820602417,374007488,1267770112,9.399999618530273,0.11317776888608932,88.77999877929688,12,1,26.030000686645508,-85.66999816894531,82.6500015258789,22.170000076293945,0.0,110016,110030,110015,110016,0,110030,STANDBY
8.470000267028809,4.849999904632568,1.2699999809265137,0.0,-0.10000000149011612,0.0,1020.9657592773438,23.469999313354492,14.997211456298828,3.4314446449279785,374007488,1267770112,9.399999618530273,0.11317776888608932,88.77999877929688,12,1,26.40999984741211,-85.66999816894531,82.47000122070312,22.690000534057617,0.0,110116,110130,110128,110128,0,110130,STANDBY
8.449999809265137,4.840000152587891,1.2599999904632568,0.0,0.0,0.10000000149011612,1021.0750732421875,23.540000915527344,14.111814498901367,-0.6371456384658813,374007488,1267770112,9.399999618530273,0.14918887615203857,88.77999877929688,12,1,26.579999923706055,-85.66999816894531,82.41000366210938,23.239999771118164,0.0,110216,110230,110224,110224,0,110230,STANDBY
8.479999542236328,4.849999904632568,1.25,0.0,0.0,0.10000000149011612,1021.1760864257812,23.600000381469727,13.291330337524414,-3.03332257270813,374007488,1267770112,9.399999618530273,0.14918887615203857,88.77999877929688,12,1,26.670000076293945,-85.66000366210938,82.37000274658203,23.829999923706055,0.0,110316,110330,110321,110320,0,110330,STANDBY
8.470000267028809,4.849999904632568,1.2699999809265137,0.0,-0.10000000149011612,0.10000000149011612,1021.0919799804688,23.549999237060547,13.974202156066895,0.2438632994890213,374007488,1267770112,9.399999618530273,0.14918887615203857,88.77999877929688,12,1,26.84000015258789,-85.66000366210938,82.30999755859375,24.34000015258789,0.0,110416,110430,110417,110420,0,110430,STANDBY
8.449999809265137,4.840000152587891,1.2599999904632568,-0.10000000149011612,-0.10000000149011612,0.10000000149011612,1021.0145263671875,23.489999771118164,14.602547645568848,2.166778087615967,374007488,1267770112,9.399999618530273,0.14918887615203857,88.77999877929688,12,1,27.18000030517578,-85.6500015258789,82.1500015258789,24.84000015258789,0.0,110516,110530,110530,110530,0,110530,STANDBY
8.479999542236328,4.849999904632568,1.2699999809265137,-0.10000000149011612,-0.20000000298023224,0.10000000149011612,1020.9391479492188,23.450000762939453,15.215314865112305,3.347593069076538,374007488,1267770112,9.399999618530273,0.14918887615203857,88.77999877929688,12,1,27.309999465942383,-85.63999938964844,82.0999984741211,25.350000381469727,0.0,110616,110630,110626,110626,0,110630,STANDBY
8.449999809265137,4.909999847412109,1.2899999618530273,-0.20000000298023224,-0.30000001192092896,0.30000001192092896,1021.0470581054688,23.510000228881836,14.33770751953125,-0.6658838391304016,374007488,1267770112,9.399999618530273,0.14918887615203857,88.77999877929688,12,1,27.579999923706055,-85.61000061035156,81.97000122070312,25.760000228881836,0.0,110727,110732,110723,110727,0,110732,STANDBY
8.390000343322754,4.849999904632568,1.2599999904632568,-0.5,-0.4000000059604645,-0.20000000298023224,1021.1520385742188,23.579999923706055,13.486065864562988,-3.151419162750244,374007488,1267770112,9.399999618530273,0.14918887615203857,88.77999877929688,12,1,27.729999542236328,-85.58000183105469,81.93000030517578,26.219999313354492,0.0,110827,110832,110820,110820,0,110832,STANDBY
8.5,4.809999942779541,1.2599999904632568,-0.4000000059604645,-0.5,0.10000000149011612,1021.0695190429688,23.530000686645508,14.155954360961914,0.1267349272966385,374007488,1267770112,9.399999618530273,0.14918887615203857,88.77999877929688,12,1,27.729999542236328,-85.51000213623047,81.94000244140625,26.84000015258789,0.0,110927,110932,110932,110931,0,110932,STANDBY
8.479999542236328,4.860000133514404,1.2599999904632568,-0.6000000238418579,-0.699999988079071,0.30000001192092896,1020.9921264648438,23.469999313354492,14.784300804138184,2.0918190479278564,374007488,1267770112,9.399999618530273,0.14918887615203857,88.77999877929688,12,1,27.969999313354492,-85.47000122070312,81.83999633789062,27.270000457763672,0.0,111027,111032,111029,111030,0,111032,STANDBY
8.4399995803833,4.880000114440918,1.25,-1.2999999523162842,-1.5,-0.4000000059604645,1020.918701171875,23.420000076293945,15.378891944885254,3.2414557933807373,374007488,1267770112,9.399999618530273,0.14918887615203857,88.77999877929688,12,1,28.280000686645508,-85.3499984741211,81.7300033569336,27.700000762939453,0.0,111127,111132,111125,111125,0,111132,STANDBY
8.470000267028809,4.840000152587891,1.2400000095367432,-2.5999999046325684,-3.0,0.800000011920929,1021.0315551757812,23.5,14.464934349060059,-0.8501325845718384,374007456,1267770112,9.399999618530273,0.06173333153128624,88.77999877929688,12,1,28.360000610351562,-85.11000061035156,81.80000305175781,28.329999923706055,0.0,111227,111232,111221,111221,0,111232,STANDBY
8.470000267028809,4.809999942779541,1.2100000381469727,-3.799999952316284,-4.5,2.0,1021.1342163085938,23.559999465942383,13.631467819213867,-3.2111778259277344,374007456,1267770112,9.5,0.06173333153128624,88.77999877929688,12,1,28.420000076293945,-84.75,81.93000030517578,29.040000915527344,0.0,111327,111332,111318,111318,0,111332,STANDBY
8.470000267028809,4.809999942779541,1.2000000476837158,-4.400000095367432,-7.599999904632568,0.0,1021.0577392578125,23.510000228881836,14.252023696899414,-0.09014682471752167,374007456,1267770112,9.5,0.06173333153128624,88.77999877929688,12,1,28.670000076293945,-84.19999694824219,82.13999938964844,29.8799991607666,0.0,111427,111432,111430,111430,0,111432,STANDBY
8.59000015258789,4.650000095367432,0.7699999809265137,-4.5,-11.199999809265137,13.0,1020.9015502929688,23.450000762939453,15.5191011428833,4.458086967468262,374007456,1267770112,9.5,0.06173333153128624,88.77999877929688,12,1,28.530000686645508,-83.81999969482422,82.75,30.420000076293945,0.0,111527,111532,111526,111522,0,111532,STANDBY
9.069999694824219,4.489999771118164,1.2899999618530273,-8.800000190734863,-17.100000381469727,31.0,1020.9015502929688,23.40999984741211,15.5191011428833,2.8531758785247803,374007456,1267770112,9.5,0.06173333153128624,88.77999877929688,12,1,26.829999923706055,-83.36000061035156,83.79000091552734,31.010000228881836,0.0,111627,111632,111623,111624,0,111632,STANDBY
10.180000305175781,3.9700000286102295,1.1200000047683716,-17.100000381469727,-49.099998474121094,54.900001525878906,1021.1174926757812,23.540000915527344,13.766484260559082,-4.47404146194458,374007456,1267770112,9.5,0.06173333153128624,88.77999877929688,12,1,22.139999389648438,-82.08999633789062,85.91000366210938,32.38999938964844,0.0,111727,111733,111719,111726,0,111733,STANDBY
10.180000305175781,2.9000000953674316,0.5299999713897705,-25.200000762939453,-36.79999923706055,157.60000610351562,1021.03173828125,23.489999771118164,14.4623384475708,-0.07996988296508789,374007456,1267770112,9.5,0.06173333153128624,88.77999877929688,12,1,5.659999847412109,-79.51000213623047,90.66999816894531,36.47999954223633,0.0,111827,111833,111831,111832,0,111833,STANDBY
6.360000133514404,-0.3100000023841858,-1.7400000095367432,-22.600000381469727,0.10000000149011612,296.8999938964844,1020.9462280273438,23.43000030517578,15.155595779418945,2.721848487854004,374007456,1267770112,9.5,0.06173333153128624,88.77999877929688,12,1,-15.119999885559082,-76.36000061035156,95.83999633789062,43.209999084472656,0.0,111927,111933,111926,111926,0,111933,STANDBY
6.340000152587891,-4.460000038146973,-0.6399999856948853,-3.9000000953674316,10.800000190734863,336.79998779296875,1020.8507080078125,23.3700008392334,15.931940078735352,4.847360134124756,374007456,1267770112,9.5,0.06173333153128624,88.77999877929688,12,1,-45.939998626708984,-72.02999877929688,100.62999725341797,54.380001068115234,0.0,112027,112033,112022,112022,0,112033,STANDBY
2.5999999046325684,-9.8100004196167,-0.05999999865889549,24.700000762939453,-49.70000076293945,157.0,1020.9609375,23.440000534057617,15.036158561706543,-0.41055822372436523,374007456,1267770112,9.5,0.06173333153128624,88.77999877929688,12,1,-71.62000274658203,-69.54000091552734,117.43000030517578,73.66999816894531,0.0,112128,112133,112119,112118,0,112133,STANDBY
1.5800000429153442,-9.539999961853027,-0.6100000143051147,35.29999923706055,-65.0,-98.5,1021.06591796875,23.510000228881836,14.184515953063965,-3.669327735900879,374007488,1267770112,9.5,0.34467777609825134,31.049999237060547,12,1,-73.30999755859375,-80.43000030517578,122.55000305175781,73.81999969482422,0.0,112228,112234,112232,112231,0,112234,STANDBY
5.199999809265137,-9.319999694824219,0.6299999952316284,4.699999809265137,1.399999976158142,-93.4000015258789,1020.9559326171875,23.43000030517578,15.077701568603516,1.2243726253509521,374007488,1267770112,9.899999618530273,0.34467777609825134,31.049999237060547,12,1,-65.04000091552734,-88.47000122070312,111.16000366210938,62.02000045776367,0.0,112328,112334,112328,112331,0,112334,STANDBY
3.440000057220459,-10.079999923706055,0.10999999940395355,4.099999904632568,-4.300000190734863,-11.600000381469727,1020.8379516601562,23.360000610351562,16.035799026489258,4.615988254547119,374007488,1267770112,9.899999618530273,0.34467777609825134,31.049999237060547,12,1,-62.2400016784668,-89.44999694824219,110.6500015258789,64.76000213623047,0.0,112428,112434,112425,112425,0,112434,STANDBY
6.019999980926514,-9.1899995803833,0.15000000596046448,-17.399999618530273,-0.6000000238418579,-102.5999984741211,1020.7302856445312,23.290000915527344,16.910808563232422,6.454270839691162,374007488,1267770112,9.899999618530273,0.34467777609825134,31.049999237060547,12,1,-51.970001220703125,-86.31999969482422,108.11000061035156,66.41000366210938,0.0,112528,112534,112522,112522,0,112534,STANDBY
7.579999923706055,-6.239999771118164,-0.27000001072883606,-30.200000762939453,13.199999809265137,-96.0,1020.8515625,23.3700008392334,15.924150466918945,0.18410110473632812,374007488,1267770112,9.899999618530273,0.34467777609825134,31.049999237060547,12,1,-42.439998626708984,-83.51000213623047,105.55000305175781,69.77999877929688,0.0,112628,112634,112634,112634,0,112634,STANDBY
9.380000114440918,-3.6500000953674316,-0.20000000298023224,-17.299999237060547,2.0,-113.69999694824219,1020.9625244140625,23.43000030517578,15.023176193237305,-3.486072301864624,374007488,1267770112,9.899999618530273,0.34467777609825134,31.049999237060547,12,1,-30.530000686645508,-81.52999877929688,103.26000213623047,70.16999816894531,0.0,112728,112735,112732,112732,0,112735,STANDBY
9.270000457763672,-2.0799999237060547,-0.5600000023841858,-7.599999904632568,1.5,-105.19999694824219,1020.8826293945312,23.3799991607666,15.672293663024902,0.3653833866119385,374007488,1267770112,9.899999618530273,0.34467777609825134,31.049999237060547,12,1,-18.450000762939453,-81.43000030517578,101.01000213623047,68.30999755859375,0.0,112828,112835,112828,112831,0,112835,STANDBY
9.470000267028809,-2.890000104904175,-0.41999998688697815,1.0,-0.30000001192092896,16.100000381469727,1020.8045043945312,23.329999923706055,16.305831909179688,2.767998456954956,374007488,1267770112,9.899999618530273,0.34467777609825134,31.049999237060547,12,1,-14.949999809265137,-81.5199966430664,99.55999755859375,67.87999725341797,0.0,112928,112935,112924,112924,0,112935,STANDBY
9.369999885559082,-3.180000066757202,-0.4099999964237213,0.0,-0.10000000149011612,1.399999976158142,1020.7301025390625,23.280000686645508,16.910808563232422,4.14397668838501,374007488,1267770112,9.899999618530273,0.34467777609825134,31.049999237060547,12,1,-16.270000457763672,-81.5199966430664,98.55999755859375,68.19000244140625,0.0,113029,113035,113020,113020,0,113035,STANDBY
9.470000267028809,-2.8399999141693115,-0.41999998688697815,0.0,0.0,-2.0999999046325684,1020.8529663085938,23.350000381469727,15.913764953613281,-1.336029291152954,374007520,1267770112,9.899999618530273,0.22121109068393707,31.049999237060547,12,1,-16.1299991607666,-81.56999969482422,97.47000122070312,68.33999633789062,0.0,113129,113135,113133,113132,0,113135,STANDBY
9.430000305175781,-2.990000009536743,-0.4300000071525574,-0.10000000149011612,0.0,-0.8999999761581421,1020.9651489257812,23.420000076293945,15.00240421295166,-4.50050163269043,374007520,1267770112,9.899999618530273,0.22121109068393707,31.049999237060547,12,1,-16.3799991607666,-81.58999633789062,96.68000030517578,68.58999633789062,0.0,113229,113235,113229,113228,0,113235,STANDBY
9.430000305175781,-3.009999990463257,-0.4399999976158142,0.0,0.0,1.399999976158142,1020.94384765625,23.399999618530273,15.17636775970459,-2.184467077255249,374007520,1267770112,9.800000190734863,0.22121109068393707,31.049999237060547,12,1,-16.6200008392334,-81.61000061035156,96.0199966430664,68.93000030517578,0.0,113330,113335,113326,113326,0,113335,STANDBY
9.420000076293945,-3.009999990463257,-0.4300000071525574,0.0,0.0,1.7000000476837158,1020.85546875,23.34000015258789,15.892992973327637,1.4684418439865112,374007520,1267770112,9.800000190734863,0.22121109068393707,31.049999237060547,12,1,-16.81999969482422,-81.62000274658203,95.33999633789062,69.01000213623047,0.0,113430,113435,113422,113422,0,113435,STANDBY
9.399999618530273,-3.059999942779541,-0.41999998688697815,0.0,0.0,2.200000047683716,1020.7769775390625,23.290000915527344,16.53172492980957,3.4947307109832764,374007520,1267770112,9.800000190734863,0.22121109068393707,31.049999237060547,12,1,-17.190000534057617,-81.63999938964844,94.7300033569336,69.36000061035156,0.0,113530,113536,113533,113533,0,113536,STANDBY
9.420000076293945,-3.059999942779541,-0.41999998688697815,0.0,-0.20000000298023224,3.200000047683716,1020.8942260742188,23.3700008392334,15.57882022857666,-1.57499098777771,374007520,1267770112,9.800000190734863,0.22121109068393707,31.049999237060547,12,1,-17.489999771118164,-81.6500015258789,94.2699966430664,69.63999938964844,0.0,113630,113636,113630,113630,0,113636,STANDBY
9.390000343322754,-3.130000114440918,-0.4099999964237213,-0.10000000149011612,0.0,7.0,1021.0027465820312,23.43000030517578,14.698616981506348,-4.528807163238525,374007520,1267770112,9.800000190734863,0.22121109068393707,31.049999237060547,12,1,-18.06999969482422,-81.63999938964844,93.8499984741211,69.91000366210938,0.0,113730,113736,113726,113726,0,113736,STANDBY
9.319999694824219,-3.3299999237060547,-0.4099999964237213,0.0,0.0,9.199999809265137,1021.0634155273438,23.469999313354492,14.20528793334961,-4.871752738952637,374007520,1267770112,9.800000190734863,0.22121109068393707,31.049999237060547,12,1,-19.0,-81.62000274658203,93.45999908447266,70.16000366210938,0.0,113830,113836,113822,113822,0,113836,STANDBY
9.289999961853027,-3.4800000190734863,-0.4099999964237213,0.10000000149011612,0.0,9.300000190734863,1020.9706420898438,23.399999618530273,14.958264350891113,-0.10601615905761719,374007520,1267770112,9.800000190734863,0.22121109068393707,31.049999237060547,12,1,-20.110000610351562,-81.58000183105469,93.08000183105469,70.45999908447266,0.0,113930,113936,113935,113935,0,113936,STANDBY
9.210000038146973,-3.619999885559082,-0.41999998688697815,0.20000000298023224,0.0,9.300000190734863,1020.8842163085938,23.34000015258789,15.659311294555664,2.736337423324585,374007520,1267770112,9.800000190734863,0.22121109068393707,31.049999237060547,12,1,-21.100000381469727,-81.56999969482422,92.83000183105469,70.73999786376953,0.0,114030,114036,114031,114033,0,114036,STANDBY
9.1899995803833,-3.700000047683716,-0.41999998688697815,0.10000000149011612,0.0,13.199999809265137,1020.994873046875,23.40999984741211,14.760931968688965,-1.8422613143920898,374007520,1267770112,9.800000190734863,0.22121109068393707,31.049999237060547,12,1,-22.18000030517578,-81.55000305175781,92.56999969482422,70.95999908447266,0.0,114130,114136,114127,114127,0,114136,STANDBY
9.039999961853027,-4.119999885559082,-0.4000000059604645,0.6000000238418579,0.30000001192092896,19.299999237060547,1021.1010131835938,23.479999542236328,13.901500701904297,-4.616772651672363,374007520,1267770112,9.800000190734863,0.1440444439649582,31.049999237060547,12,1,-24.020000457763672,-81.5199966430664,92.4800033569336,71.47000122070312,0.0,114230,114236,114224,114224,0,114236,STANDBY
9.0,-4.21999979019165,-0.4000000059604645,0.0,0.0,-1.600000023841858,1021.1939086914062,23.530000686645508,13.145928382873535,-5.977024078369141,374007520,1267770112,9.800000190734863,0.1440444439649582,31.049999237060547,12,1,-25.1299991607666,-81.47000122070312,92.37999725341797,72.08000183105469,0.0,114330,114336,114336,114336,0,114336,STANDBY
8.899999618530273,-4.409999847412109,-0.3799999952316284,0.5,0.10000000149011612,9.600000381469727,1021.0892333984375,23.459999084472656,13.994973182678223,-0.42911648750305176,374007520,1267770112,9.800000190734863,0.1440444439649582,31.049999237060547,12,1,-25.549999237060547,-81.5,92.2300033569336,72.3499984741211,0.0,114430,114436,114433,114434,0,114436,STANDBY
9.020000457763672,-3.990000009536743,-0.4099999964237213,1.2999999523162842,1.7000000476837158,-19.399999618530273,1020.98486328125,23.389999389648438,14.844018936157227,3.1215484142303467,374007520,1267770112,9.800000190734863,0.1440444439649582,31.049999237060547,12,1,-25.06999969482422,-81.58999633789062,91.97000122070312,72.62000274658203,0.0,114530,114536,114529,114529,0,114536,STANDBY
9.359999656677246,-3.9000000953674316,-0.1599999964237213,10.399999618530273,-2.200000047683716,-10.800000190734863,1021.0914306640625,23.459999084472656,13.979394912719727,-1.4607049226760864,374007520,1267770112,9.800000190734863,0.1440444439649582,31.049999237060547,12,1,-23.530000686645508,-82.37999725341797,91.30999755859375,71.94000244140625,0.0,114630,114636,114625,114625,0,114636,STANDBY
9.210000038146973,-3.2100000381469727,-0.18000000715255737,11.600000381469727,-3.0,-23.700000762939453,1021.18798828125,23.510000228881836,13.195261001586914,-4.009886264801025,374007520,1267770112,9.800000190734863,0.1440444439649582,31.049999237060547,12,1,-21.059999465942383,-83.61000061035156,91.08000183105469,71.02999877929688,0.0,114731,114736,114721,114726,0,114736,STANDBY
9.149999618530273,-2.869999885559082,-0.27000001072883606,7.0,2.0,-10.199999809265137,1021.28173828125,23.56999969482422,12.434494972229004,-5.609391212463379,374007520,1267770112,9.800000190734863,0.1440444439649582,31.049999237060547,12,1,-19.989999771118164,-84.69000244140625,90.81999969482422,70.54000091552734,0.0,114831,114836,114834,114834,0,114836,STANDBY
8.489999771118164,-1.0399999618530273,-0.10999999940395355,18.899999618530273,7.900000095367432,-40.79999923706055,1021.1871948242188,23.510000228881836,13.200453758239746,-0.5862503051757812,374007520,1267770112,9.800000190734863,0.1440444439649582,31.049999237060547,12,1,-16.799999237060547,-85.95999908447266,90.04000091552734,70.16999816894531,0.0,114932,114936,114931,114930,0,114936,STANDBY
9.40999984741211,-3.9100000858306885,-0.019999999552965164,1.899999976158142,0.30000001192092896,-6.5,1021.0941162109375,23.440000534057617,13.956027030944824,2.647092819213867,374007520,1267770112,9.800000190734863,0.1440444439649582,31.049999237060547,12,1,-17.56999969482422,-86.91999816894531,89.55000305175781,70.27999877929688,0.0,115032,115036,115027,115025,0,115036,STANDBY
9.670000076293945,-2.880000114440918,0.05000000074505806,-3.0,0.0,-20.399999618530273,1021.1947021484375,23.5,13.140734672546387,-1.5670299530029297,374007584,1267770112,9.800000190734863,0.6379110813140869,34.5,12,1,-16.260000228881836,-86.77999877929688,89.5,71.06999969482422,0.0,115132,115136,115124,115124,0,115136,STANDBY
9.5600004196167,-2.1500000953674316,0.0,-1.2000000476837158,-0.10000000149011612,-8.100000381469727,1021.2867431640625,23.559999465942383,12.392951965332031,-3.994029998779297,374007584,1267770112,9.800000190734863,0.6379110813140869,34.5,12,1,-14.100000381469727,-86.51000213623047,89.56999969482422,72.02999877929688,0.0,115232,115236,115236,115236,0,115236,STANDBY
9.680000305175781,-2.4000000953674316,0.03999999910593033,-2.799999952316284,1.2000000476837158,-2.5,1021.3782958984375,23.6200008392334,11.650361061096191,-5.526542663574219,374007584,1267770112,10.100000381469727,0.6379110813140869,34.5,12,1,-13.960000038146973,-86.31999969482422,89.48999786376953,72.80000305175781,0.0,115332,115336,115333,115335,0,115336,STANDBY
9.680000305175781,-2.109999895095825,0.0,-5.900000095367432,1.2000000476837158,-22.200000762939453,1021.273193359375,23.540000915527344,12.50200366973877,-0.1304168701171875,374007584,1267770112,10.100000381469727,0.6379110813140869,34.5,12,1,-12.569999694824219,-85.87999725341797,89.27999877929688,73.47000122070312,0.0,115432,115436,115428,115427,0,115436,STANDBY
9.8100004196167,-1.6799999475479126,0.0,-4.199999809265137,0.699999988079071,-35.5,1021.16748046875,23.469999313354492,13.361434936523438,3.3542582988739014,374007584,1267770112,10.100000381469727,0.6379110813140869,34.5,12,1,-10.289999961853027,-85.33999633789062,89.08999633789062,74.20999908447266,0.0,115532,115536,115523,115523,0,115536,STANDBY
9.850000381469727,-1.7699999809265137,-0.10999999940395355,4.300000190734863,-2.4000000953674316,-31.5,1021.26025390625,23.530000686645508,12.608458518981934,-0.865180253982544,374007584,1267770112,10.100000381469727,0.6379110813140869,34.5,12,1,-5.070000171661377,-85.56999969482422,88.73999786376953,73.83999633789062,0.0,115632,115636,115634,115635,0,115636,STANDBY
10.109999656677246,-0.25,-0.029999999329447746,0.30000001192092896,-5.5,-74.69999694824219,1021.3492431640625,23.59000015258789,11.886639595031738,-3.440991163253784,374007584,1267770112,10.100000381469727,0.6379110813140869,34.5,12,1,-0.6499999761581421,-85.55000305175781,88.51000213623047,73.43000030517578,0.0,115732,115736,115729,115729,0,115736,STANDBY
9.1899995803833,2.5899999141693115,-0.18000000715255737,8.600000381469727,-0.8999999761581421,-111.5,1021.4324951171875,23.639999389648438,11.211557388305664,-4.902563095092773,374007584,1267770112,10.100000381469727,0.6379110813140869,34.5,12,1,9.539999961853027,-86.08999633789062,87.91999816894531,71.95999908447266,0.0,115832,115836,115824,115824,0,115836,STANDBY
10.979999542236328,1.3799999952316284,-0.1599999964237213,2.5,2.799999952316284,-47.400001525878906,1021.3121948242188,23.559999465942383,12.187830924987793,0.767453670501709,374007584,1267770112,10.100000381469727,0.6379110813140869,34.5,12,1,19.690000534057617,-86.80000305175781,85.9000015258789,69.91000366210938,0.0,115933,115936,115937,115936,0,115936,STANDBY
9.3100004196167,3.109999895095825,-0.1599999964237213,1.5,0.8999999761581421,9.600000381469727,1021.1981811523438,23.479999542236328,13.112174034118652,4.18854284286499,374007584,1267770112,10.100000381469727,0.6379110813140869,34.5,12,1,21.889999389648438,-87.08999633789062,84.76000213623047,67.63999938964844,0.0,116033,116037,116033,116032,0,116037,STANDBY
8.90999984741211,3.75,-0.10999999940395355,1.5,0.10000000149011612,-35.20000076293945,1021.2871704101562,23.540000915527344,12.390355110168457,-0.20660805702209473,374007584,1267770112,10.100000381469727,0.6379110813140869,34.5,12,1,23.670000076293945,-87.2300033569336,83.8499984741211,65.87999725341797,0.0,116133,116137,116129,116128,0,116137,STANDBY
8.779999732971191,4.420000076293945,0.0,0.10000000149011612,-2.0,-45.70000076293945,1021.3735961914062,23.59000015258789,11.689308166503906,-2.9364168643951416,374007584,1267770112,10.100000381469727,0.19548887014389038,34.5,12,1,28.6299991607666,-87.33000183105469,82.66999816894531,64.83999633789062,0.0,116233,116237,116226,116225,0,116237,STANDBY
8.149999618530273,5.539999961853027,-0.20999999344348907,6.5,4.699999809265137,-97.0999984741211,1021.4579467773438,23.649999618530273,11.003840446472168,-4.621177673339844,374007584,1267770112,10.5,0.19548887014389038,34.5,11,1,37.09000015258789,-87.94999694824219,80.7300033569336,63.56999969482422,0.0,116333,116337,116322,116322,0,116337,STANDBY
7.730000019073486,6.03000020980835,-0.10999999940395355,-0.800000011920929,-2.5999999046325684,-24.5,1021.3373413085938,23.56999969482422,11.982708930969238,0.9579203128814697,374007584,1267770112,10.5,0.19548887014389038,34.5,11,1,44.15999984741211,-88.45999908447266,78.41999816894531,62.59000015258789,0.0,116433,116438,116434,116436,0,116438,STANDBY
7.260000228881836,6.829999923706055,-0.17000000178813934,3.0,-1.399999976158142,-56.099998474121094,1021.2268676757812,23.489999771118164,12.878491401672363,4.1961989402771,374007584,1267770112,10.5,0.19548887014389038,34.5,11,1,48.650001525878906,-88.69999694824219,76.80999755859375,61.900001525878906,0.0,116533,116538,116531,116528,0,116538,STANDBY
6.880000114440918,8.069999694824219,0.019999999552965164,7.300000190734863,16.700000762939453,-76.69999694824219,1021.3192138671875,23.549999237060547,12.130707740783691,-0.30556726455688477,374007584,1267770112,10.5,0.19548887014389038,34.5,11,1,58.88999938964844,-90.43000030517578,73.1500015258789,62.779998779296875,0.0,116633,116638,116627,116627,0,116638,STANDBY
5.949999809265137,8.020000457763672,-0.25,3.0999999046325684,1.600000023841858,-36.29999923706055,1021.404541015625,23.600000381469727,11.437450408935547,-2.968592405319214,374007584,1267770112,10.5,0.19548887014389038,34.5,11,1,63.83000183105469,-91.52999877929688,70.25,63.45000076293945,0.0,116733,116738,116723,116727,0,116738,STANDBY
4.96999979019165,8.579999923706055,-0.18000000715255737,4.300000190734863,-5.199999809265137,-11.600000381469727,1021.4880981445312,23.649999618530273,10.759772300720215,-4.610611438751221,374007584,1267770112,10.5,0.19548887014389038,34.5,11,1,66.0,-92.31999969482422,70.08000183105469,62.20000076293945,0.0,116833,116838,116836,116837,0,116838,STANDBY
4.800000190734863,8.569999694824219,-0.3499999940395355,6.099999904632568,-1.7000000476837158,-31.5,1021.3694458007812,23.56999969482422,11.723062515258789,0.902369499206543,374007584,1267770112,10.5,0.19548887014389038,34.5,11,1,68.79000091552734,-93.58000183105469,69.5,61.25,0.0,116933,116938,116932,116932,0,116938,STANDBY
3.9800000190734863,8.220000267028809,-0.49000000953674316,6.900000095367432,3.0,-44.79999923706055,1021.257080078125,23.489999771118164,12.63442325592041,4.222959518432617,374007584,1267770112,10.5,0.19548887014389038,34.5,11,1,73.16000366210938,-95.88999938964844,67.20999908447266,61.59000015258789,0.0,117033,117038,117028,117027,0,117038,STANDBY
3.7300000190734863,9.199999809265137,-0.5,1.5,1.7000000476837158,-27.0,1021.345458984375,23.549999237060547,11.917798042297363,-0.16380667686462402,374007584,1267770112,10.5,0.19548887014389038,34.5,11,1,76.55999755859375,-97.68000030517578,63.65999984741211,63.130001068115234,0.0,117133,117138,117125,117124,0,117138,STANDBY
3.440000057220459,8.850000381469727,-0.5099999904632568,0.6000000238418579,3.0999999046325684,-26.799999237060547,1021.4291381835938,23.600000381469727,11.23752212524414,-2.825939893722534,374007584,1267770112,10.5,0.12346666306257248,65.02999877929688,11,1,80.47000122070312,-100.11000061035156,55.959999084472656,68.3499984741211,0.0,117233,117238,117236,117236,0,117238,STANDBY
2.9600000381469727,9.270000457763672,-0.5400000214576721,-0.20000000298023224,-1.0,-10.5,1021.509521484375,23.649999618530273,10.585808753967285,-4.364340782165527,374007584,1267770112,10.100000381469727,0.12346666306257248,65.02999877929688,11,1,81.73999786376953,-100.7300033569336,53.119998931884766,69.41999816894531,0.0,117334,117338,117332,117332,0,117338,STANDBY
2.630000114440918,9.289999961853027,-0.5400000214576721,-0.5,0.30000001192092896,-9.300000190734863,1021.3825073242188,23.559999465942383,11.616606712341309,1.3300135135650635,374007584,1267770112,10.100000381469727,0.12346666306257248,65.02999877929688,11,1,82.87000274658203,-101.4000015258789,50.2400016784668,70.69000244140625,0.0,117434,117438,117429,117429,0,117438,STANDBY
2.700000047683716,9.039999961853027,-0.5400000214576721,-4.900000095367432,0.6000000238418579,1.5,1021.267822265625,23.489999771118164,12.546143531799316,4.5693559646606445,374007584,1267770112,10.100000381469727,0.12346666306257248,65.02999877929688,11,1,83.66999816894531,-101.18000030517578,46.560001373291016,72.38999938964844,0.0,117534,117538,117526,117525,0,117538,STANDBY
2.7300000190734863,9.90999984741211,-0.3400000035762787,-2.0999999046325684,0.4000000059604645,-0.5,1021.3544311523438,23.540000915527344,11.845096588134766,0.12020015716552734,374007584,1267770112,10.100000381469727,0.12346666306257248,65.02999877929688,11,1,83.31999969482422,-99.01000213623047,48.56999969482422,68.68000030517578,0.0,117634,117638,117638,117638,0,117638,STANDBY
2.440000057220459,9.380000114440918,-0.38999998569488525,-0.5,-0.20000000298023224,-6.699999809265137,1021.4384155273438,23.59000015258789,11.162224769592285,-2.6545591354370117,374007584,1267770112,10.100000381469727,0.12346666306257248,65.02999877929688,11,1,84.05999755859375,-99.16000366210938,46.95000076293945,68.72000122070312,0.0,117734,117739,117734,117734,0,117739,STANDBY
2.3299999237060547,9.350000381469727,-0.3400000035762787,-3.5999999046325684,-0.20000000298023224,3.5999999046325684,1021.517822265625,23.639999389648438,10.51830005645752,-4.274616718292236,374007584,1267770112,10.100000381469727,0.12346666306257248,65.02999877929688,11,1,84.30000305175781,-98.55000305175781,47.599998474121094,66.4800033569336,0.0,117834,117839,117830,117830,0,117839,STANDBY
2.509999990463257,9.369999885559082,-0.3100000023841858,-1.399999976158142,-1.0,2.799999952316284,1021.392822265625,23.549999237060547,11.533519744873047,1.3251240253448486,374007584,1267770112,10.100000381469727,0.12346666306257248,65.02999877929688,11,1,83.80999755859375,-97.16999816894531,52.61000061035156,59.939998626708984,0.0,117934,117939,117926,117926,0,117939,STANDBY
2.680000066757202,9.40999984741211,-0.23999999463558197,0.4000000059604645,-0.20000000298023224,-2.0,1021.282958984375,23.479999542236328,12.42410945892334,4.410438060760498,374007584,1267770112,10.100000381469727,0.12346666306257248,65.02999877929688,11,1,83.81999969482422,-96.93000030517578,56.7400016784668,54.060001373291016,0.0,118034,118039,118039,118039,0,118039,STANDBY
2.880000114440918,9.829999923706055,-0.1899999976158142,-0.5,0.4000000059604645,0.4000000059604645,1021.3758544921875,23.530000686645508,11.671133041381836,-0.1892251968383789,374007584,1267770112,10.100000381469727,0.12346666306257248,65.02999877929688,11,1,83.73999786376953,-96.87000274658203,61.02000045776367,48.2400016784668,0.0,118134,118139,118135,118138,0,118139,STANDBY
2.6600000858306885,9.460000038146973,-0.2800000011920929,-0.30000001192092896,0.0,0.4000000059604645,1021.4651489257812,23.579999923706055,10.946718215942383,-3.018763542175293,374007520,1267770112,10.100000381469727,0.3138110935688019,159.6999969482422,11,1,83.70999908447266,-96.87000274658203,64.69000244140625,43.119998931884766,0.0,118234,118239,118232,118232,0,118239,STANDBY
2.5199999809265137,9.420000076293945,-0.27000001072883606,-0.10000000149011612,-0.20000000298023224,-3.200000047683716,1021.5477294921875,23.6299991607666,10.274231910705566,-4.621953964233398,374007520,1267770112,9.699999809265137,0.3138110935688019,159.6999969482422,12,1,83.7699966430664,-96.80000305175781,67.36000061035156,39.0,0.0,118334,118339,118328,118328,0,118339,STANDBY
2.4700000286102295,9.489999771118164,-0.23000000417232513,-0.20000000298023224,0.10000000149011612,1.5,1021.4255981445312,23.540000915527344,11.266083717346191,1.0093567371368408,374007520,1267770112,9.699999809265137,0.3138110935688019,159.6999969482422,12,1,83.58000183105469,-96.83000183105469,71.76000213623047,33.04999923706055,0.0,118434,118439,118440,118439,0,118439,STANDBY
2.4700000286102295,9.369999885559082,-0.2800000011920929,-0.30000001192092896,0.0,5.0,1021.3118896484375,23.459999084472656,12.19042682647705,4.343360900878906,374007520,1267770112,9.699999809265137,0.3138110935688019,159.6999969482422,12,1,82.93000030517578,-96.5999984741211,75.66000366210938,27.860000610351562,0.0,118534,118539,118537,118537,0,118539,STANDBY
2.690000057220459,9.079999923706055,-0.25999999046325684,-0.800000011920929,1.7000000476837158,12.100000381469727,1021.4039306640625,23.520000457763672,11.442643165588379,-0.21138358116149902,374007520,1267770112,9.699999809265137,0.3138110935688019,159.6999969482422,12,1,81.38999938964844,-96.11000061035156,79.77999877929688,22.520000457763672,0.0,118634,118639,118633,118632,0,118639,STANDBY
2.859999895095825,9.140000343322754,-0.20000000298023224,-4.400000095367432,-5.699999809265137,19.899999618530273,1021.4874877929688,23.56999969482422,10.764965057373047,-2.8459978103637695,374007520,1267770112,9.699999809265137,0.3138110935688019,159.6999969482422,12,1,78.97000122070312,-94.33000183105469,81.43000030517578,20.059999465942383,0.0,118734,118739,118729,118729,0,118739,STANDBY
3.5399999618530273,9.220000267028809,-0.1599999964237213,-2.9000000953674316,0.10000000149011612,-19.399999618530273,1021.5692138671875,23.6200008392334,10.100268363952637,-4.480225563049316,374007520,1267770112,9.699999809265137,0.3138110935688019,159.6999969482422,12,1,77.9000015258789,-92.97000122070312,81.4800033569336,19.200000762939453,0.0,118834,118839,118825,118825,0,118839,STANDBY
2.0199999809265137,9.5600004196167,-0.11999999731779099,-0.30000001192092896,0.6000000238418579,-12.699999809265137,1021.4481201171875,23.540000915527344,11.084330558776855,1.068904161453247,374007520,1267770112,9.699999809265137,0.3138110935688019,159.6999969482422,12,1,81.0199966430664,-93.29000091552734,79.44000244140625,19.799999237060547,0.0,118934,118939,118938,118937,0,118939,STANDBY
3.0199999809265137,9.390000343322754,-0.12999999523162842,-0.20000000298023224,-0.5,19.200000762939453,1021.3350219726562,23.459999084472656,12.000885009765625,4.350316524505615,374007520,1267770112,9.699999809265137,0.3138110935688019,159.6999969482422,12,1,79.58999633789062,-93.0,81.91999816894531,16.219999313354492,0.0,119034,119040,119034,119034,0,119040,STANDBY
3.2200000286102295,9.34000015258789,-0.10000000149011612,-0.800000011920929,-0.699999988079071,-2.9000000953674316,1021.4246826171875,23.510000228881836,11.273873329162598,-0.12384414672851562,374007520,1267770112,9.699999809265137,0.3138110935688019,159.6999969482422,12,1,78.13999938964844,-92.58000183105469,83.33000183105469,13.899999618530273,0.0,119134,119140,119131,119131,0,119140,STANDBY
2.930000066757202,9.369999885559082,-0.14000000059604645,-0.20000000298023224,-0.800000011920929,-0.8999999761581421,1021.5087280273438,23.559999465942383,10.591001510620117,-2.8107476234436035,374007488,1267770112,9.699999809265137,0.1646222174167633,159.6999969482422,12,1,78.08000183105469,-92.54000091552734,83.95999908447266,12.25,0.0,119234,119240,119227,119227,0,119240,STANDBY
2.630000114440918,9.279999732971191,-0.15000000596046448,0.4000000059604645,-0.20000000298023224,-1.5,1021.5880737304688,23.610000610351562,9.947076797485352,-4.374577522277832,374007488,1267770112,9.100000381469727,0.1646222174167633,159.6999969482422,12,1,77.87999725341797,-92.5999984741211,84.86000061035156,10.369999885559082,0.0,119334,119340,119324,119323,0,119340,STANDBY
2.7899999618530273,9.4399995803833,-0.15000000596046448,0.10000000149011612,0.5,-1.7000000476837158,1021.47021484375,23.530000686645508,10.905174255371094,1.0326600074768066,374007488,1267770112,9.100000381469727,0.1646222174167633,159.6999969482422,12,1,77.83000183105469,-92.9000015258789,85.80999755859375,8.109999656677246,0.0,119434,119440,119436,119437,0,119440,STANDBY
2.7300000190734863,9.369999885559082,-0.15000000596046448,-0.20000000298023224,0.0,3.700000047683716,1021.3588256835938,23.450000762939453,11.808745384216309,4.275187015533447,374007488,1267770112,9.100000381469727,0.1646222174167633,159.6999969482422,12,1,77.33000183105469,-92.91000366210938,86.48999786376953,6.460000038146973,0.0,119534,119540,119532,119529,0,119540,STANDBY
2.799999952316284,9.420000076293945,-0.12999999523162842,-0.20000000298023224,-0.10000000149011612,-3.0,1021.44873046875,23.5,11.079137802124023,-0.1823105812072754,374007488,1267770112,9.100000381469727,0.1646222174167633,159.6999969482422,12,1,76.87999725341797,-92.83999633789062,86.91999816894531,5.119999885559082,0.0,119634,119640,119628,119628,0,119640,STANDBY
2.7699999809265137,9.430000305175781,-0.10000000149011612,-0.5,0.10000000149011612,0.0,1021.5304565429688,23.549999237060547,10.414441108703613,-2.775465488433838,374007488,1267770112,9.100000381469727,0.1646222174167633,159.6999969482422,12,1,76.70999908447266,-92.69999694824219,87.1500015258789,3.7100000381469727,0.0,119734,119740,119740,119740,0,119740,STANDBY
2.8399999141693115,9.359999656677246,-0.14000000059604645,-0.6000000238418579,-0.30000001192092896,-2.5999999046325684,1021.6095581054688,23.600000381469727,9.773113250732422,-4.341609477996826,374007488,1267770112,9.100000381469727,0.1646222174167633,159.6999969482422,12,1,76.62000274658203,-92.55999755859375,87.37000274658203,2.4700000286102295,0.0,119834,119840,119836,119838,0,119840,STANDBY
2.549999952316284,9.430000305175781,-0.07999999821186066,-0.8999999761581421,0.699999988079071,-7.400000095367432,1021.48876953125,23.520000457763672,10.754578590393066,1.1472313404083252,374007488,1267770112,9.100000381469727,0.1646222174167633,159.6999969482422,12,1,76.94999694824219,-92.36000061035156,87.30999755859375,1.5099999904632568,0.0,119934,119940,119932,119932,0,119940,STANDBY
2.609999895095825,9.470000267028809,-0.07999999821186066,-0.5,0.4000000059604645,-5.599999904632568,1021.3739624023438,23.440000534057617,11.684115409851074,4.452375411987305,374007488,1267770112,9.100000381469727,0.1646222174167633,159.6999969482422,12,1,77.41000366210938,-92.16999816894531,87.0199966430664,0.7799999713897705,0.0,120034,120040,120029,120029,0,120040,STANDBY
2.5399999618530273,9.470000267028809,-0.07000000029802322,0.0,-0.20000000298023224,1.7999999523162842,1021.4603881835938,23.489999771118164,10.983068466186523,0.04533267021179199,374007488,1267770112,9.100000381469727,0.1646222174167633,159.6999969482422,12,1,77.0999984741211,-92.0999984741211,87.2300033569336,-0.20999999344348907,0.0,120134,120140,120125,120125,0,120140,STANDBY
2.450000047683716,9.510000228881836,-0.05000000074505806,-0.6000000238418579,-2.299999952316284,-3.0999999046325684,1021.5427856445312,23.549999237060547,10.315775871276855,-2.5878207683563232,374007488,1267770112,9.100000381469727,0.041155554354190826,159.6999969482422,12,1,77.06999969482422,-91.91000366210938,87.4800033569336,-1.4800000190734863,0.0,120235,120240,120238,120240,0,120240,STANDBY
2.4700000286102295,9.4399995803833,-0.14000000059604645,-0.30000001192092896,-0.4000000059604645,0.10000000149011612,1021.6188354492188,23.59000015258789,9.697815895080566,-4.128045082092285,374007488,1267770112,8.800000190734863,0.041155554354190826,159.6999969482422,12,1,76.94999694824219,-91.9000015258789,87.80000305175781,-2.5899999141693115,0.0,120335,120340,120334,120334,0,120340,STANDBY
2.5299999713897705,9.600000381469727,-0.029999999329447746,0.0,-0.10000000149011612,-0.4000000059604645,1021.5001831054688,23.510000228881836,10.66110610961914,1.211211919784546,374007488,1267770112,8.800000190734863,0.041155554354190826,159.6999969482422,12,1,76.83999633789062,-91.8499984741211,88.04000091552734,-3.7699999809265137,0.0,120435,120440,120430,120429,0,120440,STANDBY
2.4800000190734863,9.489999771118164,-0.019999999552965164,0.0,0.10000000149011612,-0.20000000298023224,1021.3853759765625,23.43000030517578,11.593238830566406,4.503706455230713,374007488,1267770112,8.800000190734863,0.041155554354190826,159.6999969482422,12,1,76.6500015258789,-91.81999969482422,88.16999816894531,-4.760000228881836,0.0,120535,120540,120526,120525,0,120540,STANDBY
2.549999952316284,9.460000038146973,-0.07999999821186066,0.10000000149011612,-0.10000000149011612,0.6000000238418579,1021.4701538085938,23.489999771118164,10.905174255371094,0.13011384010314941,374007488,1267770112,8.800000190734863,0.041155554354190826,159.6999969482422,12,1,76.36000061035156,-91.80000305175781,88.33000183105469,-5.940000057220459,0.0,120635,120640,120638,120639,0,120640,STANDBY
2.430000066757202,9.529999732971191,-0.019999999552965164,0.10000000149011612,-0.10000000149011612,-0.699999988079071,1021.5471801757812,23.540000915527344,10.279424667358398,-2.4197254180908203,374007488,1267770112,8.800000190734863,0.041155554354190826,159.6999969482422,12,1,76.16000366210938,-91.7699966430664,88.36000061035156,-6.78000020980835,0.0,120735,120740,120734,120734,0,120740,STANDBY
2.5,9.470000267028809,-0.07000000029802322,0.0,0.10000000149011612,-0.20000000298023224,1021.6256103515625,23.59000015258789,9.643289566040039,-4.093164920806885,374007488,1267770112,8.800000190734863,0.041155554354190826,159.6999969482422,12,1,75.91999816894531,-91.79000091552734,88.4000015258789,-7.619999885559082,0.0,120835,120840,120830,120829,0,120840,STANDBY
2.559999942779541,9.550000190734863,-0.10000000149011612,0.4000000059604645,0.4000000059604645,-1.2999999523162842,1021.501220703125,23.5,10.653316497802734,1.4204819202423096,374007488,1267770112,8.800000190734863,0.041155554354190826,159.6999969482422,12,1,75.9000015258789,-91.87000274658203,88.5199966430664,-8.619999885559082,0.0,120935,120940,120927,120927,0,120940,STANDBY
2.390000104904175,9.520000457763672,-0.03999999910593033,0.0,0.10000000149011612,0.4000000059604645,1021.3848266601562,23.43000030517578,11.598431587219238,4.689568996429443,374007488,1267770112,8.800000190734863,0.041155554354190826,159.6999969482422,12,1,75.87000274658203,-91.93000030517578,88.69000244140625,-9.829999923706055,0.0,121035,121040,121039,121039,0,121040,STANDBY
2.490000009536743,9.460000038146973,-0.05999999865889549,0.0,-0.10000000149011612,2.299999952316284,1021.4720458984375,23.479999542236328,10.889595031738281,0.16597819328308105,374007488,1267770112,8.800000190734863,0.041155554354190826,159.6999969482422,12,1,75.31999969482422,-91.87000274658203,88.52999877929688,-10.279999732971191,0.0,121135,121140,121136,121138,0,121140,STANDBY
2.5399999618530273,9.470000267028809,-0.07000000029802322,0.20000000298023224,0.0,-1.0,1021.5487670898438,23.530000686645508,10.26644229888916,-2.386384963989258,374007488,1267770112,8.800000190734863,0.10288888216018677,159.6999969482422,12,1,74.76000213623047,-91.91000366210938,88.51000213623047,-10.880000114440918,0.0,121235,121240,121232,121232,0,121240,STANDBY
2.4600000381469727,9.510000228881836,-0.05999999865889549,0.0,0.0,-0.30000001192092896,1021.6275024414062,23.579999923706055,9.627711296081543,-4.082210540771484,374007488,1267770112,8.699999809265137,0.10288888216018677,159.6999969482422,12,1,74.54000091552734,-91.95999908447266,88.3499984741211,-11.319999694824219,0.0,121335,121340,121328,121328,0,121340,STANDBY
2.5299999713897705,9.5,-0.07000000029802322,0.0,0.0,-0.4000000059604645,1021.5011596679688,23.5,10.653316497802734,1.4898059368133545,374007488,1267770112,8.699999809265137,0.10288888216018677,159.6999969482422,12,1,74.45999908447266,-91.98999786376953,88.33000183105469,-12.039999961853027,0.0,121435,121440,121425,121424,0,121440,STANDBY
2.450000047683716,9.5,-0.05000000074505806,0.0,0.0,-0.5,1021.3848266601562,23.420000076293945,11.598431587219238,4.733936309814453,374007488,1267770112,8.699999809265137,0.10288888216018677,159.6999969482422,12,1,74.47000122070312,-91.9800033569336,88.31999969482422,-12.930000305175781,0.0,121535,121540,121538,121538,0,121540,STANDBY
2.4700000286102295,9.460000038146973,-0.07000000029802322,0.0,0.0,0.0,1021.4718627929688,23.479999542236328,10.889595031738281,0.19437313079833984,374007488,1267770112,8.699999809265137,0.10288888216018677,159.6999969482422,12,1,74.41000366210938,-92.0,88.30000305175781,-13.640000343322754,0.0,121635,121640,121634,121633,0,121640,STANDBY
2.369999885559082,9.479999542236328,-0.07999999821186066,0.0,0.30000001192092896,-1.7000000476837158,1021.5488891601562,23.530000686645508,10.26644229888916,-2.3682122230529785,374007488,1267770112,8.699999809265137,0.10288888216018677,159.6999969482422,12,1,74.26000213623047,-92.04000091552734,88.1500015258789,-14.119999885559082,0.0,121736,121740,121731,121730,0,121740,STANDBY
2.430000066757202,9.520000457763672,-0.05999999865889549,0.0,0.0,-0.20000000298023224,1021.6257934570312,23.579999923706055,9.643289566040039,-4.008266925811768,374007488,1267770112,8.699999809265137,0.10288888216018677,159.6999969482422,12,1,74.30999755859375,-92.06999969482422,88.08999633789062,-14.800000190734863,0.0,121836,121840,121827,121827,0,121840,STANDBY
2.450000047683716,9.489999771118164,-0.05999999865889549,0.0,0.0,-0.20000000298023224,1021.5014038085938,23.489999771118164,10.650720596313477,1.464433193206787,374007488,1267770112,8.699999809265137,0.10288888216018677,159.6999969482422,12,1,74.33000183105469,-92.05999755859375,88.05999755859375,-15.630000114440918,0.0,121936,121942,121939,121939,0,121942,STANDBY
2.4200000762939453,9.479999542236328,-0.05999999865889549,0.0,-0.10000000149011612,0.30000001192092896,1021.3856811523438,23.420000076293945,11.590641975402832,4.696922779083252,374007488,1267770112,8.699999809265137,0.10288888216018677,159.6999969482422,12,1,73.98999786376953,-92.05000305175781,87.79000091552734,-15.850000381469727,0.0,122036,122042,122036,122036,0,122042,STANDBY
2.450000047683716,9.5,-0.07000000029802322,0.0,0.0,0.4000000059604645,1021.4690551757812,23.469999313354492,10.9129638671875,0.2953183650970459,374007488,1267770112,8.699999809265137,0.06173333153128624,159.6999969482422,12,1,73.70999908447266,-92.06999969482422,87.62000274658203,-16.190000534057617,0.0,122136,122142,122133,122132,0,122142,STANDBY
2.440000057220459,9.489999771118164,-0.05999999865889549,0.0,0.0,0.30000001192092896,1021.5482788085938,23.530000686645508,10.271636009216309,-2.376307725906372,374007488,1267770112,8.699999809265137,0.06173333153128624,159.6999969482422,12,1,73.3499984741211,-92.05999755859375,87.37000274658203,-16.3799991607666,0.0,122236,122242,122229,122229,0,122242,STANDBY
2.4000000953674316,9.5,-0.05000000074505806,0.0,0.0,-0.4000000059604645,1021.6282958984375,23.56999969482422,9.622517585754395,-4.117310523986816,374007488,1267770112,8.399999618530273,0.06173333153128624,159.6999969482422,12,1,73.0199966430664,-92.02999877929688,87.05000305175781,-16.510000228881836,0.0,122336,122342,122342,122341,0,122342,STANDBY
2.440000057220459,9.5,-0.07000000029802322,0.0,0.0,0.10000000149011612,1021.5023193359375,23.489999771118164,10.64293098449707,1.4465746879577637,374007488,1267770112,8.399999618530273,0.06173333153128624,159.6999969482422,12,1,73.08999633789062,-92.04000091552734,86.98999786376953,-17.06999969482422,0.0,122436,122442,122438,122440,0,122442,STANDBY
2.4200000762939453,9.5,-0.05999999865889549,0.0,0.0,-0.10000000149011612,1021.3859252929688,23.40999984741211,11.588046073913574,4.706268310546875,374007488,1267770112,8.399999618530273,0.06173333153128624,159.6999969482422,12,1,72.94999694824219,-92.05999755859375,86.80999755859375,-17.360000610351562,0.0,122536,122542,122534,122530,0,122542,STANDBY
2.430000066757202,9.5,-0.05999999865889549,0.10000000149011612,0.0,-0.20000000298023224,1021.4765625,23.469999313354492,10.85324478149414,0.07280659675598145,374007488,1267770112,8.399999618530273,0.06173333153128624,159.6999969482422,12,1,72.9000015258789,-92.06999969482422,86.66999816894531,-17.770000457763672,0.0,122636,122642,122631,122631,0,122642,STANDBY
2.430000066757202,9.510000228881836,-0.07000000029802322,0.0,0.0,-0.10000000149011612,1021.5570068359375,23.520000457763672,10.201530456542969,-2.5602610111236572,374007488,1267770112,8.399999618530273,0.06173333153128624,159.6999969482422,12,1,72.73999786376953,-92.11000061035156,86.47000122070312,-18.0,0.0,122736,122742,122727,122727,0,122742,STANDBY
2.380000114440918,9.489999771118164,-0.05000000074505806,0.0,-0.10000000149011612,0.30000001192092896,1021.6317749023438,23.56999969482422,9.59395694732666,-4.06886100769043,374007488,1267770112,8.399999618530273,0.06173333153128624,159.6999969482422,12,1,72.62000274658203,-92.08999633789062,86.3499984741211,-18.3799991607666,0.0,122836,122842,122840,122841,0,122842,STANDBY
2.430000066757202,9.5,-0.05000000074505806,0.0,0.0,0.30000001192092896,1021.5127563476562,23.489999771118164,10.559844017028809,1.259477138519287,374007488,1267770112,8.399999618530273,0.06173333153128624,159.6999969482422,12,1,72.48999786376953,-92.04000091552734,86.18000030517578,-18.670000076293945,0.0,122936,122942,122936,122936,0,122942,STANDBY
2.4100000858306885,9.399999618530273,-0.07999999821186066,-0.10000000149011612,-0.10000000149011612,0.10000000149011612,1021.3947143554688,23.40999984741211,11.51794147491455,4.638455390930176,374007488,1267770112,8.399999618530273,0.06173333153128624,159.6999969482422,12,1,72.43000030517578,-92.06999969482422,86.08999633789062,-19.040000915527344,0.0,123036,123042,123032,123031,0,123042,STANDBY
2.5199999809265137,9.449999809265137,-0.11999999731779099,-0.10000000149011612,0.10000000149011612,0.0,1021.4854125976562,23.469999313354492,10.780543327331543,0.019018888473510742,374007488,1267770112,8.399999618530273,0.06173333153128624,159.6999969482422,12,1,72.19999694824219,-92.06999969482422,85.94999694824219,-19.280000686645508,0.0,123136,123142,123129,123128,0,123142,STANDBY
2.490000009536743,9.5,0.0,0.0,0.0,0.10000000149011612,1021.5641479492188,23.520000457763672,10.141812324523926,-2.5427520275115967,374007488,1267770112,8.399999618530273,0.09259999543428421,159.6999969482422,12,1,72.23999786376953,-92.01000213623047,85.83000183105469,-19.739999771118164,0.0,123236,123243,123241,123241,0,123243,STANDBY
2.359999895095825,9.569999694824219,-0.009999999776482582,0.0,-0.20000000298023224,0.30000001192092896,1021.640625,23.56999969482422,9.521255493164062,-4.109588623046875,374007488,1267770112,8.199999809265137,0.09259999543428421,159.6999969482422,12,1,72.13999938964844,-91.97000122070312,85.66000366210938,-19.950000762939453,0.0,123336,123343,123337,123339,0,123343,STANDBY
2.430000066757202,9.479999542236328,-0.10000000149011612,0.0,0.0,-0.10000000149011612,1021.5186157226562,23.489999771118164,10.513107299804688,1.3372704982757568,374007488,1267770112,8.199999809265137,0.09259999543428421,159.6999969482422,12,1,72.02999877929688,-91.98999786376953,85.47000122070312,-20.1200008392334,0.0,123436,123443,123433,123433,0,123443,STANDBY
2.440000057220459,9.489999771118164,-0.03999999910593033,0.0,-0.10000000149011612,0.10000000149011612,1021.4021606445312,23.40999984741211,11.455625534057617,4.6259260177612305,374007488,1267770112,8.199999809265137,0.09259999543428421,159.6999969482422,12,1,71.9000015258789,-92.04000091552734,85.38999938964844,-20.350000381469727,0.0,123536,123543,123531,123530,0,123543,STANDBY
2.4100000858306885,9.529999732971191,-0.03999999910593033,0.0,0.0,-0.4000000059604645,1021.485595703125,23.459999084472656,10.780543327331543,0.2498779296875,374007488,1267770112,8.199999809265137,0.09259999543428421,159.6999969482422,12,1,71.55000305175781,-91.9800033569336,84.9800033569336,-20.1299991607666,0.0,123636,123643,123642,123642,0,123643,STANDBY
2.440000057220459,9.510000228881836,-0.05999999865889549,0.0,0.0,-0.20000000298023224,1021.5650634765625,23.510000228881836,10.13402271270752,-1.9089441299438477,374007488,1267770112,8.199999809265137,0.09259999543428421,159.6999969482422,12,1,71.44000244140625,-91.95999908447266,84.7300033569336,-20.100000381469727,0.0,123736,123743,123740,123740,0,123743,STANDBY
2.430000066757202,9.5,-0.05000000074505806,-0.10000000149011612,0.0,-0.30000001192092896,1021.6415405273438,23.559999465942383,9.513465881347656,-3.2075061798095703,374007488,1267770112,8.199999809265137,0.09259999543428421,159.6999969482422,12,1,71.22000122070312,-91.95999908447266,84.51000213623047,-20.06999969482422,0.0,123836,123843,123836,123835,0,123843,STANDBY
2.4000000953674316,9.539999961853027,-0.029999999329447746,0.0,-0.10000000149011612,-0.10000000149011612,1021.5172119140625,23.479999542236328,10.523492813110352,1.1792821884155273,374007488,1267770112,8.199999809265137,0.09259999543428421,159.6999969482422,12,1,71.23999786376953,-91.93000030517578,84.37999725341797,-20.25,0.0,123936,123943,123932,123931,0,123943,STANDBY
2.369999885559082,9.489999771118164,-0.05000000074505806,0.0,0.0,0.30000001192092896,1021.4031372070312,23.40999984741211,11.447836875915527,3.712641477584839,374007488,1267770112,8.199999809265137,0.09259999543428421,159.6999969482422,12,1,71.2300033569336,-91.91999816894531,84.26000213623047,-20.389999389648438,0.0,124036,124043,124028,124028,0,124043,STANDBY
2.390000104904175,9.5,-0.03999999910593033,0.0,-0.10000000149011612,0.8999999761581421,1021.4898681640625,23.459999084472656,10.744193077087402,0.12443047016859055,374007488,1267770112,8.199999809265137,0.05658888444304466,159.6999969482422,12,1,71.23999786376953,-91.91000366210938,84.20999908447266,-20.709999084472656,0.0,124136,124143,124141,124140,0,124143,STANDBY
2.450000047683716,9.489999771118164,-0.03999999910593033,0.0,-0.10000000149011612,-1.100000023841858,1021.5706176757812,23.510000228881836,10.089882850646973,-2.014157295227051,374007488,1267770112,8.199999809265137,0.05658888444304466,159.6999969482422,12,1,71.13999938964844,-91.93000030517578,84.20999908447266,-21.0,0.0,124236,124243,124237,124239,0,124243,STANDBY
2.2899999618530273,9.529999732971191,0.0,0.0,0.0,0.20000000298023224,1021.6473388671875,23.559999465942383,9.466730117797852,-3.283149480819702,374007488,1267770112,7.900000095367432,0.05658888444304466,159.6999969482422,12,1,70.94999694824219,-91.80999755859375,83.77999877929688,-20.579999923706055,0.0,124336,124343,124334,124334,0,124343,STANDBY
2.509999990463257,9.489999771118164,-0.05000000074505806,0.0,0.0,0.6000000238418579,1021.5226440429688,23.479999542236328,10.479352951049805,1.1391773223876953,374007488,1267770112,7.900000095367432,0.05658888444304466,159.6999969482422,12,1,70.9800033569336,-91.80000305175781,83.80000305175781,-20.8799991607666,0.0,124436,124443,124431,124430,0,124443,STANDBY
2.380000114440918,9.520000457763672,-0.05000000074505806,-0.10000000149011612,-0.10000000149011612,-0.10000000149011612,1021.4066162109375,23.399999618530273,11.42187213897705,3.7451348304748535,374007488,1267770112,7.900000095367432,0.05658888444304466,159.6999969482422,12,1,70.83999633789062,-91.87000274658203,83.77999877929688,-21.09000015258789,0.0,124536,124544,124544,124542,0,124544,STANDBY
2.390000104904175,9.510000228881836,-0.029999999329447746,0.0,0.0,0.30000001192092896,1021.4940795898438,23.459999084472656,10.71043872833252,0.16493836045265198,374007488,1267770112,7.900000095367432,0.05658888444304466,159.6999969482422,12,1,70.72000122070312,-91.83000183105469,83.58000183105469,-21.010000228881836,0.0,124637,124644,124640,124640,0,124644,STANDBY
2.4700000286102295,9.510000228881836,-0.05000000074505806,0.0,0.0,0.30000001192092896,1021.5731201171875,23.510000228881836,10.069110870361328,-1.9466886520385742,374007488,1267770112,7.900000095367432,0.05658888444304466,159.6999969482422,12,1,70.58999633789062,-91.86000061035156,83.5199966430664,-21.079999923706055,0.0,124737,124744,124736,124735,0,124744,STANDBY
2.4000000953674316,9.470000267028809,-0.05000000074505806,0.0,-0.10000000149011612,0.30000001192092896,1021.64990234375,23.559999465942383,9.445958137512207,-3.2399697303771973,374007488,1267770112,7.900000095367432,0.05658888444304466,159.6999969482422,12,1,70.58999633789062,-91.8499984741211,83.55999755859375,-21.34000015258789,0.0,124837,124844,124832,124832,0,124844,STANDBY
2.490000009536743,9.520000457763672,-0.07999999821186066,0.10000000149011612,0.0,0.699999988079071,1021.5271606445312,23.479999542236328,10.443002700805664,1.1169618368148804,374007488,1267770112,7.900000095367432,0.05658888444304466,159.6999969482422,12,1,70.41999816894531,-91.87999725341797,83.44999694824219,-21.31999969482422,0.0,124937,124944,124930,124929,0,124944,STANDBY
2.4600000381469727,9.529999732971191,-0.029999999329447746,0.0,-0.10000000149011612,-0.20000000298023224,1021.4148559570312,23.399999618530273,11.354363441467285,3.6312100887298584,374007488,1267770112,7.900000095367432,0.05658888444304466,159.6999969482422,12,1,70.29000091552734,-91.9000015258789,83.43000030517578,-21.399999618530273,0.0,125037,125044,125042,125041,0,125044,STANDBY
2.4200000762939453,9.479999542236328,-0.029999999329447746,0.0,0.0,-0.5,1021.4996337890625,23.459999084472656,10.666298866271973,0.12216778099536896,374007488,1267770112,7.900000095367432,0.05658888444304466,159.6999969482422,12,1,70.25,-91.83000183105469,83.2300033569336,-21.270000457763672,0.0,125137,125144,125138,125142,0,125144,STANDBY
2.4800000190734863,9.489999771118164,-0.05999999865889549,0.0,-0.10000000149011612,-0.20000000298023224,1021.5790405273438,23.510000228881836,10.022374153137207,-1.9823716878890991,374007488,1267770112,7.900000095367432,0.041155554354190826,159.6999969482422,12,1,70.31999969482422,-91.86000061035156,83.25,-21.479999542236328,0.0,125237,125244,125235,125235,0,125244,STANDBY
2.380000114440918,9.489999771118164,-0.029999999329447746,0.0,-0.10000000149011612,-1.5,1021.6517333984375,23.549999237060547,9.432975769042969,-3.1547927856445312,374007488,1267770112,8.5,0.041155554354190826,159.6999969482422,12,1,70.52999877929688,-91.86000061035156,83.2300033569336,-21.65999984741211,0.0,125337,125344,125332,125331,0,125344,STANDBY
2.4200000762939453,9.520000457763672,-0.05999999865889549,0.10000000149011612,0.0,-0.30000001192092896,1021.5314331054688,23.469999313354492,10.406652450561523,1.0966980457305908,374007488,1267770112,8.5,0.041155554354190826,159.6999969482422,12,1,70.9000015258789,-91.8499984741211,83.30999755859375,-22.030000686645508,0.0,125437,125444,125445,125444,0,125444,STANDBY
2.4200000762939453,9.520000457763672,-0.03999999910593033,0.0,0.0,-0.10000000149011612,1021.4134521484375,23.399999618530273,11.364749908447266,3.767798662185669,374007488,1267770112,8.5,0.041155554354190826,159.6999969482422,12,1,70.83999633789062,-91.91000366210938,83.33999633789062,-22.18000030517578,0.0,125537,125544,125541,125541,0,125544,STANDBY
2.3299999237060547,9.489999771118164,-0.029999999329447746,0.0,0.0,-0.800000011920929,1021.494873046875,23.450000762939453,10.705245971679688,0.3009786605834961,374007488,1267770112,8.5,0.041155554354190826,159.6999969482422,12,1,70.87999725341797,-91.86000061035156,83.22000122070312,-22.1299991607666,0.0,125637,125644,125637,125637,0,125644,STANDBY
2.4100000858306885,9.529999732971191,-0.05999999865889549,0.0,-0.10000000149011612,0.30000001192092896,1021.5756225585938,23.5,10.048338890075684,-1.9094762802124023,374007488,1267770112,8.5,0.041155554354190826,159.6999969482422,12,1,70.98999786376953,-91.86000061035156,83.22000122070312,-22.309999465942383,0.0,125737,125744,125733,125733,0,125744,STANDBY
2.380000114440918,9.510000228881836,-0.05000000074505806,0.0,0.0,0.8999999761581421,1021.6543579101562,23.549999237060547,9.409607887268066,-3.2660043239593506,374007488,1267770112,8.5,0.041155554354190826,159.6999969482422,12,1,70.93000030517578,-91.93000030517578,83.26000213623047,-22.469999313354492,0.0,125837,125844,125831,125830,0,125844,STANDBY
2.4100000858306885,9.489999771118164,-0.03999999910593033,0.0,0.0,0.5,1021.5296630859375,23.469999313354492,10.42223072052002,1.1501502990722656,374007488,1267770112,8.5,0.041155554354190826,159.6999969482422,12,1,70.83999633789062,-91.91999816894531,83.22000122070312,-22.559999465942383,0.0,125937,125944,125943,125942,0,125944,STANDBY
2.430000066757202,9.520000457763672,-0.05000000074505806,0.0,-0.10000000149011612,-0.10000000149011612,1021.4176635742188,23.389999389648438,11.330995559692383,3.64414381980896,374007488,1267770112,8.5,0.041155554354190826,159.6999969482422,12,1,70.69000244140625,-91.94000244140625,83.16000366210938,-22.540000915527344,0.0,126038,126044,126040,126041,0,126044,STANDBY
2.369999885559082,9.489999771118164,-0.03999999910593033,0.0,-0.10000000149011612,-0.4000000059604645,1021.5007934570312,23.450000762939453,10.655913352966309,0.1719890683889389,374007488,1267770112,8.5,0.041155554354190826,159.6999969482422,12,1,70.91999816894531,-91.94000244140625,83.26000213623047,-22.850000381469727,0.0,126138,126144,126136,126135,0,126144,STANDBY
2.430000066757202,9.510000228881836,-0.05000000074505806,0.10000000149011612,-0.10000000149011612,0.4000000059604645,1021.5775146484375,23.5,10.032760620117188,-1.884015679359436,374007520,1267770112,8.5,0.37039998173713684,86.80000305175781,12,1,70.88999938964844,-91.95999908447266,83.23999786376953,-22.920000076293945,0.0,126238,126244,126232,126232,0,126244,STANDBY
2.4200000762939453,9.520000457763672,-0.07000000029802322,0.0,0.0,0.4000000059604645,1021.6542358398438,23.549999237060547,9.412203788757324,-3.191551923751831,374007520,1267770112,8.199999809265137,0.37039998173713684,86.80000305175781,12,1,70.76000213623047,-92.05000305175781,83.26000213623047,-22.93000030517578,0.0,126338,126344,126329,126328,0,126344,STANDBY
2.4000000953674316,9.510000228881836,-0.05999999865889549,0.0,0.20000000298023224,-0.20000000298023224,1021.5298461914062,23.459999084472656,10.419634819030762,1.1811860799789429,374007520,1267770112,8.199999809265137,0.37039998173713684,86.80000305175781,12,1,70.62999725341797,-92.12999725341797,83.23999786376953,-22.950000762939453,0.0,126438,126444,126442,126441,0,126444,STANDBY
2.430000066757202,9.520000457763672,-0.07000000029802322,0.0,0.0,0.4000000059604645,1021.4134521484375,23.389999389648438,11.364749908447266,3.780327320098877,374007520,1267770112,8.199999809265137,0.37039998173713684,86.80000305175781,12,1,70.55999755859375,-92.20999908447266,83.26000213623047,-22.979999542236328,0.0,126538,126544,126538,126537,0,126544,STANDBY
2.390000104904175,9.5,-0.05000000074505806,0.0,-0.20000000298023224,-1.2999999523162842,1021.4985961914062,23.440000534057617,10.674088478088379,0.20929299294948578,374007520,1267770112,8.199999809265137,0.37039998173713684,86.80000305175781,12,1,70.45999908447266,-92.23999786376953,83.23999786376953,-22.8799991607666,0.0,126638,126644,126635,126633,0,126644,STANDBY
2.450000047683716,9.5,-0.05999999865889549,0.10000000149011612,0.699999988079071,-1.7000000476837158,1021.579345703125,23.489999771118164,10.01977825164795,-1.9598451852798462,374007520,1267770112,8.199999809265137,0.37039998173713684,86.80000305175781,12,1,70.48999786376953,-92.27999877929688,83.12000274658203,-22.719999313354492,0.0,126738,126744,126731,126731,0,126744,STANDBY
2.4100000858306885,9.539999961853027,-0.05000000074505806,0.0,0.0,4.5,1021.652099609375,23.540000915527344,9.427783012390137,-3.148685932159424,374007520,1267770112,8.199999809265137,0.37039998173713684,86.80000305175781,12,1,70.37999725341797,-92.30999755859375,83.19000244140625,-22.84000015258789,0.0,126838,126844,126843,126843,0,126844,STANDBY
2.4600000381469727,9.489999771118164,-0.05000000074505806,0.10000000149011612,-0.10000000149011612,2.5,1021.5437622070312,23.469999313354492,10.30798625946045,0.801491379737854,374007520,1267770112,8.199999809265137,0.37039998173713684,86.80000305175781,12,1,70.0,-92.2699966430664,83.19999694824219,-22.770000457763672,0.0,126938,126944,126940,126941,0,126944,STANDBY
2.259999990463257,9.579999923706055,-0.05999999865889549,-0.20000000298023224,-0.8999999761581421,-4.400000095367432,1021.4412231445312,23.399999618530273,11.138856887817383,3.1717405319213867,374007520,1267770112,8.199999809265137,0.37039998173713684,86.80000305175781,12,1,70.16999816894531,-92.23999786376953,83.16999816894531,-22.670000076293945,0.0,127038,127044,127037,127032,0,127044,STANDBY
2.190000057220459,9.5600004196167,-0.07999999821186066,1.600000023841858,0.0,7.599999904632568,1021.5203857421875,23.450000762939453,10.497528076171875,-0.022338295355439186,374007520,1267770112,8.199999809265137,0.37039998173713684,86.80000305175781,12,1,70.16999816894531,-92.61000061035156,83.5199966430664,-22.940000534057617,0.0,127138,127144,127133,127132,0,127144,STANDBY
2.8399999141693115,9.380000114440918,-0.10000000149011612,0.4000000059604645,0.30000001192092896,29.600000381469727,1021.602783203125,23.5,9.82763957977295,-2.1579396724700928,374007520,1267770112,8.199999809265137,0.08745554834604263,86.80000305175781,12,1,67.80000305175781,-92.79000091552734,84.20999908447266,-23.43000030517578,0.0,127238,127244,127229,127229,0,127244,STANDBY
3.390000104904175,9.220000267028809,-0.10999999940395355,-0.20000000298023224,0.10000000149011612,-1.600000023841858,1021.6715698242188,23.540000915527344,9.271994590759277,-3.1591453552246094,374007520,1267770112,8.5,0.08745554834604263,86.80000305175781,12,1,65.22000122070312,-92.66000366210938,84.4000015258789,-22.979999542236328,0.0,127338,127344,127342,127341,0,127344,STANDBY
3.0,9.569999694824219,-0.019999999552965164,-2.0999999046325684,2.0,-20.100000381469727,1021.5675048828125,23.469999313354492,10.11584758758545,0.6784765124320984,374007520,1267770112,8.5,0.08745554834604263,86.80000305175781,12,1,66.5,-92.58999633789062,83.79000091552734,-22.18000030517578,0.0,127438,127444,127438,127438,0,127444,STANDBY
2.319999933242798,9.5600004196167,-0.05999999865889549,0.0,0.0,-1.7999999523162842,1021.4634399414062,23.399999618530273,10.959700584411621,3.134554624557495,374007520,1267770112,8.5,0.08745554834604263,86.80000305175781,12,1,68.36000061035156,-92.55000305175781,83.26000213623047,-21.700000762939453,0.0,127538,127544,127535,127532,0,127544,STANDBY
2.690000057220459,9.430000305175781,-0.05999999865889549,0.0,-0.10000000149011612,0.6000000238418579,1021.5438232421875,23.459999084472656,10.30798625946045,-0.079370878636837,374007520,1267770112,8.5,0.08745554834604263,86.80000305175781,12,1,68.26000213623047,-92.55000305175781,83.45999908447266,-21.8700008392334,0.0,127638,127644,127631,127631,0,127644,STANDBY
2.5799999237060547,9.470000267028809,-0.05000000074505806,0.0,0.0,-1.7000000476837158,1021.6224975585938,23.5,9.669254302978516,-2.0947396755218506,374007520,1267770112,8.5,0.08745554834604263,86.80000305175781,12,1,68.48999786376953,-92.5199966430664,83.37000274658203,-21.6200008392334,0.0,127738,127744,127744,127744,0,127744,STANDBY
2.5899999141693115,9.470000267028809,-0.05999999865889549,0.0,-0.10000000149011612,-0.699999988079071,1021.69140625,23.549999237060547,9.111013412475586,-3.127004384994507,374007520,1267770112,8.5,0.08745554834604263,86.80000305175781,12,1,68.76000213623047,-92.51000213623047,83.37999725341797,-21.549999237060547,0.0,127838,127844,127841,127841,0,127844,STANDBY
2.559999942779541,9.470000267028809,-0.05999999865889549,0.0,-0.10000000149011612,-0.20000000298023224,1021.5706176757812,23.469999313354492,10.089882850646973,1.1310993432998657,374007520,1267770112,8.5,0.08745554834604263,86.80000305175781,12,1,68.93000030517578,-92.51000213623047,83.38999938964844,-21.40999984741211,0.0,127938,127944,127937,127936,0,127944,STANDBY
2.549999952316284,9.479999542236328,-0.05999999865889549,0.0,0.0,0.8999999761581421,1021.4542846679688,23.389999389648438,11.034997940063477,3.748271942138672,374007520,1267770112,8.5,0.08745554834604263,86.80000305175781,12,1,69.06999969482422,-92.51000213623047,83.44999694824219,-21.389999389648438,0.0,128038,128044,128033,128032,0,128044,STANDBY
2.5999999046325684,9.449999809265137,-0.05999999865889549,0.0,-0.10000000149011612,-1.7000000476837158,1021.5349731445312,23.440000534057617,10.378090858459473,0.2967914640903473,374007520,1267770112,8.5,0.08745554834604263,86.80000305175781,12,1,69.0,-92.5199966430664,83.47000122070312,-21.149999618530273,0.0,128138,128144,128131,128130,0,128144,STANDBY
2.4600000381469727,9.510000228881836,-0.05000000074505806,0.0,-0.10000000149011612,-2.200000047683716,1021.6077880859375,23.489999771118164,9.788692474365234,-1.696128249168396,374007520,1267770112,8.5,0.14918887615203857,86.80000305175781,12,1,69.44000244140625,-92.52999877929688,83.51000213623047,-21.049999237060547,0.0,128238,128244,128243,128243,0,128244,STANDBY
2.509999990463257,9.5,-0.05999999865889549,0.0,0.0,0.4000000059604645,1021.680908203125,23.540000915527344,9.194100379943848,-2.9882168769836426,374007520,1267770112,8.5,0.14918887615203857,86.80000305175781,12,1,69.54000091552734,-92.55000305175781,83.62000274658203,-21.049999237060547,0.0,128338,128344,128339,128342,0,128344,STANDBY
2.440000057220459,9.5,-0.05999999865889549,0.0,-0.10000000149011612,-0.699999988079071,1021.5538940429688,23.450000762939453,10.224899291992188,1.38609778881073,374007520,1267770112,8.5,0.14918887615203857,86.80000305175781,12,1,69.6500015258789,-92.56999969482422,83.68000030517578,-20.959999084472656,0.0,128438,128444,128436,128435,0,128444,STANDBY
2.549999952316284,9.460000038146973,-0.05000000074505806,0.0,0.0,-0.30000001192092896,1021.4334106445312,23.3700008392334,11.203768730163574,4.019484996795654,374007520,1267770112,8.5,0.14918887615203857,86.80000305175781,12,1,69.76000213623047,-92.58999633789062,83.83000183105469,-21.049999237060547,0.0,128538,128544,128533,128532,0,128544,STANDBY
2.319999933242798,9.550000190734863,-0.05000000074505806,-0.30000001192092896,-0.10000000149011612,-4.300000190734863,1021.5186157226562,23.420000076293945,10.513107299804688,0.3623538911342621,374007520,1267770112,8.5,0.14918887615203857,86.80000305175781,12,1,70.18000030517578,-92.54000091552734,83.77999877929688,-20.850000381469727,0.0,128638,128644,128629,128628,0,128644,STANDBY
2.450000047683716,9.489999771118164,-0.07000000029802322,0.0,-0.10000000149011612,0.30000001192092896,1021.5946044921875,23.469999313354492,9.895147323608398,-1.745565414428711,374007520,1267770112,8.5,0.14918887615203857,86.80000305175781,12,1,70.25,-92.55000305175781,83.83000183105469,-20.690000534057617,0.0,128738,128744,128742,128742,0,128744,STANDBY
2.380000114440918,9.520000457763672,-0.05000000074505806,-1.2999999523162842,-1.100000023841858,-9.399999618530273,1021.6649780273438,23.510000228881836,9.32392406463623,-2.9450764656066895,374007520,1267770112,8.5,0.14918887615203857,86.80000305175781,12,1,70.93000030517578,-92.38999938964844,83.77999877929688,-20.56999969482422,0.0,128839,128844,128838,128837,0,128844,STANDBY
2.2100000381469727,9.5600004196167,-0.03999999910593033,-0.800000011920929,-1.7999999523162842,-4.699999809265137,1021.5420532226562,23.43000030517578,10.320968627929688,1.3056936264038086,374007520,1267770112,8.5,0.14918887615203857,86.80000305175781,12,1,71.9000015258789,-92.05999755859375,83.69000244140625,-20.290000915527344,0.0,128939,128944,128934,128934,0,128944,STANDBY
2.2200000286102295,9.550000190734863,-0.029999999329447746,-1.0,-1.7999999523162842,-6.099999904632568,1021.4232788085938,23.350000381469727,11.284258842468262,3.918172597885132,374007520,1267770112,8.5,0.14918887615203857,86.80000305175781,12,1,72.5999984741211,-91.79000091552734,83.7699966430664,-20.270000457763672,0.0,129039,129044,129032,129031,0,129044,STANDBY
1.9700000286102295,9.630000114440918,-0.009999999776482582,-1.100000023841858,-2.9000000953674316,-6.5,1021.5010986328125,23.399999618530273,10.653316497802734,0.4886150360107422,374007520,1267770112,8.5,0.14918887615203857,86.80000305175781,12,1,73.86000061035156,-91.20999908447266,83.7699966430664,-20.06999969482422,0.0,129139,129144,129144,129143,0,129144,STANDBY
1.809999942779541,9.649999618530273,0.0,-0.20000000298023224,-0.20000000298023224,-1.0,1021.5792236328125,23.450000762939453,10.01977825164795,-1.7146087884902954,374007520,1267770112,8.5,0.19548887014389038,86.80000305175781,12,1,74.45999908447266,-91.0199966430664,83.83000183105469,-20.079999923706055,0.0,129239,129245,129241,129243,0,129245,STANDBY
1.8600000143051147,9.649999618530273,0.0,0.30000001192092896,0.0,3.299999952316284,1021.653564453125,23.5,9.417396545410156,-3.0249710083007812,374007520,1267770112,7.599999904632568,0.19548887014389038,86.80000305175781,12,1,75.04000091552734,-91.0199966430664,84.55999755859375,-21.139999389648438,0.0,129339,129345,129337,129337,0,129345,STANDBY
2.069999933242798,9.609999656677246,-0.03999999910593033,0.20000000298023224,0.0,1.5,1021.5252075195312,23.40999984741211,10.45858097076416,1.3958085775375366,374007520,1267770112,7.599999904632568,0.19548887014389038,86.80000305175781,12,1,74.9000015258789,-91.22000122070312,85.08999633789062,-21.809999465942383,0.0,129439,129445,129433,129433,0,129445,STANDBY
2.0299999713897705,9.59000015258789,-0.03999999910593033,-0.10000000149011612,0.0,-1.600000023841858,1021.408935546875,23.34000015258789,11.401100158691406,3.90937876701355,374007520,1267770112,7.599999904632568,0.19548887014389038,86.80000305175781,12,1,74.93000030517578,-91.33999633789062,85.41000366210938,-22.209999084472656,0.0,129539,129545,129530,129529,0,129545,STANDBY
1.9199999570846558,9.640000343322754,-0.009999999776482582,0.0,-0.10000000149011612,0.4000000059604645,1021.467041015625,23.3700008392334,10.93113899230957,0.9981268048286438,374007520,1267770112,7.599999904632568,0.19548887014389038,86.80000305175781,12,1,75.16999816894531,-91.33999633789062,85.70999908447266,-22.700000762939453,0.0,129639,129645,129642,129642,0,129645,STANDBY
1.9600000381469727,9.619999885559082,-0.019999999552965164,-0.10000000149011612,0.0,-0.20000000298023224,1021.5496826171875,23.420000076293945,10.25865364074707,-1.513152003288269,374007520,1267770112,7.599999904632568,0.19548887014389038,86.80000305175781,12,1,75.19999694824219,-91.33999633789062,85.87000274658203,-22.940000534057617,0.0,129739,129745,129738,129738,0,129745,STANDBY
2.130000114440918,9.579999923706055,-0.029999999329447746,0.10000000149011612,0.0,1.899999976158142,1021.6257934570312,23.469999313354492,9.643289566040039,-2.937582492828369,374007520,1267770112,7.599999904632568,0.19548887014389038,86.80000305175781,12,1,75.11000061035156,-91.38999938964844,86.06999969482422,-23.239999771118164,0.0,129839,129845,129836,129835,0,129845,STANDBY
2.049999952316284,9.609999656677246,-0.019999999552965164,0.0,0.0,-0.20000000298023224,1021.5010986328125,23.389999389648438,10.653316497802734,1.3520334959030151,374007520,1267770112,7.599999904632568,0.19548887014389038,86.80000305175781,12,1,75.19999694824219,-91.41000366210938,86.12999725341797,-23.3799991607666,0.0,129939,129945,129932,129931,0,129945,STANDBY
2.059999942779541,9.600000381469727,-0.019999999552965164,0.0,0.0,0.6000000238418579,1021.405029296875,23.31999969482422,11.432257652282715,3.3579132556915283,374007520,1267770112,7.599999904632568,0.19548887014389038,86.80000305175781,12,1,75.19999694824219,-91.37999725341797,86.02999877929688,-23.31999969482422,0.0,130039,130045,130044,130043,0,130045,STANDBY
2.069999933242798,9.579999923706055,-0.03999999910593033,0.0,0.0,0.6000000238418579,1021.34375,23.280000686645508,11.930779457092285,3.7443344593048096,374007488,1267770112,7.599999904632568,0.13375554978847504,86.80000305175781,12,1,75.12000274658203,-91.4000015258789,86.01000213623047,-23.299999237060547,0.0,130139,130145,130141,130142,0,130145,STANDBY
2.059999942779541,9.609999656677246,-0.029999999329447746,0.0,0.0,0.10000000149011612,1021.43017578125,23.34000015258789,11.22973346710205,0.15302696824073792,374007488,1267770112,7.599999904632568,0.13375554978847504,86.80000305175781,12,1,75.26000213623047,-91.38999938964844,86.16999816894531,-23.579999923706055,0.0,130239,130245,130237,130237,0,130245,STANDBY
2.0799999237060547,9.579999923706055,-0.019999999552965164,0.0,0.0,-0.4000000059604645,1021.5142211914062,23.389999389648438,10.54686164855957,-2.087252616882324,374007488,1267770112,7.599999904632568,0.13375554978847504,86.80000305175781,12,1,75.44000244140625,-91.37999725341797,86.31999969482422,-23.860000610351562,0.0,130339,130345,130334,130333,0,130345,STANDBY
2.059999942779541,9.600000381469727,-0.029999999329447746,-0.10000000149011612,0.0,-1.2000000476837158,1021.427734375,23.329999923706055,11.247908592224121,0.8635212779045105,374007488,1267770112,7.599999904632568,0.13375554978847504,86.80000305175781,12,1,75.62999725341797,-91.36000061035156,86.41999816894531,-24.079999923706055,0.0,130440,130445,130430,130429,0,130445,STANDBY
1.940000057220459,9.420000076293945,-0.07999999821186066,0.0,0.0,0.0,1021.34716796875,23.270000457763672,11.90221881866455,2.646446466445923,374007488,1267770112,7.599999904632568,0.13375554978847504,86.80000305175781,12,1,75.58000183105469,-91.30999755859375,86.18000030517578,-23.799999237060547,0.0,130540,130545,130543,130543,0,130545,STANDBY
2.059999942779541,9.65999984741211,-0.05999999865889549,0.0,0.0,-0.5,1021.2677612304688,23.219999313354492,12.546143531799316,3.754284620285034,374007488,1267770112,7.599999904632568,0.13375554978847504,86.80000305175781,12,1,75.56999969482422,-91.33999633789062,86.23999786376953,-23.84000015258789,0.0,130640,130646,130639,130638,0,130646,STANDBY
2.059999942779541,9.5600004196167,-0.05000000074505806,-0.20000000298023224,0.0,-0.20000000298023224,1021.361083984375,23.280000686645508,11.790570259094238,-0.015092277899384499,374007488,1267770112,7.599999904632568,0.13375554978847504,86.80000305175781,12,1,75.7300033569336,-91.4000015258789,86.47000122070312,-24.190000534057617,0.0,130740,130746,130736,130736,0,130746,STANDBY
2.069999933242798,9.609999656677246,0.009999999776482582,0.10000000149011612,-0.20000000298023224,1.399999976158142,1021.44873046875,23.329999923706055,11.079137802124023,-2.286242961883545,374007488,1267770112,7.599999904632568,0.13375554978847504,86.80000305175781,12,1,75.69000244140625,-91.27999877929688,86.31999969482422,-24.100000381469727,0.0,130840,130846,130832,130832,0,130846,STANDBY
1.9900000095367432,9.609999656677246,-0.019999999552965164,-0.10000000149011612,0.0,-0.800000011920929,1021.3585815429688,23.270000457763672,11.811342239379883,0.879858672618866,374007488,1267770112,7.599999904632568,0.13375554978847504,86.80000305175781,12,1,75.66999816894531,-91.3499984741211,86.3499984741211,-24.149999618530273,0.0,130940,130946,130945,130945,0,130946,STANDBY
1.9500000476837158,9.600000381469727,-0.03999999910593033,0.0,0.0,0.6000000238418579,1021.2800903320312,23.219999313354492,12.447477340698242,2.5987420082092285,374007488,1267770112,7.599999904632568,0.13375554978847504,86.80000305175781,12,1,75.87999725341797,-91.41000366210938,86.61000061035156,-24.540000915527344,0.0,131040,131046,131041,131043,0,131046,STANDBY
1.9800000190734863,9.670000076293945,0.009999999776482582,0.0,0.0,-0.800000011920929,1021.1953125,23.170000076293945,13.135541915893555,3.865001678466797,374007488,1267770112,7.599999904632568,0.13375554978847504,86.80000305175781,12,1,75.63999938964844,-91.37999725341797,86.23999786376953,-24.049999237060547,0.0,131140,131146,131137,131137,0,131146,STANDBY
2.109999895095825,9.65999984741211,-0.05999999865889549,-0.20000000298023224,-0.10000000149011612,0.8999999761581421,1021.2940673828125,23.229999542236328,12.333232879638672,-0.0937877669930458,374007488,1267770112,7.599999904632568,0.29323330521583557,80.75,12,1,75.83999633789062,-91.51000213623047,86.69000244140625,-24.65999984741211,0.0,131240,131246,131234,131233,0,131246,STANDBY
1.909999966621399,9.369999885559082,-0.09000000357627869,0.0,0.10000000149011612,-0.800000011920929,1021.3847045898438,23.280000686645508,11.598431587219238,-2.411388397216797,374007488,1267770112,8.0,0.29323330521583557,80.75,12,1,75.79000091552734,-91.48999786376953,86.44000244140625,-24.350000381469727,0.0,131340,131346,131347,131346,0,131346,STANDBY
2.049999952316284,9.65999984741211,-0.009999999776482582,0.10000000149011612,0.0,-0.4000000059604645,1021.3062744140625,23.229999542236328,12.234566688537598,0.4923437237739563,374007488,1267770112,8.0,0.29323330521583557,80.75,12,1,75.94000244140625,-91.41000366210938,86.66000366210938,-24.709999084472656,0.0,131440,131446,131443,131444,0,131446,STANDBY
2.0,9.630000114440918,-0.07999999821186066,0.0,0.0,1.100000023841858,1021.2284545898438,23.18000030517578,12.865509033203125,2.334115505218506,374007488,1267770112,8.0,0.29323330521583557,80.75,12,1,75.79000091552734,-91.5199966430664,86.62000274658203,-24.6299991607666,0.0,131540,131546,131539,131534,0,131546,STANDBY
1.940000057220459,9.579999923706055,0.0,0.0,0.0,-0.5,1021.153564453125,23.1299991607666,13.47308349609375,3.4380722045898438,374007488,1267770112,8.0,0.29323330521583557,80.75,12,1,75.98999786376953,-91.44999694824219,86.6500015258789,-24.75,0.0,131640,131646,131636,131635,0,131646,STANDBY
1.9900000095367432,9.680000305175781,-0.009999999776482582,-0.30000001192092896,0.0,-0.4000000059604645,1021.2562255859375,23.190000534057617,12.642212867736816,-0.4584197998046875,374007488,1267770112,8.0,0.29323330521583557,80.75,12,1,75.76000213623047,-91.51000213623047,86.38999938964844,-24.3799991607666,0.0,131740,131746,131732,131732,0,131746,STANDBY
1.9299999475479126,9.529999732971191,-0.029999999329447746,0.0,0.0,-0.20000000298023224,1021.3490600585938,23.25,11.886639595031738,-2.7112233638763428,374007488,1267770112,8.0,0.29323330521583557,80.75,12,1,75.79000091552734,-91.37000274658203,86.22000122070312,-24.18000030517578,0.0,131840,131846,131845,131845,0,131846,STANDBY
2.0199999809265137,9.6899995803833,-0.019999999552965164,0.10000000149011612,0.0,0.30000001192092896,1021.2628173828125,23.190000534057617,12.587686538696289,0.5081672668457031,374007488,1267770112,8.0,0.29323330521583557,80.75,12,1,75.75,-91.36000061035156,86.16000366210938,-24.06999969482422,0.0,131940,131946,131942,131944,0,131946,STANDBY
2.009999990463257,9.5600004196167,-0.05000000074505806,0.0,0.0,0.8999999761581421,1021.1826782226562,23.139999389648438,13.236804008483887,2.402402877807617,374007488,1267770112,8.0,0.29323330521583557,80.75,12,1,75.47000122070312,-91.5199966430664,85.9800033569336,-23.709999084472656,0.0,132040,132046,132038,132035,0,132046,STANDBY
1.9800000190734863,9.579999923706055,-0.029999999329447746,0.10000000149011612,0.0,0.20000000298023224,1021.1051635742188,23.09000015258789,13.867746353149414,3.556553363800049,374007520,1267770112,8.0,0.3858333230018616,52.43000030517578,12,1,75.37000274658203,-91.54000091552734,85.83999633789062,-23.399999618530273,0.0,132140,132146,132134,132133,0,132146,STANDBY
2.059999942779541,9.65999984741211,-0.019999999552965164,0.0,-0.10000000149011612,-0.5,1021.2078247070312,23.149999618530273,13.034279823303223,-0.3908987045288086,374007520,1267770112,8.0,0.3858333230018616,52.43000030517578,12,1,75.43000030517578,-91.62000274658203,86.06999969482422,-23.6299991607666,0.0,132240,132246,132231,132230,0,132246,STANDBY
1.850000023841858,9.539999961853027,-0.009999999776482582,0.0,0.0,0.4000000059604645,1021.3062744140625,23.209999084472656,12.234566688537598,-2.8092572689056396,374007520,1267770112,8.0,0.3858333230018616,52.43000030517578,12,1,75.55000305175781,-91.58000183105469,86.04000091552734,-23.579999923706055,0.0,132340,132346,132343,132343,0,132346,STANDBY
2.119999885559082,9.649999618530273,-0.05999999865889549,0.10000000149011612,0.0,0.20000000298023224,1021.2176513671875,23.149999618530273,12.953788757324219,0.5035859942436218,374007520,1267770112,8.0,0.3858333230018616,52.43000030517578,12,1,75.41000366210938,-91.61000061035156,85.91999816894531,-23.299999237060547,0.0,132440,132446,132440,132439,0,132446,STANDBY
1.9700000286102295,9.609999656677246,-0.029999999329447746,0.0,-0.20000000298023224,-0.4000000059604645,1021.1314697265625,23.09000015258789,13.652239799499512,2.5573384761810303,374007520,1267770112,8.0,0.3858333230018616,52.43000030517578,12,1,75.41999816894531,-91.75,86.08999633789062,-23.40999984741211,0.0,132540,132546,132536,132535,0,132546,STANDBY
1.940000057220459,9.5600004196167,-0.019999999552965164,0.0,0.0,-0.30000001192092896,1021.04638671875,23.040000915527344,14.342900276184082,3.8468101024627686,374007520,1267770112,8.0,0.3858333230018616,52.43000030517578,12,1,75.54000091552734,-91.62000274658203,86.04000091552734,-23.299999237060547,0.0,132640,132646,132632,132632,0,132646,STANDBY
2.069999933242798,9.680000305175781,-0.05000000074505806,0.0,0.0,-0.20000000298023224,1021.1546630859375,23.110000610351562,13.465293884277344,-0.3463819622993469,374007520,1267770112,8.0,0.3858333230018616,52.43000030517578,12,1,75.61000061035156,-91.66000366210938,86.18000030517578,-23.420000076293945,0.0,132740,132746,132745,132745,0,132746,STANDBY
1.909999966621399,9.569999694824219,0.0,-0.20000000298023224,-0.10000000149011612,-1.2000000476837158,1021.2550659179688,23.170000076293945,12.650002479553223,-2.8306169509887695,374007520,1267770112,8.0,0.3858333230018616,52.43000030517578,12,1,75.75,-91.62999725341797,86.23999786376953,-23.450000762939453,0.0,132840,132846,132842,132843,0,132846,STANDBY
1.9900000095367432,9.609999656677246,-0.019999999552965164,0.0,-0.10000000149011612,-0.20000000298023224,1021.1724853515625,23.110000610351562,13.319890975952148,0.332048237323761,374007520,1267770112,8.0,0.3858333230018616,52.43000030517578,12,1,75.7699966430664,-91.45999908447266,85.97000122070312,-23.030000686645508,0.0,132940,132946,132938,132937,0,132946,STANDBY
2.0299999713897705,9.65999984741211,-0.019999999552965164,-0.10000000149011612,-0.20000000298023224,-0.6000000238418579,1021.09033203125,23.049999237060547,13.987184524536133,2.3478503227233887,374007520,1267770112,8.0,0.3858333230018616,52.43000030517578,12,1,75.94999694824219,-91.4800033569336,86.19000244140625,-23.25,0.0,133040,133046,133035,133033,0,133046,STANDBY
1.9800000190734863,9.579999923706055,-0.019999999552965164,0.0,-0.10000000149011612,0.10000000149011612,1021.0109252929688,23.0,14.631109237670898,3.563183307647705,374007520,1267770112,8.0,0.3858333230018616,52.43000030517578,12,1,76.0,-91.48999786376953,86.31999969482422,-23.3700008392334,0.0,133140,133146,133131,133130,0,133146,STANDBY
1.9700000286102295,9.640000343322754,0.0,-0.10000000149011612,0.0,-1.0,1021.1203002929688,23.06999969482422,13.74311637878418,-0.5611398816108704,374007584,1267770112,8.0,0.2417888641357422,43.5099983215332,12,1,76.16999816894531,-91.33000183105469,86.27999877929688,-23.329999923706055,0.0,133240,133246,133243,133244,0,133246,STANDBY
1.9500000476837158,9.600000381469727,0.0,-0.10000000149011612,-0.20000000298023224,0.20000000298023224,1021.2212524414062,23.139999389648438,12.925228118896484,-2.925053596496582,374007584,1267770112,7.599999904632568,0.2417888641357422,43.5099983215332,12,1,76.38999938964844,-91.25,86.37000274658203,-23.450000762939453,0.0,133341,133346,133341,133340,0,133346,STANDBY
1.9199999570846558,9.59000015258789,-0.009999999776482582,0.0,-0.20000000298023224,0.10000000149011612,1021.13720703125,23.079999923706055,13.60550308227539,0.3048456311225891,374007584,1267770112,7.599999904632568,0.2417888641357422,43.5099983215332,12,1,76.48999786376953,-91.20999908447266,86.52999877929688,-23.639999389648438,0.0,133441,133446,133437,133436,0,133446,STANDBY
1.9700000286102295,9.649999618530273,-0.009999999776482582,0.0,0.0,0.10000000149011612,1021.0570068359375,23.030000686645508,14.257217407226562,2.2805869579315186,374007584,1267770112,7.599999904632568,0.2417888641357422,43.5099983215332,12,1,76.44000244140625,-91.16999816894531,86.41999816894531,-23.459999084472656,0.0,133541,133547,133533,133532,0,133547,STANDBY
1.9700000286102295,9.640000343322754,0.0,0.0,0.0,0.0,1020.982177734375,22.979999542236328,14.864790916442871,3.403810977935791,374007584,1267770112,7.599999904632568,0.2417888641357422,43.5099983215332,12,1,76.37000274658203,-91.18000030517578,86.41000366210938,-23.350000381469727,0.0,133641,133647,133646,133645,0,133647,STANDBY
1.9199999570846558,9.59000015258789,0.0,0.0,0.0,0.30000001192092896,1021.0911865234375,23.049999237060547,13.979394912719727,-0.6548280715942383,374007584,1267770112,7.599999904632568,0.2417888641357422,43.5099983215332,12,1,76.44000244140625,-91.08000183105469,86.37000274658203,-23.299999237060547,0.0,133741,133747,133742,133744,0,133747,STANDBY
1.9500000476837158,9.619999885559082,-0.009999999776482582,0.10000000149011612,0.0,0.4000000059604645,1021.199462890625,23.110000610351562,13.101787567138672,-3.227433443069458,374007584,1267770112,7.599999904632568,0.2417888641357422,43.5099983215332,12,1,76.30000305175781,-91.12000274658203,86.25,-23.059999465942383,0.0,133841,133847,133838,133837,0,133847,STANDBY
1.940000057220459,9.600000381469727,0.0,0.0,-0.10000000149011612,0.30000001192092896,1021.1199340820312,23.059999465942383,13.745712280273438,-0.004998398013412952,374007584,1267770112,7.599999904632568,0.2417888641357422,43.5099983215332,12,1,76.30000305175781,-91.12000274658203,86.31999969482422,-23.06999969482422,0.0,133941,133947,133936,133935,0,133947,STANDBY
1.9700000286102295,9.640000343322754,0.0,0.0,-0.10000000149011612,0.10000000149011612,1021.0413818359375,23.010000228881836,14.384444236755371,2.040743350982666,374007584,1267770112,7.599999904632568,0.2417888641357422,43.5099983215332,12,1,76.4800033569336,-91.02999877929688,86.5,-23.280000686645508,0.0,134041,134047,134047,134046,0,134047,STANDBY
1.9700000286102295,9.630000114440918,-0.009999999776482582,0.0,-0.10000000149011612,-0.10000000149011612,1020.9683837890625,22.959999084472656,14.976439476013184,3.200460433959961,374007584,1267770112,7.599999904632568,0.03601111099123955,43.5099983215332,12,1,76.48999786376953,-91.04000091552734,86.52999877929688,-23.260000228881836,0.0,134141,134147,134144,134146,0,134147,STANDBY
1.8700000047683716,9.579999923706055,0.0,0.0,-0.10000000149011612,-0.10000000149011612,1021.0817260742188,23.030000686645508,14.057289123535156,-0.8929864764213562,374007584,1267770112,7.599999904632568,0.03601111099123955,43.5099983215332,12,1,76.56999969482422,-90.97000122070312,86.48999786376953,-23.170000076293945,0.0,134241,134247,134240,134239,0,134247,STANDBY
1.9500000476837158,9.630000114440918,0.0,0.0,-0.10000000149011612,0.20000000298023224,1021.1883544921875,23.100000381469727,13.19266414642334,-3.3383114337921143,374007584,1267770112,7.400000095367432,0.03601111099123955,43.5099983215332,12,1,76.62999725341797,-90.93000030517578,86.5,-23.170000076293945,0.0,134341,134347,134336,134335,0,134347,STANDBY
1.9500000476837158,9.619999885559082,-0.009999999776482582,-0.10000000149011612,-0.10000000149011612,-0.10000000149011612,1021.1084594726562,23.040000915527344,13.83918571472168,-0.06765041500329971,374007584,1267770112,7.400000095367432,0.03601111099123955,43.5099983215332,12,1,76.56999969482422,-90.97000122070312,86.4800033569336,-23.049999237060547,0.0,134441,134447,134432,134432,0,134447,STANDBY
1.9199999570846558,9.619999885559082,0.0,0.0,0.0,0.10000000149011612,1021.0306396484375,22.989999771118164,14.472723960876465,1.9840261936187744,374007584,1267770112,7.400000095367432,0.03601111099123955,43.5099983215332,12,1,76.7300033569336,-90.87999725341797,86.5999984741211,-23.200000762939453,0.0,134541,134547,134545,134544,0,134547,STANDBY
1.9500000476837158,9.619999885559082,0.0,0.0,0.0,0.30000001192092896,1020.95556640625,22.940000534057617,15.08029842376709,3.214015245437622,374007584,1267770112,7.400000095367432,0.03601111099123955,43.5099983215332,12,1,76.62999725341797,-90.87000274658203,86.5,-23.010000228881836,0.0,134641,134647,134641,134641,0,134647,STANDBY
1.9299999475479126,9.600000381469727,-0.009999999776482582,0.0,-0.10000000149011612,0.10000000149011612,1021.0731201171875,23.020000457763672,14.12739372253418,-0.9923252463340759,374007584,1267770112,7.400000095367432,0.03601111099123955,43.5099983215332,12,1,76.66000366210938,-90.91000366210938,86.63999938964844,-23.110000610351562,0.0,134742,134747,134737,134736,0,134747,STANDBY
1.9299999475479126,9.630000114440918,0.0,0.10000000149011612,-0.10000000149011612,0.5,1021.17822265625,23.09000015258789,13.273155212402344,-3.3686516284942627,374007584,1267770112,7.400000095367432,0.03601111099123955,43.5099983215332,12,1,76.48999786376953,-90.8499984741211,86.41999816894531,-22.739999771118164,0.0,134842,134847,134834,134834,0,134847,STANDBY
1.9700000286102295,9.630000114440918,0.0,0.0,0.0,0.10000000149011612,1021.0980224609375,23.030000686645508,13.9248685836792,-0.07045421749353409,374007584,1267770112,7.400000095367432,0.03601111099123955,43.5099983215332,12,1,76.44999694824219,-90.86000061035156,86.4000015258789,-22.6299991607666,0.0,134942,134947,134946,134946,0,134947,STANDBY
1.940000057220459,9.609999656677246,0.0,0.0,-0.10000000149011612,0.0,1021.0248413085938,22.979999542236328,14.519460678100586,1.8576040267944336,374007584,1267770112,7.400000095367432,0.03601111099123955,43.5099983215332,12,1,76.4800033569336,-90.86000061035156,86.41000366210938,-22.579999923706055,0.0,135042,135047,135043,135045,0,135047,STANDBY
1.9299999475479126,9.619999885559082,0.0,0.0,0.0,0.10000000149011612,1020.9517822265625,22.940000534057617,15.111455917358398,3.083251476287842,374007584,1267770112,7.400000095367432,0.03601111099123955,43.5099983215332,12,1,76.41999816894531,-90.83000183105469,86.27999877929688,-22.31999969482422,0.0,135142,135147,135140,135139,0,135147,STANDBY
1.9800000190734863,9.609999656677246,0.0,0.0,0.0,0.4000000059604645,1021.0634155273438,23.010000228881836,14.20528793334961,-0.9160707592964172,374007584,1267770112,7.400000095367432,0.046299997717142105,43.5099983215332,12,1,76.41999816894531,-90.8499984741211,86.37000274658203,-22.34000015258789,0.0,135242,135247,135235,135235,0,135247,STANDBY
1.9500000476837158,9.630000114440918,-0.009999999776482582,0.0,0.0,0.10000000149011612,1021.1724853515625,23.079999923706055,13.319890975952148,-3.4195556640625,374007584,1267770112,7.099999904632568,0.046299997717142105,43.5099983215332,12,1,76.45999908447266,-90.9000015258789,86.52999877929688,-22.459999084472656,0.0,135342,135347,135331,135331,0,135347,STANDBY
1.9500000476837158,9.630000114440918,-0.009999999776482582,0.0,0.0,-0.20000000298023224,1021.0906372070312,23.020000457763672,13.984587669372559,-0.061486244201660156,374007584,1267770112,7.099999904632568,0.046299997717142105,43.5099983215332,12,1,76.43000030517578,-90.93000030517578,86.48999786376953,-22.280000686645508,0.0,135442,135447,135444,135445,0,135447,STANDBY
1.9500000476837158,9.609999656677246,0.0,0.0,0.0,0.0,1021.01513671875,22.969999313354492,14.597354888916016,1.9111179113388062,374007584,1267770112,7.099999904632568,0.046299997717142105,43.5099983215332,12,1,76.41999816894531,-90.93000030517578,86.4800033569336,-22.18000030517578,0.0,135542,135547,135540,135536,0,135547,STANDBY
2.0,9.609999656677246,-0.019999999552965164,0.0,0.0,0.10000000149011612,1020.9420166015625,22.93000030517578,15.191946029663086,3.125807285308838,374007584,1267770112,7.099999904632568,0.046299997717142105,43.5099983215332,12,1,76.47000122070312,-90.9800033569336,86.61000061035156,-22.239999771118164,0.0,135642,135647,135636,135636,0,135647,STANDBY
1.9800000190734863,9.630000114440918,0.0,0.0,-0.10000000149011612,0.20000000298023224,1021.1643676757812,23.0,13.38480281829834,-4.465733051300049,374007584,1267770112,7.099999904632568,0.046299997717142105,43.5099983215332,12,1,76.26000213623047,-91.0,86.4000015258789,-21.809999465942383,0.0,135742,135747,135734,135733,0,135747,STANDBY
2.0,9.609999656677246,0.0,0.0,0.0,0.30000001192092896,1021.0889282226562,23.020000457763672,13.997570037841797,-0.4070003032684326,374007584,1267770112,7.099999904632568,0.046299997717142105,43.5099983215332,12,1,76.33000183105469,-91.04000091552734,86.5999984741211,-21.950000762939453,0.0,135842,135847,135845,135846,0,135847,STANDBY
1.9500000476837158,9.609999656677246,-0.009999999776482582,0.20000000298023224,-0.20000000298023224,1.100000023841858,1021.0111083984375,22.959999084472656,14.631109237670898,2.273676633834839,374007584,1267770112,7.099999904632568,0.046299997717142105,43.5099983215332,12,1,76.30999755859375,-91.0999984741211,86.69999694824219,-21.940000534057617,0.0,135942,135947,135943,135942,0,135947,STANDBY
1.9800000190734863,9.619999885559082,0.0,0.10000000149011612,-0.30000001192092896,0.800000011920929,1020.9398193359375,22.920000076293945,15.210121154785156,3.771200656890869,374007584,1267770112,7.099999904632568,0.046299997717142105,43.5099983215332,12,1,76.27999877929688,-91.16999816894531,86.9000015258789,-22.06999969482422,0.0,136042,136047,136039,136036,0,136047,STANDBY
2.009999990463257,9.619999885559082,-0.009999999776482582,0.20000000298023224,-0.5,2.700000047683716,1021.056884765625,22.989999771118164,14.257217407226562,-1.3980464935302734,374007584,1267770112,7.099999904632568,0.041155554354190826,43.5099983215332,12,1,76.11000061035156,-91.2300033569336,87.02999877929688,-22.049999237060547,0.0,136142,136147,136135,136134,0,136147,STANDBY
1.850000023841858,9.6899995803833,0.0,0.0,-1.399999976158142,31.799999237060547,1021.1677856445312,23.059999465942383,13.358838081359863,-4.488266944885254,374007584,1267770112,7.099999904632568,0.041155554354190826,43.5099983215332,12,1,74.63999938964844,-91.41999816894531,87.5,-22.270000457763672,0.0,136242,136247,136248,136247,0,136247,STANDBY
2.619999885559082,9.510000228881836,0.05000000074505806,-0.800000011920929,-1.399999976158142,72.9000015258789,1021.076416015625,23.0,14.098832130432129,0.08748531341552734,374007584,1267770112,7.0,0.041155554354190826,43.5099983215332,12,1,69.02999877929688,-90.93000030517578,87.80000305175781,-21.739999771118164,0.0,136342,136347,136344,136345,0,136347,STANDBY
6.400000095367432,8.359999656677246,-0.10999999940395355,4.900000095367432,19.200000762939453,121.69999694824219,1020.9890747070312,22.950000762939453,14.81026554107666,2.901724338531494,374007584,1267770112,7.0,0.041155554354190826,43.5099983215332,12,1,56.41999816894531,-91.05999755859375,87.66000366210938,-20.829999923706055,0.0,136442,136448,136441,136440,0,136448,STANDBY
8.09000015258789,5.260000228881836,0.14000000059604645,23.200000762939453,21.200000762939453,134.8000030517578,1020.9026489257812,22.889999389648438,15.511312484741211,4.661291122436523,374007584,1267770112,7.0,0.041155554354190826,43.5099983215332,12,1,39.939998626708984,-93.97000122070312,88.26000213623047,-20.899999618530273,0.0,136542,136548,136538,136536,0,136548,STANDBY
7.809999942779541,6.019999980926514,-0.3400000035762787,-14.100000381469727,-7.699999809265137,80.0,1021.01904296875,22.969999313354492,14.566197395324707,-0.7972338199615479,374007584,1267770112,7.0,0.041155554354190826,43.5099983215332,12,1,27.43000030517578,-93.93000030517578,89.11000061035156,-18.0,0.0,136642,136648,136634,136633,0,136648,STANDBY
7.340000152587891,7.699999809265137,0.14000000059604645,-14.5,-13.399999618530273,52.900001525878906,1021.1234130859375,23.040000915527344,13.719747543334961,-3.896028995513916,374007584,1267770112,7.0,0.041155554354190826,43.5099983215332,12,1,20.989999771118164,-91.47000122070312,89.5999984741211,-12.640000343322754,0.0,136742,136748,136747,136748,0,136748,STANDBY
8.40999984741211,4.510000228881836,-0.11999999731779099,-0.8999999761581421,-0.4000000059604645,93.30000305175781,1021.0363159179688,22.979999542236328,14.425987243652344,0.3315002918243408,374007584,1267770112,7.0,0.041155554354190826,43.5099983215332,12,1,13.329999923706055,-90.88999938964844,90.69999694824219,-8.699999809265137,0.0,136842,136848,136843,136845,0,136848,STANDBY
9.979999542236328,2.140000104904175,0.0,-1.100000023841858,3.9000000953674316,121.19999694824219,1020.9469604492188,22.93000030517578,15.150403022766113,3.109823226928711,374007584,1267770112,7.0,0.041155554354190826,43.5099983215332,12,1,1.2200000286102295,-90.80999755859375,91.33000183105469,-3.9000000953674316,0.0,136942,136948,136938,136938,0,136948,STANDBY
9.859999656677246,0.23999999463558197,0.0,-0.20000000298023224,-0.800000011920929,92.80000305175781,1020.8605346679688,22.8700008392334,15.851449966430664,4.7944746017456055,374007584,1267770112,7.0,0.041155554354190826,43.5099983215332,12,1,-10.470000267028809,-90.7300033569336,93.05000305175781,2.759999990463257,0.0,137042,137048,137033,137032,0,137048,STANDBY
9.819999694824219,-1.25,-0.019999999552965164,0.10000000149011612,-0.5,41.79999923706055,1020.9785766601562,22.950000762939453,14.893352508544922,-0.7639260292053223,374007584,1267770112,7.0,0.041155554354190826,43.5099983215332,12,1,-19.06999969482422,-90.73999786376953,95.38999938964844,11.220000267028809,0.0,137142,137148,137145,137146,0,137148,STANDBY
9.770000457763672,-1.399999976158142,0.0,0.0,0.0,-9.800000190734863,1021.0882568359375,23.020000457763672,14.002762794494629,-4.051271438598633,374007520,1267770112,7.0,0.06173333153128624,43.5099983215332,12,1,-21.049999237060547,-90.7300033569336,97.2300033569336,17.799999237060547,0.0,137242,137248,137241,137240,0,137248,STANDBY
9.850000381469727,-0.8299999833106995,-0.009999999776482582,-0.10000000149011612,0.0,-20.700000762939453,1020.99951171875,22.959999084472656,14.724581718444824,0.2944619655609131,374007520,1267770112,7.300000190734863,0.06173333153128624,43.5099983215332,12,1,-19.229999542236328,-90.72000122070312,98.2699966430664,23.3700008392334,0.0,137342,137348,137337,137336,0,137348,STANDBY
9.84000015258789,-0.9399999976158142,-0.019999999552965164,-0.20000000298023224,0.5,-67.5999984741211,1020.91845703125,22.90999984741211,15.381488800048828,2.8160839080810547,374007520,1267770112,7.300000190734863,0.06173333153128624,43.5099983215332,12,1,-15.380000114440918,-90.70999908447266,99.0199966430664,27.950000762939453,0.0,137442,137448,137434,137433,0,137448,STANDBY
9.90999984741211,1.659999966621399,-0.029999999329447746,3.200000047683716,-5.699999809265137,-166.39999389648438,1020.842041015625,22.860000610351562,16.002044677734375,4.284517288208008,374007520,1267770112,7.300000190734863,0.06173333153128624,43.5099983215332,12,1,-0.6200000047683716,-90.80999755859375,98.47000122070312,29.010000228881836,0.0,137542,137548,137544,137545,0,137548,STANDBY
7.329999923706055,6.699999809265137,0.25999999046325684,10.600000381469727,-7.099999904632568,-167.6999969482422,1020.9600219726562,22.940000534057617,15.043947219848633,-1.0151536464691162,374007520,1267770112,7.300000190734863,0.06173333153128624,43.5099983215332,12,1,19.950000762939453,-91.5,98.1500015258789,25.760000228881836,0.0,137643,137648,137640,137639,0,137648,STANDBY
5.440000057220459,6.440000057220459,-0.4399999976158142,-1.7000000476837158,7.099999904632568,53.5,1021.0714111328125,23.010000228881836,14.140376091003418,-4.263982772827148,374007520,1267770112,7.300000190734863,0.06173333153128624,43.5099983215332,12,1,28.209999084472656,-92.2699966430664,97.5199966430664,24.25,0.0,137743,137748,137737,137737,0,137748,STANDBY
9.550000190734863,2.75,-0.12999999523162842,1.5,-1.2999999523162842,44.29999923706055,1021.001953125,22.969999313354492,14.70380973815918,-0.47521448135375977,374007520,1267770112,7.300000190734863,0.06173333153128624,43.5099983215332,12,1,20.15999984741211,-91.95999908447266,95.16000366210938,26.229999542236328,0.0,137843,137848,137849,137848,0,137848,STANDBY
8.59000015258789,4.849999904632568,-0.17000000178813934,-0.5,-1.2999999523162842,-78.80000305175781,1020.920166015625,22.90999984741211,15.36850643157959,2.354649543762207,374007520,1267770112,7.300000190734863,0.06173333153128624,43.5099983215332,12,1,24.229999542236328,-92.02999877929688,94.48999786376953,26.649999618530273,0.0,137943,137948,137946,137946,0,137948,STANDBY
7.5,6.679999828338623,-0.38999998569488525,4.099999904632568,9.0,-124.69999694824219,1020.84130859375,22.860000610351562,16.007238388061523,4.061903476715088,374007520,1267770112,7.300000190734863,0.06173333153128624,43.5099983215332,12,1,34.7599983215332,-92.58000183105469,93.62000274658203,25.399999618530273,0.0,138043,138048,138042,138037,0,138048,STANDBY
6.110000133514404,7.739999771118164,-0.36000001430511475,-4.900000095367432,-1.399999976158142,-136.0,1020.9567260742188,22.940000534057617,15.072508811950684,-1.1392998695373535,374007584,1267770112,7.300000190734863,0.09259999543428421,43.5099983215332,12,1,48.029998779296875,-92.88999938964844,92.55000305175781,24.6299991607666,0.0,138143,138148,138138,138137,0,138148,STANDBY
1.0800000429153442,9.229999542236328,-0.05000000074505806,-1.399999976158142,5.199999809265137,-191.8000030517578,1021.0733032226562,23.010000228881836,14.124796867370605,-4.5199995040893555,374007584,1267770112,7.300000190734863,0.09259999543428421,43.5099983215332,12,1,67.01000213623047,-93.22000122070312,91.54000091552734,24.059999465942383,0.0,138243,138248,138234,138233,0,138248,STANDBY
3.3499999046325684,14.819999694824219,0.5400000214576721,-0.8999999761581421,25.100000381469727,-66.69999694824219,1021.0529174804688,22.989999771118164,14.290970802307129,-2.2281041145324707,374007584,1267770112,7.300000190734863,0.09259999543428421,43.5099983215332,12,1,86.3499984741211,-89.4800033569336,71.11000061035156,40.83000183105469,0.0,138343,138348,138347,138347,0,138348,STANDBY
4.159999847412109,9.020000457763672,0.6700000166893005,0.6000000238418579,6.099999904632568,-37.599998474121094,1020.970703125,22.93000030517578,14.958264350891113,1.2431875467300415,374007584,1267770112,7.300000190734863,0.09259999543428421,43.5099983215332,12,1,84.63999938964844,-93.05999755859375,72.66999816894531,37.52000045776367,0.0,138443,138448,138443,138442,0,138448,STANDBY
-0.6899999976158142,10.319999694824219,0.10000000149011612,8.300000190734863,2.700000047683716,-123.5999984741211,1020.902099609375,22.8799991607666,15.513908386230469,3.018216133117676,374007584,1267770112,7.300000190734863,0.09259999543428421,43.5099983215332,12,1,84.05999755859375,79.0999984741211,-68.12999725341797,177.47000122070312,0.0,138543,138548,138540,138536,0,138548,STANDBY
-3.2100000381469727,8.920000076293945,-0.14000000059604645,4.199999809265137,-5.400000095367432,-50.70000076293945,1021.0240478515625,22.959999084472656,14.524653434753418,-2.0253615379333496,374007584,1267770112,7.300000190734863,0.09259999543428421,43.5099983215332,12,1,72.7699966430664,86.12000274658203,-84.41999816894531,-167.4199981689453,0.0,138643,138648,138637,138636,0,138648,STANDBY
-2.740000009536743,9.369999885559082,-0.12999999523162842,-2.700000047683716,-0.699999988079071,43.400001525878906,1021.139892578125,23.030000686645508,13.584731101989746,-5.055920600891113,374007584,1267770112,7.300000190734863,0.09259999543428421,43.5099983215332,12,1,71.20999908447266,86.45999908447266,-84.19999694824219,-168.60000610351562,0.0,138743,138748,138749,138748,0,138748,STANDBY
-0.25,10.079999923706055,-0.18000000715255737,-5.5,-0.699999988079071,72.9000015258789,1021.2418823242188,23.09000015258789,12.756457328796387,-6.548884391784668,374007584,1267770112,7.300000190734863,0.09259999543428421,43.5099983215332,12,1,76.98999786376953,84.66000366210938,-78.33999633789062,-175.50999450683594,0.0,138843,138848,138846,138846,0,138848,STANDBY
-0.5199999809265137,10.100000381469727,0.0,3.9000000953674316,0.699999988079071,-40.79999923706055,1021.1514282226562,23.030000686645508,13.49125862121582,-1.2520809173583984,374007584,1267770112,7.300000190734863,0.09259999543428421,43.5099983215332,12,1,77.2300033569336,84.02999877929688,-76.58999633789062,-178.13999938964844,0.0,138943,138948,138943,138942,0,138948,STANDBY
-2.0299999713897705,9.609999656677246,-0.07000000029802322,1.600000023841858,-0.10000000149011612,-20.700000762939453,1021.07080078125,22.969999313354492,14.14556884765625,1.8159091472625732,374007584,1267770112,7.300000190734863,0.09259999543428421,43.5099983215332,12,1,72.58999633789062,86.38999938964844,-81.05999755859375,-174.77999877929688,0.0,139043,139048,139039,139038,0,139048,STANDBY
-0.949999988079071,10.25,-0.07999999821186066,4.800000190734863,-4.400000095367432,-76.19999694824219,1021.1847534179688,23.040000915527344,13.22122573852539,-2.5351905822753906,374007584,1267770112,7.300000190734863,0.09259999543428421,43.5099983215332,12,1,69.30000305175781,86.93000030517578,-82.68000030517578,-173.86000061035156,0.0,139144,139148,139136,139134,0,139148,STANDBY
-4.630000114440918,8.180000305175781,-0.03999999910593033,10.0,-24.200000762939453,-220.3000030517578,1021.2972412109375,23.110000610351562,12.307268142700195,-5.2783522605896,374007520,1267770112,7.300000190734863,0.046299997717142105,43.5099983215332,12,1,51.13999938964844,88.0199966430664,-86.4000015258789,-169.19000244140625,0.0,139244,139248,139248,139248,0,139248,STANDBY
-7.440000057220459,6.46999979019165,-0.05999999865889549,17.899999618530273,-13.0,-160.8000030517578,1021.3968505859375,23.170000076293945,11.49976634979248,-6.5448198318481445,374007520,1267770112,8.199999809265137,0.046299997717142105,43.5099983215332,12,1,29.59000015258789,88.97000122070312,-86.83999633789062,-167.0500030517578,0.0,139345,139348,139345,139343,0,139348,STANDBY
-8.949999809265137,4.679999828338623,-0.20999999344348907,0.8999999761581421,0.20000000298023224,-46.29999923706055,1021.3250122070312,23.1200008392334,12.081375122070312,-1.8622498512268066,374007520,1267770112,8.199999809265137,0.046299997717142105,43.5099983215332,12,1,21.450000762939453,90.3499984741211,-88.0199966430664,-166.0500030517578,0.0,139445,139448,139442,139441,0,139448,STANDBY
-8.649999618530273,5.090000152587891,-0.1599999964237213,-1.2000000476837158,1.7999999523162842,11.0,1021.2611083984375,23.06999969482422,12.600668907165527,0.8853352069854736,374007520,1267770112,8.199999809265137,0.046299997717142105,43.5099983215332,12,1,20.979999542236328,90.05000305175781,-88.5,-166.94000244140625,0.0,139545,139548,139538,139537,0,139548,STANDBY
-8.479999542236328,5.329999923706055,-0.2199999988079071,-0.20000000298023224,1.100000023841858,12.399999618530273,1021.358154296875,23.1299991607666,11.813939094543457,-2.5803046226501465,374007520,1267770112,8.199999809265137,0.046299997717142105,43.5099983215332,12,1,22.940000534057617,90.05999755859375,-88.87000274658203,-167.6699981689453,0.0,139645,139649,139635,139634,0,139649,STANDBY
-8.319999694824219,5.610000133514404,-0.15000000596046448,-0.20000000298023224,0.10000000149011612,14.199999809265137,1021.4545288085938,23.190000534057617,11.032401084899902,-4.7775468826293945,374007520,1267770112,8.199999809265137,0.046299997717142105,43.5099983215332,12,1,25.06999969482422,90.08000183105469,-89.18000030517578,-168.52999877929688,0.0,139745,139749,139748,139749,0,139749,STANDBY
-8.069999694824219,5.96999979019165,-0.12999999523162842,0.10000000149011612,0.10000000149011612,-6.300000190734863,1021.5474853515625,23.25,10.27682876586914,-6.079919338226318,374007520,1267770112,8.199999809265137,0.046299997717142105,43.5099983215332,12,1,26.100000381469727,90.08999633789062,-89.41000366210938,-169.25999450683594,0.0,139845,139849,139845,139844,0,139849,STANDBY
-8.5600004196167,5.159999847412109,-0.1599999964237213,-0.20000000298023224,-0.699999988079071,-27.399999618530273,1021.4715576171875,23.200000762939453,10.89478874206543,-1.4193084239959717,374007520,1267770112,8.199999809265137,0.046299997717142105,43.5099983215332,12,1,24.110000610351562,90.08999633789062,-89.69999694824219,-169.94000244140625,0.0,139945,139949,139941,139940,0,139949,STANDBY
-8.760000228881836,4.920000076293945,-0.12999999523162842,-0.10000000149011612,0.4000000059604645,10.699999809265137,1021.4037475585938,23.149999618530273,11.442643165588379,1.2830603122711182,374007520,1267770112,8.199999809265137,0.046299997717142105,43.5099983215332,12,1,23.440000534057617,90.02999877929688,-89.86000061035156,-170.7100067138672,0.0,140045,140049,140038,140037,0,140049,STANDBY
-8.420000076293945,5.409999847412109,-0.15000000596046448,-0.20000000298023224,0.10000000149011612,21.0,1021.496826171875,23.209999084472656,10.689667701721191,-2.1907432079315186,374007520,1267770112,8.199999809265137,0.17491109669208527,43.5099983215332,12,1,25.3700008392334,90.05999755859375,-90.05999755859375,-171.47999572753906,0.0,140145,140149,140135,140134,0,140149,STANDBY
-7.630000114440918,6.590000152587891,-0.11999999731779099,0.5,0.4000000059604645,-15.600000381469727,1021.583251953125,23.260000228881836,9.986023902893066,-4.161463260650635,374007520,1267770112,8.199999809265137,0.17491109669208527,43.5099983215332,12,1,27.3700008392334,90.08999633789062,-90.23999786376953,-172.38999938964844,0.0,140246,140251,140248,140251,0,140251,STANDBY
-8.720000267028809,4.940000057220459,-0.15000000596046448,0.4000000059604645,-2.5,-36.79999923706055,1021.6676635742188,23.309999465942383,9.303152084350586,-5.394824028015137,374007520,1267770112,8.100000381469727,0.17491109669208527,43.5099983215332,12,1,23.81999969482422,90.08999633789062,-90.43000030517578,-173.11000061035156,0.0,140346,140351,140345,140344,0,140351,STANDBY
-9.229999542236328,3.8299999237060547,-0.4000000059604645,-5.099999904632568,-0.30000001192092896,-96.0999984741211,1021.5765380859375,23.260000228881836,10.043146133422852,-0.49271130561828613,374007520,1267770112,8.100000381469727,0.17491109669208527,43.5099983215332,12,1,16.170000076293945,89.69999694824219,-90.37999725341797,-174.19000244140625,0.0,140446,140451,140441,140440,0,140451,STANDBY
-9.289999961853027,-0.20000000298023224,0.8199999928474426,-18.700000762939453,-3.700000047683716,-170.1999969482422,1021.4945068359375,23.209999084472656,10.707842826843262,2.343451499938965,374007520,1267770112,8.100000381469727,0.17491109669208527,43.5099983215332,12,1,1.3600000143051147,88.31999969482422,-89.86000061035156,-176.1199951171875,0.0,140546,140551,140537,140536,0,140551,STANDBY
-10.739999771118164,1.840000033378601,-0.6499999761581421,-37.29999923706055,-3.9000000953674316,-48.599998474121094,1021.5798950195312,23.260000228881836,10.014585494995117,-1.2732203006744385,374007520,1267770112,8.100000381469727,0.17491109669208527,43.5099983215332,12,1,-10.90999984741211,84.94999694824219,-91.22000122070312,179.97999572753906,0.0,140646,140651,140649,140649,0,140651,STANDBY
-10.140000343322754,-0.6399999856948853,0.0,-2.0,-0.20000000298023224,7.300000190734863,1021.6578369140625,23.309999465942383,9.381046295166016,-3.349017858505249,374007520,1267770112,8.100000381469727,0.17491109669208527,43.5099983215332,12,1,-7.0,83.44999694824219,-92.66999816894531,178.41000366210938,0.0,140746,140751,140744,140743,0,140751,STANDBY
-10.149999618530273,-0.8600000143051147,0.10000000149011612,0.30000001192092896,0.10000000149011612,11.800000190734863,1021.7361450195312,23.360000610351562,8.74750804901123,-4.677524566650391,374007520,1267770112,8.100000381469727,0.17491109669208527,43.5099983215332,12,1,-4.099999904632568,83.44000244140625,-93.37999725341797,178.3300018310547,0.0,140846,140851,140839,140838,0,140851,STANDBY
-10.170000076293945,-0.3799999952316284,0.029999999329447746,0.20000000298023224,0.30000001192092896,17.600000381469727,1021.644775390625,23.299999237060547,9.48750114440918,-0.033643484115600586,374007520,1267770112,8.100000381469727,0.17491109669208527,43.5099983215332,12,1,-0.75,83.47000122070312,-93.75,178.22000122070312,0.0,140946,140951,140950,140949,0,140951,STANDBY
-10.119999885559082,0.12999999523162842,0.03999999910593033,0.10000000149011612,0.4000000059604645,5.099999904632568,1021.5556030273438,23.25,10.21191692352295,2.876131296157837,374007520,1267770112,8.100000381469727,0.17491109669208527,43.5099983215332,12,1,1.75,83.48999786376953,-93.91000366210938,178.07000732421875,0.0,141046,141051,141045,141040,0,141051,STANDBY
-10.170000076293945,-0.3100000023841858,0.05999999865889549,0.10000000149011612,-0.10000000149011612,-2.9000000953674316,1021.63720703125,23.299999237060547,9.549817085266113,-0.8076753616333008,374007488,1267770112,8.100000381469727,0.4990110695362091,110.4000015258789,12,1,2.319999933242798,83.5,-93.88999938964844,177.74000549316406,0.0,141146,141151,141140,141139,0,141151,STANDBY
-10.09000015258789,-0.33000001311302185,0.05999999865889549,-0.10000000149011612,0.0,1.2000000476837158,1021.712646484375,23.350000381469727,8.937049865722656,-2.9679811000823975,374007488,1267770112,8.100000381469727,0.4990110695362091,110.4000015258789,12,1,2.9600000381469727,83.5,-93.83000183105469,177.3699951171875,0.0,141246,141252,141252,141250,0,141252,STANDBY
-10.119999885559082,-0.1599999964237213,0.05000000074505806,0.0,0.0,0.6000000238418579,1021.787109375,23.399999618530273,8.33466911315918,-4.309031009674072,374007488,1267770112,8.5,0.4990110695362091,110.4000015258789,12,1,3.5999999046325684,83.5,-93.76000213623047,177.02999877929688,0.0,141346,141352,141346,141345,0,141352,STANDBY
-10.149999618530273,-0.30000001192092896,0.07999999821186066,0.0,-0.10000000149011612,-0.5,1021.6873168945312,23.329999923706055,9.142170906066895,0.4722273349761963,374007488,1267770112,8.5,0.4990110695362091,110.4000015258789,12,1,3.8399999141693115,83.5,-93.62000274658203,176.6300048828125,0.0,141446,141452,141442,141441,0,141452,STANDBY
-10.100000381469727,-0.2199999988079071,0.07999999821186066,0.0,0.0,0.8999999761581421,1021.5962524414062,23.270000457763672,9.88216495513916,3.2622017860412598,374007488,1267770112,8.5,0.4990110695362091,110.4000015258789,12,1,4.039999961853027,83.51000213623047,-93.38999938964844,176.1300048828125,0.0,141546,141552,141553,141552,0,141552,STANDBY
-10.180000305175781,-0.20000000298023224,0.07999999821186066,0.0,-0.10000000149011612,-0.30000001192092896,1021.67529296875,23.31999969482422,9.240837097167969,-0.47750210762023926,374007488,1267770112,8.5,0.4990110695362091,110.4000015258789,12,1,4.380000114440918,83.51000213623047,-93.27999877929688,175.74000549316406,0.0,141646,141652,141648,141649,0,141652,STANDBY
-10.069999694824219,-0.3499999940395355,0.07999999821186066,0.0,-0.10000000149011612,-1.0,1021.7505493164062,23.3700008392334,8.630666732788086,-2.7462828159332275,374007488,1267770112,8.5,0.4990110695362091,110.4000015258789,12,1,4.389999866485596,83.51000213623047,-93.08999633789062,175.32000732421875,0.0,141746,141752,141743,141742,0,141752,STANDBY
-10.180000305175781,-0.20999999344348907,0.05999999865889549,0.0,0.30000001192092896,4.300000190734863,1021.8250122070312,23.420000076293945,8.025689125061035,-4.1775312423706055,374007488,1267770112,8.5,0.4990110695362091,110.4000015258789,12,1,4.550000190734863,83.51000213623047,-92.94999694824219,174.89999389648438,0.0,141846,141852,141838,141837,0,141852,STANDBY
-10.25,-0.20000000298023224,0.09000000357627869,0.10000000149011612,-0.4000000059604645,-5.099999904632568,1021.7215576171875,23.350000381469727,8.864348411560059,0.6810171604156494,374007488,1267770112,8.5,0.4990110695362091,110.4000015258789,12,1,4.900000095367432,83.5199966430664,-92.81999969482422,174.42999267578125,0.0,141946,141952,141949,141949,0,141952,STANDBY
-10.170000076293945,-0.20999999344348907,0.09000000357627869,0.0,0.30000001192092896,5.300000190734863,1021.630126953125,23.290000915527344,9.606939315795898,3.406214714050293,374007488,1267770112,8.5,0.4990110695362091,110.4000015258789,12,1,4.800000190734863,83.52999877929688,-92.6500015258789,174.0,0.0,142046,142052,142044,142040,0,142052,STANDBY
-10.180000305175781,-0.30000001192092896,0.10999999940395355,-0.20000000298023224,-0.20000000298023224,-5.099999904632568,1021.7076416015625,23.34000015258789,8.978593826293945,-0.333404541015625,374007488,1267770112,8.5,0.2417888641357422,110.4000015258789,12,1,4.960000038146973,83.5199966430664,-92.58999633789062,173.58999633789062,0.0,142146,142152,142139,142138,0,142152,STANDBY
-10.0600004196167,-0.25999999046325684,0.07999999821186066,0.0,0.10000000149011612,2.0,1021.7831420898438,23.389999389648438,8.365826606750488,-2.664447784423828,374007488,1267770112,8.5,0.2417888641357422,110.4000015258789,12,1,5.139999866485596,83.5199966430664,-92.55999755859375,173.16000366210938,0.0,142246,142252,142251,142252,0,142252,STANDBY
-10.069999694824219,-0.27000001072883606,0.07000000029802322,0.10000000149011612,0.10000000149011612,0.699999988079071,1021.8558349609375,23.440000534057617,7.776427745819092,-4.062841892242432,374007488,1267770112,9.100000381469727,0.2417888641357422,110.4000015258789,12,1,5.039999961853027,83.52999877929688,-92.4000015258789,172.72000122070312,0.0,142346,142352,142346,142345,0,142352,STANDBY
-10.210000038146973,-0.25999999046325684,0.07999999821186066,0.10000000149011612,0.0,-0.10000000149011612,1021.7481079101562,23.3700008392334,8.648841857910156,0.8894376754760742,374007488,1267770112,9.100000381469727,0.2417888641357422,110.4000015258789,12,1,5.059999942779541,83.54000091552734,-92.29000091552734,172.3000030517578,0.0,142446,142452,142441,142440,0,142452,STANDBY
-10.180000305175781,-0.20999999344348907,0.07999999821186066,-0.10000000149011612,-0.10000000149011612,-0.4000000059604645,1021.6527099609375,23.309999465942383,9.422590255737305,3.664233684539795,374007488,1267770112,9.100000381469727,0.2417888641357422,110.4000015258789,12,1,5.150000095367432,83.55000305175781,-92.19000244140625,171.82000732421875,0.0,142546,142552,142552,142551,0,142552,STANDBY
-10.149999618530273,-0.23999999463558197,0.10000000149011612,-0.10000000149011612,0.0,-1.2000000476837158,1021.7288818359375,23.360000610351562,8.807226181030273,-0.11634659767150879,374007488,1267770112,9.100000381469727,0.2417888641357422,110.4000015258789,12,1,5.150000095367432,83.54000091552734,-92.08000183105469,171.38999938964844,0.0,142646,142652,142647,142646,0,142652,STANDBY
-10.0600004196167,-0.28999999165534973,0.07999999821186066,0.0,0.0,0.30000001192092896,1021.8037719726562,23.40999984741211,8.199652671813965,-2.504755973815918,374007488,1267770112,9.100000381469727,0.2417888641357422,110.4000015258789,12,1,5.130000114440918,83.54000091552734,-92.01000213623047,170.97999572753906,0.0,142746,142752,142742,142741,0,142752,STANDBY
-10.069999694824219,-0.3499999940395355,0.05999999865889549,0.0,0.0,0.4000000059604645,1021.8726806640625,23.450000762939453,7.638814926147461,-3.8463950157165527,374007488,1267770112,9.100000381469727,0.2417888641357422,110.4000015258789,12,1,5.059999942779541,83.54000091552734,-91.91999816894531,170.55999755859375,0.0,142846,142852,142837,142836,0,142852,STANDBY
-10.1899995803833,-0.05000000074505806,0.05999999865889549,0.0,0.0,0.800000011920929,1021.7692260742188,23.389999389648438,8.4774751663208,0.8929481506347656,374007488,1267770112,9.100000381469727,0.2417888641357422,110.4000015258789,12,1,5.300000190734863,83.54000091552734,-91.83999633789062,170.10000610351562,0.0,142946,142952,142949,142950,0,142952,STANDBY
-10.210000038146973,-0.20000000298023224,0.11999999731779099,0.0,0.0,-0.20000000298023224,1021.672119140625,23.31999969482422,9.266801834106445,3.7287936210632324,374007488,1267770112,9.100000381469727,0.2417888641357422,110.4000015258789,12,1,5.269999980926514,83.55000305175781,-91.72000122070312,169.6699981689453,0.0,143046,143052,143043,143040,0,143052,STANDBY
-10.220000267028809,-0.1899999976158142,0.07000000029802322,-0.20000000298023224,0.20000000298023224,2.0,1021.751220703125,23.3799991607666,8.625473976135254,-0.12858343124389648,374007520,1267770112,9.100000381469727,0.5864666104316711,26.600000381469727,12,1,5.190000057220459,83.55000305175781,-91.61000061035156,169.24000549316406,0.0,143147,143152,143138,143138,0,143152,STANDBY
-10.149999618530273,-0.30000001192092896,0.10000000149011612,0.10000000149011612,0.0,-0.6000000238418579,1021.82080078125,23.420000076293945,8.059443473815918,-2.3464155197143555,374007520,1267770112,9.100000381469727,0.5864666104316711,26.600000381469727,12,1,5.360000133514404,83.55000305175781,-91.58999633789062,168.77999877929688,0.0,143247,143252,143250,143251,0,143252,STANDBY
-9.979999542236328,-0.3700000047683716,0.07999999821186066,-0.10000000149011612,-0.10000000149011612,0.4000000059604645,1021.8856201171875,23.459999084472656,7.534955978393555,-3.599656105041504,374007520,1267770112,8.600000381469727,0.5864666104316711,26.600000381469727,10,1,5.25,83.55000305175781,-91.55999755859375,168.3699951171875,0.0,143348,143352,143345,143344,0,143352,STANDBY
-10.1899995803833,-0.10999999940395355,0.07000000029802322,0.0,-0.20000000298023224,-1.7000000476837158,1021.7821655273438,23.399999618530273,8.373616218566895,1.05086088180542,374007520,1267770112,8.600000381469727,0.5864666104316711,26.600000381469727,10,1,5.400000095367432,83.55000305175781,-91.52999877929688,167.99000549316406,0.0,143448,143452,143440,143439,0,143452,STANDBY
-10.199999809265137,-0.27000001072883606,0.11999999731779099,0.0,-0.10000000149011612,-1.2000000476837158,1021.6864013671875,23.329999923706055,9.1499605178833,3.777928113937378,374007520,1267770112,8.600000381469727,0.5864666104316711,26.600000381469727,10,1,5.420000076293945,83.55999755859375,-91.43000030517578,167.5500030517578,0.0,143548,143553,143551,143551,0,143553,STANDBY
-10.100000381469727,-0.17000000178813934,0.07000000029802322,-0.10000000149011612,0.0,0.5,1021.7586059570312,23.3799991607666,8.565754890441895,0.08105158805847168,374007520,1267770112,8.600000381469727,0.5864666104316711,26.600000381469727,10,1,5.510000228881836,83.55999755859375,-91.41999816894531,167.1699981689453,0.0,143648,143653,143646,143645,0,143653,STANDBY
-10.140000343322754,-0.20000000298023224,0.05999999865889549,0.0,0.0,-0.20000000298023224,1021.828125,23.43000030517578,8.002320289611816,-2.2018654346466064,374007520,1267770112,8.600000381469727,0.5864666104316711,26.600000381469727,10,1,5.519999980926514,83.55999755859375,-91.37000274658203,166.77000427246094,0.0,143748,143753,143741,143740,0,143753,STANDBY
-10.0600004196167,-0.28999999165534973,0.10000000149011612,0.0,0.0,0.4000000059604645,1021.8953247070312,23.469999313354492,7.454465389251709,-3.600613594055176,374007520,1267770112,8.600000381469727,0.5864666104316711,26.600000381469727,10,1,5.46999979019165,83.56999969482422,-91.31999969482422,166.30999755859375,0.0,143848,143853,143853,143852,0,143853,STANDBY
-10.1899995803833,-0.18000000715255737,0.07000000029802322,0.0,0.0,0.699999988079071,1021.7879638671875,23.399999618530273,8.326879501342773,1.1852636337280273,374007520,1267770112,8.600000381469727,0.5864666104316711,26.600000381469727,10,1,5.489999771118164,83.56999969482422,-91.26000213623047,165.9199981689453,0.0,143948,143953,143948,143947,0,143953,STANDBY
-10.149999618530273,-0.20999999344348907,0.07999999821186066,0.0,0.0,-0.20000000298023224,1021.6865844726562,23.34000015258789,9.1499605178833,4.0508928298950195,374007520,1267770112,8.600000381469727,0.5864666104316711,26.600000381469727,10,1,5.389999866485596,83.58000183105469,-91.16999816894531,165.5,0.0,144048,144053,144044,144041,0,144053,STANDBY
-10.119999885559082,-0.23999999463558197,0.10000000149011612,-0.10000000149011612,0.0,0.10000000149011612,1021.760009765625,23.389999389648438,8.552772521972656,0.20381951332092285,374007584,1267769984,8.600000381469727,0.8231110572814941,4.550000190734863,10,1,5.480000019073486,83.58000183105469,-91.1500015258789,165.05999755859375,0.0,144148,144153,144154,144153,0,144153,STANDBY
-10.15999984741211,-0.23000000417232513,0.07000000029802322,0.0,0.0,0.4000000059604645,1021.8312377929688,23.43000030517578,7.976356029510498,-2.1752214431762695,374007584,1267769984,8.600000381469727,0.8231110572814941,4.550000190734863,10,1,5.550000190734863,83.58000183105469,-91.11000061035156,164.69000244140625,0.0,144248,144253,144249,144253,0,144253,STANDBY
-10.119999885559082,-0.28999999165534973,0.09000000357627869,0.0,0.0,0.10000000149011612,1021.8964233398438,23.479999542236328,7.446676254272461,-3.5108609199523926,374007584,1267769984,8.100000381469727,0.8231110572814941,4.550000190734863,9,1,5.699999809265137,83.58000183105469,-91.12999725341797,164.35000610351562,0.0,144349,144353,144345,144344,0,144353,STANDBY
-10.149999618530273,-0.23000000417232513,0.09000000357627869,0.0,0.0,0.30000001192092896,1021.7913818359375,23.40999984741211,8.298317909240723,1.1596155166625977,374007584,1267769984,8.100000381469727,0.8231110572814941,4.550000190734863,9,1,5.699999809265137,83.58999633789062,-91.05000305175781,163.97999572753906,0.0,144449,144453,144441,144440,0,144453,STANDBY
-10.149999618530273,-0.18000000715255737,0.07000000029802322,0.0,0.0,-0.20000000298023224,1021.694580078125,23.350000381469727,9.08504867553711,3.8890769481658936,374007584,1267769984,8.100000381469727,0.8231110572814941,4.550000190734863,9,1,5.730000019073486,83.58000183105469,-90.9800033569336,163.5399932861328,0.0,144549,144555,144551,144552,0,144555,STANDBY
-10.149999618530273,-0.25,0.10000000149011612,0.0,0.0,-0.10000000149011612,1021.7681274414062,23.399999618530273,8.487860679626465,0.10025739669799805,374007584,1267769984,8.100000381469727,0.8231110572814941,4.550000190734863,9,1,5.619999885559082,83.58999633789062,-90.88999938964844,163.14999389648438,0.0,144649,144655,144647,144646,0,144655,STANDBY
-10.100000381469727,-0.1599999964237213,0.05999999865889549,0.0,0.0,-0.20000000298023224,1021.8389892578125,23.450000762939453,7.914040565490723,-2.2311158180236816,374007584,1267769984,8.100000381469727,0.8231110572814941,4.550000190734863,9,1,5.769999980926514,83.58999633789062,-90.91000366210938,162.8000030517578,0.0,144749,144755,144742,144741,0,144755,STANDBY
-10.109999656677246,-0.20000000298023224,0.07999999821186066,0.0,0.0,-0.30000001192092896,1021.9005737304688,23.489999771118164,7.412921905517578,-3.4323887825012207,374007584,1267769984,8.100000381469727,0.8231110572814941,4.550000190734863,9,1,5.75,83.58999633789062,-90.8499984741211,162.3699951171875,0.0,144849,144855,144854,144852,0,144855,STANDBY
-10.119999885559082,-0.20000000298023224,0.09000000357627869,0.0,0.0,0.4000000059604645,1021.797119140625,23.420000076293945,8.251582145690918,1.157912015914917,374007584,1267769984,8.100000381469727,0.8231110572814941,4.550000190734863,9,1,5.760000228881836,83.5999984741211,-90.80000305175781,162.00999450683594,0.0,144949,144955,144949,144948,0,144955,STANDBY
-10.170000076293945,-0.17000000178813934,0.019999999552965164,0.0,0.0,0.699999988079071,1021.7017211914062,23.360000610351562,9.02532958984375,3.8360533714294434,374007584,1267769984,8.100000381469727,0.8231110572814941,4.550000190734863,9,1,5.809999942779541,83.5999984741211,-90.7699966430664,161.64999389648438,0.0,145049,145055,145044,145043,0,145055,STANDBY
-10.15999984741211,-0.25,0.11999999731779099,0.0,0.10000000149011612,0.4000000059604645,1021.7736206054688,23.40999984741211,8.443720817565918,0.12863898277282715,374007584,1267769984,8.100000381469727,0.31895554065704346,4.550000190734863,9,1,5.630000114440918,83.5999984741211,-90.66000366210938,161.19000244140625,0.0,145149,145155,145156,145155,0,145155,STANDBY
-10.079999923706055,-0.20999999344348907,0.019999999552965164,-0.10000000149011612,-0.10000000149011612,0.800000011920929,1021.8414306640625,23.450000762939453,7.893269062042236,-2.1194779872894287,374007584,1267769984,7.900000095367432,0.31895554065704346,4.550000190734863,9,1,5.699999809265137,83.5999984741211,-90.62999725341797,160.86000061035156,0.0,145249,145255,145251,145253,0,145255,STANDBY
-10.140000343322754,-0.20000000298023224,0.10000000149011612,0.0,0.20000000298023224,0.5,1021.9029541015625,23.489999771118164,7.394746780395508,-3.350554943084717,374007584,1267769984,7.900000095367432,0.31895554065704346,4.550000190734863,9,1,5.769999980926514,83.5999984741211,-90.58999633789062,160.5,0.0,145349,145355,145346,145345,0,145355,STANDBY
-10.180000305175781,-0.23000000417232513,0.10000000149011612,0.0,-0.10000000149011612,0.5,1021.8035888671875,23.43000030517578,8.199652671813965,1.075268268585205,374007584,1267769984,7.900000095367432,0.31895554065704346,4.550000190734863,9,1,5.739999771118164,83.5999984741211,-90.55999755859375,160.13999938964844,0.0,145449,145455,145441,145440,0,145455,STANDBY
-10.050000190734863,-0.23000000417232513,0.05999999865889549,0.0,0.0,0.30000001192092896,1021.703857421875,23.3700008392334,9.009751319885254,3.9285664558410645,374007584,1267769984,7.900000095367432,0.31895554065704346,4.550000190734863,9,1,5.769999980926514,83.5999984741211,-90.5,159.72999572753906,0.0,145549,145555,145553,145552,0,145555,STANDBY
-10.149999618530273,-0.2800000011920929,0.09000000357627869,0.0,0.0,0.699999988079071,1021.7776489257812,23.40999984741211,8.409966468811035,0.1151432991027832,374007584,1267769984,7.900000095367432,0.31895554065704346,4.550000190734863,9,1,5.900000095367432,83.61000061035156,-90.5199966430664,159.39999389648438,0.0,145649,145655,145648,145646,0,145655,STANDBY
-10.149999618530273,-0.25,0.03999999910593033,0.0,-0.20000000298023224,0.30000001192092896,1021.8431396484375,23.459999084472656,7.877690315246582,-2.0136659145355225,374007584,1267769984,7.900000095367432,0.31895554065704346,4.550000190734863,9,1,5.96999979019165,83.61000061035156,-90.5199966430664,159.07000732421875,0.0,145750,145755,145743,145741,0,145755,STANDBY
-10.1899995803833,-0.23999999463558197,0.09000000357627869,0.10000000149011612,0.0,0.0,1021.9043579101562,23.5,7.3817644119262695,-3.2724499702453613,374007584,1267769984,7.900000095367432,0.31895554065704346,4.550000190734863,9,1,6.03000020980835,83.62000274658203,-90.48999786376953,158.66000366210938,0.0,145850,145855,145854,145853,0,145855,STANDBY
-10.149999618530273,-0.25,0.15000000596046448,0.0,0.0,-0.10000000149011612,1021.801025390625,23.43000030517578,8.22042465209961,1.2602729797363281,374007584,1267769984,7.900000095367432,0.31895554065704346,4.550000190734863,9,1,6.099999904632568,83.62999725341797,-90.44000244140625,158.32000732421875,0.0,145950,145955,145949,145948,0,145955,STANDBY
-10.220000267028809,-0.17000000178813934,0.07999999821186066,-0.10000000149011612,0.0,0.0,1021.7012329101562,23.3700008392334,9.030523300170898,4.046969413757324,374007584,1267769984,7.900000095367432,0.31895554065704346,4.550000190734863,9,1,6.159999847412109,83.62000274658203,-90.4000015258789,157.97000122070312,0.0,146050,146055,146044,146043,0,146055,STANDBY
-10.180000305175781,-0.25999999046325684,0.07999999821186066,0.0,0.0,-1.100000023841858,1021.7734375,23.420000076293945,8.443720817565918,0.24285054206848145,374007584,1267769984,7.900000095367432,0.31895554065704346,4.550000190734863,9,1,6.239999771118164,83.62000274658203,-90.4000015258789,157.5800018310547,0.0,146150,146155,146156,146155,0,146155,STANDBY
-10.020000457763672,-0.20999999344348907,0.07000000029802322,0.0,0.10000000149011612,2.299999952316284,1021.8389892578125,23.459999084472656,7.914040565490723,-1.96329665184021,374007616,1267769984,7.900000095367432,0.7613776922225952,3.619999885559082,9,1,6.389999866485596,83.62000274658203,-90.4000015258789,157.27000427246094,0.0,146250,146255,146251,146250,0,146255,STANDBY
-10.1899995803833,-0.23999999463558197,0.07000000029802322,0.0,0.0,0.6000000238418579,1021.90185546875,23.5,7.402535915374756,-3.3025283813476562,374007616,1267769984,8.199999809265137,0.7613776922225952,3.619999885559082,9,1,6.420000076293945,83.62000274658203,-90.37000274658203,156.9600067138672,0.0,146350,146355,146347,146344,0,146355,STANDBY
-10.149999618530273,-0.33000001311302185,0.07999999821186066,0.10000000149011612,0.0,-0.800000011920929,1021.7848510742188,23.43000030517578,8.35284423828125,1.687614917755127,374007616,1267769984,8.199999809265137,0.7613776922225952,3.619999885559082,9,1,6.440000057220459,83.62999725341797,-90.30999755859375,156.67999267578125,0.0,146450,146455,146442,146440,0,146455,STANDBY
-10.199999809265137,-0.25999999046325684,0.05000000074505806,-0.10000000149011612,-0.20000000298023224,0.0,1021.673828125,23.360000610351562,9.253819465637207,4.683974266052246,374007616,1267769984,8.199999809265137,0.7613776922225952,3.619999885559082,9,1,6.590000152587891,83.62999725341797,-90.33000183105469,156.36000061035156,0.0,146550,146555,146552,146553,0,146555,STANDBY
-10.140000343322754,-0.1899999976158142,0.05999999865889549,-0.10000000149011612,0.0,-0.699999988079071,1021.7457275390625,23.40999984741211,8.6696138381958,0.6609210968017578,374007616,1267769984,8.199999809265137,0.7613776922225952,3.619999885559082,9,1,6.869999885559082,83.62999725341797,-90.3499984741211,156.08999633789062,0.0,146650,146655,146648,146647,0,146655,STANDBY
-10.140000343322754,-0.27000001072883606,0.07000000029802322,-0.10000000149011612,-0.10000000149011612,-0.699999988079071,1021.8135986328125,23.450000762939453,8.119161605834961,-1.7788194417953491,374007616,1267769984,8.199999809265137,0.7613776922225952,3.619999885559082,9,1,6.880000114440918,83.62000274658203,-90.30000305175781,155.7899932861328,0.0,146750,146755,146743,146742,0,146755,STANDBY
-10.180000305175781,-0.20000000298023224,0.03999999910593033,0.0,0.10000000149011612,1.2999999523162842,1021.8751831054688,23.489999771118164,7.618042945861816,-3.1429190635681152,374007616,1267769984,8.199999809265137,0.7613776922225952,3.619999885559082,9,1,6.989999771118164,83.61000061035156,-90.2699966430664,155.49000549316406,0.0,146850,146855,146853,146853,0,146855,STANDBY
-10.119999885559082,-0.20000000298023224,0.05999999865889549,0.0,0.0,0.20000000298023224,1021.7554931640625,23.420000076293945,8.589122772216797,1.8728508949279785,374007616,1267769984,8.199999809265137,0.7613776922225952,3.619999885559082,9,1,7.019999980926514,83.61000061035156,-90.22000122070312,155.19000244140625,0.0,146950,146955,146949,146948,0,146955,STANDBY
-10.130000114440918,-0.1599999964237213,0.05999999865889549,0.0,0.10000000149011612,0.6000000238418579,1021.6381225585938,23.34000015258789,9.542027473449707,5.0102434158325195,374007616,1267769984,8.199999809265137,0.7613776922225952,3.619999885559082,9,1,7.059999942779541,83.61000061035156,-90.20999908447266,154.89999389648438,0.0,147050,147055,147044,147043,0,147055,STANDBY
-10.130000114440918,-0.1899999976158142,0.019999999552965164,0.0,-0.10000000149011612,-0.699999988079071,1021.7159423828125,23.389999389648438,8.91108512878418,0.6827867031097412,374007584,1267769984,8.199999809265137,1.0803332328796387,55.66999816894531,9,1,7.119999885559082,83.61000061035156,-90.20999908447266,154.5800018310547,0.0,147150,147155,147154,147154,0,147155,STANDBY
-10.119999885559082,-0.30000001192092896,0.05000000074505806,0.0,-0.10000000149011612,-0.20000000298023224,1021.7814331054688,23.440000534057617,8.378808975219727,-1.692121148109436,374007584,1267769984,8.199999809265137,1.0803332328796387,55.66999816894531,9,1,7.050000190734863,83.61000061035156,-90.16000366210938,154.3000030517578,0.0,147250,147255,147250,147249,0,147255,STANDBY
-10.15999984741211,-0.2199999988079071,0.03999999910593033,0.0,-0.10000000149011612,0.10000000149011612,1021.844970703125,23.479999542236328,7.864707946777344,-3.13936185836792,374007584,1267769984,8.300000190734863,1.0803332328796387,55.66999816894531,11,1,7.010000228881836,83.61000061035156,-90.08999633789062,154.02000427246094,0.0,147350,147355,147345,147344,0,147355,STANDBY
-10.130000114440918,-0.1899999976158142,0.029999999329447746,0.0,0.30000001192092896,2.5999999046325684,1021.7213134765625,23.399999618530273,8.866945266723633,1.9997575283050537,374007584,1267769984,8.300000190734863,1.0803332328796387,55.66999816894531,11,1,7.179999828338623,83.61000061035156,-90.06999969482422,153.6999969482422,0.0,147450,147456,147457,147454,0,147456,STANDBY
-10.15999984741211,-0.46000000834465027,0.05999999865889549,-0.10000000149011612,-0.20000000298023224,-1.2999999523162842,1021.6079711914062,23.329999923706055,9.78609561920166,4.956446170806885,374007584,1267769984,8.300000190734863,1.0803332328796387,55.66999816894531,11,1,7.010000228881836,83.61000061035156,-90.0199966430664,153.44000244140625,0.0,147550,147556,147552,147550,0,147556,STANDBY
-10.140000343322754,-0.17000000178813934,0.03999999910593033,-0.10000000149011612,-0.20000000298023224,-0.800000011920929,1021.6841430664062,23.3799991607666,9.168135643005371,0.7002856731414795,374007584,1267769984,8.300000190734863,1.0803332328796387,55.66999816894531,11,1,7.329999923706055,83.61000061035156,-90.05000305175781,153.17999267578125,0.0,147650,147656,147647,147646,0,147656,STANDBY
-10.130000114440918,-0.2199999988079071,0.019999999552965164,0.0,0.0,0.30000001192092896,1021.753662109375,23.43000030517578,8.60470199584961,-1.8055517673492432,374007584,1267769984,8.300000190734863,1.0803332328796387,55.66999816894531,11,1,7.309999942779541,83.61000061035156,-89.98999786376953,152.89999389648438,0.0,147750,147756,147742,147740,0,147756,STANDBY
-10.149999618530273,-0.18000000715255737,0.05000000074505806,0.0,0.0,0.6000000238418579,1021.822509765625,23.469999313354492,8.04646110534668,-3.388516902923584,374007584,1267769984,8.300000190734863,1.0803332328796387,55.66999816894531,11,1,7.349999904632568,83.61000061035156,-89.94999694824219,152.61000061035156,0.0,147850,147856,147853,147854,0,147856,STANDBY
-10.170000076293945,-0.18000000715255737,0.029999999329447746,0.0,0.0,0.4000000059604645,1021.7067260742188,23.399999618530273,8.986382484436035,1.6014206409454346,374007584,1267769984,8.300000190734863,1.0803332328796387,55.66999816894531,11,1,7.329999923706055,83.61000061035156,-89.91000366210938,152.33999633789062,0.0,147950,147956,147948,147947,0,147956,STANDBY
-10.130000114440918,-0.1899999976158142,0.03999999910593033,0.0,0.30000001192092896,2.9000000953674316,1021.5934448242188,23.31999969482422,9.905532836914062,4.701510429382324,374007584,1267769984,8.300000190734863,1.0803332328796387,55.66999816894531,11,1,7.289999961853027,83.61000061035156,-89.86000061035156,152.0399932861328,0.0,148050,148056,148043,148042,0,148056,STANDBY
-10.180000305175781,-0.2199999988079071,0.029999999329447746,-0.10000000149011612,0.10000000149011612,1.7999999523162842,1021.672607421875,23.3799991607666,9.261609077453613,0.4332716464996338,374007456,1267770112,8.300000190734863,1.3426998853683472,90.69000244140625,11,1,7.539999961853027,83.5999984741211,-89.94000244140625,151.77999877929688,0.0,148150,148156,148155,148154,0,148156,STANDBY
-10.109999656677246,-0.07000000029802322,0.029999999329447746,0.0,-0.20000000298023224,-1.100000023841858,1021.7421264648438,23.420000076293945,8.698174476623535,-1.525696873664856,374007456,1267770112,8.300000190734863,1.3426998853683472,90.69000244140625,11,1,7.789999961853027,83.5999984741211,-89.91999816894531,151.5500030517578,0.0,148250,148256,148250,148248,0,148256,STANDBY
-10.119999885559082,-0.15000000596046448,0.03999999910593033,0.0,0.0,0.4000000059604645,1021.8092041015625,23.469999313354492,8.155512809753418,-2.712963581085205,374007456,1267770112,9.5,1.3426998853683472,90.69000244140625,12,1,7.619999885559082,83.5999984741211,-89.83999633789062,151.2899932861328,0.0,148350,148356,148345,148344,0,148356,STANDBY
-10.170000076293945,-0.18000000715255737,0.029999999329447746,0.0,0.20000000298023224,3.0999999046325684,1021.7034912109375,23.399999618530273,9.012347221374512,1.0055735111236572,374007456,1267770112,9.5,1.3426998853683472,90.69000244140625,12,1,7.710000038146973,83.5999984741211,-89.8499984741211,151.0,0.0,148450,148456,148456,148455,0,148456,STANDBY
-10.109999656677246,-0.05999999865889549,0.009999999776482582,-0.10000000149011612,-0.20000000298023224,-1.7999999523162842,1021.6004638671875,23.329999923706055,9.848410606384277,3.3189697265625,374007456,1267770112,9.5,1.3426998853683472,90.69000244140625,12,1,7.889999866485596,83.5999984741211,-89.83000183105469,150.75,0.0,148551,148556,148551,148546,0,148556,STANDBY
-10.109999656677246,-0.07000000029802322,0.019999999552965164,0.0,0.0,-0.10000000149011612,1021.67431640625,23.3799991607666,9.248626708984375,0.2048322707414627,374007456,1267770112,9.5,1.3426998853683472,90.69000244140625,12,1,7.869999885559082,83.5999984741211,-89.80999755859375,150.52000427246094,0.0,148651,148656,148646,148645,0,148656,STANDBY
-10.130000114440918,-0.07000000029802322,0.019999999552965164,0.0,0.20000000298023224,3.200000047683716,1021.7454833984375,23.43000030517578,8.672209739685059,-1.7134417295455933,374007456,1267770112,9.5,1.3426998853683472,90.69000244140625,12,1,7.980000019073486,83.5999984741211,-89.79000091552734,150.25999450683594,0.0,148751,148756,148757,148756,0,148756,STANDBY
-10.119999885559082,-0.10000000149011612,0.019999999552965164,0.0,-0.20000000298023224,-1.5,1021.81103515625,23.469999313354492,8.139933586120605,-2.799886465072632,374007456,1267770112,9.5,1.3426998853683472,90.69000244140625,12,1,8.020000457763672,83.5999984741211,-89.76000213623047,150.02999877929688,0.0,148851,148856,148852,148851,0,148856,STANDBY
-10.140000343322754,-0.15000000596046448,0.029999999329447746,0.0,0.10000000149011612,1.2000000476837158,1021.7129516601562,23.40999984741211,8.934453010559082,0.7505348324775696,374007456,1267770112,9.5,1.3426998853683472,90.69000244140625,12,1,7.849999904632568,83.5999984741211,-89.72000122070312,149.75,0.0,148951,148956,148947,148946,0,148956,STANDBY
-10.149999618530273,-0.15000000596046448,0.019999999552965164,0.0,0.10000000149011612,1.2999999523162842,1021.613525390625,23.34000015258789,9.741955757141113,3.0643510818481445,374007456,1267770112,9.5,1.3426998853683472,90.69000244140625,12,1,7.800000190734863,83.5999984741211,-89.68000030517578,149.47999572753906,0.0,149051,149056,149043,149042,0,149056,STANDBY
-10.140000343322754,-0.10000000149011612,0.019999999552965164,0.0,-0.20000000298023224,-1.5,1021.6886596679688,23.389999389648438,9.13178539276123,0.008639526553452015,374007488,1267770112,9.5,0.1646222174167633,90.69000244140625,12,1,7.840000152587891,83.5999984741211,-89.69000244140625,149.1999969482422,0.0,149151,149156,149154,149154,0,149156,STANDBY
-10.149999618530273,-0.12999999523162842,0.019999999552965164,0.0,-0.10000000149011612,-0.6000000238418579,1021.7600708007812,23.440000534057617,8.552772521972656,-1.8473119735717773,374007488,1267770112,8.899999618530273,0.1646222174167633,90.69000244140625,11,1,7.800000190734863,83.5999984741211,-89.6500015258789,148.99000549316406,0.0,149251,149256,149250,149249,0,149256,STANDBY
-10.149999618530273,-0.12999999523162842,0.03999999910593033,0.0,0.0,0.4000000059604645,1021.8226318359375,23.479999542236328,8.04646110534668,-2.802476167678833,374007488,1267770112,8.899999618530273,0.1646222174167633,90.69000244140625,11,1,7.809999942779541,83.58999633789062,-89.6500015258789,148.75,0.0,149351,149356,149345,149344,0,149356,STANDBY
-10.140000343322754,-0.10999999940395355,0.029999999329447746,0.0,0.0,0.4000000059604645,1021.71533203125,23.40999984741211,8.916277885437012,0.989828884601593,374007488,1267770112,8.899999618530273,0.1646222174167633,90.69000244140625,11,1,7.78000020980835,83.58999633789062,-89.5999984741211,148.47000122070312,0.0,149451,149456,149455,149454,0,149456,STANDBY
-10.119999885559082,-0.10999999940395355,0.029999999329447746,0.0,-0.10000000149011612,-0.30000001192092896,1021.621826171875,23.350000381469727,9.674447059631348,3.0596320629119873,374007488,1267770112,8.899999618530273,0.1646222174167633,90.69000244140625,11,1,7.820000171661377,83.58999633789062,-89.58999633789062,148.25999450683594,0.0,149551,149556,149551,149545,0,149556,STANDBY
-10.15999984741211,-0.1599999964237213,0.019999999552965164,0.0,0.0,0.4000000059604645,1021.6953125,23.399999618530273,9.077259063720703,0.04716300964355469,374007488,1267770112,8.899999618530273,0.1646222174167633,90.69000244140625,11,1,7.800000190734863,83.58999633789062,-89.58000183105469,148.02999877929688,0.0,149651,149656,149646,149645,0,149656,STANDBY
-10.140000343322754,-0.05000000074505806,0.019999999552965164,0.0,0.10000000149011612,0.699999988079071,1021.767822265625,23.440000534057617,8.490457534790039,-1.8475805521011353,374007488,1267770112,8.899999618530273,0.1646222174167633,90.69000244140625,11,1,7.980000019073486,83.58999633789062,-89.55999755859375,147.77000427246094,0.0,149751,149756,149757,149756,0,149756,STANDBY
-10.130000114440918,-0.05999999865889549,0.009999999776482582,0.0,0.0,1.2999999523162842,1021.8326416015625,23.479999542236328,7.96337366104126,-2.8691201210021973,374007488,1267770112,8.899999618530273,0.1646222174167633,90.69000244140625,11,1,8.079999923706055,83.58999633789062,-89.54000091552734,147.5399932861328,0.0,149851,149856,149853,149854,0,149856,STANDBY
-10.15999984741211,-0.1599999964237213,0.019999999552965164,0.0,0.0,0.800000011920929,1021.73486328125,23.420000076293945,8.757893562316895,0.7062267661094666,374007488,1267770112,8.899999618530273,0.1646222174167633,90.69000244140625,11,1,7.920000076293945,83.58000183105469,-89.47000122070312,147.30999755859375,0.0,149951,149956,149948,149947,0,149956,STANDBY
